[0.073s] DEBUG:colcon:Command line arguments: ['/usr/bin/colcon', 'build']
[0.073s] DEBUG:colcon:Parsed command line arguments: Namespace(log_base=None, log_level=None, verb_name='build', build_base='build', install_base='install', merge_install=False, symlink_install=False, test_result_base=None, continue_on_error=False, executor='parallel', parallel_workers=16, event_handlers=None, ignore_user_meta=False, metas=['./colcon.meta'], base_paths=['.'], packages_ignore=None, packages_ignore_regex=None, paths=None, packages_up_to=None, packages_up_to_regex=None, packages_above=None, packages_above_and_dependencies=None, packages_above_depth=None, packages_select_by_dep=None, packages_skip_by_dep=None, packages_skip_up_to=None, packages_select_build_failed=False, packages_skip_build_finished=False, packages_select_test_failures=False, packages_skip_test_passed=False, packages_select=None, packages_skip=None, packages_select_regex=None, packages_skip_regex=None, packages_start=None, packages_end=None, allow_overriding=[], cmake_args=None, cmake_target=None, cmake_target_skip_unavailable=False, cmake_clean_cache=False, cmake_clean_first=False, cmake_force_configure=False, ament_cmake_args=None, catkin_cmake_args=None, catkin_skip_building_tests=False, mixin_files=None, mixin=None, verb_parser=<colcon_mixin.mixin.mixin_argument.MixinArgumentDecorator object at 0x73d466c27610>, verb_extension=<colcon_core.verb.build.BuildVerb object at 0x73d466c26f80>, main=<bound method BuildVerb.main of <colcon_core.verb.build.BuildVerb object at 0x73d466c26f80>>, mixin_verb=('build',))
[0.180s] Level 1:colcon.colcon_core.package_discovery:discover_packages(colcon_meta) check parameters
[0.180s] Level 1:colcon.colcon_core.package_discovery:discover_packages(recursive) check parameters
[0.180s] Level 1:colcon.colcon_core.package_discovery:discover_packages(ignore) check parameters
[0.180s] Level 1:colcon.colcon_core.package_discovery:discover_packages(path) check parameters
[0.180s] Level 1:colcon.colcon_core.package_discovery:discover_packages(colcon_meta) discover
[0.180s] Level 1:colcon.colcon_core.package_discovery:discover_packages(recursive) discover
[0.180s] INFO:colcon.colcon_core.package_discovery:Crawling recursively for packages in '/home/mk/dev_ws'
[0.180s] Level 1:colcon.colcon_core.package_identification:_identify(.) by extensions ['ignore', 'ignore_ament_install']
[0.180s] Level 1:colcon.colcon_core.package_identification:_identify(.) by extension 'ignore'
[0.180s] Level 1:colcon.colcon_core.package_identification:_identify(.) by extension 'ignore_ament_install'
[0.180s] Level 1:colcon.colcon_core.package_identification:_identify(.) by extensions ['colcon_pkg']
[0.180s] Level 1:colcon.colcon_core.package_identification:_identify(.) by extension 'colcon_pkg'
[0.180s] Level 1:colcon.colcon_core.package_identification:_identify(.) by extensions ['colcon_meta']
[0.180s] Level 1:colcon.colcon_core.package_identification:_identify(.) by extension 'colcon_meta'
[0.180s] Level 1:colcon.colcon_core.package_identification:_identify(.) by extensions ['ros']
[0.180s] Level 1:colcon.colcon_core.package_identification:_identify(.) by extension 'ros'
[0.204s] Level 1:colcon.colcon_core.package_identification:_identify(.) by extensions ['cmake', 'python']
[0.204s] Level 1:colcon.colcon_core.package_identification:_identify(.) by extension 'cmake'
[0.204s] Level 1:colcon.colcon_core.package_identification:_identify(.) by extension 'python'
[0.204s] Level 1:colcon.colcon_core.package_identification:_identify(.) by extensions ['python_setup_py']
[0.204s] Level 1:colcon.colcon_core.package_identification:_identify(.) by extension 'python_setup_py'
[0.204s] Level 1:colcon.colcon_core.package_identification:_identify(_imgs) by extensions ['ignore', 'ignore_ament_install']
[0.204s] Level 1:colcon.colcon_core.package_identification:_identify(_imgs) by extension 'ignore'
[0.204s] Level 1:colcon.colcon_core.package_identification:_identify(_imgs) by extension 'ignore_ament_install'
[0.204s] Level 1:colcon.colcon_core.package_identification:_identify(_imgs) by extensions ['colcon_pkg']
[0.204s] Level 1:colcon.colcon_core.package_identification:_identify(_imgs) by extension 'colcon_pkg'
[0.204s] Level 1:colcon.colcon_core.package_identification:_identify(_imgs) by extensions ['colcon_meta']
[0.204s] Level 1:colcon.colcon_core.package_identification:_identify(_imgs) by extension 'colcon_meta'
[0.204s] Level 1:colcon.colcon_core.package_identification:_identify(_imgs) by extensions ['ros']
[0.204s] Level 1:colcon.colcon_core.package_identification:_identify(_imgs) by extension 'ros'
[0.204s] Level 1:colcon.colcon_core.package_identification:_identify(_imgs) by extensions ['cmake', 'python']
[0.204s] Level 1:colcon.colcon_core.package_identification:_identify(_imgs) by extension 'cmake'
[0.204s] Level 1:colcon.colcon_core.package_identification:_identify(_imgs) by extension 'python'
[0.204s] Level 1:colcon.colcon_core.package_identification:_identify(_imgs) by extensions ['python_setup_py']
[0.204s] Level 1:colcon.colcon_core.package_identification:_identify(_imgs) by extension 'python_setup_py'
[0.204s] Level 1:colcon.colcon_core.package_identification:_identify(_sh) by extensions ['ignore', 'ignore_ament_install']
[0.204s] Level 1:colcon.colcon_core.package_identification:_identify(_sh) by extension 'ignore'
[0.204s] Level 1:colcon.colcon_core.package_identification:_identify(_sh) by extension 'ignore_ament_install'
[0.204s] Level 1:colcon.colcon_core.package_identification:_identify(_sh) by extensions ['colcon_pkg']
[0.204s] Level 1:colcon.colcon_core.package_identification:_identify(_sh) by extension 'colcon_pkg'
[0.204s] Level 1:colcon.colcon_core.package_identification:_identify(_sh) by extensions ['colcon_meta']
[0.204s] Level 1:colcon.colcon_core.package_identification:_identify(_sh) by extension 'colcon_meta'
[0.204s] Level 1:colcon.colcon_core.package_identification:_identify(_sh) by extensions ['ros']
[0.204s] Level 1:colcon.colcon_core.package_identification:_identify(_sh) by extension 'ros'
[0.204s] Level 1:colcon.colcon_core.package_identification:_identify(_sh) by extensions ['cmake', 'python']
[0.204s] Level 1:colcon.colcon_core.package_identification:_identify(_sh) by extension 'cmake'
[0.204s] Level 1:colcon.colcon_core.package_identification:_identify(_sh) by extension 'python'
[0.205s] Level 1:colcon.colcon_core.package_identification:_identify(_sh) by extensions ['python_setup_py']
[0.205s] Level 1:colcon.colcon_core.package_identification:_identify(_sh) by extension 'python_setup_py'
[0.205s] Level 1:colcon.colcon_core.package_identification:_identify(build) by extensions ['ignore', 'ignore_ament_install']
[0.205s] Level 1:colcon.colcon_core.package_identification:_identify(build) by extension 'ignore'
[0.205s] Level 1:colcon.colcon_core.package_identification:_identify(build) ignored
[0.205s] Level 1:colcon.colcon_core.package_identification:_identify(install) by extensions ['ignore', 'ignore_ament_install']
[0.205s] Level 1:colcon.colcon_core.package_identification:_identify(install) by extension 'ignore'
[0.205s] Level 1:colcon.colcon_core.package_identification:_identify(install) ignored
[0.205s] Level 1:colcon.colcon_core.package_identification:_identify(log) by extensions ['ignore', 'ignore_ament_install']
[0.205s] Level 1:colcon.colcon_core.package_identification:_identify(log) by extension 'ignore'
[0.205s] Level 1:colcon.colcon_core.package_identification:_identify(log) ignored
[0.205s] Level 1:colcon.colcon_core.package_identification:_identify(ros2_nexus) by extensions ['ignore', 'ignore_ament_install']
[0.205s] Level 1:colcon.colcon_core.package_identification:_identify(ros2_nexus) by extension 'ignore'
[0.205s] Level 1:colcon.colcon_core.package_identification:_identify(ros2_nexus) by extension 'ignore_ament_install'
[0.205s] Level 1:colcon.colcon_core.package_identification:_identify(ros2_nexus) by extensions ['colcon_pkg']
[0.205s] Level 1:colcon.colcon_core.package_identification:_identify(ros2_nexus) by extension 'colcon_pkg'
[0.205s] Level 1:colcon.colcon_core.package_identification:_identify(ros2_nexus) by extensions ['colcon_meta']
[0.205s] Level 1:colcon.colcon_core.package_identification:_identify(ros2_nexus) by extension 'colcon_meta'
[0.205s] Level 1:colcon.colcon_core.package_identification:_identify(ros2_nexus) by extensions ['ros']
[0.205s] Level 1:colcon.colcon_core.package_identification:_identify(ros2_nexus) by extension 'ros'
[0.205s] Level 1:colcon.colcon_core.package_identification:_identify(ros2_nexus) by extensions ['cmake', 'python']
[0.205s] Level 1:colcon.colcon_core.package_identification:_identify(ros2_nexus) by extension 'cmake'
[0.205s] Level 1:colcon.colcon_core.package_identification:_identify(ros2_nexus) by extension 'python'
[0.205s] Level 1:colcon.colcon_core.package_identification:_identify(ros2_nexus) by extensions ['python_setup_py']
[0.205s] Level 1:colcon.colcon_core.package_identification:_identify(ros2_nexus) by extension 'python_setup_py'
[0.205s] Level 1:colcon.colcon_core.package_identification:_identify(ros2_nexus/__pycache__) by extensions ['ignore', 'ignore_ament_install']
[0.205s] Level 1:colcon.colcon_core.package_identification:_identify(ros2_nexus/__pycache__) by extension 'ignore'
[0.205s] Level 1:colcon.colcon_core.package_identification:_identify(ros2_nexus/__pycache__) by extension 'ignore_ament_install'
[0.205s] Level 1:colcon.colcon_core.package_identification:_identify(ros2_nexus/__pycache__) by extensions ['colcon_pkg']
[0.205s] Level 1:colcon.colcon_core.package_identification:_identify(ros2_nexus/__pycache__) by extension 'colcon_pkg'
[0.205s] Level 1:colcon.colcon_core.package_identification:_identify(ros2_nexus/__pycache__) by extensions ['colcon_meta']
[0.205s] Level 1:colcon.colcon_core.package_identification:_identify(ros2_nexus/__pycache__) by extension 'colcon_meta'
[0.205s] Level 1:colcon.colcon_core.package_identification:_identify(ros2_nexus/__pycache__) by extensions ['ros']
[0.205s] Level 1:colcon.colcon_core.package_identification:_identify(ros2_nexus/__pycache__) by extension 'ros'
[0.205s] Level 1:colcon.colcon_core.package_identification:_identify(ros2_nexus/__pycache__) by extensions ['cmake', 'python']
[0.205s] Level 1:colcon.colcon_core.package_identification:_identify(ros2_nexus/__pycache__) by extension 'cmake'
[0.205s] Level 1:colcon.colcon_core.package_identification:_identify(ros2_nexus/__pycache__) by extension 'python'
[0.205s] Level 1:colcon.colcon_core.package_identification:_identify(ros2_nexus/__pycache__) by extensions ['python_setup_py']
[0.205s] Level 1:colcon.colcon_core.package_identification:_identify(ros2_nexus/__pycache__) by extension 'python_setup_py'
[0.205s] Level 1:colcon.colcon_core.package_identification:_identify(src) by extensions ['ignore', 'ignore_ament_install']
[0.206s] Level 1:colcon.colcon_core.package_identification:_identify(src) by extension 'ignore'
[0.206s] Level 1:colcon.colcon_core.package_identification:_identify(src) by extension 'ignore_ament_install'
[0.206s] Level 1:colcon.colcon_core.package_identification:_identify(src) by extensions ['colcon_pkg']
[0.206s] Level 1:colcon.colcon_core.package_identification:_identify(src) by extension 'colcon_pkg'
[0.206s] Level 1:colcon.colcon_core.package_identification:_identify(src) by extensions ['colcon_meta']
[0.206s] Level 1:colcon.colcon_core.package_identification:_identify(src) by extension 'colcon_meta'
[0.206s] Level 1:colcon.colcon_core.package_identification:_identify(src) by extensions ['ros']
[0.206s] Level 1:colcon.colcon_core.package_identification:_identify(src) by extension 'ros'
[0.206s] Level 1:colcon.colcon_core.package_identification:_identify(src) by extensions ['cmake', 'python']
[0.206s] Level 1:colcon.colcon_core.package_identification:_identify(src) by extension 'cmake'
[0.206s] Level 1:colcon.colcon_core.package_identification:_identify(src) by extension 'python'
[0.206s] Level 1:colcon.colcon_core.package_identification:_identify(src) by extensions ['python_setup_py']
[0.206s] Level 1:colcon.colcon_core.package_identification:_identify(src) by extension 'python_setup_py'
[0.206s] Level 1:colcon.colcon_core.package_identification:_identify(src/collision_check) by extensions ['ignore', 'ignore_ament_install']
[0.206s] Level 1:colcon.colcon_core.package_identification:_identify(src/collision_check) by extension 'ignore'
[0.206s] Level 1:colcon.colcon_core.package_identification:_identify(src/collision_check) by extension 'ignore_ament_install'
[0.206s] Level 1:colcon.colcon_core.package_identification:_identify(src/collision_check) by extensions ['colcon_pkg']
[0.206s] Level 1:colcon.colcon_core.package_identification:_identify(src/collision_check) by extension 'colcon_pkg'
[0.206s] Level 1:colcon.colcon_core.package_identification:_identify(src/collision_check) by extensions ['colcon_meta']
[0.206s] Level 1:colcon.colcon_core.package_identification:_identify(src/collision_check) by extension 'colcon_meta'
[0.206s] Level 1:colcon.colcon_core.package_identification:_identify(src/collision_check) by extensions ['ros']
[0.206s] Level 1:colcon.colcon_core.package_identification:_identify(src/collision_check) by extension 'ros'
[0.207s] DEBUG:colcon.colcon_core.package_identification:Package 'src/collision_check' with type 'ros.ament_python' and name 'collision_check'
[0.207s] Level 1:colcon.colcon_core.package_identification:_identify(src/dashboard_monitoring) by extensions ['ignore', 'ignore_ament_install']
[0.208s] Level 1:colcon.colcon_core.package_identification:_identify(src/dashboard_monitoring) by extension 'ignore'
[0.208s] Level 1:colcon.colcon_core.package_identification:_identify(src/dashboard_monitoring) by extension 'ignore_ament_install'
[0.208s] Level 1:colcon.colcon_core.package_identification:_identify(src/dashboard_monitoring) by extensions ['colcon_pkg']
[0.208s] Level 1:colcon.colcon_core.package_identification:_identify(src/dashboard_monitoring) by extension 'colcon_pkg'
[0.208s] Level 1:colcon.colcon_core.package_identification:_identify(src/dashboard_monitoring) by extensions ['colcon_meta']
[0.208s] Level 1:colcon.colcon_core.package_identification:_identify(src/dashboard_monitoring) by extension 'colcon_meta'
[0.208s] Level 1:colcon.colcon_core.package_identification:_identify(src/dashboard_monitoring) by extensions ['ros']
[0.208s] Level 1:colcon.colcon_core.package_identification:_identify(src/dashboard_monitoring) by extension 'ros'
[0.208s] Level 1:colcon.colcon_core.package_identification:_identify(src/dashboard_monitoring) by extensions ['cmake', 'python']
[0.208s] Level 1:colcon.colcon_core.package_identification:_identify(src/dashboard_monitoring) by extension 'cmake'
[0.208s] Level 1:colcon.colcon_core.package_identification:_identify(src/dashboard_monitoring) by extension 'python'
[0.208s] Level 1:colcon.colcon_core.package_identification:_identify(src/dashboard_monitoring) by extensions ['python_setup_py']
[0.208s] Level 1:colcon.colcon_core.package_identification:_identify(src/dashboard_monitoring) by extension 'python_setup_py'
[0.208s] Level 1:colcon.colcon_core.package_identification:_identify(src/dashboard_monitoring/__pycache__) by extensions ['ignore', 'ignore_ament_install']
[0.208s] Level 1:colcon.colcon_core.package_identification:_identify(src/dashboard_monitoring/__pycache__) by extension 'ignore'
[0.208s] Level 1:colcon.colcon_core.package_identification:_identify(src/dashboard_monitoring/__pycache__) by extension 'ignore_ament_install'
[0.208s] Level 1:colcon.colcon_core.package_identification:_identify(src/dashboard_monitoring/__pycache__) by extensions ['colcon_pkg']
[0.208s] Level 1:colcon.colcon_core.package_identification:_identify(src/dashboard_monitoring/__pycache__) by extension 'colcon_pkg'
[0.208s] Level 1:colcon.colcon_core.package_identification:_identify(src/dashboard_monitoring/__pycache__) by extensions ['colcon_meta']
[0.208s] Level 1:colcon.colcon_core.package_identification:_identify(src/dashboard_monitoring/__pycache__) by extension 'colcon_meta'
[0.208s] Level 1:colcon.colcon_core.package_identification:_identify(src/dashboard_monitoring/__pycache__) by extensions ['ros']
[0.208s] Level 1:colcon.colcon_core.package_identification:_identify(src/dashboard_monitoring/__pycache__) by extension 'ros'
[0.208s] Level 1:colcon.colcon_core.package_identification:_identify(src/dashboard_monitoring/__pycache__) by extensions ['cmake', 'python']
[0.208s] Level 1:colcon.colcon_core.package_identification:_identify(src/dashboard_monitoring/__pycache__) by extension 'cmake'
[0.208s] Level 1:colcon.colcon_core.package_identification:_identify(src/dashboard_monitoring/__pycache__) by extension 'python'
[0.208s] Level 1:colcon.colcon_core.package_identification:_identify(src/dashboard_monitoring/__pycache__) by extensions ['python_setup_py']
[0.208s] Level 1:colcon.colcon_core.package_identification:_identify(src/dashboard_monitoring/__pycache__) by extension 'python_setup_py'
[0.208s] Level 1:colcon.colcon_core.package_identification:_identify(src/dashboard_monitoring/videos) by extensions ['ignore', 'ignore_ament_install']
[0.208s] Level 1:colcon.colcon_core.package_identification:_identify(src/dashboard_monitoring/videos) by extension 'ignore'
[0.208s] Level 1:colcon.colcon_core.package_identification:_identify(src/dashboard_monitoring/videos) by extension 'ignore_ament_install'
[0.208s] Level 1:colcon.colcon_core.package_identification:_identify(src/dashboard_monitoring/videos) by extensions ['colcon_pkg']
[0.208s] Level 1:colcon.colcon_core.package_identification:_identify(src/dashboard_monitoring/videos) by extension 'colcon_pkg'
[0.208s] Level 1:colcon.colcon_core.package_identification:_identify(src/dashboard_monitoring/videos) by extensions ['colcon_meta']
[0.208s] Level 1:colcon.colcon_core.package_identification:_identify(src/dashboard_monitoring/videos) by extension 'colcon_meta'
[0.208s] Level 1:colcon.colcon_core.package_identification:_identify(src/dashboard_monitoring/videos) by extensions ['ros']
[0.208s] Level 1:colcon.colcon_core.package_identification:_identify(src/dashboard_monitoring/videos) by extension 'ros'
[0.208s] Level 1:colcon.colcon_core.package_identification:_identify(src/dashboard_monitoring/videos) by extensions ['cmake', 'python']
[0.208s] Level 1:colcon.colcon_core.package_identification:_identify(src/dashboard_monitoring/videos) by extension 'cmake'
[0.208s] Level 1:colcon.colcon_core.package_identification:_identify(src/dashboard_monitoring/videos) by extension 'python'
[0.208s] Level 1:colcon.colcon_core.package_identification:_identify(src/dashboard_monitoring/videos) by extensions ['python_setup_py']
[0.208s] Level 1:colcon.colcon_core.package_identification:_identify(src/dashboard_monitoring/videos) by extension 'python_setup_py'
[0.208s] Level 1:colcon.colcon_core.package_identification:_identify(src/dashboard_monitoring/views) by extensions ['ignore', 'ignore_ament_install']
[0.208s] Level 1:colcon.colcon_core.package_identification:_identify(src/dashboard_monitoring/views) by extension 'ignore'
[0.208s] Level 1:colcon.colcon_core.package_identification:_identify(src/dashboard_monitoring/views) by extension 'ignore_ament_install'
[0.208s] Level 1:colcon.colcon_core.package_identification:_identify(src/dashboard_monitoring/views) by extensions ['colcon_pkg']
[0.209s] Level 1:colcon.colcon_core.package_identification:_identify(src/dashboard_monitoring/views) by extension 'colcon_pkg'
[0.209s] Level 1:colcon.colcon_core.package_identification:_identify(src/dashboard_monitoring/views) by extensions ['colcon_meta']
[0.209s] Level 1:colcon.colcon_core.package_identification:_identify(src/dashboard_monitoring/views) by extension 'colcon_meta'
[0.209s] Level 1:colcon.colcon_core.package_identification:_identify(src/dashboard_monitoring/views) by extensions ['ros']
[0.209s] Level 1:colcon.colcon_core.package_identification:_identify(src/dashboard_monitoring/views) by extension 'ros'
[0.209s] Level 1:colcon.colcon_core.package_identification:_identify(src/dashboard_monitoring/views) by extensions ['cmake', 'python']
[0.209s] Level 1:colcon.colcon_core.package_identification:_identify(src/dashboard_monitoring/views) by extension 'cmake'
[0.209s] Level 1:colcon.colcon_core.package_identification:_identify(src/dashboard_monitoring/views) by extension 'python'
[0.209s] Level 1:colcon.colcon_core.package_identification:_identify(src/dashboard_monitoring/views) by extensions ['python_setup_py']
[0.209s] Level 1:colcon.colcon_core.package_identification:_identify(src/dashboard_monitoring/views) by extension 'python_setup_py'
[0.209s] Level 1:colcon.colcon_core.package_identification:_identify(src/gaze_control) by extensions ['ignore', 'ignore_ament_install']
[0.209s] Level 1:colcon.colcon_core.package_identification:_identify(src/gaze_control) by extension 'ignore'
[0.209s] Level 1:colcon.colcon_core.package_identification:_identify(src/gaze_control) by extension 'ignore_ament_install'
[0.209s] Level 1:colcon.colcon_core.package_identification:_identify(src/gaze_control) by extensions ['colcon_pkg']
[0.209s] Level 1:colcon.colcon_core.package_identification:_identify(src/gaze_control) by extension 'colcon_pkg'
[0.209s] Level 1:colcon.colcon_core.package_identification:_identify(src/gaze_control) by extensions ['colcon_meta']
[0.209s] Level 1:colcon.colcon_core.package_identification:_identify(src/gaze_control) by extension 'colcon_meta'
[0.209s] Level 1:colcon.colcon_core.package_identification:_identify(src/gaze_control) by extensions ['ros']
[0.209s] Level 1:colcon.colcon_core.package_identification:_identify(src/gaze_control) by extension 'ros'
[0.209s] DEBUG:colcon.colcon_core.package_identification:Package 'src/gaze_control' with type 'ros.ament_python' and name 'gaze_control'
[0.209s] Level 1:colcon.colcon_core.package_identification:_identify(src/motion_sequence) by extensions ['ignore', 'ignore_ament_install']
[0.209s] Level 1:colcon.colcon_core.package_identification:_identify(src/motion_sequence) by extension 'ignore'
[0.209s] Level 1:colcon.colcon_core.package_identification:_identify(src/motion_sequence) by extension 'ignore_ament_install'
[0.209s] Level 1:colcon.colcon_core.package_identification:_identify(src/motion_sequence) by extensions ['colcon_pkg']
[0.209s] Level 1:colcon.colcon_core.package_identification:_identify(src/motion_sequence) by extension 'colcon_pkg'
[0.209s] Level 1:colcon.colcon_core.package_identification:_identify(src/motion_sequence) by extensions ['colcon_meta']
[0.209s] Level 1:colcon.colcon_core.package_identification:_identify(src/motion_sequence) by extension 'colcon_meta'
[0.209s] Level 1:colcon.colcon_core.package_identification:_identify(src/motion_sequence) by extensions ['ros']
[0.209s] Level 1:colcon.colcon_core.package_identification:_identify(src/motion_sequence) by extension 'ros'
[0.210s] DEBUG:colcon.colcon_core.package_identification:Package 'src/motion_sequence' with type 'ros.ament_python' and name 'motion_sequence'
[0.210s] Level 1:colcon.colcon_core.package_identification:_identify(src/move_to_coordinator) by extensions ['ignore', 'ignore_ament_install']
[0.210s] Level 1:colcon.colcon_core.package_identification:_identify(src/move_to_coordinator) by extension 'ignore'
[0.210s] Level 1:colcon.colcon_core.package_identification:_identify(src/move_to_coordinator) by extension 'ignore_ament_install'
[0.210s] Level 1:colcon.colcon_core.package_identification:_identify(src/move_to_coordinator) by extensions ['colcon_pkg']
[0.210s] Level 1:colcon.colcon_core.package_identification:_identify(src/move_to_coordinator) by extension 'colcon_pkg'
[0.210s] Level 1:colcon.colcon_core.package_identification:_identify(src/move_to_coordinator) by extensions ['colcon_meta']
[0.210s] Level 1:colcon.colcon_core.package_identification:_identify(src/move_to_coordinator) by extension 'colcon_meta'
[0.210s] Level 1:colcon.colcon_core.package_identification:_identify(src/move_to_coordinator) by extensions ['ros']
[0.210s] Level 1:colcon.colcon_core.package_identification:_identify(src/move_to_coordinator) by extension 'ros'
[0.211s] DEBUG:colcon.colcon_core.package_identification:Package 'src/move_to_coordinator' with type 'ros.ament_python' and name 'move_to_coordinator'
[0.211s] Level 1:colcon.colcon_core.package_identification:_identify(src/my_3d_vision_bringup) by extensions ['ignore', 'ignore_ament_install']
[0.211s] Level 1:colcon.colcon_core.package_identification:_identify(src/my_3d_vision_bringup) by extension 'ignore'
[0.211s] Level 1:colcon.colcon_core.package_identification:_identify(src/my_3d_vision_bringup) by extension 'ignore_ament_install'
[0.211s] Level 1:colcon.colcon_core.package_identification:_identify(src/my_3d_vision_bringup) by extensions ['colcon_pkg']
[0.211s] Level 1:colcon.colcon_core.package_identification:_identify(src/my_3d_vision_bringup) by extension 'colcon_pkg'
[0.211s] Level 1:colcon.colcon_core.package_identification:_identify(src/my_3d_vision_bringup) by extensions ['colcon_meta']
[0.211s] Level 1:colcon.colcon_core.package_identification:_identify(src/my_3d_vision_bringup) by extension 'colcon_meta'
[0.211s] Level 1:colcon.colcon_core.package_identification:_identify(src/my_3d_vision_bringup) by extensions ['ros']
[0.211s] Level 1:colcon.colcon_core.package_identification:_identify(src/my_3d_vision_bringup) by extension 'ros'
[0.211s] DEBUG:colcon.colcon_core.package_identification:Package 'src/my_3d_vision_bringup' with type 'ros.ament_cmake' and name 'my_3d_vision_bringup'
[0.211s] Level 1:colcon.colcon_core.package_identification:_identify(src/robot_control_web_ui) by extensions ['ignore', 'ignore_ament_install']
[0.211s] Level 1:colcon.colcon_core.package_identification:_identify(src/robot_control_web_ui) by extension 'ignore'
[0.211s] Level 1:colcon.colcon_core.package_identification:_identify(src/robot_control_web_ui) by extension 'ignore_ament_install'
[0.211s] Level 1:colcon.colcon_core.package_identification:_identify(src/robot_control_web_ui) by extensions ['colcon_pkg']
[0.211s] Level 1:colcon.colcon_core.package_identification:_identify(src/robot_control_web_ui) by extension 'colcon_pkg'
[0.211s] Level 1:colcon.colcon_core.package_identification:_identify(src/robot_control_web_ui) by extensions ['colcon_meta']
[0.211s] Level 1:colcon.colcon_core.package_identification:_identify(src/robot_control_web_ui) by extension 'colcon_meta'
[0.211s] Level 1:colcon.colcon_core.package_identification:_identify(src/robot_control_web_ui) by extensions ['ros']
[0.211s] Level 1:colcon.colcon_core.package_identification:_identify(src/robot_control_web_ui) by extension 'ros'
[0.212s] Level 1:colcon.colcon_core.package_identification:_identify(src/robot_control_web_ui) by extensions ['cmake', 'python']
[0.212s] Level 1:colcon.colcon_core.package_identification:_identify(src/robot_control_web_ui) by extension 'cmake'
[0.212s] Level 1:colcon.colcon_core.package_identification:_identify(src/robot_control_web_ui) by extension 'python'
[0.212s] Level 1:colcon.colcon_core.package_identification:_identify(src/robot_control_web_ui) by extensions ['python_setup_py']
[0.212s] Level 1:colcon.colcon_core.package_identification:_identify(src/robot_control_web_ui) by extension 'python_setup_py'
[0.212s] Level 1:colcon.colcon_core.package_identification:_identify(src/robot_motion_handler_movegroup) by extensions ['ignore', 'ignore_ament_install']
[0.212s] Level 1:colcon.colcon_core.package_identification:_identify(src/robot_motion_handler_movegroup) by extension 'ignore'
[0.212s] Level 1:colcon.colcon_core.package_identification:_identify(src/robot_motion_handler_movegroup) by extension 'ignore_ament_install'
[0.212s] Level 1:colcon.colcon_core.package_identification:_identify(src/robot_motion_handler_movegroup) by extensions ['colcon_pkg']
[0.212s] Level 1:colcon.colcon_core.package_identification:_identify(src/robot_motion_handler_movegroup) by extension 'colcon_pkg'
[0.212s] Level 1:colcon.colcon_core.package_identification:_identify(src/robot_motion_handler_movegroup) by extensions ['colcon_meta']
[0.212s] Level 1:colcon.colcon_core.package_identification:_identify(src/robot_motion_handler_movegroup) by extension 'colcon_meta'
[0.212s] Level 1:colcon.colcon_core.package_identification:_identify(src/robot_motion_handler_movegroup) by extensions ['ros']
[0.212s] Level 1:colcon.colcon_core.package_identification:_identify(src/robot_motion_handler_movegroup) by extension 'ros'
[0.212s] DEBUG:colcon.colcon_core.package_identification:Package 'src/robot_motion_handler_movegroup' with type 'ros.ament_python' and name 'robot_motion_handler_movegroup'
[0.212s] Level 1:colcon.colcon_core.package_identification:_identify(src/ros2_whisper) by extensions ['ignore', 'ignore_ament_install']
[0.212s] Level 1:colcon.colcon_core.package_identification:_identify(src/ros2_whisper) by extension 'ignore'
[0.212s] Level 1:colcon.colcon_core.package_identification:_identify(src/ros2_whisper) by extension 'ignore_ament_install'
[0.213s] Level 1:colcon.colcon_core.package_identification:_identify(src/ros2_whisper) by extensions ['colcon_pkg']
[0.213s] Level 1:colcon.colcon_core.package_identification:_identify(src/ros2_whisper) by extension 'colcon_pkg'
[0.213s] Level 1:colcon.colcon_core.package_identification:_identify(src/ros2_whisper) by extensions ['colcon_meta']
[0.213s] Level 1:colcon.colcon_core.package_identification:_identify(src/ros2_whisper) by extension 'colcon_meta'
[0.213s] Level 1:colcon.colcon_core.package_identification:_identify(src/ros2_whisper) by extensions ['ros']
[0.213s] Level 1:colcon.colcon_core.package_identification:_identify(src/ros2_whisper) by extension 'ros'
[0.213s] Level 1:colcon.colcon_core.package_identification:_identify(src/ros2_whisper) by extensions ['cmake', 'python']
[0.213s] Level 1:colcon.colcon_core.package_identification:_identify(src/ros2_whisper) by extension 'cmake'
[0.213s] Level 1:colcon.colcon_core.package_identification:_identify(src/ros2_whisper) by extension 'python'
[0.213s] Level 1:colcon.colcon_core.package_identification:_identify(src/ros2_whisper) by extensions ['python_setup_py']
[0.213s] Level 1:colcon.colcon_core.package_identification:_identify(src/ros2_whisper) by extension 'python_setup_py'
[0.213s] Level 1:colcon.colcon_core.package_identification:_identify(src/ros2_whisper/audio_listener) by extensions ['ignore', 'ignore_ament_install']
[0.213s] Level 1:colcon.colcon_core.package_identification:_identify(src/ros2_whisper/audio_listener) by extension 'ignore'
[0.213s] Level 1:colcon.colcon_core.package_identification:_identify(src/ros2_whisper/audio_listener) by extension 'ignore_ament_install'
[0.213s] Level 1:colcon.colcon_core.package_identification:_identify(src/ros2_whisper/audio_listener) by extensions ['colcon_pkg']
[0.213s] Level 1:colcon.colcon_core.package_identification:_identify(src/ros2_whisper/audio_listener) by extension 'colcon_pkg'
[0.213s] Level 1:colcon.colcon_core.package_identification:_identify(src/ros2_whisper/audio_listener) by extensions ['colcon_meta']
[0.213s] Level 1:colcon.colcon_core.package_identification:_identify(src/ros2_whisper/audio_listener) by extension 'colcon_meta'
[0.213s] Level 1:colcon.colcon_core.package_identification:_identify(src/ros2_whisper/audio_listener) by extensions ['ros']
[0.213s] Level 1:colcon.colcon_core.package_identification:_identify(src/ros2_whisper/audio_listener) by extension 'ros'
[0.213s] DEBUG:colcon.colcon_core.package_identification:Package 'src/ros2_whisper/audio_listener' with type 'ros.ament_python' and name 'audio_listener'
[0.213s] Level 1:colcon.colcon_core.package_identification:_identify(src/ros2_whisper/doc) by extensions ['ignore', 'ignore_ament_install']
[0.213s] Level 1:colcon.colcon_core.package_identification:_identify(src/ros2_whisper/doc) by extension 'ignore'
[0.213s] Level 1:colcon.colcon_core.package_identification:_identify(src/ros2_whisper/doc) by extension 'ignore_ament_install'
[0.213s] Level 1:colcon.colcon_core.package_identification:_identify(src/ros2_whisper/doc) by extensions ['colcon_pkg']
[0.213s] Level 1:colcon.colcon_core.package_identification:_identify(src/ros2_whisper/doc) by extension 'colcon_pkg'
[0.213s] Level 1:colcon.colcon_core.package_identification:_identify(src/ros2_whisper/doc) by extensions ['colcon_meta']
[0.213s] Level 1:colcon.colcon_core.package_identification:_identify(src/ros2_whisper/doc) by extension 'colcon_meta'
[0.213s] Level 1:colcon.colcon_core.package_identification:_identify(src/ros2_whisper/doc) by extensions ['ros']
[0.213s] Level 1:colcon.colcon_core.package_identification:_identify(src/ros2_whisper/doc) by extension 'ros'
[0.213s] Level 1:colcon.colcon_core.package_identification:_identify(src/ros2_whisper/doc) by extensions ['cmake', 'python']
[0.213s] Level 1:colcon.colcon_core.package_identification:_identify(src/ros2_whisper/doc) by extension 'cmake'
[0.213s] Level 1:colcon.colcon_core.package_identification:_identify(src/ros2_whisper/doc) by extension 'python'
[0.213s] Level 1:colcon.colcon_core.package_identification:_identify(src/ros2_whisper/doc) by extensions ['python_setup_py']
[0.214s] Level 1:colcon.colcon_core.package_identification:_identify(src/ros2_whisper/doc) by extension 'python_setup_py'
[0.214s] Level 1:colcon.colcon_core.package_identification:_identify(src/ros2_whisper/transcript_manager) by extensions ['ignore', 'ignore_ament_install']
[0.214s] Level 1:colcon.colcon_core.package_identification:_identify(src/ros2_whisper/transcript_manager) by extension 'ignore'
[0.214s] Level 1:colcon.colcon_core.package_identification:_identify(src/ros2_whisper/transcript_manager) by extension 'ignore_ament_install'
[0.214s] Level 1:colcon.colcon_core.package_identification:_identify(src/ros2_whisper/transcript_manager) by extensions ['colcon_pkg']
[0.214s] Level 1:colcon.colcon_core.package_identification:_identify(src/ros2_whisper/transcript_manager) by extension 'colcon_pkg'
[0.214s] Level 1:colcon.colcon_core.package_identification:_identify(src/ros2_whisper/transcript_manager) by extensions ['colcon_meta']
[0.214s] Level 1:colcon.colcon_core.package_identification:_identify(src/ros2_whisper/transcript_manager) by extension 'colcon_meta'
[0.214s] Level 1:colcon.colcon_core.package_identification:_identify(src/ros2_whisper/transcript_manager) by extensions ['ros']
[0.214s] Level 1:colcon.colcon_core.package_identification:_identify(src/ros2_whisper/transcript_manager) by extension 'ros'
[0.214s] DEBUG:colcon.colcon_core.package_identification:Package 'src/ros2_whisper/transcript_manager' with type 'ros.ament_cmake' and name 'transcript_manager'
[0.214s] Level 1:colcon.colcon_core.package_identification:_identify(src/ros2_whisper/whisper_bringup) by extensions ['ignore', 'ignore_ament_install']
[0.214s] Level 1:colcon.colcon_core.package_identification:_identify(src/ros2_whisper/whisper_bringup) by extension 'ignore'
[0.214s] Level 1:colcon.colcon_core.package_identification:_identify(src/ros2_whisper/whisper_bringup) by extension 'ignore_ament_install'
[0.214s] Level 1:colcon.colcon_core.package_identification:_identify(src/ros2_whisper/whisper_bringup) by extensions ['colcon_pkg']
[0.214s] Level 1:colcon.colcon_core.package_identification:_identify(src/ros2_whisper/whisper_bringup) by extension 'colcon_pkg'
[0.214s] Level 1:colcon.colcon_core.package_identification:_identify(src/ros2_whisper/whisper_bringup) by extensions ['colcon_meta']
[0.214s] Level 1:colcon.colcon_core.package_identification:_identify(src/ros2_whisper/whisper_bringup) by extension 'colcon_meta'
[0.214s] Level 1:colcon.colcon_core.package_identification:_identify(src/ros2_whisper/whisper_bringup) by extensions ['ros']
[0.214s] Level 1:colcon.colcon_core.package_identification:_identify(src/ros2_whisper/whisper_bringup) by extension 'ros'
[0.215s] DEBUG:colcon.colcon_core.package_identification:Package 'src/ros2_whisper/whisper_bringup' with type 'ros.ament_cmake' and name 'whisper_bringup'
[0.215s] Level 1:colcon.colcon_core.package_identification:_identify(src/ros2_whisper/whisper_cpp_vendor) by extensions ['ignore', 'ignore_ament_install']
[0.215s] Level 1:colcon.colcon_core.package_identification:_identify(src/ros2_whisper/whisper_cpp_vendor) by extension 'ignore'
[0.215s] Level 1:colcon.colcon_core.package_identification:_identify(src/ros2_whisper/whisper_cpp_vendor) by extension 'ignore_ament_install'
[0.215s] Level 1:colcon.colcon_core.package_identification:_identify(src/ros2_whisper/whisper_cpp_vendor) by extensions ['colcon_pkg']
[0.215s] Level 1:colcon.colcon_core.package_identification:_identify(src/ros2_whisper/whisper_cpp_vendor) by extension 'colcon_pkg'
[0.215s] Level 1:colcon.colcon_core.package_identification:_identify(src/ros2_whisper/whisper_cpp_vendor) by extensions ['colcon_meta']
[0.215s] Level 1:colcon.colcon_core.package_identification:_identify(src/ros2_whisper/whisper_cpp_vendor) by extension 'colcon_meta'
[0.215s] Level 1:colcon.colcon_core.package_identification:_identify(src/ros2_whisper/whisper_cpp_vendor) by extensions ['ros']
[0.215s] Level 1:colcon.colcon_core.package_identification:_identify(src/ros2_whisper/whisper_cpp_vendor) by extension 'ros'
[0.215s] DEBUG:colcon.colcon_core.package_identification:Package 'src/ros2_whisper/whisper_cpp_vendor' with type 'ros.ament_cmake' and name 'whisper_cpp_vendor'
[0.215s] Level 1:colcon.colcon_core.package_identification:_identify(src/ros2_whisper/whisper_demos) by extensions ['ignore', 'ignore_ament_install']
[0.215s] Level 1:colcon.colcon_core.package_identification:_identify(src/ros2_whisper/whisper_demos) by extension 'ignore'
[0.215s] Level 1:colcon.colcon_core.package_identification:_identify(src/ros2_whisper/whisper_demos) by extension 'ignore_ament_install'
[0.215s] Level 1:colcon.colcon_core.package_identification:_identify(src/ros2_whisper/whisper_demos) by extensions ['colcon_pkg']
[0.215s] Level 1:colcon.colcon_core.package_identification:_identify(src/ros2_whisper/whisper_demos) by extension 'colcon_pkg'
[0.215s] Level 1:colcon.colcon_core.package_identification:_identify(src/ros2_whisper/whisper_demos) by extensions ['colcon_meta']
[0.215s] Level 1:colcon.colcon_core.package_identification:_identify(src/ros2_whisper/whisper_demos) by extension 'colcon_meta'
[0.215s] Level 1:colcon.colcon_core.package_identification:_identify(src/ros2_whisper/whisper_demos) by extensions ['ros']
[0.215s] Level 1:colcon.colcon_core.package_identification:_identify(src/ros2_whisper/whisper_demos) by extension 'ros'
[0.216s] DEBUG:colcon.colcon_core.package_identification:Package 'src/ros2_whisper/whisper_demos' with type 'ros.ament_python' and name 'whisper_demos'
[0.216s] Level 1:colcon.colcon_core.package_identification:_identify(src/ros2_whisper/whisper_idl) by extensions ['ignore', 'ignore_ament_install']
[0.216s] Level 1:colcon.colcon_core.package_identification:_identify(src/ros2_whisper/whisper_idl) by extension 'ignore'
[0.216s] Level 1:colcon.colcon_core.package_identification:_identify(src/ros2_whisper/whisper_idl) by extension 'ignore_ament_install'
[0.216s] Level 1:colcon.colcon_core.package_identification:_identify(src/ros2_whisper/whisper_idl) by extensions ['colcon_pkg']
[0.216s] Level 1:colcon.colcon_core.package_identification:_identify(src/ros2_whisper/whisper_idl) by extension 'colcon_pkg'
[0.216s] Level 1:colcon.colcon_core.package_identification:_identify(src/ros2_whisper/whisper_idl) by extensions ['colcon_meta']
[0.216s] Level 1:colcon.colcon_core.package_identification:_identify(src/ros2_whisper/whisper_idl) by extension 'colcon_meta'
[0.216s] Level 1:colcon.colcon_core.package_identification:_identify(src/ros2_whisper/whisper_idl) by extensions ['ros']
[0.216s] Level 1:colcon.colcon_core.package_identification:_identify(src/ros2_whisper/whisper_idl) by extension 'ros'
[0.216s] DEBUG:colcon.colcon_core.package_identification:Package 'src/ros2_whisper/whisper_idl' with type 'ros.ament_cmake' and name 'whisper_idl'
[0.216s] Level 1:colcon.colcon_core.package_identification:_identify(src/ros2_whisper/whisper_server) by extensions ['ignore', 'ignore_ament_install']
[0.216s] Level 1:colcon.colcon_core.package_identification:_identify(src/ros2_whisper/whisper_server) by extension 'ignore'
[0.216s] Level 1:colcon.colcon_core.package_identification:_identify(src/ros2_whisper/whisper_server) by extension 'ignore_ament_install'
[0.216s] Level 1:colcon.colcon_core.package_identification:_identify(src/ros2_whisper/whisper_server) by extensions ['colcon_pkg']
[0.216s] Level 1:colcon.colcon_core.package_identification:_identify(src/ros2_whisper/whisper_server) by extension 'colcon_pkg'
[0.217s] Level 1:colcon.colcon_core.package_identification:_identify(src/ros2_whisper/whisper_server) by extensions ['colcon_meta']
[0.217s] Level 1:colcon.colcon_core.package_identification:_identify(src/ros2_whisper/whisper_server) by extension 'colcon_meta'
[0.217s] Level 1:colcon.colcon_core.package_identification:_identify(src/ros2_whisper/whisper_server) by extensions ['ros']
[0.217s] Level 1:colcon.colcon_core.package_identification:_identify(src/ros2_whisper/whisper_server) by extension 'ros'
[0.217s] DEBUG:colcon.colcon_core.package_identification:Package 'src/ros2_whisper/whisper_server' with type 'ros.ament_cmake' and name 'whisper_server'
[0.217s] Level 1:colcon.colcon_core.package_identification:_identify(src/ros2_whisper/whisper_util) by extensions ['ignore', 'ignore_ament_install']
[0.217s] Level 1:colcon.colcon_core.package_identification:_identify(src/ros2_whisper/whisper_util) by extension 'ignore'
[0.217s] Level 1:colcon.colcon_core.package_identification:_identify(src/ros2_whisper/whisper_util) by extension 'ignore_ament_install'
[0.217s] Level 1:colcon.colcon_core.package_identification:_identify(src/ros2_whisper/whisper_util) by extensions ['colcon_pkg']
[0.217s] Level 1:colcon.colcon_core.package_identification:_identify(src/ros2_whisper/whisper_util) by extension 'colcon_pkg'
[0.217s] Level 1:colcon.colcon_core.package_identification:_identify(src/ros2_whisper/whisper_util) by extensions ['colcon_meta']
[0.217s] Level 1:colcon.colcon_core.package_identification:_identify(src/ros2_whisper/whisper_util) by extension 'colcon_meta'
[0.217s] Level 1:colcon.colcon_core.package_identification:_identify(src/ros2_whisper/whisper_util) by extensions ['ros']
[0.217s] Level 1:colcon.colcon_core.package_identification:_identify(src/ros2_whisper/whisper_util) by extension 'ros'
[0.218s] DEBUG:colcon.colcon_core.package_identification:Package 'src/ros2_whisper/whisper_util' with type 'ros.ament_cmake' and name 'whisper_util'
[0.218s] Level 1:colcon.colcon_core.package_identification:_identify(src/rviz_marker_static_scene_objects) by extensions ['ignore', 'ignore_ament_install']
[0.218s] Level 1:colcon.colcon_core.package_identification:_identify(src/rviz_marker_static_scene_objects) by extension 'ignore'
[0.218s] Level 1:colcon.colcon_core.package_identification:_identify(src/rviz_marker_static_scene_objects) by extension 'ignore_ament_install'
[0.218s] Level 1:colcon.colcon_core.package_identification:_identify(src/rviz_marker_static_scene_objects) by extensions ['colcon_pkg']
[0.218s] Level 1:colcon.colcon_core.package_identification:_identify(src/rviz_marker_static_scene_objects) by extension 'colcon_pkg'
[0.218s] Level 1:colcon.colcon_core.package_identification:_identify(src/rviz_marker_static_scene_objects) by extensions ['colcon_meta']
[0.218s] Level 1:colcon.colcon_core.package_identification:_identify(src/rviz_marker_static_scene_objects) by extension 'colcon_meta'
[0.218s] Level 1:colcon.colcon_core.package_identification:_identify(src/rviz_marker_static_scene_objects) by extensions ['ros']
[0.218s] Level 1:colcon.colcon_core.package_identification:_identify(src/rviz_marker_static_scene_objects) by extension 'ros'
[0.218s] DEBUG:colcon.colcon_core.package_identification:Package 'src/rviz_marker_static_scene_objects' with type 'ros.ament_python' and name 'rviz_marker_static_scene_objects'
[0.218s] Level 1:colcon.colcon_core.package_identification:_identify(src/rviz_robot_control_panel) by extensions ['ignore', 'ignore_ament_install']
[0.218s] Level 1:colcon.colcon_core.package_identification:_identify(src/rviz_robot_control_panel) by extension 'ignore'
[0.218s] Level 1:colcon.colcon_core.package_identification:_identify(src/rviz_robot_control_panel) by extension 'ignore_ament_install'
[0.218s] Level 1:colcon.colcon_core.package_identification:_identify(src/rviz_robot_control_panel) by extensions ['colcon_pkg']
[0.218s] Level 1:colcon.colcon_core.package_identification:_identify(src/rviz_robot_control_panel) by extension 'colcon_pkg'
[0.218s] Level 1:colcon.colcon_core.package_identification:_identify(src/rviz_robot_control_panel) by extensions ['colcon_meta']
[0.218s] Level 1:colcon.colcon_core.package_identification:_identify(src/rviz_robot_control_panel) by extension 'colcon_meta'
[0.218s] Level 1:colcon.colcon_core.package_identification:_identify(src/rviz_robot_control_panel) by extensions ['ros']
[0.218s] Level 1:colcon.colcon_core.package_identification:_identify(src/rviz_robot_control_panel) by extension 'ros'
[0.219s] DEBUG:colcon.colcon_core.package_identification:Package 'src/rviz_robot_control_panel' with type 'ros.ament_cmake' and name 'rviz_robot_control_panel'
[0.219s] Level 1:colcon.colcon_core.package_identification:_identify(src/rviz_servo_status_overlay) by extensions ['ignore', 'ignore_ament_install']
[0.219s] Level 1:colcon.colcon_core.package_identification:_identify(src/rviz_servo_status_overlay) by extension 'ignore'
[0.219s] Level 1:colcon.colcon_core.package_identification:_identify(src/rviz_servo_status_overlay) by extension 'ignore_ament_install'
[0.219s] Level 1:colcon.colcon_core.package_identification:_identify(src/rviz_servo_status_overlay) by extensions ['colcon_pkg']
[0.219s] Level 1:colcon.colcon_core.package_identification:_identify(src/rviz_servo_status_overlay) by extension 'colcon_pkg'
[0.219s] Level 1:colcon.colcon_core.package_identification:_identify(src/rviz_servo_status_overlay) by extensions ['colcon_meta']
[0.219s] Level 1:colcon.colcon_core.package_identification:_identify(src/rviz_servo_status_overlay) by extension 'colcon_meta'
[0.219s] Level 1:colcon.colcon_core.package_identification:_identify(src/rviz_servo_status_overlay) by extensions ['ros']
[0.219s] Level 1:colcon.colcon_core.package_identification:_identify(src/rviz_servo_status_overlay) by extension 'ros'
[0.220s] DEBUG:colcon.colcon_core.package_identification:Package 'src/rviz_servo_status_overlay' with type 'ros.ament_python' and name 'rviz_servo_status_overlay'
[0.220s] Level 1:colcon.colcon_core.package_identification:_identify(src/voice_command_listener) by extensions ['ignore', 'ignore_ament_install']
[0.220s] Level 1:colcon.colcon_core.package_identification:_identify(src/voice_command_listener) by extension 'ignore'
[0.220s] Level 1:colcon.colcon_core.package_identification:_identify(src/voice_command_listener) by extension 'ignore_ament_install'
[0.220s] Level 1:colcon.colcon_core.package_identification:_identify(src/voice_command_listener) by extensions ['colcon_pkg']
[0.220s] Level 1:colcon.colcon_core.package_identification:_identify(src/voice_command_listener) by extension 'colcon_pkg'
[0.220s] Level 1:colcon.colcon_core.package_identification:_identify(src/voice_command_listener) by extensions ['colcon_meta']
[0.220s] Level 1:colcon.colcon_core.package_identification:_identify(src/voice_command_listener) by extension 'colcon_meta'
[0.220s] Level 1:colcon.colcon_core.package_identification:_identify(src/voice_command_listener) by extensions ['ros']
[0.220s] Level 1:colcon.colcon_core.package_identification:_identify(src/voice_command_listener) by extension 'ros'
[0.220s] DEBUG:colcon.colcon_core.package_identification:Package 'src/voice_command_listener' with type 'ros.ament_python' and name 'voice_command_listener'
[0.220s] Level 1:colcon.colcon_core.package_identification:_identify(src/xarm_ros2) by extensions ['ignore', 'ignore_ament_install']
[0.220s] Level 1:colcon.colcon_core.package_identification:_identify(src/xarm_ros2) by extension 'ignore'
[0.220s] Level 1:colcon.colcon_core.package_identification:_identify(src/xarm_ros2) by extension 'ignore_ament_install'
[0.220s] Level 1:colcon.colcon_core.package_identification:_identify(src/xarm_ros2) by extensions ['colcon_pkg']
[0.220s] Level 1:colcon.colcon_core.package_identification:_identify(src/xarm_ros2) by extension 'colcon_pkg'
[0.220s] Level 1:colcon.colcon_core.package_identification:_identify(src/xarm_ros2) by extensions ['colcon_meta']
[0.220s] Level 1:colcon.colcon_core.package_identification:_identify(src/xarm_ros2) by extension 'colcon_meta'
[0.220s] Level 1:colcon.colcon_core.package_identification:_identify(src/xarm_ros2) by extensions ['ros']
[0.220s] Level 1:colcon.colcon_core.package_identification:_identify(src/xarm_ros2) by extension 'ros'
[0.220s] Level 1:colcon.colcon_core.package_identification:_identify(src/xarm_ros2) by extensions ['cmake', 'python']
[0.220s] Level 1:colcon.colcon_core.package_identification:_identify(src/xarm_ros2) by extension 'cmake'
[0.220s] Level 1:colcon.colcon_core.package_identification:_identify(src/xarm_ros2) by extension 'python'
[0.220s] Level 1:colcon.colcon_core.package_identification:_identify(src/xarm_ros2) by extensions ['python_setup_py']
[0.220s] Level 1:colcon.colcon_core.package_identification:_identify(src/xarm_ros2) by extension 'python_setup_py'
[0.220s] Level 1:colcon.colcon_core.package_identification:_identify(src/xarm_ros2/demo) by extensions ['ignore', 'ignore_ament_install']
[0.220s] Level 1:colcon.colcon_core.package_identification:_identify(src/xarm_ros2/demo) by extension 'ignore'
[0.221s] Level 1:colcon.colcon_core.package_identification:_identify(src/xarm_ros2/demo) by extension 'ignore_ament_install'
[0.221s] Level 1:colcon.colcon_core.package_identification:_identify(src/xarm_ros2/demo) by extensions ['colcon_pkg']
[0.221s] Level 1:colcon.colcon_core.package_identification:_identify(src/xarm_ros2/demo) by extension 'colcon_pkg'
[0.221s] Level 1:colcon.colcon_core.package_identification:_identify(src/xarm_ros2/demo) by extensions ['colcon_meta']
[0.221s] Level 1:colcon.colcon_core.package_identification:_identify(src/xarm_ros2/demo) by extension 'colcon_meta'
[0.221s] Level 1:colcon.colcon_core.package_identification:_identify(src/xarm_ros2/demo) by extensions ['ros']
[0.221s] Level 1:colcon.colcon_core.package_identification:_identify(src/xarm_ros2/demo) by extension 'ros'
[0.221s] Level 1:colcon.colcon_core.package_identification:_identify(src/xarm_ros2/demo) by extensions ['cmake', 'python']
[0.221s] Level 1:colcon.colcon_core.package_identification:_identify(src/xarm_ros2/demo) by extension 'cmake'
[0.221s] Level 1:colcon.colcon_core.package_identification:_identify(src/xarm_ros2/demo) by extension 'python'
[0.221s] Level 1:colcon.colcon_core.package_identification:_identify(src/xarm_ros2/demo) by extensions ['python_setup_py']
[0.221s] Level 1:colcon.colcon_core.package_identification:_identify(src/xarm_ros2/demo) by extension 'python_setup_py'
[0.221s] Level 1:colcon.colcon_core.package_identification:_identify(src/xarm_ros2/demo/mbot_demo) by extensions ['ignore', 'ignore_ament_install']
[0.221s] Level 1:colcon.colcon_core.package_identification:_identify(src/xarm_ros2/demo/mbot_demo) by extension 'ignore'
[0.221s] Level 1:colcon.colcon_core.package_identification:_identify(src/xarm_ros2/demo/mbot_demo) by extension 'ignore_ament_install'
[0.221s] Level 1:colcon.colcon_core.package_identification:_identify(src/xarm_ros2/demo/mbot_demo) by extensions ['colcon_pkg']
[0.221s] Level 1:colcon.colcon_core.package_identification:_identify(src/xarm_ros2/demo/mbot_demo) by extension 'colcon_pkg'
[0.221s] Level 1:colcon.colcon_core.package_identification:_identify(src/xarm_ros2/demo/mbot_demo) by extensions ['colcon_meta']
[0.221s] Level 1:colcon.colcon_core.package_identification:_identify(src/xarm_ros2/demo/mbot_demo) by extension 'colcon_meta'
[0.221s] Level 1:colcon.colcon_core.package_identification:_identify(src/xarm_ros2/demo/mbot_demo) by extensions ['ros']
[0.221s] Level 1:colcon.colcon_core.package_identification:_identify(src/xarm_ros2/demo/mbot_demo) by extension 'ros'
[0.221s] DEBUG:colcon.colcon_core.package_identification:Package 'src/xarm_ros2/demo/mbot_demo' with type 'ros.ament_cmake' and name 'mbot_demo'
[0.221s] Level 1:colcon.colcon_core.package_identification:_identify(src/xarm_ros2/thirdparty) by extensions ['ignore', 'ignore_ament_install']
[0.221s] Level 1:colcon.colcon_core.package_identification:_identify(src/xarm_ros2/thirdparty) by extension 'ignore'
[0.221s] Level 1:colcon.colcon_core.package_identification:_identify(src/xarm_ros2/thirdparty) by extension 'ignore_ament_install'
[0.221s] Level 1:colcon.colcon_core.package_identification:_identify(src/xarm_ros2/thirdparty) by extensions ['colcon_pkg']
[0.221s] Level 1:colcon.colcon_core.package_identification:_identify(src/xarm_ros2/thirdparty) by extension 'colcon_pkg'
[0.221s] Level 1:colcon.colcon_core.package_identification:_identify(src/xarm_ros2/thirdparty) by extensions ['colcon_meta']
[0.221s] Level 1:colcon.colcon_core.package_identification:_identify(src/xarm_ros2/thirdparty) by extension 'colcon_meta'
[0.221s] Level 1:colcon.colcon_core.package_identification:_identify(src/xarm_ros2/thirdparty) by extensions ['ros']
[0.221s] Level 1:colcon.colcon_core.package_identification:_identify(src/xarm_ros2/thirdparty) by extension 'ros'
[0.221s] Level 1:colcon.colcon_core.package_identification:_identify(src/xarm_ros2/thirdparty) by extensions ['cmake', 'python']
[0.221s] Level 1:colcon.colcon_core.package_identification:_identify(src/xarm_ros2/thirdparty) by extension 'cmake'
[0.221s] Level 1:colcon.colcon_core.package_identification:_identify(src/xarm_ros2/thirdparty) by extension 'python'
[0.221s] Level 1:colcon.colcon_core.package_identification:_identify(src/xarm_ros2/thirdparty) by extensions ['python_setup_py']
[0.222s] Level 1:colcon.colcon_core.package_identification:_identify(src/xarm_ros2/thirdparty) by extension 'python_setup_py'
[0.222s] Level 1:colcon.colcon_core.package_identification:_identify(src/xarm_ros2/thirdparty/realsense_gazebo_plugin) by extensions ['ignore', 'ignore_ament_install']
[0.222s] Level 1:colcon.colcon_core.package_identification:_identify(src/xarm_ros2/thirdparty/realsense_gazebo_plugin) by extension 'ignore'
[0.222s] Level 1:colcon.colcon_core.package_identification:_identify(src/xarm_ros2/thirdparty/realsense_gazebo_plugin) by extension 'ignore_ament_install'
[0.222s] Level 1:colcon.colcon_core.package_identification:_identify(src/xarm_ros2/thirdparty/realsense_gazebo_plugin) by extensions ['colcon_pkg']
[0.222s] Level 1:colcon.colcon_core.package_identification:_identify(src/xarm_ros2/thirdparty/realsense_gazebo_plugin) by extension 'colcon_pkg'
[0.222s] Level 1:colcon.colcon_core.package_identification:_identify(src/xarm_ros2/thirdparty/realsense_gazebo_plugin) by extensions ['colcon_meta']
[0.222s] Level 1:colcon.colcon_core.package_identification:_identify(src/xarm_ros2/thirdparty/realsense_gazebo_plugin) by extension 'colcon_meta'
[0.222s] Level 1:colcon.colcon_core.package_identification:_identify(src/xarm_ros2/thirdparty/realsense_gazebo_plugin) by extensions ['ros']
[0.222s] Level 1:colcon.colcon_core.package_identification:_identify(src/xarm_ros2/thirdparty/realsense_gazebo_plugin) by extension 'ros'
[0.222s] DEBUG:colcon.colcon_core.package_identification:Package 'src/xarm_ros2/thirdparty/realsense_gazebo_plugin' with type 'ros.ament_cmake' and name 'realsense_gazebo_plugin'
[0.222s] Level 1:colcon.colcon_core.package_identification:_identify(src/xarm_ros2/uf_ros_lib) by extensions ['ignore', 'ignore_ament_install']
[0.222s] Level 1:colcon.colcon_core.package_identification:_identify(src/xarm_ros2/uf_ros_lib) by extension 'ignore'
[0.222s] Level 1:colcon.colcon_core.package_identification:_identify(src/xarm_ros2/uf_ros_lib) by extension 'ignore_ament_install'
[0.222s] Level 1:colcon.colcon_core.package_identification:_identify(src/xarm_ros2/uf_ros_lib) by extensions ['colcon_pkg']
[0.222s] Level 1:colcon.colcon_core.package_identification:_identify(src/xarm_ros2/uf_ros_lib) by extension 'colcon_pkg'
[0.222s] Level 1:colcon.colcon_core.package_identification:_identify(src/xarm_ros2/uf_ros_lib) by extensions ['colcon_meta']
[0.222s] Level 1:colcon.colcon_core.package_identification:_identify(src/xarm_ros2/uf_ros_lib) by extension 'colcon_meta'
[0.222s] Level 1:colcon.colcon_core.package_identification:_identify(src/xarm_ros2/uf_ros_lib) by extensions ['ros']
[0.222s] Level 1:colcon.colcon_core.package_identification:_identify(src/xarm_ros2/uf_ros_lib) by extension 'ros'
[0.223s] DEBUG:colcon.colcon_core.package_identification:Package 'src/xarm_ros2/uf_ros_lib' with type 'ros.ament_python' and name 'uf_ros_lib'
[0.223s] Level 1:colcon.colcon_core.package_identification:_identify(src/xarm_ros2/xarm_api) by extensions ['ignore', 'ignore_ament_install']
[0.223s] Level 1:colcon.colcon_core.package_identification:_identify(src/xarm_ros2/xarm_api) by extension 'ignore'
[0.223s] Level 1:colcon.colcon_core.package_identification:_identify(src/xarm_ros2/xarm_api) by extension 'ignore_ament_install'
[0.223s] Level 1:colcon.colcon_core.package_identification:_identify(src/xarm_ros2/xarm_api) by extensions ['colcon_pkg']
[0.223s] Level 1:colcon.colcon_core.package_identification:_identify(src/xarm_ros2/xarm_api) by extension 'colcon_pkg'
[0.223s] Level 1:colcon.colcon_core.package_identification:_identify(src/xarm_ros2/xarm_api) by extensions ['colcon_meta']
[0.223s] Level 1:colcon.colcon_core.package_identification:_identify(src/xarm_ros2/xarm_api) by extension 'colcon_meta'
[0.223s] Level 1:colcon.colcon_core.package_identification:_identify(src/xarm_ros2/xarm_api) by extensions ['ros']
[0.223s] Level 1:colcon.colcon_core.package_identification:_identify(src/xarm_ros2/xarm_api) by extension 'ros'
[0.224s] DEBUG:colcon.colcon_core.package_identification:Package 'src/xarm_ros2/xarm_api' with type 'ros.ament_cmake' and name 'xarm_api'
[0.224s] Level 1:colcon.colcon_core.package_identification:_identify(src/xarm_ros2/xarm_controller) by extensions ['ignore', 'ignore_ament_install']
[0.224s] Level 1:colcon.colcon_core.package_identification:_identify(src/xarm_ros2/xarm_controller) by extension 'ignore'
[0.224s] Level 1:colcon.colcon_core.package_identification:_identify(src/xarm_ros2/xarm_controller) by extension 'ignore_ament_install'
[0.224s] Level 1:colcon.colcon_core.package_identification:_identify(src/xarm_ros2/xarm_controller) by extensions ['colcon_pkg']
[0.224s] Level 1:colcon.colcon_core.package_identification:_identify(src/xarm_ros2/xarm_controller) by extension 'colcon_pkg'
[0.224s] Level 1:colcon.colcon_core.package_identification:_identify(src/xarm_ros2/xarm_controller) by extensions ['colcon_meta']
[0.224s] Level 1:colcon.colcon_core.package_identification:_identify(src/xarm_ros2/xarm_controller) by extension 'colcon_meta'
[0.224s] Level 1:colcon.colcon_core.package_identification:_identify(src/xarm_ros2/xarm_controller) by extensions ['ros']
[0.224s] Level 1:colcon.colcon_core.package_identification:_identify(src/xarm_ros2/xarm_controller) by extension 'ros'
[0.224s] DEBUG:colcon.colcon_core.package_identification:Package 'src/xarm_ros2/xarm_controller' with type 'ros.ament_cmake' and name 'xarm_controller'
[0.225s] Level 1:colcon.colcon_core.package_identification:_identify(src/xarm_ros2/xarm_description) by extensions ['ignore', 'ignore_ament_install']
[0.225s] Level 1:colcon.colcon_core.package_identification:_identify(src/xarm_ros2/xarm_description) by extension 'ignore'
[0.225s] Level 1:colcon.colcon_core.package_identification:_identify(src/xarm_ros2/xarm_description) by extension 'ignore_ament_install'
[0.225s] Level 1:colcon.colcon_core.package_identification:_identify(src/xarm_ros2/xarm_description) by extensions ['colcon_pkg']
[0.225s] Level 1:colcon.colcon_core.package_identification:_identify(src/xarm_ros2/xarm_description) by extension 'colcon_pkg'
[0.225s] Level 1:colcon.colcon_core.package_identification:_identify(src/xarm_ros2/xarm_description) by extensions ['colcon_meta']
[0.225s] Level 1:colcon.colcon_core.package_identification:_identify(src/xarm_ros2/xarm_description) by extension 'colcon_meta'
[0.225s] Level 1:colcon.colcon_core.package_identification:_identify(src/xarm_ros2/xarm_description) by extensions ['ros']
[0.225s] Level 1:colcon.colcon_core.package_identification:_identify(src/xarm_ros2/xarm_description) by extension 'ros'
[0.225s] DEBUG:colcon.colcon_core.package_identification:Package 'src/xarm_ros2/xarm_description' with type 'ros.ament_cmake' and name 'xarm_description'
[0.225s] Level 1:colcon.colcon_core.package_identification:_identify(src/xarm_ros2/xarm_gazebo) by extensions ['ignore', 'ignore_ament_install']
[0.225s] Level 1:colcon.colcon_core.package_identification:_identify(src/xarm_ros2/xarm_gazebo) by extension 'ignore'
[0.225s] Level 1:colcon.colcon_core.package_identification:_identify(src/xarm_ros2/xarm_gazebo) by extension 'ignore_ament_install'
[0.225s] Level 1:colcon.colcon_core.package_identification:_identify(src/xarm_ros2/xarm_gazebo) by extensions ['colcon_pkg']
[0.225s] Level 1:colcon.colcon_core.package_identification:_identify(src/xarm_ros2/xarm_gazebo) by extension 'colcon_pkg'
[0.225s] Level 1:colcon.colcon_core.package_identification:_identify(src/xarm_ros2/xarm_gazebo) by extensions ['colcon_meta']
[0.225s] Level 1:colcon.colcon_core.package_identification:_identify(src/xarm_ros2/xarm_gazebo) by extension 'colcon_meta'
[0.225s] Level 1:colcon.colcon_core.package_identification:_identify(src/xarm_ros2/xarm_gazebo) by extensions ['ros']
[0.225s] Level 1:colcon.colcon_core.package_identification:_identify(src/xarm_ros2/xarm_gazebo) by extension 'ros'
[0.226s] DEBUG:colcon.colcon_core.package_identification:Package 'src/xarm_ros2/xarm_gazebo' with type 'ros.ament_cmake' and name 'xarm_gazebo'
[0.226s] Level 1:colcon.colcon_core.package_identification:_identify(src/xarm_ros2/xarm_moveit_config) by extensions ['ignore', 'ignore_ament_install']
[0.226s] Level 1:colcon.colcon_core.package_identification:_identify(src/xarm_ros2/xarm_moveit_config) by extension 'ignore'
[0.226s] Level 1:colcon.colcon_core.package_identification:_identify(src/xarm_ros2/xarm_moveit_config) by extension 'ignore_ament_install'
[0.226s] Level 1:colcon.colcon_core.package_identification:_identify(src/xarm_ros2/xarm_moveit_config) by extensions ['colcon_pkg']
[0.226s] Level 1:colcon.colcon_core.package_identification:_identify(src/xarm_ros2/xarm_moveit_config) by extension 'colcon_pkg'
[0.226s] Level 1:colcon.colcon_core.package_identification:_identify(src/xarm_ros2/xarm_moveit_config) by extensions ['colcon_meta']
[0.226s] Level 1:colcon.colcon_core.package_identification:_identify(src/xarm_ros2/xarm_moveit_config) by extension 'colcon_meta'
[0.226s] Level 1:colcon.colcon_core.package_identification:_identify(src/xarm_ros2/xarm_moveit_config) by extensions ['ros']
[0.226s] Level 1:colcon.colcon_core.package_identification:_identify(src/xarm_ros2/xarm_moveit_config) by extension 'ros'
[0.226s] DEBUG:colcon.colcon_core.package_identification:Package 'src/xarm_ros2/xarm_moveit_config' with type 'ros.ament_cmake' and name 'xarm_moveit_config'
[0.227s] Level 1:colcon.colcon_core.package_identification:_identify(src/xarm_ros2/xarm_moveit_servo) by extensions ['ignore', 'ignore_ament_install']
[0.227s] Level 1:colcon.colcon_core.package_identification:_identify(src/xarm_ros2/xarm_moveit_servo) by extension 'ignore'
[0.227s] Level 1:colcon.colcon_core.package_identification:_identify(src/xarm_ros2/xarm_moveit_servo) by extension 'ignore_ament_install'
[0.227s] Level 1:colcon.colcon_core.package_identification:_identify(src/xarm_ros2/xarm_moveit_servo) by extensions ['colcon_pkg']
[0.227s] Level 1:colcon.colcon_core.package_identification:_identify(src/xarm_ros2/xarm_moveit_servo) by extension 'colcon_pkg'
[0.227s] Level 1:colcon.colcon_core.package_identification:_identify(src/xarm_ros2/xarm_moveit_servo) by extensions ['colcon_meta']
[0.227s] Level 1:colcon.colcon_core.package_identification:_identify(src/xarm_ros2/xarm_moveit_servo) by extension 'colcon_meta'
[0.227s] Level 1:colcon.colcon_core.package_identification:_identify(src/xarm_ros2/xarm_moveit_servo) by extensions ['ros']
[0.227s] Level 1:colcon.colcon_core.package_identification:_identify(src/xarm_ros2/xarm_moveit_servo) by extension 'ros'
[0.228s] DEBUG:colcon.colcon_core.package_identification:Package 'src/xarm_ros2/xarm_moveit_servo' with type 'ros.ament_cmake' and name 'xarm_moveit_servo'
[0.228s] Level 1:colcon.colcon_core.package_identification:_identify(src/xarm_ros2/xarm_msgs) by extensions ['ignore', 'ignore_ament_install']
[0.228s] Level 1:colcon.colcon_core.package_identification:_identify(src/xarm_ros2/xarm_msgs) by extension 'ignore'
[0.228s] Level 1:colcon.colcon_core.package_identification:_identify(src/xarm_ros2/xarm_msgs) by extension 'ignore_ament_install'
[0.228s] Level 1:colcon.colcon_core.package_identification:_identify(src/xarm_ros2/xarm_msgs) by extensions ['colcon_pkg']
[0.228s] Level 1:colcon.colcon_core.package_identification:_identify(src/xarm_ros2/xarm_msgs) by extension 'colcon_pkg'
[0.228s] Level 1:colcon.colcon_core.package_identification:_identify(src/xarm_ros2/xarm_msgs) by extensions ['colcon_meta']
[0.228s] Level 1:colcon.colcon_core.package_identification:_identify(src/xarm_ros2/xarm_msgs) by extension 'colcon_meta'
[0.228s] Level 1:colcon.colcon_core.package_identification:_identify(src/xarm_ros2/xarm_msgs) by extensions ['ros']
[0.228s] Level 1:colcon.colcon_core.package_identification:_identify(src/xarm_ros2/xarm_msgs) by extension 'ros'
[0.229s] DEBUG:colcon.colcon_core.package_identification:Package 'src/xarm_ros2/xarm_msgs' with type 'ros.ament_cmake' and name 'xarm_msgs'
[0.229s] Level 1:colcon.colcon_core.package_identification:_identify(src/xarm_ros2/xarm_planner) by extensions ['ignore', 'ignore_ament_install']
[0.229s] Level 1:colcon.colcon_core.package_identification:_identify(src/xarm_ros2/xarm_planner) by extension 'ignore'
[0.229s] Level 1:colcon.colcon_core.package_identification:_identify(src/xarm_ros2/xarm_planner) by extension 'ignore_ament_install'
[0.229s] Level 1:colcon.colcon_core.package_identification:_identify(src/xarm_ros2/xarm_planner) by extensions ['colcon_pkg']
[0.229s] Level 1:colcon.colcon_core.package_identification:_identify(src/xarm_ros2/xarm_planner) by extension 'colcon_pkg'
[0.229s] Level 1:colcon.colcon_core.package_identification:_identify(src/xarm_ros2/xarm_planner) by extensions ['colcon_meta']
[0.229s] Level 1:colcon.colcon_core.package_identification:_identify(src/xarm_ros2/xarm_planner) by extension 'colcon_meta'
[0.229s] Level 1:colcon.colcon_core.package_identification:_identify(src/xarm_ros2/xarm_planner) by extensions ['ros']
[0.229s] Level 1:colcon.colcon_core.package_identification:_identify(src/xarm_ros2/xarm_planner) by extension 'ros'
[0.230s] DEBUG:colcon.colcon_core.package_identification:Package 'src/xarm_ros2/xarm_planner' with type 'ros.ament_cmake' and name 'xarm_planner'
[0.230s] Level 1:colcon.colcon_core.package_identification:_identify(src/xarm_ros2/xarm_sdk) by extensions ['ignore', 'ignore_ament_install']
[0.230s] Level 1:colcon.colcon_core.package_identification:_identify(src/xarm_ros2/xarm_sdk) by extension 'ignore'
[0.230s] Level 1:colcon.colcon_core.package_identification:_identify(src/xarm_ros2/xarm_sdk) by extension 'ignore_ament_install'
[0.230s] Level 1:colcon.colcon_core.package_identification:_identify(src/xarm_ros2/xarm_sdk) by extensions ['colcon_pkg']
[0.230s] Level 1:colcon.colcon_core.package_identification:_identify(src/xarm_ros2/xarm_sdk) by extension 'colcon_pkg'
[0.230s] Level 1:colcon.colcon_core.package_identification:_identify(src/xarm_ros2/xarm_sdk) by extensions ['colcon_meta']
[0.230s] Level 1:colcon.colcon_core.package_identification:_identify(src/xarm_ros2/xarm_sdk) by extension 'colcon_meta'
[0.230s] Level 1:colcon.colcon_core.package_identification:_identify(src/xarm_ros2/xarm_sdk) by extensions ['ros']
[0.230s] Level 1:colcon.colcon_core.package_identification:_identify(src/xarm_ros2/xarm_sdk) by extension 'ros'
[0.231s] DEBUG:colcon.colcon_core.package_identification:Package 'src/xarm_ros2/xarm_sdk' with type 'ros.ament_cmake' and name 'xarm_sdk'
[0.231s] Level 1:colcon.colcon_core.package_identification:_identify(src/yolo_object_detector) by extensions ['ignore', 'ignore_ament_install']
[0.231s] Level 1:colcon.colcon_core.package_identification:_identify(src/yolo_object_detector) by extension 'ignore'
[0.231s] Level 1:colcon.colcon_core.package_identification:_identify(src/yolo_object_detector) by extension 'ignore_ament_install'
[0.231s] Level 1:colcon.colcon_core.package_identification:_identify(src/yolo_object_detector) by extensions ['colcon_pkg']
[0.231s] Level 1:colcon.colcon_core.package_identification:_identify(src/yolo_object_detector) by extension 'colcon_pkg'
[0.231s] Level 1:colcon.colcon_core.package_identification:_identify(src/yolo_object_detector) by extensions ['colcon_meta']
[0.231s] Level 1:colcon.colcon_core.package_identification:_identify(src/yolo_object_detector) by extension 'colcon_meta'
[0.231s] Level 1:colcon.colcon_core.package_identification:_identify(src/yolo_object_detector) by extensions ['ros']
[0.231s] Level 1:colcon.colcon_core.package_identification:_identify(src/yolo_object_detector) by extension 'ros'
[0.232s] DEBUG:colcon.colcon_core.package_identification:Package 'src/yolo_object_detector' with type 'ros.ament_python' and name 'yolo_object_detector'
[0.232s] Level 1:colcon.colcon_core.package_identification:_identify(src/zed-ros2-interfaces) by extensions ['ignore', 'ignore_ament_install']
[0.232s] Level 1:colcon.colcon_core.package_identification:_identify(src/zed-ros2-interfaces) by extension 'ignore'
[0.232s] Level 1:colcon.colcon_core.package_identification:_identify(src/zed-ros2-interfaces) by extension 'ignore_ament_install'
[0.232s] Level 1:colcon.colcon_core.package_identification:_identify(src/zed-ros2-interfaces) by extensions ['colcon_pkg']
[0.232s] Level 1:colcon.colcon_core.package_identification:_identify(src/zed-ros2-interfaces) by extension 'colcon_pkg'
[0.232s] Level 1:colcon.colcon_core.package_identification:_identify(src/zed-ros2-interfaces) by extensions ['colcon_meta']
[0.232s] Level 1:colcon.colcon_core.package_identification:_identify(src/zed-ros2-interfaces) by extension 'colcon_meta'
[0.232s] Level 1:colcon.colcon_core.package_identification:_identify(src/zed-ros2-interfaces) by extensions ['ros']
[0.232s] Level 1:colcon.colcon_core.package_identification:_identify(src/zed-ros2-interfaces) by extension 'ros'
[0.232s] DEBUG:colcon.colcon_core.package_identification:Package 'src/zed-ros2-interfaces' with type 'ros.ament_cmake' and name 'zed_interfaces'
[0.233s] Level 1:colcon.colcon_core.package_identification:_identify(src/zed-ros2-wrapper) by extensions ['ignore', 'ignore_ament_install']
[0.233s] Level 1:colcon.colcon_core.package_identification:_identify(src/zed-ros2-wrapper) by extension 'ignore'
[0.233s] Level 1:colcon.colcon_core.package_identification:_identify(src/zed-ros2-wrapper) by extension 'ignore_ament_install'
[0.233s] Level 1:colcon.colcon_core.package_identification:_identify(src/zed-ros2-wrapper) by extensions ['colcon_pkg']
[0.233s] Level 1:colcon.colcon_core.package_identification:_identify(src/zed-ros2-wrapper) by extension 'colcon_pkg'
[0.233s] Level 1:colcon.colcon_core.package_identification:_identify(src/zed-ros2-wrapper) by extensions ['colcon_meta']
[0.233s] Level 1:colcon.colcon_core.package_identification:_identify(src/zed-ros2-wrapper) by extension 'colcon_meta'
[0.233s] Level 1:colcon.colcon_core.package_identification:_identify(src/zed-ros2-wrapper) by extensions ['ros']
[0.233s] Level 1:colcon.colcon_core.package_identification:_identify(src/zed-ros2-wrapper) by extension 'ros'
[0.233s] Level 1:colcon.colcon_core.package_identification:_identify(src/zed-ros2-wrapper) by extensions ['cmake', 'python']
[0.233s] Level 1:colcon.colcon_core.package_identification:_identify(src/zed-ros2-wrapper) by extension 'cmake'
[0.233s] Level 1:colcon.colcon_core.package_identification:_identify(src/zed-ros2-wrapper) by extension 'python'
[0.233s] Level 1:colcon.colcon_core.package_identification:_identify(src/zed-ros2-wrapper) by extensions ['python_setup_py']
[0.233s] Level 1:colcon.colcon_core.package_identification:_identify(src/zed-ros2-wrapper) by extension 'python_setup_py'
[0.233s] Level 1:colcon.colcon_core.package_identification:_identify(src/zed-ros2-wrapper/docker) by extensions ['ignore', 'ignore_ament_install']
[0.233s] Level 1:colcon.colcon_core.package_identification:_identify(src/zed-ros2-wrapper/docker) by extension 'ignore'
[0.233s] Level 1:colcon.colcon_core.package_identification:_identify(src/zed-ros2-wrapper/docker) by extension 'ignore_ament_install'
[0.233s] Level 1:colcon.colcon_core.package_identification:_identify(src/zed-ros2-wrapper/docker) by extensions ['colcon_pkg']
[0.233s] Level 1:colcon.colcon_core.package_identification:_identify(src/zed-ros2-wrapper/docker) by extension 'colcon_pkg'
[0.233s] Level 1:colcon.colcon_core.package_identification:_identify(src/zed-ros2-wrapper/docker) by extensions ['colcon_meta']
[0.233s] Level 1:colcon.colcon_core.package_identification:_identify(src/zed-ros2-wrapper/docker) by extension 'colcon_meta'
[0.233s] Level 1:colcon.colcon_core.package_identification:_identify(src/zed-ros2-wrapper/docker) by extensions ['ros']
[0.233s] Level 1:colcon.colcon_core.package_identification:_identify(src/zed-ros2-wrapper/docker) by extension 'ros'
[0.233s] Level 1:colcon.colcon_core.package_identification:_identify(src/zed-ros2-wrapper/docker) by extensions ['cmake', 'python']
[0.233s] Level 1:colcon.colcon_core.package_identification:_identify(src/zed-ros2-wrapper/docker) by extension 'cmake'
[0.233s] Level 1:colcon.colcon_core.package_identification:_identify(src/zed-ros2-wrapper/docker) by extension 'python'
[0.233s] Level 1:colcon.colcon_core.package_identification:_identify(src/zed-ros2-wrapper/docker) by extensions ['python_setup_py']
[0.233s] Level 1:colcon.colcon_core.package_identification:_identify(src/zed-ros2-wrapper/docker) by extension 'python_setup_py'
[0.233s] Level 1:colcon.colcon_core.package_identification:_identify(src/zed-ros2-wrapper/images) by extensions ['ignore', 'ignore_ament_install']
[0.233s] Level 1:colcon.colcon_core.package_identification:_identify(src/zed-ros2-wrapper/images) by extension 'ignore'
[0.233s] Level 1:colcon.colcon_core.package_identification:_identify(src/zed-ros2-wrapper/images) by extension 'ignore_ament_install'
[0.233s] Level 1:colcon.colcon_core.package_identification:_identify(src/zed-ros2-wrapper/images) by extensions ['colcon_pkg']
[0.233s] Level 1:colcon.colcon_core.package_identification:_identify(src/zed-ros2-wrapper/images) by extension 'colcon_pkg'
[0.233s] Level 1:colcon.colcon_core.package_identification:_identify(src/zed-ros2-wrapper/images) by extensions ['colcon_meta']
[0.233s] Level 1:colcon.colcon_core.package_identification:_identify(src/zed-ros2-wrapper/images) by extension 'colcon_meta'
[0.233s] Level 1:colcon.colcon_core.package_identification:_identify(src/zed-ros2-wrapper/images) by extensions ['ros']
[0.233s] Level 1:colcon.colcon_core.package_identification:_identify(src/zed-ros2-wrapper/images) by extension 'ros'
[0.233s] Level 1:colcon.colcon_core.package_identification:_identify(src/zed-ros2-wrapper/images) by extensions ['cmake', 'python']
[0.233s] Level 1:colcon.colcon_core.package_identification:_identify(src/zed-ros2-wrapper/images) by extension 'cmake'
[0.233s] Level 1:colcon.colcon_core.package_identification:_identify(src/zed-ros2-wrapper/images) by extension 'python'
[0.233s] Level 1:colcon.colcon_core.package_identification:_identify(src/zed-ros2-wrapper/images) by extensions ['python_setup_py']
[0.233s] Level 1:colcon.colcon_core.package_identification:_identify(src/zed-ros2-wrapper/images) by extension 'python_setup_py'
[0.233s] Level 1:colcon.colcon_core.package_identification:_identify(src/zed-ros2-wrapper/zed_components) by extensions ['ignore', 'ignore_ament_install']
[0.234s] Level 1:colcon.colcon_core.package_identification:_identify(src/zed-ros2-wrapper/zed_components) by extension 'ignore'
[0.234s] Level 1:colcon.colcon_core.package_identification:_identify(src/zed-ros2-wrapper/zed_components) by extension 'ignore_ament_install'
[0.234s] Level 1:colcon.colcon_core.package_identification:_identify(src/zed-ros2-wrapper/zed_components) by extensions ['colcon_pkg']
[0.234s] Level 1:colcon.colcon_core.package_identification:_identify(src/zed-ros2-wrapper/zed_components) by extension 'colcon_pkg'
[0.234s] Level 1:colcon.colcon_core.package_identification:_identify(src/zed-ros2-wrapper/zed_components) by extensions ['colcon_meta']
[0.234s] Level 1:colcon.colcon_core.package_identification:_identify(src/zed-ros2-wrapper/zed_components) by extension 'colcon_meta'
[0.234s] Level 1:colcon.colcon_core.package_identification:_identify(src/zed-ros2-wrapper/zed_components) by extensions ['ros']
[0.234s] Level 1:colcon.colcon_core.package_identification:_identify(src/zed-ros2-wrapper/zed_components) by extension 'ros'
[0.234s] DEBUG:colcon.colcon_core.package_identification:Package 'src/zed-ros2-wrapper/zed_components' with type 'ros.ament_cmake' and name 'zed_components'
[0.234s] Level 1:colcon.colcon_core.package_identification:_identify(src/zed-ros2-wrapper/zed_ros2) by extensions ['ignore', 'ignore_ament_install']
[0.234s] Level 1:colcon.colcon_core.package_identification:_identify(src/zed-ros2-wrapper/zed_ros2) by extension 'ignore'
[0.234s] Level 1:colcon.colcon_core.package_identification:_identify(src/zed-ros2-wrapper/zed_ros2) by extension 'ignore_ament_install'
[0.234s] Level 1:colcon.colcon_core.package_identification:_identify(src/zed-ros2-wrapper/zed_ros2) by extensions ['colcon_pkg']
[0.234s] Level 1:colcon.colcon_core.package_identification:_identify(src/zed-ros2-wrapper/zed_ros2) by extension 'colcon_pkg'
[0.235s] Level 1:colcon.colcon_core.package_identification:_identify(src/zed-ros2-wrapper/zed_ros2) by extensions ['colcon_meta']
[0.235s] Level 1:colcon.colcon_core.package_identification:_identify(src/zed-ros2-wrapper/zed_ros2) by extension 'colcon_meta'
[0.235s] Level 1:colcon.colcon_core.package_identification:_identify(src/zed-ros2-wrapper/zed_ros2) by extensions ['ros']
[0.235s] Level 1:colcon.colcon_core.package_identification:_identify(src/zed-ros2-wrapper/zed_ros2) by extension 'ros'
[0.235s] DEBUG:colcon.colcon_core.package_identification:Package 'src/zed-ros2-wrapper/zed_ros2' with type 'ros.ament_cmake' and name 'zed_ros2'
[0.235s] Level 1:colcon.colcon_core.package_identification:_identify(src/zed-ros2-wrapper/zed_wrapper) by extensions ['ignore', 'ignore_ament_install']
[0.235s] Level 1:colcon.colcon_core.package_identification:_identify(src/zed-ros2-wrapper/zed_wrapper) by extension 'ignore'
[0.235s] Level 1:colcon.colcon_core.package_identification:_identify(src/zed-ros2-wrapper/zed_wrapper) by extension 'ignore_ament_install'
[0.235s] Level 1:colcon.colcon_core.package_identification:_identify(src/zed-ros2-wrapper/zed_wrapper) by extensions ['colcon_pkg']
[0.235s] Level 1:colcon.colcon_core.package_identification:_identify(src/zed-ros2-wrapper/zed_wrapper) by extension 'colcon_pkg'
[0.235s] Level 1:colcon.colcon_core.package_identification:_identify(src/zed-ros2-wrapper/zed_wrapper) by extensions ['colcon_meta']
[0.235s] Level 1:colcon.colcon_core.package_identification:_identify(src/zed-ros2-wrapper/zed_wrapper) by extension 'colcon_meta'
[0.235s] Level 1:colcon.colcon_core.package_identification:_identify(src/zed-ros2-wrapper/zed_wrapper) by extensions ['ros']
[0.235s] Level 1:colcon.colcon_core.package_identification:_identify(src/zed-ros2-wrapper/zed_wrapper) by extension 'ros'
[0.236s] DEBUG:colcon.colcon_core.package_identification:Package 'src/zed-ros2-wrapper/zed_wrapper' with type 'ros.ament_cmake' and name 'zed_wrapper'
[0.236s] Level 1:colcon.colcon_core.package_discovery:discover_packages(recursive) using defaults
[0.236s] Level 1:colcon.colcon_core.package_discovery:discover_packages(ignore) discover
[0.236s] Level 1:colcon.colcon_core.package_discovery:discover_packages(ignore) using defaults
[0.236s] Level 1:colcon.colcon_core.package_discovery:discover_packages(path) discover
[0.236s] Level 1:colcon.colcon_core.package_discovery:discover_packages(path) using defaults
[0.254s] Level 1:colcon.colcon_core.package_discovery:discover_packages(prefix_path) check parameters
[0.254s] Level 1:colcon.colcon_core.package_discovery:discover_packages(prefix_path) discover
[0.256s] DEBUG:colcon.colcon_installed_package_information.package_discovery:Found 35 installed packages in /home/mk/dev_ws/install
[0.257s] DEBUG:colcon.colcon_installed_package_information.package_discovery:Found 365 installed packages in /opt/ros/humble
[0.259s] Level 1:colcon.colcon_core.package_discovery:discover_packages(prefix_path) using defaults
[0.282s] Level 5:colcon.colcon_core.verb:set package 'audio_listener' build argument 'cmake_args' from command line to 'None'
[0.282s] Level 5:colcon.colcon_core.verb:set package 'audio_listener' build argument 'cmake_target' from command line to 'None'
[0.282s] Level 5:colcon.colcon_core.verb:set package 'audio_listener' build argument 'cmake_target_skip_unavailable' from command line to 'False'
[0.282s] Level 5:colcon.colcon_core.verb:set package 'audio_listener' build argument 'cmake_clean_cache' from command line to 'False'
[0.282s] Level 5:colcon.colcon_core.verb:set package 'audio_listener' build argument 'cmake_clean_first' from command line to 'False'
[0.282s] Level 5:colcon.colcon_core.verb:set package 'audio_listener' build argument 'cmake_force_configure' from command line to 'False'
[0.282s] Level 5:colcon.colcon_core.verb:set package 'audio_listener' build argument 'ament_cmake_args' from command line to 'None'
[0.283s] Level 5:colcon.colcon_core.verb:set package 'audio_listener' build argument 'catkin_cmake_args' from command line to 'None'
[0.283s] Level 5:colcon.colcon_core.verb:set package 'audio_listener' build argument 'catkin_skip_building_tests' from command line to 'False'
[0.283s] DEBUG:colcon.colcon_core.verb:Building package 'audio_listener' with the following arguments: {'ament_cmake_args': None, 'build_base': '/home/mk/dev_ws/build/audio_listener', 'catkin_cmake_args': None, 'catkin_skip_building_tests': False, 'cmake_args': None, 'cmake_clean_cache': False, 'cmake_clean_first': False, 'cmake_force_configure': False, 'cmake_target': None, 'cmake_target_skip_unavailable': False, 'install_base': '/home/mk/dev_ws/install/audio_listener', 'merge_install': False, 'path': '/home/mk/dev_ws/src/ros2_whisper/audio_listener', 'symlink_install': False, 'test_result_base': None}
[0.283s] Level 5:colcon.colcon_core.verb:set package 'collision_check' build argument 'cmake_args' from command line to 'None'
[0.283s] Level 5:colcon.colcon_core.verb:set package 'collision_check' build argument 'cmake_target' from command line to 'None'
[0.283s] Level 5:colcon.colcon_core.verb:set package 'collision_check' build argument 'cmake_target_skip_unavailable' from command line to 'False'
[0.283s] Level 5:colcon.colcon_core.verb:set package 'collision_check' build argument 'cmake_clean_cache' from command line to 'False'
[0.283s] Level 5:colcon.colcon_core.verb:set package 'collision_check' build argument 'cmake_clean_first' from command line to 'False'
[0.283s] Level 5:colcon.colcon_core.verb:set package 'collision_check' build argument 'cmake_force_configure' from command line to 'False'
[0.283s] Level 5:colcon.colcon_core.verb:set package 'collision_check' build argument 'ament_cmake_args' from command line to 'None'
[0.283s] Level 5:colcon.colcon_core.verb:set package 'collision_check' build argument 'catkin_cmake_args' from command line to 'None'
[0.283s] Level 5:colcon.colcon_core.verb:set package 'collision_check' build argument 'catkin_skip_building_tests' from command line to 'False'
[0.283s] DEBUG:colcon.colcon_core.verb:Building package 'collision_check' with the following arguments: {'ament_cmake_args': None, 'build_base': '/home/mk/dev_ws/build/collision_check', 'catkin_cmake_args': None, 'catkin_skip_building_tests': False, 'cmake_args': None, 'cmake_clean_cache': False, 'cmake_clean_first': False, 'cmake_force_configure': False, 'cmake_target': None, 'cmake_target_skip_unavailable': False, 'install_base': '/home/mk/dev_ws/install/collision_check', 'merge_install': False, 'path': '/home/mk/dev_ws/src/collision_check', 'symlink_install': False, 'test_result_base': None}
[0.283s] Level 5:colcon.colcon_core.verb:set package 'gaze_control' build argument 'cmake_args' from command line to 'None'
[0.283s] Level 5:colcon.colcon_core.verb:set package 'gaze_control' build argument 'cmake_target' from command line to 'None'
[0.283s] Level 5:colcon.colcon_core.verb:set package 'gaze_control' build argument 'cmake_target_skip_unavailable' from command line to 'False'
[0.283s] Level 5:colcon.colcon_core.verb:set package 'gaze_control' build argument 'cmake_clean_cache' from command line to 'False'
[0.283s] Level 5:colcon.colcon_core.verb:set package 'gaze_control' build argument 'cmake_clean_first' from command line to 'False'
[0.283s] Level 5:colcon.colcon_core.verb:set package 'gaze_control' build argument 'cmake_force_configure' from command line to 'False'
[0.283s] Level 5:colcon.colcon_core.verb:set package 'gaze_control' build argument 'ament_cmake_args' from command line to 'None'
[0.283s] Level 5:colcon.colcon_core.verb:set package 'gaze_control' build argument 'catkin_cmake_args' from command line to 'None'
[0.283s] Level 5:colcon.colcon_core.verb:set package 'gaze_control' build argument 'catkin_skip_building_tests' from command line to 'False'
[0.283s] DEBUG:colcon.colcon_core.verb:Building package 'gaze_control' with the following arguments: {'ament_cmake_args': None, 'build_base': '/home/mk/dev_ws/build/gaze_control', 'catkin_cmake_args': None, 'catkin_skip_building_tests': False, 'cmake_args': None, 'cmake_clean_cache': False, 'cmake_clean_first': False, 'cmake_force_configure': False, 'cmake_target': None, 'cmake_target_skip_unavailable': False, 'install_base': '/home/mk/dev_ws/install/gaze_control', 'merge_install': False, 'path': '/home/mk/dev_ws/src/gaze_control', 'symlink_install': False, 'test_result_base': None}
[0.283s] Level 5:colcon.colcon_core.verb:set package 'mbot_demo' build argument 'cmake_args' from command line to 'None'
[0.283s] Level 5:colcon.colcon_core.verb:set package 'mbot_demo' build argument 'cmake_target' from command line to 'None'
[0.283s] Level 5:colcon.colcon_core.verb:set package 'mbot_demo' build argument 'cmake_target_skip_unavailable' from command line to 'False'
[0.283s] Level 5:colcon.colcon_core.verb:set package 'mbot_demo' build argument 'cmake_clean_cache' from command line to 'False'
[0.283s] Level 5:colcon.colcon_core.verb:set package 'mbot_demo' build argument 'cmake_clean_first' from command line to 'False'
[0.283s] Level 5:colcon.colcon_core.verb:set package 'mbot_demo' build argument 'cmake_force_configure' from command line to 'False'
[0.283s] Level 5:colcon.colcon_core.verb:set package 'mbot_demo' build argument 'ament_cmake_args' from command line to 'None'
[0.283s] Level 5:colcon.colcon_core.verb:set package 'mbot_demo' build argument 'catkin_cmake_args' from command line to 'None'
[0.283s] Level 5:colcon.colcon_core.verb:set package 'mbot_demo' build argument 'catkin_skip_building_tests' from command line to 'False'
[0.283s] DEBUG:colcon.colcon_core.verb:Building package 'mbot_demo' with the following arguments: {'ament_cmake_args': None, 'build_base': '/home/mk/dev_ws/build/mbot_demo', 'catkin_cmake_args': None, 'catkin_skip_building_tests': False, 'cmake_args': None, 'cmake_clean_cache': False, 'cmake_clean_first': False, 'cmake_force_configure': False, 'cmake_target': None, 'cmake_target_skip_unavailable': False, 'install_base': '/home/mk/dev_ws/install/mbot_demo', 'merge_install': False, 'path': '/home/mk/dev_ws/src/xarm_ros2/demo/mbot_demo', 'symlink_install': False, 'test_result_base': None}
[0.283s] Level 5:colcon.colcon_core.verb:set package 'my_3d_vision_bringup' build argument 'cmake_args' from command line to 'None'
[0.283s] Level 5:colcon.colcon_core.verb:set package 'my_3d_vision_bringup' build argument 'cmake_target' from command line to 'None'
[0.283s] Level 5:colcon.colcon_core.verb:set package 'my_3d_vision_bringup' build argument 'cmake_target_skip_unavailable' from command line to 'False'
[0.283s] Level 5:colcon.colcon_core.verb:set package 'my_3d_vision_bringup' build argument 'cmake_clean_cache' from command line to 'False'
[0.283s] Level 5:colcon.colcon_core.verb:set package 'my_3d_vision_bringup' build argument 'cmake_clean_first' from command line to 'False'
[0.283s] Level 5:colcon.colcon_core.verb:set package 'my_3d_vision_bringup' build argument 'cmake_force_configure' from command line to 'False'
[0.283s] Level 5:colcon.colcon_core.verb:set package 'my_3d_vision_bringup' build argument 'ament_cmake_args' from command line to 'None'
[0.283s] Level 5:colcon.colcon_core.verb:set package 'my_3d_vision_bringup' build argument 'catkin_cmake_args' from command line to 'None'
[0.284s] Level 5:colcon.colcon_core.verb:set package 'my_3d_vision_bringup' build argument 'catkin_skip_building_tests' from command line to 'False'
[0.284s] DEBUG:colcon.colcon_core.verb:Building package 'my_3d_vision_bringup' with the following arguments: {'ament_cmake_args': None, 'build_base': '/home/mk/dev_ws/build/my_3d_vision_bringup', 'catkin_cmake_args': None, 'catkin_skip_building_tests': False, 'cmake_args': None, 'cmake_clean_cache': False, 'cmake_clean_first': False, 'cmake_force_configure': False, 'cmake_target': None, 'cmake_target_skip_unavailable': False, 'install_base': '/home/mk/dev_ws/install/my_3d_vision_bringup', 'merge_install': False, 'path': '/home/mk/dev_ws/src/my_3d_vision_bringup', 'symlink_install': False, 'test_result_base': None}
[0.284s] Level 5:colcon.colcon_core.verb:set package 'realsense_gazebo_plugin' build argument 'cmake_args' from command line to 'None'
[0.284s] Level 5:colcon.colcon_core.verb:set package 'realsense_gazebo_plugin' build argument 'cmake_target' from command line to 'None'
[0.284s] Level 5:colcon.colcon_core.verb:set package 'realsense_gazebo_plugin' build argument 'cmake_target_skip_unavailable' from command line to 'False'
[0.284s] Level 5:colcon.colcon_core.verb:set package 'realsense_gazebo_plugin' build argument 'cmake_clean_cache' from command line to 'False'
[0.284s] Level 5:colcon.colcon_core.verb:set package 'realsense_gazebo_plugin' build argument 'cmake_clean_first' from command line to 'False'
[0.284s] Level 5:colcon.colcon_core.verb:set package 'realsense_gazebo_plugin' build argument 'cmake_force_configure' from command line to 'False'
[0.284s] Level 5:colcon.colcon_core.verb:set package 'realsense_gazebo_plugin' build argument 'ament_cmake_args' from command line to 'None'
[0.284s] Level 5:colcon.colcon_core.verb:set package 'realsense_gazebo_plugin' build argument 'catkin_cmake_args' from command line to 'None'
[0.284s] Level 5:colcon.colcon_core.verb:set package 'realsense_gazebo_plugin' build argument 'catkin_skip_building_tests' from command line to 'False'
[0.284s] DEBUG:colcon.colcon_core.verb:Building package 'realsense_gazebo_plugin' with the following arguments: {'ament_cmake_args': None, 'build_base': '/home/mk/dev_ws/build/realsense_gazebo_plugin', 'catkin_cmake_args': None, 'catkin_skip_building_tests': False, 'cmake_args': None, 'cmake_clean_cache': False, 'cmake_clean_first': False, 'cmake_force_configure': False, 'cmake_target': None, 'cmake_target_skip_unavailable': False, 'install_base': '/home/mk/dev_ws/install/realsense_gazebo_plugin', 'merge_install': False, 'path': '/home/mk/dev_ws/src/xarm_ros2/thirdparty/realsense_gazebo_plugin', 'symlink_install': False, 'test_result_base': None}
[0.284s] Level 5:colcon.colcon_core.verb:set package 'robot_motion_handler_movegroup' build argument 'cmake_args' from command line to 'None'
[0.284s] Level 5:colcon.colcon_core.verb:set package 'robot_motion_handler_movegroup' build argument 'cmake_target' from command line to 'None'
[0.284s] Level 5:colcon.colcon_core.verb:set package 'robot_motion_handler_movegroup' build argument 'cmake_target_skip_unavailable' from command line to 'False'
[0.284s] Level 5:colcon.colcon_core.verb:set package 'robot_motion_handler_movegroup' build argument 'cmake_clean_cache' from command line to 'False'
[0.284s] Level 5:colcon.colcon_core.verb:set package 'robot_motion_handler_movegroup' build argument 'cmake_clean_first' from command line to 'False'
[0.284s] Level 5:colcon.colcon_core.verb:set package 'robot_motion_handler_movegroup' build argument 'cmake_force_configure' from command line to 'False'
[0.284s] Level 5:colcon.colcon_core.verb:set package 'robot_motion_handler_movegroup' build argument 'ament_cmake_args' from command line to 'None'
[0.284s] Level 5:colcon.colcon_core.verb:set package 'robot_motion_handler_movegroup' build argument 'catkin_cmake_args' from command line to 'None'
[0.284s] Level 5:colcon.colcon_core.verb:set package 'robot_motion_handler_movegroup' build argument 'catkin_skip_building_tests' from command line to 'False'
[0.284s] DEBUG:colcon.colcon_core.verb:Building package 'robot_motion_handler_movegroup' with the following arguments: {'ament_cmake_args': None, 'build_base': '/home/mk/dev_ws/build/robot_motion_handler_movegroup', 'catkin_cmake_args': None, 'catkin_skip_building_tests': False, 'cmake_args': None, 'cmake_clean_cache': False, 'cmake_clean_first': False, 'cmake_force_configure': False, 'cmake_target': None, 'cmake_target_skip_unavailable': False, 'install_base': '/home/mk/dev_ws/install/robot_motion_handler_movegroup', 'merge_install': False, 'path': '/home/mk/dev_ws/src/robot_motion_handler_movegroup', 'symlink_install': False, 'test_result_base': None}
[0.284s] Level 5:colcon.colcon_core.verb:set package 'rviz_marker_static_scene_objects' build argument 'cmake_args' from command line to 'None'
[0.284s] Level 5:colcon.colcon_core.verb:set package 'rviz_marker_static_scene_objects' build argument 'cmake_target' from command line to 'None'
[0.284s] Level 5:colcon.colcon_core.verb:set package 'rviz_marker_static_scene_objects' build argument 'cmake_target_skip_unavailable' from command line to 'False'
[0.284s] Level 5:colcon.colcon_core.verb:set package 'rviz_marker_static_scene_objects' build argument 'cmake_clean_cache' from command line to 'False'
[0.284s] Level 5:colcon.colcon_core.verb:set package 'rviz_marker_static_scene_objects' build argument 'cmake_clean_first' from command line to 'False'
[0.284s] Level 5:colcon.colcon_core.verb:set package 'rviz_marker_static_scene_objects' build argument 'cmake_force_configure' from command line to 'False'
[0.284s] Level 5:colcon.colcon_core.verb:set package 'rviz_marker_static_scene_objects' build argument 'ament_cmake_args' from command line to 'None'
[0.284s] Level 5:colcon.colcon_core.verb:set package 'rviz_marker_static_scene_objects' build argument 'catkin_cmake_args' from command line to 'None'
[0.284s] Level 5:colcon.colcon_core.verb:set package 'rviz_marker_static_scene_objects' build argument 'catkin_skip_building_tests' from command line to 'False'
[0.284s] DEBUG:colcon.colcon_core.verb:Building package 'rviz_marker_static_scene_objects' with the following arguments: {'ament_cmake_args': None, 'build_base': '/home/mk/dev_ws/build/rviz_marker_static_scene_objects', 'catkin_cmake_args': None, 'catkin_skip_building_tests': False, 'cmake_args': None, 'cmake_clean_cache': False, 'cmake_clean_first': False, 'cmake_force_configure': False, 'cmake_target': None, 'cmake_target_skip_unavailable': False, 'install_base': '/home/mk/dev_ws/install/rviz_marker_static_scene_objects', 'merge_install': False, 'path': '/home/mk/dev_ws/src/rviz_marker_static_scene_objects', 'symlink_install': False, 'test_result_base': None}
[0.284s] Level 5:colcon.colcon_core.verb:set package 'rviz_servo_status_overlay' build argument 'cmake_args' from command line to 'None'
[0.284s] Level 5:colcon.colcon_core.verb:set package 'rviz_servo_status_overlay' build argument 'cmake_target' from command line to 'None'
[0.284s] Level 5:colcon.colcon_core.verb:set package 'rviz_servo_status_overlay' build argument 'cmake_target_skip_unavailable' from command line to 'False'
[0.284s] Level 5:colcon.colcon_core.verb:set package 'rviz_servo_status_overlay' build argument 'cmake_clean_cache' from command line to 'False'
[0.284s] Level 5:colcon.colcon_core.verb:set package 'rviz_servo_status_overlay' build argument 'cmake_clean_first' from command line to 'False'
[0.284s] Level 5:colcon.colcon_core.verb:set package 'rviz_servo_status_overlay' build argument 'cmake_force_configure' from command line to 'False'
[0.284s] Level 5:colcon.colcon_core.verb:set package 'rviz_servo_status_overlay' build argument 'ament_cmake_args' from command line to 'None'
[0.284s] Level 5:colcon.colcon_core.verb:set package 'rviz_servo_status_overlay' build argument 'catkin_cmake_args' from command line to 'None'
[0.284s] Level 5:colcon.colcon_core.verb:set package 'rviz_servo_status_overlay' build argument 'catkin_skip_building_tests' from command line to 'False'
[0.284s] DEBUG:colcon.colcon_core.verb:Building package 'rviz_servo_status_overlay' with the following arguments: {'ament_cmake_args': None, 'build_base': '/home/mk/dev_ws/build/rviz_servo_status_overlay', 'catkin_cmake_args': None, 'catkin_skip_building_tests': False, 'cmake_args': None, 'cmake_clean_cache': False, 'cmake_clean_first': False, 'cmake_force_configure': False, 'cmake_target': None, 'cmake_target_skip_unavailable': False, 'install_base': '/home/mk/dev_ws/install/rviz_servo_status_overlay', 'merge_install': False, 'path': '/home/mk/dev_ws/src/rviz_servo_status_overlay', 'symlink_install': False, 'test_result_base': None}
[0.285s] Level 5:colcon.colcon_core.verb:set package 'uf_ros_lib' build argument 'cmake_args' from command line to 'None'
[0.285s] Level 5:colcon.colcon_core.verb:set package 'uf_ros_lib' build argument 'cmake_target' from command line to 'None'
[0.285s] Level 5:colcon.colcon_core.verb:set package 'uf_ros_lib' build argument 'cmake_target_skip_unavailable' from command line to 'False'
[0.285s] Level 5:colcon.colcon_core.verb:set package 'uf_ros_lib' build argument 'cmake_clean_cache' from command line to 'False'
[0.285s] Level 5:colcon.colcon_core.verb:set package 'uf_ros_lib' build argument 'cmake_clean_first' from command line to 'False'
[0.285s] Level 5:colcon.colcon_core.verb:set package 'uf_ros_lib' build argument 'cmake_force_configure' from command line to 'False'
[0.285s] Level 5:colcon.colcon_core.verb:set package 'uf_ros_lib' build argument 'ament_cmake_args' from command line to 'None'
[0.285s] Level 5:colcon.colcon_core.verb:set package 'uf_ros_lib' build argument 'catkin_cmake_args' from command line to 'None'
[0.285s] Level 5:colcon.colcon_core.verb:set package 'uf_ros_lib' build argument 'catkin_skip_building_tests' from command line to 'False'
[0.285s] DEBUG:colcon.colcon_core.verb:Building package 'uf_ros_lib' with the following arguments: {'ament_cmake_args': None, 'build_base': '/home/mk/dev_ws/build/uf_ros_lib', 'catkin_cmake_args': None, 'catkin_skip_building_tests': False, 'cmake_args': None, 'cmake_clean_cache': False, 'cmake_clean_first': False, 'cmake_force_configure': False, 'cmake_target': None, 'cmake_target_skip_unavailable': False, 'install_base': '/home/mk/dev_ws/install/uf_ros_lib', 'merge_install': False, 'path': '/home/mk/dev_ws/src/xarm_ros2/uf_ros_lib', 'symlink_install': False, 'test_result_base': None}
[0.285s] Level 5:colcon.colcon_core.verb:set package 'whisper_cpp_vendor' build argument 'cmake_args' from command line to 'None'
[0.285s] Level 5:colcon.colcon_core.verb:set package 'whisper_cpp_vendor' build argument 'cmake_target' from command line to 'None'
[0.285s] Level 5:colcon.colcon_core.verb:set package 'whisper_cpp_vendor' build argument 'cmake_target_skip_unavailable' from command line to 'False'
[0.285s] Level 5:colcon.colcon_core.verb:set package 'whisper_cpp_vendor' build argument 'cmake_clean_cache' from command line to 'False'
[0.285s] Level 5:colcon.colcon_core.verb:set package 'whisper_cpp_vendor' build argument 'cmake_clean_first' from command line to 'False'
[0.285s] Level 5:colcon.colcon_core.verb:set package 'whisper_cpp_vendor' build argument 'cmake_force_configure' from command line to 'False'
[0.285s] Level 5:colcon.colcon_core.verb:set package 'whisper_cpp_vendor' build argument 'ament_cmake_args' from command line to 'None'
[0.285s] Level 5:colcon.colcon_core.verb:set package 'whisper_cpp_vendor' build argument 'catkin_cmake_args' from command line to 'None'
[0.285s] Level 5:colcon.colcon_core.verb:set package 'whisper_cpp_vendor' build argument 'catkin_skip_building_tests' from command line to 'False'
[0.285s] DEBUG:colcon.colcon_core.verb:Building package 'whisper_cpp_vendor' with the following arguments: {'ament_cmake_args': None, 'build_base': '/home/mk/dev_ws/build/whisper_cpp_vendor', 'catkin_cmake_args': None, 'catkin_skip_building_tests': False, 'cmake_args': None, 'cmake_clean_cache': False, 'cmake_clean_first': False, 'cmake_force_configure': False, 'cmake_target': None, 'cmake_target_skip_unavailable': False, 'install_base': '/home/mk/dev_ws/install/whisper_cpp_vendor', 'merge_install': False, 'path': '/home/mk/dev_ws/src/ros2_whisper/whisper_cpp_vendor', 'symlink_install': False, 'test_result_base': None}
[0.285s] Level 5:colcon.colcon_core.verb:set package 'whisper_idl' build argument 'cmake_args' from command line to 'None'
[0.285s] Level 5:colcon.colcon_core.verb:set package 'whisper_idl' build argument 'cmake_target' from command line to 'None'
[0.285s] Level 5:colcon.colcon_core.verb:set package 'whisper_idl' build argument 'cmake_target_skip_unavailable' from command line to 'False'
[0.285s] Level 5:colcon.colcon_core.verb:set package 'whisper_idl' build argument 'cmake_clean_cache' from command line to 'False'
[0.285s] Level 5:colcon.colcon_core.verb:set package 'whisper_idl' build argument 'cmake_clean_first' from command line to 'False'
[0.285s] Level 5:colcon.colcon_core.verb:set package 'whisper_idl' build argument 'cmake_force_configure' from command line to 'False'
[0.285s] Level 5:colcon.colcon_core.verb:set package 'whisper_idl' build argument 'ament_cmake_args' from command line to 'None'
[0.285s] Level 5:colcon.colcon_core.verb:set package 'whisper_idl' build argument 'catkin_cmake_args' from command line to 'None'
[0.285s] Level 5:colcon.colcon_core.verb:set package 'whisper_idl' build argument 'catkin_skip_building_tests' from command line to 'False'
[0.285s] DEBUG:colcon.colcon_core.verb:Building package 'whisper_idl' with the following arguments: {'ament_cmake_args': None, 'build_base': '/home/mk/dev_ws/build/whisper_idl', 'catkin_cmake_args': None, 'catkin_skip_building_tests': False, 'cmake_args': None, 'cmake_clean_cache': False, 'cmake_clean_first': False, 'cmake_force_configure': False, 'cmake_target': None, 'cmake_target_skip_unavailable': False, 'install_base': '/home/mk/dev_ws/install/whisper_idl', 'merge_install': False, 'path': '/home/mk/dev_ws/src/ros2_whisper/whisper_idl', 'symlink_install': False, 'test_result_base': None}
[0.285s] Level 5:colcon.colcon_core.verb:set package 'xarm_description' build argument 'cmake_args' from command line to 'None'
[0.285s] Level 5:colcon.colcon_core.verb:set package 'xarm_description' build argument 'cmake_target' from command line to 'None'
[0.285s] Level 5:colcon.colcon_core.verb:set package 'xarm_description' build argument 'cmake_target_skip_unavailable' from command line to 'False'
[0.285s] Level 5:colcon.colcon_core.verb:set package 'xarm_description' build argument 'cmake_clean_cache' from command line to 'False'
[0.285s] Level 5:colcon.colcon_core.verb:set package 'xarm_description' build argument 'cmake_clean_first' from command line to 'False'
[0.285s] Level 5:colcon.colcon_core.verb:set package 'xarm_description' build argument 'cmake_force_configure' from command line to 'False'
[0.285s] Level 5:colcon.colcon_core.verb:set package 'xarm_description' build argument 'ament_cmake_args' from command line to 'None'
[0.285s] Level 5:colcon.colcon_core.verb:set package 'xarm_description' build argument 'catkin_cmake_args' from command line to 'None'
[0.285s] Level 5:colcon.colcon_core.verb:set package 'xarm_description' build argument 'catkin_skip_building_tests' from command line to 'False'
[0.285s] DEBUG:colcon.colcon_core.verb:Building package 'xarm_description' with the following arguments: {'ament_cmake_args': None, 'build_base': '/home/mk/dev_ws/build/xarm_description', 'catkin_cmake_args': None, 'catkin_skip_building_tests': False, 'cmake_args': None, 'cmake_clean_cache': False, 'cmake_clean_first': False, 'cmake_force_configure': False, 'cmake_target': None, 'cmake_target_skip_unavailable': False, 'install_base': '/home/mk/dev_ws/install/xarm_description', 'merge_install': False, 'path': '/home/mk/dev_ws/src/xarm_ros2/xarm_description', 'symlink_install': False, 'test_result_base': None}
[0.285s] Level 5:colcon.colcon_core.verb:set package 'xarm_msgs' build argument 'cmake_args' from command line to 'None'
[0.285s] Level 5:colcon.colcon_core.verb:set package 'xarm_msgs' build argument 'cmake_target' from command line to 'None'
[0.285s] Level 5:colcon.colcon_core.verb:set package 'xarm_msgs' build argument 'cmake_target_skip_unavailable' from command line to 'False'
[0.285s] Level 5:colcon.colcon_core.verb:set package 'xarm_msgs' build argument 'cmake_clean_cache' from command line to 'False'
[0.285s] Level 5:colcon.colcon_core.verb:set package 'xarm_msgs' build argument 'cmake_clean_first' from command line to 'False'
[0.285s] Level 5:colcon.colcon_core.verb:set package 'xarm_msgs' build argument 'cmake_force_configure' from command line to 'False'
[0.285s] Level 5:colcon.colcon_core.verb:set package 'xarm_msgs' build argument 'ament_cmake_args' from command line to 'None'
[0.285s] Level 5:colcon.colcon_core.verb:set package 'xarm_msgs' build argument 'catkin_cmake_args' from command line to 'None'
[0.285s] Level 5:colcon.colcon_core.verb:set package 'xarm_msgs' build argument 'catkin_skip_building_tests' from command line to 'False'
[0.285s] DEBUG:colcon.colcon_core.verb:Building package 'xarm_msgs' with the following arguments: {'ament_cmake_args': None, 'build_base': '/home/mk/dev_ws/build/xarm_msgs', 'catkin_cmake_args': None, 'catkin_skip_building_tests': False, 'cmake_args': None, 'cmake_clean_cache': False, 'cmake_clean_first': False, 'cmake_force_configure': False, 'cmake_target': None, 'cmake_target_skip_unavailable': False, 'install_base': '/home/mk/dev_ws/install/xarm_msgs', 'merge_install': False, 'path': '/home/mk/dev_ws/src/xarm_ros2/xarm_msgs', 'symlink_install': False, 'test_result_base': None}
[0.286s] Level 5:colcon.colcon_core.verb:set package 'xarm_sdk' build argument 'cmake_args' from command line to 'None'
[0.286s] Level 5:colcon.colcon_core.verb:set package 'xarm_sdk' build argument 'cmake_target' from command line to 'None'
[0.286s] Level 5:colcon.colcon_core.verb:set package 'xarm_sdk' build argument 'cmake_target_skip_unavailable' from command line to 'False'
[0.286s] Level 5:colcon.colcon_core.verb:set package 'xarm_sdk' build argument 'cmake_clean_cache' from command line to 'False'
[0.286s] Level 5:colcon.colcon_core.verb:set package 'xarm_sdk' build argument 'cmake_clean_first' from command line to 'False'
[0.286s] Level 5:colcon.colcon_core.verb:set package 'xarm_sdk' build argument 'cmake_force_configure' from command line to 'False'
[0.286s] Level 5:colcon.colcon_core.verb:set package 'xarm_sdk' build argument 'ament_cmake_args' from command line to 'None'
[0.286s] Level 5:colcon.colcon_core.verb:set package 'xarm_sdk' build argument 'catkin_cmake_args' from command line to 'None'
[0.286s] Level 5:colcon.colcon_core.verb:set package 'xarm_sdk' build argument 'catkin_skip_building_tests' from command line to 'False'
[0.286s] DEBUG:colcon.colcon_core.verb:Building package 'xarm_sdk' with the following arguments: {'ament_cmake_args': None, 'build_base': '/home/mk/dev_ws/build/xarm_sdk', 'catkin_cmake_args': None, 'catkin_skip_building_tests': False, 'cmake_args': None, 'cmake_clean_cache': False, 'cmake_clean_first': False, 'cmake_force_configure': False, 'cmake_target': None, 'cmake_target_skip_unavailable': False, 'install_base': '/home/mk/dev_ws/install/xarm_sdk', 'merge_install': False, 'path': '/home/mk/dev_ws/src/xarm_ros2/xarm_sdk', 'symlink_install': False, 'test_result_base': None}
[0.286s] Level 5:colcon.colcon_core.verb:set package 'yolo_object_detector' build argument 'cmake_args' from command line to 'None'
[0.286s] Level 5:colcon.colcon_core.verb:set package 'yolo_object_detector' build argument 'cmake_target' from command line to 'None'
[0.286s] Level 5:colcon.colcon_core.verb:set package 'yolo_object_detector' build argument 'cmake_target_skip_unavailable' from command line to 'False'
[0.286s] Level 5:colcon.colcon_core.verb:set package 'yolo_object_detector' build argument 'cmake_clean_cache' from command line to 'False'
[0.286s] Level 5:colcon.colcon_core.verb:set package 'yolo_object_detector' build argument 'cmake_clean_first' from command line to 'False'
[0.286s] Level 5:colcon.colcon_core.verb:set package 'yolo_object_detector' build argument 'cmake_force_configure' from command line to 'False'
[0.286s] Level 5:colcon.colcon_core.verb:set package 'yolo_object_detector' build argument 'ament_cmake_args' from command line to 'None'
[0.286s] Level 5:colcon.colcon_core.verb:set package 'yolo_object_detector' build argument 'catkin_cmake_args' from command line to 'None'
[0.286s] Level 5:colcon.colcon_core.verb:set package 'yolo_object_detector' build argument 'catkin_skip_building_tests' from command line to 'False'
[0.286s] DEBUG:colcon.colcon_core.verb:Building package 'yolo_object_detector' with the following arguments: {'ament_cmake_args': None, 'build_base': '/home/mk/dev_ws/build/yolo_object_detector', 'catkin_cmake_args': None, 'catkin_skip_building_tests': False, 'cmake_args': None, 'cmake_clean_cache': False, 'cmake_clean_first': False, 'cmake_force_configure': False, 'cmake_target': None, 'cmake_target_skip_unavailable': False, 'install_base': '/home/mk/dev_ws/install/yolo_object_detector', 'merge_install': False, 'path': '/home/mk/dev_ws/src/yolo_object_detector', 'symlink_install': False, 'test_result_base': None}
[0.286s] Level 5:colcon.colcon_core.verb:set package 'zed_interfaces' build argument 'cmake_args' from command line to 'None'
[0.286s] Level 5:colcon.colcon_core.verb:set package 'zed_interfaces' build argument 'cmake_target' from command line to 'None'
[0.286s] Level 5:colcon.colcon_core.verb:set package 'zed_interfaces' build argument 'cmake_target_skip_unavailable' from command line to 'False'
[0.286s] Level 5:colcon.colcon_core.verb:set package 'zed_interfaces' build argument 'cmake_clean_cache' from command line to 'False'
[0.286s] Level 5:colcon.colcon_core.verb:set package 'zed_interfaces' build argument 'cmake_clean_first' from command line to 'False'
[0.286s] Level 5:colcon.colcon_core.verb:set package 'zed_interfaces' build argument 'cmake_force_configure' from command line to 'False'
[0.286s] Level 5:colcon.colcon_core.verb:set package 'zed_interfaces' build argument 'ament_cmake_args' from command line to 'None'
[0.286s] Level 5:colcon.colcon_core.verb:set package 'zed_interfaces' build argument 'catkin_cmake_args' from command line to 'None'
[0.286s] Level 5:colcon.colcon_core.verb:set package 'zed_interfaces' build argument 'catkin_skip_building_tests' from command line to 'False'
[0.286s] DEBUG:colcon.colcon_core.verb:Building package 'zed_interfaces' with the following arguments: {'ament_cmake_args': None, 'build_base': '/home/mk/dev_ws/build/zed_interfaces', 'catkin_cmake_args': None, 'catkin_skip_building_tests': False, 'cmake_args': None, 'cmake_clean_cache': False, 'cmake_clean_first': False, 'cmake_force_configure': False, 'cmake_target': None, 'cmake_target_skip_unavailable': False, 'install_base': '/home/mk/dev_ws/install/zed_interfaces', 'merge_install': False, 'path': '/home/mk/dev_ws/src/zed-ros2-interfaces', 'symlink_install': False, 'test_result_base': None}
[0.286s] Level 5:colcon.colcon_core.verb:set package 'motion_sequence' build argument 'cmake_args' from command line to 'None'
[0.286s] Level 5:colcon.colcon_core.verb:set package 'motion_sequence' build argument 'cmake_target' from command line to 'None'
[0.286s] Level 5:colcon.colcon_core.verb:set package 'motion_sequence' build argument 'cmake_target_skip_unavailable' from command line to 'False'
[0.286s] Level 5:colcon.colcon_core.verb:set package 'motion_sequence' build argument 'cmake_clean_cache' from command line to 'False'
[0.286s] Level 5:colcon.colcon_core.verb:set package 'motion_sequence' build argument 'cmake_clean_first' from command line to 'False'
[0.286s] Level 5:colcon.colcon_core.verb:set package 'motion_sequence' build argument 'cmake_force_configure' from command line to 'False'
[0.286s] Level 5:colcon.colcon_core.verb:set package 'motion_sequence' build argument 'ament_cmake_args' from command line to 'None'
[0.286s] Level 5:colcon.colcon_core.verb:set package 'motion_sequence' build argument 'catkin_cmake_args' from command line to 'None'
[0.286s] Level 5:colcon.colcon_core.verb:set package 'motion_sequence' build argument 'catkin_skip_building_tests' from command line to 'False'
[0.286s] DEBUG:colcon.colcon_core.verb:Building package 'motion_sequence' with the following arguments: {'ament_cmake_args': None, 'build_base': '/home/mk/dev_ws/build/motion_sequence', 'catkin_cmake_args': None, 'catkin_skip_building_tests': False, 'cmake_args': None, 'cmake_clean_cache': False, 'cmake_clean_first': False, 'cmake_force_configure': False, 'cmake_target': None, 'cmake_target_skip_unavailable': False, 'install_base': '/home/mk/dev_ws/install/motion_sequence', 'merge_install': False, 'path': '/home/mk/dev_ws/src/motion_sequence', 'symlink_install': False, 'test_result_base': None}
[0.287s] Level 5:colcon.colcon_core.verb:set package 'move_to_coordinator' build argument 'cmake_args' from command line to 'None'
[0.287s] Level 5:colcon.colcon_core.verb:set package 'move_to_coordinator' build argument 'cmake_target' from command line to 'None'
[0.287s] Level 5:colcon.colcon_core.verb:set package 'move_to_coordinator' build argument 'cmake_target_skip_unavailable' from command line to 'False'
[0.287s] Level 5:colcon.colcon_core.verb:set package 'move_to_coordinator' build argument 'cmake_clean_cache' from command line to 'False'
[0.287s] Level 5:colcon.colcon_core.verb:set package 'move_to_coordinator' build argument 'cmake_clean_first' from command line to 'False'
[0.287s] Level 5:colcon.colcon_core.verb:set package 'move_to_coordinator' build argument 'cmake_force_configure' from command line to 'False'
[0.287s] Level 5:colcon.colcon_core.verb:set package 'move_to_coordinator' build argument 'ament_cmake_args' from command line to 'None'
[0.287s] Level 5:colcon.colcon_core.verb:set package 'move_to_coordinator' build argument 'catkin_cmake_args' from command line to 'None'
[0.287s] Level 5:colcon.colcon_core.verb:set package 'move_to_coordinator' build argument 'catkin_skip_building_tests' from command line to 'False'
[0.287s] DEBUG:colcon.colcon_core.verb:Building package 'move_to_coordinator' with the following arguments: {'ament_cmake_args': None, 'build_base': '/home/mk/dev_ws/build/move_to_coordinator', 'catkin_cmake_args': None, 'catkin_skip_building_tests': False, 'cmake_args': None, 'cmake_clean_cache': False, 'cmake_clean_first': False, 'cmake_force_configure': False, 'cmake_target': None, 'cmake_target_skip_unavailable': False, 'install_base': '/home/mk/dev_ws/install/move_to_coordinator', 'merge_install': False, 'path': '/home/mk/dev_ws/src/move_to_coordinator', 'symlink_install': False, 'test_result_base': None}
[0.287s] Level 5:colcon.colcon_core.verb:set package 'rviz_robot_control_panel' build argument 'cmake_args' from command line to 'None'
[0.287s] Level 5:colcon.colcon_core.verb:set package 'rviz_robot_control_panel' build argument 'cmake_target' from command line to 'None'
[0.287s] Level 5:colcon.colcon_core.verb:set package 'rviz_robot_control_panel' build argument 'cmake_target_skip_unavailable' from command line to 'False'
[0.287s] Level 5:colcon.colcon_core.verb:set package 'rviz_robot_control_panel' build argument 'cmake_clean_cache' from command line to 'False'
[0.287s] Level 5:colcon.colcon_core.verb:set package 'rviz_robot_control_panel' build argument 'cmake_clean_first' from command line to 'False'
[0.287s] Level 5:colcon.colcon_core.verb:set package 'rviz_robot_control_panel' build argument 'cmake_force_configure' from command line to 'False'
[0.287s] Level 5:colcon.colcon_core.verb:set package 'rviz_robot_control_panel' build argument 'ament_cmake_args' from command line to 'None'
[0.287s] Level 5:colcon.colcon_core.verb:set package 'rviz_robot_control_panel' build argument 'catkin_cmake_args' from command line to 'None'
[0.287s] Level 5:colcon.colcon_core.verb:set package 'rviz_robot_control_panel' build argument 'catkin_skip_building_tests' from command line to 'False'
[0.287s] DEBUG:colcon.colcon_core.verb:Building package 'rviz_robot_control_panel' with the following arguments: {'ament_cmake_args': None, 'build_base': '/home/mk/dev_ws/build/rviz_robot_control_panel', 'catkin_cmake_args': None, 'catkin_skip_building_tests': False, 'cmake_args': None, 'cmake_clean_cache': False, 'cmake_clean_first': False, 'cmake_force_configure': False, 'cmake_target': None, 'cmake_target_skip_unavailable': False, 'install_base': '/home/mk/dev_ws/install/rviz_robot_control_panel', 'merge_install': False, 'path': '/home/mk/dev_ws/src/rviz_robot_control_panel', 'symlink_install': False, 'test_result_base': None}
[0.287s] Level 5:colcon.colcon_core.verb:set package 'voice_command_listener' build argument 'cmake_args' from command line to 'None'
[0.287s] Level 5:colcon.colcon_core.verb:set package 'voice_command_listener' build argument 'cmake_target' from command line to 'None'
[0.287s] Level 5:colcon.colcon_core.verb:set package 'voice_command_listener' build argument 'cmake_target_skip_unavailable' from command line to 'False'
[0.287s] Level 5:colcon.colcon_core.verb:set package 'voice_command_listener' build argument 'cmake_clean_cache' from command line to 'False'
[0.287s] Level 5:colcon.colcon_core.verb:set package 'voice_command_listener' build argument 'cmake_clean_first' from command line to 'False'
[0.287s] Level 5:colcon.colcon_core.verb:set package 'voice_command_listener' build argument 'cmake_force_configure' from command line to 'False'
[0.287s] Level 5:colcon.colcon_core.verb:set package 'voice_command_listener' build argument 'ament_cmake_args' from command line to 'None'
[0.287s] Level 5:colcon.colcon_core.verb:set package 'voice_command_listener' build argument 'catkin_cmake_args' from command line to 'None'
[0.287s] Level 5:colcon.colcon_core.verb:set package 'voice_command_listener' build argument 'catkin_skip_building_tests' from command line to 'False'
[0.287s] DEBUG:colcon.colcon_core.verb:Building package 'voice_command_listener' with the following arguments: {'ament_cmake_args': None, 'build_base': '/home/mk/dev_ws/build/voice_command_listener', 'catkin_cmake_args': None, 'catkin_skip_building_tests': False, 'cmake_args': None, 'cmake_clean_cache': False, 'cmake_clean_first': False, 'cmake_force_configure': False, 'cmake_target': None, 'cmake_target_skip_unavailable': False, 'install_base': '/home/mk/dev_ws/install/voice_command_listener', 'merge_install': False, 'path': '/home/mk/dev_ws/src/voice_command_listener', 'symlink_install': False, 'test_result_base': None}
[0.287s] Level 5:colcon.colcon_core.verb:set package 'whisper_util' build argument 'cmake_args' from command line to 'None'
[0.287s] Level 5:colcon.colcon_core.verb:set package 'whisper_util' build argument 'cmake_target' from command line to 'None'
[0.287s] Level 5:colcon.colcon_core.verb:set package 'whisper_util' build argument 'cmake_target_skip_unavailable' from command line to 'False'
[0.287s] Level 5:colcon.colcon_core.verb:set package 'whisper_util' build argument 'cmake_clean_cache' from command line to 'False'
[0.287s] Level 5:colcon.colcon_core.verb:set package 'whisper_util' build argument 'cmake_clean_first' from command line to 'False'
[0.287s] Level 5:colcon.colcon_core.verb:set package 'whisper_util' build argument 'cmake_force_configure' from command line to 'False'
[0.287s] Level 5:colcon.colcon_core.verb:set package 'whisper_util' build argument 'ament_cmake_args' from command line to 'None'
[0.287s] Level 5:colcon.colcon_core.verb:set package 'whisper_util' build argument 'catkin_cmake_args' from command line to 'None'
[0.287s] Level 5:colcon.colcon_core.verb:set package 'whisper_util' build argument 'catkin_skip_building_tests' from command line to 'False'
[0.287s] DEBUG:colcon.colcon_core.verb:Building package 'whisper_util' with the following arguments: {'ament_cmake_args': None, 'build_base': '/home/mk/dev_ws/build/whisper_util', 'catkin_cmake_args': None, 'catkin_skip_building_tests': False, 'cmake_args': None, 'cmake_clean_cache': False, 'cmake_clean_first': False, 'cmake_force_configure': False, 'cmake_target': None, 'cmake_target_skip_unavailable': False, 'install_base': '/home/mk/dev_ws/install/whisper_util', 'merge_install': False, 'path': '/home/mk/dev_ws/src/ros2_whisper/whisper_util', 'symlink_install': False, 'test_result_base': None}
[0.287s] Level 5:colcon.colcon_core.verb:set package 'xarm_api' build argument 'cmake_args' from command line to 'None'
[0.287s] Level 5:colcon.colcon_core.verb:set package 'xarm_api' build argument 'cmake_target' from command line to 'None'
[0.287s] Level 5:colcon.colcon_core.verb:set package 'xarm_api' build argument 'cmake_target_skip_unavailable' from command line to 'False'
[0.287s] Level 5:colcon.colcon_core.verb:set package 'xarm_api' build argument 'cmake_clean_cache' from command line to 'False'
[0.287s] Level 5:colcon.colcon_core.verb:set package 'xarm_api' build argument 'cmake_clean_first' from command line to 'False'
[0.287s] Level 5:colcon.colcon_core.verb:set package 'xarm_api' build argument 'cmake_force_configure' from command line to 'False'
[0.287s] Level 5:colcon.colcon_core.verb:set package 'xarm_api' build argument 'ament_cmake_args' from command line to 'None'
[0.287s] Level 5:colcon.colcon_core.verb:set package 'xarm_api' build argument 'catkin_cmake_args' from command line to 'None'
[0.287s] Level 5:colcon.colcon_core.verb:set package 'xarm_api' build argument 'catkin_skip_building_tests' from command line to 'False'
[0.287s] DEBUG:colcon.colcon_core.verb:Building package 'xarm_api' with the following arguments: {'ament_cmake_args': None, 'build_base': '/home/mk/dev_ws/build/xarm_api', 'catkin_cmake_args': None, 'catkin_skip_building_tests': False, 'cmake_args': None, 'cmake_clean_cache': False, 'cmake_clean_first': False, 'cmake_force_configure': False, 'cmake_target': None, 'cmake_target_skip_unavailable': False, 'install_base': '/home/mk/dev_ws/install/xarm_api', 'merge_install': False, 'path': '/home/mk/dev_ws/src/xarm_ros2/xarm_api', 'symlink_install': False, 'test_result_base': None}
[0.288s] Level 5:colcon.colcon_core.verb:set package 'zed_components' build argument 'cmake_args' from command line to 'None'
[0.288s] Level 5:colcon.colcon_core.verb:set package 'zed_components' build argument 'cmake_target' from command line to 'None'
[0.288s] Level 5:colcon.colcon_core.verb:set package 'zed_components' build argument 'cmake_target_skip_unavailable' from command line to 'False'
[0.288s] Level 5:colcon.colcon_core.verb:set package 'zed_components' build argument 'cmake_clean_cache' from command line to 'False'
[0.288s] Level 5:colcon.colcon_core.verb:set package 'zed_components' build argument 'cmake_clean_first' from command line to 'False'
[0.288s] Level 5:colcon.colcon_core.verb:set package 'zed_components' build argument 'cmake_force_configure' from command line to 'False'
[0.288s] Level 5:colcon.colcon_core.verb:set package 'zed_components' build argument 'ament_cmake_args' from command line to 'None'
[0.288s] Level 5:colcon.colcon_core.verb:set package 'zed_components' build argument 'catkin_cmake_args' from command line to 'None'
[0.288s] Level 5:colcon.colcon_core.verb:set package 'zed_components' build argument 'catkin_skip_building_tests' from command line to 'False'
[0.288s] DEBUG:colcon.colcon_core.verb:Building package 'zed_components' with the following arguments: {'ament_cmake_args': None, 'build_base': '/home/mk/dev_ws/build/zed_components', 'catkin_cmake_args': None, 'catkin_skip_building_tests': False, 'cmake_args': None, 'cmake_clean_cache': False, 'cmake_clean_first': False, 'cmake_force_configure': False, 'cmake_target': None, 'cmake_target_skip_unavailable': False, 'install_base': '/home/mk/dev_ws/install/zed_components', 'merge_install': False, 'path': '/home/mk/dev_ws/src/zed-ros2-wrapper/zed_components', 'symlink_install': False, 'test_result_base': None}
[0.288s] Level 5:colcon.colcon_core.verb:set package 'transcript_manager' build argument 'cmake_args' from command line to 'None'
[0.288s] Level 5:colcon.colcon_core.verb:set package 'transcript_manager' build argument 'cmake_target' from command line to 'None'
[0.288s] Level 5:colcon.colcon_core.verb:set package 'transcript_manager' build argument 'cmake_target_skip_unavailable' from command line to 'False'
[0.288s] Level 5:colcon.colcon_core.verb:set package 'transcript_manager' build argument 'cmake_clean_cache' from command line to 'False'
[0.288s] Level 5:colcon.colcon_core.verb:set package 'transcript_manager' build argument 'cmake_clean_first' from command line to 'False'
[0.288s] Level 5:colcon.colcon_core.verb:set package 'transcript_manager' build argument 'cmake_force_configure' from command line to 'False'
[0.288s] Level 5:colcon.colcon_core.verb:set package 'transcript_manager' build argument 'ament_cmake_args' from command line to 'None'
[0.288s] Level 5:colcon.colcon_core.verb:set package 'transcript_manager' build argument 'catkin_cmake_args' from command line to 'None'
[0.288s] Level 5:colcon.colcon_core.verb:set package 'transcript_manager' build argument 'catkin_skip_building_tests' from command line to 'False'
[0.288s] DEBUG:colcon.colcon_core.verb:Building package 'transcript_manager' with the following arguments: {'ament_cmake_args': None, 'build_base': '/home/mk/dev_ws/build/transcript_manager', 'catkin_cmake_args': None, 'catkin_skip_building_tests': False, 'cmake_args': None, 'cmake_clean_cache': False, 'cmake_clean_first': False, 'cmake_force_configure': False, 'cmake_target': None, 'cmake_target_skip_unavailable': False, 'install_base': '/home/mk/dev_ws/install/transcript_manager', 'merge_install': False, 'path': '/home/mk/dev_ws/src/ros2_whisper/transcript_manager', 'symlink_install': False, 'test_result_base': None}
[0.288s] Level 5:colcon.colcon_core.verb:set package 'whisper_server' build argument 'cmake_args' from command line to 'None'
[0.288s] Level 5:colcon.colcon_core.verb:set package 'whisper_server' build argument 'cmake_target' from command line to 'None'
[0.288s] Level 5:colcon.colcon_core.verb:set package 'whisper_server' build argument 'cmake_target_skip_unavailable' from command line to 'False'
[0.288s] Level 5:colcon.colcon_core.verb:set package 'whisper_server' build argument 'cmake_clean_cache' from command line to 'False'
[0.288s] Level 5:colcon.colcon_core.verb:set package 'whisper_server' build argument 'cmake_clean_first' from command line to 'False'
[0.288s] Level 5:colcon.colcon_core.verb:set package 'whisper_server' build argument 'cmake_force_configure' from command line to 'False'
[0.288s] Level 5:colcon.colcon_core.verb:set package 'whisper_server' build argument 'ament_cmake_args' from command line to 'None'
[0.288s] Level 5:colcon.colcon_core.verb:set package 'whisper_server' build argument 'catkin_cmake_args' from command line to 'None'
[0.288s] Level 5:colcon.colcon_core.verb:set package 'whisper_server' build argument 'catkin_skip_building_tests' from command line to 'False'
[0.288s] DEBUG:colcon.colcon_core.verb:Building package 'whisper_server' with the following arguments: {'ament_cmake_args': None, 'build_base': '/home/mk/dev_ws/build/whisper_server', 'catkin_cmake_args': None, 'catkin_skip_building_tests': False, 'cmake_args': None, 'cmake_clean_cache': False, 'cmake_clean_first': False, 'cmake_force_configure': False, 'cmake_target': None, 'cmake_target_skip_unavailable': False, 'install_base': '/home/mk/dev_ws/install/whisper_server', 'merge_install': False, 'path': '/home/mk/dev_ws/src/ros2_whisper/whisper_server', 'symlink_install': False, 'test_result_base': None}
[0.288s] Level 5:colcon.colcon_core.verb:set package 'xarm_controller' build argument 'cmake_args' from command line to 'None'
[0.288s] Level 5:colcon.colcon_core.verb:set package 'xarm_controller' build argument 'cmake_target' from command line to 'None'
[0.288s] Level 5:colcon.colcon_core.verb:set package 'xarm_controller' build argument 'cmake_target_skip_unavailable' from command line to 'False'
[0.288s] Level 5:colcon.colcon_core.verb:set package 'xarm_controller' build argument 'cmake_clean_cache' from command line to 'False'
[0.288s] Level 5:colcon.colcon_core.verb:set package 'xarm_controller' build argument 'cmake_clean_first' from command line to 'False'
[0.288s] Level 5:colcon.colcon_core.verb:set package 'xarm_controller' build argument 'cmake_force_configure' from command line to 'False'
[0.288s] Level 5:colcon.colcon_core.verb:set package 'xarm_controller' build argument 'ament_cmake_args' from command line to 'None'
[0.288s] Level 5:colcon.colcon_core.verb:set package 'xarm_controller' build argument 'catkin_cmake_args' from command line to 'None'
[0.288s] Level 5:colcon.colcon_core.verb:set package 'xarm_controller' build argument 'catkin_skip_building_tests' from command line to 'False'
[0.288s] DEBUG:colcon.colcon_core.verb:Building package 'xarm_controller' with the following arguments: {'ament_cmake_args': None, 'build_base': '/home/mk/dev_ws/build/xarm_controller', 'catkin_cmake_args': None, 'catkin_skip_building_tests': False, 'cmake_args': None, 'cmake_clean_cache': False, 'cmake_clean_first': False, 'cmake_force_configure': False, 'cmake_target': None, 'cmake_target_skip_unavailable': False, 'install_base': '/home/mk/dev_ws/install/xarm_controller', 'merge_install': False, 'path': '/home/mk/dev_ws/src/xarm_ros2/xarm_controller', 'symlink_install': False, 'test_result_base': None}
[0.288s] Level 5:colcon.colcon_core.verb:set package 'zed_wrapper' build argument 'cmake_args' from command line to 'None'
[0.288s] Level 5:colcon.colcon_core.verb:set package 'zed_wrapper' build argument 'cmake_target' from command line to 'None'
[0.288s] Level 5:colcon.colcon_core.verb:set package 'zed_wrapper' build argument 'cmake_target_skip_unavailable' from command line to 'False'
[0.289s] Level 5:colcon.colcon_core.verb:set package 'zed_wrapper' build argument 'cmake_clean_cache' from command line to 'False'
[0.289s] Level 5:colcon.colcon_core.verb:set package 'zed_wrapper' build argument 'cmake_clean_first' from command line to 'False'
[0.289s] Level 5:colcon.colcon_core.verb:set package 'zed_wrapper' build argument 'cmake_force_configure' from command line to 'False'
[0.289s] Level 5:colcon.colcon_core.verb:set package 'zed_wrapper' build argument 'ament_cmake_args' from command line to 'None'
[0.289s] Level 5:colcon.colcon_core.verb:set package 'zed_wrapper' build argument 'catkin_cmake_args' from command line to 'None'
[0.289s] Level 5:colcon.colcon_core.verb:set package 'zed_wrapper' build argument 'catkin_skip_building_tests' from command line to 'False'
[0.289s] DEBUG:colcon.colcon_core.verb:Building package 'zed_wrapper' with the following arguments: {'ament_cmake_args': None, 'build_base': '/home/mk/dev_ws/build/zed_wrapper', 'catkin_cmake_args': None, 'catkin_skip_building_tests': False, 'cmake_args': None, 'cmake_clean_cache': False, 'cmake_clean_first': False, 'cmake_force_configure': False, 'cmake_target': None, 'cmake_target_skip_unavailable': False, 'install_base': '/home/mk/dev_ws/install/zed_wrapper', 'merge_install': False, 'path': '/home/mk/dev_ws/src/zed-ros2-wrapper/zed_wrapper', 'symlink_install': False, 'test_result_base': None}
[0.289s] Level 5:colcon.colcon_core.verb:set package 'whisper_bringup' build argument 'cmake_args' from command line to 'None'
[0.289s] Level 5:colcon.colcon_core.verb:set package 'whisper_bringup' build argument 'cmake_target' from command line to 'None'
[0.289s] Level 5:colcon.colcon_core.verb:set package 'whisper_bringup' build argument 'cmake_target_skip_unavailable' from command line to 'False'
[0.289s] Level 5:colcon.colcon_core.verb:set package 'whisper_bringup' build argument 'cmake_clean_cache' from command line to 'False'
[0.289s] Level 5:colcon.colcon_core.verb:set package 'whisper_bringup' build argument 'cmake_clean_first' from command line to 'False'
[0.289s] Level 5:colcon.colcon_core.verb:set package 'whisper_bringup' build argument 'cmake_force_configure' from command line to 'False'
[0.289s] Level 5:colcon.colcon_core.verb:set package 'whisper_bringup' build argument 'ament_cmake_args' from command line to 'None'
[0.289s] Level 5:colcon.colcon_core.verb:set package 'whisper_bringup' build argument 'catkin_cmake_args' from command line to 'None'
[0.289s] Level 5:colcon.colcon_core.verb:set package 'whisper_bringup' build argument 'catkin_skip_building_tests' from command line to 'False'
[0.289s] DEBUG:colcon.colcon_core.verb:Building package 'whisper_bringup' with the following arguments: {'ament_cmake_args': None, 'build_base': '/home/mk/dev_ws/build/whisper_bringup', 'catkin_cmake_args': None, 'catkin_skip_building_tests': False, 'cmake_args': None, 'cmake_clean_cache': False, 'cmake_clean_first': False, 'cmake_force_configure': False, 'cmake_target': None, 'cmake_target_skip_unavailable': False, 'install_base': '/home/mk/dev_ws/install/whisper_bringup', 'merge_install': False, 'path': '/home/mk/dev_ws/src/ros2_whisper/whisper_bringup', 'symlink_install': False, 'test_result_base': None}
[0.289s] Level 5:colcon.colcon_core.verb:set package 'whisper_demos' build argument 'cmake_args' from command line to 'None'
[0.289s] Level 5:colcon.colcon_core.verb:set package 'whisper_demos' build argument 'cmake_target' from command line to 'None'
[0.289s] Level 5:colcon.colcon_core.verb:set package 'whisper_demos' build argument 'cmake_target_skip_unavailable' from command line to 'False'
[0.289s] Level 5:colcon.colcon_core.verb:set package 'whisper_demos' build argument 'cmake_clean_cache' from command line to 'False'
[0.289s] Level 5:colcon.colcon_core.verb:set package 'whisper_demos' build argument 'cmake_clean_first' from command line to 'False'
[0.289s] Level 5:colcon.colcon_core.verb:set package 'whisper_demos' build argument 'cmake_force_configure' from command line to 'False'
[0.289s] Level 5:colcon.colcon_core.verb:set package 'whisper_demos' build argument 'ament_cmake_args' from command line to 'None'
[0.289s] Level 5:colcon.colcon_core.verb:set package 'whisper_demos' build argument 'catkin_cmake_args' from command line to 'None'
[0.289s] Level 5:colcon.colcon_core.verb:set package 'whisper_demos' build argument 'catkin_skip_building_tests' from command line to 'False'
[0.289s] DEBUG:colcon.colcon_core.verb:Building package 'whisper_demos' with the following arguments: {'ament_cmake_args': None, 'build_base': '/home/mk/dev_ws/build/whisper_demos', 'catkin_cmake_args': None, 'catkin_skip_building_tests': False, 'cmake_args': None, 'cmake_clean_cache': False, 'cmake_clean_first': False, 'cmake_force_configure': False, 'cmake_target': None, 'cmake_target_skip_unavailable': False, 'install_base': '/home/mk/dev_ws/install/whisper_demos', 'merge_install': False, 'path': '/home/mk/dev_ws/src/ros2_whisper/whisper_demos', 'symlink_install': False, 'test_result_base': None}
[0.289s] Level 5:colcon.colcon_core.verb:set package 'xarm_gazebo' build argument 'cmake_args' from command line to 'None'
[0.289s] Level 5:colcon.colcon_core.verb:set package 'xarm_gazebo' build argument 'cmake_target' from command line to 'None'
[0.289s] Level 5:colcon.colcon_core.verb:set package 'xarm_gazebo' build argument 'cmake_target_skip_unavailable' from command line to 'False'
[0.289s] Level 5:colcon.colcon_core.verb:set package 'xarm_gazebo' build argument 'cmake_clean_cache' from command line to 'False'
[0.289s] Level 5:colcon.colcon_core.verb:set package 'xarm_gazebo' build argument 'cmake_clean_first' from command line to 'False'
[0.289s] Level 5:colcon.colcon_core.verb:set package 'xarm_gazebo' build argument 'cmake_force_configure' from command line to 'False'
[0.289s] Level 5:colcon.colcon_core.verb:set package 'xarm_gazebo' build argument 'ament_cmake_args' from command line to 'None'
[0.289s] Level 5:colcon.colcon_core.verb:set package 'xarm_gazebo' build argument 'catkin_cmake_args' from command line to 'None'
[0.289s] Level 5:colcon.colcon_core.verb:set package 'xarm_gazebo' build argument 'catkin_skip_building_tests' from command line to 'False'
[0.289s] DEBUG:colcon.colcon_core.verb:Building package 'xarm_gazebo' with the following arguments: {'ament_cmake_args': None, 'build_base': '/home/mk/dev_ws/build/xarm_gazebo', 'catkin_cmake_args': None, 'catkin_skip_building_tests': False, 'cmake_args': None, 'cmake_clean_cache': False, 'cmake_clean_first': False, 'cmake_force_configure': False, 'cmake_target': None, 'cmake_target_skip_unavailable': False, 'install_base': '/home/mk/dev_ws/install/xarm_gazebo', 'merge_install': False, 'path': '/home/mk/dev_ws/src/xarm_ros2/xarm_gazebo', 'symlink_install': False, 'test_result_base': None}
[0.290s] Level 5:colcon.colcon_core.verb:set package 'zed_ros2' build argument 'cmake_args' from command line to 'None'
[0.290s] Level 5:colcon.colcon_core.verb:set package 'zed_ros2' build argument 'cmake_target' from command line to 'None'
[0.290s] Level 5:colcon.colcon_core.verb:set package 'zed_ros2' build argument 'cmake_target_skip_unavailable' from command line to 'False'
[0.290s] Level 5:colcon.colcon_core.verb:set package 'zed_ros2' build argument 'cmake_clean_cache' from command line to 'False'
[0.290s] Level 5:colcon.colcon_core.verb:set package 'zed_ros2' build argument 'cmake_clean_first' from command line to 'False'
[0.290s] Level 5:colcon.colcon_core.verb:set package 'zed_ros2' build argument 'cmake_force_configure' from command line to 'False'
[0.290s] Level 5:colcon.colcon_core.verb:set package 'zed_ros2' build argument 'ament_cmake_args' from command line to 'None'
[0.290s] Level 5:colcon.colcon_core.verb:set package 'zed_ros2' build argument 'catkin_cmake_args' from command line to 'None'
[0.290s] Level 5:colcon.colcon_core.verb:set package 'zed_ros2' build argument 'catkin_skip_building_tests' from command line to 'False'
[0.290s] DEBUG:colcon.colcon_core.verb:Building package 'zed_ros2' with the following arguments: {'ament_cmake_args': None, 'build_base': '/home/mk/dev_ws/build/zed_ros2', 'catkin_cmake_args': None, 'catkin_skip_building_tests': False, 'cmake_args': None, 'cmake_clean_cache': False, 'cmake_clean_first': False, 'cmake_force_configure': False, 'cmake_target': None, 'cmake_target_skip_unavailable': False, 'install_base': '/home/mk/dev_ws/install/zed_ros2', 'merge_install': False, 'path': '/home/mk/dev_ws/src/zed-ros2-wrapper/zed_ros2', 'symlink_install': False, 'test_result_base': None}
[0.290s] Level 5:colcon.colcon_core.verb:set package 'xarm_moveit_config' build argument 'cmake_args' from command line to 'None'
[0.290s] Level 5:colcon.colcon_core.verb:set package 'xarm_moveit_config' build argument 'cmake_target' from command line to 'None'
[0.290s] Level 5:colcon.colcon_core.verb:set package 'xarm_moveit_config' build argument 'cmake_target_skip_unavailable' from command line to 'False'
[0.290s] Level 5:colcon.colcon_core.verb:set package 'xarm_moveit_config' build argument 'cmake_clean_cache' from command line to 'False'
[0.290s] Level 5:colcon.colcon_core.verb:set package 'xarm_moveit_config' build argument 'cmake_clean_first' from command line to 'False'
[0.290s] Level 5:colcon.colcon_core.verb:set package 'xarm_moveit_config' build argument 'cmake_force_configure' from command line to 'False'
[0.290s] Level 5:colcon.colcon_core.verb:set package 'xarm_moveit_config' build argument 'ament_cmake_args' from command line to 'None'
[0.290s] Level 5:colcon.colcon_core.verb:set package 'xarm_moveit_config' build argument 'catkin_cmake_args' from command line to 'None'
[0.290s] Level 5:colcon.colcon_core.verb:set package 'xarm_moveit_config' build argument 'catkin_skip_building_tests' from command line to 'False'
[0.290s] DEBUG:colcon.colcon_core.verb:Building package 'xarm_moveit_config' with the following arguments: {'ament_cmake_args': None, 'build_base': '/home/mk/dev_ws/build/xarm_moveit_config', 'catkin_cmake_args': None, 'catkin_skip_building_tests': False, 'cmake_args': None, 'cmake_clean_cache': False, 'cmake_clean_first': False, 'cmake_force_configure': False, 'cmake_target': None, 'cmake_target_skip_unavailable': False, 'install_base': '/home/mk/dev_ws/install/xarm_moveit_config', 'merge_install': False, 'path': '/home/mk/dev_ws/src/xarm_ros2/xarm_moveit_config', 'symlink_install': False, 'test_result_base': None}
[0.290s] Level 5:colcon.colcon_core.verb:set package 'xarm_moveit_servo' build argument 'cmake_args' from command line to 'None'
[0.290s] Level 5:colcon.colcon_core.verb:set package 'xarm_moveit_servo' build argument 'cmake_target' from command line to 'None'
[0.290s] Level 5:colcon.colcon_core.verb:set package 'xarm_moveit_servo' build argument 'cmake_target_skip_unavailable' from command line to 'False'
[0.290s] Level 5:colcon.colcon_core.verb:set package 'xarm_moveit_servo' build argument 'cmake_clean_cache' from command line to 'False'
[0.290s] Level 5:colcon.colcon_core.verb:set package 'xarm_moveit_servo' build argument 'cmake_clean_first' from command line to 'False'
[0.290s] Level 5:colcon.colcon_core.verb:set package 'xarm_moveit_servo' build argument 'cmake_force_configure' from command line to 'False'
[0.290s] Level 5:colcon.colcon_core.verb:set package 'xarm_moveit_servo' build argument 'ament_cmake_args' from command line to 'None'
[0.290s] Level 5:colcon.colcon_core.verb:set package 'xarm_moveit_servo' build argument 'catkin_cmake_args' from command line to 'None'
[0.290s] Level 5:colcon.colcon_core.verb:set package 'xarm_moveit_servo' build argument 'catkin_skip_building_tests' from command line to 'False'
[0.290s] DEBUG:colcon.colcon_core.verb:Building package 'xarm_moveit_servo' with the following arguments: {'ament_cmake_args': None, 'build_base': '/home/mk/dev_ws/build/xarm_moveit_servo', 'catkin_cmake_args': None, 'catkin_skip_building_tests': False, 'cmake_args': None, 'cmake_clean_cache': False, 'cmake_clean_first': False, 'cmake_force_configure': False, 'cmake_target': None, 'cmake_target_skip_unavailable': False, 'install_base': '/home/mk/dev_ws/install/xarm_moveit_servo', 'merge_install': False, 'path': '/home/mk/dev_ws/src/xarm_ros2/xarm_moveit_servo', 'symlink_install': False, 'test_result_base': None}
[0.290s] Level 5:colcon.colcon_core.verb:set package 'xarm_planner' build argument 'cmake_args' from command line to 'None'
[0.290s] Level 5:colcon.colcon_core.verb:set package 'xarm_planner' build argument 'cmake_target' from command line to 'None'
[0.290s] Level 5:colcon.colcon_core.verb:set package 'xarm_planner' build argument 'cmake_target_skip_unavailable' from command line to 'False'
[0.290s] Level 5:colcon.colcon_core.verb:set package 'xarm_planner' build argument 'cmake_clean_cache' from command line to 'False'
[0.290s] Level 5:colcon.colcon_core.verb:set package 'xarm_planner' build argument 'cmake_clean_first' from command line to 'False'
[0.290s] Level 5:colcon.colcon_core.verb:set package 'xarm_planner' build argument 'cmake_force_configure' from command line to 'False'
[0.290s] Level 5:colcon.colcon_core.verb:set package 'xarm_planner' build argument 'ament_cmake_args' from command line to 'None'
[0.290s] Level 5:colcon.colcon_core.verb:set package 'xarm_planner' build argument 'catkin_cmake_args' from command line to 'None'
[0.290s] Level 5:colcon.colcon_core.verb:set package 'xarm_planner' build argument 'catkin_skip_building_tests' from command line to 'False'
[0.290s] DEBUG:colcon.colcon_core.verb:Building package 'xarm_planner' with the following arguments: {'ament_cmake_args': None, 'build_base': '/home/mk/dev_ws/build/xarm_planner', 'catkin_cmake_args': None, 'catkin_skip_building_tests': False, 'cmake_args': None, 'cmake_clean_cache': False, 'cmake_clean_first': False, 'cmake_force_configure': False, 'cmake_target': None, 'cmake_target_skip_unavailable': False, 'install_base': '/home/mk/dev_ws/install/xarm_planner', 'merge_install': False, 'path': '/home/mk/dev_ws/src/xarm_ros2/xarm_planner', 'symlink_install': False, 'test_result_base': None}
[0.291s] INFO:colcon.colcon_core.executor:Executing jobs using 'parallel' executor
[0.291s] DEBUG:colcon.colcon_parallel_executor.executor.parallel:run_until_complete
[0.292s] INFO:colcon.colcon_ros.task.ament_cmake.build:Building ROS package in '/home/mk/dev_ws/src/xarm_ros2/xarm_msgs' with build type 'ament_cmake'
[0.292s] INFO:colcon.colcon_cmake.task.cmake.build:Building CMake package in '/home/mk/dev_ws/src/xarm_ros2/xarm_msgs'
[0.293s] INFO:colcon.colcon_core.plugin_system:Skipping extension 'colcon_core.shell.bat': Not used on non-Windows systems
[0.293s] INFO:colcon.colcon_core.shell:Skip shell extension 'powershell' for command environment: Not usable outside of PowerShell
[0.293s] DEBUG:colcon.colcon_core.shell:Skip shell extension 'dsv' for command environment
[0.297s] INFO:colcon.colcon_ros.task.ament_cmake.build:Building ROS package in '/home/mk/dev_ws/src/ros2_whisper/whisper_idl' with build type 'ament_cmake'
[0.297s] INFO:colcon.colcon_cmake.task.cmake.build:Building CMake package in '/home/mk/dev_ws/src/ros2_whisper/whisper_idl'
[0.297s] INFO:colcon.colcon_core.shell:Skip shell extension 'powershell' for command environment: Not usable outside of PowerShell
[0.297s] DEBUG:colcon.colcon_core.shell:Skip shell extension 'dsv' for command environment
[0.301s] INFO:colcon.colcon_ros.task.ament_cmake.build:Building ROS package in '/home/mk/dev_ws/src/xarm_ros2/xarm_description' with build type 'ament_cmake'
[0.301s] INFO:colcon.colcon_cmake.task.cmake.build:Building CMake package in '/home/mk/dev_ws/src/xarm_ros2/xarm_description'
[0.301s] INFO:colcon.colcon_core.shell:Skip shell extension 'powershell' for command environment: Not usable outside of PowerShell
[0.301s] DEBUG:colcon.colcon_core.shell:Skip shell extension 'dsv' for command environment
[0.305s] INFO:colcon.colcon_ros.task.ament_cmake.build:Building ROS package in '/home/mk/dev_ws/src/xarm_ros2/xarm_sdk' with build type 'ament_cmake'
[0.305s] INFO:colcon.colcon_cmake.task.cmake.build:Building CMake package in '/home/mk/dev_ws/src/xarm_ros2/xarm_sdk'
[0.305s] INFO:colcon.colcon_core.shell:Skip shell extension 'powershell' for command environment: Not usable outside of PowerShell
[0.305s] DEBUG:colcon.colcon_core.shell:Skip shell extension 'dsv' for command environment
[0.307s] INFO:colcon.colcon_ros.task.ament_cmake.build:Building ROS package in '/home/mk/dev_ws/src/ros2_whisper/whisper_cpp_vendor' with build type 'ament_cmake'
[0.308s] INFO:colcon.colcon_cmake.task.cmake.build:Building CMake package in '/home/mk/dev_ws/src/ros2_whisper/whisper_cpp_vendor'
[0.308s] INFO:colcon.colcon_core.shell:Skip shell extension 'powershell' for command environment: Not usable outside of PowerShell
[0.308s] DEBUG:colcon.colcon_core.shell:Skip shell extension 'dsv' for command environment
[0.310s] INFO:colcon.colcon_ros.task.ament_python.build:Building ROS package in '/home/mk/dev_ws/src/xarm_ros2/uf_ros_lib' with build type 'ament_python'
[0.310s] Level 1:colcon.colcon_core.shell:create_environment_hook('uf_ros_lib', 'ament_prefix_path')
[0.310s] INFO:colcon.colcon_core.shell:Creating environment hook '/home/mk/dev_ws/install/uf_ros_lib/share/uf_ros_lib/hook/ament_prefix_path.ps1'
[0.311s] INFO:colcon.colcon_core.shell:Creating environment descriptor '/home/mk/dev_ws/install/uf_ros_lib/share/uf_ros_lib/hook/ament_prefix_path.dsv'
[0.311s] INFO:colcon.colcon_core.shell:Creating environment hook '/home/mk/dev_ws/install/uf_ros_lib/share/uf_ros_lib/hook/ament_prefix_path.sh'
[0.311s] INFO:colcon.colcon_core.shell:Skip shell extension 'powershell' for command environment: Not usable outside of PowerShell
[0.311s] DEBUG:colcon.colcon_core.shell:Skip shell extension 'dsv' for command environment
[0.314s] INFO:colcon.colcon_ros.task.ament_cmake.build:Building ROS package in '/home/mk/dev_ws/src/zed-ros2-interfaces' with build type 'ament_cmake'
[0.314s] INFO:colcon.colcon_cmake.task.cmake.build:Building CMake package in '/home/mk/dev_ws/src/zed-ros2-interfaces'
[0.314s] INFO:colcon.colcon_core.shell:Skip shell extension 'powershell' for command environment: Not usable outside of PowerShell
[0.314s] DEBUG:colcon.colcon_core.shell:Skip shell extension 'dsv' for command environment
[0.317s] INFO:colcon.colcon_ros.task.ament_python.build:Building ROS package in '/home/mk/dev_ws/src/ros2_whisper/audio_listener' with build type 'ament_python'
[0.318s] Level 1:colcon.colcon_core.shell:create_environment_hook('audio_listener', 'ament_prefix_path')
[0.318s] INFO:colcon.colcon_core.shell:Creating environment hook '/home/mk/dev_ws/install/audio_listener/share/audio_listener/hook/ament_prefix_path.ps1'
[0.318s] INFO:colcon.colcon_core.shell:Creating environment descriptor '/home/mk/dev_ws/install/audio_listener/share/audio_listener/hook/ament_prefix_path.dsv'
[0.318s] INFO:colcon.colcon_core.shell:Creating environment hook '/home/mk/dev_ws/install/audio_listener/share/audio_listener/hook/ament_prefix_path.sh'
[0.318s] INFO:colcon.colcon_core.shell:Skip shell extension 'powershell' for command environment: Not usable outside of PowerShell
[0.318s] DEBUG:colcon.colcon_core.shell:Skip shell extension 'dsv' for command environment
[0.321s] INFO:colcon.colcon_ros.task.ament_python.build:Building ROS package in '/home/mk/dev_ws/src/collision_check' with build type 'ament_python'
[0.321s] Level 1:colcon.colcon_core.shell:create_environment_hook('collision_check', 'ament_prefix_path')
[0.321s] INFO:colcon.colcon_core.shell:Creating environment hook '/home/mk/dev_ws/install/collision_check/share/collision_check/hook/ament_prefix_path.ps1'
[0.321s] INFO:colcon.colcon_core.shell:Creating environment descriptor '/home/mk/dev_ws/install/collision_check/share/collision_check/hook/ament_prefix_path.dsv'
[0.322s] INFO:colcon.colcon_core.shell:Creating environment hook '/home/mk/dev_ws/install/collision_check/share/collision_check/hook/ament_prefix_path.sh'
[0.322s] INFO:colcon.colcon_core.shell:Skip shell extension 'powershell' for command environment: Not usable outside of PowerShell
[0.322s] DEBUG:colcon.colcon_core.shell:Skip shell extension 'dsv' for command environment
[0.324s] INFO:colcon.colcon_ros.task.ament_python.build:Building ROS package in '/home/mk/dev_ws/src/gaze_control' with build type 'ament_python'
[0.324s] Level 1:colcon.colcon_core.shell:create_environment_hook('gaze_control', 'ament_prefix_path')
[0.324s] INFO:colcon.colcon_core.shell:Creating environment hook '/home/mk/dev_ws/install/gaze_control/share/gaze_control/hook/ament_prefix_path.ps1'
[0.325s] INFO:colcon.colcon_core.shell:Creating environment descriptor '/home/mk/dev_ws/install/gaze_control/share/gaze_control/hook/ament_prefix_path.dsv'
[0.325s] INFO:colcon.colcon_core.shell:Creating environment hook '/home/mk/dev_ws/install/gaze_control/share/gaze_control/hook/ament_prefix_path.sh'
[0.325s] INFO:colcon.colcon_core.shell:Skip shell extension 'powershell' for command environment: Not usable outside of PowerShell
[0.325s] DEBUG:colcon.colcon_core.shell:Skip shell extension 'dsv' for command environment
[0.328s] INFO:colcon.colcon_ros.task.ament_cmake.build:Building ROS package in '/home/mk/dev_ws/src/xarm_ros2/demo/mbot_demo' with build type 'ament_cmake'
[0.328s] INFO:colcon.colcon_cmake.task.cmake.build:Building CMake package in '/home/mk/dev_ws/src/xarm_ros2/demo/mbot_demo'
[0.328s] INFO:colcon.colcon_core.shell:Skip shell extension 'powershell' for command environment: Not usable outside of PowerShell
[0.328s] DEBUG:colcon.colcon_core.shell:Skip shell extension 'dsv' for command environment
[0.331s] INFO:colcon.colcon_ros.task.ament_cmake.build:Building ROS package in '/home/mk/dev_ws/src/my_3d_vision_bringup' with build type 'ament_cmake'
[0.331s] INFO:colcon.colcon_cmake.task.cmake.build:Building CMake package in '/home/mk/dev_ws/src/my_3d_vision_bringup'
[0.331s] INFO:colcon.colcon_core.shell:Skip shell extension 'powershell' for command environment: Not usable outside of PowerShell
[0.331s] DEBUG:colcon.colcon_core.shell:Skip shell extension 'dsv' for command environment
[0.334s] INFO:colcon.colcon_ros.task.ament_cmake.build:Building ROS package in '/home/mk/dev_ws/src/xarm_ros2/thirdparty/realsense_gazebo_plugin' with build type 'ament_cmake'
[0.334s] INFO:colcon.colcon_cmake.task.cmake.build:Building CMake package in '/home/mk/dev_ws/src/xarm_ros2/thirdparty/realsense_gazebo_plugin'
[0.335s] INFO:colcon.colcon_core.shell:Skip shell extension 'powershell' for command environment: Not usable outside of PowerShell
[0.335s] DEBUG:colcon.colcon_core.shell:Skip shell extension 'dsv' for command environment
[0.338s] INFO:colcon.colcon_ros.task.ament_python.build:Building ROS package in '/home/mk/dev_ws/src/robot_motion_handler_movegroup' with build type 'ament_python'
[0.338s] Level 1:colcon.colcon_core.shell:create_environment_hook('robot_motion_handler_movegroup', 'ament_prefix_path')
[0.339s] INFO:colcon.colcon_core.shell:Creating environment hook '/home/mk/dev_ws/install/robot_motion_handler_movegroup/share/robot_motion_handler_movegroup/hook/ament_prefix_path.ps1'
[0.339s] INFO:colcon.colcon_core.shell:Creating environment descriptor '/home/mk/dev_ws/install/robot_motion_handler_movegroup/share/robot_motion_handler_movegroup/hook/ament_prefix_path.dsv'
[0.339s] INFO:colcon.colcon_core.shell:Creating environment hook '/home/mk/dev_ws/install/robot_motion_handler_movegroup/share/robot_motion_handler_movegroup/hook/ament_prefix_path.sh'
[0.339s] INFO:colcon.colcon_core.shell:Skip shell extension 'powershell' for command environment: Not usable outside of PowerShell
[0.339s] DEBUG:colcon.colcon_core.shell:Skip shell extension 'dsv' for command environment
[0.342s] INFO:colcon.colcon_ros.task.ament_python.build:Building ROS package in '/home/mk/dev_ws/src/rviz_marker_static_scene_objects' with build type 'ament_python'
[0.342s] Level 1:colcon.colcon_core.shell:create_environment_hook('rviz_marker_static_scene_objects', 'ament_prefix_path')
[0.342s] INFO:colcon.colcon_core.shell:Creating environment hook '/home/mk/dev_ws/install/rviz_marker_static_scene_objects/share/rviz_marker_static_scene_objects/hook/ament_prefix_path.ps1'
[0.343s] INFO:colcon.colcon_core.shell:Creating environment descriptor '/home/mk/dev_ws/install/rviz_marker_static_scene_objects/share/rviz_marker_static_scene_objects/hook/ament_prefix_path.dsv'
[0.343s] INFO:colcon.colcon_core.shell:Creating environment hook '/home/mk/dev_ws/install/rviz_marker_static_scene_objects/share/rviz_marker_static_scene_objects/hook/ament_prefix_path.sh'
[0.343s] INFO:colcon.colcon_core.shell:Skip shell extension 'powershell' for command environment: Not usable outside of PowerShell
[0.343s] DEBUG:colcon.colcon_core.shell:Skip shell extension 'dsv' for command environment
[0.346s] INFO:colcon.colcon_ros.task.ament_python.build:Building ROS package in '/home/mk/dev_ws/src/rviz_servo_status_overlay' with build type 'ament_python'
[0.346s] Level 1:colcon.colcon_core.shell:create_environment_hook('rviz_servo_status_overlay', 'ament_prefix_path')
[0.346s] INFO:colcon.colcon_core.shell:Creating environment hook '/home/mk/dev_ws/install/rviz_servo_status_overlay/share/rviz_servo_status_overlay/hook/ament_prefix_path.ps1'
[0.346s] INFO:colcon.colcon_core.shell:Creating environment descriptor '/home/mk/dev_ws/install/rviz_servo_status_overlay/share/rviz_servo_status_overlay/hook/ament_prefix_path.dsv'
[0.347s] INFO:colcon.colcon_core.shell:Creating environment hook '/home/mk/dev_ws/install/rviz_servo_status_overlay/share/rviz_servo_status_overlay/hook/ament_prefix_path.sh'
[0.347s] INFO:colcon.colcon_core.shell:Skip shell extension 'powershell' for command environment: Not usable outside of PowerShell
[0.347s] DEBUG:colcon.colcon_core.shell:Skip shell extension 'dsv' for command environment
[0.353s] DEBUG:colcon.colcon_core.event_handler.log_command:Invoking command in '/home/mk/dev_ws/build/xarm_msgs': CMAKE_PREFIX_PATH=${CMAKE_PREFIX_PATH}:/home/mk/dev_ws/install/yolo_object_detector:/home/mk/dev_ws/install/move_to_coordinator:/home/mk/dev_ws/install/motion_sequence:/home/mk/dev_ws/install/whisper_demos:/home/mk/dev_ws/install/voice_command_listener:/home/mk/dev_ws/install/uf_ros_lib:/home/mk/dev_ws/install/rviz_servo_status_overlay:/home/mk/dev_ws/install/rviz_marker_static_scene_objects:/home/mk/dev_ws/install/robot_motion_handler_movegroup:/home/mk/dev_ws/install/gaze_control:/home/mk/dev_ws/install/collision_check:/home/mk/dev_ws/install/audio_listener:/opt/ros/humble /usr/bin/cmake /home/mk/dev_ws/src/xarm_ros2/xarm_msgs -DCMAKE_INSTALL_PREFIX=/home/mk/dev_ws/install/xarm_msgs
[0.355s] DEBUG:colcon.colcon_core.event_handler.log_command:Invoking command in '/home/mk/dev_ws/build/whisper_idl': CMAKE_PREFIX_PATH=${CMAKE_PREFIX_PATH}:/home/mk/dev_ws/install/yolo_object_detector:/home/mk/dev_ws/install/move_to_coordinator:/home/mk/dev_ws/install/motion_sequence:/home/mk/dev_ws/install/whisper_demos:/home/mk/dev_ws/install/voice_command_listener:/home/mk/dev_ws/install/uf_ros_lib:/home/mk/dev_ws/install/rviz_servo_status_overlay:/home/mk/dev_ws/install/rviz_marker_static_scene_objects:/home/mk/dev_ws/install/robot_motion_handler_movegroup:/home/mk/dev_ws/install/gaze_control:/home/mk/dev_ws/install/collision_check:/home/mk/dev_ws/install/audio_listener:/opt/ros/humble /usr/bin/cmake /home/mk/dev_ws/src/ros2_whisper/whisper_idl -DCMAKE_INSTALL_PREFIX=/home/mk/dev_ws/install/whisper_idl
[0.357s] DEBUG:colcon.colcon_core.event_handler.log_command:Invoking command in '/home/mk/dev_ws/build/xarm_description': CMAKE_PREFIX_PATH=${CMAKE_PREFIX_PATH}:/home/mk/dev_ws/install/yolo_object_detector:/home/mk/dev_ws/install/move_to_coordinator:/home/mk/dev_ws/install/motion_sequence:/home/mk/dev_ws/install/whisper_demos:/home/mk/dev_ws/install/voice_command_listener:/home/mk/dev_ws/install/uf_ros_lib:/home/mk/dev_ws/install/rviz_servo_status_overlay:/home/mk/dev_ws/install/rviz_marker_static_scene_objects:/home/mk/dev_ws/install/robot_motion_handler_movegroup:/home/mk/dev_ws/install/gaze_control:/home/mk/dev_ws/install/collision_check:/home/mk/dev_ws/install/audio_listener:/opt/ros/humble /usr/bin/cmake /home/mk/dev_ws/src/xarm_ros2/xarm_description -DCMAKE_INSTALL_PREFIX=/home/mk/dev_ws/install/xarm_description
[0.358s] DEBUG:colcon.colcon_core.event_handler.log_command:Invoking command in '/home/mk/dev_ws/build/xarm_sdk': CMAKE_PREFIX_PATH=${CMAKE_PREFIX_PATH}:/home/mk/dev_ws/install/yolo_object_detector:/home/mk/dev_ws/install/move_to_coordinator:/home/mk/dev_ws/install/motion_sequence:/home/mk/dev_ws/install/whisper_demos:/home/mk/dev_ws/install/voice_command_listener:/home/mk/dev_ws/install/uf_ros_lib:/home/mk/dev_ws/install/rviz_servo_status_overlay:/home/mk/dev_ws/install/rviz_marker_static_scene_objects:/home/mk/dev_ws/install/robot_motion_handler_movegroup:/home/mk/dev_ws/install/gaze_control:/home/mk/dev_ws/install/collision_check:/home/mk/dev_ws/install/audio_listener:/opt/ros/humble /usr/bin/cmake /home/mk/dev_ws/src/xarm_ros2/xarm_sdk -DCMAKE_INSTALL_PREFIX=/home/mk/dev_ws/install/xarm_sdk
[0.360s] DEBUG:colcon.colcon_core.event_handler.log_command:Invoking command in '/home/mk/dev_ws/build/whisper_cpp_vendor': CMAKE_PREFIX_PATH=${CMAKE_PREFIX_PATH}:/home/mk/dev_ws/install/yolo_object_detector:/home/mk/dev_ws/install/move_to_coordinator:/home/mk/dev_ws/install/motion_sequence:/home/mk/dev_ws/install/whisper_demos:/home/mk/dev_ws/install/voice_command_listener:/home/mk/dev_ws/install/uf_ros_lib:/home/mk/dev_ws/install/rviz_servo_status_overlay:/home/mk/dev_ws/install/rviz_marker_static_scene_objects:/home/mk/dev_ws/install/robot_motion_handler_movegroup:/home/mk/dev_ws/install/gaze_control:/home/mk/dev_ws/install/collision_check:/home/mk/dev_ws/install/audio_listener:/opt/ros/humble /usr/bin/cmake /home/mk/dev_ws/src/ros2_whisper/whisper_cpp_vendor -DCMAKE_INSTALL_PREFIX=/home/mk/dev_ws/install/whisper_cpp_vendor
[0.566s] INFO:colcon.colcon_core.task.python.build:Building Python package in '/home/mk/dev_ws/src/xarm_ros2/uf_ros_lib'
[0.566s] INFO:colcon.colcon_core.shell:Skip shell extension 'powershell' for command environment: Not usable outside of PowerShell
[0.566s] DEBUG:colcon.colcon_core.shell:Skip shell extension 'dsv' for command environment
[0.572s] DEBUG:colcon.colcon_core.event_handler.log_command:Invoking command in '/home/mk/dev_ws/build/zed_interfaces': CMAKE_PREFIX_PATH=${CMAKE_PREFIX_PATH}:/home/mk/dev_ws/install/yolo_object_detector:/home/mk/dev_ws/install/move_to_coordinator:/home/mk/dev_ws/install/motion_sequence:/home/mk/dev_ws/install/whisper_demos:/home/mk/dev_ws/install/voice_command_listener:/home/mk/dev_ws/install/uf_ros_lib:/home/mk/dev_ws/install/rviz_servo_status_overlay:/home/mk/dev_ws/install/rviz_marker_static_scene_objects:/home/mk/dev_ws/install/robot_motion_handler_movegroup:/home/mk/dev_ws/install/gaze_control:/home/mk/dev_ws/install/collision_check:/home/mk/dev_ws/install/audio_listener:/opt/ros/humble /usr/bin/cmake /home/mk/dev_ws/src/zed-ros2-interfaces -DCMAKE_INSTALL_PREFIX=/home/mk/dev_ws/install/zed_interfaces
[0.803s] INFO:colcon.colcon_core.task.python.build:Building Python package in '/home/mk/dev_ws/src/ros2_whisper/audio_listener'
[0.804s] INFO:colcon.colcon_core.shell:Skip shell extension 'powershell' for command environment: Not usable outside of PowerShell
[0.804s] DEBUG:colcon.colcon_core.shell:Skip shell extension 'dsv' for command environment
[1.002s] INFO:colcon.colcon_core.task.python.build:Building Python package in '/home/mk/dev_ws/src/collision_check'
[1.003s] INFO:colcon.colcon_core.shell:Skip shell extension 'powershell' for command environment: Not usable outside of PowerShell
[1.003s] DEBUG:colcon.colcon_core.shell:Skip shell extension 'dsv' for command environment
[1.201s] INFO:colcon.colcon_core.task.python.build:Building Python package in '/home/mk/dev_ws/src/gaze_control'
[1.202s] INFO:colcon.colcon_core.shell:Skip shell extension 'powershell' for command environment: Not usable outside of PowerShell
[1.202s] DEBUG:colcon.colcon_core.shell:Skip shell extension 'dsv' for command environment
[1.208s] DEBUG:colcon.colcon_core.event_handler.log_command:Invoking command in '/home/mk/dev_ws/build/mbot_demo': CMAKE_PREFIX_PATH=${CMAKE_PREFIX_PATH}:/home/mk/dev_ws/install/yolo_object_detector:/home/mk/dev_ws/install/move_to_coordinator:/home/mk/dev_ws/install/motion_sequence:/home/mk/dev_ws/install/whisper_demos:/home/mk/dev_ws/install/voice_command_listener:/home/mk/dev_ws/install/uf_ros_lib:/home/mk/dev_ws/install/rviz_servo_status_overlay:/home/mk/dev_ws/install/rviz_marker_static_scene_objects:/home/mk/dev_ws/install/robot_motion_handler_movegroup:/home/mk/dev_ws/install/gaze_control:/home/mk/dev_ws/install/collision_check:/home/mk/dev_ws/install/audio_listener:/opt/ros/humble /usr/bin/cmake /home/mk/dev_ws/src/xarm_ros2/demo/mbot_demo -DCMAKE_INSTALL_PREFIX=/home/mk/dev_ws/install/mbot_demo
[1.210s] DEBUG:colcon.colcon_core.event_handler.log_command:Invoking command in '/home/mk/dev_ws/build/my_3d_vision_bringup': CMAKE_PREFIX_PATH=${CMAKE_PREFIX_PATH}:/home/mk/dev_ws/install/yolo_object_detector:/home/mk/dev_ws/install/move_to_coordinator:/home/mk/dev_ws/install/motion_sequence:/home/mk/dev_ws/install/whisper_demos:/home/mk/dev_ws/install/voice_command_listener:/home/mk/dev_ws/install/uf_ros_lib:/home/mk/dev_ws/install/rviz_servo_status_overlay:/home/mk/dev_ws/install/rviz_marker_static_scene_objects:/home/mk/dev_ws/install/robot_motion_handler_movegroup:/home/mk/dev_ws/install/gaze_control:/home/mk/dev_ws/install/collision_check:/home/mk/dev_ws/install/audio_listener:/opt/ros/humble /usr/bin/cmake /home/mk/dev_ws/src/my_3d_vision_bringup -DCMAKE_INSTALL_PREFIX=/home/mk/dev_ws/install/my_3d_vision_bringup
[1.212s] DEBUG:colcon.colcon_core.event_handler.log_command:Invoking command in '/home/mk/dev_ws/build/realsense_gazebo_plugin': CMAKE_PREFIX_PATH=${CMAKE_PREFIX_PATH}:/home/mk/dev_ws/install/yolo_object_detector:/home/mk/dev_ws/install/move_to_coordinator:/home/mk/dev_ws/install/motion_sequence:/home/mk/dev_ws/install/whisper_demos:/home/mk/dev_ws/install/voice_command_listener:/home/mk/dev_ws/install/uf_ros_lib:/home/mk/dev_ws/install/rviz_servo_status_overlay:/home/mk/dev_ws/install/rviz_marker_static_scene_objects:/home/mk/dev_ws/install/robot_motion_handler_movegroup:/home/mk/dev_ws/install/gaze_control:/home/mk/dev_ws/install/collision_check:/home/mk/dev_ws/install/audio_listener:/opt/ros/humble /usr/bin/cmake /home/mk/dev_ws/src/xarm_ros2/thirdparty/realsense_gazebo_plugin -DCMAKE_INSTALL_PREFIX=/home/mk/dev_ws/install/realsense_gazebo_plugin
[1.445s] INFO:colcon.colcon_core.task.python.build:Building Python package in '/home/mk/dev_ws/src/robot_motion_handler_movegroup'
[1.446s] INFO:colcon.colcon_core.shell:Skip shell extension 'powershell' for command environment: Not usable outside of PowerShell
[1.446s] DEBUG:colcon.colcon_core.shell:Skip shell extension 'dsv' for command environment
[1.669s] INFO:colcon.colcon_core.task.python.build:Building Python package in '/home/mk/dev_ws/src/rviz_marker_static_scene_objects'
[1.670s] INFO:colcon.colcon_core.shell:Skip shell extension 'powershell' for command environment: Not usable outside of PowerShell
[1.670s] DEBUG:colcon.colcon_core.shell:Skip shell extension 'dsv' for command environment
[1.883s] INFO:colcon.colcon_core.task.python.build:Building Python package in '/home/mk/dev_ws/src/rviz_servo_status_overlay'
[1.883s] INFO:colcon.colcon_core.shell:Skip shell extension 'powershell' for command environment: Not usable outside of PowerShell
[1.883s] DEBUG:colcon.colcon_core.shell:Skip shell extension 'dsv' for command environment
[1.901s] DEBUG:colcon.colcon_core.event_handler.log_command:Invoked command in '/home/mk/dev_ws/build/xarm_description' returned '0': CMAKE_PREFIX_PATH=${CMAKE_PREFIX_PATH}:/home/mk/dev_ws/install/yolo_object_detector:/home/mk/dev_ws/install/move_to_coordinator:/home/mk/dev_ws/install/motion_sequence:/home/mk/dev_ws/install/whisper_demos:/home/mk/dev_ws/install/voice_command_listener:/home/mk/dev_ws/install/uf_ros_lib:/home/mk/dev_ws/install/rviz_servo_status_overlay:/home/mk/dev_ws/install/rviz_marker_static_scene_objects:/home/mk/dev_ws/install/robot_motion_handler_movegroup:/home/mk/dev_ws/install/gaze_control:/home/mk/dev_ws/install/collision_check:/home/mk/dev_ws/install/audio_listener:/opt/ros/humble /usr/bin/cmake /home/mk/dev_ws/src/xarm_ros2/xarm_description -DCMAKE_INSTALL_PREFIX=/home/mk/dev_ws/install/xarm_description
[1.901s] DEBUG:colcon.colcon_core.event_handler.log_command:Invoking command in '/home/mk/dev_ws/build/xarm_description': CMAKE_PREFIX_PATH=${CMAKE_PREFIX_PATH}:/home/mk/dev_ws/install/yolo_object_detector:/home/mk/dev_ws/install/move_to_coordinator:/home/mk/dev_ws/install/motion_sequence:/home/mk/dev_ws/install/whisper_demos:/home/mk/dev_ws/install/voice_command_listener:/home/mk/dev_ws/install/uf_ros_lib:/home/mk/dev_ws/install/rviz_servo_status_overlay:/home/mk/dev_ws/install/rviz_marker_static_scene_objects:/home/mk/dev_ws/install/robot_motion_handler_movegroup:/home/mk/dev_ws/install/gaze_control:/home/mk/dev_ws/install/collision_check:/home/mk/dev_ws/install/audio_listener:/opt/ros/humble /usr/bin/cmake --build /home/mk/dev_ws/build/xarm_description -- -j16 -l16
[1.902s] DEBUG:colcon.colcon_core.event_handler.log_command:Invoked command in '/home/mk/dev_ws/build/xarm_sdk' returned '0': CMAKE_PREFIX_PATH=${CMAKE_PREFIX_PATH}:/home/mk/dev_ws/install/yolo_object_detector:/home/mk/dev_ws/install/move_to_coordinator:/home/mk/dev_ws/install/motion_sequence:/home/mk/dev_ws/install/whisper_demos:/home/mk/dev_ws/install/voice_command_listener:/home/mk/dev_ws/install/uf_ros_lib:/home/mk/dev_ws/install/rviz_servo_status_overlay:/home/mk/dev_ws/install/rviz_marker_static_scene_objects:/home/mk/dev_ws/install/robot_motion_handler_movegroup:/home/mk/dev_ws/install/gaze_control:/home/mk/dev_ws/install/collision_check:/home/mk/dev_ws/install/audio_listener:/opt/ros/humble /usr/bin/cmake /home/mk/dev_ws/src/xarm_ros2/xarm_sdk -DCMAKE_INSTALL_PREFIX=/home/mk/dev_ws/install/xarm_sdk
[1.903s] DEBUG:colcon.colcon_core.event_handler.log_command:Invoking command in '/home/mk/dev_ws/build/xarm_sdk': CMAKE_PREFIX_PATH=${CMAKE_PREFIX_PATH}:/home/mk/dev_ws/install/yolo_object_detector:/home/mk/dev_ws/install/move_to_coordinator:/home/mk/dev_ws/install/motion_sequence:/home/mk/dev_ws/install/whisper_demos:/home/mk/dev_ws/install/voice_command_listener:/home/mk/dev_ws/install/uf_ros_lib:/home/mk/dev_ws/install/rviz_servo_status_overlay:/home/mk/dev_ws/install/rviz_marker_static_scene_objects:/home/mk/dev_ws/install/robot_motion_handler_movegroup:/home/mk/dev_ws/install/gaze_control:/home/mk/dev_ws/install/collision_check:/home/mk/dev_ws/install/audio_listener:/opt/ros/humble /usr/bin/cmake --build /home/mk/dev_ws/build/xarm_sdk -- -j16 -l16
[1.903s] DEBUG:colcon.colcon_core.event_handler.log_command:Invoked command in '/home/mk/dev_ws/build/whisper_cpp_vendor' returned '0': CMAKE_PREFIX_PATH=${CMAKE_PREFIX_PATH}:/home/mk/dev_ws/install/yolo_object_detector:/home/mk/dev_ws/install/move_to_coordinator:/home/mk/dev_ws/install/motion_sequence:/home/mk/dev_ws/install/whisper_demos:/home/mk/dev_ws/install/voice_command_listener:/home/mk/dev_ws/install/uf_ros_lib:/home/mk/dev_ws/install/rviz_servo_status_overlay:/home/mk/dev_ws/install/rviz_marker_static_scene_objects:/home/mk/dev_ws/install/robot_motion_handler_movegroup:/home/mk/dev_ws/install/gaze_control:/home/mk/dev_ws/install/collision_check:/home/mk/dev_ws/install/audio_listener:/opt/ros/humble /usr/bin/cmake /home/mk/dev_ws/src/ros2_whisper/whisper_cpp_vendor -DCMAKE_INSTALL_PREFIX=/home/mk/dev_ws/install/whisper_cpp_vendor
[1.904s] DEBUG:colcon.colcon_core.event_handler.log_command:Invoking command in '/home/mk/dev_ws/build/whisper_cpp_vendor': CMAKE_PREFIX_PATH=${CMAKE_PREFIX_PATH}:/home/mk/dev_ws/install/yolo_object_detector:/home/mk/dev_ws/install/move_to_coordinator:/home/mk/dev_ws/install/motion_sequence:/home/mk/dev_ws/install/whisper_demos:/home/mk/dev_ws/install/voice_command_listener:/home/mk/dev_ws/install/uf_ros_lib:/home/mk/dev_ws/install/rviz_servo_status_overlay:/home/mk/dev_ws/install/rviz_marker_static_scene_objects:/home/mk/dev_ws/install/robot_motion_handler_movegroup:/home/mk/dev_ws/install/gaze_control:/home/mk/dev_ws/install/collision_check:/home/mk/dev_ws/install/audio_listener:/opt/ros/humble /usr/bin/cmake --build /home/mk/dev_ws/build/whisper_cpp_vendor -- -j16 -l16
[1.905s] DEBUG:colcon.colcon_core.event_handler.log_command:Invoked command in '/home/mk/dev_ws/build/whisper_idl' returned '0': CMAKE_PREFIX_PATH=${CMAKE_PREFIX_PATH}:/home/mk/dev_ws/install/yolo_object_detector:/home/mk/dev_ws/install/move_to_coordinator:/home/mk/dev_ws/install/motion_sequence:/home/mk/dev_ws/install/whisper_demos:/home/mk/dev_ws/install/voice_command_listener:/home/mk/dev_ws/install/uf_ros_lib:/home/mk/dev_ws/install/rviz_servo_status_overlay:/home/mk/dev_ws/install/rviz_marker_static_scene_objects:/home/mk/dev_ws/install/robot_motion_handler_movegroup:/home/mk/dev_ws/install/gaze_control:/home/mk/dev_ws/install/collision_check:/home/mk/dev_ws/install/audio_listener:/opt/ros/humble /usr/bin/cmake /home/mk/dev_ws/src/ros2_whisper/whisper_idl -DCMAKE_INSTALL_PREFIX=/home/mk/dev_ws/install/whisper_idl
[1.906s] DEBUG:colcon.colcon_core.event_handler.log_command:Invoking command in '/home/mk/dev_ws/build/whisper_idl': CMAKE_PREFIX_PATH=${CMAKE_PREFIX_PATH}:/home/mk/dev_ws/install/yolo_object_detector:/home/mk/dev_ws/install/move_to_coordinator:/home/mk/dev_ws/install/motion_sequence:/home/mk/dev_ws/install/whisper_demos:/home/mk/dev_ws/install/voice_command_listener:/home/mk/dev_ws/install/uf_ros_lib:/home/mk/dev_ws/install/rviz_servo_status_overlay:/home/mk/dev_ws/install/rviz_marker_static_scene_objects:/home/mk/dev_ws/install/robot_motion_handler_movegroup:/home/mk/dev_ws/install/gaze_control:/home/mk/dev_ws/install/collision_check:/home/mk/dev_ws/install/audio_listener:/opt/ros/humble /usr/bin/cmake --build /home/mk/dev_ws/build/whisper_idl -- -j16 -l16
[1.906s] DEBUG:colcon.colcon_core.event_handler.log_command:Invoked command in '/home/mk/dev_ws/build/mbot_demo' returned '0': CMAKE_PREFIX_PATH=${CMAKE_PREFIX_PATH}:/home/mk/dev_ws/install/yolo_object_detector:/home/mk/dev_ws/install/move_to_coordinator:/home/mk/dev_ws/install/motion_sequence:/home/mk/dev_ws/install/whisper_demos:/home/mk/dev_ws/install/voice_command_listener:/home/mk/dev_ws/install/uf_ros_lib:/home/mk/dev_ws/install/rviz_servo_status_overlay:/home/mk/dev_ws/install/rviz_marker_static_scene_objects:/home/mk/dev_ws/install/robot_motion_handler_movegroup:/home/mk/dev_ws/install/gaze_control:/home/mk/dev_ws/install/collision_check:/home/mk/dev_ws/install/audio_listener:/opt/ros/humble /usr/bin/cmake /home/mk/dev_ws/src/xarm_ros2/demo/mbot_demo -DCMAKE_INSTALL_PREFIX=/home/mk/dev_ws/install/mbot_demo
[1.908s] DEBUG:colcon.colcon_core.event_handler.log_command:Invoking command in '/home/mk/dev_ws/build/mbot_demo': CMAKE_PREFIX_PATH=${CMAKE_PREFIX_PATH}:/home/mk/dev_ws/install/yolo_object_detector:/home/mk/dev_ws/install/move_to_coordinator:/home/mk/dev_ws/install/motion_sequence:/home/mk/dev_ws/install/whisper_demos:/home/mk/dev_ws/install/voice_command_listener:/home/mk/dev_ws/install/uf_ros_lib:/home/mk/dev_ws/install/rviz_servo_status_overlay:/home/mk/dev_ws/install/rviz_marker_static_scene_objects:/home/mk/dev_ws/install/robot_motion_handler_movegroup:/home/mk/dev_ws/install/gaze_control:/home/mk/dev_ws/install/collision_check:/home/mk/dev_ws/install/audio_listener:/opt/ros/humble /usr/bin/cmake --build /home/mk/dev_ws/build/mbot_demo -- -j16 -l16
[1.908s] DEBUG:colcon.colcon_core.event_handler.log_command:Invoked command in '/home/mk/dev_ws/build/zed_interfaces' returned '0': CMAKE_PREFIX_PATH=${CMAKE_PREFIX_PATH}:/home/mk/dev_ws/install/yolo_object_detector:/home/mk/dev_ws/install/move_to_coordinator:/home/mk/dev_ws/install/motion_sequence:/home/mk/dev_ws/install/whisper_demos:/home/mk/dev_ws/install/voice_command_listener:/home/mk/dev_ws/install/uf_ros_lib:/home/mk/dev_ws/install/rviz_servo_status_overlay:/home/mk/dev_ws/install/rviz_marker_static_scene_objects:/home/mk/dev_ws/install/robot_motion_handler_movegroup:/home/mk/dev_ws/install/gaze_control:/home/mk/dev_ws/install/collision_check:/home/mk/dev_ws/install/audio_listener:/opt/ros/humble /usr/bin/cmake /home/mk/dev_ws/src/zed-ros2-interfaces -DCMAKE_INSTALL_PREFIX=/home/mk/dev_ws/install/zed_interfaces
[1.910s] DEBUG:colcon.colcon_core.event_handler.log_command:Invoking command in '/home/mk/dev_ws/build/zed_interfaces': CMAKE_PREFIX_PATH=${CMAKE_PREFIX_PATH}:/home/mk/dev_ws/install/yolo_object_detector:/home/mk/dev_ws/install/move_to_coordinator:/home/mk/dev_ws/install/motion_sequence:/home/mk/dev_ws/install/whisper_demos:/home/mk/dev_ws/install/voice_command_listener:/home/mk/dev_ws/install/uf_ros_lib:/home/mk/dev_ws/install/rviz_servo_status_overlay:/home/mk/dev_ws/install/rviz_marker_static_scene_objects:/home/mk/dev_ws/install/robot_motion_handler_movegroup:/home/mk/dev_ws/install/gaze_control:/home/mk/dev_ws/install/collision_check:/home/mk/dev_ws/install/audio_listener:/opt/ros/humble /usr/bin/cmake --build /home/mk/dev_ws/build/zed_interfaces -- -j16 -l16
[1.964s] DEBUG:colcon.colcon_core.event_handler.log_command:Invoked command in '/home/mk/dev_ws/build/xarm_msgs' returned '0': CMAKE_PREFIX_PATH=${CMAKE_PREFIX_PATH}:/home/mk/dev_ws/install/yolo_object_detector:/home/mk/dev_ws/install/move_to_coordinator:/home/mk/dev_ws/install/motion_sequence:/home/mk/dev_ws/install/whisper_demos:/home/mk/dev_ws/install/voice_command_listener:/home/mk/dev_ws/install/uf_ros_lib:/home/mk/dev_ws/install/rviz_servo_status_overlay:/home/mk/dev_ws/install/rviz_marker_static_scene_objects:/home/mk/dev_ws/install/robot_motion_handler_movegroup:/home/mk/dev_ws/install/gaze_control:/home/mk/dev_ws/install/collision_check:/home/mk/dev_ws/install/audio_listener:/opt/ros/humble /usr/bin/cmake /home/mk/dev_ws/src/xarm_ros2/xarm_msgs -DCMAKE_INSTALL_PREFIX=/home/mk/dev_ws/install/xarm_msgs
[1.964s] DEBUG:colcon.colcon_core.event_handler.log_command:Invoking command in '/home/mk/dev_ws/build/xarm_msgs': CMAKE_PREFIX_PATH=${CMAKE_PREFIX_PATH}:/home/mk/dev_ws/install/yolo_object_detector:/home/mk/dev_ws/install/move_to_coordinator:/home/mk/dev_ws/install/motion_sequence:/home/mk/dev_ws/install/whisper_demos:/home/mk/dev_ws/install/voice_command_listener:/home/mk/dev_ws/install/uf_ros_lib:/home/mk/dev_ws/install/rviz_servo_status_overlay:/home/mk/dev_ws/install/rviz_marker_static_scene_objects:/home/mk/dev_ws/install/robot_motion_handler_movegroup:/home/mk/dev_ws/install/gaze_control:/home/mk/dev_ws/install/collision_check:/home/mk/dev_ws/install/audio_listener:/opt/ros/humble /usr/bin/cmake --build /home/mk/dev_ws/build/xarm_msgs -- -j16 -l16
[1.970s] DEBUG:colcon.colcon_core.event_handler.log_command:Invoked command in '/home/mk/dev_ws/build/xarm_description' returned '0': CMAKE_PREFIX_PATH=${CMAKE_PREFIX_PATH}:/home/mk/dev_ws/install/yolo_object_detector:/home/mk/dev_ws/install/move_to_coordinator:/home/mk/dev_ws/install/motion_sequence:/home/mk/dev_ws/install/whisper_demos:/home/mk/dev_ws/install/voice_command_listener:/home/mk/dev_ws/install/uf_ros_lib:/home/mk/dev_ws/install/rviz_servo_status_overlay:/home/mk/dev_ws/install/rviz_marker_static_scene_objects:/home/mk/dev_ws/install/robot_motion_handler_movegroup:/home/mk/dev_ws/install/gaze_control:/home/mk/dev_ws/install/collision_check:/home/mk/dev_ws/install/audio_listener:/opt/ros/humble /usr/bin/cmake --build /home/mk/dev_ws/build/xarm_description -- -j16 -l16
[2.002s] DEBUG:colcon.colcon_core.event_handler.log_command:Invoking command in '/home/mk/dev_ws/build/xarm_description': CMAKE_PREFIX_PATH=${CMAKE_PREFIX_PATH}:/home/mk/dev_ws/install/yolo_object_detector:/home/mk/dev_ws/install/move_to_coordinator:/home/mk/dev_ws/install/motion_sequence:/home/mk/dev_ws/install/whisper_demos:/home/mk/dev_ws/install/voice_command_listener:/home/mk/dev_ws/install/uf_ros_lib:/home/mk/dev_ws/install/rviz_servo_status_overlay:/home/mk/dev_ws/install/rviz_marker_static_scene_objects:/home/mk/dev_ws/install/robot_motion_handler_movegroup:/home/mk/dev_ws/install/gaze_control:/home/mk/dev_ws/install/collision_check:/home/mk/dev_ws/install/audio_listener:/opt/ros/humble /usr/bin/cmake --install /home/mk/dev_ws/build/xarm_description
[2.005s] DEBUG:colcon.colcon_core.event_handler.log_command:Invoked command in '/home/mk/dev_ws/build/mbot_demo' returned '0': CMAKE_PREFIX_PATH=${CMAKE_PREFIX_PATH}:/home/mk/dev_ws/install/yolo_object_detector:/home/mk/dev_ws/install/move_to_coordinator:/home/mk/dev_ws/install/motion_sequence:/home/mk/dev_ws/install/whisper_demos:/home/mk/dev_ws/install/voice_command_listener:/home/mk/dev_ws/install/uf_ros_lib:/home/mk/dev_ws/install/rviz_servo_status_overlay:/home/mk/dev_ws/install/rviz_marker_static_scene_objects:/home/mk/dev_ws/install/robot_motion_handler_movegroup:/home/mk/dev_ws/install/gaze_control:/home/mk/dev_ws/install/collision_check:/home/mk/dev_ws/install/audio_listener:/opt/ros/humble /usr/bin/cmake --build /home/mk/dev_ws/build/mbot_demo -- -j16 -l16
[2.013s] DEBUG:colcon.colcon_core.event_handler.log_command:Invoking command in '/home/mk/dev_ws/build/mbot_demo': CMAKE_PREFIX_PATH=${CMAKE_PREFIX_PATH}:/home/mk/dev_ws/install/yolo_object_detector:/home/mk/dev_ws/install/move_to_coordinator:/home/mk/dev_ws/install/motion_sequence:/home/mk/dev_ws/install/whisper_demos:/home/mk/dev_ws/install/voice_command_listener:/home/mk/dev_ws/install/uf_ros_lib:/home/mk/dev_ws/install/rviz_servo_status_overlay:/home/mk/dev_ws/install/rviz_marker_static_scene_objects:/home/mk/dev_ws/install/robot_motion_handler_movegroup:/home/mk/dev_ws/install/gaze_control:/home/mk/dev_ws/install/collision_check:/home/mk/dev_ws/install/audio_listener:/opt/ros/humble /usr/bin/cmake --install /home/mk/dev_ws/build/mbot_demo
[2.036s] Level 1:colcon.colcon_core.environment:create_environment_scripts_only(mbot_demo)
[2.038s] DEBUG:colcon.colcon_core.event_handler.log_command:Invoked command in '/home/mk/dev_ws/build/mbot_demo' returned '0': CMAKE_PREFIX_PATH=${CMAKE_PREFIX_PATH}:/home/mk/dev_ws/install/yolo_object_detector:/home/mk/dev_ws/install/move_to_coordinator:/home/mk/dev_ws/install/motion_sequence:/home/mk/dev_ws/install/whisper_demos:/home/mk/dev_ws/install/voice_command_listener:/home/mk/dev_ws/install/uf_ros_lib:/home/mk/dev_ws/install/rviz_servo_status_overlay:/home/mk/dev_ws/install/rviz_marker_static_scene_objects:/home/mk/dev_ws/install/robot_motion_handler_movegroup:/home/mk/dev_ws/install/gaze_control:/home/mk/dev_ws/install/collision_check:/home/mk/dev_ws/install/audio_listener:/opt/ros/humble /usr/bin/cmake --install /home/mk/dev_ws/build/mbot_demo
[2.039s] Level 1:colcon.colcon_core.environment:checking '/home/mk/dev_ws/install/mbot_demo' for CMake module files
[2.040s] Level 1:colcon.colcon_core.environment:checking '/home/mk/dev_ws/install/mbot_demo' for CMake config files
[2.040s] Level 1:colcon.colcon_core.shell:create_environment_hook('mbot_demo', 'cmake_prefix_path')
[2.041s] INFO:colcon.colcon_core.shell:Creating environment hook '/home/mk/dev_ws/install/mbot_demo/share/mbot_demo/hook/cmake_prefix_path.ps1'
[2.048s] INFO:colcon.colcon_core.shell:Creating environment descriptor '/home/mk/dev_ws/install/mbot_demo/share/mbot_demo/hook/cmake_prefix_path.dsv'
[2.050s] INFO:colcon.colcon_core.shell:Creating environment hook '/home/mk/dev_ws/install/mbot_demo/share/mbot_demo/hook/cmake_prefix_path.sh'
[2.064s] Level 1:colcon.colcon_core.environment:checking '/home/mk/dev_ws/install/mbot_demo/bin'
[2.064s] Level 1:colcon.colcon_core.environment:checking '/home/mk/dev_ws/install/mbot_demo/lib/pkgconfig/mbot_demo.pc'
[2.064s] Level 1:colcon.colcon_core.environment:checking '/home/mk/dev_ws/install/mbot_demo/lib/python3.10/site-packages'
[2.064s] Level 1:colcon.colcon_core.environment:checking '/home/mk/dev_ws/install/mbot_demo/bin'
[2.065s] INFO:colcon.colcon_core.shell:Creating package script '/home/mk/dev_ws/install/mbot_demo/share/mbot_demo/package.ps1'
[2.066s] INFO:colcon.colcon_core.shell:Creating package descriptor '/home/mk/dev_ws/install/mbot_demo/share/mbot_demo/package.dsv'
[2.066s] INFO:colcon.colcon_core.shell:Creating package script '/home/mk/dev_ws/install/mbot_demo/share/mbot_demo/package.sh'
[2.071s] INFO:colcon.colcon_core.shell:Creating package script '/home/mk/dev_ws/install/mbot_demo/share/mbot_demo/package.bash'
[2.071s] INFO:colcon.colcon_core.shell:Creating package script '/home/mk/dev_ws/install/mbot_demo/share/mbot_demo/package.zsh'
[2.076s] Level 1:colcon.colcon_core.environment:create_file_with_runtime_dependencies(/home/mk/dev_ws/install/mbot_demo/share/colcon-core/packages/mbot_demo)
[2.076s] Level 1:colcon.colcon_core.environment:create_environment_scripts_only(mbot_demo)
[2.077s] Level 1:colcon.colcon_core.environment:checking '/home/mk/dev_ws/install/mbot_demo' for CMake module files
[2.077s] Level 1:colcon.colcon_core.environment:checking '/home/mk/dev_ws/install/mbot_demo' for CMake config files
[2.078s] Level 1:colcon.colcon_core.shell:create_environment_hook('mbot_demo', 'cmake_prefix_path')
[2.078s] INFO:colcon.colcon_core.shell:Creating environment hook '/home/mk/dev_ws/install/mbot_demo/share/mbot_demo/hook/cmake_prefix_path.ps1'
[2.081s] INFO:colcon.colcon_core.shell:Creating environment descriptor '/home/mk/dev_ws/install/mbot_demo/share/mbot_demo/hook/cmake_prefix_path.dsv'
[2.081s] INFO:colcon.colcon_core.shell:Creating environment hook '/home/mk/dev_ws/install/mbot_demo/share/mbot_demo/hook/cmake_prefix_path.sh'
[2.081s] Level 1:colcon.colcon_core.environment:checking '/home/mk/dev_ws/install/mbot_demo/bin'
[2.081s] Level 1:colcon.colcon_core.environment:checking '/home/mk/dev_ws/install/mbot_demo/lib/pkgconfig/mbot_demo.pc'
[2.082s] Level 1:colcon.colcon_core.environment:checking '/home/mk/dev_ws/install/mbot_demo/lib/python3.10/site-packages'
[2.082s] Level 1:colcon.colcon_core.environment:checking '/home/mk/dev_ws/install/mbot_demo/bin'
[2.084s] INFO:colcon.colcon_core.shell:Creating package script '/home/mk/dev_ws/install/mbot_demo/share/mbot_demo/package.ps1'
[2.086s] INFO:colcon.colcon_core.shell:Creating package descriptor '/home/mk/dev_ws/install/mbot_demo/share/mbot_demo/package.dsv'
[2.087s] INFO:colcon.colcon_core.shell:Creating package script '/home/mk/dev_ws/install/mbot_demo/share/mbot_demo/package.sh'
[2.087s] INFO:colcon.colcon_core.shell:Creating package script '/home/mk/dev_ws/install/mbot_demo/share/mbot_demo/package.bash'
[2.088s] INFO:colcon.colcon_core.shell:Creating package script '/home/mk/dev_ws/install/mbot_demo/share/mbot_demo/package.zsh'
[2.088s] Level 1:colcon.colcon_core.environment:create_file_with_runtime_dependencies(/home/mk/dev_ws/install/mbot_demo/share/colcon-core/packages/mbot_demo)
[2.088s] INFO:colcon.colcon_ros.task.ament_python.build:Building ROS package in '/home/mk/dev_ws/src/yolo_object_detector' with build type 'ament_python'
[2.088s] Level 1:colcon.colcon_core.shell:create_environment_hook('yolo_object_detector', 'ament_prefix_path')
[2.093s] INFO:colcon.colcon_core.shell:Creating environment hook '/home/mk/dev_ws/install/yolo_object_detector/share/yolo_object_detector/hook/ament_prefix_path.ps1'
[2.093s] INFO:colcon.colcon_core.shell:Creating environment descriptor '/home/mk/dev_ws/install/yolo_object_detector/share/yolo_object_detector/hook/ament_prefix_path.dsv'
[2.094s] INFO:colcon.colcon_core.shell:Creating environment hook '/home/mk/dev_ws/install/yolo_object_detector/share/yolo_object_detector/hook/ament_prefix_path.sh'
[2.094s] INFO:colcon.colcon_core.shell:Skip shell extension 'powershell' for command environment: Not usable outside of PowerShell
[2.094s] DEBUG:colcon.colcon_core.shell:Skip shell extension 'dsv' for command environment
[2.112s] DEBUG:colcon.colcon_core.event_handler.log_command:Invoked command in '/home/mk/dev_ws/build/xarm_sdk' returned '0': CMAKE_PREFIX_PATH=${CMAKE_PREFIX_PATH}:/home/mk/dev_ws/install/yolo_object_detector:/home/mk/dev_ws/install/move_to_coordinator:/home/mk/dev_ws/install/motion_sequence:/home/mk/dev_ws/install/whisper_demos:/home/mk/dev_ws/install/voice_command_listener:/home/mk/dev_ws/install/uf_ros_lib:/home/mk/dev_ws/install/rviz_servo_status_overlay:/home/mk/dev_ws/install/rviz_marker_static_scene_objects:/home/mk/dev_ws/install/robot_motion_handler_movegroup:/home/mk/dev_ws/install/gaze_control:/home/mk/dev_ws/install/collision_check:/home/mk/dev_ws/install/audio_listener:/opt/ros/humble /usr/bin/cmake --build /home/mk/dev_ws/build/xarm_sdk -- -j16 -l16
[2.113s] DEBUG:colcon.colcon_core.event_handler.log_command:Invoking command in '/home/mk/dev_ws/build/xarm_sdk': CMAKE_PREFIX_PATH=${CMAKE_PREFIX_PATH}:/home/mk/dev_ws/install/yolo_object_detector:/home/mk/dev_ws/install/move_to_coordinator:/home/mk/dev_ws/install/motion_sequence:/home/mk/dev_ws/install/whisper_demos:/home/mk/dev_ws/install/voice_command_listener:/home/mk/dev_ws/install/uf_ros_lib:/home/mk/dev_ws/install/rviz_servo_status_overlay:/home/mk/dev_ws/install/rviz_marker_static_scene_objects:/home/mk/dev_ws/install/robot_motion_handler_movegroup:/home/mk/dev_ws/install/gaze_control:/home/mk/dev_ws/install/collision_check:/home/mk/dev_ws/install/audio_listener:/opt/ros/humble /usr/bin/cmake --install /home/mk/dev_ws/build/xarm_sdk
[2.124s] DEBUG:colcon.colcon_core.event_handler.log_command:Invoked command in '/home/mk/dev_ws/build/whisper_cpp_vendor' returned '0': CMAKE_PREFIX_PATH=${CMAKE_PREFIX_PATH}:/home/mk/dev_ws/install/yolo_object_detector:/home/mk/dev_ws/install/move_to_coordinator:/home/mk/dev_ws/install/motion_sequence:/home/mk/dev_ws/install/whisper_demos:/home/mk/dev_ws/install/voice_command_listener:/home/mk/dev_ws/install/uf_ros_lib:/home/mk/dev_ws/install/rviz_servo_status_overlay:/home/mk/dev_ws/install/rviz_marker_static_scene_objects:/home/mk/dev_ws/install/robot_motion_handler_movegroup:/home/mk/dev_ws/install/gaze_control:/home/mk/dev_ws/install/collision_check:/home/mk/dev_ws/install/audio_listener:/opt/ros/humble /usr/bin/cmake --build /home/mk/dev_ws/build/whisper_cpp_vendor -- -j16 -l16
[2.125s] DEBUG:colcon.colcon_core.event_handler.log_command:Invoking command in '/home/mk/dev_ws/build/whisper_cpp_vendor': CMAKE_PREFIX_PATH=${CMAKE_PREFIX_PATH}:/home/mk/dev_ws/install/yolo_object_detector:/home/mk/dev_ws/install/move_to_coordinator:/home/mk/dev_ws/install/motion_sequence:/home/mk/dev_ws/install/whisper_demos:/home/mk/dev_ws/install/voice_command_listener:/home/mk/dev_ws/install/uf_ros_lib:/home/mk/dev_ws/install/rviz_servo_status_overlay:/home/mk/dev_ws/install/rviz_marker_static_scene_objects:/home/mk/dev_ws/install/robot_motion_handler_movegroup:/home/mk/dev_ws/install/gaze_control:/home/mk/dev_ws/install/collision_check:/home/mk/dev_ws/install/audio_listener:/opt/ros/humble /usr/bin/cmake --install /home/mk/dev_ws/build/whisper_cpp_vendor
[2.444s] INFO:colcon.colcon_core.task.python.build:Building Python package in '/home/mk/dev_ws/src/yolo_object_detector'
[2.445s] INFO:colcon.colcon_core.shell:Skip shell extension 'powershell' for command environment: Not usable outside of PowerShell
[2.445s] DEBUG:colcon.colcon_core.shell:Skip shell extension 'dsv' for command environment
[2.450s] Level 1:colcon.colcon_core.environment:create_environment_scripts_only(xarm_description)
[2.451s] Level 1:colcon.colcon_core.environment:checking '/home/mk/dev_ws/install/xarm_description' for CMake module files
[2.451s] Level 1:colcon.colcon_core.environment:checking '/home/mk/dev_ws/install/xarm_description' for CMake config files
[2.451s] DEBUG:colcon.colcon_core.event_handler.log_command:Invoked command in '/home/mk/dev_ws/build/xarm_description' returned '0': CMAKE_PREFIX_PATH=${CMAKE_PREFIX_PATH}:/home/mk/dev_ws/install/yolo_object_detector:/home/mk/dev_ws/install/move_to_coordinator:/home/mk/dev_ws/install/motion_sequence:/home/mk/dev_ws/install/whisper_demos:/home/mk/dev_ws/install/voice_command_listener:/home/mk/dev_ws/install/uf_ros_lib:/home/mk/dev_ws/install/rviz_servo_status_overlay:/home/mk/dev_ws/install/rviz_marker_static_scene_objects:/home/mk/dev_ws/install/robot_motion_handler_movegroup:/home/mk/dev_ws/install/gaze_control:/home/mk/dev_ws/install/collision_check:/home/mk/dev_ws/install/audio_listener:/opt/ros/humble /usr/bin/cmake --install /home/mk/dev_ws/build/xarm_description
[2.453s] Level 1:colcon.colcon_core.shell:create_environment_hook('xarm_description', 'cmake_prefix_path')
[2.454s] INFO:colcon.colcon_core.shell:Creating environment hook '/home/mk/dev_ws/install/xarm_description/share/xarm_description/hook/cmake_prefix_path.ps1'
[2.454s] INFO:colcon.colcon_core.shell:Creating environment descriptor '/home/mk/dev_ws/install/xarm_description/share/xarm_description/hook/cmake_prefix_path.dsv'
[2.455s] INFO:colcon.colcon_core.shell:Creating environment hook '/home/mk/dev_ws/install/xarm_description/share/xarm_description/hook/cmake_prefix_path.sh'
[2.455s] Level 1:colcon.colcon_core.environment:checking '/home/mk/dev_ws/install/xarm_description/bin'
[2.455s] Level 1:colcon.colcon_core.environment:checking '/home/mk/dev_ws/install/xarm_description/lib/pkgconfig/xarm_description.pc'
[2.455s] Level 1:colcon.colcon_core.environment:checking '/home/mk/dev_ws/install/xarm_description/lib/python3.10/site-packages'
[2.455s] Level 1:colcon.colcon_core.environment:checking '/home/mk/dev_ws/install/xarm_description/bin'
[2.456s] INFO:colcon.colcon_core.shell:Creating package script '/home/mk/dev_ws/install/xarm_description/share/xarm_description/package.ps1'
[2.456s] INFO:colcon.colcon_core.shell:Creating package descriptor '/home/mk/dev_ws/install/xarm_description/share/xarm_description/package.dsv'
[2.457s] INFO:colcon.colcon_core.shell:Creating package script '/home/mk/dev_ws/install/xarm_description/share/xarm_description/package.sh'
[2.457s] INFO:colcon.colcon_core.shell:Creating package script '/home/mk/dev_ws/install/xarm_description/share/xarm_description/package.bash'
[2.457s] INFO:colcon.colcon_core.shell:Creating package script '/home/mk/dev_ws/install/xarm_description/share/xarm_description/package.zsh'
[2.458s] Level 1:colcon.colcon_core.environment:create_file_with_runtime_dependencies(/home/mk/dev_ws/install/xarm_description/share/colcon-core/packages/xarm_description)
[2.458s] Level 1:colcon.colcon_core.environment:create_environment_scripts_only(xarm_description)
[2.458s] Level 1:colcon.colcon_core.environment:checking '/home/mk/dev_ws/install/xarm_description' for CMake module files
[2.459s] Level 1:colcon.colcon_core.environment:checking '/home/mk/dev_ws/install/xarm_description' for CMake config files
[2.460s] Level 1:colcon.colcon_core.shell:create_environment_hook('xarm_description', 'cmake_prefix_path')
[2.461s] INFO:colcon.colcon_core.shell:Creating environment hook '/home/mk/dev_ws/install/xarm_description/share/xarm_description/hook/cmake_prefix_path.ps1'
[2.461s] INFO:colcon.colcon_core.shell:Creating environment descriptor '/home/mk/dev_ws/install/xarm_description/share/xarm_description/hook/cmake_prefix_path.dsv'
[2.461s] INFO:colcon.colcon_core.shell:Creating environment hook '/home/mk/dev_ws/install/xarm_description/share/xarm_description/hook/cmake_prefix_path.sh'
[2.466s] Level 1:colcon.colcon_core.environment:checking '/home/mk/dev_ws/install/xarm_description/bin'
[2.466s] Level 1:colcon.colcon_core.environment:checking '/home/mk/dev_ws/install/xarm_description/lib/pkgconfig/xarm_description.pc'
[2.466s] Level 1:colcon.colcon_core.environment:checking '/home/mk/dev_ws/install/xarm_description/lib/python3.10/site-packages'
[2.467s] Level 1:colcon.colcon_core.environment:checking '/home/mk/dev_ws/install/xarm_description/bin'
[2.467s] INFO:colcon.colcon_core.shell:Creating package script '/home/mk/dev_ws/install/xarm_description/share/xarm_description/package.ps1'
[2.468s] INFO:colcon.colcon_core.shell:Creating package descriptor '/home/mk/dev_ws/install/xarm_description/share/xarm_description/package.dsv'
[2.468s] INFO:colcon.colcon_core.shell:Creating package script '/home/mk/dev_ws/install/xarm_description/share/xarm_description/package.sh'
[2.468s] INFO:colcon.colcon_core.shell:Creating package script '/home/mk/dev_ws/install/xarm_description/share/xarm_description/package.bash'
[2.469s] INFO:colcon.colcon_core.shell:Creating package script '/home/mk/dev_ws/install/xarm_description/share/xarm_description/package.zsh'
[2.471s] Level 1:colcon.colcon_core.environment:create_file_with_runtime_dependencies(/home/mk/dev_ws/install/xarm_description/share/colcon-core/packages/xarm_description)
[2.473s] Level 1:colcon.colcon_core.environment:create_environment_scripts_only(whisper_cpp_vendor)
[2.473s] Level 1:colcon.colcon_core.environment:checking '/home/mk/dev_ws/install/whisper_cpp_vendor' for CMake module files
[2.473s] Level 1:colcon.colcon_core.environment:checking '/home/mk/dev_ws/install/whisper_cpp_vendor' for CMake config files
[2.474s] Level 1:colcon.colcon_core.shell:create_environment_hook('whisper_cpp_vendor', 'cmake_prefix_path')
[2.474s] INFO:colcon.colcon_core.shell:Creating environment hook '/home/mk/dev_ws/install/whisper_cpp_vendor/share/whisper_cpp_vendor/hook/cmake_prefix_path.ps1'
[2.475s] INFO:colcon.colcon_core.shell:Creating environment descriptor '/home/mk/dev_ws/install/whisper_cpp_vendor/share/whisper_cpp_vendor/hook/cmake_prefix_path.dsv'
[2.475s] INFO:colcon.colcon_core.shell:Creating environment hook '/home/mk/dev_ws/install/whisper_cpp_vendor/share/whisper_cpp_vendor/hook/cmake_prefix_path.sh'
[2.475s] Level 1:colcon.colcon_core.environment:checking '/home/mk/dev_ws/install/whisper_cpp_vendor/libggml.so'
[2.476s] Level 1:colcon.colcon_core.environment:checking '/home/mk/dev_ws/install/whisper_cpp_vendor/lib'
[2.476s] Level 1:colcon.colcon_core.shell:create_environment_hook('whisper_cpp_vendor', 'ld_library_path_lib')
[2.476s] INFO:colcon.colcon_core.shell:Creating environment hook '/home/mk/dev_ws/install/whisper_cpp_vendor/share/whisper_cpp_vendor/hook/ld_library_path_lib.ps1'
[2.476s] DEBUG:colcon.colcon_core.event_handler.log_command:Invoked command in '/home/mk/dev_ws/build/whisper_cpp_vendor' returned '0': CMAKE_PREFIX_PATH=${CMAKE_PREFIX_PATH}:/home/mk/dev_ws/install/yolo_object_detector:/home/mk/dev_ws/install/move_to_coordinator:/home/mk/dev_ws/install/motion_sequence:/home/mk/dev_ws/install/whisper_demos:/home/mk/dev_ws/install/voice_command_listener:/home/mk/dev_ws/install/uf_ros_lib:/home/mk/dev_ws/install/rviz_servo_status_overlay:/home/mk/dev_ws/install/rviz_marker_static_scene_objects:/home/mk/dev_ws/install/robot_motion_handler_movegroup:/home/mk/dev_ws/install/gaze_control:/home/mk/dev_ws/install/collision_check:/home/mk/dev_ws/install/audio_listener:/opt/ros/humble /usr/bin/cmake --install /home/mk/dev_ws/build/whisper_cpp_vendor
[2.476s] INFO:colcon.colcon_core.shell:Creating environment descriptor '/home/mk/dev_ws/install/whisper_cpp_vendor/share/whisper_cpp_vendor/hook/ld_library_path_lib.dsv'
[2.477s] INFO:colcon.colcon_core.shell:Creating environment hook '/home/mk/dev_ws/install/whisper_cpp_vendor/share/whisper_cpp_vendor/hook/ld_library_path_lib.sh'
[2.479s] Level 1:colcon.colcon_core.environment:checking '/home/mk/dev_ws/install/whisper_cpp_vendor/bin'
[2.479s] Level 1:colcon.colcon_core.environment:checking '/home/mk/dev_ws/install/whisper_cpp_vendor/lib/pkgconfig/whisper_cpp_vendor.pc'
[2.479s] Level 1:colcon.colcon_core.environment:checking '/home/mk/dev_ws/install/whisper_cpp_vendor/lib/python3.10/site-packages'
[2.480s] Level 1:colcon.colcon_core.environment:checking '/home/mk/dev_ws/install/whisper_cpp_vendor/bin'
[2.480s] INFO:colcon.colcon_core.shell:Creating package script '/home/mk/dev_ws/install/whisper_cpp_vendor/share/whisper_cpp_vendor/package.ps1'
[2.481s] INFO:colcon.colcon_core.shell:Creating package descriptor '/home/mk/dev_ws/install/whisper_cpp_vendor/share/whisper_cpp_vendor/package.dsv'
[2.481s] INFO:colcon.colcon_core.shell:Creating package script '/home/mk/dev_ws/install/whisper_cpp_vendor/share/whisper_cpp_vendor/package.sh'
[2.482s] INFO:colcon.colcon_core.shell:Creating package script '/home/mk/dev_ws/install/whisper_cpp_vendor/share/whisper_cpp_vendor/package.bash'
[2.482s] INFO:colcon.colcon_core.shell:Creating package script '/home/mk/dev_ws/install/whisper_cpp_vendor/share/whisper_cpp_vendor/package.zsh'
[2.482s] Level 1:colcon.colcon_core.environment:create_file_with_runtime_dependencies(/home/mk/dev_ws/install/whisper_cpp_vendor/share/colcon-core/packages/whisper_cpp_vendor)
[2.483s] Level 1:colcon.colcon_core.environment:create_environment_scripts_only(whisper_cpp_vendor)
[2.485s] Level 1:colcon.colcon_core.environment:checking '/home/mk/dev_ws/install/whisper_cpp_vendor' for CMake module files
[2.486s] Level 1:colcon.colcon_core.environment:checking '/home/mk/dev_ws/install/whisper_cpp_vendor' for CMake config files
[2.486s] Level 1:colcon.colcon_core.shell:create_environment_hook('whisper_cpp_vendor', 'cmake_prefix_path')
[2.487s] INFO:colcon.colcon_core.shell:Creating environment hook '/home/mk/dev_ws/install/whisper_cpp_vendor/share/whisper_cpp_vendor/hook/cmake_prefix_path.ps1'
[2.487s] INFO:colcon.colcon_core.shell:Creating environment descriptor '/home/mk/dev_ws/install/whisper_cpp_vendor/share/whisper_cpp_vendor/hook/cmake_prefix_path.dsv'
[2.488s] INFO:colcon.colcon_core.shell:Creating environment hook '/home/mk/dev_ws/install/whisper_cpp_vendor/share/whisper_cpp_vendor/hook/cmake_prefix_path.sh'
[2.488s] Level 1:colcon.colcon_core.environment:checking '/home/mk/dev_ws/install/whisper_cpp_vendor/libggml.so'
[2.488s] Level 1:colcon.colcon_core.environment:checking '/home/mk/dev_ws/install/whisper_cpp_vendor/lib'
[2.488s] Level 1:colcon.colcon_core.shell:create_environment_hook('whisper_cpp_vendor', 'ld_library_path_lib')
[2.489s] INFO:colcon.colcon_core.shell:Creating environment hook '/home/mk/dev_ws/install/whisper_cpp_vendor/share/whisper_cpp_vendor/hook/ld_library_path_lib.ps1'
[2.489s] INFO:colcon.colcon_core.shell:Creating environment descriptor '/home/mk/dev_ws/install/whisper_cpp_vendor/share/whisper_cpp_vendor/hook/ld_library_path_lib.dsv'
[2.489s] INFO:colcon.colcon_core.shell:Creating environment hook '/home/mk/dev_ws/install/whisper_cpp_vendor/share/whisper_cpp_vendor/hook/ld_library_path_lib.sh'
[2.489s] Level 1:colcon.colcon_core.environment:checking '/home/mk/dev_ws/install/whisper_cpp_vendor/bin'
[2.489s] Level 1:colcon.colcon_core.environment:checking '/home/mk/dev_ws/install/whisper_cpp_vendor/lib/pkgconfig/whisper_cpp_vendor.pc'
[2.490s] Level 1:colcon.colcon_core.environment:checking '/home/mk/dev_ws/install/whisper_cpp_vendor/lib/python3.10/site-packages'
[2.490s] Level 1:colcon.colcon_core.environment:checking '/home/mk/dev_ws/install/whisper_cpp_vendor/bin'
[2.490s] INFO:colcon.colcon_core.shell:Creating package script '/home/mk/dev_ws/install/whisper_cpp_vendor/share/whisper_cpp_vendor/package.ps1'
[2.491s] INFO:colcon.colcon_core.shell:Creating package descriptor '/home/mk/dev_ws/install/whisper_cpp_vendor/share/whisper_cpp_vendor/package.dsv'
[2.491s] INFO:colcon.colcon_core.shell:Creating package script '/home/mk/dev_ws/install/whisper_cpp_vendor/share/whisper_cpp_vendor/package.sh'
[2.491s] INFO:colcon.colcon_core.shell:Creating package script '/home/mk/dev_ws/install/whisper_cpp_vendor/share/whisper_cpp_vendor/package.bash'
[2.491s] INFO:colcon.colcon_core.shell:Creating package script '/home/mk/dev_ws/install/whisper_cpp_vendor/share/whisper_cpp_vendor/package.zsh'
[2.492s] Level 1:colcon.colcon_core.environment:create_file_with_runtime_dependencies(/home/mk/dev_ws/install/whisper_cpp_vendor/share/colcon-core/packages/whisper_cpp_vendor)
[2.494s] Level 1:colcon.colcon_core.environment:create_environment_scripts_only(xarm_sdk)
[2.494s] Level 1:colcon.colcon_core.environment:checking '/home/mk/dev_ws/install/xarm_sdk' for CMake module files
[2.494s] Level 1:colcon.colcon_core.environment:checking '/home/mk/dev_ws/install/xarm_sdk' for CMake config files
[2.495s] Level 1:colcon.colcon_core.shell:create_environment_hook('xarm_sdk', 'cmake_prefix_path')
[2.495s] INFO:colcon.colcon_core.shell:Creating environment hook '/home/mk/dev_ws/install/xarm_sdk/share/xarm_sdk/hook/cmake_prefix_path.ps1'
[2.495s] INFO:colcon.colcon_core.shell:Creating environment descriptor '/home/mk/dev_ws/install/xarm_sdk/share/xarm_sdk/hook/cmake_prefix_path.dsv'
[2.496s] INFO:colcon.colcon_core.shell:Creating environment hook '/home/mk/dev_ws/install/xarm_sdk/share/xarm_sdk/hook/cmake_prefix_path.sh'
[2.496s] Level 1:colcon.colcon_core.environment:checking '/home/mk/dev_ws/install/xarm_sdk/lib'
[2.496s] Level 1:colcon.colcon_core.shell:create_environment_hook('xarm_sdk', 'ld_library_path_lib')
[2.496s] INFO:colcon.colcon_core.shell:Creating environment hook '/home/mk/dev_ws/install/xarm_sdk/share/xarm_sdk/hook/ld_library_path_lib.ps1'
[2.497s] INFO:colcon.colcon_core.shell:Creating environment descriptor '/home/mk/dev_ws/install/xarm_sdk/share/xarm_sdk/hook/ld_library_path_lib.dsv'
[2.497s] INFO:colcon.colcon_core.shell:Creating environment hook '/home/mk/dev_ws/install/xarm_sdk/share/xarm_sdk/hook/ld_library_path_lib.sh'
[2.497s] Level 1:colcon.colcon_core.environment:checking '/home/mk/dev_ws/install/xarm_sdk/bin'
[2.497s] Level 1:colcon.colcon_core.environment:checking '/home/mk/dev_ws/install/xarm_sdk/lib/pkgconfig/xarm_sdk.pc'
[2.498s] Level 1:colcon.colcon_core.environment:checking '/home/mk/dev_ws/install/xarm_sdk/lib/python3.10/site-packages'
[2.498s] Level 1:colcon.colcon_core.environment:checking '/home/mk/dev_ws/install/xarm_sdk/bin'
[2.498s] INFO:colcon.colcon_core.shell:Creating package script '/home/mk/dev_ws/install/xarm_sdk/share/xarm_sdk/package.ps1'
[2.499s] INFO:colcon.colcon_core.shell:Creating package descriptor '/home/mk/dev_ws/install/xarm_sdk/share/xarm_sdk/package.dsv'
[2.499s] INFO:colcon.colcon_core.shell:Creating package script '/home/mk/dev_ws/install/xarm_sdk/share/xarm_sdk/package.sh'
[2.500s] INFO:colcon.colcon_core.shell:Creating package script '/home/mk/dev_ws/install/xarm_sdk/share/xarm_sdk/package.bash'
[2.500s] DEBUG:colcon.colcon_core.event_handler.log_command:Invoked command in '/home/mk/dev_ws/build/realsense_gazebo_plugin' returned '0': CMAKE_PREFIX_PATH=${CMAKE_PREFIX_PATH}:/home/mk/dev_ws/install/yolo_object_detector:/home/mk/dev_ws/install/move_to_coordinator:/home/mk/dev_ws/install/motion_sequence:/home/mk/dev_ws/install/whisper_demos:/home/mk/dev_ws/install/voice_command_listener:/home/mk/dev_ws/install/uf_ros_lib:/home/mk/dev_ws/install/rviz_servo_status_overlay:/home/mk/dev_ws/install/rviz_marker_static_scene_objects:/home/mk/dev_ws/install/robot_motion_handler_movegroup:/home/mk/dev_ws/install/gaze_control:/home/mk/dev_ws/install/collision_check:/home/mk/dev_ws/install/audio_listener:/opt/ros/humble /usr/bin/cmake /home/mk/dev_ws/src/xarm_ros2/thirdparty/realsense_gazebo_plugin -DCMAKE_INSTALL_PREFIX=/home/mk/dev_ws/install/realsense_gazebo_plugin
[2.500s] INFO:colcon.colcon_core.shell:Creating package script '/home/mk/dev_ws/install/xarm_sdk/share/xarm_sdk/package.zsh'
[2.501s] DEBUG:colcon.colcon_core.event_handler.log_command:Invoking command in '/home/mk/dev_ws/build/realsense_gazebo_plugin': CMAKE_PREFIX_PATH=${CMAKE_PREFIX_PATH}:/home/mk/dev_ws/install/yolo_object_detector:/home/mk/dev_ws/install/move_to_coordinator:/home/mk/dev_ws/install/motion_sequence:/home/mk/dev_ws/install/whisper_demos:/home/mk/dev_ws/install/voice_command_listener:/home/mk/dev_ws/install/uf_ros_lib:/home/mk/dev_ws/install/rviz_servo_status_overlay:/home/mk/dev_ws/install/rviz_marker_static_scene_objects:/home/mk/dev_ws/install/robot_motion_handler_movegroup:/home/mk/dev_ws/install/gaze_control:/home/mk/dev_ws/install/collision_check:/home/mk/dev_ws/install/audio_listener:/opt/ros/humble /usr/bin/cmake --build /home/mk/dev_ws/build/realsense_gazebo_plugin -- -j16 -l16
[2.501s] DEBUG:colcon.colcon_core.event_handler.log_command:Invoked command in '/home/mk/dev_ws/build/xarm_sdk' returned '0': CMAKE_PREFIX_PATH=${CMAKE_PREFIX_PATH}:/home/mk/dev_ws/install/yolo_object_detector:/home/mk/dev_ws/install/move_to_coordinator:/home/mk/dev_ws/install/motion_sequence:/home/mk/dev_ws/install/whisper_demos:/home/mk/dev_ws/install/voice_command_listener:/home/mk/dev_ws/install/uf_ros_lib:/home/mk/dev_ws/install/rviz_servo_status_overlay:/home/mk/dev_ws/install/rviz_marker_static_scene_objects:/home/mk/dev_ws/install/robot_motion_handler_movegroup:/home/mk/dev_ws/install/gaze_control:/home/mk/dev_ws/install/collision_check:/home/mk/dev_ws/install/audio_listener:/opt/ros/humble /usr/bin/cmake --install /home/mk/dev_ws/build/xarm_sdk
[2.501s] Level 1:colcon.colcon_core.environment:create_file_with_runtime_dependencies(/home/mk/dev_ws/install/xarm_sdk/share/colcon-core/packages/xarm_sdk)
[2.502s] Level 1:colcon.colcon_core.environment:create_environment_scripts_only(xarm_sdk)
[2.502s] Level 1:colcon.colcon_core.environment:checking '/home/mk/dev_ws/install/xarm_sdk' for CMake module files
[2.502s] Level 1:colcon.colcon_core.environment:checking '/home/mk/dev_ws/install/xarm_sdk' for CMake config files
[2.503s] Level 1:colcon.colcon_core.shell:create_environment_hook('xarm_sdk', 'cmake_prefix_path')
[2.503s] INFO:colcon.colcon_core.shell:Creating environment hook '/home/mk/dev_ws/install/xarm_sdk/share/xarm_sdk/hook/cmake_prefix_path.ps1'
[2.503s] INFO:colcon.colcon_core.shell:Creating environment descriptor '/home/mk/dev_ws/install/xarm_sdk/share/xarm_sdk/hook/cmake_prefix_path.dsv'
[2.504s] INFO:colcon.colcon_core.shell:Creating environment hook '/home/mk/dev_ws/install/xarm_sdk/share/xarm_sdk/hook/cmake_prefix_path.sh'
[2.504s] Level 1:colcon.colcon_core.environment:checking '/home/mk/dev_ws/install/xarm_sdk/lib'
[2.504s] Level 1:colcon.colcon_core.shell:create_environment_hook('xarm_sdk', 'ld_library_path_lib')
[2.504s] INFO:colcon.colcon_core.shell:Creating environment hook '/home/mk/dev_ws/install/xarm_sdk/share/xarm_sdk/hook/ld_library_path_lib.ps1'
[2.505s] INFO:colcon.colcon_core.shell:Creating environment descriptor '/home/mk/dev_ws/install/xarm_sdk/share/xarm_sdk/hook/ld_library_path_lib.dsv'
[2.505s] INFO:colcon.colcon_core.shell:Creating environment hook '/home/mk/dev_ws/install/xarm_sdk/share/xarm_sdk/hook/ld_library_path_lib.sh'
[2.505s] Level 1:colcon.colcon_core.environment:checking '/home/mk/dev_ws/install/xarm_sdk/bin'
[2.505s] Level 1:colcon.colcon_core.environment:checking '/home/mk/dev_ws/install/xarm_sdk/lib/pkgconfig/xarm_sdk.pc'
[2.506s] Level 1:colcon.colcon_core.environment:checking '/home/mk/dev_ws/install/xarm_sdk/lib/python3.10/site-packages'
[2.506s] Level 1:colcon.colcon_core.environment:checking '/home/mk/dev_ws/install/xarm_sdk/bin'
[2.506s] INFO:colcon.colcon_core.shell:Creating package script '/home/mk/dev_ws/install/xarm_sdk/share/xarm_sdk/package.ps1'
[2.507s] INFO:colcon.colcon_core.shell:Creating package descriptor '/home/mk/dev_ws/install/xarm_sdk/share/xarm_sdk/package.dsv'
[2.507s] INFO:colcon.colcon_core.shell:Creating package script '/home/mk/dev_ws/install/xarm_sdk/share/xarm_sdk/package.sh'
[2.507s] INFO:colcon.colcon_core.shell:Creating package script '/home/mk/dev_ws/install/xarm_sdk/share/xarm_sdk/package.bash'
[2.508s] INFO:colcon.colcon_core.shell:Creating package script '/home/mk/dev_ws/install/xarm_sdk/share/xarm_sdk/package.zsh'
[2.508s] Level 1:colcon.colcon_core.environment:create_file_with_runtime_dependencies(/home/mk/dev_ws/install/xarm_sdk/share/colcon-core/packages/xarm_sdk)
[2.509s] DEBUG:colcon.colcon_core.event_handler.log_command:Invoked command in '/home/mk/dev_ws/build/whisper_idl' returned '0': CMAKE_PREFIX_PATH=${CMAKE_PREFIX_PATH}:/home/mk/dev_ws/install/yolo_object_detector:/home/mk/dev_ws/install/move_to_coordinator:/home/mk/dev_ws/install/motion_sequence:/home/mk/dev_ws/install/whisper_demos:/home/mk/dev_ws/install/voice_command_listener:/home/mk/dev_ws/install/uf_ros_lib:/home/mk/dev_ws/install/rviz_servo_status_overlay:/home/mk/dev_ws/install/rviz_marker_static_scene_objects:/home/mk/dev_ws/install/robot_motion_handler_movegroup:/home/mk/dev_ws/install/gaze_control:/home/mk/dev_ws/install/collision_check:/home/mk/dev_ws/install/audio_listener:/opt/ros/humble /usr/bin/cmake --build /home/mk/dev_ws/build/whisper_idl -- -j16 -l16
[2.510s] DEBUG:colcon.colcon_core.event_handler.log_command:Invoking command in '/home/mk/dev_ws/build/whisper_idl': CMAKE_PREFIX_PATH=${CMAKE_PREFIX_PATH}:/home/mk/dev_ws/install/yolo_object_detector:/home/mk/dev_ws/install/move_to_coordinator:/home/mk/dev_ws/install/motion_sequence:/home/mk/dev_ws/install/whisper_demos:/home/mk/dev_ws/install/voice_command_listener:/home/mk/dev_ws/install/uf_ros_lib:/home/mk/dev_ws/install/rviz_servo_status_overlay:/home/mk/dev_ws/install/rviz_marker_static_scene_objects:/home/mk/dev_ws/install/robot_motion_handler_movegroup:/home/mk/dev_ws/install/gaze_control:/home/mk/dev_ws/install/collision_check:/home/mk/dev_ws/install/audio_listener:/opt/ros/humble /usr/bin/cmake --install /home/mk/dev_ws/build/whisper_idl
[2.511s] DEBUG:colcon.colcon_core.event_handler.log_command:Invoked command in '/home/mk/dev_ws/build/zed_interfaces' returned '0': CMAKE_PREFIX_PATH=${CMAKE_PREFIX_PATH}:/home/mk/dev_ws/install/yolo_object_detector:/home/mk/dev_ws/install/move_to_coordinator:/home/mk/dev_ws/install/motion_sequence:/home/mk/dev_ws/install/whisper_demos:/home/mk/dev_ws/install/voice_command_listener:/home/mk/dev_ws/install/uf_ros_lib:/home/mk/dev_ws/install/rviz_servo_status_overlay:/home/mk/dev_ws/install/rviz_marker_static_scene_objects:/home/mk/dev_ws/install/robot_motion_handler_movegroup:/home/mk/dev_ws/install/gaze_control:/home/mk/dev_ws/install/collision_check:/home/mk/dev_ws/install/audio_listener:/opt/ros/humble /usr/bin/cmake --build /home/mk/dev_ws/build/zed_interfaces -- -j16 -l16
[2.512s] DEBUG:colcon.colcon_core.event_handler.log_command:Invoking command in '/home/mk/dev_ws/build/zed_interfaces': CMAKE_PREFIX_PATH=${CMAKE_PREFIX_PATH}:/home/mk/dev_ws/install/yolo_object_detector:/home/mk/dev_ws/install/move_to_coordinator:/home/mk/dev_ws/install/motion_sequence:/home/mk/dev_ws/install/whisper_demos:/home/mk/dev_ws/install/voice_command_listener:/home/mk/dev_ws/install/uf_ros_lib:/home/mk/dev_ws/install/rviz_servo_status_overlay:/home/mk/dev_ws/install/rviz_marker_static_scene_objects:/home/mk/dev_ws/install/robot_motion_handler_movegroup:/home/mk/dev_ws/install/gaze_control:/home/mk/dev_ws/install/collision_check:/home/mk/dev_ws/install/audio_listener:/opt/ros/humble /usr/bin/cmake --install /home/mk/dev_ws/build/zed_interfaces
[2.512s] INFO:colcon.colcon_ros.task.ament_cmake.build:Building ROS package in '/home/mk/dev_ws/src/ros2_whisper/whisper_util' with build type 'ament_cmake'
[2.513s] INFO:colcon.colcon_cmake.task.cmake.build:Building CMake package in '/home/mk/dev_ws/src/ros2_whisper/whisper_util'
[2.513s] INFO:colcon.colcon_core.shell:Skip shell extension 'powershell' for command environment: Not usable outside of PowerShell
[2.513s] DEBUG:colcon.colcon_core.shell:Skip shell extension 'dsv' for command environment
[2.555s] DEBUG:colcon.colcon_core.event_handler.log_command:Invoked command in '/home/mk/dev_ws/build/xarm_msgs' returned '0': CMAKE_PREFIX_PATH=${CMAKE_PREFIX_PATH}:/home/mk/dev_ws/install/yolo_object_detector:/home/mk/dev_ws/install/move_to_coordinator:/home/mk/dev_ws/install/motion_sequence:/home/mk/dev_ws/install/whisper_demos:/home/mk/dev_ws/install/voice_command_listener:/home/mk/dev_ws/install/uf_ros_lib:/home/mk/dev_ws/install/rviz_servo_status_overlay:/home/mk/dev_ws/install/rviz_marker_static_scene_objects:/home/mk/dev_ws/install/robot_motion_handler_movegroup:/home/mk/dev_ws/install/gaze_control:/home/mk/dev_ws/install/collision_check:/home/mk/dev_ws/install/audio_listener:/opt/ros/humble /usr/bin/cmake --build /home/mk/dev_ws/build/xarm_msgs -- -j16 -l16
[2.556s] DEBUG:colcon.colcon_core.event_handler.log_command:Invoking command in '/home/mk/dev_ws/build/xarm_msgs': CMAKE_PREFIX_PATH=${CMAKE_PREFIX_PATH}:/home/mk/dev_ws/install/yolo_object_detector:/home/mk/dev_ws/install/move_to_coordinator:/home/mk/dev_ws/install/motion_sequence:/home/mk/dev_ws/install/whisper_demos:/home/mk/dev_ws/install/voice_command_listener:/home/mk/dev_ws/install/uf_ros_lib:/home/mk/dev_ws/install/rviz_servo_status_overlay:/home/mk/dev_ws/install/rviz_marker_static_scene_objects:/home/mk/dev_ws/install/robot_motion_handler_movegroup:/home/mk/dev_ws/install/gaze_control:/home/mk/dev_ws/install/collision_check:/home/mk/dev_ws/install/audio_listener:/opt/ros/humble /usr/bin/cmake --install /home/mk/dev_ws/build/xarm_msgs
[2.557s] DEBUG:colcon.colcon_core.event_handler.log_command:Invoking command in '/home/mk/dev_ws/build/gaze_control': PYTHONPATH=/home/mk/dev_ws/build/gaze_control/prefix_override:/usr/lib/python3/dist-packages/colcon_core/task/python/colcon_distutils_commands:/home/mk/dev_ws/install/gaze_control/lib/python3.10/site-packages:${PYTHONPATH} /usr/bin/python3 -W ignore:setup.py install is deprecated -W ignore:easy_install command is deprecated setup.py develop --uninstall --editable --build-directory /home/mk/dev_ws/build/gaze_control/build
[2.567s] DEBUG:colcon.colcon_core.event_handler.log_command:Invoking command in '/home/mk/dev_ws/build/uf_ros_lib': PYTHONPATH=/home/mk/dev_ws/build/uf_ros_lib/prefix_override:/usr/lib/python3/dist-packages/colcon_core/task/python/colcon_distutils_commands:/home/mk/dev_ws/install/uf_ros_lib/lib/python3.10/site-packages:${PYTHONPATH} /usr/bin/python3 -W ignore:setup.py install is deprecated -W ignore:easy_install command is deprecated setup.py develop --uninstall --editable --build-directory /home/mk/dev_ws/build/uf_ros_lib/build
[2.586s] DEBUG:colcon.colcon_core.event_handler.log_command:Invoking command in '/home/mk/dev_ws/build/collision_check': PYTHONPATH=/home/mk/dev_ws/build/collision_check/prefix_override:/usr/lib/python3/dist-packages/colcon_core/task/python/colcon_distutils_commands:/home/mk/dev_ws/install/collision_check/lib/python3.10/site-packages:${PYTHONPATH} /usr/bin/python3 -W ignore:setup.py install is deprecated -W ignore:easy_install command is deprecated setup.py develop --uninstall --editable --build-directory /home/mk/dev_ws/build/collision_check/build
[2.591s] DEBUG:colcon.colcon_core.event_handler.log_command:Invoking command in '/home/mk/dev_ws/build/audio_listener': PYTHONPATH=/home/mk/dev_ws/build/audio_listener/prefix_override:/usr/lib/python3/dist-packages/colcon_core/task/python/colcon_distutils_commands:/home/mk/dev_ws/install/audio_listener/lib/python3.10/site-packages:${PYTHONPATH} /usr/bin/python3 -W ignore:setup.py install is deprecated -W ignore:easy_install command is deprecated setup.py develop --uninstall --editable --build-directory /home/mk/dev_ws/build/audio_listener/build
[2.592s] DEBUG:colcon.colcon_core.event_handler.log_command:Invoked command in '/home/mk/dev_ws/build/my_3d_vision_bringup' returned '0': CMAKE_PREFIX_PATH=${CMAKE_PREFIX_PATH}:/home/mk/dev_ws/install/yolo_object_detector:/home/mk/dev_ws/install/move_to_coordinator:/home/mk/dev_ws/install/motion_sequence:/home/mk/dev_ws/install/whisper_demos:/home/mk/dev_ws/install/voice_command_listener:/home/mk/dev_ws/install/uf_ros_lib:/home/mk/dev_ws/install/rviz_servo_status_overlay:/home/mk/dev_ws/install/rviz_marker_static_scene_objects:/home/mk/dev_ws/install/robot_motion_handler_movegroup:/home/mk/dev_ws/install/gaze_control:/home/mk/dev_ws/install/collision_check:/home/mk/dev_ws/install/audio_listener:/opt/ros/humble /usr/bin/cmake /home/mk/dev_ws/src/my_3d_vision_bringup -DCMAKE_INSTALL_PREFIX=/home/mk/dev_ws/install/my_3d_vision_bringup
[2.593s] DEBUG:colcon.colcon_core.event_handler.log_command:Invoking command in '/home/mk/dev_ws/build/my_3d_vision_bringup': CMAKE_PREFIX_PATH=${CMAKE_PREFIX_PATH}:/home/mk/dev_ws/install/yolo_object_detector:/home/mk/dev_ws/install/move_to_coordinator:/home/mk/dev_ws/install/motion_sequence:/home/mk/dev_ws/install/whisper_demos:/home/mk/dev_ws/install/voice_command_listener:/home/mk/dev_ws/install/uf_ros_lib:/home/mk/dev_ws/install/rviz_servo_status_overlay:/home/mk/dev_ws/install/rviz_marker_static_scene_objects:/home/mk/dev_ws/install/robot_motion_handler_movegroup:/home/mk/dev_ws/install/gaze_control:/home/mk/dev_ws/install/collision_check:/home/mk/dev_ws/install/audio_listener:/opt/ros/humble /usr/bin/cmake --build /home/mk/dev_ws/build/my_3d_vision_bringup -- -j16 -l16
[2.594s] DEBUG:colcon.colcon_core.event_handler.log_command:Invoking command in '/home/mk/dev_ws/build/whisper_util': CMAKE_PREFIX_PATH=/home/mk/dev_ws/install/whisper_cpp_vendor:/home/mk/dev_ws/install/zed_ros2:/home/mk/dev_ws/install/zed_wrapper:/home/mk/dev_ws/install/zed_components:/home/mk/dev_ws/install/zed_interfaces:/home/mk/dev_ws/install/xarm_planner:/home/mk/dev_ws/install/xarm_moveit_servo:/home/mk/dev_ws/install/xarm_moveit_config:/home/mk/dev_ws/install/xarm_gazebo:/home/mk/dev_ws/install/xarm_controller:/home/mk/dev_ws/install/xarm_api:/home/mk/dev_ws/install/xarm_sdk:/home/mk/dev_ws/install/rviz_robot_control_panel:/home/mk/dev_ws/install/xarm_msgs:/home/mk/dev_ws/install/xarm_description:/home/mk/dev_ws/install/whisper_bringup:/home/mk/dev_ws/install/whisper_server:/home/mk/dev_ws/install/transcript_manager:/home/mk/dev_ws/install/whisper_util:/home/mk/dev_ws/install/whisper_idl:/home/mk/dev_ws/install/realsense_gazebo_plugin:/home/mk/dev_ws/install/my_3d_vision_bringup:/home/mk/dev_ws/install/mbot_demo:/home/mk/dev_ws/install/yolo_object_detector:/home/mk/dev_ws/install/move_to_coordinator:/home/mk/dev_ws/install/motion_sequence:/home/mk/dev_ws/install/whisper_demos:/home/mk/dev_ws/install/voice_command_listener:/home/mk/dev_ws/install/uf_ros_lib:/home/mk/dev_ws/install/rviz_servo_status_overlay:/home/mk/dev_ws/install/rviz_marker_static_scene_objects:/home/mk/dev_ws/install/robot_motion_handler_movegroup:/home/mk/dev_ws/install/gaze_control:/home/mk/dev_ws/install/collision_check:/home/mk/dev_ws/install/audio_listener:/opt/ros/humble LD_LIBRARY_PATH=/home/mk/dev_ws/install/whisper_cpp_vendor/lib:/usr/local/cuda-12.1/lib64:/home/mk/dev_ws/install/zed_components/lib:/home/mk/dev_ws/install/zed_interfaces/lib:/home/mk/dev_ws/install/xarm_planner/lib:/home/mk/dev_ws/install/xarm_moveit_servo/lib:/home/mk/dev_ws/install/xarm_gazebo/lib:/home/mk/dev_ws/install/xarm_controller/lib:/home/mk/dev_ws/install/xarm_api/lib:/home/mk/dev_ws/install/xarm_sdk/lib:/home/mk/dev_ws/install/rviz_robot_control_panel/lib:/home/mk/dev_ws/install/xarm_msgs/lib:/home/mk/dev_ws/install/whisper_server/lib:/home/mk/dev_ws/install/transcript_manager/lib:/home/mk/dev_ws/install/whisper_util/lib:/home/mk/dev_ws/install/whisper_idl/lib:/home/mk/dev_ws/install/realsense_gazebo_plugin/lib:/home/mk/dev_ws/install/my_3d_vision_bringup/lib:/usr/lib/x86_64-linux-gnu/gazebo-11/plugins:/opt/ros/humble/opt/rviz_ogre_vendor/lib:/opt/ros/humble/lib/x86_64-linux-gnu:/opt/ros/humble/lib /usr/bin/cmake /home/mk/dev_ws/src/ros2_whisper/whisper_util -DCMAKE_INSTALL_PREFIX=/home/mk/dev_ws/install/whisper_util
[2.596s] Level 1:colcon.colcon_core.environment:create_environment_scripts_only(whisper_idl)
[2.597s] Level 1:colcon.colcon_core.environment:checking '/home/mk/dev_ws/install/whisper_idl' for CMake module files
[2.607s] Level 1:colcon.colcon_core.environment:checking '/home/mk/dev_ws/install/whisper_idl' for CMake config files
[2.607s] Level 1:colcon.colcon_core.shell:create_environment_hook('whisper_idl', 'cmake_prefix_path')
[2.608s] INFO:colcon.colcon_core.shell:Creating environment hook '/home/mk/dev_ws/install/whisper_idl/share/whisper_idl/hook/cmake_prefix_path.ps1'
[2.609s] INFO:colcon.colcon_core.shell:Creating environment descriptor '/home/mk/dev_ws/install/whisper_idl/share/whisper_idl/hook/cmake_prefix_path.dsv'
[2.609s] INFO:colcon.colcon_core.shell:Creating environment hook '/home/mk/dev_ws/install/whisper_idl/share/whisper_idl/hook/cmake_prefix_path.sh'
[2.610s] Level 1:colcon.colcon_core.environment:checking '/home/mk/dev_ws/install/whisper_idl/lib'
[2.611s] Level 1:colcon.colcon_core.shell:create_environment_hook('whisper_idl', 'ld_library_path_lib')
[2.611s] INFO:colcon.colcon_core.shell:Creating environment hook '/home/mk/dev_ws/install/whisper_idl/share/whisper_idl/hook/ld_library_path_lib.ps1'
[2.612s] INFO:colcon.colcon_core.shell:Creating environment descriptor '/home/mk/dev_ws/install/whisper_idl/share/whisper_idl/hook/ld_library_path_lib.dsv'
[2.613s] INFO:colcon.colcon_core.shell:Creating environment hook '/home/mk/dev_ws/install/whisper_idl/share/whisper_idl/hook/ld_library_path_lib.sh'
[2.613s] Level 1:colcon.colcon_core.environment:checking '/home/mk/dev_ws/install/whisper_idl/bin'
[2.613s] Level 1:colcon.colcon_core.environment:checking '/home/mk/dev_ws/install/whisper_idl/lib/pkgconfig/whisper_idl.pc'
[2.613s] Level 1:colcon.colcon_core.environment:checking '/home/mk/dev_ws/install/whisper_idl/lib/python3.10/site-packages'
[2.614s] Level 1:colcon.colcon_core.environment:checking '/home/mk/dev_ws/install/whisper_idl/bin'
[2.614s] INFO:colcon.colcon_core.shell:Creating package script '/home/mk/dev_ws/install/whisper_idl/share/whisper_idl/package.ps1'
[2.614s] INFO:colcon.colcon_core.shell:Creating package descriptor '/home/mk/dev_ws/install/whisper_idl/share/whisper_idl/package.dsv'
[2.615s] INFO:colcon.colcon_core.shell:Creating package script '/home/mk/dev_ws/install/whisper_idl/share/whisper_idl/package.sh'
[2.615s] INFO:colcon.colcon_core.shell:Creating package script '/home/mk/dev_ws/install/whisper_idl/share/whisper_idl/package.bash'
[2.615s] INFO:colcon.colcon_core.shell:Creating package script '/home/mk/dev_ws/install/whisper_idl/share/whisper_idl/package.zsh'
[2.617s] Level 1:colcon.colcon_core.environment:create_file_with_runtime_dependencies(/home/mk/dev_ws/install/whisper_idl/share/colcon-core/packages/whisper_idl)
[2.617s] Level 1:colcon.colcon_core.environment:create_environment_scripts_only(whisper_idl)
[2.617s] Level 1:colcon.colcon_core.environment:checking '/home/mk/dev_ws/install/whisper_idl' for CMake module files
[2.618s] Level 1:colcon.colcon_core.environment:checking '/home/mk/dev_ws/install/whisper_idl' for CMake config files
[2.623s] Level 1:colcon.colcon_core.shell:create_environment_hook('whisper_idl', 'cmake_prefix_path')
[2.623s] INFO:colcon.colcon_core.shell:Creating environment hook '/home/mk/dev_ws/install/whisper_idl/share/whisper_idl/hook/cmake_prefix_path.ps1'
[2.624s] INFO:colcon.colcon_core.shell:Creating environment descriptor '/home/mk/dev_ws/install/whisper_idl/share/whisper_idl/hook/cmake_prefix_path.dsv'
[2.625s] INFO:colcon.colcon_core.shell:Creating environment hook '/home/mk/dev_ws/install/whisper_idl/share/whisper_idl/hook/cmake_prefix_path.sh'
[2.625s] Level 1:colcon.colcon_core.environment:checking '/home/mk/dev_ws/install/whisper_idl/lib'
[2.625s] Level 1:colcon.colcon_core.shell:create_environment_hook('whisper_idl', 'ld_library_path_lib')
[2.626s] INFO:colcon.colcon_core.shell:Creating environment hook '/home/mk/dev_ws/install/whisper_idl/share/whisper_idl/hook/ld_library_path_lib.ps1'
[2.626s] INFO:colcon.colcon_core.shell:Creating environment descriptor '/home/mk/dev_ws/install/whisper_idl/share/whisper_idl/hook/ld_library_path_lib.dsv'
[2.626s] INFO:colcon.colcon_core.shell:Creating environment hook '/home/mk/dev_ws/install/whisper_idl/share/whisper_idl/hook/ld_library_path_lib.sh'
[2.626s] Level 1:colcon.colcon_core.environment:checking '/home/mk/dev_ws/install/whisper_idl/bin'
[2.626s] Level 1:colcon.colcon_core.environment:checking '/home/mk/dev_ws/install/whisper_idl/lib/pkgconfig/whisper_idl.pc'
[2.626s] Level 1:colcon.colcon_core.environment:checking '/home/mk/dev_ws/install/whisper_idl/lib/python3.10/site-packages'
[2.627s] Level 1:colcon.colcon_core.environment:checking '/home/mk/dev_ws/install/whisper_idl/bin'
[2.627s] INFO:colcon.colcon_core.shell:Creating package script '/home/mk/dev_ws/install/whisper_idl/share/whisper_idl/package.ps1'
[2.627s] INFO:colcon.colcon_core.shell:Creating package descriptor '/home/mk/dev_ws/install/whisper_idl/share/whisper_idl/package.dsv'
[2.628s] INFO:colcon.colcon_core.shell:Creating package script '/home/mk/dev_ws/install/whisper_idl/share/whisper_idl/package.sh'
[2.628s] INFO:colcon.colcon_core.shell:Creating package script '/home/mk/dev_ws/install/whisper_idl/share/whisper_idl/package.bash'
[2.631s] DEBUG:colcon.colcon_core.event_handler.log_command:Invoking command in '/home/mk/dev_ws/build/rviz_servo_status_overlay': PYTHONPATH=/home/mk/dev_ws/build/rviz_servo_status_overlay/prefix_override:/usr/lib/python3/dist-packages/colcon_core/task/python/colcon_distutils_commands:/home/mk/dev_ws/install/rviz_servo_status_overlay/lib/python3.10/site-packages:${PYTHONPATH} /usr/bin/python3 -W ignore:setup.py install is deprecated -W ignore:easy_install command is deprecated setup.py develop --uninstall --editable --build-directory /home/mk/dev_ws/build/rviz_servo_status_overlay/build
[2.632s] DEBUG:colcon.colcon_core.event_handler.log_command:Invoked command in '/home/mk/dev_ws/build/whisper_idl' returned '0': CMAKE_PREFIX_PATH=${CMAKE_PREFIX_PATH}:/home/mk/dev_ws/install/yolo_object_detector:/home/mk/dev_ws/install/move_to_coordinator:/home/mk/dev_ws/install/motion_sequence:/home/mk/dev_ws/install/whisper_demos:/home/mk/dev_ws/install/voice_command_listener:/home/mk/dev_ws/install/uf_ros_lib:/home/mk/dev_ws/install/rviz_servo_status_overlay:/home/mk/dev_ws/install/rviz_marker_static_scene_objects:/home/mk/dev_ws/install/robot_motion_handler_movegroup:/home/mk/dev_ws/install/gaze_control:/home/mk/dev_ws/install/collision_check:/home/mk/dev_ws/install/audio_listener:/opt/ros/humble /usr/bin/cmake --install /home/mk/dev_ws/build/whisper_idl
[2.631s] INFO:colcon.colcon_core.shell:Creating package script '/home/mk/dev_ws/install/whisper_idl/share/whisper_idl/package.zsh'
[2.635s] Level 1:colcon.colcon_core.environment:create_file_with_runtime_dependencies(/home/mk/dev_ws/install/whisper_idl/share/colcon-core/packages/whisper_idl)
[2.636s] INFO:colcon.colcon_ros.task.ament_python.build:Building ROS package in '/home/mk/dev_ws/src/voice_command_listener' with build type 'ament_python'
[2.636s] Level 1:colcon.colcon_core.shell:create_environment_hook('voice_command_listener', 'ament_prefix_path')
[2.636s] INFO:colcon.colcon_core.shell:Creating environment hook '/home/mk/dev_ws/install/voice_command_listener/share/voice_command_listener/hook/ament_prefix_path.ps1'
[2.637s] INFO:colcon.colcon_core.shell:Creating environment descriptor '/home/mk/dev_ws/install/voice_command_listener/share/voice_command_listener/hook/ament_prefix_path.dsv'
[2.638s] INFO:colcon.colcon_core.shell:Creating environment hook '/home/mk/dev_ws/install/voice_command_listener/share/voice_command_listener/hook/ament_prefix_path.sh'
[2.645s] INFO:colcon.colcon_core.shell:Skip shell extension 'powershell' for command environment: Not usable outside of PowerShell
[2.645s] DEBUG:colcon.colcon_core.shell:Skip shell extension 'dsv' for command environment
[2.674s] Level 1:colcon.colcon_core.environment:create_environment_scripts_only(zed_interfaces)
[2.676s] Level 1:colcon.colcon_core.environment:checking '/home/mk/dev_ws/install/zed_interfaces' for CMake module files
[2.678s] Level 1:colcon.colcon_core.environment:checking '/home/mk/dev_ws/install/zed_interfaces' for CMake config files
[2.679s] Level 1:colcon.colcon_core.shell:create_environment_hook('zed_interfaces', 'cmake_prefix_path')
[2.679s] INFO:colcon.colcon_core.shell:Creating environment hook '/home/mk/dev_ws/install/zed_interfaces/share/zed_interfaces/hook/cmake_prefix_path.ps1'
[2.680s] INFO:colcon.colcon_core.shell:Creating environment descriptor '/home/mk/dev_ws/install/zed_interfaces/share/zed_interfaces/hook/cmake_prefix_path.dsv'
[2.680s] INFO:colcon.colcon_core.shell:Creating environment hook '/home/mk/dev_ws/install/zed_interfaces/share/zed_interfaces/hook/cmake_prefix_path.sh'
[2.684s] Level 1:colcon.colcon_core.environment:checking '/home/mk/dev_ws/install/zed_interfaces/lib'
[2.687s] Level 1:colcon.colcon_core.shell:create_environment_hook('zed_interfaces', 'ld_library_path_lib')
[2.687s] INFO:colcon.colcon_core.shell:Creating environment hook '/home/mk/dev_ws/install/zed_interfaces/share/zed_interfaces/hook/ld_library_path_lib.ps1'
[2.688s] INFO:colcon.colcon_core.shell:Creating environment descriptor '/home/mk/dev_ws/install/zed_interfaces/share/zed_interfaces/hook/ld_library_path_lib.dsv'
[2.688s] INFO:colcon.colcon_core.shell:Creating environment hook '/home/mk/dev_ws/install/zed_interfaces/share/zed_interfaces/hook/ld_library_path_lib.sh'
[2.688s] Level 1:colcon.colcon_core.environment:checking '/home/mk/dev_ws/install/zed_interfaces/bin'
[2.692s] Level 1:colcon.colcon_core.environment:checking '/home/mk/dev_ws/install/zed_interfaces/lib/pkgconfig/zed_interfaces.pc'
[2.693s] Level 1:colcon.colcon_core.environment:checking '/home/mk/dev_ws/install/zed_interfaces/lib/python3.10/site-packages'
[2.693s] Level 1:colcon.colcon_core.environment:checking '/home/mk/dev_ws/install/zed_interfaces/bin'
[2.693s] INFO:colcon.colcon_core.shell:Creating package script '/home/mk/dev_ws/install/zed_interfaces/share/zed_interfaces/package.ps1'
[2.694s] INFO:colcon.colcon_core.shell:Creating package descriptor '/home/mk/dev_ws/install/zed_interfaces/share/zed_interfaces/package.dsv'
[2.695s] DEBUG:colcon.colcon_core.event_handler.log_command:Invoking command in '/home/mk/dev_ws/build/robot_motion_handler_movegroup': PYTHONPATH=/home/mk/dev_ws/build/robot_motion_handler_movegroup/prefix_override:/usr/lib/python3/dist-packages/colcon_core/task/python/colcon_distutils_commands:/home/mk/dev_ws/install/robot_motion_handler_movegroup/lib/python3.10/site-packages:${PYTHONPATH} /usr/bin/python3 -W ignore:setup.py install is deprecated -W ignore:easy_install command is deprecated setup.py develop --uninstall --editable --build-directory /home/mk/dev_ws/build/robot_motion_handler_movegroup/build
[2.696s] INFO:colcon.colcon_core.shell:Creating package script '/home/mk/dev_ws/install/zed_interfaces/share/zed_interfaces/package.sh'
[2.697s] INFO:colcon.colcon_core.shell:Creating package script '/home/mk/dev_ws/install/zed_interfaces/share/zed_interfaces/package.bash'
[2.698s] DEBUG:colcon.colcon_core.event_handler.log_command:Invoked command in '/home/mk/dev_ws/build/zed_interfaces' returned '0': CMAKE_PREFIX_PATH=${CMAKE_PREFIX_PATH}:/home/mk/dev_ws/install/yolo_object_detector:/home/mk/dev_ws/install/move_to_coordinator:/home/mk/dev_ws/install/motion_sequence:/home/mk/dev_ws/install/whisper_demos:/home/mk/dev_ws/install/voice_command_listener:/home/mk/dev_ws/install/uf_ros_lib:/home/mk/dev_ws/install/rviz_servo_status_overlay:/home/mk/dev_ws/install/rviz_marker_static_scene_objects:/home/mk/dev_ws/install/robot_motion_handler_movegroup:/home/mk/dev_ws/install/gaze_control:/home/mk/dev_ws/install/collision_check:/home/mk/dev_ws/install/audio_listener:/opt/ros/humble /usr/bin/cmake --install /home/mk/dev_ws/build/zed_interfaces
[2.700s] INFO:colcon.colcon_core.shell:Creating package script '/home/mk/dev_ws/install/zed_interfaces/share/zed_interfaces/package.zsh'
[2.701s] Level 1:colcon.colcon_core.environment:create_file_with_runtime_dependencies(/home/mk/dev_ws/install/zed_interfaces/share/colcon-core/packages/zed_interfaces)
[2.702s] Level 1:colcon.colcon_core.environment:create_environment_scripts_only(zed_interfaces)
[2.703s] Level 1:colcon.colcon_core.environment:checking '/home/mk/dev_ws/install/zed_interfaces' for CMake module files
[2.709s] Level 1:colcon.colcon_core.environment:checking '/home/mk/dev_ws/install/zed_interfaces' for CMake config files
[2.710s] Level 1:colcon.colcon_core.shell:create_environment_hook('zed_interfaces', 'cmake_prefix_path')
[2.710s] INFO:colcon.colcon_core.shell:Creating environment hook '/home/mk/dev_ws/install/zed_interfaces/share/zed_interfaces/hook/cmake_prefix_path.ps1'
[2.712s] INFO:colcon.colcon_core.shell:Creating environment descriptor '/home/mk/dev_ws/install/zed_interfaces/share/zed_interfaces/hook/cmake_prefix_path.dsv'
[2.712s] INFO:colcon.colcon_core.shell:Creating environment hook '/home/mk/dev_ws/install/zed_interfaces/share/zed_interfaces/hook/cmake_prefix_path.sh'
[2.713s] Level 1:colcon.colcon_core.environment:checking '/home/mk/dev_ws/install/zed_interfaces/lib'
[2.714s] Level 1:colcon.colcon_core.shell:create_environment_hook('zed_interfaces', 'ld_library_path_lib')
[2.714s] INFO:colcon.colcon_core.shell:Creating environment hook '/home/mk/dev_ws/install/zed_interfaces/share/zed_interfaces/hook/ld_library_path_lib.ps1'
[2.715s] INFO:colcon.colcon_core.shell:Creating environment descriptor '/home/mk/dev_ws/install/zed_interfaces/share/zed_interfaces/hook/ld_library_path_lib.dsv'
[2.715s] INFO:colcon.colcon_core.shell:Creating environment hook '/home/mk/dev_ws/install/zed_interfaces/share/zed_interfaces/hook/ld_library_path_lib.sh'
[2.716s] Level 1:colcon.colcon_core.environment:checking '/home/mk/dev_ws/install/zed_interfaces/bin'
[2.716s] Level 1:colcon.colcon_core.environment:checking '/home/mk/dev_ws/install/zed_interfaces/lib/pkgconfig/zed_interfaces.pc'
[2.716s] Level 1:colcon.colcon_core.environment:checking '/home/mk/dev_ws/install/zed_interfaces/lib/python3.10/site-packages'
[2.718s] Level 1:colcon.colcon_core.environment:checking '/home/mk/dev_ws/install/zed_interfaces/bin'
[2.719s] INFO:colcon.colcon_core.shell:Creating package script '/home/mk/dev_ws/install/zed_interfaces/share/zed_interfaces/package.ps1'
[2.719s] INFO:colcon.colcon_core.shell:Creating package descriptor '/home/mk/dev_ws/install/zed_interfaces/share/zed_interfaces/package.dsv'
[2.720s] INFO:colcon.colcon_core.shell:Creating package script '/home/mk/dev_ws/install/zed_interfaces/share/zed_interfaces/package.sh'
[2.720s] INFO:colcon.colcon_core.shell:Creating package script '/home/mk/dev_ws/install/zed_interfaces/share/zed_interfaces/package.bash'
[2.720s] INFO:colcon.colcon_core.shell:Creating package script '/home/mk/dev_ws/install/zed_interfaces/share/zed_interfaces/package.zsh'
[2.721s] Level 1:colcon.colcon_core.environment:create_file_with_runtime_dependencies(/home/mk/dev_ws/install/zed_interfaces/share/colcon-core/packages/zed_interfaces)
[2.723s] INFO:colcon.colcon_ros.task.ament_cmake.build:Building ROS package in '/home/mk/dev_ws/src/zed-ros2-wrapper/zed_components' with build type 'ament_cmake'
[2.723s] INFO:colcon.colcon_cmake.task.cmake.build:Building CMake package in '/home/mk/dev_ws/src/zed-ros2-wrapper/zed_components'
[2.724s] INFO:colcon.colcon_core.shell:Skip shell extension 'powershell' for command environment: Not usable outside of PowerShell
[2.724s] DEBUG:colcon.colcon_core.shell:Skip shell extension 'dsv' for command environment
[2.726s] DEBUG:colcon.colcon_core.event_handler.log_command:Invoking command in '/home/mk/dev_ws/build/rviz_marker_static_scene_objects': PYTHONPATH=/home/mk/dev_ws/build/rviz_marker_static_scene_objects/prefix_override:/usr/lib/python3/dist-packages/colcon_core/task/python/colcon_distutils_commands:/home/mk/dev_ws/install/rviz_marker_static_scene_objects/lib/python3.10/site-packages:${PYTHONPATH} /usr/bin/python3 -W ignore:setup.py install is deprecated -W ignore:easy_install command is deprecated setup.py develop --uninstall --editable --build-directory /home/mk/dev_ws/build/rviz_marker_static_scene_objects/build
[2.736s] DEBUG:colcon.colcon_core.event_handler.log_command:Invoked command in '/home/mk/dev_ws/build/realsense_gazebo_plugin' returned '0': CMAKE_PREFIX_PATH=${CMAKE_PREFIX_PATH}:/home/mk/dev_ws/install/yolo_object_detector:/home/mk/dev_ws/install/move_to_coordinator:/home/mk/dev_ws/install/motion_sequence:/home/mk/dev_ws/install/whisper_demos:/home/mk/dev_ws/install/voice_command_listener:/home/mk/dev_ws/install/uf_ros_lib:/home/mk/dev_ws/install/rviz_servo_status_overlay:/home/mk/dev_ws/install/rviz_marker_static_scene_objects:/home/mk/dev_ws/install/robot_motion_handler_movegroup:/home/mk/dev_ws/install/gaze_control:/home/mk/dev_ws/install/collision_check:/home/mk/dev_ws/install/audio_listener:/opt/ros/humble /usr/bin/cmake --build /home/mk/dev_ws/build/realsense_gazebo_plugin -- -j16 -l16
[2.741s] DEBUG:colcon.colcon_core.event_handler.log_command:Invoking command in '/home/mk/dev_ws/build/realsense_gazebo_plugin': CMAKE_PREFIX_PATH=${CMAKE_PREFIX_PATH}:/home/mk/dev_ws/install/yolo_object_detector:/home/mk/dev_ws/install/move_to_coordinator:/home/mk/dev_ws/install/motion_sequence:/home/mk/dev_ws/install/whisper_demos:/home/mk/dev_ws/install/voice_command_listener:/home/mk/dev_ws/install/uf_ros_lib:/home/mk/dev_ws/install/rviz_servo_status_overlay:/home/mk/dev_ws/install/rviz_marker_static_scene_objects:/home/mk/dev_ws/install/robot_motion_handler_movegroup:/home/mk/dev_ws/install/gaze_control:/home/mk/dev_ws/install/collision_check:/home/mk/dev_ws/install/audio_listener:/opt/ros/humble /usr/bin/cmake --install /home/mk/dev_ws/build/realsense_gazebo_plugin
[3.100s] INFO:colcon.colcon_core.task.python.build:Building Python package in '/home/mk/dev_ws/src/voice_command_listener'
[3.100s] INFO:colcon.colcon_core.shell:Skip shell extension 'powershell' for command environment: Not usable outside of PowerShell
[3.100s] DEBUG:colcon.colcon_core.shell:Skip shell extension 'dsv' for command environment
[3.106s] Level 1:colcon.colcon_core.environment:create_environment_scripts_only(realsense_gazebo_plugin)
[3.106s] Level 1:colcon.colcon_core.environment:checking '/home/mk/dev_ws/install/realsense_gazebo_plugin' for CMake module files
[3.107s] DEBUG:colcon.colcon_core.event_handler.log_command:Invoked command in '/home/mk/dev_ws/build/realsense_gazebo_plugin' returned '0': CMAKE_PREFIX_PATH=${CMAKE_PREFIX_PATH}:/home/mk/dev_ws/install/yolo_object_detector:/home/mk/dev_ws/install/move_to_coordinator:/home/mk/dev_ws/install/motion_sequence:/home/mk/dev_ws/install/whisper_demos:/home/mk/dev_ws/install/voice_command_listener:/home/mk/dev_ws/install/uf_ros_lib:/home/mk/dev_ws/install/rviz_servo_status_overlay:/home/mk/dev_ws/install/rviz_marker_static_scene_objects:/home/mk/dev_ws/install/robot_motion_handler_movegroup:/home/mk/dev_ws/install/gaze_control:/home/mk/dev_ws/install/collision_check:/home/mk/dev_ws/install/audio_listener:/opt/ros/humble /usr/bin/cmake --install /home/mk/dev_ws/build/realsense_gazebo_plugin
[3.107s] Level 1:colcon.colcon_core.environment:checking '/home/mk/dev_ws/install/realsense_gazebo_plugin' for CMake config files
[3.107s] Level 1:colcon.colcon_core.shell:create_environment_hook('realsense_gazebo_plugin', 'cmake_prefix_path')
[3.107s] INFO:colcon.colcon_core.shell:Creating environment hook '/home/mk/dev_ws/install/realsense_gazebo_plugin/share/realsense_gazebo_plugin/hook/cmake_prefix_path.ps1'
[3.107s] INFO:colcon.colcon_core.shell:Creating environment descriptor '/home/mk/dev_ws/install/realsense_gazebo_plugin/share/realsense_gazebo_plugin/hook/cmake_prefix_path.dsv'
[3.108s] INFO:colcon.colcon_core.shell:Creating environment hook '/home/mk/dev_ws/install/realsense_gazebo_plugin/share/realsense_gazebo_plugin/hook/cmake_prefix_path.sh'
[3.108s] Level 1:colcon.colcon_core.environment:checking '/home/mk/dev_ws/install/realsense_gazebo_plugin/lib'
[3.108s] Level 1:colcon.colcon_core.shell:create_environment_hook('realsense_gazebo_plugin', 'ld_library_path_lib')
[3.108s] INFO:colcon.colcon_core.shell:Creating environment hook '/home/mk/dev_ws/install/realsense_gazebo_plugin/share/realsense_gazebo_plugin/hook/ld_library_path_lib.ps1'
[3.108s] INFO:colcon.colcon_core.shell:Creating environment descriptor '/home/mk/dev_ws/install/realsense_gazebo_plugin/share/realsense_gazebo_plugin/hook/ld_library_path_lib.dsv'
[3.108s] INFO:colcon.colcon_core.shell:Creating environment hook '/home/mk/dev_ws/install/realsense_gazebo_plugin/share/realsense_gazebo_plugin/hook/ld_library_path_lib.sh'
[3.108s] Level 1:colcon.colcon_core.environment:checking '/home/mk/dev_ws/install/realsense_gazebo_plugin/bin'
[3.109s] Level 1:colcon.colcon_core.environment:checking '/home/mk/dev_ws/install/realsense_gazebo_plugin/lib/pkgconfig/realsense_gazebo_plugin.pc'
[3.109s] Level 1:colcon.colcon_core.environment:checking '/home/mk/dev_ws/install/realsense_gazebo_plugin/lib/python3.10/site-packages'
[3.109s] Level 1:colcon.colcon_core.environment:checking '/home/mk/dev_ws/install/realsense_gazebo_plugin/bin'
[3.109s] INFO:colcon.colcon_core.shell:Creating package script '/home/mk/dev_ws/install/realsense_gazebo_plugin/share/realsense_gazebo_plugin/package.ps1'
[3.109s] INFO:colcon.colcon_core.shell:Creating package descriptor '/home/mk/dev_ws/install/realsense_gazebo_plugin/share/realsense_gazebo_plugin/package.dsv'
[3.110s] INFO:colcon.colcon_core.shell:Creating package script '/home/mk/dev_ws/install/realsense_gazebo_plugin/share/realsense_gazebo_plugin/package.sh'
[3.110s] INFO:colcon.colcon_core.shell:Creating package script '/home/mk/dev_ws/install/realsense_gazebo_plugin/share/realsense_gazebo_plugin/package.bash'
[3.110s] INFO:colcon.colcon_core.shell:Creating package script '/home/mk/dev_ws/install/realsense_gazebo_plugin/share/realsense_gazebo_plugin/package.zsh'
[3.110s] Level 1:colcon.colcon_core.environment:create_file_with_runtime_dependencies(/home/mk/dev_ws/install/realsense_gazebo_plugin/share/colcon-core/packages/realsense_gazebo_plugin)
[3.110s] Level 1:colcon.colcon_core.environment:create_environment_scripts_only(realsense_gazebo_plugin)
[3.111s] Level 1:colcon.colcon_core.environment:checking '/home/mk/dev_ws/install/realsense_gazebo_plugin' for CMake module files
[3.111s] Level 1:colcon.colcon_core.environment:checking '/home/mk/dev_ws/install/realsense_gazebo_plugin' for CMake config files
[3.111s] Level 1:colcon.colcon_core.shell:create_environment_hook('realsense_gazebo_plugin', 'cmake_prefix_path')
[3.111s] INFO:colcon.colcon_core.shell:Creating environment hook '/home/mk/dev_ws/install/realsense_gazebo_plugin/share/realsense_gazebo_plugin/hook/cmake_prefix_path.ps1'
[3.111s] INFO:colcon.colcon_core.shell:Creating environment descriptor '/home/mk/dev_ws/install/realsense_gazebo_plugin/share/realsense_gazebo_plugin/hook/cmake_prefix_path.dsv'
[3.111s] INFO:colcon.colcon_core.shell:Creating environment hook '/home/mk/dev_ws/install/realsense_gazebo_plugin/share/realsense_gazebo_plugin/hook/cmake_prefix_path.sh'
[3.112s] Level 1:colcon.colcon_core.environment:checking '/home/mk/dev_ws/install/realsense_gazebo_plugin/lib'
[3.112s] Level 1:colcon.colcon_core.shell:create_environment_hook('realsense_gazebo_plugin', 'ld_library_path_lib')
[3.112s] INFO:colcon.colcon_core.shell:Creating environment hook '/home/mk/dev_ws/install/realsense_gazebo_plugin/share/realsense_gazebo_plugin/hook/ld_library_path_lib.ps1'
[3.112s] INFO:colcon.colcon_core.shell:Creating environment descriptor '/home/mk/dev_ws/install/realsense_gazebo_plugin/share/realsense_gazebo_plugin/hook/ld_library_path_lib.dsv'
[3.112s] INFO:colcon.colcon_core.shell:Creating environment hook '/home/mk/dev_ws/install/realsense_gazebo_plugin/share/realsense_gazebo_plugin/hook/ld_library_path_lib.sh'
[3.112s] Level 1:colcon.colcon_core.environment:checking '/home/mk/dev_ws/install/realsense_gazebo_plugin/bin'
[3.112s] Level 1:colcon.colcon_core.environment:checking '/home/mk/dev_ws/install/realsense_gazebo_plugin/lib/pkgconfig/realsense_gazebo_plugin.pc'
[3.112s] Level 1:colcon.colcon_core.environment:checking '/home/mk/dev_ws/install/realsense_gazebo_plugin/lib/python3.10/site-packages'
[3.113s] Level 1:colcon.colcon_core.environment:checking '/home/mk/dev_ws/install/realsense_gazebo_plugin/bin'
[3.113s] INFO:colcon.colcon_core.shell:Creating package script '/home/mk/dev_ws/install/realsense_gazebo_plugin/share/realsense_gazebo_plugin/package.ps1'
[3.113s] INFO:colcon.colcon_core.shell:Creating package descriptor '/home/mk/dev_ws/install/realsense_gazebo_plugin/share/realsense_gazebo_plugin/package.dsv'
[3.113s] INFO:colcon.colcon_core.shell:Creating package script '/home/mk/dev_ws/install/realsense_gazebo_plugin/share/realsense_gazebo_plugin/package.sh'
[3.114s] INFO:colcon.colcon_core.shell:Creating package script '/home/mk/dev_ws/install/realsense_gazebo_plugin/share/realsense_gazebo_plugin/package.bash'
[3.114s] INFO:colcon.colcon_core.shell:Creating package script '/home/mk/dev_ws/install/realsense_gazebo_plugin/share/realsense_gazebo_plugin/package.zsh'
[3.114s] Level 1:colcon.colcon_core.environment:create_file_with_runtime_dependencies(/home/mk/dev_ws/install/realsense_gazebo_plugin/share/colcon-core/packages/realsense_gazebo_plugin)
[3.114s] Level 1:colcon.colcon_core.environment:create_environment_scripts_only(xarm_msgs)
[3.114s] Level 1:colcon.colcon_core.environment:checking '/home/mk/dev_ws/install/xarm_msgs' for CMake module files
[3.115s] DEBUG:colcon.colcon_core.event_handler.log_command:Invoked command in '/home/mk/dev_ws/build/xarm_msgs' returned '0': CMAKE_PREFIX_PATH=${CMAKE_PREFIX_PATH}:/home/mk/dev_ws/install/yolo_object_detector:/home/mk/dev_ws/install/move_to_coordinator:/home/mk/dev_ws/install/motion_sequence:/home/mk/dev_ws/install/whisper_demos:/home/mk/dev_ws/install/voice_command_listener:/home/mk/dev_ws/install/uf_ros_lib:/home/mk/dev_ws/install/rviz_servo_status_overlay:/home/mk/dev_ws/install/rviz_marker_static_scene_objects:/home/mk/dev_ws/install/robot_motion_handler_movegroup:/home/mk/dev_ws/install/gaze_control:/home/mk/dev_ws/install/collision_check:/home/mk/dev_ws/install/audio_listener:/opt/ros/humble /usr/bin/cmake --install /home/mk/dev_ws/build/xarm_msgs
[3.115s] Level 1:colcon.colcon_core.environment:checking '/home/mk/dev_ws/install/xarm_msgs' for CMake config files
[3.116s] Level 1:colcon.colcon_core.shell:create_environment_hook('xarm_msgs', 'cmake_prefix_path')
[3.116s] INFO:colcon.colcon_core.shell:Creating environment hook '/home/mk/dev_ws/install/xarm_msgs/share/xarm_msgs/hook/cmake_prefix_path.ps1'
[3.116s] INFO:colcon.colcon_core.shell:Creating environment descriptor '/home/mk/dev_ws/install/xarm_msgs/share/xarm_msgs/hook/cmake_prefix_path.dsv'
[3.117s] INFO:colcon.colcon_core.shell:Creating environment hook '/home/mk/dev_ws/install/xarm_msgs/share/xarm_msgs/hook/cmake_prefix_path.sh'
[3.117s] Level 1:colcon.colcon_core.environment:checking '/home/mk/dev_ws/install/xarm_msgs/lib'
[3.117s] Level 1:colcon.colcon_core.shell:create_environment_hook('xarm_msgs', 'ld_library_path_lib')
[3.117s] INFO:colcon.colcon_core.shell:Creating environment hook '/home/mk/dev_ws/install/xarm_msgs/share/xarm_msgs/hook/ld_library_path_lib.ps1'
[3.117s] INFO:colcon.colcon_core.shell:Creating environment descriptor '/home/mk/dev_ws/install/xarm_msgs/share/xarm_msgs/hook/ld_library_path_lib.dsv'
[3.117s] INFO:colcon.colcon_core.shell:Creating environment hook '/home/mk/dev_ws/install/xarm_msgs/share/xarm_msgs/hook/ld_library_path_lib.sh'
[3.118s] Level 1:colcon.colcon_core.environment:checking '/home/mk/dev_ws/install/xarm_msgs/bin'
[3.118s] Level 1:colcon.colcon_core.environment:checking '/home/mk/dev_ws/install/xarm_msgs/lib/pkgconfig/xarm_msgs.pc'
[3.118s] Level 1:colcon.colcon_core.environment:checking '/home/mk/dev_ws/install/xarm_msgs/lib/python3.10/site-packages'
[3.118s] Level 1:colcon.colcon_core.environment:checking '/home/mk/dev_ws/install/xarm_msgs/bin'
[3.118s] INFO:colcon.colcon_core.shell:Creating package script '/home/mk/dev_ws/install/xarm_msgs/share/xarm_msgs/package.ps1'
[3.118s] INFO:colcon.colcon_core.shell:Creating package descriptor '/home/mk/dev_ws/install/xarm_msgs/share/xarm_msgs/package.dsv'
[3.119s] INFO:colcon.colcon_core.shell:Creating package script '/home/mk/dev_ws/install/xarm_msgs/share/xarm_msgs/package.sh'
[3.119s] INFO:colcon.colcon_core.shell:Creating package script '/home/mk/dev_ws/install/xarm_msgs/share/xarm_msgs/package.bash'
[3.119s] INFO:colcon.colcon_core.shell:Creating package script '/home/mk/dev_ws/install/xarm_msgs/share/xarm_msgs/package.zsh'
[3.119s] Level 1:colcon.colcon_core.environment:create_file_with_runtime_dependencies(/home/mk/dev_ws/install/xarm_msgs/share/colcon-core/packages/xarm_msgs)
[3.120s] Level 1:colcon.colcon_core.environment:create_environment_scripts_only(xarm_msgs)
[3.120s] Level 1:colcon.colcon_core.environment:checking '/home/mk/dev_ws/install/xarm_msgs' for CMake module files
[3.120s] Level 1:colcon.colcon_core.environment:checking '/home/mk/dev_ws/install/xarm_msgs' for CMake config files
[3.121s] Level 1:colcon.colcon_core.shell:create_environment_hook('xarm_msgs', 'cmake_prefix_path')
[3.121s] INFO:colcon.colcon_core.shell:Creating environment hook '/home/mk/dev_ws/install/xarm_msgs/share/xarm_msgs/hook/cmake_prefix_path.ps1'
[3.121s] INFO:colcon.colcon_core.shell:Creating environment descriptor '/home/mk/dev_ws/install/xarm_msgs/share/xarm_msgs/hook/cmake_prefix_path.dsv'
[3.121s] INFO:colcon.colcon_core.shell:Creating environment hook '/home/mk/dev_ws/install/xarm_msgs/share/xarm_msgs/hook/cmake_prefix_path.sh'
[3.122s] Level 1:colcon.colcon_core.environment:checking '/home/mk/dev_ws/install/xarm_msgs/lib'
[3.122s] Level 1:colcon.colcon_core.shell:create_environment_hook('xarm_msgs', 'ld_library_path_lib')
[3.122s] INFO:colcon.colcon_core.shell:Creating environment hook '/home/mk/dev_ws/install/xarm_msgs/share/xarm_msgs/hook/ld_library_path_lib.ps1'
[3.122s] INFO:colcon.colcon_core.shell:Creating environment descriptor '/home/mk/dev_ws/install/xarm_msgs/share/xarm_msgs/hook/ld_library_path_lib.dsv'
[3.122s] INFO:colcon.colcon_core.shell:Creating environment hook '/home/mk/dev_ws/install/xarm_msgs/share/xarm_msgs/hook/ld_library_path_lib.sh'
[3.123s] Level 1:colcon.colcon_core.environment:checking '/home/mk/dev_ws/install/xarm_msgs/bin'
[3.123s] Level 1:colcon.colcon_core.environment:checking '/home/mk/dev_ws/install/xarm_msgs/lib/pkgconfig/xarm_msgs.pc'
[3.123s] Level 1:colcon.colcon_core.environment:checking '/home/mk/dev_ws/install/xarm_msgs/lib/python3.10/site-packages'
[3.123s] Level 1:colcon.colcon_core.environment:checking '/home/mk/dev_ws/install/xarm_msgs/bin'
[3.123s] INFO:colcon.colcon_core.shell:Creating package script '/home/mk/dev_ws/install/xarm_msgs/share/xarm_msgs/package.ps1'
[3.123s] INFO:colcon.colcon_core.shell:Creating package descriptor '/home/mk/dev_ws/install/xarm_msgs/share/xarm_msgs/package.dsv'
[3.124s] INFO:colcon.colcon_core.shell:Creating package script '/home/mk/dev_ws/install/xarm_msgs/share/xarm_msgs/package.sh'
[3.124s] INFO:colcon.colcon_core.shell:Creating package script '/home/mk/dev_ws/install/xarm_msgs/share/xarm_msgs/package.bash'
[3.124s] INFO:colcon.colcon_core.shell:Creating package script '/home/mk/dev_ws/install/xarm_msgs/share/xarm_msgs/package.zsh'
[3.124s] Level 1:colcon.colcon_core.environment:create_file_with_runtime_dependencies(/home/mk/dev_ws/install/xarm_msgs/share/colcon-core/packages/xarm_msgs)
[3.126s] DEBUG:colcon.colcon_core.event_handler.log_command:Invoked command in '/home/mk/dev_ws/build/whisper_util' returned '0': CMAKE_PREFIX_PATH=/home/mk/dev_ws/install/whisper_cpp_vendor:/home/mk/dev_ws/install/zed_ros2:/home/mk/dev_ws/install/zed_wrapper:/home/mk/dev_ws/install/zed_components:/home/mk/dev_ws/install/zed_interfaces:/home/mk/dev_ws/install/xarm_planner:/home/mk/dev_ws/install/xarm_moveit_servo:/home/mk/dev_ws/install/xarm_moveit_config:/home/mk/dev_ws/install/xarm_gazebo:/home/mk/dev_ws/install/xarm_controller:/home/mk/dev_ws/install/xarm_api:/home/mk/dev_ws/install/xarm_sdk:/home/mk/dev_ws/install/rviz_robot_control_panel:/home/mk/dev_ws/install/xarm_msgs:/home/mk/dev_ws/install/xarm_description:/home/mk/dev_ws/install/whisper_bringup:/home/mk/dev_ws/install/whisper_server:/home/mk/dev_ws/install/transcript_manager:/home/mk/dev_ws/install/whisper_util:/home/mk/dev_ws/install/whisper_idl:/home/mk/dev_ws/install/realsense_gazebo_plugin:/home/mk/dev_ws/install/my_3d_vision_bringup:/home/mk/dev_ws/install/mbot_demo:/home/mk/dev_ws/install/yolo_object_detector:/home/mk/dev_ws/install/move_to_coordinator:/home/mk/dev_ws/install/motion_sequence:/home/mk/dev_ws/install/whisper_demos:/home/mk/dev_ws/install/voice_command_listener:/home/mk/dev_ws/install/uf_ros_lib:/home/mk/dev_ws/install/rviz_servo_status_overlay:/home/mk/dev_ws/install/rviz_marker_static_scene_objects:/home/mk/dev_ws/install/robot_motion_handler_movegroup:/home/mk/dev_ws/install/gaze_control:/home/mk/dev_ws/install/collision_check:/home/mk/dev_ws/install/audio_listener:/opt/ros/humble LD_LIBRARY_PATH=/home/mk/dev_ws/install/whisper_cpp_vendor/lib:/usr/local/cuda-12.1/lib64:/home/mk/dev_ws/install/zed_components/lib:/home/mk/dev_ws/install/zed_interfaces/lib:/home/mk/dev_ws/install/xarm_planner/lib:/home/mk/dev_ws/install/xarm_moveit_servo/lib:/home/mk/dev_ws/install/xarm_gazebo/lib:/home/mk/dev_ws/install/xarm_controller/lib:/home/mk/dev_ws/install/xarm_api/lib:/home/mk/dev_ws/install/xarm_sdk/lib:/home/mk/dev_ws/install/rviz_robot_control_panel/lib:/home/mk/dev_ws/install/xarm_msgs/lib:/home/mk/dev_ws/install/whisper_server/lib:/home/mk/dev_ws/install/transcript_manager/lib:/home/mk/dev_ws/install/whisper_util/lib:/home/mk/dev_ws/install/whisper_idl/lib:/home/mk/dev_ws/install/realsense_gazebo_plugin/lib:/home/mk/dev_ws/install/my_3d_vision_bringup/lib:/usr/lib/x86_64-linux-gnu/gazebo-11/plugins:/opt/ros/humble/opt/rviz_ogre_vendor/lib:/opt/ros/humble/lib/x86_64-linux-gnu:/opt/ros/humble/lib /usr/bin/cmake /home/mk/dev_ws/src/ros2_whisper/whisper_util -DCMAKE_INSTALL_PREFIX=/home/mk/dev_ws/install/whisper_util
[3.126s] DEBUG:colcon.colcon_core.event_handler.log_command:Invoking command in '/home/mk/dev_ws/build/whisper_util': CMAKE_PREFIX_PATH=/home/mk/dev_ws/install/whisper_cpp_vendor:/home/mk/dev_ws/install/zed_ros2:/home/mk/dev_ws/install/zed_wrapper:/home/mk/dev_ws/install/zed_components:/home/mk/dev_ws/install/zed_interfaces:/home/mk/dev_ws/install/xarm_planner:/home/mk/dev_ws/install/xarm_moveit_servo:/home/mk/dev_ws/install/xarm_moveit_config:/home/mk/dev_ws/install/xarm_gazebo:/home/mk/dev_ws/install/xarm_controller:/home/mk/dev_ws/install/xarm_api:/home/mk/dev_ws/install/xarm_sdk:/home/mk/dev_ws/install/rviz_robot_control_panel:/home/mk/dev_ws/install/xarm_msgs:/home/mk/dev_ws/install/xarm_description:/home/mk/dev_ws/install/whisper_bringup:/home/mk/dev_ws/install/whisper_server:/home/mk/dev_ws/install/transcript_manager:/home/mk/dev_ws/install/whisper_util:/home/mk/dev_ws/install/whisper_idl:/home/mk/dev_ws/install/realsense_gazebo_plugin:/home/mk/dev_ws/install/my_3d_vision_bringup:/home/mk/dev_ws/install/mbot_demo:/home/mk/dev_ws/install/yolo_object_detector:/home/mk/dev_ws/install/move_to_coordinator:/home/mk/dev_ws/install/motion_sequence:/home/mk/dev_ws/install/whisper_demos:/home/mk/dev_ws/install/voice_command_listener:/home/mk/dev_ws/install/uf_ros_lib:/home/mk/dev_ws/install/rviz_servo_status_overlay:/home/mk/dev_ws/install/rviz_marker_static_scene_objects:/home/mk/dev_ws/install/robot_motion_handler_movegroup:/home/mk/dev_ws/install/gaze_control:/home/mk/dev_ws/install/collision_check:/home/mk/dev_ws/install/audio_listener:/opt/ros/humble LD_LIBRARY_PATH=/home/mk/dev_ws/install/whisper_cpp_vendor/lib:/usr/local/cuda-12.1/lib64:/home/mk/dev_ws/install/zed_components/lib:/home/mk/dev_ws/install/zed_interfaces/lib:/home/mk/dev_ws/install/xarm_planner/lib:/home/mk/dev_ws/install/xarm_moveit_servo/lib:/home/mk/dev_ws/install/xarm_gazebo/lib:/home/mk/dev_ws/install/xarm_controller/lib:/home/mk/dev_ws/install/xarm_api/lib:/home/mk/dev_ws/install/xarm_sdk/lib:/home/mk/dev_ws/install/rviz_robot_control_panel/lib:/home/mk/dev_ws/install/xarm_msgs/lib:/home/mk/dev_ws/install/whisper_server/lib:/home/mk/dev_ws/install/transcript_manager/lib:/home/mk/dev_ws/install/whisper_util/lib:/home/mk/dev_ws/install/whisper_idl/lib:/home/mk/dev_ws/install/realsense_gazebo_plugin/lib:/home/mk/dev_ws/install/my_3d_vision_bringup/lib:/usr/lib/x86_64-linux-gnu/gazebo-11/plugins:/opt/ros/humble/opt/rviz_ogre_vendor/lib:/opt/ros/humble/lib/x86_64-linux-gnu:/opt/ros/humble/lib /usr/bin/cmake --build /home/mk/dev_ws/build/whisper_util -- -j16 -l16
[3.126s] DEBUG:colcon.colcon_core.event_handler.log_command:Invoked command in '/home/mk/dev_ws/build/my_3d_vision_bringup' returned '0': CMAKE_PREFIX_PATH=${CMAKE_PREFIX_PATH}:/home/mk/dev_ws/install/yolo_object_detector:/home/mk/dev_ws/install/move_to_coordinator:/home/mk/dev_ws/install/motion_sequence:/home/mk/dev_ws/install/whisper_demos:/home/mk/dev_ws/install/voice_command_listener:/home/mk/dev_ws/install/uf_ros_lib:/home/mk/dev_ws/install/rviz_servo_status_overlay:/home/mk/dev_ws/install/rviz_marker_static_scene_objects:/home/mk/dev_ws/install/robot_motion_handler_movegroup:/home/mk/dev_ws/install/gaze_control:/home/mk/dev_ws/install/collision_check:/home/mk/dev_ws/install/audio_listener:/opt/ros/humble /usr/bin/cmake --build /home/mk/dev_ws/build/my_3d_vision_bringup -- -j16 -l16
[3.127s] DEBUG:colcon.colcon_core.event_handler.log_command:Invoking command in '/home/mk/dev_ws/build/my_3d_vision_bringup': CMAKE_PREFIX_PATH=${CMAKE_PREFIX_PATH}:/home/mk/dev_ws/install/yolo_object_detector:/home/mk/dev_ws/install/move_to_coordinator:/home/mk/dev_ws/install/motion_sequence:/home/mk/dev_ws/install/whisper_demos:/home/mk/dev_ws/install/voice_command_listener:/home/mk/dev_ws/install/uf_ros_lib:/home/mk/dev_ws/install/rviz_servo_status_overlay:/home/mk/dev_ws/install/rviz_marker_static_scene_objects:/home/mk/dev_ws/install/robot_motion_handler_movegroup:/home/mk/dev_ws/install/gaze_control:/home/mk/dev_ws/install/collision_check:/home/mk/dev_ws/install/audio_listener:/opt/ros/humble /usr/bin/cmake --install /home/mk/dev_ws/build/my_3d_vision_bringup
[3.127s] DEBUG:colcon.colcon_core.event_handler.log_command:Invoked command in '/home/mk/dev_ws/build/audio_listener' returned '0': PYTHONPATH=/home/mk/dev_ws/build/audio_listener/prefix_override:/usr/lib/python3/dist-packages/colcon_core/task/python/colcon_distutils_commands:/home/mk/dev_ws/install/audio_listener/lib/python3.10/site-packages:${PYTHONPATH} /usr/bin/python3 -W ignore:setup.py install is deprecated -W ignore:easy_install command is deprecated setup.py develop --uninstall --editable --build-directory /home/mk/dev_ws/build/audio_listener/build
[3.128s] DEBUG:colcon.colcon_core.event_handler.log_command:Invoking command in '/home/mk/dev_ws/src/ros2_whisper/audio_listener': PYTHONPATH=/home/mk/dev_ws/build/audio_listener/prefix_override:/usr/lib/python3/dist-packages/colcon_core/task/python/colcon_distutils_commands:/home/mk/dev_ws/install/audio_listener/lib/python3.10/site-packages:${PYTHONPATH} /usr/bin/python3 -W ignore:setup.py install is deprecated -W ignore:easy_install command is deprecated setup.py egg_info --egg-base ../../../build/audio_listener build --build-base /home/mk/dev_ws/build/audio_listener/build install --record /home/mk/dev_ws/build/audio_listener/install.log --single-version-externally-managed install_data --force
[3.128s] DEBUG:colcon.colcon_core.event_handler.log_command:Invoked command in '/home/mk/dev_ws/build/uf_ros_lib' returned '0': PYTHONPATH=/home/mk/dev_ws/build/uf_ros_lib/prefix_override:/usr/lib/python3/dist-packages/colcon_core/task/python/colcon_distutils_commands:/home/mk/dev_ws/install/uf_ros_lib/lib/python3.10/site-packages:${PYTHONPATH} /usr/bin/python3 -W ignore:setup.py install is deprecated -W ignore:easy_install command is deprecated setup.py develop --uninstall --editable --build-directory /home/mk/dev_ws/build/uf_ros_lib/build
[3.129s] DEBUG:colcon.colcon_core.event_handler.log_command:Invoking command in '/home/mk/dev_ws/src/xarm_ros2/uf_ros_lib': PYTHONPATH=/home/mk/dev_ws/build/uf_ros_lib/prefix_override:/usr/lib/python3/dist-packages/colcon_core/task/python/colcon_distutils_commands:/home/mk/dev_ws/install/uf_ros_lib/lib/python3.10/site-packages:${PYTHONPATH} /usr/bin/python3 -W ignore:setup.py install is deprecated -W ignore:easy_install command is deprecated setup.py egg_info --egg-base ../../../build/uf_ros_lib build --build-base /home/mk/dev_ws/build/uf_ros_lib/build install --record /home/mk/dev_ws/build/uf_ros_lib/install.log --single-version-externally-managed install_data --force
[3.130s] DEBUG:colcon.colcon_core.event_handler.log_command:Invoked command in '/home/mk/dev_ws/build/collision_check' returned '0': PYTHONPATH=/home/mk/dev_ws/build/collision_check/prefix_override:/usr/lib/python3/dist-packages/colcon_core/task/python/colcon_distutils_commands:/home/mk/dev_ws/install/collision_check/lib/python3.10/site-packages:${PYTHONPATH} /usr/bin/python3 -W ignore:setup.py install is deprecated -W ignore:easy_install command is deprecated setup.py develop --uninstall --editable --build-directory /home/mk/dev_ws/build/collision_check/build
[3.131s] DEBUG:colcon.colcon_core.event_handler.log_command:Invoking command in '/home/mk/dev_ws/src/collision_check': PYTHONPATH=/home/mk/dev_ws/build/collision_check/prefix_override:/usr/lib/python3/dist-packages/colcon_core/task/python/colcon_distutils_commands:/home/mk/dev_ws/install/collision_check/lib/python3.10/site-packages:${PYTHONPATH} /usr/bin/python3 -W ignore:setup.py install is deprecated -W ignore:easy_install command is deprecated setup.py egg_info --egg-base ../../build/collision_check build --build-base /home/mk/dev_ws/build/collision_check/build install --record /home/mk/dev_ws/build/collision_check/install.log --single-version-externally-managed install_data --force
[3.135s] DEBUG:colcon.colcon_core.event_handler.log_command:Invoking command in '/home/mk/dev_ws/build/zed_components': CMAKE_PREFIX_PATH=/home/mk/dev_ws/install/zed_interfaces:/home/mk/dev_ws/install/zed_ros2:/home/mk/dev_ws/install/zed_wrapper:/home/mk/dev_ws/install/zed_components:/home/mk/dev_ws/install/xarm_planner:/home/mk/dev_ws/install/xarm_moveit_servo:/home/mk/dev_ws/install/xarm_moveit_config:/home/mk/dev_ws/install/xarm_gazebo:/home/mk/dev_ws/install/xarm_controller:/home/mk/dev_ws/install/xarm_api:/home/mk/dev_ws/install/xarm_sdk:/home/mk/dev_ws/install/rviz_robot_control_panel:/home/mk/dev_ws/install/xarm_msgs:/home/mk/dev_ws/install/xarm_description:/home/mk/dev_ws/install/whisper_bringup:/home/mk/dev_ws/install/whisper_server:/home/mk/dev_ws/install/transcript_manager:/home/mk/dev_ws/install/whisper_util:/home/mk/dev_ws/install/whisper_idl:/home/mk/dev_ws/install/whisper_cpp_vendor:/home/mk/dev_ws/install/realsense_gazebo_plugin:/home/mk/dev_ws/install/my_3d_vision_bringup:/home/mk/dev_ws/install/mbot_demo:/home/mk/dev_ws/install/yolo_object_detector:/home/mk/dev_ws/install/move_to_coordinator:/home/mk/dev_ws/install/motion_sequence:/home/mk/dev_ws/install/whisper_demos:/home/mk/dev_ws/install/voice_command_listener:/home/mk/dev_ws/install/uf_ros_lib:/home/mk/dev_ws/install/rviz_servo_status_overlay:/home/mk/dev_ws/install/rviz_marker_static_scene_objects:/home/mk/dev_ws/install/robot_motion_handler_movegroup:/home/mk/dev_ws/install/gaze_control:/home/mk/dev_ws/install/collision_check:/home/mk/dev_ws/install/audio_listener:/opt/ros/humble LD_LIBRARY_PATH=/home/mk/dev_ws/install/zed_interfaces/lib:/usr/local/cuda-12.1/lib64:/home/mk/dev_ws/install/zed_components/lib:/home/mk/dev_ws/install/xarm_planner/lib:/home/mk/dev_ws/install/xarm_moveit_servo/lib:/home/mk/dev_ws/install/xarm_gazebo/lib:/home/mk/dev_ws/install/xarm_controller/lib:/home/mk/dev_ws/install/xarm_api/lib:/home/mk/dev_ws/install/xarm_sdk/lib:/home/mk/dev_ws/install/rviz_robot_control_panel/lib:/home/mk/dev_ws/install/xarm_msgs/lib:/home/mk/dev_ws/install/whisper_server/lib:/home/mk/dev_ws/install/transcript_manager/lib:/home/mk/dev_ws/install/whisper_util/lib:/home/mk/dev_ws/install/whisper_idl/lib:/home/mk/dev_ws/install/whisper_cpp_vendor/lib:/home/mk/dev_ws/install/realsense_gazebo_plugin/lib:/home/mk/dev_ws/install/my_3d_vision_bringup/lib:/usr/lib/x86_64-linux-gnu/gazebo-11/plugins:/opt/ros/humble/opt/rviz_ogre_vendor/lib:/opt/ros/humble/lib/x86_64-linux-gnu:/opt/ros/humble/lib /usr/bin/cmake /home/mk/dev_ws/src/zed-ros2-wrapper/zed_components -DCMAKE_INSTALL_PREFIX=/home/mk/dev_ws/install/zed_components
[3.138s] DEBUG:colcon.colcon_core.event_handler.log_command:Invoking command in '/home/mk/dev_ws/build/yolo_object_detector': PYTHONPATH=/home/mk/dev_ws/build/yolo_object_detector/prefix_override:/usr/lib/python3/dist-packages/colcon_core/task/python/colcon_distutils_commands:/home/mk/dev_ws/install/yolo_object_detector/lib/python3.10/site-packages:${PYTHONPATH} /usr/bin/python3 -W ignore:setup.py install is deprecated -W ignore:easy_install command is deprecated setup.py develop --uninstall --editable --build-directory /home/mk/dev_ws/build/yolo_object_detector/build
[3.138s] INFO:colcon.colcon_ros.task.ament_cmake.build:Building ROS package in '/home/mk/dev_ws/src/xarm_ros2/xarm_api' with build type 'ament_cmake'
[3.138s] INFO:colcon.colcon_cmake.task.cmake.build:Building CMake package in '/home/mk/dev_ws/src/xarm_ros2/xarm_api'
[3.138s] INFO:colcon.colcon_core.shell:Skip shell extension 'powershell' for command environment: Not usable outside of PowerShell
[3.138s] DEBUG:colcon.colcon_core.shell:Skip shell extension 'dsv' for command environment
[3.139s] DEBUG:colcon.colcon_core.event_handler.log_command:Invoked command in '/home/mk/dev_ws/build/gaze_control' returned '0': PYTHONPATH=/home/mk/dev_ws/build/gaze_control/prefix_override:/usr/lib/python3/dist-packages/colcon_core/task/python/colcon_distutils_commands:/home/mk/dev_ws/install/gaze_control/lib/python3.10/site-packages:${PYTHONPATH} /usr/bin/python3 -W ignore:setup.py install is deprecated -W ignore:easy_install command is deprecated setup.py develop --uninstall --editable --build-directory /home/mk/dev_ws/build/gaze_control/build
[3.139s] DEBUG:colcon.colcon_core.event_handler.log_command:Invoking command in '/home/mk/dev_ws/src/gaze_control': PYTHONPATH=/home/mk/dev_ws/build/gaze_control/prefix_override:/usr/lib/python3/dist-packages/colcon_core/task/python/colcon_distutils_commands:/home/mk/dev_ws/install/gaze_control/lib/python3.10/site-packages:${PYTHONPATH} /usr/bin/python3 -W ignore:setup.py install is deprecated -W ignore:easy_install command is deprecated setup.py egg_info --egg-base ../../build/gaze_control build --build-base /home/mk/dev_ws/build/gaze_control/build install --record /home/mk/dev_ws/build/gaze_control/install.log --single-version-externally-managed install_data --force
[3.140s] DEBUG:colcon.colcon_core.event_handler.log_command:Invoked command in '/home/mk/dev_ws/build/rviz_servo_status_overlay' returned '0': PYTHONPATH=/home/mk/dev_ws/build/rviz_servo_status_overlay/prefix_override:/usr/lib/python3/dist-packages/colcon_core/task/python/colcon_distutils_commands:/home/mk/dev_ws/install/rviz_servo_status_overlay/lib/python3.10/site-packages:${PYTHONPATH} /usr/bin/python3 -W ignore:setup.py install is deprecated -W ignore:easy_install command is deprecated setup.py develop --uninstall --editable --build-directory /home/mk/dev_ws/build/rviz_servo_status_overlay/build
[3.140s] DEBUG:colcon.colcon_core.event_handler.log_command:Invoking command in '/home/mk/dev_ws/src/rviz_servo_status_overlay': PYTHONPATH=/home/mk/dev_ws/build/rviz_servo_status_overlay/prefix_override:/usr/lib/python3/dist-packages/colcon_core/task/python/colcon_distutils_commands:/home/mk/dev_ws/install/rviz_servo_status_overlay/lib/python3.10/site-packages:${PYTHONPATH} /usr/bin/python3 -W ignore:setup.py install is deprecated -W ignore:easy_install command is deprecated setup.py egg_info --egg-base ../../build/rviz_servo_status_overlay build --build-base /home/mk/dev_ws/build/rviz_servo_status_overlay/build install --record /home/mk/dev_ws/build/rviz_servo_status_overlay/install.log --single-version-externally-managed install_data --force
[3.144s] INFO:colcon.colcon_ros.task.ament_python.build:Building ROS package in '/home/mk/dev_ws/src/motion_sequence' with build type 'ament_python'
[3.144s] Level 1:colcon.colcon_core.shell:create_environment_hook('motion_sequence', 'ament_prefix_path')
[3.144s] INFO:colcon.colcon_core.shell:Creating environment hook '/home/mk/dev_ws/install/motion_sequence/share/motion_sequence/hook/ament_prefix_path.ps1'
[3.144s] INFO:colcon.colcon_core.shell:Creating environment descriptor '/home/mk/dev_ws/install/motion_sequence/share/motion_sequence/hook/ament_prefix_path.dsv'
[3.145s] INFO:colcon.colcon_core.shell:Creating environment hook '/home/mk/dev_ws/install/motion_sequence/share/motion_sequence/hook/ament_prefix_path.sh'
[3.145s] INFO:colcon.colcon_core.shell:Skip shell extension 'powershell' for command environment: Not usable outside of PowerShell
[3.145s] DEBUG:colcon.colcon_core.shell:Skip shell extension 'dsv' for command environment
[3.151s] INFO:colcon.colcon_ros.task.ament_python.build:Building ROS package in '/home/mk/dev_ws/src/move_to_coordinator' with build type 'ament_python'
[3.151s] Level 1:colcon.colcon_core.shell:create_environment_hook('move_to_coordinator', 'ament_prefix_path')
[3.152s] INFO:colcon.colcon_core.shell:Creating environment hook '/home/mk/dev_ws/install/move_to_coordinator/share/move_to_coordinator/hook/ament_prefix_path.ps1'
[3.152s] INFO:colcon.colcon_core.shell:Creating environment descriptor '/home/mk/dev_ws/install/move_to_coordinator/share/move_to_coordinator/hook/ament_prefix_path.dsv'
[3.152s] INFO:colcon.colcon_core.shell:Creating environment hook '/home/mk/dev_ws/install/move_to_coordinator/share/move_to_coordinator/hook/ament_prefix_path.sh'
[3.153s] INFO:colcon.colcon_core.shell:Skip shell extension 'powershell' for command environment: Not usable outside of PowerShell
[3.153s] DEBUG:colcon.colcon_core.shell:Skip shell extension 'dsv' for command environment
[3.157s] INFO:colcon.colcon_ros.task.ament_cmake.build:Building ROS package in '/home/mk/dev_ws/src/rviz_robot_control_panel' with build type 'ament_cmake'
[3.157s] INFO:colcon.colcon_cmake.task.cmake.build:Building CMake package in '/home/mk/dev_ws/src/rviz_robot_control_panel'
[3.157s] INFO:colcon.colcon_core.shell:Skip shell extension 'powershell' for command environment: Not usable outside of PowerShell
[3.158s] DEBUG:colcon.colcon_core.shell:Skip shell extension 'dsv' for command environment
[3.173s] DEBUG:colcon.colcon_core.event_handler.log_command:Invoked command in '/home/mk/dev_ws/build/robot_motion_handler_movegroup' returned '0': PYTHONPATH=/home/mk/dev_ws/build/robot_motion_handler_movegroup/prefix_override:/usr/lib/python3/dist-packages/colcon_core/task/python/colcon_distutils_commands:/home/mk/dev_ws/install/robot_motion_handler_movegroup/lib/python3.10/site-packages:${PYTHONPATH} /usr/bin/python3 -W ignore:setup.py install is deprecated -W ignore:easy_install command is deprecated setup.py develop --uninstall --editable --build-directory /home/mk/dev_ws/build/robot_motion_handler_movegroup/build
[3.174s] DEBUG:colcon.colcon_core.event_handler.log_command:Invoking command in '/home/mk/dev_ws/src/robot_motion_handler_movegroup': PYTHONPATH=/home/mk/dev_ws/build/robot_motion_handler_movegroup/prefix_override:/usr/lib/python3/dist-packages/colcon_core/task/python/colcon_distutils_commands:/home/mk/dev_ws/install/robot_motion_handler_movegroup/lib/python3.10/site-packages:${PYTHONPATH} /usr/bin/python3 -W ignore:setup.py install is deprecated -W ignore:easy_install command is deprecated setup.py egg_info --egg-base ../../build/robot_motion_handler_movegroup build --build-base /home/mk/dev_ws/build/robot_motion_handler_movegroup/build install --record /home/mk/dev_ws/build/robot_motion_handler_movegroup/install.log --single-version-externally-managed install_data --force
[3.180s] DEBUG:colcon.colcon_core.event_handler.log_command:Invoking command in '/home/mk/dev_ws/build/xarm_api': CMAKE_PREFIX_PATH=/home/mk/dev_ws/install/xarm_sdk:/home/mk/dev_ws/install/xarm_msgs:/home/mk/dev_ws/install/xarm_description:/home/mk/dev_ws/install/zed_ros2:/home/mk/dev_ws/install/zed_wrapper:/home/mk/dev_ws/install/zed_components:/home/mk/dev_ws/install/zed_interfaces:/home/mk/dev_ws/install/xarm_planner:/home/mk/dev_ws/install/xarm_moveit_servo:/home/mk/dev_ws/install/xarm_moveit_config:/home/mk/dev_ws/install/xarm_gazebo:/home/mk/dev_ws/install/xarm_controller:/home/mk/dev_ws/install/xarm_api:/home/mk/dev_ws/install/rviz_robot_control_panel:/home/mk/dev_ws/install/whisper_bringup:/home/mk/dev_ws/install/whisper_server:/home/mk/dev_ws/install/transcript_manager:/home/mk/dev_ws/install/whisper_util:/home/mk/dev_ws/install/whisper_idl:/home/mk/dev_ws/install/whisper_cpp_vendor:/home/mk/dev_ws/install/realsense_gazebo_plugin:/home/mk/dev_ws/install/my_3d_vision_bringup:/home/mk/dev_ws/install/mbot_demo:/home/mk/dev_ws/install/yolo_object_detector:/home/mk/dev_ws/install/move_to_coordinator:/home/mk/dev_ws/install/motion_sequence:/home/mk/dev_ws/install/whisper_demos:/home/mk/dev_ws/install/voice_command_listener:/home/mk/dev_ws/install/uf_ros_lib:/home/mk/dev_ws/install/rviz_servo_status_overlay:/home/mk/dev_ws/install/rviz_marker_static_scene_objects:/home/mk/dev_ws/install/robot_motion_handler_movegroup:/home/mk/dev_ws/install/gaze_control:/home/mk/dev_ws/install/collision_check:/home/mk/dev_ws/install/audio_listener:/opt/ros/humble LD_LIBRARY_PATH=/home/mk/dev_ws/install/xarm_sdk/lib:/home/mk/dev_ws/install/xarm_msgs/lib:/usr/local/cuda-12.1/lib64:/home/mk/dev_ws/install/zed_components/lib:/home/mk/dev_ws/install/zed_interfaces/lib:/home/mk/dev_ws/install/xarm_planner/lib:/home/mk/dev_ws/install/xarm_moveit_servo/lib:/home/mk/dev_ws/install/xarm_gazebo/lib:/home/mk/dev_ws/install/xarm_controller/lib:/home/mk/dev_ws/install/xarm_api/lib:/home/mk/dev_ws/install/rviz_robot_control_panel/lib:/home/mk/dev_ws/install/whisper_server/lib:/home/mk/dev_ws/install/transcript_manager/lib:/home/mk/dev_ws/install/whisper_util/lib:/home/mk/dev_ws/install/whisper_idl/lib:/home/mk/dev_ws/install/whisper_cpp_vendor/lib:/home/mk/dev_ws/install/realsense_gazebo_plugin/lib:/home/mk/dev_ws/install/my_3d_vision_bringup/lib:/usr/lib/x86_64-linux-gnu/gazebo-11/plugins:/opt/ros/humble/opt/rviz_ogre_vendor/lib:/opt/ros/humble/lib/x86_64-linux-gnu:/opt/ros/humble/lib /usr/bin/cmake /home/mk/dev_ws/src/xarm_ros2/xarm_api -DCMAKE_INSTALL_PREFIX=/home/mk/dev_ws/install/xarm_api
[3.453s] INFO:colcon.colcon_core.task.python.build:Building Python package in '/home/mk/dev_ws/src/motion_sequence'
[3.453s] INFO:colcon.colcon_core.shell:Skip shell extension 'powershell' for command environment: Not usable outside of PowerShell
[3.453s] DEBUG:colcon.colcon_core.shell:Skip shell extension 'dsv' for command environment
[3.691s] INFO:colcon.colcon_core.task.python.build:Building Python package in '/home/mk/dev_ws/src/move_to_coordinator'
[3.691s] INFO:colcon.colcon_core.shell:Skip shell extension 'powershell' for command environment: Not usable outside of PowerShell
[3.691s] DEBUG:colcon.colcon_core.shell:Skip shell extension 'dsv' for command environment
[3.698s] DEBUG:colcon.colcon_core.event_handler.log_command:Invoking command in '/home/mk/dev_ws/build/rviz_robot_control_panel': CMAKE_PREFIX_PATH=/home/mk/dev_ws/install/xarm_msgs:/home/mk/dev_ws/install/zed_ros2:/home/mk/dev_ws/install/zed_wrapper:/home/mk/dev_ws/install/zed_components:/home/mk/dev_ws/install/zed_interfaces:/home/mk/dev_ws/install/xarm_planner:/home/mk/dev_ws/install/xarm_moveit_servo:/home/mk/dev_ws/install/xarm_moveit_config:/home/mk/dev_ws/install/xarm_gazebo:/home/mk/dev_ws/install/xarm_controller:/home/mk/dev_ws/install/xarm_api:/home/mk/dev_ws/install/xarm_sdk:/home/mk/dev_ws/install/rviz_robot_control_panel:/home/mk/dev_ws/install/xarm_description:/home/mk/dev_ws/install/whisper_bringup:/home/mk/dev_ws/install/whisper_server:/home/mk/dev_ws/install/transcript_manager:/home/mk/dev_ws/install/whisper_util:/home/mk/dev_ws/install/whisper_idl:/home/mk/dev_ws/install/whisper_cpp_vendor:/home/mk/dev_ws/install/realsense_gazebo_plugin:/home/mk/dev_ws/install/my_3d_vision_bringup:/home/mk/dev_ws/install/mbot_demo:/home/mk/dev_ws/install/yolo_object_detector:/home/mk/dev_ws/install/move_to_coordinator:/home/mk/dev_ws/install/motion_sequence:/home/mk/dev_ws/install/whisper_demos:/home/mk/dev_ws/install/voice_command_listener:/home/mk/dev_ws/install/uf_ros_lib:/home/mk/dev_ws/install/rviz_servo_status_overlay:/home/mk/dev_ws/install/rviz_marker_static_scene_objects:/home/mk/dev_ws/install/robot_motion_handler_movegroup:/home/mk/dev_ws/install/gaze_control:/home/mk/dev_ws/install/collision_check:/home/mk/dev_ws/install/audio_listener:/opt/ros/humble LD_LIBRARY_PATH=/home/mk/dev_ws/install/xarm_msgs/lib:/usr/local/cuda-12.1/lib64:/home/mk/dev_ws/install/zed_components/lib:/home/mk/dev_ws/install/zed_interfaces/lib:/home/mk/dev_ws/install/xarm_planner/lib:/home/mk/dev_ws/install/xarm_moveit_servo/lib:/home/mk/dev_ws/install/xarm_gazebo/lib:/home/mk/dev_ws/install/xarm_controller/lib:/home/mk/dev_ws/install/xarm_api/lib:/home/mk/dev_ws/install/xarm_sdk/lib:/home/mk/dev_ws/install/rviz_robot_control_panel/lib:/home/mk/dev_ws/install/whisper_server/lib:/home/mk/dev_ws/install/transcript_manager/lib:/home/mk/dev_ws/install/whisper_util/lib:/home/mk/dev_ws/install/whisper_idl/lib:/home/mk/dev_ws/install/whisper_cpp_vendor/lib:/home/mk/dev_ws/install/realsense_gazebo_plugin/lib:/home/mk/dev_ws/install/my_3d_vision_bringup/lib:/usr/lib/x86_64-linux-gnu/gazebo-11/plugins:/opt/ros/humble/opt/rviz_ogre_vendor/lib:/opt/ros/humble/lib/x86_64-linux-gnu:/opt/ros/humble/lib /usr/bin/cmake /home/mk/dev_ws/src/rviz_robot_control_panel -DCMAKE_INSTALL_PREFIX=/home/mk/dev_ws/install/rviz_robot_control_panel
[3.698s] DEBUG:colcon.colcon_core.event_handler.log_command:Invoked command in '/home/mk/dev_ws/build/rviz_marker_static_scene_objects' returned '0': PYTHONPATH=/home/mk/dev_ws/build/rviz_marker_static_scene_objects/prefix_override:/usr/lib/python3/dist-packages/colcon_core/task/python/colcon_distutils_commands:/home/mk/dev_ws/install/rviz_marker_static_scene_objects/lib/python3.10/site-packages:${PYTHONPATH} /usr/bin/python3 -W ignore:setup.py install is deprecated -W ignore:easy_install command is deprecated setup.py develop --uninstall --editable --build-directory /home/mk/dev_ws/build/rviz_marker_static_scene_objects/build
[3.699s] DEBUG:colcon.colcon_core.event_handler.log_command:Invoking command in '/home/mk/dev_ws/src/rviz_marker_static_scene_objects': PYTHONPATH=/home/mk/dev_ws/build/rviz_marker_static_scene_objects/prefix_override:/usr/lib/python3/dist-packages/colcon_core/task/python/colcon_distutils_commands:/home/mk/dev_ws/install/rviz_marker_static_scene_objects/lib/python3.10/site-packages:${PYTHONPATH} /usr/bin/python3 -W ignore:setup.py install is deprecated -W ignore:easy_install command is deprecated setup.py egg_info --egg-base ../../build/rviz_marker_static_scene_objects build --build-base /home/mk/dev_ws/build/rviz_marker_static_scene_objects/build install --record /home/mk/dev_ws/build/rviz_marker_static_scene_objects/install.log --single-version-externally-managed install_data --force
[3.703s] DEBUG:colcon.colcon_core.event_handler.log_command:Invoked command in '/home/mk/dev_ws/build/whisper_util' returned '0': CMAKE_PREFIX_PATH=/home/mk/dev_ws/install/whisper_cpp_vendor:/home/mk/dev_ws/install/zed_ros2:/home/mk/dev_ws/install/zed_wrapper:/home/mk/dev_ws/install/zed_components:/home/mk/dev_ws/install/zed_interfaces:/home/mk/dev_ws/install/xarm_planner:/home/mk/dev_ws/install/xarm_moveit_servo:/home/mk/dev_ws/install/xarm_moveit_config:/home/mk/dev_ws/install/xarm_gazebo:/home/mk/dev_ws/install/xarm_controller:/home/mk/dev_ws/install/xarm_api:/home/mk/dev_ws/install/xarm_sdk:/home/mk/dev_ws/install/rviz_robot_control_panel:/home/mk/dev_ws/install/xarm_msgs:/home/mk/dev_ws/install/xarm_description:/home/mk/dev_ws/install/whisper_bringup:/home/mk/dev_ws/install/whisper_server:/home/mk/dev_ws/install/transcript_manager:/home/mk/dev_ws/install/whisper_util:/home/mk/dev_ws/install/whisper_idl:/home/mk/dev_ws/install/realsense_gazebo_plugin:/home/mk/dev_ws/install/my_3d_vision_bringup:/home/mk/dev_ws/install/mbot_demo:/home/mk/dev_ws/install/yolo_object_detector:/home/mk/dev_ws/install/move_to_coordinator:/home/mk/dev_ws/install/motion_sequence:/home/mk/dev_ws/install/whisper_demos:/home/mk/dev_ws/install/voice_command_listener:/home/mk/dev_ws/install/uf_ros_lib:/home/mk/dev_ws/install/rviz_servo_status_overlay:/home/mk/dev_ws/install/rviz_marker_static_scene_objects:/home/mk/dev_ws/install/robot_motion_handler_movegroup:/home/mk/dev_ws/install/gaze_control:/home/mk/dev_ws/install/collision_check:/home/mk/dev_ws/install/audio_listener:/opt/ros/humble LD_LIBRARY_PATH=/home/mk/dev_ws/install/whisper_cpp_vendor/lib:/usr/local/cuda-12.1/lib64:/home/mk/dev_ws/install/zed_components/lib:/home/mk/dev_ws/install/zed_interfaces/lib:/home/mk/dev_ws/install/xarm_planner/lib:/home/mk/dev_ws/install/xarm_moveit_servo/lib:/home/mk/dev_ws/install/xarm_gazebo/lib:/home/mk/dev_ws/install/xarm_controller/lib:/home/mk/dev_ws/install/xarm_api/lib:/home/mk/dev_ws/install/xarm_sdk/lib:/home/mk/dev_ws/install/rviz_robot_control_panel/lib:/home/mk/dev_ws/install/xarm_msgs/lib:/home/mk/dev_ws/install/whisper_server/lib:/home/mk/dev_ws/install/transcript_manager/lib:/home/mk/dev_ws/install/whisper_util/lib:/home/mk/dev_ws/install/whisper_idl/lib:/home/mk/dev_ws/install/realsense_gazebo_plugin/lib:/home/mk/dev_ws/install/my_3d_vision_bringup/lib:/usr/lib/x86_64-linux-gnu/gazebo-11/plugins:/opt/ros/humble/opt/rviz_ogre_vendor/lib:/opt/ros/humble/lib/x86_64-linux-gnu:/opt/ros/humble/lib /usr/bin/cmake --build /home/mk/dev_ws/build/whisper_util -- -j16 -l16
[3.705s] Level 1:colcon.colcon_core.environment:checking '/home/mk/dev_ws/install/collision_check' for CMake module files
[3.705s] DEBUG:colcon.colcon_core.event_handler.log_command:Invoking command in '/home/mk/dev_ws/build/whisper_util': CMAKE_PREFIX_PATH=/home/mk/dev_ws/install/whisper_cpp_vendor:/home/mk/dev_ws/install/zed_ros2:/home/mk/dev_ws/install/zed_wrapper:/home/mk/dev_ws/install/zed_components:/home/mk/dev_ws/install/zed_interfaces:/home/mk/dev_ws/install/xarm_planner:/home/mk/dev_ws/install/xarm_moveit_servo:/home/mk/dev_ws/install/xarm_moveit_config:/home/mk/dev_ws/install/xarm_gazebo:/home/mk/dev_ws/install/xarm_controller:/home/mk/dev_ws/install/xarm_api:/home/mk/dev_ws/install/xarm_sdk:/home/mk/dev_ws/install/rviz_robot_control_panel:/home/mk/dev_ws/install/xarm_msgs:/home/mk/dev_ws/install/xarm_description:/home/mk/dev_ws/install/whisper_bringup:/home/mk/dev_ws/install/whisper_server:/home/mk/dev_ws/install/transcript_manager:/home/mk/dev_ws/install/whisper_util:/home/mk/dev_ws/install/whisper_idl:/home/mk/dev_ws/install/realsense_gazebo_plugin:/home/mk/dev_ws/install/my_3d_vision_bringup:/home/mk/dev_ws/install/mbot_demo:/home/mk/dev_ws/install/yolo_object_detector:/home/mk/dev_ws/install/move_to_coordinator:/home/mk/dev_ws/install/motion_sequence:/home/mk/dev_ws/install/whisper_demos:/home/mk/dev_ws/install/voice_command_listener:/home/mk/dev_ws/install/uf_ros_lib:/home/mk/dev_ws/install/rviz_servo_status_overlay:/home/mk/dev_ws/install/rviz_marker_static_scene_objects:/home/mk/dev_ws/install/robot_motion_handler_movegroup:/home/mk/dev_ws/install/gaze_control:/home/mk/dev_ws/install/collision_check:/home/mk/dev_ws/install/audio_listener:/opt/ros/humble LD_LIBRARY_PATH=/home/mk/dev_ws/install/whisper_cpp_vendor/lib:/usr/local/cuda-12.1/lib64:/home/mk/dev_ws/install/zed_components/lib:/home/mk/dev_ws/install/zed_interfaces/lib:/home/mk/dev_ws/install/xarm_planner/lib:/home/mk/dev_ws/install/xarm_moveit_servo/lib:/home/mk/dev_ws/install/xarm_gazebo/lib:/home/mk/dev_ws/install/xarm_controller/lib:/home/mk/dev_ws/install/xarm_api/lib:/home/mk/dev_ws/install/xarm_sdk/lib:/home/mk/dev_ws/install/rviz_robot_control_panel/lib:/home/mk/dev_ws/install/xarm_msgs/lib:/home/mk/dev_ws/install/whisper_server/lib:/home/mk/dev_ws/install/transcript_manager/lib:/home/mk/dev_ws/install/whisper_util/lib:/home/mk/dev_ws/install/whisper_idl/lib:/home/mk/dev_ws/install/realsense_gazebo_plugin/lib:/home/mk/dev_ws/install/my_3d_vision_bringup/lib:/usr/lib/x86_64-linux-gnu/gazebo-11/plugins:/opt/ros/humble/opt/rviz_ogre_vendor/lib:/opt/ros/humble/lib/x86_64-linux-gnu:/opt/ros/humble/lib /usr/bin/cmake --install /home/mk/dev_ws/build/whisper_util
[3.705s] DEBUG:colcon.colcon_core.event_handler.log_command:Invoked command in '/home/mk/dev_ws/src/collision_check' returned '0': PYTHONPATH=/home/mk/dev_ws/build/collision_check/prefix_override:/usr/lib/python3/dist-packages/colcon_core/task/python/colcon_distutils_commands:/home/mk/dev_ws/install/collision_check/lib/python3.10/site-packages:${PYTHONPATH} /usr/bin/python3 -W ignore:setup.py install is deprecated -W ignore:easy_install command is deprecated setup.py egg_info --egg-base ../../build/collision_check build --build-base /home/mk/dev_ws/build/collision_check/build install --record /home/mk/dev_ws/build/collision_check/install.log --single-version-externally-managed install_data --force
[3.705s] Level 1:colcon.colcon_core.environment:checking '/home/mk/dev_ws/install/collision_check' for CMake config files
[3.706s] Level 1:colcon.colcon_core.environment:checking '/home/mk/dev_ws/install/collision_check/lib'
[3.706s] Level 1:colcon.colcon_core.environment:checking '/home/mk/dev_ws/install/collision_check/bin'
[3.706s] Level 1:colcon.colcon_core.environment:checking '/home/mk/dev_ws/install/collision_check/lib/pkgconfig/collision_check.pc'
[3.706s] Level 1:colcon.colcon_core.environment:checking '/home/mk/dev_ws/install/collision_check/lib/python3.10/site-packages'
[3.706s] Level 1:colcon.colcon_core.shell:create_environment_hook('collision_check', 'pythonpath')
[3.706s] INFO:colcon.colcon_core.shell:Creating environment hook '/home/mk/dev_ws/install/collision_check/share/collision_check/hook/pythonpath.ps1'
[3.707s] INFO:colcon.colcon_core.shell:Creating environment descriptor '/home/mk/dev_ws/install/collision_check/share/collision_check/hook/pythonpath.dsv'
[3.707s] INFO:colcon.colcon_core.shell:Creating environment hook '/home/mk/dev_ws/install/collision_check/share/collision_check/hook/pythonpath.sh'
[3.708s] Level 1:colcon.colcon_core.environment:checking '/home/mk/dev_ws/install/collision_check/bin'
[3.708s] Level 1:colcon.colcon_core.environment:create_environment_scripts_only(collision_check)
[3.708s] INFO:colcon.colcon_core.shell:Creating package script '/home/mk/dev_ws/install/collision_check/share/collision_check/package.ps1'
[3.709s] INFO:colcon.colcon_core.shell:Creating package descriptor '/home/mk/dev_ws/install/collision_check/share/collision_check/package.dsv'
[3.709s] INFO:colcon.colcon_core.shell:Creating package script '/home/mk/dev_ws/install/collision_check/share/collision_check/package.sh'
[3.709s] INFO:colcon.colcon_core.shell:Creating package script '/home/mk/dev_ws/install/collision_check/share/collision_check/package.bash'
[3.709s] INFO:colcon.colcon_core.shell:Creating package script '/home/mk/dev_ws/install/collision_check/share/collision_check/package.zsh'
[3.710s] Level 1:colcon.colcon_core.environment:create_file_with_runtime_dependencies(/home/mk/dev_ws/install/collision_check/share/colcon-core/packages/collision_check)
[3.710s] Level 1:colcon.colcon_core.environment:checking '/home/mk/dev_ws/install/audio_listener' for CMake module files
[3.711s] DEBUG:colcon.colcon_core.event_handler.log_command:Invoked command in '/home/mk/dev_ws/src/ros2_whisper/audio_listener' returned '0': PYTHONPATH=/home/mk/dev_ws/build/audio_listener/prefix_override:/usr/lib/python3/dist-packages/colcon_core/task/python/colcon_distutils_commands:/home/mk/dev_ws/install/audio_listener/lib/python3.10/site-packages:${PYTHONPATH} /usr/bin/python3 -W ignore:setup.py install is deprecated -W ignore:easy_install command is deprecated setup.py egg_info --egg-base ../../../build/audio_listener build --build-base /home/mk/dev_ws/build/audio_listener/build install --record /home/mk/dev_ws/build/audio_listener/install.log --single-version-externally-managed install_data --force
[3.711s] Level 1:colcon.colcon_core.environment:checking '/home/mk/dev_ws/install/audio_listener' for CMake config files
[3.711s] Level 1:colcon.colcon_core.environment:checking '/home/mk/dev_ws/install/audio_listener/lib'
[3.711s] Level 1:colcon.colcon_core.environment:checking '/home/mk/dev_ws/install/audio_listener/bin'
[3.711s] Level 1:colcon.colcon_core.environment:checking '/home/mk/dev_ws/install/audio_listener/lib/pkgconfig/audio_listener.pc'
[3.711s] Level 1:colcon.colcon_core.environment:checking '/home/mk/dev_ws/install/audio_listener/lib/python3.10/site-packages'
[3.711s] Level 1:colcon.colcon_core.shell:create_environment_hook('audio_listener', 'pythonpath')
[3.712s] INFO:colcon.colcon_core.shell:Creating environment hook '/home/mk/dev_ws/install/audio_listener/share/audio_listener/hook/pythonpath.ps1'
[3.712s] INFO:colcon.colcon_core.shell:Creating environment descriptor '/home/mk/dev_ws/install/audio_listener/share/audio_listener/hook/pythonpath.dsv'
[3.712s] INFO:colcon.colcon_core.shell:Creating environment hook '/home/mk/dev_ws/install/audio_listener/share/audio_listener/hook/pythonpath.sh'
[3.712s] Level 1:colcon.colcon_core.environment:checking '/home/mk/dev_ws/install/audio_listener/bin'
[3.712s] Level 1:colcon.colcon_core.environment:create_environment_scripts_only(audio_listener)
[3.713s] INFO:colcon.colcon_core.shell:Creating package script '/home/mk/dev_ws/install/audio_listener/share/audio_listener/package.ps1'
[3.713s] INFO:colcon.colcon_core.shell:Creating package descriptor '/home/mk/dev_ws/install/audio_listener/share/audio_listener/package.dsv'
[3.713s] INFO:colcon.colcon_core.shell:Creating package script '/home/mk/dev_ws/install/audio_listener/share/audio_listener/package.sh'
[3.713s] INFO:colcon.colcon_core.shell:Creating package script '/home/mk/dev_ws/install/audio_listener/share/audio_listener/package.bash'
[3.714s] INFO:colcon.colcon_core.shell:Creating package script '/home/mk/dev_ws/install/audio_listener/share/audio_listener/package.zsh'
[3.714s] Level 1:colcon.colcon_core.environment:create_file_with_runtime_dependencies(/home/mk/dev_ws/install/audio_listener/share/colcon-core/packages/audio_listener)
[3.714s] Level 1:colcon.colcon_core.environment:create_environment_scripts_only(my_3d_vision_bringup)
[3.714s] Level 1:colcon.colcon_core.environment:checking '/home/mk/dev_ws/install/my_3d_vision_bringup' for CMake module files
[3.715s] DEBUG:colcon.colcon_core.event_handler.log_command:Invoked command in '/home/mk/dev_ws/build/my_3d_vision_bringup' returned '0': CMAKE_PREFIX_PATH=${CMAKE_PREFIX_PATH}:/home/mk/dev_ws/install/yolo_object_detector:/home/mk/dev_ws/install/move_to_coordinator:/home/mk/dev_ws/install/motion_sequence:/home/mk/dev_ws/install/whisper_demos:/home/mk/dev_ws/install/voice_command_listener:/home/mk/dev_ws/install/uf_ros_lib:/home/mk/dev_ws/install/rviz_servo_status_overlay:/home/mk/dev_ws/install/rviz_marker_static_scene_objects:/home/mk/dev_ws/install/robot_motion_handler_movegroup:/home/mk/dev_ws/install/gaze_control:/home/mk/dev_ws/install/collision_check:/home/mk/dev_ws/install/audio_listener:/opt/ros/humble /usr/bin/cmake --install /home/mk/dev_ws/build/my_3d_vision_bringup
[3.715s] Level 1:colcon.colcon_core.environment:checking '/home/mk/dev_ws/install/my_3d_vision_bringup' for CMake config files
[3.716s] Level 1:colcon.colcon_core.shell:create_environment_hook('my_3d_vision_bringup', 'cmake_prefix_path')
[3.716s] INFO:colcon.colcon_core.shell:Creating environment hook '/home/mk/dev_ws/install/my_3d_vision_bringup/share/my_3d_vision_bringup/hook/cmake_prefix_path.ps1'
[3.716s] INFO:colcon.colcon_core.shell:Creating environment descriptor '/home/mk/dev_ws/install/my_3d_vision_bringup/share/my_3d_vision_bringup/hook/cmake_prefix_path.dsv'
[3.717s] INFO:colcon.colcon_core.shell:Creating environment hook '/home/mk/dev_ws/install/my_3d_vision_bringup/share/my_3d_vision_bringup/hook/cmake_prefix_path.sh'
[3.717s] Level 1:colcon.colcon_core.environment:checking '/home/mk/dev_ws/install/my_3d_vision_bringup/lib'
[3.717s] Level 1:colcon.colcon_core.shell:create_environment_hook('my_3d_vision_bringup', 'ld_library_path_lib')
[3.717s] INFO:colcon.colcon_core.shell:Creating environment hook '/home/mk/dev_ws/install/my_3d_vision_bringup/share/my_3d_vision_bringup/hook/ld_library_path_lib.ps1'
[3.718s] INFO:colcon.colcon_core.shell:Creating environment descriptor '/home/mk/dev_ws/install/my_3d_vision_bringup/share/my_3d_vision_bringup/hook/ld_library_path_lib.dsv'
[3.718s] INFO:colcon.colcon_core.shell:Creating environment hook '/home/mk/dev_ws/install/my_3d_vision_bringup/share/my_3d_vision_bringup/hook/ld_library_path_lib.sh'
[3.718s] Level 1:colcon.colcon_core.environment:checking '/home/mk/dev_ws/install/my_3d_vision_bringup/bin'
[3.718s] Level 1:colcon.colcon_core.environment:checking '/home/mk/dev_ws/install/my_3d_vision_bringup/lib/pkgconfig/my_3d_vision_bringup.pc'
[3.719s] Level 1:colcon.colcon_core.environment:checking '/home/mk/dev_ws/install/my_3d_vision_bringup/lib/python3.10/site-packages'
[3.719s] Level 1:colcon.colcon_core.environment:checking '/home/mk/dev_ws/install/my_3d_vision_bringup/bin'
[3.719s] INFO:colcon.colcon_core.shell:Creating package script '/home/mk/dev_ws/install/my_3d_vision_bringup/share/my_3d_vision_bringup/package.ps1'
[3.720s] INFO:colcon.colcon_core.shell:Creating package descriptor '/home/mk/dev_ws/install/my_3d_vision_bringup/share/my_3d_vision_bringup/package.dsv'
[3.720s] INFO:colcon.colcon_core.shell:Creating package script '/home/mk/dev_ws/install/my_3d_vision_bringup/share/my_3d_vision_bringup/package.sh'
[3.720s] INFO:colcon.colcon_core.shell:Creating package script '/home/mk/dev_ws/install/my_3d_vision_bringup/share/my_3d_vision_bringup/package.bash'
[3.721s] INFO:colcon.colcon_core.shell:Creating package script '/home/mk/dev_ws/install/my_3d_vision_bringup/share/my_3d_vision_bringup/package.zsh'
[3.721s] Level 1:colcon.colcon_core.environment:create_file_with_runtime_dependencies(/home/mk/dev_ws/install/my_3d_vision_bringup/share/colcon-core/packages/my_3d_vision_bringup)
[3.722s] Level 1:colcon.colcon_core.environment:create_environment_scripts_only(my_3d_vision_bringup)
[3.722s] Level 1:colcon.colcon_core.environment:checking '/home/mk/dev_ws/install/my_3d_vision_bringup' for CMake module files
[3.722s] Level 1:colcon.colcon_core.environment:checking '/home/mk/dev_ws/install/my_3d_vision_bringup' for CMake config files
[3.723s] Level 1:colcon.colcon_core.shell:create_environment_hook('my_3d_vision_bringup', 'cmake_prefix_path')
[3.723s] INFO:colcon.colcon_core.shell:Creating environment hook '/home/mk/dev_ws/install/my_3d_vision_bringup/share/my_3d_vision_bringup/hook/cmake_prefix_path.ps1'
[3.723s] INFO:colcon.colcon_core.shell:Creating environment descriptor '/home/mk/dev_ws/install/my_3d_vision_bringup/share/my_3d_vision_bringup/hook/cmake_prefix_path.dsv'
[3.724s] INFO:colcon.colcon_core.shell:Creating environment hook '/home/mk/dev_ws/install/my_3d_vision_bringup/share/my_3d_vision_bringup/hook/cmake_prefix_path.sh'
[3.724s] Level 1:colcon.colcon_core.environment:checking '/home/mk/dev_ws/install/my_3d_vision_bringup/lib'
[3.724s] Level 1:colcon.colcon_core.shell:create_environment_hook('my_3d_vision_bringup', 'ld_library_path_lib')
[3.724s] INFO:colcon.colcon_core.shell:Creating environment hook '/home/mk/dev_ws/install/my_3d_vision_bringup/share/my_3d_vision_bringup/hook/ld_library_path_lib.ps1'
[3.725s] INFO:colcon.colcon_core.shell:Creating environment descriptor '/home/mk/dev_ws/install/my_3d_vision_bringup/share/my_3d_vision_bringup/hook/ld_library_path_lib.dsv'
[3.725s] INFO:colcon.colcon_core.shell:Creating environment hook '/home/mk/dev_ws/install/my_3d_vision_bringup/share/my_3d_vision_bringup/hook/ld_library_path_lib.sh'
[3.725s] Level 1:colcon.colcon_core.environment:checking '/home/mk/dev_ws/install/my_3d_vision_bringup/bin'
[3.725s] Level 1:colcon.colcon_core.environment:checking '/home/mk/dev_ws/install/my_3d_vision_bringup/lib/pkgconfig/my_3d_vision_bringup.pc'
[3.726s] Level 1:colcon.colcon_core.environment:checking '/home/mk/dev_ws/install/my_3d_vision_bringup/lib/python3.10/site-packages'
[3.726s] Level 1:colcon.colcon_core.environment:checking '/home/mk/dev_ws/install/my_3d_vision_bringup/bin'
[3.726s] INFO:colcon.colcon_core.shell:Creating package script '/home/mk/dev_ws/install/my_3d_vision_bringup/share/my_3d_vision_bringup/package.ps1'
[3.727s] INFO:colcon.colcon_core.shell:Creating package descriptor '/home/mk/dev_ws/install/my_3d_vision_bringup/share/my_3d_vision_bringup/package.dsv'
[3.727s] INFO:colcon.colcon_core.shell:Creating package script '/home/mk/dev_ws/install/my_3d_vision_bringup/share/my_3d_vision_bringup/package.sh'
[3.727s] INFO:colcon.colcon_core.shell:Creating package script '/home/mk/dev_ws/install/my_3d_vision_bringup/share/my_3d_vision_bringup/package.bash'
[3.728s] INFO:colcon.colcon_core.shell:Creating package script '/home/mk/dev_ws/install/my_3d_vision_bringup/share/my_3d_vision_bringup/package.zsh'
[3.728s] Level 1:colcon.colcon_core.environment:create_file_with_runtime_dependencies(/home/mk/dev_ws/install/my_3d_vision_bringup/share/colcon-core/packages/my_3d_vision_bringup)
[3.728s] Level 1:colcon.colcon_core.environment:checking '/home/mk/dev_ws/install/uf_ros_lib' for CMake module files
[3.729s] Level 1:colcon.colcon_core.environment:checking '/home/mk/dev_ws/install/uf_ros_lib' for CMake config files
[3.729s] DEBUG:colcon.colcon_core.event_handler.log_command:Invoked command in '/home/mk/dev_ws/src/xarm_ros2/uf_ros_lib' returned '0': PYTHONPATH=/home/mk/dev_ws/build/uf_ros_lib/prefix_override:/usr/lib/python3/dist-packages/colcon_core/task/python/colcon_distutils_commands:/home/mk/dev_ws/install/uf_ros_lib/lib/python3.10/site-packages:${PYTHONPATH} /usr/bin/python3 -W ignore:setup.py install is deprecated -W ignore:easy_install command is deprecated setup.py egg_info --egg-base ../../../build/uf_ros_lib build --build-base /home/mk/dev_ws/build/uf_ros_lib/build install --record /home/mk/dev_ws/build/uf_ros_lib/install.log --single-version-externally-managed install_data --force
[3.730s] Level 1:colcon.colcon_core.environment:checking '/home/mk/dev_ws/install/uf_ros_lib/lib'
[3.730s] Level 1:colcon.colcon_core.environment:checking '/home/mk/dev_ws/install/uf_ros_lib/bin'
[3.730s] Level 1:colcon.colcon_core.environment:checking '/home/mk/dev_ws/install/uf_ros_lib/lib/pkgconfig/uf_ros_lib.pc'
[3.730s] Level 1:colcon.colcon_core.environment:checking '/home/mk/dev_ws/install/uf_ros_lib/lib/python3.10/site-packages'
[3.730s] Level 1:colcon.colcon_core.shell:create_environment_hook('uf_ros_lib', 'pythonpath')
[3.730s] INFO:colcon.colcon_core.shell:Creating environment hook '/home/mk/dev_ws/install/uf_ros_lib/share/uf_ros_lib/hook/pythonpath.ps1'
[3.731s] INFO:colcon.colcon_core.shell:Creating environment descriptor '/home/mk/dev_ws/install/uf_ros_lib/share/uf_ros_lib/hook/pythonpath.dsv'
[3.731s] INFO:colcon.colcon_core.shell:Creating environment hook '/home/mk/dev_ws/install/uf_ros_lib/share/uf_ros_lib/hook/pythonpath.sh'
[3.732s] Level 1:colcon.colcon_core.environment:checking '/home/mk/dev_ws/install/uf_ros_lib/bin'
[3.732s] Level 1:colcon.colcon_core.environment:create_environment_scripts_only(uf_ros_lib)
[3.732s] INFO:colcon.colcon_core.shell:Creating package script '/home/mk/dev_ws/install/uf_ros_lib/share/uf_ros_lib/package.ps1'
[3.732s] INFO:colcon.colcon_core.shell:Creating package descriptor '/home/mk/dev_ws/install/uf_ros_lib/share/uf_ros_lib/package.dsv'
[3.733s] INFO:colcon.colcon_core.shell:Creating package script '/home/mk/dev_ws/install/uf_ros_lib/share/uf_ros_lib/package.sh'
[3.733s] INFO:colcon.colcon_core.shell:Creating package script '/home/mk/dev_ws/install/uf_ros_lib/share/uf_ros_lib/package.bash'
[3.733s] INFO:colcon.colcon_core.shell:Creating package script '/home/mk/dev_ws/install/uf_ros_lib/share/uf_ros_lib/package.zsh'
[3.733s] Level 1:colcon.colcon_core.environment:create_file_with_runtime_dependencies(/home/mk/dev_ws/install/uf_ros_lib/share/colcon-core/packages/uf_ros_lib)
[3.734s] Level 1:colcon.colcon_core.environment:checking '/home/mk/dev_ws/install/rviz_servo_status_overlay' for CMake module files
[3.734s] Level 1:colcon.colcon_core.environment:checking '/home/mk/dev_ws/install/rviz_servo_status_overlay' for CMake config files
[3.735s] DEBUG:colcon.colcon_core.event_handler.log_command:Invoked command in '/home/mk/dev_ws/src/rviz_servo_status_overlay' returned '0': PYTHONPATH=/home/mk/dev_ws/build/rviz_servo_status_overlay/prefix_override:/usr/lib/python3/dist-packages/colcon_core/task/python/colcon_distutils_commands:/home/mk/dev_ws/install/rviz_servo_status_overlay/lib/python3.10/site-packages:${PYTHONPATH} /usr/bin/python3 -W ignore:setup.py install is deprecated -W ignore:easy_install command is deprecated setup.py egg_info --egg-base ../../build/rviz_servo_status_overlay build --build-base /home/mk/dev_ws/build/rviz_servo_status_overlay/build install --record /home/mk/dev_ws/build/rviz_servo_status_overlay/install.log --single-version-externally-managed install_data --force
[3.735s] Level 1:colcon.colcon_core.environment:checking '/home/mk/dev_ws/install/rviz_servo_status_overlay/lib'
[3.735s] Level 1:colcon.colcon_core.environment:checking '/home/mk/dev_ws/install/rviz_servo_status_overlay/bin'
[3.735s] Level 1:colcon.colcon_core.environment:checking '/home/mk/dev_ws/install/rviz_servo_status_overlay/lib/pkgconfig/rviz_servo_status_overlay.pc'
[3.735s] Level 1:colcon.colcon_core.environment:checking '/home/mk/dev_ws/install/rviz_servo_status_overlay/lib/python3.10/site-packages'
[3.735s] Level 1:colcon.colcon_core.shell:create_environment_hook('rviz_servo_status_overlay', 'pythonpath')
[3.736s] INFO:colcon.colcon_core.shell:Creating environment hook '/home/mk/dev_ws/install/rviz_servo_status_overlay/share/rviz_servo_status_overlay/hook/pythonpath.ps1'
[3.736s] INFO:colcon.colcon_core.shell:Creating environment descriptor '/home/mk/dev_ws/install/rviz_servo_status_overlay/share/rviz_servo_status_overlay/hook/pythonpath.dsv'
[3.736s] INFO:colcon.colcon_core.shell:Creating environment hook '/home/mk/dev_ws/install/rviz_servo_status_overlay/share/rviz_servo_status_overlay/hook/pythonpath.sh'
[3.737s] Level 1:colcon.colcon_core.environment:checking '/home/mk/dev_ws/install/rviz_servo_status_overlay/bin'
[3.737s] Level 1:colcon.colcon_core.environment:create_environment_scripts_only(rviz_servo_status_overlay)
[3.737s] INFO:colcon.colcon_core.shell:Creating package script '/home/mk/dev_ws/install/rviz_servo_status_overlay/share/rviz_servo_status_overlay/package.ps1'
[3.738s] INFO:colcon.colcon_core.shell:Creating package descriptor '/home/mk/dev_ws/install/rviz_servo_status_overlay/share/rviz_servo_status_overlay/package.dsv'
[3.738s] INFO:colcon.colcon_core.shell:Creating package script '/home/mk/dev_ws/install/rviz_servo_status_overlay/share/rviz_servo_status_overlay/package.sh'
[3.738s] INFO:colcon.colcon_core.shell:Creating package script '/home/mk/dev_ws/install/rviz_servo_status_overlay/share/rviz_servo_status_overlay/package.bash'
[3.738s] INFO:colcon.colcon_core.shell:Creating package script '/home/mk/dev_ws/install/rviz_servo_status_overlay/share/rviz_servo_status_overlay/package.zsh'
[3.739s] Level 1:colcon.colcon_core.environment:create_file_with_runtime_dependencies(/home/mk/dev_ws/install/rviz_servo_status_overlay/share/colcon-core/packages/rviz_servo_status_overlay)
[3.739s] Level 1:colcon.colcon_core.environment:checking '/home/mk/dev_ws/install/gaze_control' for CMake module files
[3.739s] Level 1:colcon.colcon_core.environment:checking '/home/mk/dev_ws/install/gaze_control' for CMake config files
[3.740s] DEBUG:colcon.colcon_core.event_handler.log_command:Invoked command in '/home/mk/dev_ws/src/gaze_control' returned '0': PYTHONPATH=/home/mk/dev_ws/build/gaze_control/prefix_override:/usr/lib/python3/dist-packages/colcon_core/task/python/colcon_distutils_commands:/home/mk/dev_ws/install/gaze_control/lib/python3.10/site-packages:${PYTHONPATH} /usr/bin/python3 -W ignore:setup.py install is deprecated -W ignore:easy_install command is deprecated setup.py egg_info --egg-base ../../build/gaze_control build --build-base /home/mk/dev_ws/build/gaze_control/build install --record /home/mk/dev_ws/build/gaze_control/install.log --single-version-externally-managed install_data --force
[3.740s] Level 1:colcon.colcon_core.environment:checking '/home/mk/dev_ws/install/gaze_control/lib'
[3.740s] Level 1:colcon.colcon_core.environment:checking '/home/mk/dev_ws/install/gaze_control/bin'
[3.740s] Level 1:colcon.colcon_core.environment:checking '/home/mk/dev_ws/install/gaze_control/lib/pkgconfig/gaze_control.pc'
[3.741s] Level 1:colcon.colcon_core.environment:checking '/home/mk/dev_ws/install/gaze_control/lib/python3.10/site-packages'
[3.741s] Level 1:colcon.colcon_core.shell:create_environment_hook('gaze_control', 'pythonpath')
[3.741s] INFO:colcon.colcon_core.shell:Creating environment hook '/home/mk/dev_ws/install/gaze_control/share/gaze_control/hook/pythonpath.ps1'
[3.741s] INFO:colcon.colcon_core.shell:Creating environment descriptor '/home/mk/dev_ws/install/gaze_control/share/gaze_control/hook/pythonpath.dsv'
[3.741s] INFO:colcon.colcon_core.shell:Creating environment hook '/home/mk/dev_ws/install/gaze_control/share/gaze_control/hook/pythonpath.sh'
[3.742s] Level 1:colcon.colcon_core.environment:checking '/home/mk/dev_ws/install/gaze_control/bin'
[3.742s] Level 1:colcon.colcon_core.environment:create_environment_scripts_only(gaze_control)
[3.742s] INFO:colcon.colcon_core.shell:Creating package script '/home/mk/dev_ws/install/gaze_control/share/gaze_control/package.ps1'
[3.742s] INFO:colcon.colcon_core.shell:Creating package descriptor '/home/mk/dev_ws/install/gaze_control/share/gaze_control/package.dsv'
[3.743s] INFO:colcon.colcon_core.shell:Creating package script '/home/mk/dev_ws/install/gaze_control/share/gaze_control/package.sh'
[3.743s] INFO:colcon.colcon_core.shell:Creating package script '/home/mk/dev_ws/install/gaze_control/share/gaze_control/package.bash'
[3.743s] INFO:colcon.colcon_core.shell:Creating package script '/home/mk/dev_ws/install/gaze_control/share/gaze_control/package.zsh'
[3.743s] Level 1:colcon.colcon_core.environment:create_file_with_runtime_dependencies(/home/mk/dev_ws/install/gaze_control/share/colcon-core/packages/gaze_control)
[3.744s] Level 1:colcon.colcon_core.environment:checking '/home/mk/dev_ws/install/robot_motion_handler_movegroup' for CMake module files
[3.744s] Level 1:colcon.colcon_core.environment:checking '/home/mk/dev_ws/install/robot_motion_handler_movegroup' for CMake config files
[3.744s] DEBUG:colcon.colcon_core.event_handler.log_command:Invoked command in '/home/mk/dev_ws/src/robot_motion_handler_movegroup' returned '0': PYTHONPATH=/home/mk/dev_ws/build/robot_motion_handler_movegroup/prefix_override:/usr/lib/python3/dist-packages/colcon_core/task/python/colcon_distutils_commands:/home/mk/dev_ws/install/robot_motion_handler_movegroup/lib/python3.10/site-packages:${PYTHONPATH} /usr/bin/python3 -W ignore:setup.py install is deprecated -W ignore:easy_install command is deprecated setup.py egg_info --egg-base ../../build/robot_motion_handler_movegroup build --build-base /home/mk/dev_ws/build/robot_motion_handler_movegroup/build install --record /home/mk/dev_ws/build/robot_motion_handler_movegroup/install.log --single-version-externally-managed install_data --force
[3.745s] Level 1:colcon.colcon_core.environment:checking '/home/mk/dev_ws/install/robot_motion_handler_movegroup/lib'
[3.745s] Level 1:colcon.colcon_core.environment:checking '/home/mk/dev_ws/install/robot_motion_handler_movegroup/bin'
[3.745s] Level 1:colcon.colcon_core.environment:checking '/home/mk/dev_ws/install/robot_motion_handler_movegroup/lib/pkgconfig/robot_motion_handler_movegroup.pc'
[3.745s] Level 1:colcon.colcon_core.environment:checking '/home/mk/dev_ws/install/robot_motion_handler_movegroup/lib/python3.10/site-packages'
[3.745s] Level 1:colcon.colcon_core.shell:create_environment_hook('robot_motion_handler_movegroup', 'pythonpath')
[3.745s] INFO:colcon.colcon_core.shell:Creating environment hook '/home/mk/dev_ws/install/robot_motion_handler_movegroup/share/robot_motion_handler_movegroup/hook/pythonpath.ps1'
[3.745s] INFO:colcon.colcon_core.shell:Creating environment descriptor '/home/mk/dev_ws/install/robot_motion_handler_movegroup/share/robot_motion_handler_movegroup/hook/pythonpath.dsv'
[3.745s] INFO:colcon.colcon_core.shell:Creating environment hook '/home/mk/dev_ws/install/robot_motion_handler_movegroup/share/robot_motion_handler_movegroup/hook/pythonpath.sh'
[3.746s] Level 1:colcon.colcon_core.environment:checking '/home/mk/dev_ws/install/robot_motion_handler_movegroup/bin'
[3.746s] Level 1:colcon.colcon_core.environment:create_environment_scripts_only(robot_motion_handler_movegroup)
[3.746s] INFO:colcon.colcon_core.shell:Creating package script '/home/mk/dev_ws/install/robot_motion_handler_movegroup/share/robot_motion_handler_movegroup/package.ps1'
[3.746s] INFO:colcon.colcon_core.shell:Creating package descriptor '/home/mk/dev_ws/install/robot_motion_handler_movegroup/share/robot_motion_handler_movegroup/package.dsv'
[3.747s] INFO:colcon.colcon_core.shell:Creating package script '/home/mk/dev_ws/install/robot_motion_handler_movegroup/share/robot_motion_handler_movegroup/package.sh'
[3.747s] INFO:colcon.colcon_core.shell:Creating package script '/home/mk/dev_ws/install/robot_motion_handler_movegroup/share/robot_motion_handler_movegroup/package.bash'
[3.747s] INFO:colcon.colcon_core.shell:Creating package script '/home/mk/dev_ws/install/robot_motion_handler_movegroup/share/robot_motion_handler_movegroup/package.zsh'
[3.747s] Level 1:colcon.colcon_core.environment:create_file_with_runtime_dependencies(/home/mk/dev_ws/install/robot_motion_handler_movegroup/share/colcon-core/packages/robot_motion_handler_movegroup)
[3.752s] DEBUG:colcon.colcon_core.event_handler.log_command:Invoked command in '/home/mk/dev_ws/build/yolo_object_detector' returned '0': PYTHONPATH=/home/mk/dev_ws/build/yolo_object_detector/prefix_override:/usr/lib/python3/dist-packages/colcon_core/task/python/colcon_distutils_commands:/home/mk/dev_ws/install/yolo_object_detector/lib/python3.10/site-packages:${PYTHONPATH} /usr/bin/python3 -W ignore:setup.py install is deprecated -W ignore:easy_install command is deprecated setup.py develop --uninstall --editable --build-directory /home/mk/dev_ws/build/yolo_object_detector/build
[3.753s] DEBUG:colcon.colcon_core.event_handler.log_command:Invoking command in '/home/mk/dev_ws/src/yolo_object_detector': PYTHONPATH=/home/mk/dev_ws/build/yolo_object_detector/prefix_override:/usr/lib/python3/dist-packages/colcon_core/task/python/colcon_distutils_commands:/home/mk/dev_ws/install/yolo_object_detector/lib/python3.10/site-packages:${PYTHONPATH} /usr/bin/python3 -W ignore:setup.py install is deprecated -W ignore:easy_install command is deprecated setup.py egg_info --egg-base ../../build/yolo_object_detector build --build-base /home/mk/dev_ws/build/yolo_object_detector/build install --record /home/mk/dev_ws/build/yolo_object_detector/install.log --single-version-externally-managed install_data --force
[3.755s] DEBUG:colcon.colcon_core.event_handler.log_command:Invoking command in '/home/mk/dev_ws/build/voice_command_listener': CMAKE_PREFIX_PATH=/home/mk/dev_ws/install/whisper_idl:/home/mk/dev_ws/install/zed_ros2:/home/mk/dev_ws/install/zed_wrapper:/home/mk/dev_ws/install/zed_components:/home/mk/dev_ws/install/zed_interfaces:/home/mk/dev_ws/install/xarm_planner:/home/mk/dev_ws/install/xarm_moveit_servo:/home/mk/dev_ws/install/xarm_moveit_config:/home/mk/dev_ws/install/xarm_gazebo:/home/mk/dev_ws/install/xarm_controller:/home/mk/dev_ws/install/xarm_api:/home/mk/dev_ws/install/xarm_sdk:/home/mk/dev_ws/install/rviz_robot_control_panel:/home/mk/dev_ws/install/xarm_msgs:/home/mk/dev_ws/install/xarm_description:/home/mk/dev_ws/install/whisper_bringup:/home/mk/dev_ws/install/whisper_server:/home/mk/dev_ws/install/transcript_manager:/home/mk/dev_ws/install/whisper_util:/home/mk/dev_ws/install/whisper_cpp_vendor:/home/mk/dev_ws/install/realsense_gazebo_plugin:/home/mk/dev_ws/install/my_3d_vision_bringup:/home/mk/dev_ws/install/mbot_demo LD_LIBRARY_PATH=/home/mk/dev_ws/install/whisper_idl/lib:/usr/local/cuda-12.1/lib64:/home/mk/dev_ws/install/zed_components/lib:/home/mk/dev_ws/install/zed_interfaces/lib:/home/mk/dev_ws/install/xarm_planner/lib:/home/mk/dev_ws/install/xarm_moveit_servo/lib:/home/mk/dev_ws/install/xarm_gazebo/lib:/home/mk/dev_ws/install/xarm_controller/lib:/home/mk/dev_ws/install/xarm_api/lib:/home/mk/dev_ws/install/xarm_sdk/lib:/home/mk/dev_ws/install/rviz_robot_control_panel/lib:/home/mk/dev_ws/install/xarm_msgs/lib:/home/mk/dev_ws/install/whisper_server/lib:/home/mk/dev_ws/install/transcript_manager/lib:/home/mk/dev_ws/install/whisper_util/lib:/home/mk/dev_ws/install/whisper_cpp_vendor/lib:/home/mk/dev_ws/install/realsense_gazebo_plugin/lib:/home/mk/dev_ws/install/my_3d_vision_bringup/lib:/usr/lib/x86_64-linux-gnu/gazebo-11/plugins:/opt/ros/humble/opt/rviz_ogre_vendor/lib:/opt/ros/humble/lib/x86_64-linux-gnu:/opt/ros/humble/lib PYTHONPATH=/home/mk/dev_ws/build/voice_command_listener/prefix_override:/usr/lib/python3/dist-packages/colcon_core/task/python/colcon_distutils_commands:/home/mk/dev_ws/install/voice_command_listener/lib/python3.10/site-packages:${PYTHONPATH} /usr/bin/python3 -W ignore:setup.py install is deprecated -W ignore:easy_install command is deprecated setup.py develop --uninstall --editable --build-directory /home/mk/dev_ws/build/voice_command_listener/build
[3.758s] Level 1:colcon.colcon_core.environment:create_environment_scripts_only(whisper_util)
[3.758s] Level 1:colcon.colcon_core.environment:checking '/home/mk/dev_ws/install/whisper_util' for CMake module files
[3.758s] Level 1:colcon.colcon_core.environment:checking '/home/mk/dev_ws/install/whisper_util' for CMake config files
[3.759s] Level 1:colcon.colcon_core.shell:create_environment_hook('whisper_util', 'cmake_prefix_path')
[3.759s] INFO:colcon.colcon_core.shell:Creating environment hook '/home/mk/dev_ws/install/whisper_util/share/whisper_util/hook/cmake_prefix_path.ps1'
[3.759s] INFO:colcon.colcon_core.shell:Creating environment descriptor '/home/mk/dev_ws/install/whisper_util/share/whisper_util/hook/cmake_prefix_path.dsv'
[3.759s] INFO:colcon.colcon_core.shell:Creating environment hook '/home/mk/dev_ws/install/whisper_util/share/whisper_util/hook/cmake_prefix_path.sh'
[3.760s] Level 1:colcon.colcon_core.environment:checking '/home/mk/dev_ws/install/whisper_util/lib'
[3.760s] Level 1:colcon.colcon_core.shell:create_environment_hook('whisper_util', 'ld_library_path_lib')
[3.760s] INFO:colcon.colcon_core.shell:Creating environment hook '/home/mk/dev_ws/install/whisper_util/share/whisper_util/hook/ld_library_path_lib.ps1'
[3.760s] INFO:colcon.colcon_core.shell:Creating environment descriptor '/home/mk/dev_ws/install/whisper_util/share/whisper_util/hook/ld_library_path_lib.dsv'
[3.760s] INFO:colcon.colcon_core.shell:Creating environment hook '/home/mk/dev_ws/install/whisper_util/share/whisper_util/hook/ld_library_path_lib.sh'
[3.761s] DEBUG:colcon.colcon_core.event_handler.log_command:Invoked command in '/home/mk/dev_ws/build/whisper_util' returned '0': CMAKE_PREFIX_PATH=/home/mk/dev_ws/install/whisper_cpp_vendor:/home/mk/dev_ws/install/zed_ros2:/home/mk/dev_ws/install/zed_wrapper:/home/mk/dev_ws/install/zed_components:/home/mk/dev_ws/install/zed_interfaces:/home/mk/dev_ws/install/xarm_planner:/home/mk/dev_ws/install/xarm_moveit_servo:/home/mk/dev_ws/install/xarm_moveit_config:/home/mk/dev_ws/install/xarm_gazebo:/home/mk/dev_ws/install/xarm_controller:/home/mk/dev_ws/install/xarm_api:/home/mk/dev_ws/install/xarm_sdk:/home/mk/dev_ws/install/rviz_robot_control_panel:/home/mk/dev_ws/install/xarm_msgs:/home/mk/dev_ws/install/xarm_description:/home/mk/dev_ws/install/whisper_bringup:/home/mk/dev_ws/install/whisper_server:/home/mk/dev_ws/install/transcript_manager:/home/mk/dev_ws/install/whisper_util:/home/mk/dev_ws/install/whisper_idl:/home/mk/dev_ws/install/realsense_gazebo_plugin:/home/mk/dev_ws/install/my_3d_vision_bringup:/home/mk/dev_ws/install/mbot_demo:/home/mk/dev_ws/install/yolo_object_detector:/home/mk/dev_ws/install/move_to_coordinator:/home/mk/dev_ws/install/motion_sequence:/home/mk/dev_ws/install/whisper_demos:/home/mk/dev_ws/install/voice_command_listener:/home/mk/dev_ws/install/uf_ros_lib:/home/mk/dev_ws/install/rviz_servo_status_overlay:/home/mk/dev_ws/install/rviz_marker_static_scene_objects:/home/mk/dev_ws/install/robot_motion_handler_movegroup:/home/mk/dev_ws/install/gaze_control:/home/mk/dev_ws/install/collision_check:/home/mk/dev_ws/install/audio_listener:/opt/ros/humble LD_LIBRARY_PATH=/home/mk/dev_ws/install/whisper_cpp_vendor/lib:/usr/local/cuda-12.1/lib64:/home/mk/dev_ws/install/zed_components/lib:/home/mk/dev_ws/install/zed_interfaces/lib:/home/mk/dev_ws/install/xarm_planner/lib:/home/mk/dev_ws/install/xarm_moveit_servo/lib:/home/mk/dev_ws/install/xarm_gazebo/lib:/home/mk/dev_ws/install/xarm_controller/lib:/home/mk/dev_ws/install/xarm_api/lib:/home/mk/dev_ws/install/xarm_sdk/lib:/home/mk/dev_ws/install/rviz_robot_control_panel/lib:/home/mk/dev_ws/install/xarm_msgs/lib:/home/mk/dev_ws/install/whisper_server/lib:/home/mk/dev_ws/install/transcript_manager/lib:/home/mk/dev_ws/install/whisper_util/lib:/home/mk/dev_ws/install/whisper_idl/lib:/home/mk/dev_ws/install/realsense_gazebo_plugin/lib:/home/mk/dev_ws/install/my_3d_vision_bringup/lib:/usr/lib/x86_64-linux-gnu/gazebo-11/plugins:/opt/ros/humble/opt/rviz_ogre_vendor/lib:/opt/ros/humble/lib/x86_64-linux-gnu:/opt/ros/humble/lib /usr/bin/cmake --install /home/mk/dev_ws/build/whisper_util
[3.761s] Level 1:colcon.colcon_core.environment:checking '/home/mk/dev_ws/install/whisper_util/bin'
[3.761s] Level 1:colcon.colcon_core.environment:checking '/home/mk/dev_ws/install/whisper_util/lib/pkgconfig/whisper_util.pc'
[3.761s] Level 1:colcon.colcon_core.environment:checking '/home/mk/dev_ws/install/whisper_util/lib/python3.10/site-packages'
[3.762s] Level 1:colcon.colcon_core.environment:checking '/home/mk/dev_ws/install/whisper_util/bin'
[3.762s] INFO:colcon.colcon_core.shell:Creating package script '/home/mk/dev_ws/install/whisper_util/share/whisper_util/package.ps1'
[3.763s] INFO:colcon.colcon_core.shell:Creating package descriptor '/home/mk/dev_ws/install/whisper_util/share/whisper_util/package.dsv'
[3.763s] INFO:colcon.colcon_core.shell:Creating package script '/home/mk/dev_ws/install/whisper_util/share/whisper_util/package.sh'
[3.764s] INFO:colcon.colcon_core.shell:Creating package script '/home/mk/dev_ws/install/whisper_util/share/whisper_util/package.bash'
[3.764s] INFO:colcon.colcon_core.shell:Creating package script '/home/mk/dev_ws/install/whisper_util/share/whisper_util/package.zsh'
[3.764s] Level 1:colcon.colcon_core.environment:create_file_with_runtime_dependencies(/home/mk/dev_ws/install/whisper_util/share/colcon-core/packages/whisper_util)
[3.765s] Level 1:colcon.colcon_core.environment:create_environment_scripts_only(whisper_util)
[3.765s] Level 1:colcon.colcon_core.environment:checking '/home/mk/dev_ws/install/whisper_util' for CMake module files
[3.765s] Level 1:colcon.colcon_core.environment:checking '/home/mk/dev_ws/install/whisper_util' for CMake config files
[3.765s] Level 1:colcon.colcon_core.shell:create_environment_hook('whisper_util', 'cmake_prefix_path')
[3.766s] INFO:colcon.colcon_core.shell:Creating environment hook '/home/mk/dev_ws/install/whisper_util/share/whisper_util/hook/cmake_prefix_path.ps1'
[3.766s] INFO:colcon.colcon_core.shell:Creating environment descriptor '/home/mk/dev_ws/install/whisper_util/share/whisper_util/hook/cmake_prefix_path.dsv'
[3.766s] INFO:colcon.colcon_core.shell:Creating environment hook '/home/mk/dev_ws/install/whisper_util/share/whisper_util/hook/cmake_prefix_path.sh'
[3.766s] Level 1:colcon.colcon_core.environment:checking '/home/mk/dev_ws/install/whisper_util/lib'
[3.766s] Level 1:colcon.colcon_core.shell:create_environment_hook('whisper_util', 'ld_library_path_lib')
[3.767s] INFO:colcon.colcon_core.shell:Creating environment hook '/home/mk/dev_ws/install/whisper_util/share/whisper_util/hook/ld_library_path_lib.ps1'
[3.767s] INFO:colcon.colcon_core.shell:Creating environment descriptor '/home/mk/dev_ws/install/whisper_util/share/whisper_util/hook/ld_library_path_lib.dsv'
[3.767s] INFO:colcon.colcon_core.shell:Creating environment hook '/home/mk/dev_ws/install/whisper_util/share/whisper_util/hook/ld_library_path_lib.sh'
[3.767s] Level 1:colcon.colcon_core.environment:checking '/home/mk/dev_ws/install/whisper_util/bin'
[3.767s] Level 1:colcon.colcon_core.environment:checking '/home/mk/dev_ws/install/whisper_util/lib/pkgconfig/whisper_util.pc'
[3.767s] Level 1:colcon.colcon_core.environment:checking '/home/mk/dev_ws/install/whisper_util/lib/python3.10/site-packages'
[3.768s] Level 1:colcon.colcon_core.environment:checking '/home/mk/dev_ws/install/whisper_util/bin'
[3.768s] INFO:colcon.colcon_core.shell:Creating package script '/home/mk/dev_ws/install/whisper_util/share/whisper_util/package.ps1'
[3.769s] INFO:colcon.colcon_core.shell:Creating package descriptor '/home/mk/dev_ws/install/whisper_util/share/whisper_util/package.dsv'
[3.769s] INFO:colcon.colcon_core.shell:Creating package script '/home/mk/dev_ws/install/whisper_util/share/whisper_util/package.sh'
[3.769s] INFO:colcon.colcon_core.shell:Creating package script '/home/mk/dev_ws/install/whisper_util/share/whisper_util/package.bash'
[3.770s] INFO:colcon.colcon_core.shell:Creating package script '/home/mk/dev_ws/install/whisper_util/share/whisper_util/package.zsh'
[3.770s] Level 1:colcon.colcon_core.environment:create_file_with_runtime_dependencies(/home/mk/dev_ws/install/whisper_util/share/colcon-core/packages/whisper_util)
[3.772s] INFO:colcon.colcon_ros.task.ament_cmake.build:Building ROS package in '/home/mk/dev_ws/src/ros2_whisper/whisper_server' with build type 'ament_cmake'
[3.772s] INFO:colcon.colcon_cmake.task.cmake.build:Building CMake package in '/home/mk/dev_ws/src/ros2_whisper/whisper_server'
[3.772s] DEBUG:colcon.colcon_core.event_handler.log_command:Invoked command in '/home/mk/dev_ws/build/xarm_api' returned '0': CMAKE_PREFIX_PATH=/home/mk/dev_ws/install/xarm_sdk:/home/mk/dev_ws/install/xarm_msgs:/home/mk/dev_ws/install/xarm_description:/home/mk/dev_ws/install/zed_ros2:/home/mk/dev_ws/install/zed_wrapper:/home/mk/dev_ws/install/zed_components:/home/mk/dev_ws/install/zed_interfaces:/home/mk/dev_ws/install/xarm_planner:/home/mk/dev_ws/install/xarm_moveit_servo:/home/mk/dev_ws/install/xarm_moveit_config:/home/mk/dev_ws/install/xarm_gazebo:/home/mk/dev_ws/install/xarm_controller:/home/mk/dev_ws/install/xarm_api:/home/mk/dev_ws/install/rviz_robot_control_panel:/home/mk/dev_ws/install/whisper_bringup:/home/mk/dev_ws/install/whisper_server:/home/mk/dev_ws/install/transcript_manager:/home/mk/dev_ws/install/whisper_util:/home/mk/dev_ws/install/whisper_idl:/home/mk/dev_ws/install/whisper_cpp_vendor:/home/mk/dev_ws/install/realsense_gazebo_plugin:/home/mk/dev_ws/install/my_3d_vision_bringup:/home/mk/dev_ws/install/mbot_demo:/home/mk/dev_ws/install/yolo_object_detector:/home/mk/dev_ws/install/move_to_coordinator:/home/mk/dev_ws/install/motion_sequence:/home/mk/dev_ws/install/whisper_demos:/home/mk/dev_ws/install/voice_command_listener:/home/mk/dev_ws/install/uf_ros_lib:/home/mk/dev_ws/install/rviz_servo_status_overlay:/home/mk/dev_ws/install/rviz_marker_static_scene_objects:/home/mk/dev_ws/install/robot_motion_handler_movegroup:/home/mk/dev_ws/install/gaze_control:/home/mk/dev_ws/install/collision_check:/home/mk/dev_ws/install/audio_listener:/opt/ros/humble LD_LIBRARY_PATH=/home/mk/dev_ws/install/xarm_sdk/lib:/home/mk/dev_ws/install/xarm_msgs/lib:/usr/local/cuda-12.1/lib64:/home/mk/dev_ws/install/zed_components/lib:/home/mk/dev_ws/install/zed_interfaces/lib:/home/mk/dev_ws/install/xarm_planner/lib:/home/mk/dev_ws/install/xarm_moveit_servo/lib:/home/mk/dev_ws/install/xarm_gazebo/lib:/home/mk/dev_ws/install/xarm_controller/lib:/home/mk/dev_ws/install/xarm_api/lib:/home/mk/dev_ws/install/rviz_robot_control_panel/lib:/home/mk/dev_ws/install/whisper_server/lib:/home/mk/dev_ws/install/transcript_manager/lib:/home/mk/dev_ws/install/whisper_util/lib:/home/mk/dev_ws/install/whisper_idl/lib:/home/mk/dev_ws/install/whisper_cpp_vendor/lib:/home/mk/dev_ws/install/realsense_gazebo_plugin/lib:/home/mk/dev_ws/install/my_3d_vision_bringup/lib:/usr/lib/x86_64-linux-gnu/gazebo-11/plugins:/opt/ros/humble/opt/rviz_ogre_vendor/lib:/opt/ros/humble/lib/x86_64-linux-gnu:/opt/ros/humble/lib /usr/bin/cmake /home/mk/dev_ws/src/xarm_ros2/xarm_api -DCMAKE_INSTALL_PREFIX=/home/mk/dev_ws/install/xarm_api
[3.773s] INFO:colcon.colcon_core.shell:Skip shell extension 'powershell' for command environment: Not usable outside of PowerShell
[3.773s] DEBUG:colcon.colcon_core.shell:Skip shell extension 'dsv' for command environment
[3.774s] DEBUG:colcon.colcon_core.event_handler.log_command:Invoking command in '/home/mk/dev_ws/build/xarm_api': CMAKE_PREFIX_PATH=/home/mk/dev_ws/install/xarm_sdk:/home/mk/dev_ws/install/xarm_msgs:/home/mk/dev_ws/install/xarm_description:/home/mk/dev_ws/install/zed_ros2:/home/mk/dev_ws/install/zed_wrapper:/home/mk/dev_ws/install/zed_components:/home/mk/dev_ws/install/zed_interfaces:/home/mk/dev_ws/install/xarm_planner:/home/mk/dev_ws/install/xarm_moveit_servo:/home/mk/dev_ws/install/xarm_moveit_config:/home/mk/dev_ws/install/xarm_gazebo:/home/mk/dev_ws/install/xarm_controller:/home/mk/dev_ws/install/xarm_api:/home/mk/dev_ws/install/rviz_robot_control_panel:/home/mk/dev_ws/install/whisper_bringup:/home/mk/dev_ws/install/whisper_server:/home/mk/dev_ws/install/transcript_manager:/home/mk/dev_ws/install/whisper_util:/home/mk/dev_ws/install/whisper_idl:/home/mk/dev_ws/install/whisper_cpp_vendor:/home/mk/dev_ws/install/realsense_gazebo_plugin:/home/mk/dev_ws/install/my_3d_vision_bringup:/home/mk/dev_ws/install/mbot_demo:/home/mk/dev_ws/install/yolo_object_detector:/home/mk/dev_ws/install/move_to_coordinator:/home/mk/dev_ws/install/motion_sequence:/home/mk/dev_ws/install/whisper_demos:/home/mk/dev_ws/install/voice_command_listener:/home/mk/dev_ws/install/uf_ros_lib:/home/mk/dev_ws/install/rviz_servo_status_overlay:/home/mk/dev_ws/install/rviz_marker_static_scene_objects:/home/mk/dev_ws/install/robot_motion_handler_movegroup:/home/mk/dev_ws/install/gaze_control:/home/mk/dev_ws/install/collision_check:/home/mk/dev_ws/install/audio_listener:/opt/ros/humble LD_LIBRARY_PATH=/home/mk/dev_ws/install/xarm_sdk/lib:/home/mk/dev_ws/install/xarm_msgs/lib:/usr/local/cuda-12.1/lib64:/home/mk/dev_ws/install/zed_components/lib:/home/mk/dev_ws/install/zed_interfaces/lib:/home/mk/dev_ws/install/xarm_planner/lib:/home/mk/dev_ws/install/xarm_moveit_servo/lib:/home/mk/dev_ws/install/xarm_gazebo/lib:/home/mk/dev_ws/install/xarm_controller/lib:/home/mk/dev_ws/install/xarm_api/lib:/home/mk/dev_ws/install/rviz_robot_control_panel/lib:/home/mk/dev_ws/install/whisper_server/lib:/home/mk/dev_ws/install/transcript_manager/lib:/home/mk/dev_ws/install/whisper_util/lib:/home/mk/dev_ws/install/whisper_idl/lib:/home/mk/dev_ws/install/whisper_cpp_vendor/lib:/home/mk/dev_ws/install/realsense_gazebo_plugin/lib:/home/mk/dev_ws/install/my_3d_vision_bringup/lib:/usr/lib/x86_64-linux-gnu/gazebo-11/plugins:/opt/ros/humble/opt/rviz_ogre_vendor/lib:/opt/ros/humble/lib/x86_64-linux-gnu:/opt/ros/humble/lib /usr/bin/cmake --build /home/mk/dev_ws/build/xarm_api -- -j16 -l16
[3.778s] INFO:colcon.colcon_ros.task.ament_cmake.build:Building ROS package in '/home/mk/dev_ws/src/ros2_whisper/transcript_manager' with build type 'ament_cmake'
[3.779s] INFO:colcon.colcon_cmake.task.cmake.build:Building CMake package in '/home/mk/dev_ws/src/ros2_whisper/transcript_manager'
[3.779s] INFO:colcon.colcon_core.shell:Skip shell extension 'powershell' for command environment: Not usable outside of PowerShell
[3.779s] DEBUG:colcon.colcon_core.shell:Skip shell extension 'dsv' for command environment
[3.803s] DEBUG:colcon.colcon_core.event_handler.log_command:Invoking command in '/home/mk/dev_ws/build/transcript_manager': CMAKE_PREFIX_PATH=/home/mk/dev_ws/install/whisper_util:/home/mk/dev_ws/install/whisper_idl:/home/mk/dev_ws/install/whisper_cpp_vendor:/home/mk/dev_ws/install/zed_ros2:/home/mk/dev_ws/install/zed_wrapper:/home/mk/dev_ws/install/zed_components:/home/mk/dev_ws/install/zed_interfaces:/home/mk/dev_ws/install/xarm_planner:/home/mk/dev_ws/install/xarm_moveit_servo:/home/mk/dev_ws/install/xarm_moveit_config:/home/mk/dev_ws/install/xarm_gazebo:/home/mk/dev_ws/install/xarm_controller:/home/mk/dev_ws/install/xarm_api:/home/mk/dev_ws/install/xarm_sdk:/home/mk/dev_ws/install/rviz_robot_control_panel:/home/mk/dev_ws/install/xarm_msgs:/home/mk/dev_ws/install/xarm_description:/home/mk/dev_ws/install/whisper_bringup:/home/mk/dev_ws/install/whisper_server:/home/mk/dev_ws/install/transcript_manager:/home/mk/dev_ws/install/realsense_gazebo_plugin:/home/mk/dev_ws/install/my_3d_vision_bringup:/home/mk/dev_ws/install/mbot_demo:/home/mk/dev_ws/install/yolo_object_detector:/home/mk/dev_ws/install/move_to_coordinator:/home/mk/dev_ws/install/motion_sequence:/home/mk/dev_ws/install/whisper_demos:/home/mk/dev_ws/install/voice_command_listener:/home/mk/dev_ws/install/uf_ros_lib:/home/mk/dev_ws/install/rviz_servo_status_overlay:/home/mk/dev_ws/install/rviz_marker_static_scene_objects:/home/mk/dev_ws/install/robot_motion_handler_movegroup:/home/mk/dev_ws/install/gaze_control:/home/mk/dev_ws/install/collision_check:/home/mk/dev_ws/install/audio_listener:/opt/ros/humble LD_LIBRARY_PATH=/home/mk/dev_ws/install/whisper_util/lib:/home/mk/dev_ws/install/whisper_idl/lib:/home/mk/dev_ws/install/whisper_cpp_vendor/lib:/usr/local/cuda-12.1/lib64:/home/mk/dev_ws/install/zed_components/lib:/home/mk/dev_ws/install/zed_interfaces/lib:/home/mk/dev_ws/install/xarm_planner/lib:/home/mk/dev_ws/install/xarm_moveit_servo/lib:/home/mk/dev_ws/install/xarm_gazebo/lib:/home/mk/dev_ws/install/xarm_controller/lib:/home/mk/dev_ws/install/xarm_api/lib:/home/mk/dev_ws/install/xarm_sdk/lib:/home/mk/dev_ws/install/rviz_robot_control_panel/lib:/home/mk/dev_ws/install/xarm_msgs/lib:/home/mk/dev_ws/install/whisper_server/lib:/home/mk/dev_ws/install/transcript_manager/lib:/home/mk/dev_ws/install/realsense_gazebo_plugin/lib:/home/mk/dev_ws/install/my_3d_vision_bringup/lib:/usr/lib/x86_64-linux-gnu/gazebo-11/plugins:/opt/ros/humble/opt/rviz_ogre_vendor/lib:/opt/ros/humble/lib/x86_64-linux-gnu:/opt/ros/humble/lib /usr/bin/cmake /home/mk/dev_ws/src/ros2_whisper/transcript_manager -DCMAKE_INSTALL_PREFIX=/home/mk/dev_ws/install/transcript_manager
[3.805s] DEBUG:colcon.colcon_core.event_handler.log_command:Invoking command in '/home/mk/dev_ws/build/whisper_server': CMAKE_PREFIX_PATH=/home/mk/dev_ws/install/whisper_util:/home/mk/dev_ws/install/whisper_idl:/home/mk/dev_ws/install/whisper_cpp_vendor:/home/mk/dev_ws/install/zed_ros2:/home/mk/dev_ws/install/zed_wrapper:/home/mk/dev_ws/install/zed_components:/home/mk/dev_ws/install/zed_interfaces:/home/mk/dev_ws/install/xarm_planner:/home/mk/dev_ws/install/xarm_moveit_servo:/home/mk/dev_ws/install/xarm_moveit_config:/home/mk/dev_ws/install/xarm_gazebo:/home/mk/dev_ws/install/xarm_controller:/home/mk/dev_ws/install/xarm_api:/home/mk/dev_ws/install/xarm_sdk:/home/mk/dev_ws/install/rviz_robot_control_panel:/home/mk/dev_ws/install/xarm_msgs:/home/mk/dev_ws/install/xarm_description:/home/mk/dev_ws/install/whisper_bringup:/home/mk/dev_ws/install/whisper_server:/home/mk/dev_ws/install/transcript_manager:/home/mk/dev_ws/install/realsense_gazebo_plugin:/home/mk/dev_ws/install/my_3d_vision_bringup:/home/mk/dev_ws/install/mbot_demo:/home/mk/dev_ws/install/yolo_object_detector:/home/mk/dev_ws/install/move_to_coordinator:/home/mk/dev_ws/install/motion_sequence:/home/mk/dev_ws/install/whisper_demos:/home/mk/dev_ws/install/voice_command_listener:/home/mk/dev_ws/install/uf_ros_lib:/home/mk/dev_ws/install/rviz_servo_status_overlay:/home/mk/dev_ws/install/rviz_marker_static_scene_objects:/home/mk/dev_ws/install/robot_motion_handler_movegroup:/home/mk/dev_ws/install/gaze_control:/home/mk/dev_ws/install/collision_check:/home/mk/dev_ws/install/audio_listener:/opt/ros/humble LD_LIBRARY_PATH=/home/mk/dev_ws/install/whisper_util/lib:/home/mk/dev_ws/install/whisper_idl/lib:/home/mk/dev_ws/install/whisper_cpp_vendor/lib:/usr/local/cuda-12.1/lib64:/home/mk/dev_ws/install/zed_components/lib:/home/mk/dev_ws/install/zed_interfaces/lib:/home/mk/dev_ws/install/xarm_planner/lib:/home/mk/dev_ws/install/xarm_moveit_servo/lib:/home/mk/dev_ws/install/xarm_gazebo/lib:/home/mk/dev_ws/install/xarm_controller/lib:/home/mk/dev_ws/install/xarm_api/lib:/home/mk/dev_ws/install/xarm_sdk/lib:/home/mk/dev_ws/install/rviz_robot_control_panel/lib:/home/mk/dev_ws/install/xarm_msgs/lib:/home/mk/dev_ws/install/whisper_server/lib:/home/mk/dev_ws/install/transcript_manager/lib:/home/mk/dev_ws/install/realsense_gazebo_plugin/lib:/home/mk/dev_ws/install/my_3d_vision_bringup/lib:/usr/lib/x86_64-linux-gnu/gazebo-11/plugins:/opt/ros/humble/opt/rviz_ogre_vendor/lib:/opt/ros/humble/lib/x86_64-linux-gnu:/opt/ros/humble/lib /usr/bin/cmake /home/mk/dev_ws/src/ros2_whisper/whisper_server -DCMAKE_INSTALL_PREFIX=/home/mk/dev_ws/install/whisper_server
[3.908s] DEBUG:colcon.colcon_core.event_handler.log_command:Invoked command in '/home/mk/dev_ws/build/xarm_api' returned '0': CMAKE_PREFIX_PATH=/home/mk/dev_ws/install/xarm_sdk:/home/mk/dev_ws/install/xarm_msgs:/home/mk/dev_ws/install/xarm_description:/home/mk/dev_ws/install/zed_ros2:/home/mk/dev_ws/install/zed_wrapper:/home/mk/dev_ws/install/zed_components:/home/mk/dev_ws/install/zed_interfaces:/home/mk/dev_ws/install/xarm_planner:/home/mk/dev_ws/install/xarm_moveit_servo:/home/mk/dev_ws/install/xarm_moveit_config:/home/mk/dev_ws/install/xarm_gazebo:/home/mk/dev_ws/install/xarm_controller:/home/mk/dev_ws/install/xarm_api:/home/mk/dev_ws/install/rviz_robot_control_panel:/home/mk/dev_ws/install/whisper_bringup:/home/mk/dev_ws/install/whisper_server:/home/mk/dev_ws/install/transcript_manager:/home/mk/dev_ws/install/whisper_util:/home/mk/dev_ws/install/whisper_idl:/home/mk/dev_ws/install/whisper_cpp_vendor:/home/mk/dev_ws/install/realsense_gazebo_plugin:/home/mk/dev_ws/install/my_3d_vision_bringup:/home/mk/dev_ws/install/mbot_demo:/home/mk/dev_ws/install/yolo_object_detector:/home/mk/dev_ws/install/move_to_coordinator:/home/mk/dev_ws/install/motion_sequence:/home/mk/dev_ws/install/whisper_demos:/home/mk/dev_ws/install/voice_command_listener:/home/mk/dev_ws/install/uf_ros_lib:/home/mk/dev_ws/install/rviz_servo_status_overlay:/home/mk/dev_ws/install/rviz_marker_static_scene_objects:/home/mk/dev_ws/install/robot_motion_handler_movegroup:/home/mk/dev_ws/install/gaze_control:/home/mk/dev_ws/install/collision_check:/home/mk/dev_ws/install/audio_listener:/opt/ros/humble LD_LIBRARY_PATH=/home/mk/dev_ws/install/xarm_sdk/lib:/home/mk/dev_ws/install/xarm_msgs/lib:/usr/local/cuda-12.1/lib64:/home/mk/dev_ws/install/zed_components/lib:/home/mk/dev_ws/install/zed_interfaces/lib:/home/mk/dev_ws/install/xarm_planner/lib:/home/mk/dev_ws/install/xarm_moveit_servo/lib:/home/mk/dev_ws/install/xarm_gazebo/lib:/home/mk/dev_ws/install/xarm_controller/lib:/home/mk/dev_ws/install/xarm_api/lib:/home/mk/dev_ws/install/rviz_robot_control_panel/lib:/home/mk/dev_ws/install/whisper_server/lib:/home/mk/dev_ws/install/transcript_manager/lib:/home/mk/dev_ws/install/whisper_util/lib:/home/mk/dev_ws/install/whisper_idl/lib:/home/mk/dev_ws/install/whisper_cpp_vendor/lib:/home/mk/dev_ws/install/realsense_gazebo_plugin/lib:/home/mk/dev_ws/install/my_3d_vision_bringup/lib:/usr/lib/x86_64-linux-gnu/gazebo-11/plugins:/opt/ros/humble/opt/rviz_ogre_vendor/lib:/opt/ros/humble/lib/x86_64-linux-gnu:/opt/ros/humble/lib /usr/bin/cmake --build /home/mk/dev_ws/build/xarm_api -- -j16 -l16
[3.910s] DEBUG:colcon.colcon_core.event_handler.log_command:Invoking command in '/home/mk/dev_ws/build/xarm_api': CMAKE_PREFIX_PATH=/home/mk/dev_ws/install/xarm_sdk:/home/mk/dev_ws/install/xarm_msgs:/home/mk/dev_ws/install/xarm_description:/home/mk/dev_ws/install/zed_ros2:/home/mk/dev_ws/install/zed_wrapper:/home/mk/dev_ws/install/zed_components:/home/mk/dev_ws/install/zed_interfaces:/home/mk/dev_ws/install/xarm_planner:/home/mk/dev_ws/install/xarm_moveit_servo:/home/mk/dev_ws/install/xarm_moveit_config:/home/mk/dev_ws/install/xarm_gazebo:/home/mk/dev_ws/install/xarm_controller:/home/mk/dev_ws/install/xarm_api:/home/mk/dev_ws/install/rviz_robot_control_panel:/home/mk/dev_ws/install/whisper_bringup:/home/mk/dev_ws/install/whisper_server:/home/mk/dev_ws/install/transcript_manager:/home/mk/dev_ws/install/whisper_util:/home/mk/dev_ws/install/whisper_idl:/home/mk/dev_ws/install/whisper_cpp_vendor:/home/mk/dev_ws/install/realsense_gazebo_plugin:/home/mk/dev_ws/install/my_3d_vision_bringup:/home/mk/dev_ws/install/mbot_demo:/home/mk/dev_ws/install/yolo_object_detector:/home/mk/dev_ws/install/move_to_coordinator:/home/mk/dev_ws/install/motion_sequence:/home/mk/dev_ws/install/whisper_demos:/home/mk/dev_ws/install/voice_command_listener:/home/mk/dev_ws/install/uf_ros_lib:/home/mk/dev_ws/install/rviz_servo_status_overlay:/home/mk/dev_ws/install/rviz_marker_static_scene_objects:/home/mk/dev_ws/install/robot_motion_handler_movegroup:/home/mk/dev_ws/install/gaze_control:/home/mk/dev_ws/install/collision_check:/home/mk/dev_ws/install/audio_listener:/opt/ros/humble LD_LIBRARY_PATH=/home/mk/dev_ws/install/xarm_sdk/lib:/home/mk/dev_ws/install/xarm_msgs/lib:/usr/local/cuda-12.1/lib64:/home/mk/dev_ws/install/zed_components/lib:/home/mk/dev_ws/install/zed_interfaces/lib:/home/mk/dev_ws/install/xarm_planner/lib:/home/mk/dev_ws/install/xarm_moveit_servo/lib:/home/mk/dev_ws/install/xarm_gazebo/lib:/home/mk/dev_ws/install/xarm_controller/lib:/home/mk/dev_ws/install/xarm_api/lib:/home/mk/dev_ws/install/rviz_robot_control_panel/lib:/home/mk/dev_ws/install/whisper_server/lib:/home/mk/dev_ws/install/transcript_manager/lib:/home/mk/dev_ws/install/whisper_util/lib:/home/mk/dev_ws/install/whisper_idl/lib:/home/mk/dev_ws/install/whisper_cpp_vendor/lib:/home/mk/dev_ws/install/realsense_gazebo_plugin/lib:/home/mk/dev_ws/install/my_3d_vision_bringup/lib:/usr/lib/x86_64-linux-gnu/gazebo-11/plugins:/opt/ros/humble/opt/rviz_ogre_vendor/lib:/opt/ros/humble/lib/x86_64-linux-gnu:/opt/ros/humble/lib /usr/bin/cmake --install /home/mk/dev_ws/build/xarm_api
[3.938s] DEBUG:colcon.colcon_core.event_handler.log_command:Invoked command in '/home/mk/dev_ws/build/zed_components' returned '0': CMAKE_PREFIX_PATH=/home/mk/dev_ws/install/zed_interfaces:/home/mk/dev_ws/install/zed_ros2:/home/mk/dev_ws/install/zed_wrapper:/home/mk/dev_ws/install/zed_components:/home/mk/dev_ws/install/xarm_planner:/home/mk/dev_ws/install/xarm_moveit_servo:/home/mk/dev_ws/install/xarm_moveit_config:/home/mk/dev_ws/install/xarm_gazebo:/home/mk/dev_ws/install/xarm_controller:/home/mk/dev_ws/install/xarm_api:/home/mk/dev_ws/install/xarm_sdk:/home/mk/dev_ws/install/rviz_robot_control_panel:/home/mk/dev_ws/install/xarm_msgs:/home/mk/dev_ws/install/xarm_description:/home/mk/dev_ws/install/whisper_bringup:/home/mk/dev_ws/install/whisper_server:/home/mk/dev_ws/install/transcript_manager:/home/mk/dev_ws/install/whisper_util:/home/mk/dev_ws/install/whisper_idl:/home/mk/dev_ws/install/whisper_cpp_vendor:/home/mk/dev_ws/install/realsense_gazebo_plugin:/home/mk/dev_ws/install/my_3d_vision_bringup:/home/mk/dev_ws/install/mbot_demo:/home/mk/dev_ws/install/yolo_object_detector:/home/mk/dev_ws/install/move_to_coordinator:/home/mk/dev_ws/install/motion_sequence:/home/mk/dev_ws/install/whisper_demos:/home/mk/dev_ws/install/voice_command_listener:/home/mk/dev_ws/install/uf_ros_lib:/home/mk/dev_ws/install/rviz_servo_status_overlay:/home/mk/dev_ws/install/rviz_marker_static_scene_objects:/home/mk/dev_ws/install/robot_motion_handler_movegroup:/home/mk/dev_ws/install/gaze_control:/home/mk/dev_ws/install/collision_check:/home/mk/dev_ws/install/audio_listener:/opt/ros/humble LD_LIBRARY_PATH=/home/mk/dev_ws/install/zed_interfaces/lib:/usr/local/cuda-12.1/lib64:/home/mk/dev_ws/install/zed_components/lib:/home/mk/dev_ws/install/xarm_planner/lib:/home/mk/dev_ws/install/xarm_moveit_servo/lib:/home/mk/dev_ws/install/xarm_gazebo/lib:/home/mk/dev_ws/install/xarm_controller/lib:/home/mk/dev_ws/install/xarm_api/lib:/home/mk/dev_ws/install/xarm_sdk/lib:/home/mk/dev_ws/install/rviz_robot_control_panel/lib:/home/mk/dev_ws/install/xarm_msgs/lib:/home/mk/dev_ws/install/whisper_server/lib:/home/mk/dev_ws/install/transcript_manager/lib:/home/mk/dev_ws/install/whisper_util/lib:/home/mk/dev_ws/install/whisper_idl/lib:/home/mk/dev_ws/install/whisper_cpp_vendor/lib:/home/mk/dev_ws/install/realsense_gazebo_plugin/lib:/home/mk/dev_ws/install/my_3d_vision_bringup/lib:/usr/lib/x86_64-linux-gnu/gazebo-11/plugins:/opt/ros/humble/opt/rviz_ogre_vendor/lib:/opt/ros/humble/lib/x86_64-linux-gnu:/opt/ros/humble/lib /usr/bin/cmake /home/mk/dev_ws/src/zed-ros2-wrapper/zed_components -DCMAKE_INSTALL_PREFIX=/home/mk/dev_ws/install/zed_components
[3.943s] DEBUG:colcon.colcon_core.event_handler.log_command:Invoking command in '/home/mk/dev_ws/build/zed_components': CMAKE_PREFIX_PATH=/home/mk/dev_ws/install/zed_interfaces:/home/mk/dev_ws/install/zed_ros2:/home/mk/dev_ws/install/zed_wrapper:/home/mk/dev_ws/install/zed_components:/home/mk/dev_ws/install/xarm_planner:/home/mk/dev_ws/install/xarm_moveit_servo:/home/mk/dev_ws/install/xarm_moveit_config:/home/mk/dev_ws/install/xarm_gazebo:/home/mk/dev_ws/install/xarm_controller:/home/mk/dev_ws/install/xarm_api:/home/mk/dev_ws/install/xarm_sdk:/home/mk/dev_ws/install/rviz_robot_control_panel:/home/mk/dev_ws/install/xarm_msgs:/home/mk/dev_ws/install/xarm_description:/home/mk/dev_ws/install/whisper_bringup:/home/mk/dev_ws/install/whisper_server:/home/mk/dev_ws/install/transcript_manager:/home/mk/dev_ws/install/whisper_util:/home/mk/dev_ws/install/whisper_idl:/home/mk/dev_ws/install/whisper_cpp_vendor:/home/mk/dev_ws/install/realsense_gazebo_plugin:/home/mk/dev_ws/install/my_3d_vision_bringup:/home/mk/dev_ws/install/mbot_demo:/home/mk/dev_ws/install/yolo_object_detector:/home/mk/dev_ws/install/move_to_coordinator:/home/mk/dev_ws/install/motion_sequence:/home/mk/dev_ws/install/whisper_demos:/home/mk/dev_ws/install/voice_command_listener:/home/mk/dev_ws/install/uf_ros_lib:/home/mk/dev_ws/install/rviz_servo_status_overlay:/home/mk/dev_ws/install/rviz_marker_static_scene_objects:/home/mk/dev_ws/install/robot_motion_handler_movegroup:/home/mk/dev_ws/install/gaze_control:/home/mk/dev_ws/install/collision_check:/home/mk/dev_ws/install/audio_listener:/opt/ros/humble LD_LIBRARY_PATH=/home/mk/dev_ws/install/zed_interfaces/lib:/usr/local/cuda-12.1/lib64:/home/mk/dev_ws/install/zed_components/lib:/home/mk/dev_ws/install/xarm_planner/lib:/home/mk/dev_ws/install/xarm_moveit_servo/lib:/home/mk/dev_ws/install/xarm_gazebo/lib:/home/mk/dev_ws/install/xarm_controller/lib:/home/mk/dev_ws/install/xarm_api/lib:/home/mk/dev_ws/install/xarm_sdk/lib:/home/mk/dev_ws/install/rviz_robot_control_panel/lib:/home/mk/dev_ws/install/xarm_msgs/lib:/home/mk/dev_ws/install/whisper_server/lib:/home/mk/dev_ws/install/transcript_manager/lib:/home/mk/dev_ws/install/whisper_util/lib:/home/mk/dev_ws/install/whisper_idl/lib:/home/mk/dev_ws/install/whisper_cpp_vendor/lib:/home/mk/dev_ws/install/realsense_gazebo_plugin/lib:/home/mk/dev_ws/install/my_3d_vision_bringup/lib:/usr/lib/x86_64-linux-gnu/gazebo-11/plugins:/opt/ros/humble/opt/rviz_ogre_vendor/lib:/opt/ros/humble/lib/x86_64-linux-gnu:/opt/ros/humble/lib /usr/bin/cmake --build /home/mk/dev_ws/build/zed_components -- -j16 -l16
[3.944s] DEBUG:colcon.colcon_core.event_handler.log_command:Invoked command in '/home/mk/dev_ws/build/xarm_api' returned '0': CMAKE_PREFIX_PATH=/home/mk/dev_ws/install/xarm_sdk:/home/mk/dev_ws/install/xarm_msgs:/home/mk/dev_ws/install/xarm_description:/home/mk/dev_ws/install/zed_ros2:/home/mk/dev_ws/install/zed_wrapper:/home/mk/dev_ws/install/zed_components:/home/mk/dev_ws/install/zed_interfaces:/home/mk/dev_ws/install/xarm_planner:/home/mk/dev_ws/install/xarm_moveit_servo:/home/mk/dev_ws/install/xarm_moveit_config:/home/mk/dev_ws/install/xarm_gazebo:/home/mk/dev_ws/install/xarm_controller:/home/mk/dev_ws/install/xarm_api:/home/mk/dev_ws/install/rviz_robot_control_panel:/home/mk/dev_ws/install/whisper_bringup:/home/mk/dev_ws/install/whisper_server:/home/mk/dev_ws/install/transcript_manager:/home/mk/dev_ws/install/whisper_util:/home/mk/dev_ws/install/whisper_idl:/home/mk/dev_ws/install/whisper_cpp_vendor:/home/mk/dev_ws/install/realsense_gazebo_plugin:/home/mk/dev_ws/install/my_3d_vision_bringup:/home/mk/dev_ws/install/mbot_demo:/home/mk/dev_ws/install/yolo_object_detector:/home/mk/dev_ws/install/move_to_coordinator:/home/mk/dev_ws/install/motion_sequence:/home/mk/dev_ws/install/whisper_demos:/home/mk/dev_ws/install/voice_command_listener:/home/mk/dev_ws/install/uf_ros_lib:/home/mk/dev_ws/install/rviz_servo_status_overlay:/home/mk/dev_ws/install/rviz_marker_static_scene_objects:/home/mk/dev_ws/install/robot_motion_handler_movegroup:/home/mk/dev_ws/install/gaze_control:/home/mk/dev_ws/install/collision_check:/home/mk/dev_ws/install/audio_listener:/opt/ros/humble LD_LIBRARY_PATH=/home/mk/dev_ws/install/xarm_sdk/lib:/home/mk/dev_ws/install/xarm_msgs/lib:/usr/local/cuda-12.1/lib64:/home/mk/dev_ws/install/zed_components/lib:/home/mk/dev_ws/install/zed_interfaces/lib:/home/mk/dev_ws/install/xarm_planner/lib:/home/mk/dev_ws/install/xarm_moveit_servo/lib:/home/mk/dev_ws/install/xarm_gazebo/lib:/home/mk/dev_ws/install/xarm_controller/lib:/home/mk/dev_ws/install/xarm_api/lib:/home/mk/dev_ws/install/rviz_robot_control_panel/lib:/home/mk/dev_ws/install/whisper_server/lib:/home/mk/dev_ws/install/transcript_manager/lib:/home/mk/dev_ws/install/whisper_util/lib:/home/mk/dev_ws/install/whisper_idl/lib:/home/mk/dev_ws/install/whisper_cpp_vendor/lib:/home/mk/dev_ws/install/realsense_gazebo_plugin/lib:/home/mk/dev_ws/install/my_3d_vision_bringup/lib:/usr/lib/x86_64-linux-gnu/gazebo-11/plugins:/opt/ros/humble/opt/rviz_ogre_vendor/lib:/opt/ros/humble/lib/x86_64-linux-gnu:/opt/ros/humble/lib /usr/bin/cmake --install /home/mk/dev_ws/build/xarm_api
[3.943s] Level 1:colcon.colcon_core.environment:create_environment_scripts_only(xarm_api)
[3.944s] Level 1:colcon.colcon_core.environment:checking '/home/mk/dev_ws/install/xarm_api' for CMake module files
[3.944s] Level 1:colcon.colcon_core.environment:checking '/home/mk/dev_ws/install/xarm_api' for CMake config files
[3.945s] Level 1:colcon.colcon_core.shell:create_environment_hook('xarm_api', 'cmake_prefix_path')
[3.945s] INFO:colcon.colcon_core.shell:Creating environment hook '/home/mk/dev_ws/install/xarm_api/share/xarm_api/hook/cmake_prefix_path.ps1'
[3.946s] INFO:colcon.colcon_core.shell:Creating environment descriptor '/home/mk/dev_ws/install/xarm_api/share/xarm_api/hook/cmake_prefix_path.dsv'
[3.946s] INFO:colcon.colcon_core.shell:Creating environment hook '/home/mk/dev_ws/install/xarm_api/share/xarm_api/hook/cmake_prefix_path.sh'
[3.947s] Level 1:colcon.colcon_core.environment:checking '/home/mk/dev_ws/install/xarm_api/lib'
[3.947s] Level 1:colcon.colcon_core.shell:create_environment_hook('xarm_api', 'ld_library_path_lib')
[3.947s] INFO:colcon.colcon_core.shell:Creating environment hook '/home/mk/dev_ws/install/xarm_api/share/xarm_api/hook/ld_library_path_lib.ps1'
[3.948s] INFO:colcon.colcon_core.shell:Creating environment descriptor '/home/mk/dev_ws/install/xarm_api/share/xarm_api/hook/ld_library_path_lib.dsv'
[3.948s] INFO:colcon.colcon_core.shell:Creating environment hook '/home/mk/dev_ws/install/xarm_api/share/xarm_api/hook/ld_library_path_lib.sh'
[3.948s] Level 1:colcon.colcon_core.environment:checking '/home/mk/dev_ws/install/xarm_api/bin'
[3.948s] Level 1:colcon.colcon_core.environment:checking '/home/mk/dev_ws/install/xarm_api/lib/pkgconfig/xarm_api.pc'
[3.949s] Level 1:colcon.colcon_core.environment:checking '/home/mk/dev_ws/install/xarm_api/lib/python3.10/site-packages'
[3.949s] Level 1:colcon.colcon_core.environment:checking '/home/mk/dev_ws/install/xarm_api/bin'
[3.949s] INFO:colcon.colcon_core.shell:Creating package script '/home/mk/dev_ws/install/xarm_api/share/xarm_api/package.ps1'
[3.950s] INFO:colcon.colcon_core.shell:Creating package descriptor '/home/mk/dev_ws/install/xarm_api/share/xarm_api/package.dsv'
[3.950s] INFO:colcon.colcon_core.shell:Creating package script '/home/mk/dev_ws/install/xarm_api/share/xarm_api/package.sh'
[3.950s] INFO:colcon.colcon_core.shell:Creating package script '/home/mk/dev_ws/install/xarm_api/share/xarm_api/package.bash'
[3.950s] INFO:colcon.colcon_core.shell:Creating package script '/home/mk/dev_ws/install/xarm_api/share/xarm_api/package.zsh'
[3.951s] Level 1:colcon.colcon_core.environment:create_file_with_runtime_dependencies(/home/mk/dev_ws/install/xarm_api/share/colcon-core/packages/xarm_api)
[3.951s] Level 1:colcon.colcon_core.environment:create_environment_scripts_only(xarm_api)
[3.951s] Level 1:colcon.colcon_core.environment:checking '/home/mk/dev_ws/install/xarm_api' for CMake module files
[3.951s] Level 1:colcon.colcon_core.environment:checking '/home/mk/dev_ws/install/xarm_api' for CMake config files
[3.952s] Level 1:colcon.colcon_core.shell:create_environment_hook('xarm_api', 'cmake_prefix_path')
[3.952s] INFO:colcon.colcon_core.shell:Creating environment hook '/home/mk/dev_ws/install/xarm_api/share/xarm_api/hook/cmake_prefix_path.ps1'
[3.952s] INFO:colcon.colcon_core.shell:Creating environment descriptor '/home/mk/dev_ws/install/xarm_api/share/xarm_api/hook/cmake_prefix_path.dsv'
[3.953s] INFO:colcon.colcon_core.shell:Creating environment hook '/home/mk/dev_ws/install/xarm_api/share/xarm_api/hook/cmake_prefix_path.sh'
[3.953s] Level 1:colcon.colcon_core.environment:checking '/home/mk/dev_ws/install/xarm_api/lib'
[3.953s] Level 1:colcon.colcon_core.shell:create_environment_hook('xarm_api', 'ld_library_path_lib')
[3.954s] INFO:colcon.colcon_core.shell:Creating environment hook '/home/mk/dev_ws/install/xarm_api/share/xarm_api/hook/ld_library_path_lib.ps1'
[3.954s] INFO:colcon.colcon_core.shell:Creating environment descriptor '/home/mk/dev_ws/install/xarm_api/share/xarm_api/hook/ld_library_path_lib.dsv'
[3.954s] INFO:colcon.colcon_core.shell:Creating environment hook '/home/mk/dev_ws/install/xarm_api/share/xarm_api/hook/ld_library_path_lib.sh'
[3.954s] Level 1:colcon.colcon_core.environment:checking '/home/mk/dev_ws/install/xarm_api/bin'
[3.955s] Level 1:colcon.colcon_core.environment:checking '/home/mk/dev_ws/install/xarm_api/lib/pkgconfig/xarm_api.pc'
[3.955s] Level 1:colcon.colcon_core.environment:checking '/home/mk/dev_ws/install/xarm_api/lib/python3.10/site-packages'
[3.955s] Level 1:colcon.colcon_core.environment:checking '/home/mk/dev_ws/install/xarm_api/bin'
[3.955s] INFO:colcon.colcon_core.shell:Creating package script '/home/mk/dev_ws/install/xarm_api/share/xarm_api/package.ps1'
[3.956s] INFO:colcon.colcon_core.shell:Creating package descriptor '/home/mk/dev_ws/install/xarm_api/share/xarm_api/package.dsv'
[3.956s] INFO:colcon.colcon_core.shell:Creating package script '/home/mk/dev_ws/install/xarm_api/share/xarm_api/package.sh'
[3.956s] INFO:colcon.colcon_core.shell:Creating package script '/home/mk/dev_ws/install/xarm_api/share/xarm_api/package.bash'
[3.957s] INFO:colcon.colcon_core.shell:Creating package script '/home/mk/dev_ws/install/xarm_api/share/xarm_api/package.zsh'
[3.957s] Level 1:colcon.colcon_core.environment:create_file_with_runtime_dependencies(/home/mk/dev_ws/install/xarm_api/share/colcon-core/packages/xarm_api)
[3.957s] INFO:colcon.colcon_ros.task.ament_cmake.build:Building ROS package in '/home/mk/dev_ws/src/xarm_ros2/xarm_controller' with build type 'ament_cmake'
[3.957s] INFO:colcon.colcon_cmake.task.cmake.build:Building CMake package in '/home/mk/dev_ws/src/xarm_ros2/xarm_controller'
[3.958s] INFO:colcon.colcon_core.shell:Skip shell extension 'powershell' for command environment: Not usable outside of PowerShell
[3.958s] DEBUG:colcon.colcon_core.shell:Skip shell extension 'dsv' for command environment
[3.973s] Level 1:colcon.colcon_core.environment:checking '/home/mk/dev_ws/install/rviz_marker_static_scene_objects' for CMake module files
[3.974s] Level 1:colcon.colcon_core.environment:checking '/home/mk/dev_ws/install/rviz_marker_static_scene_objects' for CMake config files
[3.974s] Level 1:colcon.colcon_core.environment:checking '/home/mk/dev_ws/install/rviz_marker_static_scene_objects/lib'
[3.974s] Level 1:colcon.colcon_core.environment:checking '/home/mk/dev_ws/install/rviz_marker_static_scene_objects/bin'
[3.974s] Level 1:colcon.colcon_core.environment:checking '/home/mk/dev_ws/install/rviz_marker_static_scene_objects/lib/pkgconfig/rviz_marker_static_scene_objects.pc'
[3.974s] Level 1:colcon.colcon_core.environment:checking '/home/mk/dev_ws/install/rviz_marker_static_scene_objects/lib/python3.10/site-packages'
[3.975s] Level 1:colcon.colcon_core.shell:create_environment_hook('rviz_marker_static_scene_objects', 'pythonpath')
[3.975s] INFO:colcon.colcon_core.shell:Creating environment hook '/home/mk/dev_ws/install/rviz_marker_static_scene_objects/share/rviz_marker_static_scene_objects/hook/pythonpath.ps1'
[3.975s] INFO:colcon.colcon_core.shell:Creating environment descriptor '/home/mk/dev_ws/install/rviz_marker_static_scene_objects/share/rviz_marker_static_scene_objects/hook/pythonpath.dsv'
[3.975s] INFO:colcon.colcon_core.shell:Creating environment hook '/home/mk/dev_ws/install/rviz_marker_static_scene_objects/share/rviz_marker_static_scene_objects/hook/pythonpath.sh'
[3.976s] Level 1:colcon.colcon_core.environment:checking '/home/mk/dev_ws/install/rviz_marker_static_scene_objects/bin'
[3.976s] Level 1:colcon.colcon_core.environment:create_environment_scripts_only(rviz_marker_static_scene_objects)
[3.976s] INFO:colcon.colcon_core.shell:Creating package script '/home/mk/dev_ws/install/rviz_marker_static_scene_objects/share/rviz_marker_static_scene_objects/package.ps1'
[3.978s] DEBUG:colcon.colcon_core.event_handler.log_command:Invoked command in '/home/mk/dev_ws/src/rviz_marker_static_scene_objects' returned '0': PYTHONPATH=/home/mk/dev_ws/build/rviz_marker_static_scene_objects/prefix_override:/usr/lib/python3/dist-packages/colcon_core/task/python/colcon_distutils_commands:/home/mk/dev_ws/install/rviz_marker_static_scene_objects/lib/python3.10/site-packages:${PYTHONPATH} /usr/bin/python3 -W ignore:setup.py install is deprecated -W ignore:easy_install command is deprecated setup.py egg_info --egg-base ../../build/rviz_marker_static_scene_objects build --build-base /home/mk/dev_ws/build/rviz_marker_static_scene_objects/build install --record /home/mk/dev_ws/build/rviz_marker_static_scene_objects/install.log --single-version-externally-managed install_data --force
[3.978s] INFO:colcon.colcon_core.shell:Creating package descriptor '/home/mk/dev_ws/install/rviz_marker_static_scene_objects/share/rviz_marker_static_scene_objects/package.dsv'
[3.979s] INFO:colcon.colcon_core.shell:Creating package script '/home/mk/dev_ws/install/rviz_marker_static_scene_objects/share/rviz_marker_static_scene_objects/package.sh'
[3.979s] INFO:colcon.colcon_core.shell:Creating package script '/home/mk/dev_ws/install/rviz_marker_static_scene_objects/share/rviz_marker_static_scene_objects/package.bash'
[3.979s] INFO:colcon.colcon_core.shell:Creating package script '/home/mk/dev_ws/install/rviz_marker_static_scene_objects/share/rviz_marker_static_scene_objects/package.zsh'
[3.980s] Level 1:colcon.colcon_core.environment:create_file_with_runtime_dependencies(/home/mk/dev_ws/install/rviz_marker_static_scene_objects/share/colcon-core/packages/rviz_marker_static_scene_objects)
[3.984s] DEBUG:colcon.colcon_core.event_handler.log_command:Invoking command in '/home/mk/dev_ws/build/xarm_controller': CMAKE_PREFIX_PATH=/home/mk/dev_ws/install/xarm_api:/home/mk/dev_ws/install/xarm_sdk:/home/mk/dev_ws/install/xarm_msgs:/home/mk/dev_ws/install/xarm_description:/home/mk/dev_ws/install/zed_ros2:/home/mk/dev_ws/install/zed_wrapper:/home/mk/dev_ws/install/zed_components:/home/mk/dev_ws/install/zed_interfaces:/home/mk/dev_ws/install/xarm_planner:/home/mk/dev_ws/install/xarm_moveit_servo:/home/mk/dev_ws/install/xarm_moveit_config:/home/mk/dev_ws/install/xarm_gazebo:/home/mk/dev_ws/install/xarm_controller:/home/mk/dev_ws/install/rviz_robot_control_panel:/home/mk/dev_ws/install/whisper_bringup:/home/mk/dev_ws/install/whisper_server:/home/mk/dev_ws/install/transcript_manager:/home/mk/dev_ws/install/whisper_util:/home/mk/dev_ws/install/whisper_idl:/home/mk/dev_ws/install/whisper_cpp_vendor:/home/mk/dev_ws/install/realsense_gazebo_plugin:/home/mk/dev_ws/install/my_3d_vision_bringup:/home/mk/dev_ws/install/mbot_demo:/home/mk/dev_ws/install/yolo_object_detector:/home/mk/dev_ws/install/move_to_coordinator:/home/mk/dev_ws/install/motion_sequence:/home/mk/dev_ws/install/whisper_demos:/home/mk/dev_ws/install/voice_command_listener:/home/mk/dev_ws/install/uf_ros_lib:/home/mk/dev_ws/install/rviz_servo_status_overlay:/home/mk/dev_ws/install/rviz_marker_static_scene_objects:/home/mk/dev_ws/install/robot_motion_handler_movegroup:/home/mk/dev_ws/install/gaze_control:/home/mk/dev_ws/install/collision_check:/home/mk/dev_ws/install/audio_listener:/opt/ros/humble LD_LIBRARY_PATH=/home/mk/dev_ws/install/xarm_api/lib:/home/mk/dev_ws/install/xarm_sdk/lib:/home/mk/dev_ws/install/xarm_msgs/lib:/usr/local/cuda-12.1/lib64:/home/mk/dev_ws/install/zed_components/lib:/home/mk/dev_ws/install/zed_interfaces/lib:/home/mk/dev_ws/install/xarm_planner/lib:/home/mk/dev_ws/install/xarm_moveit_servo/lib:/home/mk/dev_ws/install/xarm_gazebo/lib:/home/mk/dev_ws/install/xarm_controller/lib:/home/mk/dev_ws/install/rviz_robot_control_panel/lib:/home/mk/dev_ws/install/whisper_server/lib:/home/mk/dev_ws/install/transcript_manager/lib:/home/mk/dev_ws/install/whisper_util/lib:/home/mk/dev_ws/install/whisper_idl/lib:/home/mk/dev_ws/install/whisper_cpp_vendor/lib:/home/mk/dev_ws/install/realsense_gazebo_plugin/lib:/home/mk/dev_ws/install/my_3d_vision_bringup/lib:/usr/lib/x86_64-linux-gnu/gazebo-11/plugins:/opt/ros/humble/opt/rviz_ogre_vendor/lib:/opt/ros/humble/lib/x86_64-linux-gnu:/opt/ros/humble/lib /usr/bin/cmake /home/mk/dev_ws/src/xarm_ros2/xarm_controller -DCMAKE_INSTALL_PREFIX=/home/mk/dev_ws/install/xarm_controller
[4.021s] DEBUG:colcon.colcon_core.event_handler.log_command:Invoked command in '/home/mk/dev_ws/build/zed_components' returned '0': CMAKE_PREFIX_PATH=/home/mk/dev_ws/install/zed_interfaces:/home/mk/dev_ws/install/zed_ros2:/home/mk/dev_ws/install/zed_wrapper:/home/mk/dev_ws/install/zed_components:/home/mk/dev_ws/install/xarm_planner:/home/mk/dev_ws/install/xarm_moveit_servo:/home/mk/dev_ws/install/xarm_moveit_config:/home/mk/dev_ws/install/xarm_gazebo:/home/mk/dev_ws/install/xarm_controller:/home/mk/dev_ws/install/xarm_api:/home/mk/dev_ws/install/xarm_sdk:/home/mk/dev_ws/install/rviz_robot_control_panel:/home/mk/dev_ws/install/xarm_msgs:/home/mk/dev_ws/install/xarm_description:/home/mk/dev_ws/install/whisper_bringup:/home/mk/dev_ws/install/whisper_server:/home/mk/dev_ws/install/transcript_manager:/home/mk/dev_ws/install/whisper_util:/home/mk/dev_ws/install/whisper_idl:/home/mk/dev_ws/install/whisper_cpp_vendor:/home/mk/dev_ws/install/realsense_gazebo_plugin:/home/mk/dev_ws/install/my_3d_vision_bringup:/home/mk/dev_ws/install/mbot_demo:/home/mk/dev_ws/install/yolo_object_detector:/home/mk/dev_ws/install/move_to_coordinator:/home/mk/dev_ws/install/motion_sequence:/home/mk/dev_ws/install/whisper_demos:/home/mk/dev_ws/install/voice_command_listener:/home/mk/dev_ws/install/uf_ros_lib:/home/mk/dev_ws/install/rviz_servo_status_overlay:/home/mk/dev_ws/install/rviz_marker_static_scene_objects:/home/mk/dev_ws/install/robot_motion_handler_movegroup:/home/mk/dev_ws/install/gaze_control:/home/mk/dev_ws/install/collision_check:/home/mk/dev_ws/install/audio_listener:/opt/ros/humble LD_LIBRARY_PATH=/home/mk/dev_ws/install/zed_interfaces/lib:/usr/local/cuda-12.1/lib64:/home/mk/dev_ws/install/zed_components/lib:/home/mk/dev_ws/install/xarm_planner/lib:/home/mk/dev_ws/install/xarm_moveit_servo/lib:/home/mk/dev_ws/install/xarm_gazebo/lib:/home/mk/dev_ws/install/xarm_controller/lib:/home/mk/dev_ws/install/xarm_api/lib:/home/mk/dev_ws/install/xarm_sdk/lib:/home/mk/dev_ws/install/rviz_robot_control_panel/lib:/home/mk/dev_ws/install/xarm_msgs/lib:/home/mk/dev_ws/install/whisper_server/lib:/home/mk/dev_ws/install/transcript_manager/lib:/home/mk/dev_ws/install/whisper_util/lib:/home/mk/dev_ws/install/whisper_idl/lib:/home/mk/dev_ws/install/whisper_cpp_vendor/lib:/home/mk/dev_ws/install/realsense_gazebo_plugin/lib:/home/mk/dev_ws/install/my_3d_vision_bringup/lib:/usr/lib/x86_64-linux-gnu/gazebo-11/plugins:/opt/ros/humble/opt/rviz_ogre_vendor/lib:/opt/ros/humble/lib/x86_64-linux-gnu:/opt/ros/humble/lib /usr/bin/cmake --build /home/mk/dev_ws/build/zed_components -- -j16 -l16
[4.022s] DEBUG:colcon.colcon_core.event_handler.log_command:Invoking command in '/home/mk/dev_ws/build/zed_components': CMAKE_PREFIX_PATH=/home/mk/dev_ws/install/zed_interfaces:/home/mk/dev_ws/install/zed_ros2:/home/mk/dev_ws/install/zed_wrapper:/home/mk/dev_ws/install/zed_components:/home/mk/dev_ws/install/xarm_planner:/home/mk/dev_ws/install/xarm_moveit_servo:/home/mk/dev_ws/install/xarm_moveit_config:/home/mk/dev_ws/install/xarm_gazebo:/home/mk/dev_ws/install/xarm_controller:/home/mk/dev_ws/install/xarm_api:/home/mk/dev_ws/install/xarm_sdk:/home/mk/dev_ws/install/rviz_robot_control_panel:/home/mk/dev_ws/install/xarm_msgs:/home/mk/dev_ws/install/xarm_description:/home/mk/dev_ws/install/whisper_bringup:/home/mk/dev_ws/install/whisper_server:/home/mk/dev_ws/install/transcript_manager:/home/mk/dev_ws/install/whisper_util:/home/mk/dev_ws/install/whisper_idl:/home/mk/dev_ws/install/whisper_cpp_vendor:/home/mk/dev_ws/install/realsense_gazebo_plugin:/home/mk/dev_ws/install/my_3d_vision_bringup:/home/mk/dev_ws/install/mbot_demo:/home/mk/dev_ws/install/yolo_object_detector:/home/mk/dev_ws/install/move_to_coordinator:/home/mk/dev_ws/install/motion_sequence:/home/mk/dev_ws/install/whisper_demos:/home/mk/dev_ws/install/voice_command_listener:/home/mk/dev_ws/install/uf_ros_lib:/home/mk/dev_ws/install/rviz_servo_status_overlay:/home/mk/dev_ws/install/rviz_marker_static_scene_objects:/home/mk/dev_ws/install/robot_motion_handler_movegroup:/home/mk/dev_ws/install/gaze_control:/home/mk/dev_ws/install/collision_check:/home/mk/dev_ws/install/audio_listener:/opt/ros/humble LD_LIBRARY_PATH=/home/mk/dev_ws/install/zed_interfaces/lib:/usr/local/cuda-12.1/lib64:/home/mk/dev_ws/install/zed_components/lib:/home/mk/dev_ws/install/xarm_planner/lib:/home/mk/dev_ws/install/xarm_moveit_servo/lib:/home/mk/dev_ws/install/xarm_gazebo/lib:/home/mk/dev_ws/install/xarm_controller/lib:/home/mk/dev_ws/install/xarm_api/lib:/home/mk/dev_ws/install/xarm_sdk/lib:/home/mk/dev_ws/install/rviz_robot_control_panel/lib:/home/mk/dev_ws/install/xarm_msgs/lib:/home/mk/dev_ws/install/whisper_server/lib:/home/mk/dev_ws/install/transcript_manager/lib:/home/mk/dev_ws/install/whisper_util/lib:/home/mk/dev_ws/install/whisper_idl/lib:/home/mk/dev_ws/install/whisper_cpp_vendor/lib:/home/mk/dev_ws/install/realsense_gazebo_plugin/lib:/home/mk/dev_ws/install/my_3d_vision_bringup/lib:/usr/lib/x86_64-linux-gnu/gazebo-11/plugins:/opt/ros/humble/opt/rviz_ogre_vendor/lib:/opt/ros/humble/lib/x86_64-linux-gnu:/opt/ros/humble/lib /usr/bin/cmake --install /home/mk/dev_ws/build/zed_components
[4.043s] Level 1:colcon.colcon_core.environment:create_environment_scripts_only(zed_components)
[4.043s] Level 1:colcon.colcon_core.environment:checking '/home/mk/dev_ws/install/zed_components' for CMake module files
[4.044s] Level 1:colcon.colcon_core.environment:checking '/home/mk/dev_ws/install/zed_components' for CMake config files
[4.044s] Level 1:colcon.colcon_core.shell:create_environment_hook('zed_components', 'cmake_prefix_path')
[4.044s] INFO:colcon.colcon_core.shell:Creating environment hook '/home/mk/dev_ws/install/zed_components/share/zed_components/hook/cmake_prefix_path.ps1'
[4.045s] INFO:colcon.colcon_core.shell:Creating environment descriptor '/home/mk/dev_ws/install/zed_components/share/zed_components/hook/cmake_prefix_path.dsv'
[4.045s] DEBUG:colcon.colcon_core.event_handler.log_command:Invoked command in '/home/mk/dev_ws/build/zed_components' returned '0': CMAKE_PREFIX_PATH=/home/mk/dev_ws/install/zed_interfaces:/home/mk/dev_ws/install/zed_ros2:/home/mk/dev_ws/install/zed_wrapper:/home/mk/dev_ws/install/zed_components:/home/mk/dev_ws/install/xarm_planner:/home/mk/dev_ws/install/xarm_moveit_servo:/home/mk/dev_ws/install/xarm_moveit_config:/home/mk/dev_ws/install/xarm_gazebo:/home/mk/dev_ws/install/xarm_controller:/home/mk/dev_ws/install/xarm_api:/home/mk/dev_ws/install/xarm_sdk:/home/mk/dev_ws/install/rviz_robot_control_panel:/home/mk/dev_ws/install/xarm_msgs:/home/mk/dev_ws/install/xarm_description:/home/mk/dev_ws/install/whisper_bringup:/home/mk/dev_ws/install/whisper_server:/home/mk/dev_ws/install/transcript_manager:/home/mk/dev_ws/install/whisper_util:/home/mk/dev_ws/install/whisper_idl:/home/mk/dev_ws/install/whisper_cpp_vendor:/home/mk/dev_ws/install/realsense_gazebo_plugin:/home/mk/dev_ws/install/my_3d_vision_bringup:/home/mk/dev_ws/install/mbot_demo:/home/mk/dev_ws/install/yolo_object_detector:/home/mk/dev_ws/install/move_to_coordinator:/home/mk/dev_ws/install/motion_sequence:/home/mk/dev_ws/install/whisper_demos:/home/mk/dev_ws/install/voice_command_listener:/home/mk/dev_ws/install/uf_ros_lib:/home/mk/dev_ws/install/rviz_servo_status_overlay:/home/mk/dev_ws/install/rviz_marker_static_scene_objects:/home/mk/dev_ws/install/robot_motion_handler_movegroup:/home/mk/dev_ws/install/gaze_control:/home/mk/dev_ws/install/collision_check:/home/mk/dev_ws/install/audio_listener:/opt/ros/humble LD_LIBRARY_PATH=/home/mk/dev_ws/install/zed_interfaces/lib:/usr/local/cuda-12.1/lib64:/home/mk/dev_ws/install/zed_components/lib:/home/mk/dev_ws/install/xarm_planner/lib:/home/mk/dev_ws/install/xarm_moveit_servo/lib:/home/mk/dev_ws/install/xarm_gazebo/lib:/home/mk/dev_ws/install/xarm_controller/lib:/home/mk/dev_ws/install/xarm_api/lib:/home/mk/dev_ws/install/xarm_sdk/lib:/home/mk/dev_ws/install/rviz_robot_control_panel/lib:/home/mk/dev_ws/install/xarm_msgs/lib:/home/mk/dev_ws/install/whisper_server/lib:/home/mk/dev_ws/install/transcript_manager/lib:/home/mk/dev_ws/install/whisper_util/lib:/home/mk/dev_ws/install/whisper_idl/lib:/home/mk/dev_ws/install/whisper_cpp_vendor/lib:/home/mk/dev_ws/install/realsense_gazebo_plugin/lib:/home/mk/dev_ws/install/my_3d_vision_bringup/lib:/usr/lib/x86_64-linux-gnu/gazebo-11/plugins:/opt/ros/humble/opt/rviz_ogre_vendor/lib:/opt/ros/humble/lib/x86_64-linux-gnu:/opt/ros/humble/lib /usr/bin/cmake --install /home/mk/dev_ws/build/zed_components
[4.045s] INFO:colcon.colcon_core.shell:Creating environment hook '/home/mk/dev_ws/install/zed_components/share/zed_components/hook/cmake_prefix_path.sh'
[4.046s] Level 1:colcon.colcon_core.environment:checking '/home/mk/dev_ws/install/zed_components/lib'
[4.046s] Level 1:colcon.colcon_core.shell:create_environment_hook('zed_components', 'ld_library_path_lib')
[4.046s] INFO:colcon.colcon_core.shell:Creating environment hook '/home/mk/dev_ws/install/zed_components/share/zed_components/hook/ld_library_path_lib.ps1'
[4.046s] INFO:colcon.colcon_core.shell:Creating environment descriptor '/home/mk/dev_ws/install/zed_components/share/zed_components/hook/ld_library_path_lib.dsv'
[4.047s] INFO:colcon.colcon_core.shell:Creating environment hook '/home/mk/dev_ws/install/zed_components/share/zed_components/hook/ld_library_path_lib.sh'
[4.047s] Level 1:colcon.colcon_core.environment:checking '/home/mk/dev_ws/install/zed_components/bin'
[4.047s] Level 1:colcon.colcon_core.environment:checking '/home/mk/dev_ws/install/zed_components/lib/pkgconfig/zed_components.pc'
[4.047s] Level 1:colcon.colcon_core.environment:checking '/home/mk/dev_ws/install/zed_components/lib/python3.10/site-packages'
[4.047s] Level 1:colcon.colcon_core.environment:checking '/home/mk/dev_ws/install/zed_components/bin'
[4.048s] INFO:colcon.colcon_core.shell:Creating package script '/home/mk/dev_ws/install/zed_components/share/zed_components/package.ps1'
[4.051s] INFO:colcon.colcon_core.shell:Creating package descriptor '/home/mk/dev_ws/install/zed_components/share/zed_components/package.dsv'
[4.051s] INFO:colcon.colcon_core.shell:Creating package script '/home/mk/dev_ws/install/zed_components/share/zed_components/package.sh'
[4.052s] INFO:colcon.colcon_core.shell:Creating package script '/home/mk/dev_ws/install/zed_components/share/zed_components/package.bash'
[4.053s] INFO:colcon.colcon_core.shell:Creating package script '/home/mk/dev_ws/install/zed_components/share/zed_components/package.zsh'
[4.053s] Level 1:colcon.colcon_core.environment:create_file_with_runtime_dependencies(/home/mk/dev_ws/install/zed_components/share/colcon-core/packages/zed_components)
[4.053s] Level 1:colcon.colcon_core.environment:create_environment_scripts_only(zed_components)
[4.054s] Level 1:colcon.colcon_core.environment:checking '/home/mk/dev_ws/install/zed_components' for CMake module files
[4.054s] Level 1:colcon.colcon_core.environment:checking '/home/mk/dev_ws/install/zed_components' for CMake config files
[4.055s] Level 1:colcon.colcon_core.shell:create_environment_hook('zed_components', 'cmake_prefix_path')
[4.055s] INFO:colcon.colcon_core.shell:Creating environment hook '/home/mk/dev_ws/install/zed_components/share/zed_components/hook/cmake_prefix_path.ps1'
[4.056s] INFO:colcon.colcon_core.shell:Creating environment descriptor '/home/mk/dev_ws/install/zed_components/share/zed_components/hook/cmake_prefix_path.dsv'
[4.057s] INFO:colcon.colcon_core.shell:Creating environment hook '/home/mk/dev_ws/install/zed_components/share/zed_components/hook/cmake_prefix_path.sh'
[4.057s] Level 1:colcon.colcon_core.environment:checking '/home/mk/dev_ws/install/zed_components/lib'
[4.057s] Level 1:colcon.colcon_core.shell:create_environment_hook('zed_components', 'ld_library_path_lib')
[4.057s] INFO:colcon.colcon_core.shell:Creating environment hook '/home/mk/dev_ws/install/zed_components/share/zed_components/hook/ld_library_path_lib.ps1'
[4.058s] INFO:colcon.colcon_core.shell:Creating environment descriptor '/home/mk/dev_ws/install/zed_components/share/zed_components/hook/ld_library_path_lib.dsv'
[4.058s] INFO:colcon.colcon_core.shell:Creating environment hook '/home/mk/dev_ws/install/zed_components/share/zed_components/hook/ld_library_path_lib.sh'
[4.058s] Level 1:colcon.colcon_core.environment:checking '/home/mk/dev_ws/install/zed_components/bin'
[4.058s] Level 1:colcon.colcon_core.environment:checking '/home/mk/dev_ws/install/zed_components/lib/pkgconfig/zed_components.pc'
[4.059s] Level 1:colcon.colcon_core.environment:checking '/home/mk/dev_ws/install/zed_components/lib/python3.10/site-packages'
[4.059s] Level 1:colcon.colcon_core.environment:checking '/home/mk/dev_ws/install/zed_components/bin'
[4.059s] INFO:colcon.colcon_core.shell:Creating package script '/home/mk/dev_ws/install/zed_components/share/zed_components/package.ps1'
[4.060s] INFO:colcon.colcon_core.shell:Creating package descriptor '/home/mk/dev_ws/install/zed_components/share/zed_components/package.dsv'
[4.060s] INFO:colcon.colcon_core.shell:Creating package script '/home/mk/dev_ws/install/zed_components/share/zed_components/package.sh'
[4.060s] INFO:colcon.colcon_core.shell:Creating package script '/home/mk/dev_ws/install/zed_components/share/zed_components/package.bash'
[4.061s] INFO:colcon.colcon_core.shell:Creating package script '/home/mk/dev_ws/install/zed_components/share/zed_components/package.zsh'
[4.061s] Level 1:colcon.colcon_core.environment:create_file_with_runtime_dependencies(/home/mk/dev_ws/install/zed_components/share/colcon-core/packages/zed_components)
[4.063s] INFO:colcon.colcon_ros.task.ament_cmake.build:Building ROS package in '/home/mk/dev_ws/src/zed-ros2-wrapper/zed_wrapper' with build type 'ament_cmake'
[4.063s] INFO:colcon.colcon_cmake.task.cmake.build:Building CMake package in '/home/mk/dev_ws/src/zed-ros2-wrapper/zed_wrapper'
[4.063s] INFO:colcon.colcon_core.shell:Skip shell extension 'powershell' for command environment: Not usable outside of PowerShell
[4.063s] DEBUG:colcon.colcon_core.shell:Skip shell extension 'dsv' for command environment
[4.082s] DEBUG:colcon.colcon_core.event_handler.log_command:Invoking command in '/home/mk/dev_ws/build/zed_wrapper': CMAKE_PREFIX_PATH=/home/mk/dev_ws/install/zed_components:/home/mk/dev_ws/install/zed_interfaces:/home/mk/dev_ws/install/zed_ros2:/home/mk/dev_ws/install/zed_wrapper:/home/mk/dev_ws/install/xarm_planner:/home/mk/dev_ws/install/xarm_moveit_servo:/home/mk/dev_ws/install/xarm_moveit_config:/home/mk/dev_ws/install/xarm_gazebo:/home/mk/dev_ws/install/xarm_controller:/home/mk/dev_ws/install/xarm_api:/home/mk/dev_ws/install/xarm_sdk:/home/mk/dev_ws/install/rviz_robot_control_panel:/home/mk/dev_ws/install/xarm_msgs:/home/mk/dev_ws/install/xarm_description:/home/mk/dev_ws/install/whisper_bringup:/home/mk/dev_ws/install/whisper_server:/home/mk/dev_ws/install/transcript_manager:/home/mk/dev_ws/install/whisper_util:/home/mk/dev_ws/install/whisper_idl:/home/mk/dev_ws/install/whisper_cpp_vendor:/home/mk/dev_ws/install/realsense_gazebo_plugin:/home/mk/dev_ws/install/my_3d_vision_bringup:/home/mk/dev_ws/install/mbot_demo:/home/mk/dev_ws/install/yolo_object_detector:/home/mk/dev_ws/install/move_to_coordinator:/home/mk/dev_ws/install/motion_sequence:/home/mk/dev_ws/install/whisper_demos:/home/mk/dev_ws/install/voice_command_listener:/home/mk/dev_ws/install/uf_ros_lib:/home/mk/dev_ws/install/rviz_servo_status_overlay:/home/mk/dev_ws/install/rviz_marker_static_scene_objects:/home/mk/dev_ws/install/robot_motion_handler_movegroup:/home/mk/dev_ws/install/gaze_control:/home/mk/dev_ws/install/collision_check:/home/mk/dev_ws/install/audio_listener:/opt/ros/humble LD_LIBRARY_PATH=/home/mk/dev_ws/install/zed_components/lib:/home/mk/dev_ws/install/zed_interfaces/lib:/usr/local/cuda-12.1/lib64:/home/mk/dev_ws/install/xarm_planner/lib:/home/mk/dev_ws/install/xarm_moveit_servo/lib:/home/mk/dev_ws/install/xarm_gazebo/lib:/home/mk/dev_ws/install/xarm_controller/lib:/home/mk/dev_ws/install/xarm_api/lib:/home/mk/dev_ws/install/xarm_sdk/lib:/home/mk/dev_ws/install/rviz_robot_control_panel/lib:/home/mk/dev_ws/install/xarm_msgs/lib:/home/mk/dev_ws/install/whisper_server/lib:/home/mk/dev_ws/install/transcript_manager/lib:/home/mk/dev_ws/install/whisper_util/lib:/home/mk/dev_ws/install/whisper_idl/lib:/home/mk/dev_ws/install/whisper_cpp_vendor/lib:/home/mk/dev_ws/install/realsense_gazebo_plugin/lib:/home/mk/dev_ws/install/my_3d_vision_bringup/lib:/usr/lib/x86_64-linux-gnu/gazebo-11/plugins:/opt/ros/humble/opt/rviz_ogre_vendor/lib:/opt/ros/humble/lib/x86_64-linux-gnu:/opt/ros/humble/lib /usr/bin/cmake /home/mk/dev_ws/src/zed-ros2-wrapper/zed_wrapper -DCMAKE_INSTALL_PREFIX=/home/mk/dev_ws/install/zed_wrapper
[4.085s] Level 1:colcon.colcon_core.environment:checking '/home/mk/dev_ws/install/yolo_object_detector' for CMake module files
[4.085s] Level 1:colcon.colcon_core.environment:checking '/home/mk/dev_ws/install/yolo_object_detector' for CMake config files
[4.086s] DEBUG:colcon.colcon_core.event_handler.log_command:Invoked command in '/home/mk/dev_ws/src/yolo_object_detector' returned '0': PYTHONPATH=/home/mk/dev_ws/build/yolo_object_detector/prefix_override:/usr/lib/python3/dist-packages/colcon_core/task/python/colcon_distutils_commands:/home/mk/dev_ws/install/yolo_object_detector/lib/python3.10/site-packages:${PYTHONPATH} /usr/bin/python3 -W ignore:setup.py install is deprecated -W ignore:easy_install command is deprecated setup.py egg_info --egg-base ../../build/yolo_object_detector build --build-base /home/mk/dev_ws/build/yolo_object_detector/build install --record /home/mk/dev_ws/build/yolo_object_detector/install.log --single-version-externally-managed install_data --force
[4.086s] Level 1:colcon.colcon_core.environment:checking '/home/mk/dev_ws/install/yolo_object_detector/lib'
[4.086s] Level 1:colcon.colcon_core.environment:checking '/home/mk/dev_ws/install/yolo_object_detector/bin'
[4.086s] Level 1:colcon.colcon_core.environment:checking '/home/mk/dev_ws/install/yolo_object_detector/lib/pkgconfig/yolo_object_detector.pc'
[4.087s] Level 1:colcon.colcon_core.environment:checking '/home/mk/dev_ws/install/yolo_object_detector/lib/python3.10/site-packages'
[4.087s] Level 1:colcon.colcon_core.shell:create_environment_hook('yolo_object_detector', 'pythonpath')
[4.087s] INFO:colcon.colcon_core.shell:Creating environment hook '/home/mk/dev_ws/install/yolo_object_detector/share/yolo_object_detector/hook/pythonpath.ps1'
[4.088s] INFO:colcon.colcon_core.shell:Creating environment descriptor '/home/mk/dev_ws/install/yolo_object_detector/share/yolo_object_detector/hook/pythonpath.dsv'
[4.088s] INFO:colcon.colcon_core.shell:Creating environment hook '/home/mk/dev_ws/install/yolo_object_detector/share/yolo_object_detector/hook/pythonpath.sh'
[4.089s] Level 1:colcon.colcon_core.environment:checking '/home/mk/dev_ws/install/yolo_object_detector/bin'
[4.089s] Level 1:colcon.colcon_core.environment:create_environment_scripts_only(yolo_object_detector)
[4.089s] INFO:colcon.colcon_core.shell:Creating package script '/home/mk/dev_ws/install/yolo_object_detector/share/yolo_object_detector/package.ps1'
[4.089s] INFO:colcon.colcon_core.shell:Creating package descriptor '/home/mk/dev_ws/install/yolo_object_detector/share/yolo_object_detector/package.dsv'
[4.090s] INFO:colcon.colcon_core.shell:Creating package script '/home/mk/dev_ws/install/yolo_object_detector/share/yolo_object_detector/package.sh'
[4.090s] INFO:colcon.colcon_core.shell:Creating package script '/home/mk/dev_ws/install/yolo_object_detector/share/yolo_object_detector/package.bash'
[4.090s] INFO:colcon.colcon_core.shell:Creating package script '/home/mk/dev_ws/install/yolo_object_detector/share/yolo_object_detector/package.zsh'
[4.091s] Level 1:colcon.colcon_core.environment:create_file_with_runtime_dependencies(/home/mk/dev_ws/install/yolo_object_detector/share/colcon-core/packages/yolo_object_detector)
[4.123s] DEBUG:colcon.colcon_core.event_handler.log_command:Invoking command in '/home/mk/dev_ws/build/move_to_coordinator': CMAKE_PREFIX_PATH=/home/mk/dev_ws/install/xarm_msgs:/home/mk/dev_ws/install/zed_ros2:/home/mk/dev_ws/install/zed_wrapper:/home/mk/dev_ws/install/zed_components:/home/mk/dev_ws/install/zed_interfaces:/home/mk/dev_ws/install/xarm_planner:/home/mk/dev_ws/install/xarm_moveit_servo:/home/mk/dev_ws/install/xarm_moveit_config:/home/mk/dev_ws/install/xarm_gazebo:/home/mk/dev_ws/install/xarm_controller:/home/mk/dev_ws/install/xarm_api:/home/mk/dev_ws/install/xarm_sdk:/home/mk/dev_ws/install/rviz_robot_control_panel:/home/mk/dev_ws/install/xarm_description:/home/mk/dev_ws/install/whisper_bringup:/home/mk/dev_ws/install/whisper_server:/home/mk/dev_ws/install/transcript_manager:/home/mk/dev_ws/install/whisper_util:/home/mk/dev_ws/install/whisper_idl:/home/mk/dev_ws/install/whisper_cpp_vendor:/home/mk/dev_ws/install/realsense_gazebo_plugin:/home/mk/dev_ws/install/my_3d_vision_bringup:/home/mk/dev_ws/install/mbot_demo LD_LIBRARY_PATH=/home/mk/dev_ws/install/xarm_msgs/lib:/usr/local/cuda-12.1/lib64:/home/mk/dev_ws/install/zed_components/lib:/home/mk/dev_ws/install/zed_interfaces/lib:/home/mk/dev_ws/install/xarm_planner/lib:/home/mk/dev_ws/install/xarm_moveit_servo/lib:/home/mk/dev_ws/install/xarm_gazebo/lib:/home/mk/dev_ws/install/xarm_controller/lib:/home/mk/dev_ws/install/xarm_api/lib:/home/mk/dev_ws/install/xarm_sdk/lib:/home/mk/dev_ws/install/rviz_robot_control_panel/lib:/home/mk/dev_ws/install/whisper_server/lib:/home/mk/dev_ws/install/transcript_manager/lib:/home/mk/dev_ws/install/whisper_util/lib:/home/mk/dev_ws/install/whisper_idl/lib:/home/mk/dev_ws/install/whisper_cpp_vendor/lib:/home/mk/dev_ws/install/realsense_gazebo_plugin/lib:/home/mk/dev_ws/install/my_3d_vision_bringup/lib:/usr/lib/x86_64-linux-gnu/gazebo-11/plugins:/opt/ros/humble/opt/rviz_ogre_vendor/lib:/opt/ros/humble/lib/x86_64-linux-gnu:/opt/ros/humble/lib PYTHONPATH=/home/mk/dev_ws/build/move_to_coordinator/prefix_override:/usr/lib/python3/dist-packages/colcon_core/task/python/colcon_distutils_commands:/home/mk/dev_ws/install/move_to_coordinator/lib/python3.10/site-packages:${PYTHONPATH} /usr/bin/python3 -W ignore:setup.py install is deprecated -W ignore:easy_install command is deprecated setup.py develop --uninstall --editable --build-directory /home/mk/dev_ws/build/move_to_coordinator/build
[4.157s] DEBUG:colcon.colcon_core.event_handler.log_command:Invoked command in '/home/mk/dev_ws/build/voice_command_listener' returned '0': CMAKE_PREFIX_PATH=/home/mk/dev_ws/install/whisper_idl:/home/mk/dev_ws/install/zed_ros2:/home/mk/dev_ws/install/zed_wrapper:/home/mk/dev_ws/install/zed_components:/home/mk/dev_ws/install/zed_interfaces:/home/mk/dev_ws/install/xarm_planner:/home/mk/dev_ws/install/xarm_moveit_servo:/home/mk/dev_ws/install/xarm_moveit_config:/home/mk/dev_ws/install/xarm_gazebo:/home/mk/dev_ws/install/xarm_controller:/home/mk/dev_ws/install/xarm_api:/home/mk/dev_ws/install/xarm_sdk:/home/mk/dev_ws/install/rviz_robot_control_panel:/home/mk/dev_ws/install/xarm_msgs:/home/mk/dev_ws/install/xarm_description:/home/mk/dev_ws/install/whisper_bringup:/home/mk/dev_ws/install/whisper_server:/home/mk/dev_ws/install/transcript_manager:/home/mk/dev_ws/install/whisper_util:/home/mk/dev_ws/install/whisper_cpp_vendor:/home/mk/dev_ws/install/realsense_gazebo_plugin:/home/mk/dev_ws/install/my_3d_vision_bringup:/home/mk/dev_ws/install/mbot_demo LD_LIBRARY_PATH=/home/mk/dev_ws/install/whisper_idl/lib:/usr/local/cuda-12.1/lib64:/home/mk/dev_ws/install/zed_components/lib:/home/mk/dev_ws/install/zed_interfaces/lib:/home/mk/dev_ws/install/xarm_planner/lib:/home/mk/dev_ws/install/xarm_moveit_servo/lib:/home/mk/dev_ws/install/xarm_gazebo/lib:/home/mk/dev_ws/install/xarm_controller/lib:/home/mk/dev_ws/install/xarm_api/lib:/home/mk/dev_ws/install/xarm_sdk/lib:/home/mk/dev_ws/install/rviz_robot_control_panel/lib:/home/mk/dev_ws/install/xarm_msgs/lib:/home/mk/dev_ws/install/whisper_server/lib:/home/mk/dev_ws/install/transcript_manager/lib:/home/mk/dev_ws/install/whisper_util/lib:/home/mk/dev_ws/install/whisper_cpp_vendor/lib:/home/mk/dev_ws/install/realsense_gazebo_plugin/lib:/home/mk/dev_ws/install/my_3d_vision_bringup/lib:/usr/lib/x86_64-linux-gnu/gazebo-11/plugins:/opt/ros/humble/opt/rviz_ogre_vendor/lib:/opt/ros/humble/lib/x86_64-linux-gnu:/opt/ros/humble/lib PYTHONPATH=/home/mk/dev_ws/build/voice_command_listener/prefix_override:/usr/lib/python3/dist-packages/colcon_core/task/python/colcon_distutils_commands:/home/mk/dev_ws/install/voice_command_listener/lib/python3.10/site-packages:${PYTHONPATH} /usr/bin/python3 -W ignore:setup.py install is deprecated -W ignore:easy_install command is deprecated setup.py develop --uninstall --editable --build-directory /home/mk/dev_ws/build/voice_command_listener/build
[4.158s] DEBUG:colcon.colcon_core.event_handler.log_command:Invoking command in '/home/mk/dev_ws/src/voice_command_listener': CMAKE_PREFIX_PATH=/home/mk/dev_ws/install/whisper_idl:/home/mk/dev_ws/install/zed_ros2:/home/mk/dev_ws/install/zed_wrapper:/home/mk/dev_ws/install/zed_components:/home/mk/dev_ws/install/zed_interfaces:/home/mk/dev_ws/install/xarm_planner:/home/mk/dev_ws/install/xarm_moveit_servo:/home/mk/dev_ws/install/xarm_moveit_config:/home/mk/dev_ws/install/xarm_gazebo:/home/mk/dev_ws/install/xarm_controller:/home/mk/dev_ws/install/xarm_api:/home/mk/dev_ws/install/xarm_sdk:/home/mk/dev_ws/install/rviz_robot_control_panel:/home/mk/dev_ws/install/xarm_msgs:/home/mk/dev_ws/install/xarm_description:/home/mk/dev_ws/install/whisper_bringup:/home/mk/dev_ws/install/whisper_server:/home/mk/dev_ws/install/transcript_manager:/home/mk/dev_ws/install/whisper_util:/home/mk/dev_ws/install/whisper_cpp_vendor:/home/mk/dev_ws/install/realsense_gazebo_plugin:/home/mk/dev_ws/install/my_3d_vision_bringup:/home/mk/dev_ws/install/mbot_demo LD_LIBRARY_PATH=/home/mk/dev_ws/install/whisper_idl/lib:/usr/local/cuda-12.1/lib64:/home/mk/dev_ws/install/zed_components/lib:/home/mk/dev_ws/install/zed_interfaces/lib:/home/mk/dev_ws/install/xarm_planner/lib:/home/mk/dev_ws/install/xarm_moveit_servo/lib:/home/mk/dev_ws/install/xarm_gazebo/lib:/home/mk/dev_ws/install/xarm_controller/lib:/home/mk/dev_ws/install/xarm_api/lib:/home/mk/dev_ws/install/xarm_sdk/lib:/home/mk/dev_ws/install/rviz_robot_control_panel/lib:/home/mk/dev_ws/install/xarm_msgs/lib:/home/mk/dev_ws/install/whisper_server/lib:/home/mk/dev_ws/install/transcript_manager/lib:/home/mk/dev_ws/install/whisper_util/lib:/home/mk/dev_ws/install/whisper_cpp_vendor/lib:/home/mk/dev_ws/install/realsense_gazebo_plugin/lib:/home/mk/dev_ws/install/my_3d_vision_bringup/lib:/usr/lib/x86_64-linux-gnu/gazebo-11/plugins:/opt/ros/humble/opt/rviz_ogre_vendor/lib:/opt/ros/humble/lib/x86_64-linux-gnu:/opt/ros/humble/lib PYTHONPATH=/home/mk/dev_ws/build/voice_command_listener/prefix_override:/usr/lib/python3/dist-packages/colcon_core/task/python/colcon_distutils_commands:/home/mk/dev_ws/install/voice_command_listener/lib/python3.10/site-packages:${PYTHONPATH} /usr/bin/python3 -W ignore:setup.py install is deprecated -W ignore:easy_install command is deprecated setup.py egg_info --egg-base ../../build/voice_command_listener build --build-base /home/mk/dev_ws/build/voice_command_listener/build install --record /home/mk/dev_ws/build/voice_command_listener/install.log --single-version-externally-managed install_data --force
[4.172s] DEBUG:colcon.colcon_core.event_handler.log_command:Invoking command in '/home/mk/dev_ws/build/motion_sequence': CMAKE_PREFIX_PATH=/home/mk/dev_ws/install/xarm_msgs:/home/mk/dev_ws/install/zed_ros2:/home/mk/dev_ws/install/zed_wrapper:/home/mk/dev_ws/install/zed_components:/home/mk/dev_ws/install/zed_interfaces:/home/mk/dev_ws/install/xarm_planner:/home/mk/dev_ws/install/xarm_moveit_servo:/home/mk/dev_ws/install/xarm_moveit_config:/home/mk/dev_ws/install/xarm_gazebo:/home/mk/dev_ws/install/xarm_controller:/home/mk/dev_ws/install/xarm_api:/home/mk/dev_ws/install/xarm_sdk:/home/mk/dev_ws/install/rviz_robot_control_panel:/home/mk/dev_ws/install/xarm_description:/home/mk/dev_ws/install/whisper_bringup:/home/mk/dev_ws/install/whisper_server:/home/mk/dev_ws/install/transcript_manager:/home/mk/dev_ws/install/whisper_util:/home/mk/dev_ws/install/whisper_idl:/home/mk/dev_ws/install/whisper_cpp_vendor:/home/mk/dev_ws/install/realsense_gazebo_plugin:/home/mk/dev_ws/install/my_3d_vision_bringup:/home/mk/dev_ws/install/mbot_demo LD_LIBRARY_PATH=/home/mk/dev_ws/install/xarm_msgs/lib:/usr/local/cuda-12.1/lib64:/home/mk/dev_ws/install/zed_components/lib:/home/mk/dev_ws/install/zed_interfaces/lib:/home/mk/dev_ws/install/xarm_planner/lib:/home/mk/dev_ws/install/xarm_moveit_servo/lib:/home/mk/dev_ws/install/xarm_gazebo/lib:/home/mk/dev_ws/install/xarm_controller/lib:/home/mk/dev_ws/install/xarm_api/lib:/home/mk/dev_ws/install/xarm_sdk/lib:/home/mk/dev_ws/install/rviz_robot_control_panel/lib:/home/mk/dev_ws/install/whisper_server/lib:/home/mk/dev_ws/install/transcript_manager/lib:/home/mk/dev_ws/install/whisper_util/lib:/home/mk/dev_ws/install/whisper_idl/lib:/home/mk/dev_ws/install/whisper_cpp_vendor/lib:/home/mk/dev_ws/install/realsense_gazebo_plugin/lib:/home/mk/dev_ws/install/my_3d_vision_bringup/lib:/usr/lib/x86_64-linux-gnu/gazebo-11/plugins:/opt/ros/humble/opt/rviz_ogre_vendor/lib:/opt/ros/humble/lib/x86_64-linux-gnu:/opt/ros/humble/lib PYTHONPATH=/home/mk/dev_ws/build/motion_sequence/prefix_override:/usr/lib/python3/dist-packages/colcon_core/task/python/colcon_distutils_commands:/home/mk/dev_ws/install/motion_sequence/lib/python3.10/site-packages:${PYTHONPATH} /usr/bin/python3 -W ignore:setup.py install is deprecated -W ignore:easy_install command is deprecated setup.py develop --uninstall --editable --build-directory /home/mk/dev_ws/build/motion_sequence/build
[4.267s] DEBUG:colcon.colcon_core.event_handler.log_command:Invoked command in '/home/mk/dev_ws/build/transcript_manager' returned '0': CMAKE_PREFIX_PATH=/home/mk/dev_ws/install/whisper_util:/home/mk/dev_ws/install/whisper_idl:/home/mk/dev_ws/install/whisper_cpp_vendor:/home/mk/dev_ws/install/zed_ros2:/home/mk/dev_ws/install/zed_wrapper:/home/mk/dev_ws/install/zed_components:/home/mk/dev_ws/install/zed_interfaces:/home/mk/dev_ws/install/xarm_planner:/home/mk/dev_ws/install/xarm_moveit_servo:/home/mk/dev_ws/install/xarm_moveit_config:/home/mk/dev_ws/install/xarm_gazebo:/home/mk/dev_ws/install/xarm_controller:/home/mk/dev_ws/install/xarm_api:/home/mk/dev_ws/install/xarm_sdk:/home/mk/dev_ws/install/rviz_robot_control_panel:/home/mk/dev_ws/install/xarm_msgs:/home/mk/dev_ws/install/xarm_description:/home/mk/dev_ws/install/whisper_bringup:/home/mk/dev_ws/install/whisper_server:/home/mk/dev_ws/install/transcript_manager:/home/mk/dev_ws/install/realsense_gazebo_plugin:/home/mk/dev_ws/install/my_3d_vision_bringup:/home/mk/dev_ws/install/mbot_demo:/home/mk/dev_ws/install/yolo_object_detector:/home/mk/dev_ws/install/move_to_coordinator:/home/mk/dev_ws/install/motion_sequence:/home/mk/dev_ws/install/whisper_demos:/home/mk/dev_ws/install/voice_command_listener:/home/mk/dev_ws/install/uf_ros_lib:/home/mk/dev_ws/install/rviz_servo_status_overlay:/home/mk/dev_ws/install/rviz_marker_static_scene_objects:/home/mk/dev_ws/install/robot_motion_handler_movegroup:/home/mk/dev_ws/install/gaze_control:/home/mk/dev_ws/install/collision_check:/home/mk/dev_ws/install/audio_listener:/opt/ros/humble LD_LIBRARY_PATH=/home/mk/dev_ws/install/whisper_util/lib:/home/mk/dev_ws/install/whisper_idl/lib:/home/mk/dev_ws/install/whisper_cpp_vendor/lib:/usr/local/cuda-12.1/lib64:/home/mk/dev_ws/install/zed_components/lib:/home/mk/dev_ws/install/zed_interfaces/lib:/home/mk/dev_ws/install/xarm_planner/lib:/home/mk/dev_ws/install/xarm_moveit_servo/lib:/home/mk/dev_ws/install/xarm_gazebo/lib:/home/mk/dev_ws/install/xarm_controller/lib:/home/mk/dev_ws/install/xarm_api/lib:/home/mk/dev_ws/install/xarm_sdk/lib:/home/mk/dev_ws/install/rviz_robot_control_panel/lib:/home/mk/dev_ws/install/xarm_msgs/lib:/home/mk/dev_ws/install/whisper_server/lib:/home/mk/dev_ws/install/transcript_manager/lib:/home/mk/dev_ws/install/realsense_gazebo_plugin/lib:/home/mk/dev_ws/install/my_3d_vision_bringup/lib:/usr/lib/x86_64-linux-gnu/gazebo-11/plugins:/opt/ros/humble/opt/rviz_ogre_vendor/lib:/opt/ros/humble/lib/x86_64-linux-gnu:/opt/ros/humble/lib /usr/bin/cmake /home/mk/dev_ws/src/ros2_whisper/transcript_manager -DCMAKE_INSTALL_PREFIX=/home/mk/dev_ws/install/transcript_manager
[4.268s] DEBUG:colcon.colcon_core.event_handler.log_command:Invoking command in '/home/mk/dev_ws/build/transcript_manager': CMAKE_PREFIX_PATH=/home/mk/dev_ws/install/whisper_util:/home/mk/dev_ws/install/whisper_idl:/home/mk/dev_ws/install/whisper_cpp_vendor:/home/mk/dev_ws/install/zed_ros2:/home/mk/dev_ws/install/zed_wrapper:/home/mk/dev_ws/install/zed_components:/home/mk/dev_ws/install/zed_interfaces:/home/mk/dev_ws/install/xarm_planner:/home/mk/dev_ws/install/xarm_moveit_servo:/home/mk/dev_ws/install/xarm_moveit_config:/home/mk/dev_ws/install/xarm_gazebo:/home/mk/dev_ws/install/xarm_controller:/home/mk/dev_ws/install/xarm_api:/home/mk/dev_ws/install/xarm_sdk:/home/mk/dev_ws/install/rviz_robot_control_panel:/home/mk/dev_ws/install/xarm_msgs:/home/mk/dev_ws/install/xarm_description:/home/mk/dev_ws/install/whisper_bringup:/home/mk/dev_ws/install/whisper_server:/home/mk/dev_ws/install/transcript_manager:/home/mk/dev_ws/install/realsense_gazebo_plugin:/home/mk/dev_ws/install/my_3d_vision_bringup:/home/mk/dev_ws/install/mbot_demo:/home/mk/dev_ws/install/yolo_object_detector:/home/mk/dev_ws/install/move_to_coordinator:/home/mk/dev_ws/install/motion_sequence:/home/mk/dev_ws/install/whisper_demos:/home/mk/dev_ws/install/voice_command_listener:/home/mk/dev_ws/install/uf_ros_lib:/home/mk/dev_ws/install/rviz_servo_status_overlay:/home/mk/dev_ws/install/rviz_marker_static_scene_objects:/home/mk/dev_ws/install/robot_motion_handler_movegroup:/home/mk/dev_ws/install/gaze_control:/home/mk/dev_ws/install/collision_check:/home/mk/dev_ws/install/audio_listener:/opt/ros/humble LD_LIBRARY_PATH=/home/mk/dev_ws/install/whisper_util/lib:/home/mk/dev_ws/install/whisper_idl/lib:/home/mk/dev_ws/install/whisper_cpp_vendor/lib:/usr/local/cuda-12.1/lib64:/home/mk/dev_ws/install/zed_components/lib:/home/mk/dev_ws/install/zed_interfaces/lib:/home/mk/dev_ws/install/xarm_planner/lib:/home/mk/dev_ws/install/xarm_moveit_servo/lib:/home/mk/dev_ws/install/xarm_gazebo/lib:/home/mk/dev_ws/install/xarm_controller/lib:/home/mk/dev_ws/install/xarm_api/lib:/home/mk/dev_ws/install/xarm_sdk/lib:/home/mk/dev_ws/install/rviz_robot_control_panel/lib:/home/mk/dev_ws/install/xarm_msgs/lib:/home/mk/dev_ws/install/whisper_server/lib:/home/mk/dev_ws/install/transcript_manager/lib:/home/mk/dev_ws/install/realsense_gazebo_plugin/lib:/home/mk/dev_ws/install/my_3d_vision_bringup/lib:/usr/lib/x86_64-linux-gnu/gazebo-11/plugins:/opt/ros/humble/opt/rviz_ogre_vendor/lib:/opt/ros/humble/lib/x86_64-linux-gnu:/opt/ros/humble/lib /usr/bin/cmake --build /home/mk/dev_ws/build/transcript_manager -- -j16 -l16
[4.303s] DEBUG:colcon.colcon_core.event_handler.log_command:Invoked command in '/home/mk/dev_ws/build/whisper_server' returned '0': CMAKE_PREFIX_PATH=/home/mk/dev_ws/install/whisper_util:/home/mk/dev_ws/install/whisper_idl:/home/mk/dev_ws/install/whisper_cpp_vendor:/home/mk/dev_ws/install/zed_ros2:/home/mk/dev_ws/install/zed_wrapper:/home/mk/dev_ws/install/zed_components:/home/mk/dev_ws/install/zed_interfaces:/home/mk/dev_ws/install/xarm_planner:/home/mk/dev_ws/install/xarm_moveit_servo:/home/mk/dev_ws/install/xarm_moveit_config:/home/mk/dev_ws/install/xarm_gazebo:/home/mk/dev_ws/install/xarm_controller:/home/mk/dev_ws/install/xarm_api:/home/mk/dev_ws/install/xarm_sdk:/home/mk/dev_ws/install/rviz_robot_control_panel:/home/mk/dev_ws/install/xarm_msgs:/home/mk/dev_ws/install/xarm_description:/home/mk/dev_ws/install/whisper_bringup:/home/mk/dev_ws/install/whisper_server:/home/mk/dev_ws/install/transcript_manager:/home/mk/dev_ws/install/realsense_gazebo_plugin:/home/mk/dev_ws/install/my_3d_vision_bringup:/home/mk/dev_ws/install/mbot_demo:/home/mk/dev_ws/install/yolo_object_detector:/home/mk/dev_ws/install/move_to_coordinator:/home/mk/dev_ws/install/motion_sequence:/home/mk/dev_ws/install/whisper_demos:/home/mk/dev_ws/install/voice_command_listener:/home/mk/dev_ws/install/uf_ros_lib:/home/mk/dev_ws/install/rviz_servo_status_overlay:/home/mk/dev_ws/install/rviz_marker_static_scene_objects:/home/mk/dev_ws/install/robot_motion_handler_movegroup:/home/mk/dev_ws/install/gaze_control:/home/mk/dev_ws/install/collision_check:/home/mk/dev_ws/install/audio_listener:/opt/ros/humble LD_LIBRARY_PATH=/home/mk/dev_ws/install/whisper_util/lib:/home/mk/dev_ws/install/whisper_idl/lib:/home/mk/dev_ws/install/whisper_cpp_vendor/lib:/usr/local/cuda-12.1/lib64:/home/mk/dev_ws/install/zed_components/lib:/home/mk/dev_ws/install/zed_interfaces/lib:/home/mk/dev_ws/install/xarm_planner/lib:/home/mk/dev_ws/install/xarm_moveit_servo/lib:/home/mk/dev_ws/install/xarm_gazebo/lib:/home/mk/dev_ws/install/xarm_controller/lib:/home/mk/dev_ws/install/xarm_api/lib:/home/mk/dev_ws/install/xarm_sdk/lib:/home/mk/dev_ws/install/rviz_robot_control_panel/lib:/home/mk/dev_ws/install/xarm_msgs/lib:/home/mk/dev_ws/install/whisper_server/lib:/home/mk/dev_ws/install/transcript_manager/lib:/home/mk/dev_ws/install/realsense_gazebo_plugin/lib:/home/mk/dev_ws/install/my_3d_vision_bringup/lib:/usr/lib/x86_64-linux-gnu/gazebo-11/plugins:/opt/ros/humble/opt/rviz_ogre_vendor/lib:/opt/ros/humble/lib/x86_64-linux-gnu:/opt/ros/humble/lib /usr/bin/cmake /home/mk/dev_ws/src/ros2_whisper/whisper_server -DCMAKE_INSTALL_PREFIX=/home/mk/dev_ws/install/whisper_server
[4.304s] DEBUG:colcon.colcon_core.event_handler.log_command:Invoking command in '/home/mk/dev_ws/build/whisper_server': CMAKE_PREFIX_PATH=/home/mk/dev_ws/install/whisper_util:/home/mk/dev_ws/install/whisper_idl:/home/mk/dev_ws/install/whisper_cpp_vendor:/home/mk/dev_ws/install/zed_ros2:/home/mk/dev_ws/install/zed_wrapper:/home/mk/dev_ws/install/zed_components:/home/mk/dev_ws/install/zed_interfaces:/home/mk/dev_ws/install/xarm_planner:/home/mk/dev_ws/install/xarm_moveit_servo:/home/mk/dev_ws/install/xarm_moveit_config:/home/mk/dev_ws/install/xarm_gazebo:/home/mk/dev_ws/install/xarm_controller:/home/mk/dev_ws/install/xarm_api:/home/mk/dev_ws/install/xarm_sdk:/home/mk/dev_ws/install/rviz_robot_control_panel:/home/mk/dev_ws/install/xarm_msgs:/home/mk/dev_ws/install/xarm_description:/home/mk/dev_ws/install/whisper_bringup:/home/mk/dev_ws/install/whisper_server:/home/mk/dev_ws/install/transcript_manager:/home/mk/dev_ws/install/realsense_gazebo_plugin:/home/mk/dev_ws/install/my_3d_vision_bringup:/home/mk/dev_ws/install/mbot_demo:/home/mk/dev_ws/install/yolo_object_detector:/home/mk/dev_ws/install/move_to_coordinator:/home/mk/dev_ws/install/motion_sequence:/home/mk/dev_ws/install/whisper_demos:/home/mk/dev_ws/install/voice_command_listener:/home/mk/dev_ws/install/uf_ros_lib:/home/mk/dev_ws/install/rviz_servo_status_overlay:/home/mk/dev_ws/install/rviz_marker_static_scene_objects:/home/mk/dev_ws/install/robot_motion_handler_movegroup:/home/mk/dev_ws/install/gaze_control:/home/mk/dev_ws/install/collision_check:/home/mk/dev_ws/install/audio_listener:/opt/ros/humble LD_LIBRARY_PATH=/home/mk/dev_ws/install/whisper_util/lib:/home/mk/dev_ws/install/whisper_idl/lib:/home/mk/dev_ws/install/whisper_cpp_vendor/lib:/usr/local/cuda-12.1/lib64:/home/mk/dev_ws/install/zed_components/lib:/home/mk/dev_ws/install/zed_interfaces/lib:/home/mk/dev_ws/install/xarm_planner/lib:/home/mk/dev_ws/install/xarm_moveit_servo/lib:/home/mk/dev_ws/install/xarm_gazebo/lib:/home/mk/dev_ws/install/xarm_controller/lib:/home/mk/dev_ws/install/xarm_api/lib:/home/mk/dev_ws/install/xarm_sdk/lib:/home/mk/dev_ws/install/rviz_robot_control_panel/lib:/home/mk/dev_ws/install/xarm_msgs/lib:/home/mk/dev_ws/install/whisper_server/lib:/home/mk/dev_ws/install/transcript_manager/lib:/home/mk/dev_ws/install/realsense_gazebo_plugin/lib:/home/mk/dev_ws/install/my_3d_vision_bringup/lib:/usr/lib/x86_64-linux-gnu/gazebo-11/plugins:/opt/ros/humble/opt/rviz_ogre_vendor/lib:/opt/ros/humble/lib/x86_64-linux-gnu:/opt/ros/humble/lib /usr/bin/cmake --build /home/mk/dev_ws/build/whisper_server -- -j16 -l16
[4.354s] DEBUG:colcon.colcon_core.event_handler.log_command:Invoked command in '/home/mk/dev_ws/build/transcript_manager' returned '0': CMAKE_PREFIX_PATH=/home/mk/dev_ws/install/whisper_util:/home/mk/dev_ws/install/whisper_idl:/home/mk/dev_ws/install/whisper_cpp_vendor:/home/mk/dev_ws/install/zed_ros2:/home/mk/dev_ws/install/zed_wrapper:/home/mk/dev_ws/install/zed_components:/home/mk/dev_ws/install/zed_interfaces:/home/mk/dev_ws/install/xarm_planner:/home/mk/dev_ws/install/xarm_moveit_servo:/home/mk/dev_ws/install/xarm_moveit_config:/home/mk/dev_ws/install/xarm_gazebo:/home/mk/dev_ws/install/xarm_controller:/home/mk/dev_ws/install/xarm_api:/home/mk/dev_ws/install/xarm_sdk:/home/mk/dev_ws/install/rviz_robot_control_panel:/home/mk/dev_ws/install/xarm_msgs:/home/mk/dev_ws/install/xarm_description:/home/mk/dev_ws/install/whisper_bringup:/home/mk/dev_ws/install/whisper_server:/home/mk/dev_ws/install/transcript_manager:/home/mk/dev_ws/install/realsense_gazebo_plugin:/home/mk/dev_ws/install/my_3d_vision_bringup:/home/mk/dev_ws/install/mbot_demo:/home/mk/dev_ws/install/yolo_object_detector:/home/mk/dev_ws/install/move_to_coordinator:/home/mk/dev_ws/install/motion_sequence:/home/mk/dev_ws/install/whisper_demos:/home/mk/dev_ws/install/voice_command_listener:/home/mk/dev_ws/install/uf_ros_lib:/home/mk/dev_ws/install/rviz_servo_status_overlay:/home/mk/dev_ws/install/rviz_marker_static_scene_objects:/home/mk/dev_ws/install/robot_motion_handler_movegroup:/home/mk/dev_ws/install/gaze_control:/home/mk/dev_ws/install/collision_check:/home/mk/dev_ws/install/audio_listener:/opt/ros/humble LD_LIBRARY_PATH=/home/mk/dev_ws/install/whisper_util/lib:/home/mk/dev_ws/install/whisper_idl/lib:/home/mk/dev_ws/install/whisper_cpp_vendor/lib:/usr/local/cuda-12.1/lib64:/home/mk/dev_ws/install/zed_components/lib:/home/mk/dev_ws/install/zed_interfaces/lib:/home/mk/dev_ws/install/xarm_planner/lib:/home/mk/dev_ws/install/xarm_moveit_servo/lib:/home/mk/dev_ws/install/xarm_gazebo/lib:/home/mk/dev_ws/install/xarm_controller/lib:/home/mk/dev_ws/install/xarm_api/lib:/home/mk/dev_ws/install/xarm_sdk/lib:/home/mk/dev_ws/install/rviz_robot_control_panel/lib:/home/mk/dev_ws/install/xarm_msgs/lib:/home/mk/dev_ws/install/whisper_server/lib:/home/mk/dev_ws/install/transcript_manager/lib:/home/mk/dev_ws/install/realsense_gazebo_plugin/lib:/home/mk/dev_ws/install/my_3d_vision_bringup/lib:/usr/lib/x86_64-linux-gnu/gazebo-11/plugins:/opt/ros/humble/opt/rviz_ogre_vendor/lib:/opt/ros/humble/lib/x86_64-linux-gnu:/opt/ros/humble/lib /usr/bin/cmake --build /home/mk/dev_ws/build/transcript_manager -- -j16 -l16
[4.355s] DEBUG:colcon.colcon_core.event_handler.log_command:Invoking command in '/home/mk/dev_ws/build/transcript_manager': CMAKE_PREFIX_PATH=/home/mk/dev_ws/install/whisper_util:/home/mk/dev_ws/install/whisper_idl:/home/mk/dev_ws/install/whisper_cpp_vendor:/home/mk/dev_ws/install/zed_ros2:/home/mk/dev_ws/install/zed_wrapper:/home/mk/dev_ws/install/zed_components:/home/mk/dev_ws/install/zed_interfaces:/home/mk/dev_ws/install/xarm_planner:/home/mk/dev_ws/install/xarm_moveit_servo:/home/mk/dev_ws/install/xarm_moveit_config:/home/mk/dev_ws/install/xarm_gazebo:/home/mk/dev_ws/install/xarm_controller:/home/mk/dev_ws/install/xarm_api:/home/mk/dev_ws/install/xarm_sdk:/home/mk/dev_ws/install/rviz_robot_control_panel:/home/mk/dev_ws/install/xarm_msgs:/home/mk/dev_ws/install/xarm_description:/home/mk/dev_ws/install/whisper_bringup:/home/mk/dev_ws/install/whisper_server:/home/mk/dev_ws/install/transcript_manager:/home/mk/dev_ws/install/realsense_gazebo_plugin:/home/mk/dev_ws/install/my_3d_vision_bringup:/home/mk/dev_ws/install/mbot_demo:/home/mk/dev_ws/install/yolo_object_detector:/home/mk/dev_ws/install/move_to_coordinator:/home/mk/dev_ws/install/motion_sequence:/home/mk/dev_ws/install/whisper_demos:/home/mk/dev_ws/install/voice_command_listener:/home/mk/dev_ws/install/uf_ros_lib:/home/mk/dev_ws/install/rviz_servo_status_overlay:/home/mk/dev_ws/install/rviz_marker_static_scene_objects:/home/mk/dev_ws/install/robot_motion_handler_movegroup:/home/mk/dev_ws/install/gaze_control:/home/mk/dev_ws/install/collision_check:/home/mk/dev_ws/install/audio_listener:/opt/ros/humble LD_LIBRARY_PATH=/home/mk/dev_ws/install/whisper_util/lib:/home/mk/dev_ws/install/whisper_idl/lib:/home/mk/dev_ws/install/whisper_cpp_vendor/lib:/usr/local/cuda-12.1/lib64:/home/mk/dev_ws/install/zed_components/lib:/home/mk/dev_ws/install/zed_interfaces/lib:/home/mk/dev_ws/install/xarm_planner/lib:/home/mk/dev_ws/install/xarm_moveit_servo/lib:/home/mk/dev_ws/install/xarm_gazebo/lib:/home/mk/dev_ws/install/xarm_controller/lib:/home/mk/dev_ws/install/xarm_api/lib:/home/mk/dev_ws/install/xarm_sdk/lib:/home/mk/dev_ws/install/rviz_robot_control_panel/lib:/home/mk/dev_ws/install/xarm_msgs/lib:/home/mk/dev_ws/install/whisper_server/lib:/home/mk/dev_ws/install/transcript_manager/lib:/home/mk/dev_ws/install/realsense_gazebo_plugin/lib:/home/mk/dev_ws/install/my_3d_vision_bringup/lib:/usr/lib/x86_64-linux-gnu/gazebo-11/plugins:/opt/ros/humble/opt/rviz_ogre_vendor/lib:/opt/ros/humble/lib/x86_64-linux-gnu:/opt/ros/humble/lib /usr/bin/cmake --install /home/mk/dev_ws/build/transcript_manager
[4.362s] DEBUG:colcon.colcon_core.event_handler.log_command:Invoked command in '/home/mk/dev_ws/build/whisper_server' returned '0': CMAKE_PREFIX_PATH=/home/mk/dev_ws/install/whisper_util:/home/mk/dev_ws/install/whisper_idl:/home/mk/dev_ws/install/whisper_cpp_vendor:/home/mk/dev_ws/install/zed_ros2:/home/mk/dev_ws/install/zed_wrapper:/home/mk/dev_ws/install/zed_components:/home/mk/dev_ws/install/zed_interfaces:/home/mk/dev_ws/install/xarm_planner:/home/mk/dev_ws/install/xarm_moveit_servo:/home/mk/dev_ws/install/xarm_moveit_config:/home/mk/dev_ws/install/xarm_gazebo:/home/mk/dev_ws/install/xarm_controller:/home/mk/dev_ws/install/xarm_api:/home/mk/dev_ws/install/xarm_sdk:/home/mk/dev_ws/install/rviz_robot_control_panel:/home/mk/dev_ws/install/xarm_msgs:/home/mk/dev_ws/install/xarm_description:/home/mk/dev_ws/install/whisper_bringup:/home/mk/dev_ws/install/whisper_server:/home/mk/dev_ws/install/transcript_manager:/home/mk/dev_ws/install/realsense_gazebo_plugin:/home/mk/dev_ws/install/my_3d_vision_bringup:/home/mk/dev_ws/install/mbot_demo:/home/mk/dev_ws/install/yolo_object_detector:/home/mk/dev_ws/install/move_to_coordinator:/home/mk/dev_ws/install/motion_sequence:/home/mk/dev_ws/install/whisper_demos:/home/mk/dev_ws/install/voice_command_listener:/home/mk/dev_ws/install/uf_ros_lib:/home/mk/dev_ws/install/rviz_servo_status_overlay:/home/mk/dev_ws/install/rviz_marker_static_scene_objects:/home/mk/dev_ws/install/robot_motion_handler_movegroup:/home/mk/dev_ws/install/gaze_control:/home/mk/dev_ws/install/collision_check:/home/mk/dev_ws/install/audio_listener:/opt/ros/humble LD_LIBRARY_PATH=/home/mk/dev_ws/install/whisper_util/lib:/home/mk/dev_ws/install/whisper_idl/lib:/home/mk/dev_ws/install/whisper_cpp_vendor/lib:/usr/local/cuda-12.1/lib64:/home/mk/dev_ws/install/zed_components/lib:/home/mk/dev_ws/install/zed_interfaces/lib:/home/mk/dev_ws/install/xarm_planner/lib:/home/mk/dev_ws/install/xarm_moveit_servo/lib:/home/mk/dev_ws/install/xarm_gazebo/lib:/home/mk/dev_ws/install/xarm_controller/lib:/home/mk/dev_ws/install/xarm_api/lib:/home/mk/dev_ws/install/xarm_sdk/lib:/home/mk/dev_ws/install/rviz_robot_control_panel/lib:/home/mk/dev_ws/install/xarm_msgs/lib:/home/mk/dev_ws/install/whisper_server/lib:/home/mk/dev_ws/install/transcript_manager/lib:/home/mk/dev_ws/install/realsense_gazebo_plugin/lib:/home/mk/dev_ws/install/my_3d_vision_bringup/lib:/usr/lib/x86_64-linux-gnu/gazebo-11/plugins:/opt/ros/humble/opt/rviz_ogre_vendor/lib:/opt/ros/humble/lib/x86_64-linux-gnu:/opt/ros/humble/lib /usr/bin/cmake --build /home/mk/dev_ws/build/whisper_server -- -j16 -l16
[4.365s] DEBUG:colcon.colcon_core.event_handler.log_command:Invoking command in '/home/mk/dev_ws/build/whisper_server': CMAKE_PREFIX_PATH=/home/mk/dev_ws/install/whisper_util:/home/mk/dev_ws/install/whisper_idl:/home/mk/dev_ws/install/whisper_cpp_vendor:/home/mk/dev_ws/install/zed_ros2:/home/mk/dev_ws/install/zed_wrapper:/home/mk/dev_ws/install/zed_components:/home/mk/dev_ws/install/zed_interfaces:/home/mk/dev_ws/install/xarm_planner:/home/mk/dev_ws/install/xarm_moveit_servo:/home/mk/dev_ws/install/xarm_moveit_config:/home/mk/dev_ws/install/xarm_gazebo:/home/mk/dev_ws/install/xarm_controller:/home/mk/dev_ws/install/xarm_api:/home/mk/dev_ws/install/xarm_sdk:/home/mk/dev_ws/install/rviz_robot_control_panel:/home/mk/dev_ws/install/xarm_msgs:/home/mk/dev_ws/install/xarm_description:/home/mk/dev_ws/install/whisper_bringup:/home/mk/dev_ws/install/whisper_server:/home/mk/dev_ws/install/transcript_manager:/home/mk/dev_ws/install/realsense_gazebo_plugin:/home/mk/dev_ws/install/my_3d_vision_bringup:/home/mk/dev_ws/install/mbot_demo:/home/mk/dev_ws/install/yolo_object_detector:/home/mk/dev_ws/install/move_to_coordinator:/home/mk/dev_ws/install/motion_sequence:/home/mk/dev_ws/install/whisper_demos:/home/mk/dev_ws/install/voice_command_listener:/home/mk/dev_ws/install/uf_ros_lib:/home/mk/dev_ws/install/rviz_servo_status_overlay:/home/mk/dev_ws/install/rviz_marker_static_scene_objects:/home/mk/dev_ws/install/robot_motion_handler_movegroup:/home/mk/dev_ws/install/gaze_control:/home/mk/dev_ws/install/collision_check:/home/mk/dev_ws/install/audio_listener:/opt/ros/humble LD_LIBRARY_PATH=/home/mk/dev_ws/install/whisper_util/lib:/home/mk/dev_ws/install/whisper_idl/lib:/home/mk/dev_ws/install/whisper_cpp_vendor/lib:/usr/local/cuda-12.1/lib64:/home/mk/dev_ws/install/zed_components/lib:/home/mk/dev_ws/install/zed_interfaces/lib:/home/mk/dev_ws/install/xarm_planner/lib:/home/mk/dev_ws/install/xarm_moveit_servo/lib:/home/mk/dev_ws/install/xarm_gazebo/lib:/home/mk/dev_ws/install/xarm_controller/lib:/home/mk/dev_ws/install/xarm_api/lib:/home/mk/dev_ws/install/xarm_sdk/lib:/home/mk/dev_ws/install/rviz_robot_control_panel/lib:/home/mk/dev_ws/install/xarm_msgs/lib:/home/mk/dev_ws/install/whisper_server/lib:/home/mk/dev_ws/install/transcript_manager/lib:/home/mk/dev_ws/install/realsense_gazebo_plugin/lib:/home/mk/dev_ws/install/my_3d_vision_bringup/lib:/usr/lib/x86_64-linux-gnu/gazebo-11/plugins:/opt/ros/humble/opt/rviz_ogre_vendor/lib:/opt/ros/humble/lib/x86_64-linux-gnu:/opt/ros/humble/lib /usr/bin/cmake --install /home/mk/dev_ws/build/whisper_server
[4.371s] Level 1:colcon.colcon_core.environment:create_environment_scripts_only(transcript_manager)
[4.372s] Level 1:colcon.colcon_core.environment:checking '/home/mk/dev_ws/install/transcript_manager' for CMake module files
[4.372s] DEBUG:colcon.colcon_core.event_handler.log_command:Invoked command in '/home/mk/dev_ws/build/transcript_manager' returned '0': CMAKE_PREFIX_PATH=/home/mk/dev_ws/install/whisper_util:/home/mk/dev_ws/install/whisper_idl:/home/mk/dev_ws/install/whisper_cpp_vendor:/home/mk/dev_ws/install/zed_ros2:/home/mk/dev_ws/install/zed_wrapper:/home/mk/dev_ws/install/zed_components:/home/mk/dev_ws/install/zed_interfaces:/home/mk/dev_ws/install/xarm_planner:/home/mk/dev_ws/install/xarm_moveit_servo:/home/mk/dev_ws/install/xarm_moveit_config:/home/mk/dev_ws/install/xarm_gazebo:/home/mk/dev_ws/install/xarm_controller:/home/mk/dev_ws/install/xarm_api:/home/mk/dev_ws/install/xarm_sdk:/home/mk/dev_ws/install/rviz_robot_control_panel:/home/mk/dev_ws/install/xarm_msgs:/home/mk/dev_ws/install/xarm_description:/home/mk/dev_ws/install/whisper_bringup:/home/mk/dev_ws/install/whisper_server:/home/mk/dev_ws/install/transcript_manager:/home/mk/dev_ws/install/realsense_gazebo_plugin:/home/mk/dev_ws/install/my_3d_vision_bringup:/home/mk/dev_ws/install/mbot_demo:/home/mk/dev_ws/install/yolo_object_detector:/home/mk/dev_ws/install/move_to_coordinator:/home/mk/dev_ws/install/motion_sequence:/home/mk/dev_ws/install/whisper_demos:/home/mk/dev_ws/install/voice_command_listener:/home/mk/dev_ws/install/uf_ros_lib:/home/mk/dev_ws/install/rviz_servo_status_overlay:/home/mk/dev_ws/install/rviz_marker_static_scene_objects:/home/mk/dev_ws/install/robot_motion_handler_movegroup:/home/mk/dev_ws/install/gaze_control:/home/mk/dev_ws/install/collision_check:/home/mk/dev_ws/install/audio_listener:/opt/ros/humble LD_LIBRARY_PATH=/home/mk/dev_ws/install/whisper_util/lib:/home/mk/dev_ws/install/whisper_idl/lib:/home/mk/dev_ws/install/whisper_cpp_vendor/lib:/usr/local/cuda-12.1/lib64:/home/mk/dev_ws/install/zed_components/lib:/home/mk/dev_ws/install/zed_interfaces/lib:/home/mk/dev_ws/install/xarm_planner/lib:/home/mk/dev_ws/install/xarm_moveit_servo/lib:/home/mk/dev_ws/install/xarm_gazebo/lib:/home/mk/dev_ws/install/xarm_controller/lib:/home/mk/dev_ws/install/xarm_api/lib:/home/mk/dev_ws/install/xarm_sdk/lib:/home/mk/dev_ws/install/rviz_robot_control_panel/lib:/home/mk/dev_ws/install/xarm_msgs/lib:/home/mk/dev_ws/install/whisper_server/lib:/home/mk/dev_ws/install/transcript_manager/lib:/home/mk/dev_ws/install/realsense_gazebo_plugin/lib:/home/mk/dev_ws/install/my_3d_vision_bringup/lib:/usr/lib/x86_64-linux-gnu/gazebo-11/plugins:/opt/ros/humble/opt/rviz_ogre_vendor/lib:/opt/ros/humble/lib/x86_64-linux-gnu:/opt/ros/humble/lib /usr/bin/cmake --install /home/mk/dev_ws/build/transcript_manager
[4.373s] Level 1:colcon.colcon_core.environment:checking '/home/mk/dev_ws/install/transcript_manager' for CMake config files
[4.373s] Level 1:colcon.colcon_core.shell:create_environment_hook('transcript_manager', 'cmake_prefix_path')
[4.373s] INFO:colcon.colcon_core.shell:Creating environment hook '/home/mk/dev_ws/install/transcript_manager/share/transcript_manager/hook/cmake_prefix_path.ps1'
[4.374s] INFO:colcon.colcon_core.shell:Creating environment descriptor '/home/mk/dev_ws/install/transcript_manager/share/transcript_manager/hook/cmake_prefix_path.dsv'
[4.374s] INFO:colcon.colcon_core.shell:Creating environment hook '/home/mk/dev_ws/install/transcript_manager/share/transcript_manager/hook/cmake_prefix_path.sh'
[4.375s] Level 1:colcon.colcon_core.environment:checking '/home/mk/dev_ws/install/transcript_manager/lib'
[4.375s] Level 1:colcon.colcon_core.shell:create_environment_hook('transcript_manager', 'ld_library_path_lib')
[4.375s] INFO:colcon.colcon_core.shell:Creating environment hook '/home/mk/dev_ws/install/transcript_manager/share/transcript_manager/hook/ld_library_path_lib.ps1'
[4.375s] INFO:colcon.colcon_core.shell:Creating environment descriptor '/home/mk/dev_ws/install/transcript_manager/share/transcript_manager/hook/ld_library_path_lib.dsv'
[4.376s] INFO:colcon.colcon_core.shell:Creating environment hook '/home/mk/dev_ws/install/transcript_manager/share/transcript_manager/hook/ld_library_path_lib.sh'
[4.376s] Level 1:colcon.colcon_core.environment:checking '/home/mk/dev_ws/install/transcript_manager/bin'
[4.377s] Level 1:colcon.colcon_core.environment:checking '/home/mk/dev_ws/install/transcript_manager/lib/pkgconfig/transcript_manager.pc'
[4.377s] Level 1:colcon.colcon_core.environment:checking '/home/mk/dev_ws/install/transcript_manager/lib/python3.10/site-packages'
[4.377s] Level 1:colcon.colcon_core.environment:checking '/home/mk/dev_ws/install/transcript_manager/bin'
[4.377s] INFO:colcon.colcon_core.shell:Creating package script '/home/mk/dev_ws/install/transcript_manager/share/transcript_manager/package.ps1'
[4.378s] INFO:colcon.colcon_core.shell:Creating package descriptor '/home/mk/dev_ws/install/transcript_manager/share/transcript_manager/package.dsv'
[4.378s] INFO:colcon.colcon_core.shell:Creating package script '/home/mk/dev_ws/install/transcript_manager/share/transcript_manager/package.sh'
[4.379s] INFO:colcon.colcon_core.shell:Creating package script '/home/mk/dev_ws/install/transcript_manager/share/transcript_manager/package.bash'
[4.379s] INFO:colcon.colcon_core.shell:Creating package script '/home/mk/dev_ws/install/transcript_manager/share/transcript_manager/package.zsh'
[4.379s] Level 1:colcon.colcon_core.environment:create_file_with_runtime_dependencies(/home/mk/dev_ws/install/transcript_manager/share/colcon-core/packages/transcript_manager)
[4.380s] Level 1:colcon.colcon_core.environment:create_environment_scripts_only(transcript_manager)
[4.380s] Level 1:colcon.colcon_core.environment:checking '/home/mk/dev_ws/install/transcript_manager' for CMake module files
[4.381s] Level 1:colcon.colcon_core.environment:checking '/home/mk/dev_ws/install/transcript_manager' for CMake config files
[4.381s] Level 1:colcon.colcon_core.shell:create_environment_hook('transcript_manager', 'cmake_prefix_path')
[4.381s] INFO:colcon.colcon_core.shell:Creating environment hook '/home/mk/dev_ws/install/transcript_manager/share/transcript_manager/hook/cmake_prefix_path.ps1'
[4.382s] INFO:colcon.colcon_core.shell:Creating environment descriptor '/home/mk/dev_ws/install/transcript_manager/share/transcript_manager/hook/cmake_prefix_path.dsv'
[4.382s] INFO:colcon.colcon_core.shell:Creating environment hook '/home/mk/dev_ws/install/transcript_manager/share/transcript_manager/hook/cmake_prefix_path.sh'
[4.382s] Level 1:colcon.colcon_core.environment:checking '/home/mk/dev_ws/install/transcript_manager/lib'
[4.382s] Level 1:colcon.colcon_core.shell:create_environment_hook('transcript_manager', 'ld_library_path_lib')
[4.382s] INFO:colcon.colcon_core.shell:Creating environment hook '/home/mk/dev_ws/install/transcript_manager/share/transcript_manager/hook/ld_library_path_lib.ps1'
[4.383s] INFO:colcon.colcon_core.shell:Creating environment descriptor '/home/mk/dev_ws/install/transcript_manager/share/transcript_manager/hook/ld_library_path_lib.dsv'
[4.383s] INFO:colcon.colcon_core.shell:Creating environment hook '/home/mk/dev_ws/install/transcript_manager/share/transcript_manager/hook/ld_library_path_lib.sh'
[4.383s] Level 1:colcon.colcon_core.environment:checking '/home/mk/dev_ws/install/transcript_manager/bin'
[4.383s] Level 1:colcon.colcon_core.environment:checking '/home/mk/dev_ws/install/transcript_manager/lib/pkgconfig/transcript_manager.pc'
[4.383s] Level 1:colcon.colcon_core.environment:checking '/home/mk/dev_ws/install/transcript_manager/lib/python3.10/site-packages'
[4.384s] Level 1:colcon.colcon_core.environment:checking '/home/mk/dev_ws/install/transcript_manager/bin'
[4.384s] INFO:colcon.colcon_core.shell:Creating package script '/home/mk/dev_ws/install/transcript_manager/share/transcript_manager/package.ps1'
[4.384s] INFO:colcon.colcon_core.shell:Creating package descriptor '/home/mk/dev_ws/install/transcript_manager/share/transcript_manager/package.dsv'
[4.384s] INFO:colcon.colcon_core.shell:Creating package script '/home/mk/dev_ws/install/transcript_manager/share/transcript_manager/package.sh'
[4.385s] INFO:colcon.colcon_core.shell:Creating package script '/home/mk/dev_ws/install/transcript_manager/share/transcript_manager/package.bash'
[4.385s] INFO:colcon.colcon_core.shell:Creating package script '/home/mk/dev_ws/install/transcript_manager/share/transcript_manager/package.zsh'
[4.385s] Level 1:colcon.colcon_core.environment:create_file_with_runtime_dependencies(/home/mk/dev_ws/install/transcript_manager/share/colcon-core/packages/transcript_manager)
[4.386s] Level 1:colcon.colcon_core.environment:create_environment_scripts_only(whisper_server)
[4.387s] Level 1:colcon.colcon_core.environment:checking '/home/mk/dev_ws/install/whisper_server' for CMake module files
[4.387s] DEBUG:colcon.colcon_core.event_handler.log_command:Invoked command in '/home/mk/dev_ws/build/whisper_server' returned '0': CMAKE_PREFIX_PATH=/home/mk/dev_ws/install/whisper_util:/home/mk/dev_ws/install/whisper_idl:/home/mk/dev_ws/install/whisper_cpp_vendor:/home/mk/dev_ws/install/zed_ros2:/home/mk/dev_ws/install/zed_wrapper:/home/mk/dev_ws/install/zed_components:/home/mk/dev_ws/install/zed_interfaces:/home/mk/dev_ws/install/xarm_planner:/home/mk/dev_ws/install/xarm_moveit_servo:/home/mk/dev_ws/install/xarm_moveit_config:/home/mk/dev_ws/install/xarm_gazebo:/home/mk/dev_ws/install/xarm_controller:/home/mk/dev_ws/install/xarm_api:/home/mk/dev_ws/install/xarm_sdk:/home/mk/dev_ws/install/rviz_robot_control_panel:/home/mk/dev_ws/install/xarm_msgs:/home/mk/dev_ws/install/xarm_description:/home/mk/dev_ws/install/whisper_bringup:/home/mk/dev_ws/install/whisper_server:/home/mk/dev_ws/install/transcript_manager:/home/mk/dev_ws/install/realsense_gazebo_plugin:/home/mk/dev_ws/install/my_3d_vision_bringup:/home/mk/dev_ws/install/mbot_demo:/home/mk/dev_ws/install/yolo_object_detector:/home/mk/dev_ws/install/move_to_coordinator:/home/mk/dev_ws/install/motion_sequence:/home/mk/dev_ws/install/whisper_demos:/home/mk/dev_ws/install/voice_command_listener:/home/mk/dev_ws/install/uf_ros_lib:/home/mk/dev_ws/install/rviz_servo_status_overlay:/home/mk/dev_ws/install/rviz_marker_static_scene_objects:/home/mk/dev_ws/install/robot_motion_handler_movegroup:/home/mk/dev_ws/install/gaze_control:/home/mk/dev_ws/install/collision_check:/home/mk/dev_ws/install/audio_listener:/opt/ros/humble LD_LIBRARY_PATH=/home/mk/dev_ws/install/whisper_util/lib:/home/mk/dev_ws/install/whisper_idl/lib:/home/mk/dev_ws/install/whisper_cpp_vendor/lib:/usr/local/cuda-12.1/lib64:/home/mk/dev_ws/install/zed_components/lib:/home/mk/dev_ws/install/zed_interfaces/lib:/home/mk/dev_ws/install/xarm_planner/lib:/home/mk/dev_ws/install/xarm_moveit_servo/lib:/home/mk/dev_ws/install/xarm_gazebo/lib:/home/mk/dev_ws/install/xarm_controller/lib:/home/mk/dev_ws/install/xarm_api/lib:/home/mk/dev_ws/install/xarm_sdk/lib:/home/mk/dev_ws/install/rviz_robot_control_panel/lib:/home/mk/dev_ws/install/xarm_msgs/lib:/home/mk/dev_ws/install/whisper_server/lib:/home/mk/dev_ws/install/transcript_manager/lib:/home/mk/dev_ws/install/realsense_gazebo_plugin/lib:/home/mk/dev_ws/install/my_3d_vision_bringup/lib:/usr/lib/x86_64-linux-gnu/gazebo-11/plugins:/opt/ros/humble/opt/rviz_ogre_vendor/lib:/opt/ros/humble/lib/x86_64-linux-gnu:/opt/ros/humble/lib /usr/bin/cmake --install /home/mk/dev_ws/build/whisper_server
[4.387s] Level 1:colcon.colcon_core.environment:checking '/home/mk/dev_ws/install/whisper_server' for CMake config files
[4.387s] Level 1:colcon.colcon_core.shell:create_environment_hook('whisper_server', 'cmake_prefix_path')
[4.387s] INFO:colcon.colcon_core.shell:Creating environment hook '/home/mk/dev_ws/install/whisper_server/share/whisper_server/hook/cmake_prefix_path.ps1'
[4.388s] INFO:colcon.colcon_core.shell:Creating environment descriptor '/home/mk/dev_ws/install/whisper_server/share/whisper_server/hook/cmake_prefix_path.dsv'
[4.388s] INFO:colcon.colcon_core.shell:Creating environment hook '/home/mk/dev_ws/install/whisper_server/share/whisper_server/hook/cmake_prefix_path.sh'
[4.388s] Level 1:colcon.colcon_core.environment:checking '/home/mk/dev_ws/install/whisper_server/lib'
[4.388s] Level 1:colcon.colcon_core.shell:create_environment_hook('whisper_server', 'ld_library_path_lib')
[4.389s] INFO:colcon.colcon_core.shell:Creating environment hook '/home/mk/dev_ws/install/whisper_server/share/whisper_server/hook/ld_library_path_lib.ps1'
[4.389s] INFO:colcon.colcon_core.shell:Creating environment descriptor '/home/mk/dev_ws/install/whisper_server/share/whisper_server/hook/ld_library_path_lib.dsv'
[4.389s] INFO:colcon.colcon_core.shell:Creating environment hook '/home/mk/dev_ws/install/whisper_server/share/whisper_server/hook/ld_library_path_lib.sh'
[4.389s] Level 1:colcon.colcon_core.environment:checking '/home/mk/dev_ws/install/whisper_server/bin'
[4.389s] Level 1:colcon.colcon_core.environment:checking '/home/mk/dev_ws/install/whisper_server/lib/pkgconfig/whisper_server.pc'
[4.389s] Level 1:colcon.colcon_core.environment:checking '/home/mk/dev_ws/install/whisper_server/lib/python3.10/site-packages'
[4.390s] Level 1:colcon.colcon_core.environment:checking '/home/mk/dev_ws/install/whisper_server/bin'
[4.390s] INFO:colcon.colcon_core.shell:Creating package script '/home/mk/dev_ws/install/whisper_server/share/whisper_server/package.ps1'
[4.390s] INFO:colcon.colcon_core.shell:Creating package descriptor '/home/mk/dev_ws/install/whisper_server/share/whisper_server/package.dsv'
[4.390s] INFO:colcon.colcon_core.shell:Creating package script '/home/mk/dev_ws/install/whisper_server/share/whisper_server/package.sh'
[4.391s] INFO:colcon.colcon_core.shell:Creating package script '/home/mk/dev_ws/install/whisper_server/share/whisper_server/package.bash'
[4.391s] INFO:colcon.colcon_core.shell:Creating package script '/home/mk/dev_ws/install/whisper_server/share/whisper_server/package.zsh'
[4.391s] Level 1:colcon.colcon_core.environment:create_file_with_runtime_dependencies(/home/mk/dev_ws/install/whisper_server/share/colcon-core/packages/whisper_server)
[4.391s] Level 1:colcon.colcon_core.environment:create_environment_scripts_only(whisper_server)
[4.392s] Level 1:colcon.colcon_core.environment:checking '/home/mk/dev_ws/install/whisper_server' for CMake module files
[4.392s] Level 1:colcon.colcon_core.environment:checking '/home/mk/dev_ws/install/whisper_server' for CMake config files
[4.392s] Level 1:colcon.colcon_core.shell:create_environment_hook('whisper_server', 'cmake_prefix_path')
[4.392s] INFO:colcon.colcon_core.shell:Creating environment hook '/home/mk/dev_ws/install/whisper_server/share/whisper_server/hook/cmake_prefix_path.ps1'
[4.392s] INFO:colcon.colcon_core.shell:Creating environment descriptor '/home/mk/dev_ws/install/whisper_server/share/whisper_server/hook/cmake_prefix_path.dsv'
[4.393s] INFO:colcon.colcon_core.shell:Creating environment hook '/home/mk/dev_ws/install/whisper_server/share/whisper_server/hook/cmake_prefix_path.sh'
[4.393s] Level 1:colcon.colcon_core.environment:checking '/home/mk/dev_ws/install/whisper_server/lib'
[4.393s] Level 1:colcon.colcon_core.shell:create_environment_hook('whisper_server', 'ld_library_path_lib')
[4.393s] INFO:colcon.colcon_core.shell:Creating environment hook '/home/mk/dev_ws/install/whisper_server/share/whisper_server/hook/ld_library_path_lib.ps1'
[4.394s] INFO:colcon.colcon_core.shell:Creating environment descriptor '/home/mk/dev_ws/install/whisper_server/share/whisper_server/hook/ld_library_path_lib.dsv'
[4.394s] INFO:colcon.colcon_core.shell:Creating environment hook '/home/mk/dev_ws/install/whisper_server/share/whisper_server/hook/ld_library_path_lib.sh'
[4.394s] Level 1:colcon.colcon_core.environment:checking '/home/mk/dev_ws/install/whisper_server/bin'
[4.394s] Level 1:colcon.colcon_core.environment:checking '/home/mk/dev_ws/install/whisper_server/lib/pkgconfig/whisper_server.pc'
[4.395s] Level 1:colcon.colcon_core.environment:checking '/home/mk/dev_ws/install/whisper_server/lib/python3.10/site-packages'
[4.395s] Level 1:colcon.colcon_core.environment:checking '/home/mk/dev_ws/install/whisper_server/bin'
[4.395s] INFO:colcon.colcon_core.shell:Creating package script '/home/mk/dev_ws/install/whisper_server/share/whisper_server/package.ps1'
[4.395s] INFO:colcon.colcon_core.shell:Creating package descriptor '/home/mk/dev_ws/install/whisper_server/share/whisper_server/package.dsv'
[4.395s] INFO:colcon.colcon_core.shell:Creating package script '/home/mk/dev_ws/install/whisper_server/share/whisper_server/package.sh'
[4.396s] INFO:colcon.colcon_core.shell:Creating package script '/home/mk/dev_ws/install/whisper_server/share/whisper_server/package.bash'
[4.396s] INFO:colcon.colcon_core.shell:Creating package script '/home/mk/dev_ws/install/whisper_server/share/whisper_server/package.zsh'
[4.396s] Level 1:colcon.colcon_core.environment:create_file_with_runtime_dependencies(/home/mk/dev_ws/install/whisper_server/share/colcon-core/packages/whisper_server)
[4.396s] INFO:colcon.colcon_ros.task.ament_cmake.build:Building ROS package in '/home/mk/dev_ws/src/ros2_whisper/whisper_bringup' with build type 'ament_cmake'
[4.397s] INFO:colcon.colcon_cmake.task.cmake.build:Building CMake package in '/home/mk/dev_ws/src/ros2_whisper/whisper_bringup'
[4.397s] INFO:colcon.colcon_core.shell:Skip shell extension 'powershell' for command environment: Not usable outside of PowerShell
[4.397s] DEBUG:colcon.colcon_core.shell:Skip shell extension 'dsv' for command environment
[4.401s] INFO:colcon.colcon_ros.task.ament_python.build:Building ROS package in '/home/mk/dev_ws/src/ros2_whisper/whisper_demos' with build type 'ament_python'
[4.401s] Level 1:colcon.colcon_core.shell:create_environment_hook('whisper_demos', 'ament_prefix_path')
[4.401s] INFO:colcon.colcon_core.shell:Creating environment hook '/home/mk/dev_ws/install/whisper_demos/share/whisper_demos/hook/ament_prefix_path.ps1'
[4.402s] INFO:colcon.colcon_core.shell:Creating environment descriptor '/home/mk/dev_ws/install/whisper_demos/share/whisper_demos/hook/ament_prefix_path.dsv'
[4.402s] INFO:colcon.colcon_core.shell:Creating environment hook '/home/mk/dev_ws/install/whisper_demos/share/whisper_demos/hook/ament_prefix_path.sh'
[4.403s] INFO:colcon.colcon_core.shell:Skip shell extension 'powershell' for command environment: Not usable outside of PowerShell
[4.403s] DEBUG:colcon.colcon_core.shell:Skip shell extension 'dsv' for command environment
[4.410s] DEBUG:colcon.colcon_core.event_handler.log_command:Invoking command in '/home/mk/dev_ws/build/whisper_bringup': CMAKE_PREFIX_PATH=/home/mk/dev_ws/install/whisper_server:/home/mk/dev_ws/install/whisper_util:/home/mk/dev_ws/install/whisper_idl:/home/mk/dev_ws/install/whisper_cpp_vendor:/home/mk/dev_ws/install/zed_ros2:/home/mk/dev_ws/install/zed_wrapper:/home/mk/dev_ws/install/zed_components:/home/mk/dev_ws/install/zed_interfaces:/home/mk/dev_ws/install/xarm_planner:/home/mk/dev_ws/install/xarm_moveit_servo:/home/mk/dev_ws/install/xarm_moveit_config:/home/mk/dev_ws/install/xarm_gazebo:/home/mk/dev_ws/install/xarm_controller:/home/mk/dev_ws/install/xarm_api:/home/mk/dev_ws/install/xarm_sdk:/home/mk/dev_ws/install/rviz_robot_control_panel:/home/mk/dev_ws/install/xarm_msgs:/home/mk/dev_ws/install/xarm_description:/home/mk/dev_ws/install/whisper_bringup:/home/mk/dev_ws/install/transcript_manager:/home/mk/dev_ws/install/realsense_gazebo_plugin:/home/mk/dev_ws/install/my_3d_vision_bringup:/home/mk/dev_ws/install/mbot_demo:/home/mk/dev_ws/install/yolo_object_detector:/home/mk/dev_ws/install/move_to_coordinator:/home/mk/dev_ws/install/motion_sequence:/home/mk/dev_ws/install/whisper_demos:/home/mk/dev_ws/install/voice_command_listener:/home/mk/dev_ws/install/uf_ros_lib:/home/mk/dev_ws/install/rviz_servo_status_overlay:/home/mk/dev_ws/install/rviz_marker_static_scene_objects:/home/mk/dev_ws/install/robot_motion_handler_movegroup:/home/mk/dev_ws/install/gaze_control:/home/mk/dev_ws/install/collision_check:/home/mk/dev_ws/install/audio_listener:/opt/ros/humble LD_LIBRARY_PATH=/home/mk/dev_ws/install/whisper_server/lib:/home/mk/dev_ws/install/whisper_util/lib:/home/mk/dev_ws/install/whisper_idl/lib:/home/mk/dev_ws/install/whisper_cpp_vendor/lib:/usr/local/cuda-12.1/lib64:/home/mk/dev_ws/install/zed_components/lib:/home/mk/dev_ws/install/zed_interfaces/lib:/home/mk/dev_ws/install/xarm_planner/lib:/home/mk/dev_ws/install/xarm_moveit_servo/lib:/home/mk/dev_ws/install/xarm_gazebo/lib:/home/mk/dev_ws/install/xarm_controller/lib:/home/mk/dev_ws/install/xarm_api/lib:/home/mk/dev_ws/install/xarm_sdk/lib:/home/mk/dev_ws/install/rviz_robot_control_panel/lib:/home/mk/dev_ws/install/xarm_msgs/lib:/home/mk/dev_ws/install/transcript_manager/lib:/home/mk/dev_ws/install/realsense_gazebo_plugin/lib:/home/mk/dev_ws/install/my_3d_vision_bringup/lib:/usr/lib/x86_64-linux-gnu/gazebo-11/plugins:/opt/ros/humble/opt/rviz_ogre_vendor/lib:/opt/ros/humble/lib/x86_64-linux-gnu:/opt/ros/humble/lib /usr/bin/cmake /home/mk/dev_ws/src/ros2_whisper/whisper_bringup -DCMAKE_INSTALL_PREFIX=/home/mk/dev_ws/install/whisper_bringup
[4.642s] INFO:colcon.colcon_core.task.python.build:Building Python package in '/home/mk/dev_ws/src/ros2_whisper/whisper_demos'
[4.643s] INFO:colcon.colcon_core.shell:Skip shell extension 'powershell' for command environment: Not usable outside of PowerShell
[4.643s] DEBUG:colcon.colcon_core.shell:Skip shell extension 'dsv' for command environment
[4.647s] DEBUG:colcon.colcon_core.event_handler.log_command:Invoked command in '/home/mk/dev_ws/build/xarm_controller' returned '0': CMAKE_PREFIX_PATH=/home/mk/dev_ws/install/xarm_api:/home/mk/dev_ws/install/xarm_sdk:/home/mk/dev_ws/install/xarm_msgs:/home/mk/dev_ws/install/xarm_description:/home/mk/dev_ws/install/zed_ros2:/home/mk/dev_ws/install/zed_wrapper:/home/mk/dev_ws/install/zed_components:/home/mk/dev_ws/install/zed_interfaces:/home/mk/dev_ws/install/xarm_planner:/home/mk/dev_ws/install/xarm_moveit_servo:/home/mk/dev_ws/install/xarm_moveit_config:/home/mk/dev_ws/install/xarm_gazebo:/home/mk/dev_ws/install/xarm_controller:/home/mk/dev_ws/install/rviz_robot_control_panel:/home/mk/dev_ws/install/whisper_bringup:/home/mk/dev_ws/install/whisper_server:/home/mk/dev_ws/install/transcript_manager:/home/mk/dev_ws/install/whisper_util:/home/mk/dev_ws/install/whisper_idl:/home/mk/dev_ws/install/whisper_cpp_vendor:/home/mk/dev_ws/install/realsense_gazebo_plugin:/home/mk/dev_ws/install/my_3d_vision_bringup:/home/mk/dev_ws/install/mbot_demo:/home/mk/dev_ws/install/yolo_object_detector:/home/mk/dev_ws/install/move_to_coordinator:/home/mk/dev_ws/install/motion_sequence:/home/mk/dev_ws/install/whisper_demos:/home/mk/dev_ws/install/voice_command_listener:/home/mk/dev_ws/install/uf_ros_lib:/home/mk/dev_ws/install/rviz_servo_status_overlay:/home/mk/dev_ws/install/rviz_marker_static_scene_objects:/home/mk/dev_ws/install/robot_motion_handler_movegroup:/home/mk/dev_ws/install/gaze_control:/home/mk/dev_ws/install/collision_check:/home/mk/dev_ws/install/audio_listener:/opt/ros/humble LD_LIBRARY_PATH=/home/mk/dev_ws/install/xarm_api/lib:/home/mk/dev_ws/install/xarm_sdk/lib:/home/mk/dev_ws/install/xarm_msgs/lib:/usr/local/cuda-12.1/lib64:/home/mk/dev_ws/install/zed_components/lib:/home/mk/dev_ws/install/zed_interfaces/lib:/home/mk/dev_ws/install/xarm_planner/lib:/home/mk/dev_ws/install/xarm_moveit_servo/lib:/home/mk/dev_ws/install/xarm_gazebo/lib:/home/mk/dev_ws/install/xarm_controller/lib:/home/mk/dev_ws/install/rviz_robot_control_panel/lib:/home/mk/dev_ws/install/whisper_server/lib:/home/mk/dev_ws/install/transcript_manager/lib:/home/mk/dev_ws/install/whisper_util/lib:/home/mk/dev_ws/install/whisper_idl/lib:/home/mk/dev_ws/install/whisper_cpp_vendor/lib:/home/mk/dev_ws/install/realsense_gazebo_plugin/lib:/home/mk/dev_ws/install/my_3d_vision_bringup/lib:/usr/lib/x86_64-linux-gnu/gazebo-11/plugins:/opt/ros/humble/opt/rviz_ogre_vendor/lib:/opt/ros/humble/lib/x86_64-linux-gnu:/opt/ros/humble/lib /usr/bin/cmake /home/mk/dev_ws/src/xarm_ros2/xarm_controller -DCMAKE_INSTALL_PREFIX=/home/mk/dev_ws/install/xarm_controller
[4.648s] Level 1:colcon.colcon_core.environment:checking '/home/mk/dev_ws/install/voice_command_listener' for CMake module files
[4.649s] DEBUG:colcon.colcon_core.event_handler.log_command:Invoking command in '/home/mk/dev_ws/build/xarm_controller': CMAKE_PREFIX_PATH=/home/mk/dev_ws/install/xarm_api:/home/mk/dev_ws/install/xarm_sdk:/home/mk/dev_ws/install/xarm_msgs:/home/mk/dev_ws/install/xarm_description:/home/mk/dev_ws/install/zed_ros2:/home/mk/dev_ws/install/zed_wrapper:/home/mk/dev_ws/install/zed_components:/home/mk/dev_ws/install/zed_interfaces:/home/mk/dev_ws/install/xarm_planner:/home/mk/dev_ws/install/xarm_moveit_servo:/home/mk/dev_ws/install/xarm_moveit_config:/home/mk/dev_ws/install/xarm_gazebo:/home/mk/dev_ws/install/xarm_controller:/home/mk/dev_ws/install/rviz_robot_control_panel:/home/mk/dev_ws/install/whisper_bringup:/home/mk/dev_ws/install/whisper_server:/home/mk/dev_ws/install/transcript_manager:/home/mk/dev_ws/install/whisper_util:/home/mk/dev_ws/install/whisper_idl:/home/mk/dev_ws/install/whisper_cpp_vendor:/home/mk/dev_ws/install/realsense_gazebo_plugin:/home/mk/dev_ws/install/my_3d_vision_bringup:/home/mk/dev_ws/install/mbot_demo:/home/mk/dev_ws/install/yolo_object_detector:/home/mk/dev_ws/install/move_to_coordinator:/home/mk/dev_ws/install/motion_sequence:/home/mk/dev_ws/install/whisper_demos:/home/mk/dev_ws/install/voice_command_listener:/home/mk/dev_ws/install/uf_ros_lib:/home/mk/dev_ws/install/rviz_servo_status_overlay:/home/mk/dev_ws/install/rviz_marker_static_scene_objects:/home/mk/dev_ws/install/robot_motion_handler_movegroup:/home/mk/dev_ws/install/gaze_control:/home/mk/dev_ws/install/collision_check:/home/mk/dev_ws/install/audio_listener:/opt/ros/humble LD_LIBRARY_PATH=/home/mk/dev_ws/install/xarm_api/lib:/home/mk/dev_ws/install/xarm_sdk/lib:/home/mk/dev_ws/install/xarm_msgs/lib:/usr/local/cuda-12.1/lib64:/home/mk/dev_ws/install/zed_components/lib:/home/mk/dev_ws/install/zed_interfaces/lib:/home/mk/dev_ws/install/xarm_planner/lib:/home/mk/dev_ws/install/xarm_moveit_servo/lib:/home/mk/dev_ws/install/xarm_gazebo/lib:/home/mk/dev_ws/install/xarm_controller/lib:/home/mk/dev_ws/install/rviz_robot_control_panel/lib:/home/mk/dev_ws/install/whisper_server/lib:/home/mk/dev_ws/install/transcript_manager/lib:/home/mk/dev_ws/install/whisper_util/lib:/home/mk/dev_ws/install/whisper_idl/lib:/home/mk/dev_ws/install/whisper_cpp_vendor/lib:/home/mk/dev_ws/install/realsense_gazebo_plugin/lib:/home/mk/dev_ws/install/my_3d_vision_bringup/lib:/usr/lib/x86_64-linux-gnu/gazebo-11/plugins:/opt/ros/humble/opt/rviz_ogre_vendor/lib:/opt/ros/humble/lib/x86_64-linux-gnu:/opt/ros/humble/lib /usr/bin/cmake --build /home/mk/dev_ws/build/xarm_controller -- -j16 -l16
[4.649s] DEBUG:colcon.colcon_core.event_handler.log_command:Invoked command in '/home/mk/dev_ws/src/voice_command_listener' returned '0': CMAKE_PREFIX_PATH=/home/mk/dev_ws/install/whisper_idl:/home/mk/dev_ws/install/zed_ros2:/home/mk/dev_ws/install/zed_wrapper:/home/mk/dev_ws/install/zed_components:/home/mk/dev_ws/install/zed_interfaces:/home/mk/dev_ws/install/xarm_planner:/home/mk/dev_ws/install/xarm_moveit_servo:/home/mk/dev_ws/install/xarm_moveit_config:/home/mk/dev_ws/install/xarm_gazebo:/home/mk/dev_ws/install/xarm_controller:/home/mk/dev_ws/install/xarm_api:/home/mk/dev_ws/install/xarm_sdk:/home/mk/dev_ws/install/rviz_robot_control_panel:/home/mk/dev_ws/install/xarm_msgs:/home/mk/dev_ws/install/xarm_description:/home/mk/dev_ws/install/whisper_bringup:/home/mk/dev_ws/install/whisper_server:/home/mk/dev_ws/install/transcript_manager:/home/mk/dev_ws/install/whisper_util:/home/mk/dev_ws/install/whisper_cpp_vendor:/home/mk/dev_ws/install/realsense_gazebo_plugin:/home/mk/dev_ws/install/my_3d_vision_bringup:/home/mk/dev_ws/install/mbot_demo LD_LIBRARY_PATH=/home/mk/dev_ws/install/whisper_idl/lib:/usr/local/cuda-12.1/lib64:/home/mk/dev_ws/install/zed_components/lib:/home/mk/dev_ws/install/zed_interfaces/lib:/home/mk/dev_ws/install/xarm_planner/lib:/home/mk/dev_ws/install/xarm_moveit_servo/lib:/home/mk/dev_ws/install/xarm_gazebo/lib:/home/mk/dev_ws/install/xarm_controller/lib:/home/mk/dev_ws/install/xarm_api/lib:/home/mk/dev_ws/install/xarm_sdk/lib:/home/mk/dev_ws/install/rviz_robot_control_panel/lib:/home/mk/dev_ws/install/xarm_msgs/lib:/home/mk/dev_ws/install/whisper_server/lib:/home/mk/dev_ws/install/transcript_manager/lib:/home/mk/dev_ws/install/whisper_util/lib:/home/mk/dev_ws/install/whisper_cpp_vendor/lib:/home/mk/dev_ws/install/realsense_gazebo_plugin/lib:/home/mk/dev_ws/install/my_3d_vision_bringup/lib:/usr/lib/x86_64-linux-gnu/gazebo-11/plugins:/opt/ros/humble/opt/rviz_ogre_vendor/lib:/opt/ros/humble/lib/x86_64-linux-gnu:/opt/ros/humble/lib PYTHONPATH=/home/mk/dev_ws/build/voice_command_listener/prefix_override:/usr/lib/python3/dist-packages/colcon_core/task/python/colcon_distutils_commands:/home/mk/dev_ws/install/voice_command_listener/lib/python3.10/site-packages:${PYTHONPATH} /usr/bin/python3 -W ignore:setup.py install is deprecated -W ignore:easy_install command is deprecated setup.py egg_info --egg-base ../../build/voice_command_listener build --build-base /home/mk/dev_ws/build/voice_command_listener/build install --record /home/mk/dev_ws/build/voice_command_listener/install.log --single-version-externally-managed install_data --force
[4.649s] Level 1:colcon.colcon_core.environment:checking '/home/mk/dev_ws/install/voice_command_listener' for CMake config files
[4.650s] Level 1:colcon.colcon_core.environment:checking '/home/mk/dev_ws/install/voice_command_listener/lib'
[4.650s] Level 1:colcon.colcon_core.environment:checking '/home/mk/dev_ws/install/voice_command_listener/bin'
[4.650s] Level 1:colcon.colcon_core.environment:checking '/home/mk/dev_ws/install/voice_command_listener/lib/pkgconfig/voice_command_listener.pc'
[4.650s] Level 1:colcon.colcon_core.environment:checking '/home/mk/dev_ws/install/voice_command_listener/lib/python3.10/site-packages'
[4.650s] Level 1:colcon.colcon_core.shell:create_environment_hook('voice_command_listener', 'pythonpath')
[4.650s] INFO:colcon.colcon_core.shell:Creating environment hook '/home/mk/dev_ws/install/voice_command_listener/share/voice_command_listener/hook/pythonpath.ps1'
[4.650s] INFO:colcon.colcon_core.shell:Creating environment descriptor '/home/mk/dev_ws/install/voice_command_listener/share/voice_command_listener/hook/pythonpath.dsv'
[4.651s] INFO:colcon.colcon_core.shell:Creating environment hook '/home/mk/dev_ws/install/voice_command_listener/share/voice_command_listener/hook/pythonpath.sh'
[4.651s] Level 1:colcon.colcon_core.environment:checking '/home/mk/dev_ws/install/voice_command_listener/bin'
[4.651s] Level 1:colcon.colcon_core.environment:create_environment_scripts_only(voice_command_listener)
[4.652s] INFO:colcon.colcon_core.shell:Creating package script '/home/mk/dev_ws/install/voice_command_listener/share/voice_command_listener/package.ps1'
[4.652s] INFO:colcon.colcon_core.shell:Creating package descriptor '/home/mk/dev_ws/install/voice_command_listener/share/voice_command_listener/package.dsv'
[4.652s] INFO:colcon.colcon_core.shell:Creating package script '/home/mk/dev_ws/install/voice_command_listener/share/voice_command_listener/package.sh'
[4.653s] INFO:colcon.colcon_core.shell:Creating package script '/home/mk/dev_ws/install/voice_command_listener/share/voice_command_listener/package.bash'
[4.653s] INFO:colcon.colcon_core.shell:Creating package script '/home/mk/dev_ws/install/voice_command_listener/share/voice_command_listener/package.zsh'
[4.653s] Level 1:colcon.colcon_core.environment:create_file_with_runtime_dependencies(/home/mk/dev_ws/install/voice_command_listener/share/colcon-core/packages/voice_command_listener)
[4.657s] DEBUG:colcon.colcon_core.event_handler.log_command:Invoked command in '/home/mk/dev_ws/build/motion_sequence' returned '0': CMAKE_PREFIX_PATH=/home/mk/dev_ws/install/xarm_msgs:/home/mk/dev_ws/install/zed_ros2:/home/mk/dev_ws/install/zed_wrapper:/home/mk/dev_ws/install/zed_components:/home/mk/dev_ws/install/zed_interfaces:/home/mk/dev_ws/install/xarm_planner:/home/mk/dev_ws/install/xarm_moveit_servo:/home/mk/dev_ws/install/xarm_moveit_config:/home/mk/dev_ws/install/xarm_gazebo:/home/mk/dev_ws/install/xarm_controller:/home/mk/dev_ws/install/xarm_api:/home/mk/dev_ws/install/xarm_sdk:/home/mk/dev_ws/install/rviz_robot_control_panel:/home/mk/dev_ws/install/xarm_description:/home/mk/dev_ws/install/whisper_bringup:/home/mk/dev_ws/install/whisper_server:/home/mk/dev_ws/install/transcript_manager:/home/mk/dev_ws/install/whisper_util:/home/mk/dev_ws/install/whisper_idl:/home/mk/dev_ws/install/whisper_cpp_vendor:/home/mk/dev_ws/install/realsense_gazebo_plugin:/home/mk/dev_ws/install/my_3d_vision_bringup:/home/mk/dev_ws/install/mbot_demo LD_LIBRARY_PATH=/home/mk/dev_ws/install/xarm_msgs/lib:/usr/local/cuda-12.1/lib64:/home/mk/dev_ws/install/zed_components/lib:/home/mk/dev_ws/install/zed_interfaces/lib:/home/mk/dev_ws/install/xarm_planner/lib:/home/mk/dev_ws/install/xarm_moveit_servo/lib:/home/mk/dev_ws/install/xarm_gazebo/lib:/home/mk/dev_ws/install/xarm_controller/lib:/home/mk/dev_ws/install/xarm_api/lib:/home/mk/dev_ws/install/xarm_sdk/lib:/home/mk/dev_ws/install/rviz_robot_control_panel/lib:/home/mk/dev_ws/install/whisper_server/lib:/home/mk/dev_ws/install/transcript_manager/lib:/home/mk/dev_ws/install/whisper_util/lib:/home/mk/dev_ws/install/whisper_idl/lib:/home/mk/dev_ws/install/whisper_cpp_vendor/lib:/home/mk/dev_ws/install/realsense_gazebo_plugin/lib:/home/mk/dev_ws/install/my_3d_vision_bringup/lib:/usr/lib/x86_64-linux-gnu/gazebo-11/plugins:/opt/ros/humble/opt/rviz_ogre_vendor/lib:/opt/ros/humble/lib/x86_64-linux-gnu:/opt/ros/humble/lib PYTHONPATH=/home/mk/dev_ws/build/motion_sequence/prefix_override:/usr/lib/python3/dist-packages/colcon_core/task/python/colcon_distutils_commands:/home/mk/dev_ws/install/motion_sequence/lib/python3.10/site-packages:${PYTHONPATH} /usr/bin/python3 -W ignore:setup.py install is deprecated -W ignore:easy_install command is deprecated setup.py develop --uninstall --editable --build-directory /home/mk/dev_ws/build/motion_sequence/build
[4.662s] DEBUG:colcon.colcon_core.event_handler.log_command:Invoking command in '/home/mk/dev_ws/src/motion_sequence': CMAKE_PREFIX_PATH=/home/mk/dev_ws/install/xarm_msgs:/home/mk/dev_ws/install/zed_ros2:/home/mk/dev_ws/install/zed_wrapper:/home/mk/dev_ws/install/zed_components:/home/mk/dev_ws/install/zed_interfaces:/home/mk/dev_ws/install/xarm_planner:/home/mk/dev_ws/install/xarm_moveit_servo:/home/mk/dev_ws/install/xarm_moveit_config:/home/mk/dev_ws/install/xarm_gazebo:/home/mk/dev_ws/install/xarm_controller:/home/mk/dev_ws/install/xarm_api:/home/mk/dev_ws/install/xarm_sdk:/home/mk/dev_ws/install/rviz_robot_control_panel:/home/mk/dev_ws/install/xarm_description:/home/mk/dev_ws/install/whisper_bringup:/home/mk/dev_ws/install/whisper_server:/home/mk/dev_ws/install/transcript_manager:/home/mk/dev_ws/install/whisper_util:/home/mk/dev_ws/install/whisper_idl:/home/mk/dev_ws/install/whisper_cpp_vendor:/home/mk/dev_ws/install/realsense_gazebo_plugin:/home/mk/dev_ws/install/my_3d_vision_bringup:/home/mk/dev_ws/install/mbot_demo LD_LIBRARY_PATH=/home/mk/dev_ws/install/xarm_msgs/lib:/usr/local/cuda-12.1/lib64:/home/mk/dev_ws/install/zed_components/lib:/home/mk/dev_ws/install/zed_interfaces/lib:/home/mk/dev_ws/install/xarm_planner/lib:/home/mk/dev_ws/install/xarm_moveit_servo/lib:/home/mk/dev_ws/install/xarm_gazebo/lib:/home/mk/dev_ws/install/xarm_controller/lib:/home/mk/dev_ws/install/xarm_api/lib:/home/mk/dev_ws/install/xarm_sdk/lib:/home/mk/dev_ws/install/rviz_robot_control_panel/lib:/home/mk/dev_ws/install/whisper_server/lib:/home/mk/dev_ws/install/transcript_manager/lib:/home/mk/dev_ws/install/whisper_util/lib:/home/mk/dev_ws/install/whisper_idl/lib:/home/mk/dev_ws/install/whisper_cpp_vendor/lib:/home/mk/dev_ws/install/realsense_gazebo_plugin/lib:/home/mk/dev_ws/install/my_3d_vision_bringup/lib:/usr/lib/x86_64-linux-gnu/gazebo-11/plugins:/opt/ros/humble/opt/rviz_ogre_vendor/lib:/opt/ros/humble/lib/x86_64-linux-gnu:/opt/ros/humble/lib PYTHONPATH=/home/mk/dev_ws/build/motion_sequence/prefix_override:/usr/lib/python3/dist-packages/colcon_core/task/python/colcon_distutils_commands:/home/mk/dev_ws/install/motion_sequence/lib/python3.10/site-packages:${PYTHONPATH} /usr/bin/python3 -W ignore:setup.py install is deprecated -W ignore:easy_install command is deprecated setup.py egg_info --egg-base ../../build/motion_sequence build --build-base /home/mk/dev_ws/build/motion_sequence/build install --record /home/mk/dev_ws/build/motion_sequence/install.log --single-version-externally-managed install_data --force
[4.663s] DEBUG:colcon.colcon_core.event_handler.log_command:Invoked command in '/home/mk/dev_ws/build/move_to_coordinator' returned '0': CMAKE_PREFIX_PATH=/home/mk/dev_ws/install/xarm_msgs:/home/mk/dev_ws/install/zed_ros2:/home/mk/dev_ws/install/zed_wrapper:/home/mk/dev_ws/install/zed_components:/home/mk/dev_ws/install/zed_interfaces:/home/mk/dev_ws/install/xarm_planner:/home/mk/dev_ws/install/xarm_moveit_servo:/home/mk/dev_ws/install/xarm_moveit_config:/home/mk/dev_ws/install/xarm_gazebo:/home/mk/dev_ws/install/xarm_controller:/home/mk/dev_ws/install/xarm_api:/home/mk/dev_ws/install/xarm_sdk:/home/mk/dev_ws/install/rviz_robot_control_panel:/home/mk/dev_ws/install/xarm_description:/home/mk/dev_ws/install/whisper_bringup:/home/mk/dev_ws/install/whisper_server:/home/mk/dev_ws/install/transcript_manager:/home/mk/dev_ws/install/whisper_util:/home/mk/dev_ws/install/whisper_idl:/home/mk/dev_ws/install/whisper_cpp_vendor:/home/mk/dev_ws/install/realsense_gazebo_plugin:/home/mk/dev_ws/install/my_3d_vision_bringup:/home/mk/dev_ws/install/mbot_demo LD_LIBRARY_PATH=/home/mk/dev_ws/install/xarm_msgs/lib:/usr/local/cuda-12.1/lib64:/home/mk/dev_ws/install/zed_components/lib:/home/mk/dev_ws/install/zed_interfaces/lib:/home/mk/dev_ws/install/xarm_planner/lib:/home/mk/dev_ws/install/xarm_moveit_servo/lib:/home/mk/dev_ws/install/xarm_gazebo/lib:/home/mk/dev_ws/install/xarm_controller/lib:/home/mk/dev_ws/install/xarm_api/lib:/home/mk/dev_ws/install/xarm_sdk/lib:/home/mk/dev_ws/install/rviz_robot_control_panel/lib:/home/mk/dev_ws/install/whisper_server/lib:/home/mk/dev_ws/install/transcript_manager/lib:/home/mk/dev_ws/install/whisper_util/lib:/home/mk/dev_ws/install/whisper_idl/lib:/home/mk/dev_ws/install/whisper_cpp_vendor/lib:/home/mk/dev_ws/install/realsense_gazebo_plugin/lib:/home/mk/dev_ws/install/my_3d_vision_bringup/lib:/usr/lib/x86_64-linux-gnu/gazebo-11/plugins:/opt/ros/humble/opt/rviz_ogre_vendor/lib:/opt/ros/humble/lib/x86_64-linux-gnu:/opt/ros/humble/lib PYTHONPATH=/home/mk/dev_ws/build/move_to_coordinator/prefix_override:/usr/lib/python3/dist-packages/colcon_core/task/python/colcon_distutils_commands:/home/mk/dev_ws/install/move_to_coordinator/lib/python3.10/site-packages:${PYTHONPATH} /usr/bin/python3 -W ignore:setup.py install is deprecated -W ignore:easy_install command is deprecated setup.py develop --uninstall --editable --build-directory /home/mk/dev_ws/build/move_to_coordinator/build
[4.663s] DEBUG:colcon.colcon_core.event_handler.log_command:Invoking command in '/home/mk/dev_ws/src/move_to_coordinator': CMAKE_PREFIX_PATH=/home/mk/dev_ws/install/xarm_msgs:/home/mk/dev_ws/install/zed_ros2:/home/mk/dev_ws/install/zed_wrapper:/home/mk/dev_ws/install/zed_components:/home/mk/dev_ws/install/zed_interfaces:/home/mk/dev_ws/install/xarm_planner:/home/mk/dev_ws/install/xarm_moveit_servo:/home/mk/dev_ws/install/xarm_moveit_config:/home/mk/dev_ws/install/xarm_gazebo:/home/mk/dev_ws/install/xarm_controller:/home/mk/dev_ws/install/xarm_api:/home/mk/dev_ws/install/xarm_sdk:/home/mk/dev_ws/install/rviz_robot_control_panel:/home/mk/dev_ws/install/xarm_description:/home/mk/dev_ws/install/whisper_bringup:/home/mk/dev_ws/install/whisper_server:/home/mk/dev_ws/install/transcript_manager:/home/mk/dev_ws/install/whisper_util:/home/mk/dev_ws/install/whisper_idl:/home/mk/dev_ws/install/whisper_cpp_vendor:/home/mk/dev_ws/install/realsense_gazebo_plugin:/home/mk/dev_ws/install/my_3d_vision_bringup:/home/mk/dev_ws/install/mbot_demo LD_LIBRARY_PATH=/home/mk/dev_ws/install/xarm_msgs/lib:/usr/local/cuda-12.1/lib64:/home/mk/dev_ws/install/zed_components/lib:/home/mk/dev_ws/install/zed_interfaces/lib:/home/mk/dev_ws/install/xarm_planner/lib:/home/mk/dev_ws/install/xarm_moveit_servo/lib:/home/mk/dev_ws/install/xarm_gazebo/lib:/home/mk/dev_ws/install/xarm_controller/lib:/home/mk/dev_ws/install/xarm_api/lib:/home/mk/dev_ws/install/xarm_sdk/lib:/home/mk/dev_ws/install/rviz_robot_control_panel/lib:/home/mk/dev_ws/install/whisper_server/lib:/home/mk/dev_ws/install/transcript_manager/lib:/home/mk/dev_ws/install/whisper_util/lib:/home/mk/dev_ws/install/whisper_idl/lib:/home/mk/dev_ws/install/whisper_cpp_vendor/lib:/home/mk/dev_ws/install/realsense_gazebo_plugin/lib:/home/mk/dev_ws/install/my_3d_vision_bringup/lib:/usr/lib/x86_64-linux-gnu/gazebo-11/plugins:/opt/ros/humble/opt/rviz_ogre_vendor/lib:/opt/ros/humble/lib/x86_64-linux-gnu:/opt/ros/humble/lib PYTHONPATH=/home/mk/dev_ws/build/move_to_coordinator/prefix_override:/usr/lib/python3/dist-packages/colcon_core/task/python/colcon_distutils_commands:/home/mk/dev_ws/install/move_to_coordinator/lib/python3.10/site-packages:${PYTHONPATH} /usr/bin/python3 -W ignore:setup.py install is deprecated -W ignore:easy_install command is deprecated setup.py egg_info --egg-base ../../build/move_to_coordinator build --build-base /home/mk/dev_ws/build/move_to_coordinator/build install --record /home/mk/dev_ws/build/move_to_coordinator/install.log --single-version-externally-managed install_data --force
[4.663s] DEBUG:colcon.colcon_core.event_handler.log_command:Invoked command in '/home/mk/dev_ws/build/rviz_robot_control_panel' returned '0': CMAKE_PREFIX_PATH=/home/mk/dev_ws/install/xarm_msgs:/home/mk/dev_ws/install/zed_ros2:/home/mk/dev_ws/install/zed_wrapper:/home/mk/dev_ws/install/zed_components:/home/mk/dev_ws/install/zed_interfaces:/home/mk/dev_ws/install/xarm_planner:/home/mk/dev_ws/install/xarm_moveit_servo:/home/mk/dev_ws/install/xarm_moveit_config:/home/mk/dev_ws/install/xarm_gazebo:/home/mk/dev_ws/install/xarm_controller:/home/mk/dev_ws/install/xarm_api:/home/mk/dev_ws/install/xarm_sdk:/home/mk/dev_ws/install/rviz_robot_control_panel:/home/mk/dev_ws/install/xarm_description:/home/mk/dev_ws/install/whisper_bringup:/home/mk/dev_ws/install/whisper_server:/home/mk/dev_ws/install/transcript_manager:/home/mk/dev_ws/install/whisper_util:/home/mk/dev_ws/install/whisper_idl:/home/mk/dev_ws/install/whisper_cpp_vendor:/home/mk/dev_ws/install/realsense_gazebo_plugin:/home/mk/dev_ws/install/my_3d_vision_bringup:/home/mk/dev_ws/install/mbot_demo:/home/mk/dev_ws/install/yolo_object_detector:/home/mk/dev_ws/install/move_to_coordinator:/home/mk/dev_ws/install/motion_sequence:/home/mk/dev_ws/install/whisper_demos:/home/mk/dev_ws/install/voice_command_listener:/home/mk/dev_ws/install/uf_ros_lib:/home/mk/dev_ws/install/rviz_servo_status_overlay:/home/mk/dev_ws/install/rviz_marker_static_scene_objects:/home/mk/dev_ws/install/robot_motion_handler_movegroup:/home/mk/dev_ws/install/gaze_control:/home/mk/dev_ws/install/collision_check:/home/mk/dev_ws/install/audio_listener:/opt/ros/humble LD_LIBRARY_PATH=/home/mk/dev_ws/install/xarm_msgs/lib:/usr/local/cuda-12.1/lib64:/home/mk/dev_ws/install/zed_components/lib:/home/mk/dev_ws/install/zed_interfaces/lib:/home/mk/dev_ws/install/xarm_planner/lib:/home/mk/dev_ws/install/xarm_moveit_servo/lib:/home/mk/dev_ws/install/xarm_gazebo/lib:/home/mk/dev_ws/install/xarm_controller/lib:/home/mk/dev_ws/install/xarm_api/lib:/home/mk/dev_ws/install/xarm_sdk/lib:/home/mk/dev_ws/install/rviz_robot_control_panel/lib:/home/mk/dev_ws/install/whisper_server/lib:/home/mk/dev_ws/install/transcript_manager/lib:/home/mk/dev_ws/install/whisper_util/lib:/home/mk/dev_ws/install/whisper_idl/lib:/home/mk/dev_ws/install/whisper_cpp_vendor/lib:/home/mk/dev_ws/install/realsense_gazebo_plugin/lib:/home/mk/dev_ws/install/my_3d_vision_bringup/lib:/usr/lib/x86_64-linux-gnu/gazebo-11/plugins:/opt/ros/humble/opt/rviz_ogre_vendor/lib:/opt/ros/humble/lib/x86_64-linux-gnu:/opt/ros/humble/lib /usr/bin/cmake /home/mk/dev_ws/src/rviz_robot_control_panel -DCMAKE_INSTALL_PREFIX=/home/mk/dev_ws/install/rviz_robot_control_panel
[4.664s] DEBUG:colcon.colcon_core.event_handler.log_command:Invoking command in '/home/mk/dev_ws/build/rviz_robot_control_panel': CMAKE_PREFIX_PATH=/home/mk/dev_ws/install/xarm_msgs:/home/mk/dev_ws/install/zed_ros2:/home/mk/dev_ws/install/zed_wrapper:/home/mk/dev_ws/install/zed_components:/home/mk/dev_ws/install/zed_interfaces:/home/mk/dev_ws/install/xarm_planner:/home/mk/dev_ws/install/xarm_moveit_servo:/home/mk/dev_ws/install/xarm_moveit_config:/home/mk/dev_ws/install/xarm_gazebo:/home/mk/dev_ws/install/xarm_controller:/home/mk/dev_ws/install/xarm_api:/home/mk/dev_ws/install/xarm_sdk:/home/mk/dev_ws/install/rviz_robot_control_panel:/home/mk/dev_ws/install/xarm_description:/home/mk/dev_ws/install/whisper_bringup:/home/mk/dev_ws/install/whisper_server:/home/mk/dev_ws/install/transcript_manager:/home/mk/dev_ws/install/whisper_util:/home/mk/dev_ws/install/whisper_idl:/home/mk/dev_ws/install/whisper_cpp_vendor:/home/mk/dev_ws/install/realsense_gazebo_plugin:/home/mk/dev_ws/install/my_3d_vision_bringup:/home/mk/dev_ws/install/mbot_demo:/home/mk/dev_ws/install/yolo_object_detector:/home/mk/dev_ws/install/move_to_coordinator:/home/mk/dev_ws/install/motion_sequence:/home/mk/dev_ws/install/whisper_demos:/home/mk/dev_ws/install/voice_command_listener:/home/mk/dev_ws/install/uf_ros_lib:/home/mk/dev_ws/install/rviz_servo_status_overlay:/home/mk/dev_ws/install/rviz_marker_static_scene_objects:/home/mk/dev_ws/install/robot_motion_handler_movegroup:/home/mk/dev_ws/install/gaze_control:/home/mk/dev_ws/install/collision_check:/home/mk/dev_ws/install/audio_listener:/opt/ros/humble LD_LIBRARY_PATH=/home/mk/dev_ws/install/xarm_msgs/lib:/usr/local/cuda-12.1/lib64:/home/mk/dev_ws/install/zed_components/lib:/home/mk/dev_ws/install/zed_interfaces/lib:/home/mk/dev_ws/install/xarm_planner/lib:/home/mk/dev_ws/install/xarm_moveit_servo/lib:/home/mk/dev_ws/install/xarm_gazebo/lib:/home/mk/dev_ws/install/xarm_controller/lib:/home/mk/dev_ws/install/xarm_api/lib:/home/mk/dev_ws/install/xarm_sdk/lib:/home/mk/dev_ws/install/rviz_robot_control_panel/lib:/home/mk/dev_ws/install/whisper_server/lib:/home/mk/dev_ws/install/transcript_manager/lib:/home/mk/dev_ws/install/whisper_util/lib:/home/mk/dev_ws/install/whisper_idl/lib:/home/mk/dev_ws/install/whisper_cpp_vendor/lib:/home/mk/dev_ws/install/realsense_gazebo_plugin/lib:/home/mk/dev_ws/install/my_3d_vision_bringup/lib:/usr/lib/x86_64-linux-gnu/gazebo-11/plugins:/opt/ros/humble/opt/rviz_ogre_vendor/lib:/opt/ros/humble/lib/x86_64-linux-gnu:/opt/ros/humble/lib /usr/bin/cmake --build /home/mk/dev_ws/build/rviz_robot_control_panel -- -j16 -l16
[4.665s] DEBUG:colcon.colcon_core.event_handler.log_command:Invoked command in '/home/mk/dev_ws/build/whisper_bringup' returned '0': CMAKE_PREFIX_PATH=/home/mk/dev_ws/install/whisper_server:/home/mk/dev_ws/install/whisper_util:/home/mk/dev_ws/install/whisper_idl:/home/mk/dev_ws/install/whisper_cpp_vendor:/home/mk/dev_ws/install/zed_ros2:/home/mk/dev_ws/install/zed_wrapper:/home/mk/dev_ws/install/zed_components:/home/mk/dev_ws/install/zed_interfaces:/home/mk/dev_ws/install/xarm_planner:/home/mk/dev_ws/install/xarm_moveit_servo:/home/mk/dev_ws/install/xarm_moveit_config:/home/mk/dev_ws/install/xarm_gazebo:/home/mk/dev_ws/install/xarm_controller:/home/mk/dev_ws/install/xarm_api:/home/mk/dev_ws/install/xarm_sdk:/home/mk/dev_ws/install/rviz_robot_control_panel:/home/mk/dev_ws/install/xarm_msgs:/home/mk/dev_ws/install/xarm_description:/home/mk/dev_ws/install/whisper_bringup:/home/mk/dev_ws/install/transcript_manager:/home/mk/dev_ws/install/realsense_gazebo_plugin:/home/mk/dev_ws/install/my_3d_vision_bringup:/home/mk/dev_ws/install/mbot_demo:/home/mk/dev_ws/install/yolo_object_detector:/home/mk/dev_ws/install/move_to_coordinator:/home/mk/dev_ws/install/motion_sequence:/home/mk/dev_ws/install/whisper_demos:/home/mk/dev_ws/install/voice_command_listener:/home/mk/dev_ws/install/uf_ros_lib:/home/mk/dev_ws/install/rviz_servo_status_overlay:/home/mk/dev_ws/install/rviz_marker_static_scene_objects:/home/mk/dev_ws/install/robot_motion_handler_movegroup:/home/mk/dev_ws/install/gaze_control:/home/mk/dev_ws/install/collision_check:/home/mk/dev_ws/install/audio_listener:/opt/ros/humble LD_LIBRARY_PATH=/home/mk/dev_ws/install/whisper_server/lib:/home/mk/dev_ws/install/whisper_util/lib:/home/mk/dev_ws/install/whisper_idl/lib:/home/mk/dev_ws/install/whisper_cpp_vendor/lib:/usr/local/cuda-12.1/lib64:/home/mk/dev_ws/install/zed_components/lib:/home/mk/dev_ws/install/zed_interfaces/lib:/home/mk/dev_ws/install/xarm_planner/lib:/home/mk/dev_ws/install/xarm_moveit_servo/lib:/home/mk/dev_ws/install/xarm_gazebo/lib:/home/mk/dev_ws/install/xarm_controller/lib:/home/mk/dev_ws/install/xarm_api/lib:/home/mk/dev_ws/install/xarm_sdk/lib:/home/mk/dev_ws/install/rviz_robot_control_panel/lib:/home/mk/dev_ws/install/xarm_msgs/lib:/home/mk/dev_ws/install/transcript_manager/lib:/home/mk/dev_ws/install/realsense_gazebo_plugin/lib:/home/mk/dev_ws/install/my_3d_vision_bringup/lib:/usr/lib/x86_64-linux-gnu/gazebo-11/plugins:/opt/ros/humble/opt/rviz_ogre_vendor/lib:/opt/ros/humble/lib/x86_64-linux-gnu:/opt/ros/humble/lib /usr/bin/cmake /home/mk/dev_ws/src/ros2_whisper/whisper_bringup -DCMAKE_INSTALL_PREFIX=/home/mk/dev_ws/install/whisper_bringup
[4.665s] DEBUG:colcon.colcon_core.event_handler.log_command:Invoking command in '/home/mk/dev_ws/build/whisper_bringup': CMAKE_PREFIX_PATH=/home/mk/dev_ws/install/whisper_server:/home/mk/dev_ws/install/whisper_util:/home/mk/dev_ws/install/whisper_idl:/home/mk/dev_ws/install/whisper_cpp_vendor:/home/mk/dev_ws/install/zed_ros2:/home/mk/dev_ws/install/zed_wrapper:/home/mk/dev_ws/install/zed_components:/home/mk/dev_ws/install/zed_interfaces:/home/mk/dev_ws/install/xarm_planner:/home/mk/dev_ws/install/xarm_moveit_servo:/home/mk/dev_ws/install/xarm_moveit_config:/home/mk/dev_ws/install/xarm_gazebo:/home/mk/dev_ws/install/xarm_controller:/home/mk/dev_ws/install/xarm_api:/home/mk/dev_ws/install/xarm_sdk:/home/mk/dev_ws/install/rviz_robot_control_panel:/home/mk/dev_ws/install/xarm_msgs:/home/mk/dev_ws/install/xarm_description:/home/mk/dev_ws/install/whisper_bringup:/home/mk/dev_ws/install/transcript_manager:/home/mk/dev_ws/install/realsense_gazebo_plugin:/home/mk/dev_ws/install/my_3d_vision_bringup:/home/mk/dev_ws/install/mbot_demo:/home/mk/dev_ws/install/yolo_object_detector:/home/mk/dev_ws/install/move_to_coordinator:/home/mk/dev_ws/install/motion_sequence:/home/mk/dev_ws/install/whisper_demos:/home/mk/dev_ws/install/voice_command_listener:/home/mk/dev_ws/install/uf_ros_lib:/home/mk/dev_ws/install/rviz_servo_status_overlay:/home/mk/dev_ws/install/rviz_marker_static_scene_objects:/home/mk/dev_ws/install/robot_motion_handler_movegroup:/home/mk/dev_ws/install/gaze_control:/home/mk/dev_ws/install/collision_check:/home/mk/dev_ws/install/audio_listener:/opt/ros/humble LD_LIBRARY_PATH=/home/mk/dev_ws/install/whisper_server/lib:/home/mk/dev_ws/install/whisper_util/lib:/home/mk/dev_ws/install/whisper_idl/lib:/home/mk/dev_ws/install/whisper_cpp_vendor/lib:/usr/local/cuda-12.1/lib64:/home/mk/dev_ws/install/zed_components/lib:/home/mk/dev_ws/install/zed_interfaces/lib:/home/mk/dev_ws/install/xarm_planner/lib:/home/mk/dev_ws/install/xarm_moveit_servo/lib:/home/mk/dev_ws/install/xarm_gazebo/lib:/home/mk/dev_ws/install/xarm_controller/lib:/home/mk/dev_ws/install/xarm_api/lib:/home/mk/dev_ws/install/xarm_sdk/lib:/home/mk/dev_ws/install/rviz_robot_control_panel/lib:/home/mk/dev_ws/install/xarm_msgs/lib:/home/mk/dev_ws/install/transcript_manager/lib:/home/mk/dev_ws/install/realsense_gazebo_plugin/lib:/home/mk/dev_ws/install/my_3d_vision_bringup/lib:/usr/lib/x86_64-linux-gnu/gazebo-11/plugins:/opt/ros/humble/opt/rviz_ogre_vendor/lib:/opt/ros/humble/lib/x86_64-linux-gnu:/opt/ros/humble/lib /usr/bin/cmake --build /home/mk/dev_ws/build/whisper_bringup -- -j16 -l16
[4.702s] DEBUG:colcon.colcon_core.event_handler.log_command:Invoked command in '/home/mk/dev_ws/build/whisper_bringup' returned '0': CMAKE_PREFIX_PATH=/home/mk/dev_ws/install/whisper_server:/home/mk/dev_ws/install/whisper_util:/home/mk/dev_ws/install/whisper_idl:/home/mk/dev_ws/install/whisper_cpp_vendor:/home/mk/dev_ws/install/zed_ros2:/home/mk/dev_ws/install/zed_wrapper:/home/mk/dev_ws/install/zed_components:/home/mk/dev_ws/install/zed_interfaces:/home/mk/dev_ws/install/xarm_planner:/home/mk/dev_ws/install/xarm_moveit_servo:/home/mk/dev_ws/install/xarm_moveit_config:/home/mk/dev_ws/install/xarm_gazebo:/home/mk/dev_ws/install/xarm_controller:/home/mk/dev_ws/install/xarm_api:/home/mk/dev_ws/install/xarm_sdk:/home/mk/dev_ws/install/rviz_robot_control_panel:/home/mk/dev_ws/install/xarm_msgs:/home/mk/dev_ws/install/xarm_description:/home/mk/dev_ws/install/whisper_bringup:/home/mk/dev_ws/install/transcript_manager:/home/mk/dev_ws/install/realsense_gazebo_plugin:/home/mk/dev_ws/install/my_3d_vision_bringup:/home/mk/dev_ws/install/mbot_demo:/home/mk/dev_ws/install/yolo_object_detector:/home/mk/dev_ws/install/move_to_coordinator:/home/mk/dev_ws/install/motion_sequence:/home/mk/dev_ws/install/whisper_demos:/home/mk/dev_ws/install/voice_command_listener:/home/mk/dev_ws/install/uf_ros_lib:/home/mk/dev_ws/install/rviz_servo_status_overlay:/home/mk/dev_ws/install/rviz_marker_static_scene_objects:/home/mk/dev_ws/install/robot_motion_handler_movegroup:/home/mk/dev_ws/install/gaze_control:/home/mk/dev_ws/install/collision_check:/home/mk/dev_ws/install/audio_listener:/opt/ros/humble LD_LIBRARY_PATH=/home/mk/dev_ws/install/whisper_server/lib:/home/mk/dev_ws/install/whisper_util/lib:/home/mk/dev_ws/install/whisper_idl/lib:/home/mk/dev_ws/install/whisper_cpp_vendor/lib:/usr/local/cuda-12.1/lib64:/home/mk/dev_ws/install/zed_components/lib:/home/mk/dev_ws/install/zed_interfaces/lib:/home/mk/dev_ws/install/xarm_planner/lib:/home/mk/dev_ws/install/xarm_moveit_servo/lib:/home/mk/dev_ws/install/xarm_gazebo/lib:/home/mk/dev_ws/install/xarm_controller/lib:/home/mk/dev_ws/install/xarm_api/lib:/home/mk/dev_ws/install/xarm_sdk/lib:/home/mk/dev_ws/install/rviz_robot_control_panel/lib:/home/mk/dev_ws/install/xarm_msgs/lib:/home/mk/dev_ws/install/transcript_manager/lib:/home/mk/dev_ws/install/realsense_gazebo_plugin/lib:/home/mk/dev_ws/install/my_3d_vision_bringup/lib:/usr/lib/x86_64-linux-gnu/gazebo-11/plugins:/opt/ros/humble/opt/rviz_ogre_vendor/lib:/opt/ros/humble/lib/x86_64-linux-gnu:/opt/ros/humble/lib /usr/bin/cmake --build /home/mk/dev_ws/build/whisper_bringup -- -j16 -l16
[4.705s] DEBUG:colcon.colcon_core.event_handler.log_command:Invoking command in '/home/mk/dev_ws/build/whisper_bringup': CMAKE_PREFIX_PATH=/home/mk/dev_ws/install/whisper_server:/home/mk/dev_ws/install/whisper_util:/home/mk/dev_ws/install/whisper_idl:/home/mk/dev_ws/install/whisper_cpp_vendor:/home/mk/dev_ws/install/zed_ros2:/home/mk/dev_ws/install/zed_wrapper:/home/mk/dev_ws/install/zed_components:/home/mk/dev_ws/install/zed_interfaces:/home/mk/dev_ws/install/xarm_planner:/home/mk/dev_ws/install/xarm_moveit_servo:/home/mk/dev_ws/install/xarm_moveit_config:/home/mk/dev_ws/install/xarm_gazebo:/home/mk/dev_ws/install/xarm_controller:/home/mk/dev_ws/install/xarm_api:/home/mk/dev_ws/install/xarm_sdk:/home/mk/dev_ws/install/rviz_robot_control_panel:/home/mk/dev_ws/install/xarm_msgs:/home/mk/dev_ws/install/xarm_description:/home/mk/dev_ws/install/whisper_bringup:/home/mk/dev_ws/install/transcript_manager:/home/mk/dev_ws/install/realsense_gazebo_plugin:/home/mk/dev_ws/install/my_3d_vision_bringup:/home/mk/dev_ws/install/mbot_demo:/home/mk/dev_ws/install/yolo_object_detector:/home/mk/dev_ws/install/move_to_coordinator:/home/mk/dev_ws/install/motion_sequence:/home/mk/dev_ws/install/whisper_demos:/home/mk/dev_ws/install/voice_command_listener:/home/mk/dev_ws/install/uf_ros_lib:/home/mk/dev_ws/install/rviz_servo_status_overlay:/home/mk/dev_ws/install/rviz_marker_static_scene_objects:/home/mk/dev_ws/install/robot_motion_handler_movegroup:/home/mk/dev_ws/install/gaze_control:/home/mk/dev_ws/install/collision_check:/home/mk/dev_ws/install/audio_listener:/opt/ros/humble LD_LIBRARY_PATH=/home/mk/dev_ws/install/whisper_server/lib:/home/mk/dev_ws/install/whisper_util/lib:/home/mk/dev_ws/install/whisper_idl/lib:/home/mk/dev_ws/install/whisper_cpp_vendor/lib:/usr/local/cuda-12.1/lib64:/home/mk/dev_ws/install/zed_components/lib:/home/mk/dev_ws/install/zed_interfaces/lib:/home/mk/dev_ws/install/xarm_planner/lib:/home/mk/dev_ws/install/xarm_moveit_servo/lib:/home/mk/dev_ws/install/xarm_gazebo/lib:/home/mk/dev_ws/install/xarm_controller/lib:/home/mk/dev_ws/install/xarm_api/lib:/home/mk/dev_ws/install/xarm_sdk/lib:/home/mk/dev_ws/install/rviz_robot_control_panel/lib:/home/mk/dev_ws/install/xarm_msgs/lib:/home/mk/dev_ws/install/transcript_manager/lib:/home/mk/dev_ws/install/realsense_gazebo_plugin/lib:/home/mk/dev_ws/install/my_3d_vision_bringup/lib:/usr/lib/x86_64-linux-gnu/gazebo-11/plugins:/opt/ros/humble/opt/rviz_ogre_vendor/lib:/opt/ros/humble/lib/x86_64-linux-gnu:/opt/ros/humble/lib /usr/bin/cmake --install /home/mk/dev_ws/build/whisper_bringup
[4.718s] DEBUG:colcon.colcon_core.event_handler.log_command:Invoked command in '/home/mk/dev_ws/build/xarm_controller' returned '0': CMAKE_PREFIX_PATH=/home/mk/dev_ws/install/xarm_api:/home/mk/dev_ws/install/xarm_sdk:/home/mk/dev_ws/install/xarm_msgs:/home/mk/dev_ws/install/xarm_description:/home/mk/dev_ws/install/zed_ros2:/home/mk/dev_ws/install/zed_wrapper:/home/mk/dev_ws/install/zed_components:/home/mk/dev_ws/install/zed_interfaces:/home/mk/dev_ws/install/xarm_planner:/home/mk/dev_ws/install/xarm_moveit_servo:/home/mk/dev_ws/install/xarm_moveit_config:/home/mk/dev_ws/install/xarm_gazebo:/home/mk/dev_ws/install/xarm_controller:/home/mk/dev_ws/install/rviz_robot_control_panel:/home/mk/dev_ws/install/whisper_bringup:/home/mk/dev_ws/install/whisper_server:/home/mk/dev_ws/install/transcript_manager:/home/mk/dev_ws/install/whisper_util:/home/mk/dev_ws/install/whisper_idl:/home/mk/dev_ws/install/whisper_cpp_vendor:/home/mk/dev_ws/install/realsense_gazebo_plugin:/home/mk/dev_ws/install/my_3d_vision_bringup:/home/mk/dev_ws/install/mbot_demo:/home/mk/dev_ws/install/yolo_object_detector:/home/mk/dev_ws/install/move_to_coordinator:/home/mk/dev_ws/install/motion_sequence:/home/mk/dev_ws/install/whisper_demos:/home/mk/dev_ws/install/voice_command_listener:/home/mk/dev_ws/install/uf_ros_lib:/home/mk/dev_ws/install/rviz_servo_status_overlay:/home/mk/dev_ws/install/rviz_marker_static_scene_objects:/home/mk/dev_ws/install/robot_motion_handler_movegroup:/home/mk/dev_ws/install/gaze_control:/home/mk/dev_ws/install/collision_check:/home/mk/dev_ws/install/audio_listener:/opt/ros/humble LD_LIBRARY_PATH=/home/mk/dev_ws/install/xarm_api/lib:/home/mk/dev_ws/install/xarm_sdk/lib:/home/mk/dev_ws/install/xarm_msgs/lib:/usr/local/cuda-12.1/lib64:/home/mk/dev_ws/install/zed_components/lib:/home/mk/dev_ws/install/zed_interfaces/lib:/home/mk/dev_ws/install/xarm_planner/lib:/home/mk/dev_ws/install/xarm_moveit_servo/lib:/home/mk/dev_ws/install/xarm_gazebo/lib:/home/mk/dev_ws/install/xarm_controller/lib:/home/mk/dev_ws/install/rviz_robot_control_panel/lib:/home/mk/dev_ws/install/whisper_server/lib:/home/mk/dev_ws/install/transcript_manager/lib:/home/mk/dev_ws/install/whisper_util/lib:/home/mk/dev_ws/install/whisper_idl/lib:/home/mk/dev_ws/install/whisper_cpp_vendor/lib:/home/mk/dev_ws/install/realsense_gazebo_plugin/lib:/home/mk/dev_ws/install/my_3d_vision_bringup/lib:/usr/lib/x86_64-linux-gnu/gazebo-11/plugins:/opt/ros/humble/opt/rviz_ogre_vendor/lib:/opt/ros/humble/lib/x86_64-linux-gnu:/opt/ros/humble/lib /usr/bin/cmake --build /home/mk/dev_ws/build/xarm_controller -- -j16 -l16
[4.720s] DEBUG:colcon.colcon_core.event_handler.log_command:Invoking command in '/home/mk/dev_ws/build/xarm_controller': CMAKE_PREFIX_PATH=/home/mk/dev_ws/install/xarm_api:/home/mk/dev_ws/install/xarm_sdk:/home/mk/dev_ws/install/xarm_msgs:/home/mk/dev_ws/install/xarm_description:/home/mk/dev_ws/install/zed_ros2:/home/mk/dev_ws/install/zed_wrapper:/home/mk/dev_ws/install/zed_components:/home/mk/dev_ws/install/zed_interfaces:/home/mk/dev_ws/install/xarm_planner:/home/mk/dev_ws/install/xarm_moveit_servo:/home/mk/dev_ws/install/xarm_moveit_config:/home/mk/dev_ws/install/xarm_gazebo:/home/mk/dev_ws/install/xarm_controller:/home/mk/dev_ws/install/rviz_robot_control_panel:/home/mk/dev_ws/install/whisper_bringup:/home/mk/dev_ws/install/whisper_server:/home/mk/dev_ws/install/transcript_manager:/home/mk/dev_ws/install/whisper_util:/home/mk/dev_ws/install/whisper_idl:/home/mk/dev_ws/install/whisper_cpp_vendor:/home/mk/dev_ws/install/realsense_gazebo_plugin:/home/mk/dev_ws/install/my_3d_vision_bringup:/home/mk/dev_ws/install/mbot_demo:/home/mk/dev_ws/install/yolo_object_detector:/home/mk/dev_ws/install/move_to_coordinator:/home/mk/dev_ws/install/motion_sequence:/home/mk/dev_ws/install/whisper_demos:/home/mk/dev_ws/install/voice_command_listener:/home/mk/dev_ws/install/uf_ros_lib:/home/mk/dev_ws/install/rviz_servo_status_overlay:/home/mk/dev_ws/install/rviz_marker_static_scene_objects:/home/mk/dev_ws/install/robot_motion_handler_movegroup:/home/mk/dev_ws/install/gaze_control:/home/mk/dev_ws/install/collision_check:/home/mk/dev_ws/install/audio_listener:/opt/ros/humble LD_LIBRARY_PATH=/home/mk/dev_ws/install/xarm_api/lib:/home/mk/dev_ws/install/xarm_sdk/lib:/home/mk/dev_ws/install/xarm_msgs/lib:/usr/local/cuda-12.1/lib64:/home/mk/dev_ws/install/zed_components/lib:/home/mk/dev_ws/install/zed_interfaces/lib:/home/mk/dev_ws/install/xarm_planner/lib:/home/mk/dev_ws/install/xarm_moveit_servo/lib:/home/mk/dev_ws/install/xarm_gazebo/lib:/home/mk/dev_ws/install/xarm_controller/lib:/home/mk/dev_ws/install/rviz_robot_control_panel/lib:/home/mk/dev_ws/install/whisper_server/lib:/home/mk/dev_ws/install/transcript_manager/lib:/home/mk/dev_ws/install/whisper_util/lib:/home/mk/dev_ws/install/whisper_idl/lib:/home/mk/dev_ws/install/whisper_cpp_vendor/lib:/home/mk/dev_ws/install/realsense_gazebo_plugin/lib:/home/mk/dev_ws/install/my_3d_vision_bringup/lib:/usr/lib/x86_64-linux-gnu/gazebo-11/plugins:/opt/ros/humble/opt/rviz_ogre_vendor/lib:/opt/ros/humble/lib/x86_64-linux-gnu:/opt/ros/humble/lib /usr/bin/cmake --install /home/mk/dev_ws/build/xarm_controller
[4.723s] Level 1:colcon.colcon_core.environment:create_environment_scripts_only(whisper_bringup)
[4.723s] Level 1:colcon.colcon_core.environment:checking '/home/mk/dev_ws/install/whisper_bringup' for CMake module files
[4.724s] DEBUG:colcon.colcon_core.event_handler.log_command:Invoked command in '/home/mk/dev_ws/build/whisper_bringup' returned '0': CMAKE_PREFIX_PATH=/home/mk/dev_ws/install/whisper_server:/home/mk/dev_ws/install/whisper_util:/home/mk/dev_ws/install/whisper_idl:/home/mk/dev_ws/install/whisper_cpp_vendor:/home/mk/dev_ws/install/zed_ros2:/home/mk/dev_ws/install/zed_wrapper:/home/mk/dev_ws/install/zed_components:/home/mk/dev_ws/install/zed_interfaces:/home/mk/dev_ws/install/xarm_planner:/home/mk/dev_ws/install/xarm_moveit_servo:/home/mk/dev_ws/install/xarm_moveit_config:/home/mk/dev_ws/install/xarm_gazebo:/home/mk/dev_ws/install/xarm_controller:/home/mk/dev_ws/install/xarm_api:/home/mk/dev_ws/install/xarm_sdk:/home/mk/dev_ws/install/rviz_robot_control_panel:/home/mk/dev_ws/install/xarm_msgs:/home/mk/dev_ws/install/xarm_description:/home/mk/dev_ws/install/whisper_bringup:/home/mk/dev_ws/install/transcript_manager:/home/mk/dev_ws/install/realsense_gazebo_plugin:/home/mk/dev_ws/install/my_3d_vision_bringup:/home/mk/dev_ws/install/mbot_demo:/home/mk/dev_ws/install/yolo_object_detector:/home/mk/dev_ws/install/move_to_coordinator:/home/mk/dev_ws/install/motion_sequence:/home/mk/dev_ws/install/whisper_demos:/home/mk/dev_ws/install/voice_command_listener:/home/mk/dev_ws/install/uf_ros_lib:/home/mk/dev_ws/install/rviz_servo_status_overlay:/home/mk/dev_ws/install/rviz_marker_static_scene_objects:/home/mk/dev_ws/install/robot_motion_handler_movegroup:/home/mk/dev_ws/install/gaze_control:/home/mk/dev_ws/install/collision_check:/home/mk/dev_ws/install/audio_listener:/opt/ros/humble LD_LIBRARY_PATH=/home/mk/dev_ws/install/whisper_server/lib:/home/mk/dev_ws/install/whisper_util/lib:/home/mk/dev_ws/install/whisper_idl/lib:/home/mk/dev_ws/install/whisper_cpp_vendor/lib:/usr/local/cuda-12.1/lib64:/home/mk/dev_ws/install/zed_components/lib:/home/mk/dev_ws/install/zed_interfaces/lib:/home/mk/dev_ws/install/xarm_planner/lib:/home/mk/dev_ws/install/xarm_moveit_servo/lib:/home/mk/dev_ws/install/xarm_gazebo/lib:/home/mk/dev_ws/install/xarm_controller/lib:/home/mk/dev_ws/install/xarm_api/lib:/home/mk/dev_ws/install/xarm_sdk/lib:/home/mk/dev_ws/install/rviz_robot_control_panel/lib:/home/mk/dev_ws/install/xarm_msgs/lib:/home/mk/dev_ws/install/transcript_manager/lib:/home/mk/dev_ws/install/realsense_gazebo_plugin/lib:/home/mk/dev_ws/install/my_3d_vision_bringup/lib:/usr/lib/x86_64-linux-gnu/gazebo-11/plugins:/opt/ros/humble/opt/rviz_ogre_vendor/lib:/opt/ros/humble/lib/x86_64-linux-gnu:/opt/ros/humble/lib /usr/bin/cmake --install /home/mk/dev_ws/build/whisper_bringup
[4.725s] Level 1:colcon.colcon_core.environment:checking '/home/mk/dev_ws/install/whisper_bringup' for CMake config files
[4.725s] Level 1:colcon.colcon_core.shell:create_environment_hook('whisper_bringup', 'cmake_prefix_path')
[4.725s] INFO:colcon.colcon_core.shell:Creating environment hook '/home/mk/dev_ws/install/whisper_bringup/share/whisper_bringup/hook/cmake_prefix_path.ps1'
[4.726s] INFO:colcon.colcon_core.shell:Creating environment descriptor '/home/mk/dev_ws/install/whisper_bringup/share/whisper_bringup/hook/cmake_prefix_path.dsv'
[4.726s] INFO:colcon.colcon_core.shell:Creating environment hook '/home/mk/dev_ws/install/whisper_bringup/share/whisper_bringup/hook/cmake_prefix_path.sh'
[4.726s] Level 1:colcon.colcon_core.environment:checking '/home/mk/dev_ws/install/whisper_bringup/bin'
[4.726s] Level 1:colcon.colcon_core.environment:checking '/home/mk/dev_ws/install/whisper_bringup/lib/pkgconfig/whisper_bringup.pc'
[4.727s] Level 1:colcon.colcon_core.environment:checking '/home/mk/dev_ws/install/whisper_bringup/lib/python3.10/site-packages'
[4.727s] Level 1:colcon.colcon_core.environment:checking '/home/mk/dev_ws/install/whisper_bringup/bin'
[4.728s] INFO:colcon.colcon_core.shell:Creating package script '/home/mk/dev_ws/install/whisper_bringup/share/whisper_bringup/package.ps1'
[4.729s] INFO:colcon.colcon_core.shell:Creating package descriptor '/home/mk/dev_ws/install/whisper_bringup/share/whisper_bringup/package.dsv'
[4.733s] INFO:colcon.colcon_core.shell:Creating package script '/home/mk/dev_ws/install/whisper_bringup/share/whisper_bringup/package.sh'
[4.734s] INFO:colcon.colcon_core.shell:Creating package script '/home/mk/dev_ws/install/whisper_bringup/share/whisper_bringup/package.bash'
[4.734s] INFO:colcon.colcon_core.shell:Creating package script '/home/mk/dev_ws/install/whisper_bringup/share/whisper_bringup/package.zsh'
[4.735s] Level 1:colcon.colcon_core.environment:create_file_with_runtime_dependencies(/home/mk/dev_ws/install/whisper_bringup/share/colcon-core/packages/whisper_bringup)
[4.735s] Level 1:colcon.colcon_core.environment:create_environment_scripts_only(whisper_bringup)
[4.735s] Level 1:colcon.colcon_core.environment:checking '/home/mk/dev_ws/install/whisper_bringup' for CMake module files
[4.736s] Level 1:colcon.colcon_core.environment:checking '/home/mk/dev_ws/install/whisper_bringup' for CMake config files
[4.736s] Level 1:colcon.colcon_core.shell:create_environment_hook('whisper_bringup', 'cmake_prefix_path')
[4.736s] INFO:colcon.colcon_core.shell:Creating environment hook '/home/mk/dev_ws/install/whisper_bringup/share/whisper_bringup/hook/cmake_prefix_path.ps1'
[4.736s] INFO:colcon.colcon_core.shell:Creating environment descriptor '/home/mk/dev_ws/install/whisper_bringup/share/whisper_bringup/hook/cmake_prefix_path.dsv'
[4.737s] INFO:colcon.colcon_core.shell:Creating environment hook '/home/mk/dev_ws/install/whisper_bringup/share/whisper_bringup/hook/cmake_prefix_path.sh'
[4.737s] Level 1:colcon.colcon_core.environment:checking '/home/mk/dev_ws/install/whisper_bringup/bin'
[4.737s] Level 1:colcon.colcon_core.environment:checking '/home/mk/dev_ws/install/whisper_bringup/lib/pkgconfig/whisper_bringup.pc'
[4.737s] Level 1:colcon.colcon_core.environment:checking '/home/mk/dev_ws/install/whisper_bringup/lib/python3.10/site-packages'
[4.737s] Level 1:colcon.colcon_core.environment:checking '/home/mk/dev_ws/install/whisper_bringup/bin'
[4.738s] INFO:colcon.colcon_core.shell:Creating package script '/home/mk/dev_ws/install/whisper_bringup/share/whisper_bringup/package.ps1'
[4.738s] INFO:colcon.colcon_core.shell:Creating package descriptor '/home/mk/dev_ws/install/whisper_bringup/share/whisper_bringup/package.dsv'
[4.739s] INFO:colcon.colcon_core.shell:Creating package script '/home/mk/dev_ws/install/whisper_bringup/share/whisper_bringup/package.sh'
[4.739s] INFO:colcon.colcon_core.shell:Creating package script '/home/mk/dev_ws/install/whisper_bringup/share/whisper_bringup/package.bash'
[4.739s] INFO:colcon.colcon_core.shell:Creating package script '/home/mk/dev_ws/install/whisper_bringup/share/whisper_bringup/package.zsh'
[4.739s] Level 1:colcon.colcon_core.environment:create_file_with_runtime_dependencies(/home/mk/dev_ws/install/whisper_bringup/share/colcon-core/packages/whisper_bringup)
[4.744s] Level 1:colcon.colcon_core.environment:create_environment_scripts_only(xarm_controller)
[4.745s] Level 1:colcon.colcon_core.environment:checking '/home/mk/dev_ws/install/xarm_controller' for CMake module files
[4.745s] DEBUG:colcon.colcon_core.event_handler.log_command:Invoked command in '/home/mk/dev_ws/build/xarm_controller' returned '0': CMAKE_PREFIX_PATH=/home/mk/dev_ws/install/xarm_api:/home/mk/dev_ws/install/xarm_sdk:/home/mk/dev_ws/install/xarm_msgs:/home/mk/dev_ws/install/xarm_description:/home/mk/dev_ws/install/zed_ros2:/home/mk/dev_ws/install/zed_wrapper:/home/mk/dev_ws/install/zed_components:/home/mk/dev_ws/install/zed_interfaces:/home/mk/dev_ws/install/xarm_planner:/home/mk/dev_ws/install/xarm_moveit_servo:/home/mk/dev_ws/install/xarm_moveit_config:/home/mk/dev_ws/install/xarm_gazebo:/home/mk/dev_ws/install/xarm_controller:/home/mk/dev_ws/install/rviz_robot_control_panel:/home/mk/dev_ws/install/whisper_bringup:/home/mk/dev_ws/install/whisper_server:/home/mk/dev_ws/install/transcript_manager:/home/mk/dev_ws/install/whisper_util:/home/mk/dev_ws/install/whisper_idl:/home/mk/dev_ws/install/whisper_cpp_vendor:/home/mk/dev_ws/install/realsense_gazebo_plugin:/home/mk/dev_ws/install/my_3d_vision_bringup:/home/mk/dev_ws/install/mbot_demo:/home/mk/dev_ws/install/yolo_object_detector:/home/mk/dev_ws/install/move_to_coordinator:/home/mk/dev_ws/install/motion_sequence:/home/mk/dev_ws/install/whisper_demos:/home/mk/dev_ws/install/voice_command_listener:/home/mk/dev_ws/install/uf_ros_lib:/home/mk/dev_ws/install/rviz_servo_status_overlay:/home/mk/dev_ws/install/rviz_marker_static_scene_objects:/home/mk/dev_ws/install/robot_motion_handler_movegroup:/home/mk/dev_ws/install/gaze_control:/home/mk/dev_ws/install/collision_check:/home/mk/dev_ws/install/audio_listener:/opt/ros/humble LD_LIBRARY_PATH=/home/mk/dev_ws/install/xarm_api/lib:/home/mk/dev_ws/install/xarm_sdk/lib:/home/mk/dev_ws/install/xarm_msgs/lib:/usr/local/cuda-12.1/lib64:/home/mk/dev_ws/install/zed_components/lib:/home/mk/dev_ws/install/zed_interfaces/lib:/home/mk/dev_ws/install/xarm_planner/lib:/home/mk/dev_ws/install/xarm_moveit_servo/lib:/home/mk/dev_ws/install/xarm_gazebo/lib:/home/mk/dev_ws/install/xarm_controller/lib:/home/mk/dev_ws/install/rviz_robot_control_panel/lib:/home/mk/dev_ws/install/whisper_server/lib:/home/mk/dev_ws/install/transcript_manager/lib:/home/mk/dev_ws/install/whisper_util/lib:/home/mk/dev_ws/install/whisper_idl/lib:/home/mk/dev_ws/install/whisper_cpp_vendor/lib:/home/mk/dev_ws/install/realsense_gazebo_plugin/lib:/home/mk/dev_ws/install/my_3d_vision_bringup/lib:/usr/lib/x86_64-linux-gnu/gazebo-11/plugins:/opt/ros/humble/opt/rviz_ogre_vendor/lib:/opt/ros/humble/lib/x86_64-linux-gnu:/opt/ros/humble/lib /usr/bin/cmake --install /home/mk/dev_ws/build/xarm_controller
[4.745s] Level 1:colcon.colcon_core.environment:checking '/home/mk/dev_ws/install/xarm_controller' for CMake config files
[4.746s] Level 1:colcon.colcon_core.shell:create_environment_hook('xarm_controller', 'cmake_prefix_path')
[4.746s] INFO:colcon.colcon_core.shell:Creating environment hook '/home/mk/dev_ws/install/xarm_controller/share/xarm_controller/hook/cmake_prefix_path.ps1'
[4.746s] INFO:colcon.colcon_core.shell:Creating environment descriptor '/home/mk/dev_ws/install/xarm_controller/share/xarm_controller/hook/cmake_prefix_path.dsv'
[4.746s] INFO:colcon.colcon_core.shell:Creating environment hook '/home/mk/dev_ws/install/xarm_controller/share/xarm_controller/hook/cmake_prefix_path.sh'
[4.747s] Level 1:colcon.colcon_core.environment:checking '/home/mk/dev_ws/install/xarm_controller/lib'
[4.747s] Level 1:colcon.colcon_core.shell:create_environment_hook('xarm_controller', 'ld_library_path_lib')
[4.747s] INFO:colcon.colcon_core.shell:Creating environment hook '/home/mk/dev_ws/install/xarm_controller/share/xarm_controller/hook/ld_library_path_lib.ps1'
[4.747s] INFO:colcon.colcon_core.shell:Creating environment descriptor '/home/mk/dev_ws/install/xarm_controller/share/xarm_controller/hook/ld_library_path_lib.dsv'
[4.748s] INFO:colcon.colcon_core.shell:Creating environment hook '/home/mk/dev_ws/install/xarm_controller/share/xarm_controller/hook/ld_library_path_lib.sh'
[4.748s] Level 1:colcon.colcon_core.environment:checking '/home/mk/dev_ws/install/xarm_controller/bin'
[4.748s] Level 1:colcon.colcon_core.environment:checking '/home/mk/dev_ws/install/xarm_controller/lib/pkgconfig/xarm_controller.pc'
[4.748s] Level 1:colcon.colcon_core.environment:checking '/home/mk/dev_ws/install/xarm_controller/lib/python3.10/site-packages'
[4.748s] Level 1:colcon.colcon_core.environment:checking '/home/mk/dev_ws/install/xarm_controller/bin'
[4.749s] INFO:colcon.colcon_core.shell:Creating package script '/home/mk/dev_ws/install/xarm_controller/share/xarm_controller/package.ps1'
[4.749s] INFO:colcon.colcon_core.shell:Creating package descriptor '/home/mk/dev_ws/install/xarm_controller/share/xarm_controller/package.dsv'
[4.749s] INFO:colcon.colcon_core.shell:Creating package script '/home/mk/dev_ws/install/xarm_controller/share/xarm_controller/package.sh'
[4.750s] INFO:colcon.colcon_core.shell:Creating package script '/home/mk/dev_ws/install/xarm_controller/share/xarm_controller/package.bash'
[4.750s] INFO:colcon.colcon_core.shell:Creating package script '/home/mk/dev_ws/install/xarm_controller/share/xarm_controller/package.zsh'
[4.750s] Level 1:colcon.colcon_core.environment:create_file_with_runtime_dependencies(/home/mk/dev_ws/install/xarm_controller/share/colcon-core/packages/xarm_controller)
[4.751s] Level 1:colcon.colcon_core.environment:create_environment_scripts_only(xarm_controller)
[4.751s] Level 1:colcon.colcon_core.environment:checking '/home/mk/dev_ws/install/xarm_controller' for CMake module files
[4.751s] Level 1:colcon.colcon_core.environment:checking '/home/mk/dev_ws/install/xarm_controller' for CMake config files
[4.752s] Level 1:colcon.colcon_core.shell:create_environment_hook('xarm_controller', 'cmake_prefix_path')
[4.752s] INFO:colcon.colcon_core.shell:Creating environment hook '/home/mk/dev_ws/install/xarm_controller/share/xarm_controller/hook/cmake_prefix_path.ps1'
[4.752s] INFO:colcon.colcon_core.shell:Creating environment descriptor '/home/mk/dev_ws/install/xarm_controller/share/xarm_controller/hook/cmake_prefix_path.dsv'
[4.753s] INFO:colcon.colcon_core.shell:Creating environment hook '/home/mk/dev_ws/install/xarm_controller/share/xarm_controller/hook/cmake_prefix_path.sh'
[4.753s] Level 1:colcon.colcon_core.environment:checking '/home/mk/dev_ws/install/xarm_controller/lib'
[4.753s] Level 1:colcon.colcon_core.shell:create_environment_hook('xarm_controller', 'ld_library_path_lib')
[4.753s] INFO:colcon.colcon_core.shell:Creating environment hook '/home/mk/dev_ws/install/xarm_controller/share/xarm_controller/hook/ld_library_path_lib.ps1'
[4.753s] INFO:colcon.colcon_core.shell:Creating environment descriptor '/home/mk/dev_ws/install/xarm_controller/share/xarm_controller/hook/ld_library_path_lib.dsv'
[4.754s] INFO:colcon.colcon_core.shell:Creating environment hook '/home/mk/dev_ws/install/xarm_controller/share/xarm_controller/hook/ld_library_path_lib.sh'
[4.754s] Level 1:colcon.colcon_core.environment:checking '/home/mk/dev_ws/install/xarm_controller/bin'
[4.754s] Level 1:colcon.colcon_core.environment:checking '/home/mk/dev_ws/install/xarm_controller/lib/pkgconfig/xarm_controller.pc'
[4.754s] Level 1:colcon.colcon_core.environment:checking '/home/mk/dev_ws/install/xarm_controller/lib/python3.10/site-packages'
[4.754s] Level 1:colcon.colcon_core.environment:checking '/home/mk/dev_ws/install/xarm_controller/bin'
[4.755s] INFO:colcon.colcon_core.shell:Creating package script '/home/mk/dev_ws/install/xarm_controller/share/xarm_controller/package.ps1'
[4.755s] INFO:colcon.colcon_core.shell:Creating package descriptor '/home/mk/dev_ws/install/xarm_controller/share/xarm_controller/package.dsv'
[4.755s] INFO:colcon.colcon_core.shell:Creating package script '/home/mk/dev_ws/install/xarm_controller/share/xarm_controller/package.sh'
[4.756s] INFO:colcon.colcon_core.shell:Creating package script '/home/mk/dev_ws/install/xarm_controller/share/xarm_controller/package.bash'
[4.756s] INFO:colcon.colcon_core.shell:Creating package script '/home/mk/dev_ws/install/xarm_controller/share/xarm_controller/package.zsh'
[4.756s] Level 1:colcon.colcon_core.environment:create_file_with_runtime_dependencies(/home/mk/dev_ws/install/xarm_controller/share/colcon-core/packages/xarm_controller)
[4.756s] INFO:colcon.colcon_ros.task.ament_cmake.build:Building ROS package in '/home/mk/dev_ws/src/xarm_ros2/xarm_gazebo' with build type 'ament_cmake'
[4.757s] INFO:colcon.colcon_cmake.task.cmake.build:Building CMake package in '/home/mk/dev_ws/src/xarm_ros2/xarm_gazebo'
[4.757s] INFO:colcon.colcon_core.shell:Skip shell extension 'powershell' for command environment: Not usable outside of PowerShell
[4.757s] DEBUG:colcon.colcon_core.shell:Skip shell extension 'dsv' for command environment
[4.779s] DEBUG:colcon.colcon_core.event_handler.log_command:Invoking command in '/home/mk/dev_ws/build/xarm_gazebo': AMENT_PREFIX_PATH=/home/mk/dev_ws/install/uf_ros_lib:/home/mk/dev_ws/install/zed_ros2:/home/mk/dev_ws/install/zed_wrapper:/home/mk/dev_ws/install/zed_components:/home/mk/dev_ws/install/zed_interfaces:/home/mk/dev_ws/install/yolo_object_detector:/home/mk/dev_ws/install/xarm_planner:/home/mk/dev_ws/install/xarm_moveit_servo:/home/mk/dev_ws/install/xarm_moveit_config:/home/mk/dev_ws/install/xarm_gazebo:/home/mk/dev_ws/install/xarm_controller:/home/mk/dev_ws/install/xarm_api:/home/mk/dev_ws/install/xarm_sdk:/home/mk/dev_ws/install/rviz_robot_control_panel:/home/mk/dev_ws/install/move_to_coordinator:/home/mk/dev_ws/install/motion_sequence:/home/mk/dev_ws/install/xarm_msgs:/home/mk/dev_ws/install/xarm_description:/home/mk/dev_ws/install/whisper_demos:/home/mk/dev_ws/install/whisper_bringup:/home/mk/dev_ws/install/whisper_server:/home/mk/dev_ws/install/transcript_manager:/home/mk/dev_ws/install/whisper_util:/home/mk/dev_ws/install/voice_command_listener:/home/mk/dev_ws/install/whisper_idl:/home/mk/dev_ws/install/whisper_cpp_vendor:/home/mk/dev_ws/install/rviz_servo_status_overlay:/home/mk/dev_ws/install/rviz_marker_static_scene_objects:/home/mk/dev_ws/install/robot_motion_handler_movegroup:/home/mk/dev_ws/install/realsense_gazebo_plugin:/home/mk/dev_ws/install/my_3d_vision_bringup:/home/mk/dev_ws/install/mbot_demo:/home/mk/dev_ws/install/gaze_control:/home/mk/dev_ws/install/collision_check:/home/mk/dev_ws/install/audio_listener:/opt/ros/humble CMAKE_PREFIX_PATH=/home/mk/dev_ws/install/xarm_controller:/home/mk/dev_ws/install/xarm_api:/home/mk/dev_ws/install/xarm_sdk:/home/mk/dev_ws/install/xarm_msgs:/home/mk/dev_ws/install/xarm_description:/home/mk/dev_ws/install/zed_ros2:/home/mk/dev_ws/install/zed_wrapper:/home/mk/dev_ws/install/zed_components:/home/mk/dev_ws/install/zed_interfaces:/home/mk/dev_ws/install/xarm_planner:/home/mk/dev_ws/install/xarm_moveit_servo:/home/mk/dev_ws/install/xarm_moveit_config:/home/mk/dev_ws/install/xarm_gazebo:/home/mk/dev_ws/install/rviz_robot_control_panel:/home/mk/dev_ws/install/whisper_bringup:/home/mk/dev_ws/install/whisper_server:/home/mk/dev_ws/install/transcript_manager:/home/mk/dev_ws/install/whisper_util:/home/mk/dev_ws/install/whisper_idl:/home/mk/dev_ws/install/whisper_cpp_vendor:/home/mk/dev_ws/install/realsense_gazebo_plugin:/home/mk/dev_ws/install/my_3d_vision_bringup:/home/mk/dev_ws/install/mbot_demo:/home/mk/dev_ws/install/yolo_object_detector:/home/mk/dev_ws/install/move_to_coordinator:/home/mk/dev_ws/install/motion_sequence:/home/mk/dev_ws/install/whisper_demos:/home/mk/dev_ws/install/voice_command_listener:/home/mk/dev_ws/install/uf_ros_lib:/home/mk/dev_ws/install/rviz_servo_status_overlay:/home/mk/dev_ws/install/rviz_marker_static_scene_objects:/home/mk/dev_ws/install/robot_motion_handler_movegroup:/home/mk/dev_ws/install/gaze_control:/home/mk/dev_ws/install/collision_check:/home/mk/dev_ws/install/audio_listener:/opt/ros/humble LD_LIBRARY_PATH=/home/mk/dev_ws/install/xarm_controller/lib:/home/mk/dev_ws/install/xarm_api/lib:/home/mk/dev_ws/install/xarm_sdk/lib:/home/mk/dev_ws/install/xarm_msgs/lib:/usr/local/cuda-12.1/lib64:/home/mk/dev_ws/install/zed_components/lib:/home/mk/dev_ws/install/zed_interfaces/lib:/home/mk/dev_ws/install/xarm_planner/lib:/home/mk/dev_ws/install/xarm_moveit_servo/lib:/home/mk/dev_ws/install/xarm_gazebo/lib:/home/mk/dev_ws/install/rviz_robot_control_panel/lib:/home/mk/dev_ws/install/whisper_server/lib:/home/mk/dev_ws/install/transcript_manager/lib:/home/mk/dev_ws/install/whisper_util/lib:/home/mk/dev_ws/install/whisper_idl/lib:/home/mk/dev_ws/install/whisper_cpp_vendor/lib:/home/mk/dev_ws/install/realsense_gazebo_plugin/lib:/home/mk/dev_ws/install/my_3d_vision_bringup/lib:/usr/lib/x86_64-linux-gnu/gazebo-11/plugins:/opt/ros/humble/opt/rviz_ogre_vendor/lib:/opt/ros/humble/lib/x86_64-linux-gnu:/opt/ros/humble/lib PYTHONPATH=/home/mk/dev_ws/install/uf_ros_lib/lib/python3.10/site-packages:/home/mk/dev_ws/install/zed_interfaces/local/lib/python3.10/dist-packages:/home/mk/dev_ws/build/yolo_object_detector:/home/mk/dev_ws/install/yolo_object_detector/lib/python3.10/site-packages:/home/mk/dev_ws/build/move_to_coordinator:/home/mk/dev_ws/install/move_to_coordinator/lib/python3.10/site-packages:/home/mk/dev_ws/build/motion_sequence:/home/mk/dev_ws/install/motion_sequence/lib/python3.10/site-packages:/home/mk/dev_ws/install/xarm_msgs/local/lib/python3.10/dist-packages:/home/mk/dev_ws/build/whisper_demos:/home/mk/dev_ws/install/whisper_demos/lib/python3.10/site-packages:/home/mk/dev_ws/build/voice_command_listener:/home/mk/dev_ws/install/voice_command_listener/lib/python3.10/site-packages:/home/mk/dev_ws/install/whisper_idl/local/lib/python3.10/dist-packages:/home/mk/dev_ws/build/uf_ros_lib:/home/mk/dev_ws/build/rviz_servo_status_overlay:/home/mk/dev_ws/install/rviz_servo_status_overlay/lib/python3.10/site-packages:/home/mk/dev_ws/build/rviz_marker_static_scene_objects:/home/mk/dev_ws/install/rviz_marker_static_scene_objects/lib/python3.10/site-packages:/home/mk/dev_ws/build/robot_motion_handler_movegroup:/home/mk/dev_ws/install/robot_motion_handler_movegroup/lib/python3.10/site-packages:/home/mk/dev_ws/install/my_3d_vision_bringup/local/lib/python3.10/dist-packages:/home/mk/dev_ws/build/gaze_control:/home/mk/dev_ws/install/gaze_control/lib/python3.10/site-packages:/home/mk/dev_ws/build/collision_check:/home/mk/dev_ws/install/collision_check/lib/python3.10/site-packages:/home/mk/dev_ws/build/audio_listener:/home/mk/dev_ws/install/audio_listener/lib/python3.10/site-packages:/opt/ros/humble/lib/python3.10/site-packages:/opt/ros/humble/local/lib/python3.10/dist-packages /usr/bin/cmake /home/mk/dev_ws/src/xarm_ros2/xarm_gazebo -DCMAKE_INSTALL_PREFIX=/home/mk/dev_ws/install/xarm_gazebo
[4.780s] DEBUG:colcon.colcon_core.event_handler.log_command:Invoked command in '/home/mk/dev_ws/build/rviz_robot_control_panel' returned '0': CMAKE_PREFIX_PATH=/home/mk/dev_ws/install/xarm_msgs:/home/mk/dev_ws/install/zed_ros2:/home/mk/dev_ws/install/zed_wrapper:/home/mk/dev_ws/install/zed_components:/home/mk/dev_ws/install/zed_interfaces:/home/mk/dev_ws/install/xarm_planner:/home/mk/dev_ws/install/xarm_moveit_servo:/home/mk/dev_ws/install/xarm_moveit_config:/home/mk/dev_ws/install/xarm_gazebo:/home/mk/dev_ws/install/xarm_controller:/home/mk/dev_ws/install/xarm_api:/home/mk/dev_ws/install/xarm_sdk:/home/mk/dev_ws/install/rviz_robot_control_panel:/home/mk/dev_ws/install/xarm_description:/home/mk/dev_ws/install/whisper_bringup:/home/mk/dev_ws/install/whisper_server:/home/mk/dev_ws/install/transcript_manager:/home/mk/dev_ws/install/whisper_util:/home/mk/dev_ws/install/whisper_idl:/home/mk/dev_ws/install/whisper_cpp_vendor:/home/mk/dev_ws/install/realsense_gazebo_plugin:/home/mk/dev_ws/install/my_3d_vision_bringup:/home/mk/dev_ws/install/mbot_demo:/home/mk/dev_ws/install/yolo_object_detector:/home/mk/dev_ws/install/move_to_coordinator:/home/mk/dev_ws/install/motion_sequence:/home/mk/dev_ws/install/whisper_demos:/home/mk/dev_ws/install/voice_command_listener:/home/mk/dev_ws/install/uf_ros_lib:/home/mk/dev_ws/install/rviz_servo_status_overlay:/home/mk/dev_ws/install/rviz_marker_static_scene_objects:/home/mk/dev_ws/install/robot_motion_handler_movegroup:/home/mk/dev_ws/install/gaze_control:/home/mk/dev_ws/install/collision_check:/home/mk/dev_ws/install/audio_listener:/opt/ros/humble LD_LIBRARY_PATH=/home/mk/dev_ws/install/xarm_msgs/lib:/usr/local/cuda-12.1/lib64:/home/mk/dev_ws/install/zed_components/lib:/home/mk/dev_ws/install/zed_interfaces/lib:/home/mk/dev_ws/install/xarm_planner/lib:/home/mk/dev_ws/install/xarm_moveit_servo/lib:/home/mk/dev_ws/install/xarm_gazebo/lib:/home/mk/dev_ws/install/xarm_controller/lib:/home/mk/dev_ws/install/xarm_api/lib:/home/mk/dev_ws/install/xarm_sdk/lib:/home/mk/dev_ws/install/rviz_robot_control_panel/lib:/home/mk/dev_ws/install/whisper_server/lib:/home/mk/dev_ws/install/transcript_manager/lib:/home/mk/dev_ws/install/whisper_util/lib:/home/mk/dev_ws/install/whisper_idl/lib:/home/mk/dev_ws/install/whisper_cpp_vendor/lib:/home/mk/dev_ws/install/realsense_gazebo_plugin/lib:/home/mk/dev_ws/install/my_3d_vision_bringup/lib:/usr/lib/x86_64-linux-gnu/gazebo-11/plugins:/opt/ros/humble/opt/rviz_ogre_vendor/lib:/opt/ros/humble/lib/x86_64-linux-gnu:/opt/ros/humble/lib /usr/bin/cmake --build /home/mk/dev_ws/build/rviz_robot_control_panel -- -j16 -l16
[4.781s] DEBUG:colcon.colcon_core.event_handler.log_command:Invoking command in '/home/mk/dev_ws/build/rviz_robot_control_panel': CMAKE_PREFIX_PATH=/home/mk/dev_ws/install/xarm_msgs:/home/mk/dev_ws/install/zed_ros2:/home/mk/dev_ws/install/zed_wrapper:/home/mk/dev_ws/install/zed_components:/home/mk/dev_ws/install/zed_interfaces:/home/mk/dev_ws/install/xarm_planner:/home/mk/dev_ws/install/xarm_moveit_servo:/home/mk/dev_ws/install/xarm_moveit_config:/home/mk/dev_ws/install/xarm_gazebo:/home/mk/dev_ws/install/xarm_controller:/home/mk/dev_ws/install/xarm_api:/home/mk/dev_ws/install/xarm_sdk:/home/mk/dev_ws/install/rviz_robot_control_panel:/home/mk/dev_ws/install/xarm_description:/home/mk/dev_ws/install/whisper_bringup:/home/mk/dev_ws/install/whisper_server:/home/mk/dev_ws/install/transcript_manager:/home/mk/dev_ws/install/whisper_util:/home/mk/dev_ws/install/whisper_idl:/home/mk/dev_ws/install/whisper_cpp_vendor:/home/mk/dev_ws/install/realsense_gazebo_plugin:/home/mk/dev_ws/install/my_3d_vision_bringup:/home/mk/dev_ws/install/mbot_demo:/home/mk/dev_ws/install/yolo_object_detector:/home/mk/dev_ws/install/move_to_coordinator:/home/mk/dev_ws/install/motion_sequence:/home/mk/dev_ws/install/whisper_demos:/home/mk/dev_ws/install/voice_command_listener:/home/mk/dev_ws/install/uf_ros_lib:/home/mk/dev_ws/install/rviz_servo_status_overlay:/home/mk/dev_ws/install/rviz_marker_static_scene_objects:/home/mk/dev_ws/install/robot_motion_handler_movegroup:/home/mk/dev_ws/install/gaze_control:/home/mk/dev_ws/install/collision_check:/home/mk/dev_ws/install/audio_listener:/opt/ros/humble LD_LIBRARY_PATH=/home/mk/dev_ws/install/xarm_msgs/lib:/usr/local/cuda-12.1/lib64:/home/mk/dev_ws/install/zed_components/lib:/home/mk/dev_ws/install/zed_interfaces/lib:/home/mk/dev_ws/install/xarm_planner/lib:/home/mk/dev_ws/install/xarm_moveit_servo/lib:/home/mk/dev_ws/install/xarm_gazebo/lib:/home/mk/dev_ws/install/xarm_controller/lib:/home/mk/dev_ws/install/xarm_api/lib:/home/mk/dev_ws/install/xarm_sdk/lib:/home/mk/dev_ws/install/rviz_robot_control_panel/lib:/home/mk/dev_ws/install/whisper_server/lib:/home/mk/dev_ws/install/transcript_manager/lib:/home/mk/dev_ws/install/whisper_util/lib:/home/mk/dev_ws/install/whisper_idl/lib:/home/mk/dev_ws/install/whisper_cpp_vendor/lib:/home/mk/dev_ws/install/realsense_gazebo_plugin/lib:/home/mk/dev_ws/install/my_3d_vision_bringup/lib:/usr/lib/x86_64-linux-gnu/gazebo-11/plugins:/opt/ros/humble/opt/rviz_ogre_vendor/lib:/opt/ros/humble/lib/x86_64-linux-gnu:/opt/ros/humble/lib /usr/bin/cmake --install /home/mk/dev_ws/build/rviz_robot_control_panel
[4.805s] Level 1:colcon.colcon_core.environment:create_environment_scripts_only(rviz_robot_control_panel)
[4.805s] Level 1:colcon.colcon_core.environment:checking '/home/mk/dev_ws/install/rviz_robot_control_panel' for CMake module files
[4.805s] DEBUG:colcon.colcon_core.event_handler.log_command:Invoked command in '/home/mk/dev_ws/build/rviz_robot_control_panel' returned '0': CMAKE_PREFIX_PATH=/home/mk/dev_ws/install/xarm_msgs:/home/mk/dev_ws/install/zed_ros2:/home/mk/dev_ws/install/zed_wrapper:/home/mk/dev_ws/install/zed_components:/home/mk/dev_ws/install/zed_interfaces:/home/mk/dev_ws/install/xarm_planner:/home/mk/dev_ws/install/xarm_moveit_servo:/home/mk/dev_ws/install/xarm_moveit_config:/home/mk/dev_ws/install/xarm_gazebo:/home/mk/dev_ws/install/xarm_controller:/home/mk/dev_ws/install/xarm_api:/home/mk/dev_ws/install/xarm_sdk:/home/mk/dev_ws/install/rviz_robot_control_panel:/home/mk/dev_ws/install/xarm_description:/home/mk/dev_ws/install/whisper_bringup:/home/mk/dev_ws/install/whisper_server:/home/mk/dev_ws/install/transcript_manager:/home/mk/dev_ws/install/whisper_util:/home/mk/dev_ws/install/whisper_idl:/home/mk/dev_ws/install/whisper_cpp_vendor:/home/mk/dev_ws/install/realsense_gazebo_plugin:/home/mk/dev_ws/install/my_3d_vision_bringup:/home/mk/dev_ws/install/mbot_demo:/home/mk/dev_ws/install/yolo_object_detector:/home/mk/dev_ws/install/move_to_coordinator:/home/mk/dev_ws/install/motion_sequence:/home/mk/dev_ws/install/whisper_demos:/home/mk/dev_ws/install/voice_command_listener:/home/mk/dev_ws/install/uf_ros_lib:/home/mk/dev_ws/install/rviz_servo_status_overlay:/home/mk/dev_ws/install/rviz_marker_static_scene_objects:/home/mk/dev_ws/install/robot_motion_handler_movegroup:/home/mk/dev_ws/install/gaze_control:/home/mk/dev_ws/install/collision_check:/home/mk/dev_ws/install/audio_listener:/opt/ros/humble LD_LIBRARY_PATH=/home/mk/dev_ws/install/xarm_msgs/lib:/usr/local/cuda-12.1/lib64:/home/mk/dev_ws/install/zed_components/lib:/home/mk/dev_ws/install/zed_interfaces/lib:/home/mk/dev_ws/install/xarm_planner/lib:/home/mk/dev_ws/install/xarm_moveit_servo/lib:/home/mk/dev_ws/install/xarm_gazebo/lib:/home/mk/dev_ws/install/xarm_controller/lib:/home/mk/dev_ws/install/xarm_api/lib:/home/mk/dev_ws/install/xarm_sdk/lib:/home/mk/dev_ws/install/rviz_robot_control_panel/lib:/home/mk/dev_ws/install/whisper_server/lib:/home/mk/dev_ws/install/transcript_manager/lib:/home/mk/dev_ws/install/whisper_util/lib:/home/mk/dev_ws/install/whisper_idl/lib:/home/mk/dev_ws/install/whisper_cpp_vendor/lib:/home/mk/dev_ws/install/realsense_gazebo_plugin/lib:/home/mk/dev_ws/install/my_3d_vision_bringup/lib:/usr/lib/x86_64-linux-gnu/gazebo-11/plugins:/opt/ros/humble/opt/rviz_ogre_vendor/lib:/opt/ros/humble/lib/x86_64-linux-gnu:/opt/ros/humble/lib /usr/bin/cmake --install /home/mk/dev_ws/build/rviz_robot_control_panel
[4.806s] Level 1:colcon.colcon_core.environment:checking '/home/mk/dev_ws/install/rviz_robot_control_panel' for CMake config files
[4.806s] Level 1:colcon.colcon_core.shell:create_environment_hook('rviz_robot_control_panel', 'cmake_prefix_path')
[4.806s] INFO:colcon.colcon_core.shell:Creating environment hook '/home/mk/dev_ws/install/rviz_robot_control_panel/share/rviz_robot_control_panel/hook/cmake_prefix_path.ps1'
[4.807s] INFO:colcon.colcon_core.shell:Creating environment descriptor '/home/mk/dev_ws/install/rviz_robot_control_panel/share/rviz_robot_control_panel/hook/cmake_prefix_path.dsv'
[4.807s] INFO:colcon.colcon_core.shell:Creating environment hook '/home/mk/dev_ws/install/rviz_robot_control_panel/share/rviz_robot_control_panel/hook/cmake_prefix_path.sh'
[4.808s] Level 1:colcon.colcon_core.environment:checking '/home/mk/dev_ws/install/rviz_robot_control_panel/lib'
[4.808s] Level 1:colcon.colcon_core.shell:create_environment_hook('rviz_robot_control_panel', 'ld_library_path_lib')
[4.808s] INFO:colcon.colcon_core.shell:Creating environment hook '/home/mk/dev_ws/install/rviz_robot_control_panel/share/rviz_robot_control_panel/hook/ld_library_path_lib.ps1'
[4.808s] INFO:colcon.colcon_core.shell:Creating environment descriptor '/home/mk/dev_ws/install/rviz_robot_control_panel/share/rviz_robot_control_panel/hook/ld_library_path_lib.dsv'
[4.808s] INFO:colcon.colcon_core.shell:Creating environment hook '/home/mk/dev_ws/install/rviz_robot_control_panel/share/rviz_robot_control_panel/hook/ld_library_path_lib.sh'
[4.809s] Level 1:colcon.colcon_core.environment:checking '/home/mk/dev_ws/install/rviz_robot_control_panel/bin'
[4.809s] Level 1:colcon.colcon_core.environment:checking '/home/mk/dev_ws/install/rviz_robot_control_panel/lib/pkgconfig/rviz_robot_control_panel.pc'
[4.809s] Level 1:colcon.colcon_core.environment:checking '/home/mk/dev_ws/install/rviz_robot_control_panel/lib/python3.10/site-packages'
[4.809s] Level 1:colcon.colcon_core.environment:checking '/home/mk/dev_ws/install/rviz_robot_control_panel/bin'
[4.809s] INFO:colcon.colcon_core.shell:Creating package script '/home/mk/dev_ws/install/rviz_robot_control_panel/share/rviz_robot_control_panel/package.ps1'
[4.810s] INFO:colcon.colcon_core.shell:Creating package descriptor '/home/mk/dev_ws/install/rviz_robot_control_panel/share/rviz_robot_control_panel/package.dsv'
[4.810s] INFO:colcon.colcon_core.shell:Creating package script '/home/mk/dev_ws/install/rviz_robot_control_panel/share/rviz_robot_control_panel/package.sh'
[4.810s] INFO:colcon.colcon_core.shell:Creating package script '/home/mk/dev_ws/install/rviz_robot_control_panel/share/rviz_robot_control_panel/package.bash'
[4.810s] INFO:colcon.colcon_core.shell:Creating package script '/home/mk/dev_ws/install/rviz_robot_control_panel/share/rviz_robot_control_panel/package.zsh'
[4.810s] Level 1:colcon.colcon_core.environment:create_file_with_runtime_dependencies(/home/mk/dev_ws/install/rviz_robot_control_panel/share/colcon-core/packages/rviz_robot_control_panel)
[4.811s] Level 1:colcon.colcon_core.environment:create_environment_scripts_only(rviz_robot_control_panel)
[4.811s] Level 1:colcon.colcon_core.environment:checking '/home/mk/dev_ws/install/rviz_robot_control_panel' for CMake module files
[4.811s] Level 1:colcon.colcon_core.environment:checking '/home/mk/dev_ws/install/rviz_robot_control_panel' for CMake config files
[4.811s] Level 1:colcon.colcon_core.shell:create_environment_hook('rviz_robot_control_panel', 'cmake_prefix_path')
[4.811s] INFO:colcon.colcon_core.shell:Creating environment hook '/home/mk/dev_ws/install/rviz_robot_control_panel/share/rviz_robot_control_panel/hook/cmake_prefix_path.ps1'
[4.812s] INFO:colcon.colcon_core.shell:Creating environment descriptor '/home/mk/dev_ws/install/rviz_robot_control_panel/share/rviz_robot_control_panel/hook/cmake_prefix_path.dsv'
[4.812s] INFO:colcon.colcon_core.shell:Creating environment hook '/home/mk/dev_ws/install/rviz_robot_control_panel/share/rviz_robot_control_panel/hook/cmake_prefix_path.sh'
[4.812s] Level 1:colcon.colcon_core.environment:checking '/home/mk/dev_ws/install/rviz_robot_control_panel/lib'
[4.812s] Level 1:colcon.colcon_core.shell:create_environment_hook('rviz_robot_control_panel', 'ld_library_path_lib')
[4.812s] INFO:colcon.colcon_core.shell:Creating environment hook '/home/mk/dev_ws/install/rviz_robot_control_panel/share/rviz_robot_control_panel/hook/ld_library_path_lib.ps1'
[4.813s] INFO:colcon.colcon_core.shell:Creating environment descriptor '/home/mk/dev_ws/install/rviz_robot_control_panel/share/rviz_robot_control_panel/hook/ld_library_path_lib.dsv'
[4.813s] INFO:colcon.colcon_core.shell:Creating environment hook '/home/mk/dev_ws/install/rviz_robot_control_panel/share/rviz_robot_control_panel/hook/ld_library_path_lib.sh'
[4.813s] Level 1:colcon.colcon_core.environment:checking '/home/mk/dev_ws/install/rviz_robot_control_panel/bin'
[4.813s] Level 1:colcon.colcon_core.environment:checking '/home/mk/dev_ws/install/rviz_robot_control_panel/lib/pkgconfig/rviz_robot_control_panel.pc'
[4.813s] Level 1:colcon.colcon_core.environment:checking '/home/mk/dev_ws/install/rviz_robot_control_panel/lib/python3.10/site-packages'
[4.813s] Level 1:colcon.colcon_core.environment:checking '/home/mk/dev_ws/install/rviz_robot_control_panel/bin'
[4.814s] INFO:colcon.colcon_core.shell:Creating package script '/home/mk/dev_ws/install/rviz_robot_control_panel/share/rviz_robot_control_panel/package.ps1'
[4.814s] INFO:colcon.colcon_core.shell:Creating package descriptor '/home/mk/dev_ws/install/rviz_robot_control_panel/share/rviz_robot_control_panel/package.dsv'
[4.814s] INFO:colcon.colcon_core.shell:Creating package script '/home/mk/dev_ws/install/rviz_robot_control_panel/share/rviz_robot_control_panel/package.sh'
[4.815s] INFO:colcon.colcon_core.shell:Creating package script '/home/mk/dev_ws/install/rviz_robot_control_panel/share/rviz_robot_control_panel/package.bash'
[4.815s] INFO:colcon.colcon_core.shell:Creating package script '/home/mk/dev_ws/install/rviz_robot_control_panel/share/rviz_robot_control_panel/package.zsh'
[4.815s] Level 1:colcon.colcon_core.environment:create_file_with_runtime_dependencies(/home/mk/dev_ws/install/rviz_robot_control_panel/share/colcon-core/packages/rviz_robot_control_panel)
[4.861s] DEBUG:colcon.colcon_core.event_handler.log_command:Invoked command in '/home/mk/dev_ws/build/zed_wrapper' returned '0': CMAKE_PREFIX_PATH=/home/mk/dev_ws/install/zed_components:/home/mk/dev_ws/install/zed_interfaces:/home/mk/dev_ws/install/zed_ros2:/home/mk/dev_ws/install/zed_wrapper:/home/mk/dev_ws/install/xarm_planner:/home/mk/dev_ws/install/xarm_moveit_servo:/home/mk/dev_ws/install/xarm_moveit_config:/home/mk/dev_ws/install/xarm_gazebo:/home/mk/dev_ws/install/xarm_controller:/home/mk/dev_ws/install/xarm_api:/home/mk/dev_ws/install/xarm_sdk:/home/mk/dev_ws/install/rviz_robot_control_panel:/home/mk/dev_ws/install/xarm_msgs:/home/mk/dev_ws/install/xarm_description:/home/mk/dev_ws/install/whisper_bringup:/home/mk/dev_ws/install/whisper_server:/home/mk/dev_ws/install/transcript_manager:/home/mk/dev_ws/install/whisper_util:/home/mk/dev_ws/install/whisper_idl:/home/mk/dev_ws/install/whisper_cpp_vendor:/home/mk/dev_ws/install/realsense_gazebo_plugin:/home/mk/dev_ws/install/my_3d_vision_bringup:/home/mk/dev_ws/install/mbot_demo:/home/mk/dev_ws/install/yolo_object_detector:/home/mk/dev_ws/install/move_to_coordinator:/home/mk/dev_ws/install/motion_sequence:/home/mk/dev_ws/install/whisper_demos:/home/mk/dev_ws/install/voice_command_listener:/home/mk/dev_ws/install/uf_ros_lib:/home/mk/dev_ws/install/rviz_servo_status_overlay:/home/mk/dev_ws/install/rviz_marker_static_scene_objects:/home/mk/dev_ws/install/robot_motion_handler_movegroup:/home/mk/dev_ws/install/gaze_control:/home/mk/dev_ws/install/collision_check:/home/mk/dev_ws/install/audio_listener:/opt/ros/humble LD_LIBRARY_PATH=/home/mk/dev_ws/install/zed_components/lib:/home/mk/dev_ws/install/zed_interfaces/lib:/usr/local/cuda-12.1/lib64:/home/mk/dev_ws/install/xarm_planner/lib:/home/mk/dev_ws/install/xarm_moveit_servo/lib:/home/mk/dev_ws/install/xarm_gazebo/lib:/home/mk/dev_ws/install/xarm_controller/lib:/home/mk/dev_ws/install/xarm_api/lib:/home/mk/dev_ws/install/xarm_sdk/lib:/home/mk/dev_ws/install/rviz_robot_control_panel/lib:/home/mk/dev_ws/install/xarm_msgs/lib:/home/mk/dev_ws/install/whisper_server/lib:/home/mk/dev_ws/install/transcript_manager/lib:/home/mk/dev_ws/install/whisper_util/lib:/home/mk/dev_ws/install/whisper_idl/lib:/home/mk/dev_ws/install/whisper_cpp_vendor/lib:/home/mk/dev_ws/install/realsense_gazebo_plugin/lib:/home/mk/dev_ws/install/my_3d_vision_bringup/lib:/usr/lib/x86_64-linux-gnu/gazebo-11/plugins:/opt/ros/humble/opt/rviz_ogre_vendor/lib:/opt/ros/humble/lib/x86_64-linux-gnu:/opt/ros/humble/lib /usr/bin/cmake /home/mk/dev_ws/src/zed-ros2-wrapper/zed_wrapper -DCMAKE_INSTALL_PREFIX=/home/mk/dev_ws/install/zed_wrapper
[4.862s] DEBUG:colcon.colcon_core.event_handler.log_command:Invoking command in '/home/mk/dev_ws/build/zed_wrapper': CMAKE_PREFIX_PATH=/home/mk/dev_ws/install/zed_components:/home/mk/dev_ws/install/zed_interfaces:/home/mk/dev_ws/install/zed_ros2:/home/mk/dev_ws/install/zed_wrapper:/home/mk/dev_ws/install/xarm_planner:/home/mk/dev_ws/install/xarm_moveit_servo:/home/mk/dev_ws/install/xarm_moveit_config:/home/mk/dev_ws/install/xarm_gazebo:/home/mk/dev_ws/install/xarm_controller:/home/mk/dev_ws/install/xarm_api:/home/mk/dev_ws/install/xarm_sdk:/home/mk/dev_ws/install/rviz_robot_control_panel:/home/mk/dev_ws/install/xarm_msgs:/home/mk/dev_ws/install/xarm_description:/home/mk/dev_ws/install/whisper_bringup:/home/mk/dev_ws/install/whisper_server:/home/mk/dev_ws/install/transcript_manager:/home/mk/dev_ws/install/whisper_util:/home/mk/dev_ws/install/whisper_idl:/home/mk/dev_ws/install/whisper_cpp_vendor:/home/mk/dev_ws/install/realsense_gazebo_plugin:/home/mk/dev_ws/install/my_3d_vision_bringup:/home/mk/dev_ws/install/mbot_demo:/home/mk/dev_ws/install/yolo_object_detector:/home/mk/dev_ws/install/move_to_coordinator:/home/mk/dev_ws/install/motion_sequence:/home/mk/dev_ws/install/whisper_demos:/home/mk/dev_ws/install/voice_command_listener:/home/mk/dev_ws/install/uf_ros_lib:/home/mk/dev_ws/install/rviz_servo_status_overlay:/home/mk/dev_ws/install/rviz_marker_static_scene_objects:/home/mk/dev_ws/install/robot_motion_handler_movegroup:/home/mk/dev_ws/install/gaze_control:/home/mk/dev_ws/install/collision_check:/home/mk/dev_ws/install/audio_listener:/opt/ros/humble LD_LIBRARY_PATH=/home/mk/dev_ws/install/zed_components/lib:/home/mk/dev_ws/install/zed_interfaces/lib:/usr/local/cuda-12.1/lib64:/home/mk/dev_ws/install/xarm_planner/lib:/home/mk/dev_ws/install/xarm_moveit_servo/lib:/home/mk/dev_ws/install/xarm_gazebo/lib:/home/mk/dev_ws/install/xarm_controller/lib:/home/mk/dev_ws/install/xarm_api/lib:/home/mk/dev_ws/install/xarm_sdk/lib:/home/mk/dev_ws/install/rviz_robot_control_panel/lib:/home/mk/dev_ws/install/xarm_msgs/lib:/home/mk/dev_ws/install/whisper_server/lib:/home/mk/dev_ws/install/transcript_manager/lib:/home/mk/dev_ws/install/whisper_util/lib:/home/mk/dev_ws/install/whisper_idl/lib:/home/mk/dev_ws/install/whisper_cpp_vendor/lib:/home/mk/dev_ws/install/realsense_gazebo_plugin/lib:/home/mk/dev_ws/install/my_3d_vision_bringup/lib:/usr/lib/x86_64-linux-gnu/gazebo-11/plugins:/opt/ros/humble/opt/rviz_ogre_vendor/lib:/opt/ros/humble/lib/x86_64-linux-gnu:/opt/ros/humble/lib /usr/bin/cmake --build /home/mk/dev_ws/build/zed_wrapper -- -j16 -l16
[4.904s] Level 1:colcon.colcon_core.environment:checking '/home/mk/dev_ws/install/motion_sequence' for CMake module files
[4.905s] DEBUG:colcon.colcon_core.event_handler.log_command:Invoked command in '/home/mk/dev_ws/src/motion_sequence' returned '0': CMAKE_PREFIX_PATH=/home/mk/dev_ws/install/xarm_msgs:/home/mk/dev_ws/install/zed_ros2:/home/mk/dev_ws/install/zed_wrapper:/home/mk/dev_ws/install/zed_components:/home/mk/dev_ws/install/zed_interfaces:/home/mk/dev_ws/install/xarm_planner:/home/mk/dev_ws/install/xarm_moveit_servo:/home/mk/dev_ws/install/xarm_moveit_config:/home/mk/dev_ws/install/xarm_gazebo:/home/mk/dev_ws/install/xarm_controller:/home/mk/dev_ws/install/xarm_api:/home/mk/dev_ws/install/xarm_sdk:/home/mk/dev_ws/install/rviz_robot_control_panel:/home/mk/dev_ws/install/xarm_description:/home/mk/dev_ws/install/whisper_bringup:/home/mk/dev_ws/install/whisper_server:/home/mk/dev_ws/install/transcript_manager:/home/mk/dev_ws/install/whisper_util:/home/mk/dev_ws/install/whisper_idl:/home/mk/dev_ws/install/whisper_cpp_vendor:/home/mk/dev_ws/install/realsense_gazebo_plugin:/home/mk/dev_ws/install/my_3d_vision_bringup:/home/mk/dev_ws/install/mbot_demo LD_LIBRARY_PATH=/home/mk/dev_ws/install/xarm_msgs/lib:/usr/local/cuda-12.1/lib64:/home/mk/dev_ws/install/zed_components/lib:/home/mk/dev_ws/install/zed_interfaces/lib:/home/mk/dev_ws/install/xarm_planner/lib:/home/mk/dev_ws/install/xarm_moveit_servo/lib:/home/mk/dev_ws/install/xarm_gazebo/lib:/home/mk/dev_ws/install/xarm_controller/lib:/home/mk/dev_ws/install/xarm_api/lib:/home/mk/dev_ws/install/xarm_sdk/lib:/home/mk/dev_ws/install/rviz_robot_control_panel/lib:/home/mk/dev_ws/install/whisper_server/lib:/home/mk/dev_ws/install/transcript_manager/lib:/home/mk/dev_ws/install/whisper_util/lib:/home/mk/dev_ws/install/whisper_idl/lib:/home/mk/dev_ws/install/whisper_cpp_vendor/lib:/home/mk/dev_ws/install/realsense_gazebo_plugin/lib:/home/mk/dev_ws/install/my_3d_vision_bringup/lib:/usr/lib/x86_64-linux-gnu/gazebo-11/plugins:/opt/ros/humble/opt/rviz_ogre_vendor/lib:/opt/ros/humble/lib/x86_64-linux-gnu:/opt/ros/humble/lib PYTHONPATH=/home/mk/dev_ws/build/motion_sequence/prefix_override:/usr/lib/python3/dist-packages/colcon_core/task/python/colcon_distutils_commands:/home/mk/dev_ws/install/motion_sequence/lib/python3.10/site-packages:${PYTHONPATH} /usr/bin/python3 -W ignore:setup.py install is deprecated -W ignore:easy_install command is deprecated setup.py egg_info --egg-base ../../build/motion_sequence build --build-base /home/mk/dev_ws/build/motion_sequence/build install --record /home/mk/dev_ws/build/motion_sequence/install.log --single-version-externally-managed install_data --force
[4.905s] Level 1:colcon.colcon_core.environment:checking '/home/mk/dev_ws/install/motion_sequence' for CMake config files
[4.906s] Level 1:colcon.colcon_core.environment:checking '/home/mk/dev_ws/install/motion_sequence/lib'
[4.906s] Level 1:colcon.colcon_core.environment:checking '/home/mk/dev_ws/install/motion_sequence/bin'
[4.906s] Level 1:colcon.colcon_core.environment:checking '/home/mk/dev_ws/install/motion_sequence/lib/pkgconfig/motion_sequence.pc'
[4.906s] Level 1:colcon.colcon_core.environment:checking '/home/mk/dev_ws/install/motion_sequence/lib/python3.10/site-packages'
[4.906s] Level 1:colcon.colcon_core.shell:create_environment_hook('motion_sequence', 'pythonpath')
[4.906s] INFO:colcon.colcon_core.shell:Creating environment hook '/home/mk/dev_ws/install/motion_sequence/share/motion_sequence/hook/pythonpath.ps1'
[4.907s] INFO:colcon.colcon_core.shell:Creating environment descriptor '/home/mk/dev_ws/install/motion_sequence/share/motion_sequence/hook/pythonpath.dsv'
[4.907s] INFO:colcon.colcon_core.shell:Creating environment hook '/home/mk/dev_ws/install/motion_sequence/share/motion_sequence/hook/pythonpath.sh'
[4.907s] Level 1:colcon.colcon_core.environment:checking '/home/mk/dev_ws/install/motion_sequence/bin'
[4.907s] Level 1:colcon.colcon_core.environment:create_environment_scripts_only(motion_sequence)
[4.908s] INFO:colcon.colcon_core.shell:Creating package script '/home/mk/dev_ws/install/motion_sequence/share/motion_sequence/package.ps1'
[4.908s] INFO:colcon.colcon_core.shell:Creating package descriptor '/home/mk/dev_ws/install/motion_sequence/share/motion_sequence/package.dsv'
[4.909s] INFO:colcon.colcon_core.shell:Creating package script '/home/mk/dev_ws/install/motion_sequence/share/motion_sequence/package.sh'
[4.909s] INFO:colcon.colcon_core.shell:Creating package script '/home/mk/dev_ws/install/motion_sequence/share/motion_sequence/package.bash'
[4.909s] INFO:colcon.colcon_core.shell:Creating package script '/home/mk/dev_ws/install/motion_sequence/share/motion_sequence/package.zsh'
[4.910s] Level 1:colcon.colcon_core.environment:create_file_with_runtime_dependencies(/home/mk/dev_ws/install/motion_sequence/share/colcon-core/packages/motion_sequence)
[4.927s] DEBUG:colcon.colcon_core.event_handler.log_command:Invoked command in '/home/mk/dev_ws/build/zed_wrapper' returned '0': CMAKE_PREFIX_PATH=/home/mk/dev_ws/install/zed_components:/home/mk/dev_ws/install/zed_interfaces:/home/mk/dev_ws/install/zed_ros2:/home/mk/dev_ws/install/zed_wrapper:/home/mk/dev_ws/install/xarm_planner:/home/mk/dev_ws/install/xarm_moveit_servo:/home/mk/dev_ws/install/xarm_moveit_config:/home/mk/dev_ws/install/xarm_gazebo:/home/mk/dev_ws/install/xarm_controller:/home/mk/dev_ws/install/xarm_api:/home/mk/dev_ws/install/xarm_sdk:/home/mk/dev_ws/install/rviz_robot_control_panel:/home/mk/dev_ws/install/xarm_msgs:/home/mk/dev_ws/install/xarm_description:/home/mk/dev_ws/install/whisper_bringup:/home/mk/dev_ws/install/whisper_server:/home/mk/dev_ws/install/transcript_manager:/home/mk/dev_ws/install/whisper_util:/home/mk/dev_ws/install/whisper_idl:/home/mk/dev_ws/install/whisper_cpp_vendor:/home/mk/dev_ws/install/realsense_gazebo_plugin:/home/mk/dev_ws/install/my_3d_vision_bringup:/home/mk/dev_ws/install/mbot_demo:/home/mk/dev_ws/install/yolo_object_detector:/home/mk/dev_ws/install/move_to_coordinator:/home/mk/dev_ws/install/motion_sequence:/home/mk/dev_ws/install/whisper_demos:/home/mk/dev_ws/install/voice_command_listener:/home/mk/dev_ws/install/uf_ros_lib:/home/mk/dev_ws/install/rviz_servo_status_overlay:/home/mk/dev_ws/install/rviz_marker_static_scene_objects:/home/mk/dev_ws/install/robot_motion_handler_movegroup:/home/mk/dev_ws/install/gaze_control:/home/mk/dev_ws/install/collision_check:/home/mk/dev_ws/install/audio_listener:/opt/ros/humble LD_LIBRARY_PATH=/home/mk/dev_ws/install/zed_components/lib:/home/mk/dev_ws/install/zed_interfaces/lib:/usr/local/cuda-12.1/lib64:/home/mk/dev_ws/install/xarm_planner/lib:/home/mk/dev_ws/install/xarm_moveit_servo/lib:/home/mk/dev_ws/install/xarm_gazebo/lib:/home/mk/dev_ws/install/xarm_controller/lib:/home/mk/dev_ws/install/xarm_api/lib:/home/mk/dev_ws/install/xarm_sdk/lib:/home/mk/dev_ws/install/rviz_robot_control_panel/lib:/home/mk/dev_ws/install/xarm_msgs/lib:/home/mk/dev_ws/install/whisper_server/lib:/home/mk/dev_ws/install/transcript_manager/lib:/home/mk/dev_ws/install/whisper_util/lib:/home/mk/dev_ws/install/whisper_idl/lib:/home/mk/dev_ws/install/whisper_cpp_vendor/lib:/home/mk/dev_ws/install/realsense_gazebo_plugin/lib:/home/mk/dev_ws/install/my_3d_vision_bringup/lib:/usr/lib/x86_64-linux-gnu/gazebo-11/plugins:/opt/ros/humble/opt/rviz_ogre_vendor/lib:/opt/ros/humble/lib/x86_64-linux-gnu:/opt/ros/humble/lib /usr/bin/cmake --build /home/mk/dev_ws/build/zed_wrapper -- -j16 -l16
[4.928s] DEBUG:colcon.colcon_core.event_handler.log_command:Invoking command in '/home/mk/dev_ws/build/zed_wrapper': CMAKE_PREFIX_PATH=/home/mk/dev_ws/install/zed_components:/home/mk/dev_ws/install/zed_interfaces:/home/mk/dev_ws/install/zed_ros2:/home/mk/dev_ws/install/zed_wrapper:/home/mk/dev_ws/install/xarm_planner:/home/mk/dev_ws/install/xarm_moveit_servo:/home/mk/dev_ws/install/xarm_moveit_config:/home/mk/dev_ws/install/xarm_gazebo:/home/mk/dev_ws/install/xarm_controller:/home/mk/dev_ws/install/xarm_api:/home/mk/dev_ws/install/xarm_sdk:/home/mk/dev_ws/install/rviz_robot_control_panel:/home/mk/dev_ws/install/xarm_msgs:/home/mk/dev_ws/install/xarm_description:/home/mk/dev_ws/install/whisper_bringup:/home/mk/dev_ws/install/whisper_server:/home/mk/dev_ws/install/transcript_manager:/home/mk/dev_ws/install/whisper_util:/home/mk/dev_ws/install/whisper_idl:/home/mk/dev_ws/install/whisper_cpp_vendor:/home/mk/dev_ws/install/realsense_gazebo_plugin:/home/mk/dev_ws/install/my_3d_vision_bringup:/home/mk/dev_ws/install/mbot_demo:/home/mk/dev_ws/install/yolo_object_detector:/home/mk/dev_ws/install/move_to_coordinator:/home/mk/dev_ws/install/motion_sequence:/home/mk/dev_ws/install/whisper_demos:/home/mk/dev_ws/install/voice_command_listener:/home/mk/dev_ws/install/uf_ros_lib:/home/mk/dev_ws/install/rviz_servo_status_overlay:/home/mk/dev_ws/install/rviz_marker_static_scene_objects:/home/mk/dev_ws/install/robot_motion_handler_movegroup:/home/mk/dev_ws/install/gaze_control:/home/mk/dev_ws/install/collision_check:/home/mk/dev_ws/install/audio_listener:/opt/ros/humble LD_LIBRARY_PATH=/home/mk/dev_ws/install/zed_components/lib:/home/mk/dev_ws/install/zed_interfaces/lib:/usr/local/cuda-12.1/lib64:/home/mk/dev_ws/install/xarm_planner/lib:/home/mk/dev_ws/install/xarm_moveit_servo/lib:/home/mk/dev_ws/install/xarm_gazebo/lib:/home/mk/dev_ws/install/xarm_controller/lib:/home/mk/dev_ws/install/xarm_api/lib:/home/mk/dev_ws/install/xarm_sdk/lib:/home/mk/dev_ws/install/rviz_robot_control_panel/lib:/home/mk/dev_ws/install/xarm_msgs/lib:/home/mk/dev_ws/install/whisper_server/lib:/home/mk/dev_ws/install/transcript_manager/lib:/home/mk/dev_ws/install/whisper_util/lib:/home/mk/dev_ws/install/whisper_idl/lib:/home/mk/dev_ws/install/whisper_cpp_vendor/lib:/home/mk/dev_ws/install/realsense_gazebo_plugin/lib:/home/mk/dev_ws/install/my_3d_vision_bringup/lib:/usr/lib/x86_64-linux-gnu/gazebo-11/plugins:/opt/ros/humble/opt/rviz_ogre_vendor/lib:/opt/ros/humble/lib/x86_64-linux-gnu:/opt/ros/humble/lib /usr/bin/cmake --install /home/mk/dev_ws/build/zed_wrapper
[4.930s] Level 1:colcon.colcon_core.environment:checking '/home/mk/dev_ws/install/move_to_coordinator' for CMake module files
[4.931s] Level 1:colcon.colcon_core.environment:checking '/home/mk/dev_ws/install/move_to_coordinator' for CMake config files
[4.931s] DEBUG:colcon.colcon_core.event_handler.log_command:Invoked command in '/home/mk/dev_ws/src/move_to_coordinator' returned '0': CMAKE_PREFIX_PATH=/home/mk/dev_ws/install/xarm_msgs:/home/mk/dev_ws/install/zed_ros2:/home/mk/dev_ws/install/zed_wrapper:/home/mk/dev_ws/install/zed_components:/home/mk/dev_ws/install/zed_interfaces:/home/mk/dev_ws/install/xarm_planner:/home/mk/dev_ws/install/xarm_moveit_servo:/home/mk/dev_ws/install/xarm_moveit_config:/home/mk/dev_ws/install/xarm_gazebo:/home/mk/dev_ws/install/xarm_controller:/home/mk/dev_ws/install/xarm_api:/home/mk/dev_ws/install/xarm_sdk:/home/mk/dev_ws/install/rviz_robot_control_panel:/home/mk/dev_ws/install/xarm_description:/home/mk/dev_ws/install/whisper_bringup:/home/mk/dev_ws/install/whisper_server:/home/mk/dev_ws/install/transcript_manager:/home/mk/dev_ws/install/whisper_util:/home/mk/dev_ws/install/whisper_idl:/home/mk/dev_ws/install/whisper_cpp_vendor:/home/mk/dev_ws/install/realsense_gazebo_plugin:/home/mk/dev_ws/install/my_3d_vision_bringup:/home/mk/dev_ws/install/mbot_demo LD_LIBRARY_PATH=/home/mk/dev_ws/install/xarm_msgs/lib:/usr/local/cuda-12.1/lib64:/home/mk/dev_ws/install/zed_components/lib:/home/mk/dev_ws/install/zed_interfaces/lib:/home/mk/dev_ws/install/xarm_planner/lib:/home/mk/dev_ws/install/xarm_moveit_servo/lib:/home/mk/dev_ws/install/xarm_gazebo/lib:/home/mk/dev_ws/install/xarm_controller/lib:/home/mk/dev_ws/install/xarm_api/lib:/home/mk/dev_ws/install/xarm_sdk/lib:/home/mk/dev_ws/install/rviz_robot_control_panel/lib:/home/mk/dev_ws/install/whisper_server/lib:/home/mk/dev_ws/install/transcript_manager/lib:/home/mk/dev_ws/install/whisper_util/lib:/home/mk/dev_ws/install/whisper_idl/lib:/home/mk/dev_ws/install/whisper_cpp_vendor/lib:/home/mk/dev_ws/install/realsense_gazebo_plugin/lib:/home/mk/dev_ws/install/my_3d_vision_bringup/lib:/usr/lib/x86_64-linux-gnu/gazebo-11/plugins:/opt/ros/humble/opt/rviz_ogre_vendor/lib:/opt/ros/humble/lib/x86_64-linux-gnu:/opt/ros/humble/lib PYTHONPATH=/home/mk/dev_ws/build/move_to_coordinator/prefix_override:/usr/lib/python3/dist-packages/colcon_core/task/python/colcon_distutils_commands:/home/mk/dev_ws/install/move_to_coordinator/lib/python3.10/site-packages:${PYTHONPATH} /usr/bin/python3 -W ignore:setup.py install is deprecated -W ignore:easy_install command is deprecated setup.py egg_info --egg-base ../../build/move_to_coordinator build --build-base /home/mk/dev_ws/build/move_to_coordinator/build install --record /home/mk/dev_ws/build/move_to_coordinator/install.log --single-version-externally-managed install_data --force
[4.932s] Level 1:colcon.colcon_core.environment:checking '/home/mk/dev_ws/install/move_to_coordinator/lib'
[4.932s] Level 1:colcon.colcon_core.environment:checking '/home/mk/dev_ws/install/move_to_coordinator/bin'
[4.932s] Level 1:colcon.colcon_core.environment:checking '/home/mk/dev_ws/install/move_to_coordinator/lib/pkgconfig/move_to_coordinator.pc'
[4.932s] Level 1:colcon.colcon_core.environment:checking '/home/mk/dev_ws/install/move_to_coordinator/lib/python3.10/site-packages'
[4.932s] Level 1:colcon.colcon_core.shell:create_environment_hook('move_to_coordinator', 'pythonpath')
[4.932s] INFO:colcon.colcon_core.shell:Creating environment hook '/home/mk/dev_ws/install/move_to_coordinator/share/move_to_coordinator/hook/pythonpath.ps1'
[4.933s] INFO:colcon.colcon_core.shell:Creating environment descriptor '/home/mk/dev_ws/install/move_to_coordinator/share/move_to_coordinator/hook/pythonpath.dsv'
[4.933s] INFO:colcon.colcon_core.shell:Creating environment hook '/home/mk/dev_ws/install/move_to_coordinator/share/move_to_coordinator/hook/pythonpath.sh'
[4.934s] Level 1:colcon.colcon_core.environment:checking '/home/mk/dev_ws/install/move_to_coordinator/bin'
[4.934s] Level 1:colcon.colcon_core.environment:create_environment_scripts_only(move_to_coordinator)
[4.935s] INFO:colcon.colcon_core.shell:Creating package script '/home/mk/dev_ws/install/move_to_coordinator/share/move_to_coordinator/package.ps1'
[4.935s] INFO:colcon.colcon_core.shell:Creating package descriptor '/home/mk/dev_ws/install/move_to_coordinator/share/move_to_coordinator/package.dsv'
[4.936s] INFO:colcon.colcon_core.shell:Creating package script '/home/mk/dev_ws/install/move_to_coordinator/share/move_to_coordinator/package.sh'
[4.936s] INFO:colcon.colcon_core.shell:Creating package script '/home/mk/dev_ws/install/move_to_coordinator/share/move_to_coordinator/package.bash'
[4.937s] INFO:colcon.colcon_core.shell:Creating package script '/home/mk/dev_ws/install/move_to_coordinator/share/move_to_coordinator/package.zsh'
[4.939s] Level 1:colcon.colcon_core.environment:create_file_with_runtime_dependencies(/home/mk/dev_ws/install/move_to_coordinator/share/colcon-core/packages/move_to_coordinator)
[4.948s] Level 1:colcon.colcon_core.environment:create_environment_scripts_only(zed_wrapper)
[4.948s] Level 1:colcon.colcon_core.environment:checking '/home/mk/dev_ws/install/zed_wrapper' for CMake module files
[4.949s] DEBUG:colcon.colcon_core.event_handler.log_command:Invoked command in '/home/mk/dev_ws/build/zed_wrapper' returned '0': CMAKE_PREFIX_PATH=/home/mk/dev_ws/install/zed_components:/home/mk/dev_ws/install/zed_interfaces:/home/mk/dev_ws/install/zed_ros2:/home/mk/dev_ws/install/zed_wrapper:/home/mk/dev_ws/install/xarm_planner:/home/mk/dev_ws/install/xarm_moveit_servo:/home/mk/dev_ws/install/xarm_moveit_config:/home/mk/dev_ws/install/xarm_gazebo:/home/mk/dev_ws/install/xarm_controller:/home/mk/dev_ws/install/xarm_api:/home/mk/dev_ws/install/xarm_sdk:/home/mk/dev_ws/install/rviz_robot_control_panel:/home/mk/dev_ws/install/xarm_msgs:/home/mk/dev_ws/install/xarm_description:/home/mk/dev_ws/install/whisper_bringup:/home/mk/dev_ws/install/whisper_server:/home/mk/dev_ws/install/transcript_manager:/home/mk/dev_ws/install/whisper_util:/home/mk/dev_ws/install/whisper_idl:/home/mk/dev_ws/install/whisper_cpp_vendor:/home/mk/dev_ws/install/realsense_gazebo_plugin:/home/mk/dev_ws/install/my_3d_vision_bringup:/home/mk/dev_ws/install/mbot_demo:/home/mk/dev_ws/install/yolo_object_detector:/home/mk/dev_ws/install/move_to_coordinator:/home/mk/dev_ws/install/motion_sequence:/home/mk/dev_ws/install/whisper_demos:/home/mk/dev_ws/install/voice_command_listener:/home/mk/dev_ws/install/uf_ros_lib:/home/mk/dev_ws/install/rviz_servo_status_overlay:/home/mk/dev_ws/install/rviz_marker_static_scene_objects:/home/mk/dev_ws/install/robot_motion_handler_movegroup:/home/mk/dev_ws/install/gaze_control:/home/mk/dev_ws/install/collision_check:/home/mk/dev_ws/install/audio_listener:/opt/ros/humble LD_LIBRARY_PATH=/home/mk/dev_ws/install/zed_components/lib:/home/mk/dev_ws/install/zed_interfaces/lib:/usr/local/cuda-12.1/lib64:/home/mk/dev_ws/install/xarm_planner/lib:/home/mk/dev_ws/install/xarm_moveit_servo/lib:/home/mk/dev_ws/install/xarm_gazebo/lib:/home/mk/dev_ws/install/xarm_controller/lib:/home/mk/dev_ws/install/xarm_api/lib:/home/mk/dev_ws/install/xarm_sdk/lib:/home/mk/dev_ws/install/rviz_robot_control_panel/lib:/home/mk/dev_ws/install/xarm_msgs/lib:/home/mk/dev_ws/install/whisper_server/lib:/home/mk/dev_ws/install/transcript_manager/lib:/home/mk/dev_ws/install/whisper_util/lib:/home/mk/dev_ws/install/whisper_idl/lib:/home/mk/dev_ws/install/whisper_cpp_vendor/lib:/home/mk/dev_ws/install/realsense_gazebo_plugin/lib:/home/mk/dev_ws/install/my_3d_vision_bringup/lib:/usr/lib/x86_64-linux-gnu/gazebo-11/plugins:/opt/ros/humble/opt/rviz_ogre_vendor/lib:/opt/ros/humble/lib/x86_64-linux-gnu:/opt/ros/humble/lib /usr/bin/cmake --install /home/mk/dev_ws/build/zed_wrapper
[4.949s] Level 1:colcon.colcon_core.environment:checking '/home/mk/dev_ws/install/zed_wrapper' for CMake config files
[4.949s] Level 1:colcon.colcon_core.shell:create_environment_hook('zed_wrapper', 'cmake_prefix_path')
[4.949s] INFO:colcon.colcon_core.shell:Creating environment hook '/home/mk/dev_ws/install/zed_wrapper/share/zed_wrapper/hook/cmake_prefix_path.ps1'
[4.950s] INFO:colcon.colcon_core.shell:Creating environment descriptor '/home/mk/dev_ws/install/zed_wrapper/share/zed_wrapper/hook/cmake_prefix_path.dsv'
[4.950s] INFO:colcon.colcon_core.shell:Creating environment hook '/home/mk/dev_ws/install/zed_wrapper/share/zed_wrapper/hook/cmake_prefix_path.sh'
[4.951s] Level 1:colcon.colcon_core.environment:checking '/home/mk/dev_ws/install/zed_wrapper/lib'
[4.951s] Level 1:colcon.colcon_core.environment:checking '/home/mk/dev_ws/install/zed_wrapper/bin'
[4.951s] Level 1:colcon.colcon_core.environment:checking '/home/mk/dev_ws/install/zed_wrapper/lib/pkgconfig/zed_wrapper.pc'
[4.951s] Level 1:colcon.colcon_core.environment:checking '/home/mk/dev_ws/install/zed_wrapper/lib/python3.10/site-packages'
[4.951s] Level 1:colcon.colcon_core.environment:checking '/home/mk/dev_ws/install/zed_wrapper/bin'
[4.952s] INFO:colcon.colcon_core.shell:Creating package script '/home/mk/dev_ws/install/zed_wrapper/share/zed_wrapper/package.ps1'
[4.952s] INFO:colcon.colcon_core.shell:Creating package descriptor '/home/mk/dev_ws/install/zed_wrapper/share/zed_wrapper/package.dsv'
[4.953s] INFO:colcon.colcon_core.shell:Creating package script '/home/mk/dev_ws/install/zed_wrapper/share/zed_wrapper/package.sh'
[4.953s] INFO:colcon.colcon_core.shell:Creating package script '/home/mk/dev_ws/install/zed_wrapper/share/zed_wrapper/package.bash'
[4.953s] INFO:colcon.colcon_core.shell:Creating package script '/home/mk/dev_ws/install/zed_wrapper/share/zed_wrapper/package.zsh'
[4.953s] Level 1:colcon.colcon_core.environment:create_file_with_runtime_dependencies(/home/mk/dev_ws/install/zed_wrapper/share/colcon-core/packages/zed_wrapper)
[4.955s] Level 1:colcon.colcon_core.environment:create_environment_scripts_only(zed_wrapper)
[4.955s] Level 1:colcon.colcon_core.environment:checking '/home/mk/dev_ws/install/zed_wrapper' for CMake module files
[4.955s] Level 1:colcon.colcon_core.environment:checking '/home/mk/dev_ws/install/zed_wrapper' for CMake config files
[4.955s] Level 1:colcon.colcon_core.shell:create_environment_hook('zed_wrapper', 'cmake_prefix_path')
[4.956s] INFO:colcon.colcon_core.shell:Creating environment hook '/home/mk/dev_ws/install/zed_wrapper/share/zed_wrapper/hook/cmake_prefix_path.ps1'
[4.956s] INFO:colcon.colcon_core.shell:Creating environment descriptor '/home/mk/dev_ws/install/zed_wrapper/share/zed_wrapper/hook/cmake_prefix_path.dsv'
[4.956s] INFO:colcon.colcon_core.shell:Creating environment hook '/home/mk/dev_ws/install/zed_wrapper/share/zed_wrapper/hook/cmake_prefix_path.sh'
[4.957s] Level 1:colcon.colcon_core.environment:checking '/home/mk/dev_ws/install/zed_wrapper/lib'
[4.957s] Level 1:colcon.colcon_core.environment:checking '/home/mk/dev_ws/install/zed_wrapper/bin'
[4.957s] Level 1:colcon.colcon_core.environment:checking '/home/mk/dev_ws/install/zed_wrapper/lib/pkgconfig/zed_wrapper.pc'
[4.957s] Level 1:colcon.colcon_core.environment:checking '/home/mk/dev_ws/install/zed_wrapper/lib/python3.10/site-packages'
[4.957s] Level 1:colcon.colcon_core.environment:checking '/home/mk/dev_ws/install/zed_wrapper/bin'
[4.958s] INFO:colcon.colcon_core.shell:Creating package script '/home/mk/dev_ws/install/zed_wrapper/share/zed_wrapper/package.ps1'
[4.958s] INFO:colcon.colcon_core.shell:Creating package descriptor '/home/mk/dev_ws/install/zed_wrapper/share/zed_wrapper/package.dsv'
[4.959s] INFO:colcon.colcon_core.shell:Creating package script '/home/mk/dev_ws/install/zed_wrapper/share/zed_wrapper/package.sh'
[4.959s] INFO:colcon.colcon_core.shell:Creating package script '/home/mk/dev_ws/install/zed_wrapper/share/zed_wrapper/package.bash'
[4.959s] INFO:colcon.colcon_core.shell:Creating package script '/home/mk/dev_ws/install/zed_wrapper/share/zed_wrapper/package.zsh'
[4.960s] Level 1:colcon.colcon_core.environment:create_file_with_runtime_dependencies(/home/mk/dev_ws/install/zed_wrapper/share/colcon-core/packages/zed_wrapper)
[4.960s] INFO:colcon.colcon_ros.task.ament_cmake.build:Building ROS package in '/home/mk/dev_ws/src/zed-ros2-wrapper/zed_ros2' with build type 'ament_cmake'
[4.961s] INFO:colcon.colcon_cmake.task.cmake.build:Building CMake package in '/home/mk/dev_ws/src/zed-ros2-wrapper/zed_ros2'
[4.961s] INFO:colcon.colcon_core.shell:Skip shell extension 'powershell' for command environment: Not usable outside of PowerShell
[4.961s] DEBUG:colcon.colcon_core.shell:Skip shell extension 'dsv' for command environment
[4.976s] DEBUG:colcon.colcon_core.event_handler.log_command:Invoking command in '/home/mk/dev_ws/build/zed_ros2': CMAKE_PREFIX_PATH=/home/mk/dev_ws/install/zed_wrapper:/home/mk/dev_ws/install/zed_components:/home/mk/dev_ws/install/zed_interfaces:/home/mk/dev_ws/install/zed_ros2:/home/mk/dev_ws/install/xarm_planner:/home/mk/dev_ws/install/xarm_moveit_servo:/home/mk/dev_ws/install/xarm_moveit_config:/home/mk/dev_ws/install/xarm_gazebo:/home/mk/dev_ws/install/xarm_controller:/home/mk/dev_ws/install/xarm_api:/home/mk/dev_ws/install/xarm_sdk:/home/mk/dev_ws/install/rviz_robot_control_panel:/home/mk/dev_ws/install/xarm_msgs:/home/mk/dev_ws/install/xarm_description:/home/mk/dev_ws/install/whisper_bringup:/home/mk/dev_ws/install/whisper_server:/home/mk/dev_ws/install/transcript_manager:/home/mk/dev_ws/install/whisper_util:/home/mk/dev_ws/install/whisper_idl:/home/mk/dev_ws/install/whisper_cpp_vendor:/home/mk/dev_ws/install/realsense_gazebo_plugin:/home/mk/dev_ws/install/my_3d_vision_bringup:/home/mk/dev_ws/install/mbot_demo:/home/mk/dev_ws/install/yolo_object_detector:/home/mk/dev_ws/install/move_to_coordinator:/home/mk/dev_ws/install/motion_sequence:/home/mk/dev_ws/install/whisper_demos:/home/mk/dev_ws/install/voice_command_listener:/home/mk/dev_ws/install/uf_ros_lib:/home/mk/dev_ws/install/rviz_servo_status_overlay:/home/mk/dev_ws/install/rviz_marker_static_scene_objects:/home/mk/dev_ws/install/robot_motion_handler_movegroup:/home/mk/dev_ws/install/gaze_control:/home/mk/dev_ws/install/collision_check:/home/mk/dev_ws/install/audio_listener:/opt/ros/humble LD_LIBRARY_PATH=/home/mk/dev_ws/install/zed_components/lib:/home/mk/dev_ws/install/zed_interfaces/lib:/usr/local/cuda-12.1/lib64:/home/mk/dev_ws/install/xarm_planner/lib:/home/mk/dev_ws/install/xarm_moveit_servo/lib:/home/mk/dev_ws/install/xarm_gazebo/lib:/home/mk/dev_ws/install/xarm_controller/lib:/home/mk/dev_ws/install/xarm_api/lib:/home/mk/dev_ws/install/xarm_sdk/lib:/home/mk/dev_ws/install/rviz_robot_control_panel/lib:/home/mk/dev_ws/install/xarm_msgs/lib:/home/mk/dev_ws/install/whisper_server/lib:/home/mk/dev_ws/install/transcript_manager/lib:/home/mk/dev_ws/install/whisper_util/lib:/home/mk/dev_ws/install/whisper_idl/lib:/home/mk/dev_ws/install/whisper_cpp_vendor/lib:/home/mk/dev_ws/install/realsense_gazebo_plugin/lib:/home/mk/dev_ws/install/my_3d_vision_bringup/lib:/usr/lib/x86_64-linux-gnu/gazebo-11/plugins:/opt/ros/humble/opt/rviz_ogre_vendor/lib:/opt/ros/humble/lib/x86_64-linux-gnu:/opt/ros/humble/lib /usr/bin/cmake /home/mk/dev_ws/src/zed-ros2-wrapper/zed_ros2 -DCMAKE_INSTALL_PREFIX=/home/mk/dev_ws/install/zed_ros2
[5.045s] DEBUG:colcon.colcon_core.event_handler.log_command:Invoking command in '/home/mk/dev_ws/build/whisper_demos': AMENT_PREFIX_PATH=/home/mk/dev_ws/install/audio_listener:/home/mk/dev_ws/install/zed_ros2:/home/mk/dev_ws/install/zed_wrapper:/home/mk/dev_ws/install/zed_components:/home/mk/dev_ws/install/zed_interfaces:/home/mk/dev_ws/install/yolo_object_detector:/home/mk/dev_ws/install/xarm_planner:/home/mk/dev_ws/install/xarm_moveit_servo:/home/mk/dev_ws/install/xarm_moveit_config:/home/mk/dev_ws/install/xarm_gazebo:/home/mk/dev_ws/install/xarm_controller:/home/mk/dev_ws/install/xarm_api:/home/mk/dev_ws/install/xarm_sdk:/home/mk/dev_ws/install/rviz_robot_control_panel:/home/mk/dev_ws/install/move_to_coordinator:/home/mk/dev_ws/install/motion_sequence:/home/mk/dev_ws/install/xarm_msgs:/home/mk/dev_ws/install/xarm_description:/home/mk/dev_ws/install/whisper_demos:/home/mk/dev_ws/install/whisper_bringup:/home/mk/dev_ws/install/whisper_server:/home/mk/dev_ws/install/transcript_manager:/home/mk/dev_ws/install/whisper_util:/home/mk/dev_ws/install/voice_command_listener:/home/mk/dev_ws/install/whisper_idl:/home/mk/dev_ws/install/whisper_cpp_vendor:/home/mk/dev_ws/install/uf_ros_lib:/home/mk/dev_ws/install/rviz_servo_status_overlay:/home/mk/dev_ws/install/rviz_marker_static_scene_objects:/home/mk/dev_ws/install/robot_motion_handler_movegroup:/home/mk/dev_ws/install/realsense_gazebo_plugin:/home/mk/dev_ws/install/my_3d_vision_bringup:/home/mk/dev_ws/install/mbot_demo:/home/mk/dev_ws/install/gaze_control:/home/mk/dev_ws/install/collision_check:/opt/ros/humble CMAKE_PREFIX_PATH=/home/mk/dev_ws/install/whisper_server:/home/mk/dev_ws/install/whisper_util:/home/mk/dev_ws/install/whisper_idl:/home/mk/dev_ws/install/whisper_cpp_vendor:/home/mk/dev_ws/install/zed_ros2:/home/mk/dev_ws/install/zed_wrapper:/home/mk/dev_ws/install/zed_components:/home/mk/dev_ws/install/zed_interfaces:/home/mk/dev_ws/install/xarm_planner:/home/mk/dev_ws/install/xarm_moveit_servo:/home/mk/dev_ws/install/xarm_moveit_config:/home/mk/dev_ws/install/xarm_gazebo:/home/mk/dev_ws/install/xarm_controller:/home/mk/dev_ws/install/xarm_api:/home/mk/dev_ws/install/xarm_sdk:/home/mk/dev_ws/install/rviz_robot_control_panel:/home/mk/dev_ws/install/xarm_msgs:/home/mk/dev_ws/install/xarm_description:/home/mk/dev_ws/install/whisper_bringup:/home/mk/dev_ws/install/transcript_manager:/home/mk/dev_ws/install/realsense_gazebo_plugin:/home/mk/dev_ws/install/my_3d_vision_bringup:/home/mk/dev_ws/install/mbot_demo LD_LIBRARY_PATH=/home/mk/dev_ws/install/whisper_server/lib:/home/mk/dev_ws/install/whisper_util/lib:/home/mk/dev_ws/install/whisper_idl/lib:/home/mk/dev_ws/install/whisper_cpp_vendor/lib:/usr/local/cuda-12.1/lib64:/home/mk/dev_ws/install/zed_components/lib:/home/mk/dev_ws/install/zed_interfaces/lib:/home/mk/dev_ws/install/xarm_planner/lib:/home/mk/dev_ws/install/xarm_moveit_servo/lib:/home/mk/dev_ws/install/xarm_gazebo/lib:/home/mk/dev_ws/install/xarm_controller/lib:/home/mk/dev_ws/install/xarm_api/lib:/home/mk/dev_ws/install/xarm_sdk/lib:/home/mk/dev_ws/install/rviz_robot_control_panel/lib:/home/mk/dev_ws/install/xarm_msgs/lib:/home/mk/dev_ws/install/transcript_manager/lib:/home/mk/dev_ws/install/realsense_gazebo_plugin/lib:/home/mk/dev_ws/install/my_3d_vision_bringup/lib:/usr/lib/x86_64-linux-gnu/gazebo-11/plugins:/opt/ros/humble/opt/rviz_ogre_vendor/lib:/opt/ros/humble/lib/x86_64-linux-gnu:/opt/ros/humble/lib PYTHONPATH=/home/mk/dev_ws/build/whisper_demos/prefix_override:/usr/lib/python3/dist-packages/colcon_core/task/python/colcon_distutils_commands:/home/mk/dev_ws/install/whisper_demos/lib/python3.10/site-packages:/home/mk/dev_ws/install/audio_listener/lib/python3.10/site-packages:/home/mk/dev_ws/install/zed_interfaces/local/lib/python3.10/dist-packages:/home/mk/dev_ws/build/yolo_object_detector:/home/mk/dev_ws/install/yolo_object_detector/lib/python3.10/site-packages:/home/mk/dev_ws/build/move_to_coordinator:/home/mk/dev_ws/install/move_to_coordinator/lib/python3.10/site-packages:/home/mk/dev_ws/build/motion_sequence:/home/mk/dev_ws/install/motion_sequence/lib/python3.10/site-packages:/home/mk/dev_ws/install/xarm_msgs/local/lib/python3.10/dist-packages:/home/mk/dev_ws/build/whisper_demos:/home/mk/dev_ws/install/whisper_demos/lib/python3.10/site-packages:/home/mk/dev_ws/build/voice_command_listener:/home/mk/dev_ws/install/voice_command_listener/lib/python3.10/site-packages:/home/mk/dev_ws/install/whisper_idl/local/lib/python3.10/dist-packages:/home/mk/dev_ws/build/uf_ros_lib:/home/mk/dev_ws/install/uf_ros_lib/lib/python3.10/site-packages:/home/mk/dev_ws/build/rviz_servo_status_overlay:/home/mk/dev_ws/install/rviz_servo_status_overlay/lib/python3.10/site-packages:/home/mk/dev_ws/build/rviz_marker_static_scene_objects:/home/mk/dev_ws/install/rviz_marker_static_scene_objects/lib/python3.10/site-packages:/home/mk/dev_ws/build/robot_motion_handler_movegroup:/home/mk/dev_ws/install/robot_motion_handler_movegroup/lib/python3.10/site-packages:/home/mk/dev_ws/install/my_3d_vision_bringup/local/lib/python3.10/dist-packages:/home/mk/dev_ws/build/gaze_control:/home/mk/dev_ws/install/gaze_control/lib/python3.10/site-packages:/home/mk/dev_ws/build/collision_check:/home/mk/dev_ws/install/collision_check/lib/python3.10/site-packages:/home/mk/dev_ws/build/audio_listener:/opt/ros/humble/lib/python3.10/site-packages:/opt/ros/humble/local/lib/python3.10/dist-packages /usr/bin/python3 -W ignore:setup.py install is deprecated -W ignore:easy_install command is deprecated setup.py develop --uninstall --editable --build-directory /home/mk/dev_ws/build/whisper_demos/build
[5.153s] DEBUG:colcon.colcon_core.event_handler.log_command:Invoked command in '/home/mk/dev_ws/build/zed_ros2' returned '0': CMAKE_PREFIX_PATH=/home/mk/dev_ws/install/zed_wrapper:/home/mk/dev_ws/install/zed_components:/home/mk/dev_ws/install/zed_interfaces:/home/mk/dev_ws/install/zed_ros2:/home/mk/dev_ws/install/xarm_planner:/home/mk/dev_ws/install/xarm_moveit_servo:/home/mk/dev_ws/install/xarm_moveit_config:/home/mk/dev_ws/install/xarm_gazebo:/home/mk/dev_ws/install/xarm_controller:/home/mk/dev_ws/install/xarm_api:/home/mk/dev_ws/install/xarm_sdk:/home/mk/dev_ws/install/rviz_robot_control_panel:/home/mk/dev_ws/install/xarm_msgs:/home/mk/dev_ws/install/xarm_description:/home/mk/dev_ws/install/whisper_bringup:/home/mk/dev_ws/install/whisper_server:/home/mk/dev_ws/install/transcript_manager:/home/mk/dev_ws/install/whisper_util:/home/mk/dev_ws/install/whisper_idl:/home/mk/dev_ws/install/whisper_cpp_vendor:/home/mk/dev_ws/install/realsense_gazebo_plugin:/home/mk/dev_ws/install/my_3d_vision_bringup:/home/mk/dev_ws/install/mbot_demo:/home/mk/dev_ws/install/yolo_object_detector:/home/mk/dev_ws/install/move_to_coordinator:/home/mk/dev_ws/install/motion_sequence:/home/mk/dev_ws/install/whisper_demos:/home/mk/dev_ws/install/voice_command_listener:/home/mk/dev_ws/install/uf_ros_lib:/home/mk/dev_ws/install/rviz_servo_status_overlay:/home/mk/dev_ws/install/rviz_marker_static_scene_objects:/home/mk/dev_ws/install/robot_motion_handler_movegroup:/home/mk/dev_ws/install/gaze_control:/home/mk/dev_ws/install/collision_check:/home/mk/dev_ws/install/audio_listener:/opt/ros/humble LD_LIBRARY_PATH=/home/mk/dev_ws/install/zed_components/lib:/home/mk/dev_ws/install/zed_interfaces/lib:/usr/local/cuda-12.1/lib64:/home/mk/dev_ws/install/xarm_planner/lib:/home/mk/dev_ws/install/xarm_moveit_servo/lib:/home/mk/dev_ws/install/xarm_gazebo/lib:/home/mk/dev_ws/install/xarm_controller/lib:/home/mk/dev_ws/install/xarm_api/lib:/home/mk/dev_ws/install/xarm_sdk/lib:/home/mk/dev_ws/install/rviz_robot_control_panel/lib:/home/mk/dev_ws/install/xarm_msgs/lib:/home/mk/dev_ws/install/whisper_server/lib:/home/mk/dev_ws/install/transcript_manager/lib:/home/mk/dev_ws/install/whisper_util/lib:/home/mk/dev_ws/install/whisper_idl/lib:/home/mk/dev_ws/install/whisper_cpp_vendor/lib:/home/mk/dev_ws/install/realsense_gazebo_plugin/lib:/home/mk/dev_ws/install/my_3d_vision_bringup/lib:/usr/lib/x86_64-linux-gnu/gazebo-11/plugins:/opt/ros/humble/opt/rviz_ogre_vendor/lib:/opt/ros/humble/lib/x86_64-linux-gnu:/opt/ros/humble/lib /usr/bin/cmake /home/mk/dev_ws/src/zed-ros2-wrapper/zed_ros2 -DCMAKE_INSTALL_PREFIX=/home/mk/dev_ws/install/zed_ros2
[5.154s] DEBUG:colcon.colcon_core.event_handler.log_command:Invoking command in '/home/mk/dev_ws/build/zed_ros2': CMAKE_PREFIX_PATH=/home/mk/dev_ws/install/zed_wrapper:/home/mk/dev_ws/install/zed_components:/home/mk/dev_ws/install/zed_interfaces:/home/mk/dev_ws/install/zed_ros2:/home/mk/dev_ws/install/xarm_planner:/home/mk/dev_ws/install/xarm_moveit_servo:/home/mk/dev_ws/install/xarm_moveit_config:/home/mk/dev_ws/install/xarm_gazebo:/home/mk/dev_ws/install/xarm_controller:/home/mk/dev_ws/install/xarm_api:/home/mk/dev_ws/install/xarm_sdk:/home/mk/dev_ws/install/rviz_robot_control_panel:/home/mk/dev_ws/install/xarm_msgs:/home/mk/dev_ws/install/xarm_description:/home/mk/dev_ws/install/whisper_bringup:/home/mk/dev_ws/install/whisper_server:/home/mk/dev_ws/install/transcript_manager:/home/mk/dev_ws/install/whisper_util:/home/mk/dev_ws/install/whisper_idl:/home/mk/dev_ws/install/whisper_cpp_vendor:/home/mk/dev_ws/install/realsense_gazebo_plugin:/home/mk/dev_ws/install/my_3d_vision_bringup:/home/mk/dev_ws/install/mbot_demo:/home/mk/dev_ws/install/yolo_object_detector:/home/mk/dev_ws/install/move_to_coordinator:/home/mk/dev_ws/install/motion_sequence:/home/mk/dev_ws/install/whisper_demos:/home/mk/dev_ws/install/voice_command_listener:/home/mk/dev_ws/install/uf_ros_lib:/home/mk/dev_ws/install/rviz_servo_status_overlay:/home/mk/dev_ws/install/rviz_marker_static_scene_objects:/home/mk/dev_ws/install/robot_motion_handler_movegroup:/home/mk/dev_ws/install/gaze_control:/home/mk/dev_ws/install/collision_check:/home/mk/dev_ws/install/audio_listener:/opt/ros/humble LD_LIBRARY_PATH=/home/mk/dev_ws/install/zed_components/lib:/home/mk/dev_ws/install/zed_interfaces/lib:/usr/local/cuda-12.1/lib64:/home/mk/dev_ws/install/xarm_planner/lib:/home/mk/dev_ws/install/xarm_moveit_servo/lib:/home/mk/dev_ws/install/xarm_gazebo/lib:/home/mk/dev_ws/install/xarm_controller/lib:/home/mk/dev_ws/install/xarm_api/lib:/home/mk/dev_ws/install/xarm_sdk/lib:/home/mk/dev_ws/install/rviz_robot_control_panel/lib:/home/mk/dev_ws/install/xarm_msgs/lib:/home/mk/dev_ws/install/whisper_server/lib:/home/mk/dev_ws/install/transcript_manager/lib:/home/mk/dev_ws/install/whisper_util/lib:/home/mk/dev_ws/install/whisper_idl/lib:/home/mk/dev_ws/install/whisper_cpp_vendor/lib:/home/mk/dev_ws/install/realsense_gazebo_plugin/lib:/home/mk/dev_ws/install/my_3d_vision_bringup/lib:/usr/lib/x86_64-linux-gnu/gazebo-11/plugins:/opt/ros/humble/opt/rviz_ogre_vendor/lib:/opt/ros/humble/lib/x86_64-linux-gnu:/opt/ros/humble/lib /usr/bin/cmake --build /home/mk/dev_ws/build/zed_ros2 -- -j16 -l16
[5.178s] DEBUG:colcon.colcon_core.event_handler.log_command:Invoked command in '/home/mk/dev_ws/build/zed_ros2' returned '0': CMAKE_PREFIX_PATH=/home/mk/dev_ws/install/zed_wrapper:/home/mk/dev_ws/install/zed_components:/home/mk/dev_ws/install/zed_interfaces:/home/mk/dev_ws/install/zed_ros2:/home/mk/dev_ws/install/xarm_planner:/home/mk/dev_ws/install/xarm_moveit_servo:/home/mk/dev_ws/install/xarm_moveit_config:/home/mk/dev_ws/install/xarm_gazebo:/home/mk/dev_ws/install/xarm_controller:/home/mk/dev_ws/install/xarm_api:/home/mk/dev_ws/install/xarm_sdk:/home/mk/dev_ws/install/rviz_robot_control_panel:/home/mk/dev_ws/install/xarm_msgs:/home/mk/dev_ws/install/xarm_description:/home/mk/dev_ws/install/whisper_bringup:/home/mk/dev_ws/install/whisper_server:/home/mk/dev_ws/install/transcript_manager:/home/mk/dev_ws/install/whisper_util:/home/mk/dev_ws/install/whisper_idl:/home/mk/dev_ws/install/whisper_cpp_vendor:/home/mk/dev_ws/install/realsense_gazebo_plugin:/home/mk/dev_ws/install/my_3d_vision_bringup:/home/mk/dev_ws/install/mbot_demo:/home/mk/dev_ws/install/yolo_object_detector:/home/mk/dev_ws/install/move_to_coordinator:/home/mk/dev_ws/install/motion_sequence:/home/mk/dev_ws/install/whisper_demos:/home/mk/dev_ws/install/voice_command_listener:/home/mk/dev_ws/install/uf_ros_lib:/home/mk/dev_ws/install/rviz_servo_status_overlay:/home/mk/dev_ws/install/rviz_marker_static_scene_objects:/home/mk/dev_ws/install/robot_motion_handler_movegroup:/home/mk/dev_ws/install/gaze_control:/home/mk/dev_ws/install/collision_check:/home/mk/dev_ws/install/audio_listener:/opt/ros/humble LD_LIBRARY_PATH=/home/mk/dev_ws/install/zed_components/lib:/home/mk/dev_ws/install/zed_interfaces/lib:/usr/local/cuda-12.1/lib64:/home/mk/dev_ws/install/xarm_planner/lib:/home/mk/dev_ws/install/xarm_moveit_servo/lib:/home/mk/dev_ws/install/xarm_gazebo/lib:/home/mk/dev_ws/install/xarm_controller/lib:/home/mk/dev_ws/install/xarm_api/lib:/home/mk/dev_ws/install/xarm_sdk/lib:/home/mk/dev_ws/install/rviz_robot_control_panel/lib:/home/mk/dev_ws/install/xarm_msgs/lib:/home/mk/dev_ws/install/whisper_server/lib:/home/mk/dev_ws/install/transcript_manager/lib:/home/mk/dev_ws/install/whisper_util/lib:/home/mk/dev_ws/install/whisper_idl/lib:/home/mk/dev_ws/install/whisper_cpp_vendor/lib:/home/mk/dev_ws/install/realsense_gazebo_plugin/lib:/home/mk/dev_ws/install/my_3d_vision_bringup/lib:/usr/lib/x86_64-linux-gnu/gazebo-11/plugins:/opt/ros/humble/opt/rviz_ogre_vendor/lib:/opt/ros/humble/lib/x86_64-linux-gnu:/opt/ros/humble/lib /usr/bin/cmake --build /home/mk/dev_ws/build/zed_ros2 -- -j16 -l16
[5.179s] DEBUG:colcon.colcon_core.event_handler.log_command:Invoking command in '/home/mk/dev_ws/build/zed_ros2': CMAKE_PREFIX_PATH=/home/mk/dev_ws/install/zed_wrapper:/home/mk/dev_ws/install/zed_components:/home/mk/dev_ws/install/zed_interfaces:/home/mk/dev_ws/install/zed_ros2:/home/mk/dev_ws/install/xarm_planner:/home/mk/dev_ws/install/xarm_moveit_servo:/home/mk/dev_ws/install/xarm_moveit_config:/home/mk/dev_ws/install/xarm_gazebo:/home/mk/dev_ws/install/xarm_controller:/home/mk/dev_ws/install/xarm_api:/home/mk/dev_ws/install/xarm_sdk:/home/mk/dev_ws/install/rviz_robot_control_panel:/home/mk/dev_ws/install/xarm_msgs:/home/mk/dev_ws/install/xarm_description:/home/mk/dev_ws/install/whisper_bringup:/home/mk/dev_ws/install/whisper_server:/home/mk/dev_ws/install/transcript_manager:/home/mk/dev_ws/install/whisper_util:/home/mk/dev_ws/install/whisper_idl:/home/mk/dev_ws/install/whisper_cpp_vendor:/home/mk/dev_ws/install/realsense_gazebo_plugin:/home/mk/dev_ws/install/my_3d_vision_bringup:/home/mk/dev_ws/install/mbot_demo:/home/mk/dev_ws/install/yolo_object_detector:/home/mk/dev_ws/install/move_to_coordinator:/home/mk/dev_ws/install/motion_sequence:/home/mk/dev_ws/install/whisper_demos:/home/mk/dev_ws/install/voice_command_listener:/home/mk/dev_ws/install/uf_ros_lib:/home/mk/dev_ws/install/rviz_servo_status_overlay:/home/mk/dev_ws/install/rviz_marker_static_scene_objects:/home/mk/dev_ws/install/robot_motion_handler_movegroup:/home/mk/dev_ws/install/gaze_control:/home/mk/dev_ws/install/collision_check:/home/mk/dev_ws/install/audio_listener:/opt/ros/humble LD_LIBRARY_PATH=/home/mk/dev_ws/install/zed_components/lib:/home/mk/dev_ws/install/zed_interfaces/lib:/usr/local/cuda-12.1/lib64:/home/mk/dev_ws/install/xarm_planner/lib:/home/mk/dev_ws/install/xarm_moveit_servo/lib:/home/mk/dev_ws/install/xarm_gazebo/lib:/home/mk/dev_ws/install/xarm_controller/lib:/home/mk/dev_ws/install/xarm_api/lib:/home/mk/dev_ws/install/xarm_sdk/lib:/home/mk/dev_ws/install/rviz_robot_control_panel/lib:/home/mk/dev_ws/install/xarm_msgs/lib:/home/mk/dev_ws/install/whisper_server/lib:/home/mk/dev_ws/install/transcript_manager/lib:/home/mk/dev_ws/install/whisper_util/lib:/home/mk/dev_ws/install/whisper_idl/lib:/home/mk/dev_ws/install/whisper_cpp_vendor/lib:/home/mk/dev_ws/install/realsense_gazebo_plugin/lib:/home/mk/dev_ws/install/my_3d_vision_bringup/lib:/usr/lib/x86_64-linux-gnu/gazebo-11/plugins:/opt/ros/humble/opt/rviz_ogre_vendor/lib:/opt/ros/humble/lib/x86_64-linux-gnu:/opt/ros/humble/lib /usr/bin/cmake --install /home/mk/dev_ws/build/zed_ros2
[5.192s] Level 1:colcon.colcon_core.environment:create_environment_scripts_only(zed_ros2)
[5.192s] Level 1:colcon.colcon_core.environment:checking '/home/mk/dev_ws/install/zed_ros2' for CMake module files
[5.193s] DEBUG:colcon.colcon_core.event_handler.log_command:Invoked command in '/home/mk/dev_ws/build/zed_ros2' returned '0': CMAKE_PREFIX_PATH=/home/mk/dev_ws/install/zed_wrapper:/home/mk/dev_ws/install/zed_components:/home/mk/dev_ws/install/zed_interfaces:/home/mk/dev_ws/install/zed_ros2:/home/mk/dev_ws/install/xarm_planner:/home/mk/dev_ws/install/xarm_moveit_servo:/home/mk/dev_ws/install/xarm_moveit_config:/home/mk/dev_ws/install/xarm_gazebo:/home/mk/dev_ws/install/xarm_controller:/home/mk/dev_ws/install/xarm_api:/home/mk/dev_ws/install/xarm_sdk:/home/mk/dev_ws/install/rviz_robot_control_panel:/home/mk/dev_ws/install/xarm_msgs:/home/mk/dev_ws/install/xarm_description:/home/mk/dev_ws/install/whisper_bringup:/home/mk/dev_ws/install/whisper_server:/home/mk/dev_ws/install/transcript_manager:/home/mk/dev_ws/install/whisper_util:/home/mk/dev_ws/install/whisper_idl:/home/mk/dev_ws/install/whisper_cpp_vendor:/home/mk/dev_ws/install/realsense_gazebo_plugin:/home/mk/dev_ws/install/my_3d_vision_bringup:/home/mk/dev_ws/install/mbot_demo:/home/mk/dev_ws/install/yolo_object_detector:/home/mk/dev_ws/install/move_to_coordinator:/home/mk/dev_ws/install/motion_sequence:/home/mk/dev_ws/install/whisper_demos:/home/mk/dev_ws/install/voice_command_listener:/home/mk/dev_ws/install/uf_ros_lib:/home/mk/dev_ws/install/rviz_servo_status_overlay:/home/mk/dev_ws/install/rviz_marker_static_scene_objects:/home/mk/dev_ws/install/robot_motion_handler_movegroup:/home/mk/dev_ws/install/gaze_control:/home/mk/dev_ws/install/collision_check:/home/mk/dev_ws/install/audio_listener:/opt/ros/humble LD_LIBRARY_PATH=/home/mk/dev_ws/install/zed_components/lib:/home/mk/dev_ws/install/zed_interfaces/lib:/usr/local/cuda-12.1/lib64:/home/mk/dev_ws/install/xarm_planner/lib:/home/mk/dev_ws/install/xarm_moveit_servo/lib:/home/mk/dev_ws/install/xarm_gazebo/lib:/home/mk/dev_ws/install/xarm_controller/lib:/home/mk/dev_ws/install/xarm_api/lib:/home/mk/dev_ws/install/xarm_sdk/lib:/home/mk/dev_ws/install/rviz_robot_control_panel/lib:/home/mk/dev_ws/install/xarm_msgs/lib:/home/mk/dev_ws/install/whisper_server/lib:/home/mk/dev_ws/install/transcript_manager/lib:/home/mk/dev_ws/install/whisper_util/lib:/home/mk/dev_ws/install/whisper_idl/lib:/home/mk/dev_ws/install/whisper_cpp_vendor/lib:/home/mk/dev_ws/install/realsense_gazebo_plugin/lib:/home/mk/dev_ws/install/my_3d_vision_bringup/lib:/usr/lib/x86_64-linux-gnu/gazebo-11/plugins:/opt/ros/humble/opt/rviz_ogre_vendor/lib:/opt/ros/humble/lib/x86_64-linux-gnu:/opt/ros/humble/lib /usr/bin/cmake --install /home/mk/dev_ws/build/zed_ros2
[5.193s] Level 1:colcon.colcon_core.environment:checking '/home/mk/dev_ws/install/zed_ros2' for CMake config files
[5.193s] Level 1:colcon.colcon_core.shell:create_environment_hook('zed_ros2', 'cmake_prefix_path')
[5.193s] INFO:colcon.colcon_core.shell:Creating environment hook '/home/mk/dev_ws/install/zed_ros2/share/zed_ros2/hook/cmake_prefix_path.ps1'
[5.193s] INFO:colcon.colcon_core.shell:Creating environment descriptor '/home/mk/dev_ws/install/zed_ros2/share/zed_ros2/hook/cmake_prefix_path.dsv'
[5.194s] INFO:colcon.colcon_core.shell:Creating environment hook '/home/mk/dev_ws/install/zed_ros2/share/zed_ros2/hook/cmake_prefix_path.sh'
[5.194s] Level 1:colcon.colcon_core.environment:checking '/home/mk/dev_ws/install/zed_ros2/bin'
[5.194s] Level 1:colcon.colcon_core.environment:checking '/home/mk/dev_ws/install/zed_ros2/lib/pkgconfig/zed_ros2.pc'
[5.194s] Level 1:colcon.colcon_core.environment:checking '/home/mk/dev_ws/install/zed_ros2/lib/python3.10/site-packages'
[5.194s] Level 1:colcon.colcon_core.environment:checking '/home/mk/dev_ws/install/zed_ros2/bin'
[5.194s] INFO:colcon.colcon_core.shell:Creating package script '/home/mk/dev_ws/install/zed_ros2/share/zed_ros2/package.ps1'
[5.195s] INFO:colcon.colcon_core.shell:Creating package descriptor '/home/mk/dev_ws/install/zed_ros2/share/zed_ros2/package.dsv'
[5.195s] INFO:colcon.colcon_core.shell:Creating package script '/home/mk/dev_ws/install/zed_ros2/share/zed_ros2/package.sh'
[5.195s] INFO:colcon.colcon_core.shell:Creating package script '/home/mk/dev_ws/install/zed_ros2/share/zed_ros2/package.bash'
[5.195s] INFO:colcon.colcon_core.shell:Creating package script '/home/mk/dev_ws/install/zed_ros2/share/zed_ros2/package.zsh'
[5.195s] Level 1:colcon.colcon_core.environment:create_file_with_runtime_dependencies(/home/mk/dev_ws/install/zed_ros2/share/colcon-core/packages/zed_ros2)
[5.196s] Level 1:colcon.colcon_core.environment:create_environment_scripts_only(zed_ros2)
[5.196s] Level 1:colcon.colcon_core.environment:checking '/home/mk/dev_ws/install/zed_ros2' for CMake module files
[5.196s] Level 1:colcon.colcon_core.environment:checking '/home/mk/dev_ws/install/zed_ros2' for CMake config files
[5.196s] Level 1:colcon.colcon_core.shell:create_environment_hook('zed_ros2', 'cmake_prefix_path')
[5.196s] INFO:colcon.colcon_core.shell:Creating environment hook '/home/mk/dev_ws/install/zed_ros2/share/zed_ros2/hook/cmake_prefix_path.ps1'
[5.196s] INFO:colcon.colcon_core.shell:Creating environment descriptor '/home/mk/dev_ws/install/zed_ros2/share/zed_ros2/hook/cmake_prefix_path.dsv'
[5.197s] INFO:colcon.colcon_core.shell:Creating environment hook '/home/mk/dev_ws/install/zed_ros2/share/zed_ros2/hook/cmake_prefix_path.sh'
[5.197s] Level 1:colcon.colcon_core.environment:checking '/home/mk/dev_ws/install/zed_ros2/bin'
[5.197s] Level 1:colcon.colcon_core.environment:checking '/home/mk/dev_ws/install/zed_ros2/lib/pkgconfig/zed_ros2.pc'
[5.197s] Level 1:colcon.colcon_core.environment:checking '/home/mk/dev_ws/install/zed_ros2/lib/python3.10/site-packages'
[5.197s] Level 1:colcon.colcon_core.environment:checking '/home/mk/dev_ws/install/zed_ros2/bin'
[5.197s] INFO:colcon.colcon_core.shell:Creating package script '/home/mk/dev_ws/install/zed_ros2/share/zed_ros2/package.ps1'
[5.198s] INFO:colcon.colcon_core.shell:Creating package descriptor '/home/mk/dev_ws/install/zed_ros2/share/zed_ros2/package.dsv'
[5.198s] INFO:colcon.colcon_core.shell:Creating package script '/home/mk/dev_ws/install/zed_ros2/share/zed_ros2/package.sh'
[5.199s] INFO:colcon.colcon_core.shell:Creating package script '/home/mk/dev_ws/install/zed_ros2/share/zed_ros2/package.bash'
[5.200s] INFO:colcon.colcon_core.shell:Creating package script '/home/mk/dev_ws/install/zed_ros2/share/zed_ros2/package.zsh'
[5.200s] Level 1:colcon.colcon_core.environment:create_file_with_runtime_dependencies(/home/mk/dev_ws/install/zed_ros2/share/colcon-core/packages/zed_ros2)
[5.343s] DEBUG:colcon.colcon_core.event_handler.log_command:Invoked command in '/home/mk/dev_ws/build/whisper_demos' returned '0': AMENT_PREFIX_PATH=/home/mk/dev_ws/install/audio_listener:/home/mk/dev_ws/install/zed_ros2:/home/mk/dev_ws/install/zed_wrapper:/home/mk/dev_ws/install/zed_components:/home/mk/dev_ws/install/zed_interfaces:/home/mk/dev_ws/install/yolo_object_detector:/home/mk/dev_ws/install/xarm_planner:/home/mk/dev_ws/install/xarm_moveit_servo:/home/mk/dev_ws/install/xarm_moveit_config:/home/mk/dev_ws/install/xarm_gazebo:/home/mk/dev_ws/install/xarm_controller:/home/mk/dev_ws/install/xarm_api:/home/mk/dev_ws/install/xarm_sdk:/home/mk/dev_ws/install/rviz_robot_control_panel:/home/mk/dev_ws/install/move_to_coordinator:/home/mk/dev_ws/install/motion_sequence:/home/mk/dev_ws/install/xarm_msgs:/home/mk/dev_ws/install/xarm_description:/home/mk/dev_ws/install/whisper_demos:/home/mk/dev_ws/install/whisper_bringup:/home/mk/dev_ws/install/whisper_server:/home/mk/dev_ws/install/transcript_manager:/home/mk/dev_ws/install/whisper_util:/home/mk/dev_ws/install/voice_command_listener:/home/mk/dev_ws/install/whisper_idl:/home/mk/dev_ws/install/whisper_cpp_vendor:/home/mk/dev_ws/install/uf_ros_lib:/home/mk/dev_ws/install/rviz_servo_status_overlay:/home/mk/dev_ws/install/rviz_marker_static_scene_objects:/home/mk/dev_ws/install/robot_motion_handler_movegroup:/home/mk/dev_ws/install/realsense_gazebo_plugin:/home/mk/dev_ws/install/my_3d_vision_bringup:/home/mk/dev_ws/install/mbot_demo:/home/mk/dev_ws/install/gaze_control:/home/mk/dev_ws/install/collision_check:/opt/ros/humble CMAKE_PREFIX_PATH=/home/mk/dev_ws/install/whisper_server:/home/mk/dev_ws/install/whisper_util:/home/mk/dev_ws/install/whisper_idl:/home/mk/dev_ws/install/whisper_cpp_vendor:/home/mk/dev_ws/install/zed_ros2:/home/mk/dev_ws/install/zed_wrapper:/home/mk/dev_ws/install/zed_components:/home/mk/dev_ws/install/zed_interfaces:/home/mk/dev_ws/install/xarm_planner:/home/mk/dev_ws/install/xarm_moveit_servo:/home/mk/dev_ws/install/xarm_moveit_config:/home/mk/dev_ws/install/xarm_gazebo:/home/mk/dev_ws/install/xarm_controller:/home/mk/dev_ws/install/xarm_api:/home/mk/dev_ws/install/xarm_sdk:/home/mk/dev_ws/install/rviz_robot_control_panel:/home/mk/dev_ws/install/xarm_msgs:/home/mk/dev_ws/install/xarm_description:/home/mk/dev_ws/install/whisper_bringup:/home/mk/dev_ws/install/transcript_manager:/home/mk/dev_ws/install/realsense_gazebo_plugin:/home/mk/dev_ws/install/my_3d_vision_bringup:/home/mk/dev_ws/install/mbot_demo LD_LIBRARY_PATH=/home/mk/dev_ws/install/whisper_server/lib:/home/mk/dev_ws/install/whisper_util/lib:/home/mk/dev_ws/install/whisper_idl/lib:/home/mk/dev_ws/install/whisper_cpp_vendor/lib:/usr/local/cuda-12.1/lib64:/home/mk/dev_ws/install/zed_components/lib:/home/mk/dev_ws/install/zed_interfaces/lib:/home/mk/dev_ws/install/xarm_planner/lib:/home/mk/dev_ws/install/xarm_moveit_servo/lib:/home/mk/dev_ws/install/xarm_gazebo/lib:/home/mk/dev_ws/install/xarm_controller/lib:/home/mk/dev_ws/install/xarm_api/lib:/home/mk/dev_ws/install/xarm_sdk/lib:/home/mk/dev_ws/install/rviz_robot_control_panel/lib:/home/mk/dev_ws/install/xarm_msgs/lib:/home/mk/dev_ws/install/transcript_manager/lib:/home/mk/dev_ws/install/realsense_gazebo_plugin/lib:/home/mk/dev_ws/install/my_3d_vision_bringup/lib:/usr/lib/x86_64-linux-gnu/gazebo-11/plugins:/opt/ros/humble/opt/rviz_ogre_vendor/lib:/opt/ros/humble/lib/x86_64-linux-gnu:/opt/ros/humble/lib PYTHONPATH=/home/mk/dev_ws/build/whisper_demos/prefix_override:/usr/lib/python3/dist-packages/colcon_core/task/python/colcon_distutils_commands:/home/mk/dev_ws/install/whisper_demos/lib/python3.10/site-packages:/home/mk/dev_ws/install/audio_listener/lib/python3.10/site-packages:/home/mk/dev_ws/install/zed_interfaces/local/lib/python3.10/dist-packages:/home/mk/dev_ws/build/yolo_object_detector:/home/mk/dev_ws/install/yolo_object_detector/lib/python3.10/site-packages:/home/mk/dev_ws/build/move_to_coordinator:/home/mk/dev_ws/install/move_to_coordinator/lib/python3.10/site-packages:/home/mk/dev_ws/build/motion_sequence:/home/mk/dev_ws/install/motion_sequence/lib/python3.10/site-packages:/home/mk/dev_ws/install/xarm_msgs/local/lib/python3.10/dist-packages:/home/mk/dev_ws/build/whisper_demos:/home/mk/dev_ws/install/whisper_demos/lib/python3.10/site-packages:/home/mk/dev_ws/build/voice_command_listener:/home/mk/dev_ws/install/voice_command_listener/lib/python3.10/site-packages:/home/mk/dev_ws/install/whisper_idl/local/lib/python3.10/dist-packages:/home/mk/dev_ws/build/uf_ros_lib:/home/mk/dev_ws/install/uf_ros_lib/lib/python3.10/site-packages:/home/mk/dev_ws/build/rviz_servo_status_overlay:/home/mk/dev_ws/install/rviz_servo_status_overlay/lib/python3.10/site-packages:/home/mk/dev_ws/build/rviz_marker_static_scene_objects:/home/mk/dev_ws/install/rviz_marker_static_scene_objects/lib/python3.10/site-packages:/home/mk/dev_ws/build/robot_motion_handler_movegroup:/home/mk/dev_ws/install/robot_motion_handler_movegroup/lib/python3.10/site-packages:/home/mk/dev_ws/install/my_3d_vision_bringup/local/lib/python3.10/dist-packages:/home/mk/dev_ws/build/gaze_control:/home/mk/dev_ws/install/gaze_control/lib/python3.10/site-packages:/home/mk/dev_ws/build/collision_check:/home/mk/dev_ws/install/collision_check/lib/python3.10/site-packages:/home/mk/dev_ws/build/audio_listener:/opt/ros/humble/lib/python3.10/site-packages:/opt/ros/humble/local/lib/python3.10/dist-packages /usr/bin/python3 -W ignore:setup.py install is deprecated -W ignore:easy_install command is deprecated setup.py develop --uninstall --editable --build-directory /home/mk/dev_ws/build/whisper_demos/build
[5.344s] DEBUG:colcon.colcon_core.event_handler.log_command:Invoking command in '/home/mk/dev_ws/src/ros2_whisper/whisper_demos': AMENT_PREFIX_PATH=/home/mk/dev_ws/install/audio_listener:/home/mk/dev_ws/install/zed_ros2:/home/mk/dev_ws/install/zed_wrapper:/home/mk/dev_ws/install/zed_components:/home/mk/dev_ws/install/zed_interfaces:/home/mk/dev_ws/install/yolo_object_detector:/home/mk/dev_ws/install/xarm_planner:/home/mk/dev_ws/install/xarm_moveit_servo:/home/mk/dev_ws/install/xarm_moveit_config:/home/mk/dev_ws/install/xarm_gazebo:/home/mk/dev_ws/install/xarm_controller:/home/mk/dev_ws/install/xarm_api:/home/mk/dev_ws/install/xarm_sdk:/home/mk/dev_ws/install/rviz_robot_control_panel:/home/mk/dev_ws/install/move_to_coordinator:/home/mk/dev_ws/install/motion_sequence:/home/mk/dev_ws/install/xarm_msgs:/home/mk/dev_ws/install/xarm_description:/home/mk/dev_ws/install/whisper_demos:/home/mk/dev_ws/install/whisper_bringup:/home/mk/dev_ws/install/whisper_server:/home/mk/dev_ws/install/transcript_manager:/home/mk/dev_ws/install/whisper_util:/home/mk/dev_ws/install/voice_command_listener:/home/mk/dev_ws/install/whisper_idl:/home/mk/dev_ws/install/whisper_cpp_vendor:/home/mk/dev_ws/install/uf_ros_lib:/home/mk/dev_ws/install/rviz_servo_status_overlay:/home/mk/dev_ws/install/rviz_marker_static_scene_objects:/home/mk/dev_ws/install/robot_motion_handler_movegroup:/home/mk/dev_ws/install/realsense_gazebo_plugin:/home/mk/dev_ws/install/my_3d_vision_bringup:/home/mk/dev_ws/install/mbot_demo:/home/mk/dev_ws/install/gaze_control:/home/mk/dev_ws/install/collision_check:/opt/ros/humble CMAKE_PREFIX_PATH=/home/mk/dev_ws/install/whisper_server:/home/mk/dev_ws/install/whisper_util:/home/mk/dev_ws/install/whisper_idl:/home/mk/dev_ws/install/whisper_cpp_vendor:/home/mk/dev_ws/install/zed_ros2:/home/mk/dev_ws/install/zed_wrapper:/home/mk/dev_ws/install/zed_components:/home/mk/dev_ws/install/zed_interfaces:/home/mk/dev_ws/install/xarm_planner:/home/mk/dev_ws/install/xarm_moveit_servo:/home/mk/dev_ws/install/xarm_moveit_config:/home/mk/dev_ws/install/xarm_gazebo:/home/mk/dev_ws/install/xarm_controller:/home/mk/dev_ws/install/xarm_api:/home/mk/dev_ws/install/xarm_sdk:/home/mk/dev_ws/install/rviz_robot_control_panel:/home/mk/dev_ws/install/xarm_msgs:/home/mk/dev_ws/install/xarm_description:/home/mk/dev_ws/install/whisper_bringup:/home/mk/dev_ws/install/transcript_manager:/home/mk/dev_ws/install/realsense_gazebo_plugin:/home/mk/dev_ws/install/my_3d_vision_bringup:/home/mk/dev_ws/install/mbot_demo LD_LIBRARY_PATH=/home/mk/dev_ws/install/whisper_server/lib:/home/mk/dev_ws/install/whisper_util/lib:/home/mk/dev_ws/install/whisper_idl/lib:/home/mk/dev_ws/install/whisper_cpp_vendor/lib:/usr/local/cuda-12.1/lib64:/home/mk/dev_ws/install/zed_components/lib:/home/mk/dev_ws/install/zed_interfaces/lib:/home/mk/dev_ws/install/xarm_planner/lib:/home/mk/dev_ws/install/xarm_moveit_servo/lib:/home/mk/dev_ws/install/xarm_gazebo/lib:/home/mk/dev_ws/install/xarm_controller/lib:/home/mk/dev_ws/install/xarm_api/lib:/home/mk/dev_ws/install/xarm_sdk/lib:/home/mk/dev_ws/install/rviz_robot_control_panel/lib:/home/mk/dev_ws/install/xarm_msgs/lib:/home/mk/dev_ws/install/transcript_manager/lib:/home/mk/dev_ws/install/realsense_gazebo_plugin/lib:/home/mk/dev_ws/install/my_3d_vision_bringup/lib:/usr/lib/x86_64-linux-gnu/gazebo-11/plugins:/opt/ros/humble/opt/rviz_ogre_vendor/lib:/opt/ros/humble/lib/x86_64-linux-gnu:/opt/ros/humble/lib PYTHONPATH=/home/mk/dev_ws/build/whisper_demos/prefix_override:/usr/lib/python3/dist-packages/colcon_core/task/python/colcon_distutils_commands:/home/mk/dev_ws/install/whisper_demos/lib/python3.10/site-packages:/home/mk/dev_ws/install/audio_listener/lib/python3.10/site-packages:/home/mk/dev_ws/install/zed_interfaces/local/lib/python3.10/dist-packages:/home/mk/dev_ws/build/yolo_object_detector:/home/mk/dev_ws/install/yolo_object_detector/lib/python3.10/site-packages:/home/mk/dev_ws/build/move_to_coordinator:/home/mk/dev_ws/install/move_to_coordinator/lib/python3.10/site-packages:/home/mk/dev_ws/build/motion_sequence:/home/mk/dev_ws/install/motion_sequence/lib/python3.10/site-packages:/home/mk/dev_ws/install/xarm_msgs/local/lib/python3.10/dist-packages:/home/mk/dev_ws/build/whisper_demos:/home/mk/dev_ws/install/whisper_demos/lib/python3.10/site-packages:/home/mk/dev_ws/build/voice_command_listener:/home/mk/dev_ws/install/voice_command_listener/lib/python3.10/site-packages:/home/mk/dev_ws/install/whisper_idl/local/lib/python3.10/dist-packages:/home/mk/dev_ws/build/uf_ros_lib:/home/mk/dev_ws/install/uf_ros_lib/lib/python3.10/site-packages:/home/mk/dev_ws/build/rviz_servo_status_overlay:/home/mk/dev_ws/install/rviz_servo_status_overlay/lib/python3.10/site-packages:/home/mk/dev_ws/build/rviz_marker_static_scene_objects:/home/mk/dev_ws/install/rviz_marker_static_scene_objects/lib/python3.10/site-packages:/home/mk/dev_ws/build/robot_motion_handler_movegroup:/home/mk/dev_ws/install/robot_motion_handler_movegroup/lib/python3.10/site-packages:/home/mk/dev_ws/install/my_3d_vision_bringup/local/lib/python3.10/dist-packages:/home/mk/dev_ws/build/gaze_control:/home/mk/dev_ws/install/gaze_control/lib/python3.10/site-packages:/home/mk/dev_ws/build/collision_check:/home/mk/dev_ws/install/collision_check/lib/python3.10/site-packages:/home/mk/dev_ws/build/audio_listener:/opt/ros/humble/lib/python3.10/site-packages:/opt/ros/humble/local/lib/python3.10/dist-packages /usr/bin/python3 -W ignore:setup.py install is deprecated -W ignore:easy_install command is deprecated setup.py egg_info --egg-base ../../../build/whisper_demos build --build-base /home/mk/dev_ws/build/whisper_demos/build install --record /home/mk/dev_ws/build/whisper_demos/install.log --single-version-externally-managed install_data --force
[5.578s] Level 1:colcon.colcon_core.environment:checking '/home/mk/dev_ws/install/whisper_demos' for CMake module files
[5.578s] DEBUG:colcon.colcon_core.event_handler.log_command:Invoked command in '/home/mk/dev_ws/src/ros2_whisper/whisper_demos' returned '0': AMENT_PREFIX_PATH=/home/mk/dev_ws/install/audio_listener:/home/mk/dev_ws/install/zed_ros2:/home/mk/dev_ws/install/zed_wrapper:/home/mk/dev_ws/install/zed_components:/home/mk/dev_ws/install/zed_interfaces:/home/mk/dev_ws/install/yolo_object_detector:/home/mk/dev_ws/install/xarm_planner:/home/mk/dev_ws/install/xarm_moveit_servo:/home/mk/dev_ws/install/xarm_moveit_config:/home/mk/dev_ws/install/xarm_gazebo:/home/mk/dev_ws/install/xarm_controller:/home/mk/dev_ws/install/xarm_api:/home/mk/dev_ws/install/xarm_sdk:/home/mk/dev_ws/install/rviz_robot_control_panel:/home/mk/dev_ws/install/move_to_coordinator:/home/mk/dev_ws/install/motion_sequence:/home/mk/dev_ws/install/xarm_msgs:/home/mk/dev_ws/install/xarm_description:/home/mk/dev_ws/install/whisper_demos:/home/mk/dev_ws/install/whisper_bringup:/home/mk/dev_ws/install/whisper_server:/home/mk/dev_ws/install/transcript_manager:/home/mk/dev_ws/install/whisper_util:/home/mk/dev_ws/install/voice_command_listener:/home/mk/dev_ws/install/whisper_idl:/home/mk/dev_ws/install/whisper_cpp_vendor:/home/mk/dev_ws/install/uf_ros_lib:/home/mk/dev_ws/install/rviz_servo_status_overlay:/home/mk/dev_ws/install/rviz_marker_static_scene_objects:/home/mk/dev_ws/install/robot_motion_handler_movegroup:/home/mk/dev_ws/install/realsense_gazebo_plugin:/home/mk/dev_ws/install/my_3d_vision_bringup:/home/mk/dev_ws/install/mbot_demo:/home/mk/dev_ws/install/gaze_control:/home/mk/dev_ws/install/collision_check:/opt/ros/humble CMAKE_PREFIX_PATH=/home/mk/dev_ws/install/whisper_server:/home/mk/dev_ws/install/whisper_util:/home/mk/dev_ws/install/whisper_idl:/home/mk/dev_ws/install/whisper_cpp_vendor:/home/mk/dev_ws/install/zed_ros2:/home/mk/dev_ws/install/zed_wrapper:/home/mk/dev_ws/install/zed_components:/home/mk/dev_ws/install/zed_interfaces:/home/mk/dev_ws/install/xarm_planner:/home/mk/dev_ws/install/xarm_moveit_servo:/home/mk/dev_ws/install/xarm_moveit_config:/home/mk/dev_ws/install/xarm_gazebo:/home/mk/dev_ws/install/xarm_controller:/home/mk/dev_ws/install/xarm_api:/home/mk/dev_ws/install/xarm_sdk:/home/mk/dev_ws/install/rviz_robot_control_panel:/home/mk/dev_ws/install/xarm_msgs:/home/mk/dev_ws/install/xarm_description:/home/mk/dev_ws/install/whisper_bringup:/home/mk/dev_ws/install/transcript_manager:/home/mk/dev_ws/install/realsense_gazebo_plugin:/home/mk/dev_ws/install/my_3d_vision_bringup:/home/mk/dev_ws/install/mbot_demo LD_LIBRARY_PATH=/home/mk/dev_ws/install/whisper_server/lib:/home/mk/dev_ws/install/whisper_util/lib:/home/mk/dev_ws/install/whisper_idl/lib:/home/mk/dev_ws/install/whisper_cpp_vendor/lib:/usr/local/cuda-12.1/lib64:/home/mk/dev_ws/install/zed_components/lib:/home/mk/dev_ws/install/zed_interfaces/lib:/home/mk/dev_ws/install/xarm_planner/lib:/home/mk/dev_ws/install/xarm_moveit_servo/lib:/home/mk/dev_ws/install/xarm_gazebo/lib:/home/mk/dev_ws/install/xarm_controller/lib:/home/mk/dev_ws/install/xarm_api/lib:/home/mk/dev_ws/install/xarm_sdk/lib:/home/mk/dev_ws/install/rviz_robot_control_panel/lib:/home/mk/dev_ws/install/xarm_msgs/lib:/home/mk/dev_ws/install/transcript_manager/lib:/home/mk/dev_ws/install/realsense_gazebo_plugin/lib:/home/mk/dev_ws/install/my_3d_vision_bringup/lib:/usr/lib/x86_64-linux-gnu/gazebo-11/plugins:/opt/ros/humble/opt/rviz_ogre_vendor/lib:/opt/ros/humble/lib/x86_64-linux-gnu:/opt/ros/humble/lib PYTHONPATH=/home/mk/dev_ws/build/whisper_demos/prefix_override:/usr/lib/python3/dist-packages/colcon_core/task/python/colcon_distutils_commands:/home/mk/dev_ws/install/whisper_demos/lib/python3.10/site-packages:/home/mk/dev_ws/install/audio_listener/lib/python3.10/site-packages:/home/mk/dev_ws/install/zed_interfaces/local/lib/python3.10/dist-packages:/home/mk/dev_ws/build/yolo_object_detector:/home/mk/dev_ws/install/yolo_object_detector/lib/python3.10/site-packages:/home/mk/dev_ws/build/move_to_coordinator:/home/mk/dev_ws/install/move_to_coordinator/lib/python3.10/site-packages:/home/mk/dev_ws/build/motion_sequence:/home/mk/dev_ws/install/motion_sequence/lib/python3.10/site-packages:/home/mk/dev_ws/install/xarm_msgs/local/lib/python3.10/dist-packages:/home/mk/dev_ws/build/whisper_demos:/home/mk/dev_ws/install/whisper_demos/lib/python3.10/site-packages:/home/mk/dev_ws/build/voice_command_listener:/home/mk/dev_ws/install/voice_command_listener/lib/python3.10/site-packages:/home/mk/dev_ws/install/whisper_idl/local/lib/python3.10/dist-packages:/home/mk/dev_ws/build/uf_ros_lib:/home/mk/dev_ws/install/uf_ros_lib/lib/python3.10/site-packages:/home/mk/dev_ws/build/rviz_servo_status_overlay:/home/mk/dev_ws/install/rviz_servo_status_overlay/lib/python3.10/site-packages:/home/mk/dev_ws/build/rviz_marker_static_scene_objects:/home/mk/dev_ws/install/rviz_marker_static_scene_objects/lib/python3.10/site-packages:/home/mk/dev_ws/build/robot_motion_handler_movegroup:/home/mk/dev_ws/install/robot_motion_handler_movegroup/lib/python3.10/site-packages:/home/mk/dev_ws/install/my_3d_vision_bringup/local/lib/python3.10/dist-packages:/home/mk/dev_ws/build/gaze_control:/home/mk/dev_ws/install/gaze_control/lib/python3.10/site-packages:/home/mk/dev_ws/build/collision_check:/home/mk/dev_ws/install/collision_check/lib/python3.10/site-packages:/home/mk/dev_ws/build/audio_listener:/opt/ros/humble/lib/python3.10/site-packages:/opt/ros/humble/local/lib/python3.10/dist-packages /usr/bin/python3 -W ignore:setup.py install is deprecated -W ignore:easy_install command is deprecated setup.py egg_info --egg-base ../../../build/whisper_demos build --build-base /home/mk/dev_ws/build/whisper_demos/build install --record /home/mk/dev_ws/build/whisper_demos/install.log --single-version-externally-managed install_data --force
[5.578s] Level 1:colcon.colcon_core.environment:checking '/home/mk/dev_ws/install/whisper_demos' for CMake config files
[5.578s] Level 1:colcon.colcon_core.environment:checking '/home/mk/dev_ws/install/whisper_demos/lib'
[5.579s] Level 1:colcon.colcon_core.environment:checking '/home/mk/dev_ws/install/whisper_demos/bin'
[5.579s] Level 1:colcon.colcon_core.environment:checking '/home/mk/dev_ws/install/whisper_demos/lib/pkgconfig/whisper_demos.pc'
[5.579s] Level 1:colcon.colcon_core.environment:checking '/home/mk/dev_ws/install/whisper_demos/lib/python3.10/site-packages'
[5.579s] Level 1:colcon.colcon_core.shell:create_environment_hook('whisper_demos', 'pythonpath')
[5.579s] INFO:colcon.colcon_core.shell:Creating environment hook '/home/mk/dev_ws/install/whisper_demos/share/whisper_demos/hook/pythonpath.ps1'
[5.579s] INFO:colcon.colcon_core.shell:Creating environment descriptor '/home/mk/dev_ws/install/whisper_demos/share/whisper_demos/hook/pythonpath.dsv'
[5.580s] INFO:colcon.colcon_core.shell:Creating environment hook '/home/mk/dev_ws/install/whisper_demos/share/whisper_demos/hook/pythonpath.sh'
[5.580s] Level 1:colcon.colcon_core.environment:checking '/home/mk/dev_ws/install/whisper_demos/bin'
[5.580s] Level 1:colcon.colcon_core.environment:create_environment_scripts_only(whisper_demos)
[5.580s] INFO:colcon.colcon_core.shell:Creating package script '/home/mk/dev_ws/install/whisper_demos/share/whisper_demos/package.ps1'
[5.581s] INFO:colcon.colcon_core.shell:Creating package descriptor '/home/mk/dev_ws/install/whisper_demos/share/whisper_demos/package.dsv'
[5.581s] INFO:colcon.colcon_core.shell:Creating package script '/home/mk/dev_ws/install/whisper_demos/share/whisper_demos/package.sh'
[5.581s] INFO:colcon.colcon_core.shell:Creating package script '/home/mk/dev_ws/install/whisper_demos/share/whisper_demos/package.bash'
[5.582s] INFO:colcon.colcon_core.shell:Creating package script '/home/mk/dev_ws/install/whisper_demos/share/whisper_demos/package.zsh'
[5.582s] Level 1:colcon.colcon_core.environment:create_file_with_runtime_dependencies(/home/mk/dev_ws/install/whisper_demos/share/colcon-core/packages/whisper_demos)
[5.657s] DEBUG:colcon.colcon_core.event_handler.log_command:Invoked command in '/home/mk/dev_ws/build/xarm_gazebo' returned '0': AMENT_PREFIX_PATH=/home/mk/dev_ws/install/uf_ros_lib:/home/mk/dev_ws/install/zed_ros2:/home/mk/dev_ws/install/zed_wrapper:/home/mk/dev_ws/install/zed_components:/home/mk/dev_ws/install/zed_interfaces:/home/mk/dev_ws/install/yolo_object_detector:/home/mk/dev_ws/install/xarm_planner:/home/mk/dev_ws/install/xarm_moveit_servo:/home/mk/dev_ws/install/xarm_moveit_config:/home/mk/dev_ws/install/xarm_gazebo:/home/mk/dev_ws/install/xarm_controller:/home/mk/dev_ws/install/xarm_api:/home/mk/dev_ws/install/xarm_sdk:/home/mk/dev_ws/install/rviz_robot_control_panel:/home/mk/dev_ws/install/move_to_coordinator:/home/mk/dev_ws/install/motion_sequence:/home/mk/dev_ws/install/xarm_msgs:/home/mk/dev_ws/install/xarm_description:/home/mk/dev_ws/install/whisper_demos:/home/mk/dev_ws/install/whisper_bringup:/home/mk/dev_ws/install/whisper_server:/home/mk/dev_ws/install/transcript_manager:/home/mk/dev_ws/install/whisper_util:/home/mk/dev_ws/install/voice_command_listener:/home/mk/dev_ws/install/whisper_idl:/home/mk/dev_ws/install/whisper_cpp_vendor:/home/mk/dev_ws/install/rviz_servo_status_overlay:/home/mk/dev_ws/install/rviz_marker_static_scene_objects:/home/mk/dev_ws/install/robot_motion_handler_movegroup:/home/mk/dev_ws/install/realsense_gazebo_plugin:/home/mk/dev_ws/install/my_3d_vision_bringup:/home/mk/dev_ws/install/mbot_demo:/home/mk/dev_ws/install/gaze_control:/home/mk/dev_ws/install/collision_check:/home/mk/dev_ws/install/audio_listener:/opt/ros/humble CMAKE_PREFIX_PATH=/home/mk/dev_ws/install/xarm_controller:/home/mk/dev_ws/install/xarm_api:/home/mk/dev_ws/install/xarm_sdk:/home/mk/dev_ws/install/xarm_msgs:/home/mk/dev_ws/install/xarm_description:/home/mk/dev_ws/install/zed_ros2:/home/mk/dev_ws/install/zed_wrapper:/home/mk/dev_ws/install/zed_components:/home/mk/dev_ws/install/zed_interfaces:/home/mk/dev_ws/install/xarm_planner:/home/mk/dev_ws/install/xarm_moveit_servo:/home/mk/dev_ws/install/xarm_moveit_config:/home/mk/dev_ws/install/xarm_gazebo:/home/mk/dev_ws/install/rviz_robot_control_panel:/home/mk/dev_ws/install/whisper_bringup:/home/mk/dev_ws/install/whisper_server:/home/mk/dev_ws/install/transcript_manager:/home/mk/dev_ws/install/whisper_util:/home/mk/dev_ws/install/whisper_idl:/home/mk/dev_ws/install/whisper_cpp_vendor:/home/mk/dev_ws/install/realsense_gazebo_plugin:/home/mk/dev_ws/install/my_3d_vision_bringup:/home/mk/dev_ws/install/mbot_demo:/home/mk/dev_ws/install/yolo_object_detector:/home/mk/dev_ws/install/move_to_coordinator:/home/mk/dev_ws/install/motion_sequence:/home/mk/dev_ws/install/whisper_demos:/home/mk/dev_ws/install/voice_command_listener:/home/mk/dev_ws/install/uf_ros_lib:/home/mk/dev_ws/install/rviz_servo_status_overlay:/home/mk/dev_ws/install/rviz_marker_static_scene_objects:/home/mk/dev_ws/install/robot_motion_handler_movegroup:/home/mk/dev_ws/install/gaze_control:/home/mk/dev_ws/install/collision_check:/home/mk/dev_ws/install/audio_listener:/opt/ros/humble LD_LIBRARY_PATH=/home/mk/dev_ws/install/xarm_controller/lib:/home/mk/dev_ws/install/xarm_api/lib:/home/mk/dev_ws/install/xarm_sdk/lib:/home/mk/dev_ws/install/xarm_msgs/lib:/usr/local/cuda-12.1/lib64:/home/mk/dev_ws/install/zed_components/lib:/home/mk/dev_ws/install/zed_interfaces/lib:/home/mk/dev_ws/install/xarm_planner/lib:/home/mk/dev_ws/install/xarm_moveit_servo/lib:/home/mk/dev_ws/install/xarm_gazebo/lib:/home/mk/dev_ws/install/rviz_robot_control_panel/lib:/home/mk/dev_ws/install/whisper_server/lib:/home/mk/dev_ws/install/transcript_manager/lib:/home/mk/dev_ws/install/whisper_util/lib:/home/mk/dev_ws/install/whisper_idl/lib:/home/mk/dev_ws/install/whisper_cpp_vendor/lib:/home/mk/dev_ws/install/realsense_gazebo_plugin/lib:/home/mk/dev_ws/install/my_3d_vision_bringup/lib:/usr/lib/x86_64-linux-gnu/gazebo-11/plugins:/opt/ros/humble/opt/rviz_ogre_vendor/lib:/opt/ros/humble/lib/x86_64-linux-gnu:/opt/ros/humble/lib PYTHONPATH=/home/mk/dev_ws/install/uf_ros_lib/lib/python3.10/site-packages:/home/mk/dev_ws/install/zed_interfaces/local/lib/python3.10/dist-packages:/home/mk/dev_ws/build/yolo_object_detector:/home/mk/dev_ws/install/yolo_object_detector/lib/python3.10/site-packages:/home/mk/dev_ws/build/move_to_coordinator:/home/mk/dev_ws/install/move_to_coordinator/lib/python3.10/site-packages:/home/mk/dev_ws/build/motion_sequence:/home/mk/dev_ws/install/motion_sequence/lib/python3.10/site-packages:/home/mk/dev_ws/install/xarm_msgs/local/lib/python3.10/dist-packages:/home/mk/dev_ws/build/whisper_demos:/home/mk/dev_ws/install/whisper_demos/lib/python3.10/site-packages:/home/mk/dev_ws/build/voice_command_listener:/home/mk/dev_ws/install/voice_command_listener/lib/python3.10/site-packages:/home/mk/dev_ws/install/whisper_idl/local/lib/python3.10/dist-packages:/home/mk/dev_ws/build/uf_ros_lib:/home/mk/dev_ws/build/rviz_servo_status_overlay:/home/mk/dev_ws/install/rviz_servo_status_overlay/lib/python3.10/site-packages:/home/mk/dev_ws/build/rviz_marker_static_scene_objects:/home/mk/dev_ws/install/rviz_marker_static_scene_objects/lib/python3.10/site-packages:/home/mk/dev_ws/build/robot_motion_handler_movegroup:/home/mk/dev_ws/install/robot_motion_handler_movegroup/lib/python3.10/site-packages:/home/mk/dev_ws/install/my_3d_vision_bringup/local/lib/python3.10/dist-packages:/home/mk/dev_ws/build/gaze_control:/home/mk/dev_ws/install/gaze_control/lib/python3.10/site-packages:/home/mk/dev_ws/build/collision_check:/home/mk/dev_ws/install/collision_check/lib/python3.10/site-packages:/home/mk/dev_ws/build/audio_listener:/home/mk/dev_ws/install/audio_listener/lib/python3.10/site-packages:/opt/ros/humble/lib/python3.10/site-packages:/opt/ros/humble/local/lib/python3.10/dist-packages /usr/bin/cmake /home/mk/dev_ws/src/xarm_ros2/xarm_gazebo -DCMAKE_INSTALL_PREFIX=/home/mk/dev_ws/install/xarm_gazebo
[5.658s] DEBUG:colcon.colcon_core.event_handler.log_command:Invoking command in '/home/mk/dev_ws/build/xarm_gazebo': AMENT_PREFIX_PATH=/home/mk/dev_ws/install/uf_ros_lib:/home/mk/dev_ws/install/zed_ros2:/home/mk/dev_ws/install/zed_wrapper:/home/mk/dev_ws/install/zed_components:/home/mk/dev_ws/install/zed_interfaces:/home/mk/dev_ws/install/yolo_object_detector:/home/mk/dev_ws/install/xarm_planner:/home/mk/dev_ws/install/xarm_moveit_servo:/home/mk/dev_ws/install/xarm_moveit_config:/home/mk/dev_ws/install/xarm_gazebo:/home/mk/dev_ws/install/xarm_controller:/home/mk/dev_ws/install/xarm_api:/home/mk/dev_ws/install/xarm_sdk:/home/mk/dev_ws/install/rviz_robot_control_panel:/home/mk/dev_ws/install/move_to_coordinator:/home/mk/dev_ws/install/motion_sequence:/home/mk/dev_ws/install/xarm_msgs:/home/mk/dev_ws/install/xarm_description:/home/mk/dev_ws/install/whisper_demos:/home/mk/dev_ws/install/whisper_bringup:/home/mk/dev_ws/install/whisper_server:/home/mk/dev_ws/install/transcript_manager:/home/mk/dev_ws/install/whisper_util:/home/mk/dev_ws/install/voice_command_listener:/home/mk/dev_ws/install/whisper_idl:/home/mk/dev_ws/install/whisper_cpp_vendor:/home/mk/dev_ws/install/rviz_servo_status_overlay:/home/mk/dev_ws/install/rviz_marker_static_scene_objects:/home/mk/dev_ws/install/robot_motion_handler_movegroup:/home/mk/dev_ws/install/realsense_gazebo_plugin:/home/mk/dev_ws/install/my_3d_vision_bringup:/home/mk/dev_ws/install/mbot_demo:/home/mk/dev_ws/install/gaze_control:/home/mk/dev_ws/install/collision_check:/home/mk/dev_ws/install/audio_listener:/opt/ros/humble CMAKE_PREFIX_PATH=/home/mk/dev_ws/install/xarm_controller:/home/mk/dev_ws/install/xarm_api:/home/mk/dev_ws/install/xarm_sdk:/home/mk/dev_ws/install/xarm_msgs:/home/mk/dev_ws/install/xarm_description:/home/mk/dev_ws/install/zed_ros2:/home/mk/dev_ws/install/zed_wrapper:/home/mk/dev_ws/install/zed_components:/home/mk/dev_ws/install/zed_interfaces:/home/mk/dev_ws/install/xarm_planner:/home/mk/dev_ws/install/xarm_moveit_servo:/home/mk/dev_ws/install/xarm_moveit_config:/home/mk/dev_ws/install/xarm_gazebo:/home/mk/dev_ws/install/rviz_robot_control_panel:/home/mk/dev_ws/install/whisper_bringup:/home/mk/dev_ws/install/whisper_server:/home/mk/dev_ws/install/transcript_manager:/home/mk/dev_ws/install/whisper_util:/home/mk/dev_ws/install/whisper_idl:/home/mk/dev_ws/install/whisper_cpp_vendor:/home/mk/dev_ws/install/realsense_gazebo_plugin:/home/mk/dev_ws/install/my_3d_vision_bringup:/home/mk/dev_ws/install/mbot_demo:/home/mk/dev_ws/install/yolo_object_detector:/home/mk/dev_ws/install/move_to_coordinator:/home/mk/dev_ws/install/motion_sequence:/home/mk/dev_ws/install/whisper_demos:/home/mk/dev_ws/install/voice_command_listener:/home/mk/dev_ws/install/uf_ros_lib:/home/mk/dev_ws/install/rviz_servo_status_overlay:/home/mk/dev_ws/install/rviz_marker_static_scene_objects:/home/mk/dev_ws/install/robot_motion_handler_movegroup:/home/mk/dev_ws/install/gaze_control:/home/mk/dev_ws/install/collision_check:/home/mk/dev_ws/install/audio_listener:/opt/ros/humble LD_LIBRARY_PATH=/home/mk/dev_ws/install/xarm_controller/lib:/home/mk/dev_ws/install/xarm_api/lib:/home/mk/dev_ws/install/xarm_sdk/lib:/home/mk/dev_ws/install/xarm_msgs/lib:/usr/local/cuda-12.1/lib64:/home/mk/dev_ws/install/zed_components/lib:/home/mk/dev_ws/install/zed_interfaces/lib:/home/mk/dev_ws/install/xarm_planner/lib:/home/mk/dev_ws/install/xarm_moveit_servo/lib:/home/mk/dev_ws/install/xarm_gazebo/lib:/home/mk/dev_ws/install/rviz_robot_control_panel/lib:/home/mk/dev_ws/install/whisper_server/lib:/home/mk/dev_ws/install/transcript_manager/lib:/home/mk/dev_ws/install/whisper_util/lib:/home/mk/dev_ws/install/whisper_idl/lib:/home/mk/dev_ws/install/whisper_cpp_vendor/lib:/home/mk/dev_ws/install/realsense_gazebo_plugin/lib:/home/mk/dev_ws/install/my_3d_vision_bringup/lib:/usr/lib/x86_64-linux-gnu/gazebo-11/plugins:/opt/ros/humble/opt/rviz_ogre_vendor/lib:/opt/ros/humble/lib/x86_64-linux-gnu:/opt/ros/humble/lib PYTHONPATH=/home/mk/dev_ws/install/uf_ros_lib/lib/python3.10/site-packages:/home/mk/dev_ws/install/zed_interfaces/local/lib/python3.10/dist-packages:/home/mk/dev_ws/build/yolo_object_detector:/home/mk/dev_ws/install/yolo_object_detector/lib/python3.10/site-packages:/home/mk/dev_ws/build/move_to_coordinator:/home/mk/dev_ws/install/move_to_coordinator/lib/python3.10/site-packages:/home/mk/dev_ws/build/motion_sequence:/home/mk/dev_ws/install/motion_sequence/lib/python3.10/site-packages:/home/mk/dev_ws/install/xarm_msgs/local/lib/python3.10/dist-packages:/home/mk/dev_ws/build/whisper_demos:/home/mk/dev_ws/install/whisper_demos/lib/python3.10/site-packages:/home/mk/dev_ws/build/voice_command_listener:/home/mk/dev_ws/install/voice_command_listener/lib/python3.10/site-packages:/home/mk/dev_ws/install/whisper_idl/local/lib/python3.10/dist-packages:/home/mk/dev_ws/build/uf_ros_lib:/home/mk/dev_ws/build/rviz_servo_status_overlay:/home/mk/dev_ws/install/rviz_servo_status_overlay/lib/python3.10/site-packages:/home/mk/dev_ws/build/rviz_marker_static_scene_objects:/home/mk/dev_ws/install/rviz_marker_static_scene_objects/lib/python3.10/site-packages:/home/mk/dev_ws/build/robot_motion_handler_movegroup:/home/mk/dev_ws/install/robot_motion_handler_movegroup/lib/python3.10/site-packages:/home/mk/dev_ws/install/my_3d_vision_bringup/local/lib/python3.10/dist-packages:/home/mk/dev_ws/build/gaze_control:/home/mk/dev_ws/install/gaze_control/lib/python3.10/site-packages:/home/mk/dev_ws/build/collision_check:/home/mk/dev_ws/install/collision_check/lib/python3.10/site-packages:/home/mk/dev_ws/build/audio_listener:/home/mk/dev_ws/install/audio_listener/lib/python3.10/site-packages:/opt/ros/humble/lib/python3.10/site-packages:/opt/ros/humble/local/lib/python3.10/dist-packages /usr/bin/cmake --build /home/mk/dev_ws/build/xarm_gazebo -- -j16 -l16
[5.717s] DEBUG:colcon.colcon_core.event_handler.log_command:Invoked command in '/home/mk/dev_ws/build/xarm_gazebo' returned '0': AMENT_PREFIX_PATH=/home/mk/dev_ws/install/uf_ros_lib:/home/mk/dev_ws/install/zed_ros2:/home/mk/dev_ws/install/zed_wrapper:/home/mk/dev_ws/install/zed_components:/home/mk/dev_ws/install/zed_interfaces:/home/mk/dev_ws/install/yolo_object_detector:/home/mk/dev_ws/install/xarm_planner:/home/mk/dev_ws/install/xarm_moveit_servo:/home/mk/dev_ws/install/xarm_moveit_config:/home/mk/dev_ws/install/xarm_gazebo:/home/mk/dev_ws/install/xarm_controller:/home/mk/dev_ws/install/xarm_api:/home/mk/dev_ws/install/xarm_sdk:/home/mk/dev_ws/install/rviz_robot_control_panel:/home/mk/dev_ws/install/move_to_coordinator:/home/mk/dev_ws/install/motion_sequence:/home/mk/dev_ws/install/xarm_msgs:/home/mk/dev_ws/install/xarm_description:/home/mk/dev_ws/install/whisper_demos:/home/mk/dev_ws/install/whisper_bringup:/home/mk/dev_ws/install/whisper_server:/home/mk/dev_ws/install/transcript_manager:/home/mk/dev_ws/install/whisper_util:/home/mk/dev_ws/install/voice_command_listener:/home/mk/dev_ws/install/whisper_idl:/home/mk/dev_ws/install/whisper_cpp_vendor:/home/mk/dev_ws/install/rviz_servo_status_overlay:/home/mk/dev_ws/install/rviz_marker_static_scene_objects:/home/mk/dev_ws/install/robot_motion_handler_movegroup:/home/mk/dev_ws/install/realsense_gazebo_plugin:/home/mk/dev_ws/install/my_3d_vision_bringup:/home/mk/dev_ws/install/mbot_demo:/home/mk/dev_ws/install/gaze_control:/home/mk/dev_ws/install/collision_check:/home/mk/dev_ws/install/audio_listener:/opt/ros/humble CMAKE_PREFIX_PATH=/home/mk/dev_ws/install/xarm_controller:/home/mk/dev_ws/install/xarm_api:/home/mk/dev_ws/install/xarm_sdk:/home/mk/dev_ws/install/xarm_msgs:/home/mk/dev_ws/install/xarm_description:/home/mk/dev_ws/install/zed_ros2:/home/mk/dev_ws/install/zed_wrapper:/home/mk/dev_ws/install/zed_components:/home/mk/dev_ws/install/zed_interfaces:/home/mk/dev_ws/install/xarm_planner:/home/mk/dev_ws/install/xarm_moveit_servo:/home/mk/dev_ws/install/xarm_moveit_config:/home/mk/dev_ws/install/xarm_gazebo:/home/mk/dev_ws/install/rviz_robot_control_panel:/home/mk/dev_ws/install/whisper_bringup:/home/mk/dev_ws/install/whisper_server:/home/mk/dev_ws/install/transcript_manager:/home/mk/dev_ws/install/whisper_util:/home/mk/dev_ws/install/whisper_idl:/home/mk/dev_ws/install/whisper_cpp_vendor:/home/mk/dev_ws/install/realsense_gazebo_plugin:/home/mk/dev_ws/install/my_3d_vision_bringup:/home/mk/dev_ws/install/mbot_demo:/home/mk/dev_ws/install/yolo_object_detector:/home/mk/dev_ws/install/move_to_coordinator:/home/mk/dev_ws/install/motion_sequence:/home/mk/dev_ws/install/whisper_demos:/home/mk/dev_ws/install/voice_command_listener:/home/mk/dev_ws/install/uf_ros_lib:/home/mk/dev_ws/install/rviz_servo_status_overlay:/home/mk/dev_ws/install/rviz_marker_static_scene_objects:/home/mk/dev_ws/install/robot_motion_handler_movegroup:/home/mk/dev_ws/install/gaze_control:/home/mk/dev_ws/install/collision_check:/home/mk/dev_ws/install/audio_listener:/opt/ros/humble LD_LIBRARY_PATH=/home/mk/dev_ws/install/xarm_controller/lib:/home/mk/dev_ws/install/xarm_api/lib:/home/mk/dev_ws/install/xarm_sdk/lib:/home/mk/dev_ws/install/xarm_msgs/lib:/usr/local/cuda-12.1/lib64:/home/mk/dev_ws/install/zed_components/lib:/home/mk/dev_ws/install/zed_interfaces/lib:/home/mk/dev_ws/install/xarm_planner/lib:/home/mk/dev_ws/install/xarm_moveit_servo/lib:/home/mk/dev_ws/install/xarm_gazebo/lib:/home/mk/dev_ws/install/rviz_robot_control_panel/lib:/home/mk/dev_ws/install/whisper_server/lib:/home/mk/dev_ws/install/transcript_manager/lib:/home/mk/dev_ws/install/whisper_util/lib:/home/mk/dev_ws/install/whisper_idl/lib:/home/mk/dev_ws/install/whisper_cpp_vendor/lib:/home/mk/dev_ws/install/realsense_gazebo_plugin/lib:/home/mk/dev_ws/install/my_3d_vision_bringup/lib:/usr/lib/x86_64-linux-gnu/gazebo-11/plugins:/opt/ros/humble/opt/rviz_ogre_vendor/lib:/opt/ros/humble/lib/x86_64-linux-gnu:/opt/ros/humble/lib PYTHONPATH=/home/mk/dev_ws/install/uf_ros_lib/lib/python3.10/site-packages:/home/mk/dev_ws/install/zed_interfaces/local/lib/python3.10/dist-packages:/home/mk/dev_ws/build/yolo_object_detector:/home/mk/dev_ws/install/yolo_object_detector/lib/python3.10/site-packages:/home/mk/dev_ws/build/move_to_coordinator:/home/mk/dev_ws/install/move_to_coordinator/lib/python3.10/site-packages:/home/mk/dev_ws/build/motion_sequence:/home/mk/dev_ws/install/motion_sequence/lib/python3.10/site-packages:/home/mk/dev_ws/install/xarm_msgs/local/lib/python3.10/dist-packages:/home/mk/dev_ws/build/whisper_demos:/home/mk/dev_ws/install/whisper_demos/lib/python3.10/site-packages:/home/mk/dev_ws/build/voice_command_listener:/home/mk/dev_ws/install/voice_command_listener/lib/python3.10/site-packages:/home/mk/dev_ws/install/whisper_idl/local/lib/python3.10/dist-packages:/home/mk/dev_ws/build/uf_ros_lib:/home/mk/dev_ws/build/rviz_servo_status_overlay:/home/mk/dev_ws/install/rviz_servo_status_overlay/lib/python3.10/site-packages:/home/mk/dev_ws/build/rviz_marker_static_scene_objects:/home/mk/dev_ws/install/rviz_marker_static_scene_objects/lib/python3.10/site-packages:/home/mk/dev_ws/build/robot_motion_handler_movegroup:/home/mk/dev_ws/install/robot_motion_handler_movegroup/lib/python3.10/site-packages:/home/mk/dev_ws/install/my_3d_vision_bringup/local/lib/python3.10/dist-packages:/home/mk/dev_ws/build/gaze_control:/home/mk/dev_ws/install/gaze_control/lib/python3.10/site-packages:/home/mk/dev_ws/build/collision_check:/home/mk/dev_ws/install/collision_check/lib/python3.10/site-packages:/home/mk/dev_ws/build/audio_listener:/home/mk/dev_ws/install/audio_listener/lib/python3.10/site-packages:/opt/ros/humble/lib/python3.10/site-packages:/opt/ros/humble/local/lib/python3.10/dist-packages /usr/bin/cmake --build /home/mk/dev_ws/build/xarm_gazebo -- -j16 -l16
[5.718s] DEBUG:colcon.colcon_core.event_handler.log_command:Invoking command in '/home/mk/dev_ws/build/xarm_gazebo': AMENT_PREFIX_PATH=/home/mk/dev_ws/install/uf_ros_lib:/home/mk/dev_ws/install/zed_ros2:/home/mk/dev_ws/install/zed_wrapper:/home/mk/dev_ws/install/zed_components:/home/mk/dev_ws/install/zed_interfaces:/home/mk/dev_ws/install/yolo_object_detector:/home/mk/dev_ws/install/xarm_planner:/home/mk/dev_ws/install/xarm_moveit_servo:/home/mk/dev_ws/install/xarm_moveit_config:/home/mk/dev_ws/install/xarm_gazebo:/home/mk/dev_ws/install/xarm_controller:/home/mk/dev_ws/install/xarm_api:/home/mk/dev_ws/install/xarm_sdk:/home/mk/dev_ws/install/rviz_robot_control_panel:/home/mk/dev_ws/install/move_to_coordinator:/home/mk/dev_ws/install/motion_sequence:/home/mk/dev_ws/install/xarm_msgs:/home/mk/dev_ws/install/xarm_description:/home/mk/dev_ws/install/whisper_demos:/home/mk/dev_ws/install/whisper_bringup:/home/mk/dev_ws/install/whisper_server:/home/mk/dev_ws/install/transcript_manager:/home/mk/dev_ws/install/whisper_util:/home/mk/dev_ws/install/voice_command_listener:/home/mk/dev_ws/install/whisper_idl:/home/mk/dev_ws/install/whisper_cpp_vendor:/home/mk/dev_ws/install/rviz_servo_status_overlay:/home/mk/dev_ws/install/rviz_marker_static_scene_objects:/home/mk/dev_ws/install/robot_motion_handler_movegroup:/home/mk/dev_ws/install/realsense_gazebo_plugin:/home/mk/dev_ws/install/my_3d_vision_bringup:/home/mk/dev_ws/install/mbot_demo:/home/mk/dev_ws/install/gaze_control:/home/mk/dev_ws/install/collision_check:/home/mk/dev_ws/install/audio_listener:/opt/ros/humble CMAKE_PREFIX_PATH=/home/mk/dev_ws/install/xarm_controller:/home/mk/dev_ws/install/xarm_api:/home/mk/dev_ws/install/xarm_sdk:/home/mk/dev_ws/install/xarm_msgs:/home/mk/dev_ws/install/xarm_description:/home/mk/dev_ws/install/zed_ros2:/home/mk/dev_ws/install/zed_wrapper:/home/mk/dev_ws/install/zed_components:/home/mk/dev_ws/install/zed_interfaces:/home/mk/dev_ws/install/xarm_planner:/home/mk/dev_ws/install/xarm_moveit_servo:/home/mk/dev_ws/install/xarm_moveit_config:/home/mk/dev_ws/install/xarm_gazebo:/home/mk/dev_ws/install/rviz_robot_control_panel:/home/mk/dev_ws/install/whisper_bringup:/home/mk/dev_ws/install/whisper_server:/home/mk/dev_ws/install/transcript_manager:/home/mk/dev_ws/install/whisper_util:/home/mk/dev_ws/install/whisper_idl:/home/mk/dev_ws/install/whisper_cpp_vendor:/home/mk/dev_ws/install/realsense_gazebo_plugin:/home/mk/dev_ws/install/my_3d_vision_bringup:/home/mk/dev_ws/install/mbot_demo:/home/mk/dev_ws/install/yolo_object_detector:/home/mk/dev_ws/install/move_to_coordinator:/home/mk/dev_ws/install/motion_sequence:/home/mk/dev_ws/install/whisper_demos:/home/mk/dev_ws/install/voice_command_listener:/home/mk/dev_ws/install/uf_ros_lib:/home/mk/dev_ws/install/rviz_servo_status_overlay:/home/mk/dev_ws/install/rviz_marker_static_scene_objects:/home/mk/dev_ws/install/robot_motion_handler_movegroup:/home/mk/dev_ws/install/gaze_control:/home/mk/dev_ws/install/collision_check:/home/mk/dev_ws/install/audio_listener:/opt/ros/humble LD_LIBRARY_PATH=/home/mk/dev_ws/install/xarm_controller/lib:/home/mk/dev_ws/install/xarm_api/lib:/home/mk/dev_ws/install/xarm_sdk/lib:/home/mk/dev_ws/install/xarm_msgs/lib:/usr/local/cuda-12.1/lib64:/home/mk/dev_ws/install/zed_components/lib:/home/mk/dev_ws/install/zed_interfaces/lib:/home/mk/dev_ws/install/xarm_planner/lib:/home/mk/dev_ws/install/xarm_moveit_servo/lib:/home/mk/dev_ws/install/xarm_gazebo/lib:/home/mk/dev_ws/install/rviz_robot_control_panel/lib:/home/mk/dev_ws/install/whisper_server/lib:/home/mk/dev_ws/install/transcript_manager/lib:/home/mk/dev_ws/install/whisper_util/lib:/home/mk/dev_ws/install/whisper_idl/lib:/home/mk/dev_ws/install/whisper_cpp_vendor/lib:/home/mk/dev_ws/install/realsense_gazebo_plugin/lib:/home/mk/dev_ws/install/my_3d_vision_bringup/lib:/usr/lib/x86_64-linux-gnu/gazebo-11/plugins:/opt/ros/humble/opt/rviz_ogre_vendor/lib:/opt/ros/humble/lib/x86_64-linux-gnu:/opt/ros/humble/lib PYTHONPATH=/home/mk/dev_ws/install/uf_ros_lib/lib/python3.10/site-packages:/home/mk/dev_ws/install/zed_interfaces/local/lib/python3.10/dist-packages:/home/mk/dev_ws/build/yolo_object_detector:/home/mk/dev_ws/install/yolo_object_detector/lib/python3.10/site-packages:/home/mk/dev_ws/build/move_to_coordinator:/home/mk/dev_ws/install/move_to_coordinator/lib/python3.10/site-packages:/home/mk/dev_ws/build/motion_sequence:/home/mk/dev_ws/install/motion_sequence/lib/python3.10/site-packages:/home/mk/dev_ws/install/xarm_msgs/local/lib/python3.10/dist-packages:/home/mk/dev_ws/build/whisper_demos:/home/mk/dev_ws/install/whisper_demos/lib/python3.10/site-packages:/home/mk/dev_ws/build/voice_command_listener:/home/mk/dev_ws/install/voice_command_listener/lib/python3.10/site-packages:/home/mk/dev_ws/install/whisper_idl/local/lib/python3.10/dist-packages:/home/mk/dev_ws/build/uf_ros_lib:/home/mk/dev_ws/build/rviz_servo_status_overlay:/home/mk/dev_ws/install/rviz_servo_status_overlay/lib/python3.10/site-packages:/home/mk/dev_ws/build/rviz_marker_static_scene_objects:/home/mk/dev_ws/install/rviz_marker_static_scene_objects/lib/python3.10/site-packages:/home/mk/dev_ws/build/robot_motion_handler_movegroup:/home/mk/dev_ws/install/robot_motion_handler_movegroup/lib/python3.10/site-packages:/home/mk/dev_ws/install/my_3d_vision_bringup/local/lib/python3.10/dist-packages:/home/mk/dev_ws/build/gaze_control:/home/mk/dev_ws/install/gaze_control/lib/python3.10/site-packages:/home/mk/dev_ws/build/collision_check:/home/mk/dev_ws/install/collision_check/lib/python3.10/site-packages:/home/mk/dev_ws/build/audio_listener:/home/mk/dev_ws/install/audio_listener/lib/python3.10/site-packages:/opt/ros/humble/lib/python3.10/site-packages:/opt/ros/humble/local/lib/python3.10/dist-packages /usr/bin/cmake --install /home/mk/dev_ws/build/xarm_gazebo
[5.731s] Level 1:colcon.colcon_core.environment:create_environment_scripts_only(xarm_gazebo)
[5.732s] Level 1:colcon.colcon_core.environment:checking '/home/mk/dev_ws/install/xarm_gazebo' for CMake module files
[5.732s] DEBUG:colcon.colcon_core.event_handler.log_command:Invoked command in '/home/mk/dev_ws/build/xarm_gazebo' returned '0': AMENT_PREFIX_PATH=/home/mk/dev_ws/install/uf_ros_lib:/home/mk/dev_ws/install/zed_ros2:/home/mk/dev_ws/install/zed_wrapper:/home/mk/dev_ws/install/zed_components:/home/mk/dev_ws/install/zed_interfaces:/home/mk/dev_ws/install/yolo_object_detector:/home/mk/dev_ws/install/xarm_planner:/home/mk/dev_ws/install/xarm_moveit_servo:/home/mk/dev_ws/install/xarm_moveit_config:/home/mk/dev_ws/install/xarm_gazebo:/home/mk/dev_ws/install/xarm_controller:/home/mk/dev_ws/install/xarm_api:/home/mk/dev_ws/install/xarm_sdk:/home/mk/dev_ws/install/rviz_robot_control_panel:/home/mk/dev_ws/install/move_to_coordinator:/home/mk/dev_ws/install/motion_sequence:/home/mk/dev_ws/install/xarm_msgs:/home/mk/dev_ws/install/xarm_description:/home/mk/dev_ws/install/whisper_demos:/home/mk/dev_ws/install/whisper_bringup:/home/mk/dev_ws/install/whisper_server:/home/mk/dev_ws/install/transcript_manager:/home/mk/dev_ws/install/whisper_util:/home/mk/dev_ws/install/voice_command_listener:/home/mk/dev_ws/install/whisper_idl:/home/mk/dev_ws/install/whisper_cpp_vendor:/home/mk/dev_ws/install/rviz_servo_status_overlay:/home/mk/dev_ws/install/rviz_marker_static_scene_objects:/home/mk/dev_ws/install/robot_motion_handler_movegroup:/home/mk/dev_ws/install/realsense_gazebo_plugin:/home/mk/dev_ws/install/my_3d_vision_bringup:/home/mk/dev_ws/install/mbot_demo:/home/mk/dev_ws/install/gaze_control:/home/mk/dev_ws/install/collision_check:/home/mk/dev_ws/install/audio_listener:/opt/ros/humble CMAKE_PREFIX_PATH=/home/mk/dev_ws/install/xarm_controller:/home/mk/dev_ws/install/xarm_api:/home/mk/dev_ws/install/xarm_sdk:/home/mk/dev_ws/install/xarm_msgs:/home/mk/dev_ws/install/xarm_description:/home/mk/dev_ws/install/zed_ros2:/home/mk/dev_ws/install/zed_wrapper:/home/mk/dev_ws/install/zed_components:/home/mk/dev_ws/install/zed_interfaces:/home/mk/dev_ws/install/xarm_planner:/home/mk/dev_ws/install/xarm_moveit_servo:/home/mk/dev_ws/install/xarm_moveit_config:/home/mk/dev_ws/install/xarm_gazebo:/home/mk/dev_ws/install/rviz_robot_control_panel:/home/mk/dev_ws/install/whisper_bringup:/home/mk/dev_ws/install/whisper_server:/home/mk/dev_ws/install/transcript_manager:/home/mk/dev_ws/install/whisper_util:/home/mk/dev_ws/install/whisper_idl:/home/mk/dev_ws/install/whisper_cpp_vendor:/home/mk/dev_ws/install/realsense_gazebo_plugin:/home/mk/dev_ws/install/my_3d_vision_bringup:/home/mk/dev_ws/install/mbot_demo:/home/mk/dev_ws/install/yolo_object_detector:/home/mk/dev_ws/install/move_to_coordinator:/home/mk/dev_ws/install/motion_sequence:/home/mk/dev_ws/install/whisper_demos:/home/mk/dev_ws/install/voice_command_listener:/home/mk/dev_ws/install/uf_ros_lib:/home/mk/dev_ws/install/rviz_servo_status_overlay:/home/mk/dev_ws/install/rviz_marker_static_scene_objects:/home/mk/dev_ws/install/robot_motion_handler_movegroup:/home/mk/dev_ws/install/gaze_control:/home/mk/dev_ws/install/collision_check:/home/mk/dev_ws/install/audio_listener:/opt/ros/humble LD_LIBRARY_PATH=/home/mk/dev_ws/install/xarm_controller/lib:/home/mk/dev_ws/install/xarm_api/lib:/home/mk/dev_ws/install/xarm_sdk/lib:/home/mk/dev_ws/install/xarm_msgs/lib:/usr/local/cuda-12.1/lib64:/home/mk/dev_ws/install/zed_components/lib:/home/mk/dev_ws/install/zed_interfaces/lib:/home/mk/dev_ws/install/xarm_planner/lib:/home/mk/dev_ws/install/xarm_moveit_servo/lib:/home/mk/dev_ws/install/xarm_gazebo/lib:/home/mk/dev_ws/install/rviz_robot_control_panel/lib:/home/mk/dev_ws/install/whisper_server/lib:/home/mk/dev_ws/install/transcript_manager/lib:/home/mk/dev_ws/install/whisper_util/lib:/home/mk/dev_ws/install/whisper_idl/lib:/home/mk/dev_ws/install/whisper_cpp_vendor/lib:/home/mk/dev_ws/install/realsense_gazebo_plugin/lib:/home/mk/dev_ws/install/my_3d_vision_bringup/lib:/usr/lib/x86_64-linux-gnu/gazebo-11/plugins:/opt/ros/humble/opt/rviz_ogre_vendor/lib:/opt/ros/humble/lib/x86_64-linux-gnu:/opt/ros/humble/lib PYTHONPATH=/home/mk/dev_ws/install/uf_ros_lib/lib/python3.10/site-packages:/home/mk/dev_ws/install/zed_interfaces/local/lib/python3.10/dist-packages:/home/mk/dev_ws/build/yolo_object_detector:/home/mk/dev_ws/install/yolo_object_detector/lib/python3.10/site-packages:/home/mk/dev_ws/build/move_to_coordinator:/home/mk/dev_ws/install/move_to_coordinator/lib/python3.10/site-packages:/home/mk/dev_ws/build/motion_sequence:/home/mk/dev_ws/install/motion_sequence/lib/python3.10/site-packages:/home/mk/dev_ws/install/xarm_msgs/local/lib/python3.10/dist-packages:/home/mk/dev_ws/build/whisper_demos:/home/mk/dev_ws/install/whisper_demos/lib/python3.10/site-packages:/home/mk/dev_ws/build/voice_command_listener:/home/mk/dev_ws/install/voice_command_listener/lib/python3.10/site-packages:/home/mk/dev_ws/install/whisper_idl/local/lib/python3.10/dist-packages:/home/mk/dev_ws/build/uf_ros_lib:/home/mk/dev_ws/build/rviz_servo_status_overlay:/home/mk/dev_ws/install/rviz_servo_status_overlay/lib/python3.10/site-packages:/home/mk/dev_ws/build/rviz_marker_static_scene_objects:/home/mk/dev_ws/install/rviz_marker_static_scene_objects/lib/python3.10/site-packages:/home/mk/dev_ws/build/robot_motion_handler_movegroup:/home/mk/dev_ws/install/robot_motion_handler_movegroup/lib/python3.10/site-packages:/home/mk/dev_ws/install/my_3d_vision_bringup/local/lib/python3.10/dist-packages:/home/mk/dev_ws/build/gaze_control:/home/mk/dev_ws/install/gaze_control/lib/python3.10/site-packages:/home/mk/dev_ws/build/collision_check:/home/mk/dev_ws/install/collision_check/lib/python3.10/site-packages:/home/mk/dev_ws/build/audio_listener:/home/mk/dev_ws/install/audio_listener/lib/python3.10/site-packages:/opt/ros/humble/lib/python3.10/site-packages:/opt/ros/humble/local/lib/python3.10/dist-packages /usr/bin/cmake --install /home/mk/dev_ws/build/xarm_gazebo
[5.732s] Level 1:colcon.colcon_core.environment:checking '/home/mk/dev_ws/install/xarm_gazebo' for CMake config files
[5.733s] Level 1:colcon.colcon_core.shell:create_environment_hook('xarm_gazebo', 'cmake_prefix_path')
[5.733s] INFO:colcon.colcon_core.shell:Creating environment hook '/home/mk/dev_ws/install/xarm_gazebo/share/xarm_gazebo/hook/cmake_prefix_path.ps1'
[5.733s] INFO:colcon.colcon_core.shell:Creating environment descriptor '/home/mk/dev_ws/install/xarm_gazebo/share/xarm_gazebo/hook/cmake_prefix_path.dsv'
[5.734s] INFO:colcon.colcon_core.shell:Creating environment hook '/home/mk/dev_ws/install/xarm_gazebo/share/xarm_gazebo/hook/cmake_prefix_path.sh'
[5.734s] Level 1:colcon.colcon_core.environment:checking '/home/mk/dev_ws/install/xarm_gazebo/lib'
[5.734s] Level 1:colcon.colcon_core.shell:create_environment_hook('xarm_gazebo', 'ld_library_path_lib')
[5.734s] INFO:colcon.colcon_core.shell:Creating environment hook '/home/mk/dev_ws/install/xarm_gazebo/share/xarm_gazebo/hook/ld_library_path_lib.ps1'
[5.735s] INFO:colcon.colcon_core.shell:Creating environment descriptor '/home/mk/dev_ws/install/xarm_gazebo/share/xarm_gazebo/hook/ld_library_path_lib.dsv'
[5.735s] INFO:colcon.colcon_core.shell:Creating environment hook '/home/mk/dev_ws/install/xarm_gazebo/share/xarm_gazebo/hook/ld_library_path_lib.sh'
[5.735s] Level 1:colcon.colcon_core.environment:checking '/home/mk/dev_ws/install/xarm_gazebo/bin'
[5.735s] Level 1:colcon.colcon_core.environment:checking '/home/mk/dev_ws/install/xarm_gazebo/lib/pkgconfig/xarm_gazebo.pc'
[5.735s] Level 1:colcon.colcon_core.environment:checking '/home/mk/dev_ws/install/xarm_gazebo/lib/python3.10/site-packages'
[5.736s] Level 1:colcon.colcon_core.environment:checking '/home/mk/dev_ws/install/xarm_gazebo/bin'
[5.736s] INFO:colcon.colcon_core.shell:Creating package script '/home/mk/dev_ws/install/xarm_gazebo/share/xarm_gazebo/package.ps1'
[5.736s] INFO:colcon.colcon_core.shell:Creating package descriptor '/home/mk/dev_ws/install/xarm_gazebo/share/xarm_gazebo/package.dsv'
[5.736s] INFO:colcon.colcon_core.shell:Creating package script '/home/mk/dev_ws/install/xarm_gazebo/share/xarm_gazebo/package.sh'
[5.737s] INFO:colcon.colcon_core.shell:Creating package script '/home/mk/dev_ws/install/xarm_gazebo/share/xarm_gazebo/package.bash'
[5.737s] INFO:colcon.colcon_core.shell:Creating package script '/home/mk/dev_ws/install/xarm_gazebo/share/xarm_gazebo/package.zsh'
[5.737s] Level 1:colcon.colcon_core.environment:create_file_with_runtime_dependencies(/home/mk/dev_ws/install/xarm_gazebo/share/colcon-core/packages/xarm_gazebo)
[5.737s] Level 1:colcon.colcon_core.environment:create_environment_scripts_only(xarm_gazebo)
[5.737s] Level 1:colcon.colcon_core.environment:checking '/home/mk/dev_ws/install/xarm_gazebo' for CMake module files
[5.738s] Level 1:colcon.colcon_core.environment:checking '/home/mk/dev_ws/install/xarm_gazebo' for CMake config files
[5.738s] Level 1:colcon.colcon_core.shell:create_environment_hook('xarm_gazebo', 'cmake_prefix_path')
[5.738s] INFO:colcon.colcon_core.shell:Creating environment hook '/home/mk/dev_ws/install/xarm_gazebo/share/xarm_gazebo/hook/cmake_prefix_path.ps1'
[5.738s] INFO:colcon.colcon_core.shell:Creating environment descriptor '/home/mk/dev_ws/install/xarm_gazebo/share/xarm_gazebo/hook/cmake_prefix_path.dsv'
[5.738s] INFO:colcon.colcon_core.shell:Creating environment hook '/home/mk/dev_ws/install/xarm_gazebo/share/xarm_gazebo/hook/cmake_prefix_path.sh'
[5.739s] Level 1:colcon.colcon_core.environment:checking '/home/mk/dev_ws/install/xarm_gazebo/lib'
[5.739s] Level 1:colcon.colcon_core.shell:create_environment_hook('xarm_gazebo', 'ld_library_path_lib')
[5.739s] INFO:colcon.colcon_core.shell:Creating environment hook '/home/mk/dev_ws/install/xarm_gazebo/share/xarm_gazebo/hook/ld_library_path_lib.ps1'
[5.739s] INFO:colcon.colcon_core.shell:Creating environment descriptor '/home/mk/dev_ws/install/xarm_gazebo/share/xarm_gazebo/hook/ld_library_path_lib.dsv'
[5.739s] INFO:colcon.colcon_core.shell:Creating environment hook '/home/mk/dev_ws/install/xarm_gazebo/share/xarm_gazebo/hook/ld_library_path_lib.sh'
[5.739s] Level 1:colcon.colcon_core.environment:checking '/home/mk/dev_ws/install/xarm_gazebo/bin'
[5.739s] Level 1:colcon.colcon_core.environment:checking '/home/mk/dev_ws/install/xarm_gazebo/lib/pkgconfig/xarm_gazebo.pc'
[5.740s] Level 1:colcon.colcon_core.environment:checking '/home/mk/dev_ws/install/xarm_gazebo/lib/python3.10/site-packages'
[5.740s] Level 1:colcon.colcon_core.environment:checking '/home/mk/dev_ws/install/xarm_gazebo/bin'
[5.740s] INFO:colcon.colcon_core.shell:Creating package script '/home/mk/dev_ws/install/xarm_gazebo/share/xarm_gazebo/package.ps1'
[5.740s] INFO:colcon.colcon_core.shell:Creating package descriptor '/home/mk/dev_ws/install/xarm_gazebo/share/xarm_gazebo/package.dsv'
[5.741s] INFO:colcon.colcon_core.shell:Creating package script '/home/mk/dev_ws/install/xarm_gazebo/share/xarm_gazebo/package.sh'
[5.741s] INFO:colcon.colcon_core.shell:Creating package script '/home/mk/dev_ws/install/xarm_gazebo/share/xarm_gazebo/package.bash'
[5.741s] INFO:colcon.colcon_core.shell:Creating package script '/home/mk/dev_ws/install/xarm_gazebo/share/xarm_gazebo/package.zsh'
[5.741s] Level 1:colcon.colcon_core.environment:create_file_with_runtime_dependencies(/home/mk/dev_ws/install/xarm_gazebo/share/colcon-core/packages/xarm_gazebo)
[5.741s] INFO:colcon.colcon_ros.task.ament_cmake.build:Building ROS package in '/home/mk/dev_ws/src/xarm_ros2/xarm_moveit_config' with build type 'ament_cmake'
[5.741s] INFO:colcon.colcon_cmake.task.cmake.build:Building CMake package in '/home/mk/dev_ws/src/xarm_ros2/xarm_moveit_config'
[5.742s] INFO:colcon.colcon_core.shell:Skip shell extension 'powershell' for command environment: Not usable outside of PowerShell
[5.742s] DEBUG:colcon.colcon_core.shell:Skip shell extension 'dsv' for command environment
[5.755s] DEBUG:colcon.colcon_core.event_handler.log_command:Invoking command in '/home/mk/dev_ws/build/xarm_moveit_config': AMENT_PREFIX_PATH=/home/mk/dev_ws/install/uf_ros_lib:/home/mk/dev_ws/install/zed_ros2:/home/mk/dev_ws/install/zed_wrapper:/home/mk/dev_ws/install/zed_components:/home/mk/dev_ws/install/zed_interfaces:/home/mk/dev_ws/install/yolo_object_detector:/home/mk/dev_ws/install/xarm_planner:/home/mk/dev_ws/install/xarm_moveit_servo:/home/mk/dev_ws/install/xarm_moveit_config:/home/mk/dev_ws/install/xarm_gazebo:/home/mk/dev_ws/install/xarm_controller:/home/mk/dev_ws/install/xarm_api:/home/mk/dev_ws/install/xarm_sdk:/home/mk/dev_ws/install/rviz_robot_control_panel:/home/mk/dev_ws/install/move_to_coordinator:/home/mk/dev_ws/install/motion_sequence:/home/mk/dev_ws/install/xarm_msgs:/home/mk/dev_ws/install/xarm_description:/home/mk/dev_ws/install/whisper_demos:/home/mk/dev_ws/install/whisper_bringup:/home/mk/dev_ws/install/whisper_server:/home/mk/dev_ws/install/transcript_manager:/home/mk/dev_ws/install/whisper_util:/home/mk/dev_ws/install/voice_command_listener:/home/mk/dev_ws/install/whisper_idl:/home/mk/dev_ws/install/whisper_cpp_vendor:/home/mk/dev_ws/install/rviz_servo_status_overlay:/home/mk/dev_ws/install/rviz_marker_static_scene_objects:/home/mk/dev_ws/install/robot_motion_handler_movegroup:/home/mk/dev_ws/install/realsense_gazebo_plugin:/home/mk/dev_ws/install/my_3d_vision_bringup:/home/mk/dev_ws/install/mbot_demo:/home/mk/dev_ws/install/gaze_control:/home/mk/dev_ws/install/collision_check:/home/mk/dev_ws/install/audio_listener:/opt/ros/humble CMAKE_PREFIX_PATH=/home/mk/dev_ws/install/xarm_gazebo:/home/mk/dev_ws/install/xarm_controller:/home/mk/dev_ws/install/xarm_api:/home/mk/dev_ws/install/xarm_sdk:/home/mk/dev_ws/install/xarm_msgs:/home/mk/dev_ws/install/xarm_description:/home/mk/dev_ws/install/zed_ros2:/home/mk/dev_ws/install/zed_wrapper:/home/mk/dev_ws/install/zed_components:/home/mk/dev_ws/install/zed_interfaces:/home/mk/dev_ws/install/xarm_planner:/home/mk/dev_ws/install/xarm_moveit_servo:/home/mk/dev_ws/install/xarm_moveit_config:/home/mk/dev_ws/install/rviz_robot_control_panel:/home/mk/dev_ws/install/whisper_bringup:/home/mk/dev_ws/install/whisper_server:/home/mk/dev_ws/install/transcript_manager:/home/mk/dev_ws/install/whisper_util:/home/mk/dev_ws/install/whisper_idl:/home/mk/dev_ws/install/whisper_cpp_vendor:/home/mk/dev_ws/install/realsense_gazebo_plugin:/home/mk/dev_ws/install/my_3d_vision_bringup:/home/mk/dev_ws/install/mbot_demo:/home/mk/dev_ws/install/yolo_object_detector:/home/mk/dev_ws/install/move_to_coordinator:/home/mk/dev_ws/install/motion_sequence:/home/mk/dev_ws/install/whisper_demos:/home/mk/dev_ws/install/voice_command_listener:/home/mk/dev_ws/install/uf_ros_lib:/home/mk/dev_ws/install/rviz_servo_status_overlay:/home/mk/dev_ws/install/rviz_marker_static_scene_objects:/home/mk/dev_ws/install/robot_motion_handler_movegroup:/home/mk/dev_ws/install/gaze_control:/home/mk/dev_ws/install/collision_check:/home/mk/dev_ws/install/audio_listener:/opt/ros/humble LD_LIBRARY_PATH=/home/mk/dev_ws/install/xarm_gazebo/lib:/home/mk/dev_ws/install/xarm_controller/lib:/home/mk/dev_ws/install/xarm_api/lib:/home/mk/dev_ws/install/xarm_sdk/lib:/home/mk/dev_ws/install/xarm_msgs/lib:/usr/local/cuda-12.1/lib64:/home/mk/dev_ws/install/zed_components/lib:/home/mk/dev_ws/install/zed_interfaces/lib:/home/mk/dev_ws/install/xarm_planner/lib:/home/mk/dev_ws/install/xarm_moveit_servo/lib:/home/mk/dev_ws/install/rviz_robot_control_panel/lib:/home/mk/dev_ws/install/whisper_server/lib:/home/mk/dev_ws/install/transcript_manager/lib:/home/mk/dev_ws/install/whisper_util/lib:/home/mk/dev_ws/install/whisper_idl/lib:/home/mk/dev_ws/install/whisper_cpp_vendor/lib:/home/mk/dev_ws/install/realsense_gazebo_plugin/lib:/home/mk/dev_ws/install/my_3d_vision_bringup/lib:/usr/lib/x86_64-linux-gnu/gazebo-11/plugins:/opt/ros/humble/opt/rviz_ogre_vendor/lib:/opt/ros/humble/lib/x86_64-linux-gnu:/opt/ros/humble/lib PYTHONPATH=/home/mk/dev_ws/install/uf_ros_lib/lib/python3.10/site-packages:/home/mk/dev_ws/install/zed_interfaces/local/lib/python3.10/dist-packages:/home/mk/dev_ws/build/yolo_object_detector:/home/mk/dev_ws/install/yolo_object_detector/lib/python3.10/site-packages:/home/mk/dev_ws/build/move_to_coordinator:/home/mk/dev_ws/install/move_to_coordinator/lib/python3.10/site-packages:/home/mk/dev_ws/build/motion_sequence:/home/mk/dev_ws/install/motion_sequence/lib/python3.10/site-packages:/home/mk/dev_ws/install/xarm_msgs/local/lib/python3.10/dist-packages:/home/mk/dev_ws/build/whisper_demos:/home/mk/dev_ws/install/whisper_demos/lib/python3.10/site-packages:/home/mk/dev_ws/build/voice_command_listener:/home/mk/dev_ws/install/voice_command_listener/lib/python3.10/site-packages:/home/mk/dev_ws/install/whisper_idl/local/lib/python3.10/dist-packages:/home/mk/dev_ws/build/uf_ros_lib:/home/mk/dev_ws/build/rviz_servo_status_overlay:/home/mk/dev_ws/install/rviz_servo_status_overlay/lib/python3.10/site-packages:/home/mk/dev_ws/build/rviz_marker_static_scene_objects:/home/mk/dev_ws/install/rviz_marker_static_scene_objects/lib/python3.10/site-packages:/home/mk/dev_ws/build/robot_motion_handler_movegroup:/home/mk/dev_ws/install/robot_motion_handler_movegroup/lib/python3.10/site-packages:/home/mk/dev_ws/install/my_3d_vision_bringup/local/lib/python3.10/dist-packages:/home/mk/dev_ws/build/gaze_control:/home/mk/dev_ws/install/gaze_control/lib/python3.10/site-packages:/home/mk/dev_ws/build/collision_check:/home/mk/dev_ws/install/collision_check/lib/python3.10/site-packages:/home/mk/dev_ws/build/audio_listener:/home/mk/dev_ws/install/audio_listener/lib/python3.10/site-packages:/opt/ros/humble/lib/python3.10/site-packages:/opt/ros/humble/local/lib/python3.10/dist-packages /usr/bin/cmake /home/mk/dev_ws/src/xarm_ros2/xarm_moveit_config -DCMAKE_INSTALL_PREFIX=/home/mk/dev_ws/install/xarm_moveit_config
[5.955s] DEBUG:colcon.colcon_core.event_handler.log_command:Invoked command in '/home/mk/dev_ws/build/xarm_moveit_config' returned '0': AMENT_PREFIX_PATH=/home/mk/dev_ws/install/uf_ros_lib:/home/mk/dev_ws/install/zed_ros2:/home/mk/dev_ws/install/zed_wrapper:/home/mk/dev_ws/install/zed_components:/home/mk/dev_ws/install/zed_interfaces:/home/mk/dev_ws/install/yolo_object_detector:/home/mk/dev_ws/install/xarm_planner:/home/mk/dev_ws/install/xarm_moveit_servo:/home/mk/dev_ws/install/xarm_moveit_config:/home/mk/dev_ws/install/xarm_gazebo:/home/mk/dev_ws/install/xarm_controller:/home/mk/dev_ws/install/xarm_api:/home/mk/dev_ws/install/xarm_sdk:/home/mk/dev_ws/install/rviz_robot_control_panel:/home/mk/dev_ws/install/move_to_coordinator:/home/mk/dev_ws/install/motion_sequence:/home/mk/dev_ws/install/xarm_msgs:/home/mk/dev_ws/install/xarm_description:/home/mk/dev_ws/install/whisper_demos:/home/mk/dev_ws/install/whisper_bringup:/home/mk/dev_ws/install/whisper_server:/home/mk/dev_ws/install/transcript_manager:/home/mk/dev_ws/install/whisper_util:/home/mk/dev_ws/install/voice_command_listener:/home/mk/dev_ws/install/whisper_idl:/home/mk/dev_ws/install/whisper_cpp_vendor:/home/mk/dev_ws/install/rviz_servo_status_overlay:/home/mk/dev_ws/install/rviz_marker_static_scene_objects:/home/mk/dev_ws/install/robot_motion_handler_movegroup:/home/mk/dev_ws/install/realsense_gazebo_plugin:/home/mk/dev_ws/install/my_3d_vision_bringup:/home/mk/dev_ws/install/mbot_demo:/home/mk/dev_ws/install/gaze_control:/home/mk/dev_ws/install/collision_check:/home/mk/dev_ws/install/audio_listener:/opt/ros/humble CMAKE_PREFIX_PATH=/home/mk/dev_ws/install/xarm_gazebo:/home/mk/dev_ws/install/xarm_controller:/home/mk/dev_ws/install/xarm_api:/home/mk/dev_ws/install/xarm_sdk:/home/mk/dev_ws/install/xarm_msgs:/home/mk/dev_ws/install/xarm_description:/home/mk/dev_ws/install/zed_ros2:/home/mk/dev_ws/install/zed_wrapper:/home/mk/dev_ws/install/zed_components:/home/mk/dev_ws/install/zed_interfaces:/home/mk/dev_ws/install/xarm_planner:/home/mk/dev_ws/install/xarm_moveit_servo:/home/mk/dev_ws/install/xarm_moveit_config:/home/mk/dev_ws/install/rviz_robot_control_panel:/home/mk/dev_ws/install/whisper_bringup:/home/mk/dev_ws/install/whisper_server:/home/mk/dev_ws/install/transcript_manager:/home/mk/dev_ws/install/whisper_util:/home/mk/dev_ws/install/whisper_idl:/home/mk/dev_ws/install/whisper_cpp_vendor:/home/mk/dev_ws/install/realsense_gazebo_plugin:/home/mk/dev_ws/install/my_3d_vision_bringup:/home/mk/dev_ws/install/mbot_demo:/home/mk/dev_ws/install/yolo_object_detector:/home/mk/dev_ws/install/move_to_coordinator:/home/mk/dev_ws/install/motion_sequence:/home/mk/dev_ws/install/whisper_demos:/home/mk/dev_ws/install/voice_command_listener:/home/mk/dev_ws/install/uf_ros_lib:/home/mk/dev_ws/install/rviz_servo_status_overlay:/home/mk/dev_ws/install/rviz_marker_static_scene_objects:/home/mk/dev_ws/install/robot_motion_handler_movegroup:/home/mk/dev_ws/install/gaze_control:/home/mk/dev_ws/install/collision_check:/home/mk/dev_ws/install/audio_listener:/opt/ros/humble LD_LIBRARY_PATH=/home/mk/dev_ws/install/xarm_gazebo/lib:/home/mk/dev_ws/install/xarm_controller/lib:/home/mk/dev_ws/install/xarm_api/lib:/home/mk/dev_ws/install/xarm_sdk/lib:/home/mk/dev_ws/install/xarm_msgs/lib:/usr/local/cuda-12.1/lib64:/home/mk/dev_ws/install/zed_components/lib:/home/mk/dev_ws/install/zed_interfaces/lib:/home/mk/dev_ws/install/xarm_planner/lib:/home/mk/dev_ws/install/xarm_moveit_servo/lib:/home/mk/dev_ws/install/rviz_robot_control_panel/lib:/home/mk/dev_ws/install/whisper_server/lib:/home/mk/dev_ws/install/transcript_manager/lib:/home/mk/dev_ws/install/whisper_util/lib:/home/mk/dev_ws/install/whisper_idl/lib:/home/mk/dev_ws/install/whisper_cpp_vendor/lib:/home/mk/dev_ws/install/realsense_gazebo_plugin/lib:/home/mk/dev_ws/install/my_3d_vision_bringup/lib:/usr/lib/x86_64-linux-gnu/gazebo-11/plugins:/opt/ros/humble/opt/rviz_ogre_vendor/lib:/opt/ros/humble/lib/x86_64-linux-gnu:/opt/ros/humble/lib PYTHONPATH=/home/mk/dev_ws/install/uf_ros_lib/lib/python3.10/site-packages:/home/mk/dev_ws/install/zed_interfaces/local/lib/python3.10/dist-packages:/home/mk/dev_ws/build/yolo_object_detector:/home/mk/dev_ws/install/yolo_object_detector/lib/python3.10/site-packages:/home/mk/dev_ws/build/move_to_coordinator:/home/mk/dev_ws/install/move_to_coordinator/lib/python3.10/site-packages:/home/mk/dev_ws/build/motion_sequence:/home/mk/dev_ws/install/motion_sequence/lib/python3.10/site-packages:/home/mk/dev_ws/install/xarm_msgs/local/lib/python3.10/dist-packages:/home/mk/dev_ws/build/whisper_demos:/home/mk/dev_ws/install/whisper_demos/lib/python3.10/site-packages:/home/mk/dev_ws/build/voice_command_listener:/home/mk/dev_ws/install/voice_command_listener/lib/python3.10/site-packages:/home/mk/dev_ws/install/whisper_idl/local/lib/python3.10/dist-packages:/home/mk/dev_ws/build/uf_ros_lib:/home/mk/dev_ws/build/rviz_servo_status_overlay:/home/mk/dev_ws/install/rviz_servo_status_overlay/lib/python3.10/site-packages:/home/mk/dev_ws/build/rviz_marker_static_scene_objects:/home/mk/dev_ws/install/rviz_marker_static_scene_objects/lib/python3.10/site-packages:/home/mk/dev_ws/build/robot_motion_handler_movegroup:/home/mk/dev_ws/install/robot_motion_handler_movegroup/lib/python3.10/site-packages:/home/mk/dev_ws/install/my_3d_vision_bringup/local/lib/python3.10/dist-packages:/home/mk/dev_ws/build/gaze_control:/home/mk/dev_ws/install/gaze_control/lib/python3.10/site-packages:/home/mk/dev_ws/build/collision_check:/home/mk/dev_ws/install/collision_check/lib/python3.10/site-packages:/home/mk/dev_ws/build/audio_listener:/home/mk/dev_ws/install/audio_listener/lib/python3.10/site-packages:/opt/ros/humble/lib/python3.10/site-packages:/opt/ros/humble/local/lib/python3.10/dist-packages /usr/bin/cmake /home/mk/dev_ws/src/xarm_ros2/xarm_moveit_config -DCMAKE_INSTALL_PREFIX=/home/mk/dev_ws/install/xarm_moveit_config
[5.956s] DEBUG:colcon.colcon_core.event_handler.log_command:Invoking command in '/home/mk/dev_ws/build/xarm_moveit_config': AMENT_PREFIX_PATH=/home/mk/dev_ws/install/uf_ros_lib:/home/mk/dev_ws/install/zed_ros2:/home/mk/dev_ws/install/zed_wrapper:/home/mk/dev_ws/install/zed_components:/home/mk/dev_ws/install/zed_interfaces:/home/mk/dev_ws/install/yolo_object_detector:/home/mk/dev_ws/install/xarm_planner:/home/mk/dev_ws/install/xarm_moveit_servo:/home/mk/dev_ws/install/xarm_moveit_config:/home/mk/dev_ws/install/xarm_gazebo:/home/mk/dev_ws/install/xarm_controller:/home/mk/dev_ws/install/xarm_api:/home/mk/dev_ws/install/xarm_sdk:/home/mk/dev_ws/install/rviz_robot_control_panel:/home/mk/dev_ws/install/move_to_coordinator:/home/mk/dev_ws/install/motion_sequence:/home/mk/dev_ws/install/xarm_msgs:/home/mk/dev_ws/install/xarm_description:/home/mk/dev_ws/install/whisper_demos:/home/mk/dev_ws/install/whisper_bringup:/home/mk/dev_ws/install/whisper_server:/home/mk/dev_ws/install/transcript_manager:/home/mk/dev_ws/install/whisper_util:/home/mk/dev_ws/install/voice_command_listener:/home/mk/dev_ws/install/whisper_idl:/home/mk/dev_ws/install/whisper_cpp_vendor:/home/mk/dev_ws/install/rviz_servo_status_overlay:/home/mk/dev_ws/install/rviz_marker_static_scene_objects:/home/mk/dev_ws/install/robot_motion_handler_movegroup:/home/mk/dev_ws/install/realsense_gazebo_plugin:/home/mk/dev_ws/install/my_3d_vision_bringup:/home/mk/dev_ws/install/mbot_demo:/home/mk/dev_ws/install/gaze_control:/home/mk/dev_ws/install/collision_check:/home/mk/dev_ws/install/audio_listener:/opt/ros/humble CMAKE_PREFIX_PATH=/home/mk/dev_ws/install/xarm_gazebo:/home/mk/dev_ws/install/xarm_controller:/home/mk/dev_ws/install/xarm_api:/home/mk/dev_ws/install/xarm_sdk:/home/mk/dev_ws/install/xarm_msgs:/home/mk/dev_ws/install/xarm_description:/home/mk/dev_ws/install/zed_ros2:/home/mk/dev_ws/install/zed_wrapper:/home/mk/dev_ws/install/zed_components:/home/mk/dev_ws/install/zed_interfaces:/home/mk/dev_ws/install/xarm_planner:/home/mk/dev_ws/install/xarm_moveit_servo:/home/mk/dev_ws/install/xarm_moveit_config:/home/mk/dev_ws/install/rviz_robot_control_panel:/home/mk/dev_ws/install/whisper_bringup:/home/mk/dev_ws/install/whisper_server:/home/mk/dev_ws/install/transcript_manager:/home/mk/dev_ws/install/whisper_util:/home/mk/dev_ws/install/whisper_idl:/home/mk/dev_ws/install/whisper_cpp_vendor:/home/mk/dev_ws/install/realsense_gazebo_plugin:/home/mk/dev_ws/install/my_3d_vision_bringup:/home/mk/dev_ws/install/mbot_demo:/home/mk/dev_ws/install/yolo_object_detector:/home/mk/dev_ws/install/move_to_coordinator:/home/mk/dev_ws/install/motion_sequence:/home/mk/dev_ws/install/whisper_demos:/home/mk/dev_ws/install/voice_command_listener:/home/mk/dev_ws/install/uf_ros_lib:/home/mk/dev_ws/install/rviz_servo_status_overlay:/home/mk/dev_ws/install/rviz_marker_static_scene_objects:/home/mk/dev_ws/install/robot_motion_handler_movegroup:/home/mk/dev_ws/install/gaze_control:/home/mk/dev_ws/install/collision_check:/home/mk/dev_ws/install/audio_listener:/opt/ros/humble LD_LIBRARY_PATH=/home/mk/dev_ws/install/xarm_gazebo/lib:/home/mk/dev_ws/install/xarm_controller/lib:/home/mk/dev_ws/install/xarm_api/lib:/home/mk/dev_ws/install/xarm_sdk/lib:/home/mk/dev_ws/install/xarm_msgs/lib:/usr/local/cuda-12.1/lib64:/home/mk/dev_ws/install/zed_components/lib:/home/mk/dev_ws/install/zed_interfaces/lib:/home/mk/dev_ws/install/xarm_planner/lib:/home/mk/dev_ws/install/xarm_moveit_servo/lib:/home/mk/dev_ws/install/rviz_robot_control_panel/lib:/home/mk/dev_ws/install/whisper_server/lib:/home/mk/dev_ws/install/transcript_manager/lib:/home/mk/dev_ws/install/whisper_util/lib:/home/mk/dev_ws/install/whisper_idl/lib:/home/mk/dev_ws/install/whisper_cpp_vendor/lib:/home/mk/dev_ws/install/realsense_gazebo_plugin/lib:/home/mk/dev_ws/install/my_3d_vision_bringup/lib:/usr/lib/x86_64-linux-gnu/gazebo-11/plugins:/opt/ros/humble/opt/rviz_ogre_vendor/lib:/opt/ros/humble/lib/x86_64-linux-gnu:/opt/ros/humble/lib PYTHONPATH=/home/mk/dev_ws/install/uf_ros_lib/lib/python3.10/site-packages:/home/mk/dev_ws/install/zed_interfaces/local/lib/python3.10/dist-packages:/home/mk/dev_ws/build/yolo_object_detector:/home/mk/dev_ws/install/yolo_object_detector/lib/python3.10/site-packages:/home/mk/dev_ws/build/move_to_coordinator:/home/mk/dev_ws/install/move_to_coordinator/lib/python3.10/site-packages:/home/mk/dev_ws/build/motion_sequence:/home/mk/dev_ws/install/motion_sequence/lib/python3.10/site-packages:/home/mk/dev_ws/install/xarm_msgs/local/lib/python3.10/dist-packages:/home/mk/dev_ws/build/whisper_demos:/home/mk/dev_ws/install/whisper_demos/lib/python3.10/site-packages:/home/mk/dev_ws/build/voice_command_listener:/home/mk/dev_ws/install/voice_command_listener/lib/python3.10/site-packages:/home/mk/dev_ws/install/whisper_idl/local/lib/python3.10/dist-packages:/home/mk/dev_ws/build/uf_ros_lib:/home/mk/dev_ws/build/rviz_servo_status_overlay:/home/mk/dev_ws/install/rviz_servo_status_overlay/lib/python3.10/site-packages:/home/mk/dev_ws/build/rviz_marker_static_scene_objects:/home/mk/dev_ws/install/rviz_marker_static_scene_objects/lib/python3.10/site-packages:/home/mk/dev_ws/build/robot_motion_handler_movegroup:/home/mk/dev_ws/install/robot_motion_handler_movegroup/lib/python3.10/site-packages:/home/mk/dev_ws/install/my_3d_vision_bringup/local/lib/python3.10/dist-packages:/home/mk/dev_ws/build/gaze_control:/home/mk/dev_ws/install/gaze_control/lib/python3.10/site-packages:/home/mk/dev_ws/build/collision_check:/home/mk/dev_ws/install/collision_check/lib/python3.10/site-packages:/home/mk/dev_ws/build/audio_listener:/home/mk/dev_ws/install/audio_listener/lib/python3.10/site-packages:/opt/ros/humble/lib/python3.10/site-packages:/opt/ros/humble/local/lib/python3.10/dist-packages /usr/bin/cmake --build /home/mk/dev_ws/build/xarm_moveit_config -- -j16 -l16
[5.981s] DEBUG:colcon.colcon_core.event_handler.log_command:Invoked command in '/home/mk/dev_ws/build/xarm_moveit_config' returned '0': AMENT_PREFIX_PATH=/home/mk/dev_ws/install/uf_ros_lib:/home/mk/dev_ws/install/zed_ros2:/home/mk/dev_ws/install/zed_wrapper:/home/mk/dev_ws/install/zed_components:/home/mk/dev_ws/install/zed_interfaces:/home/mk/dev_ws/install/yolo_object_detector:/home/mk/dev_ws/install/xarm_planner:/home/mk/dev_ws/install/xarm_moveit_servo:/home/mk/dev_ws/install/xarm_moveit_config:/home/mk/dev_ws/install/xarm_gazebo:/home/mk/dev_ws/install/xarm_controller:/home/mk/dev_ws/install/xarm_api:/home/mk/dev_ws/install/xarm_sdk:/home/mk/dev_ws/install/rviz_robot_control_panel:/home/mk/dev_ws/install/move_to_coordinator:/home/mk/dev_ws/install/motion_sequence:/home/mk/dev_ws/install/xarm_msgs:/home/mk/dev_ws/install/xarm_description:/home/mk/dev_ws/install/whisper_demos:/home/mk/dev_ws/install/whisper_bringup:/home/mk/dev_ws/install/whisper_server:/home/mk/dev_ws/install/transcript_manager:/home/mk/dev_ws/install/whisper_util:/home/mk/dev_ws/install/voice_command_listener:/home/mk/dev_ws/install/whisper_idl:/home/mk/dev_ws/install/whisper_cpp_vendor:/home/mk/dev_ws/install/rviz_servo_status_overlay:/home/mk/dev_ws/install/rviz_marker_static_scene_objects:/home/mk/dev_ws/install/robot_motion_handler_movegroup:/home/mk/dev_ws/install/realsense_gazebo_plugin:/home/mk/dev_ws/install/my_3d_vision_bringup:/home/mk/dev_ws/install/mbot_demo:/home/mk/dev_ws/install/gaze_control:/home/mk/dev_ws/install/collision_check:/home/mk/dev_ws/install/audio_listener:/opt/ros/humble CMAKE_PREFIX_PATH=/home/mk/dev_ws/install/xarm_gazebo:/home/mk/dev_ws/install/xarm_controller:/home/mk/dev_ws/install/xarm_api:/home/mk/dev_ws/install/xarm_sdk:/home/mk/dev_ws/install/xarm_msgs:/home/mk/dev_ws/install/xarm_description:/home/mk/dev_ws/install/zed_ros2:/home/mk/dev_ws/install/zed_wrapper:/home/mk/dev_ws/install/zed_components:/home/mk/dev_ws/install/zed_interfaces:/home/mk/dev_ws/install/xarm_planner:/home/mk/dev_ws/install/xarm_moveit_servo:/home/mk/dev_ws/install/xarm_moveit_config:/home/mk/dev_ws/install/rviz_robot_control_panel:/home/mk/dev_ws/install/whisper_bringup:/home/mk/dev_ws/install/whisper_server:/home/mk/dev_ws/install/transcript_manager:/home/mk/dev_ws/install/whisper_util:/home/mk/dev_ws/install/whisper_idl:/home/mk/dev_ws/install/whisper_cpp_vendor:/home/mk/dev_ws/install/realsense_gazebo_plugin:/home/mk/dev_ws/install/my_3d_vision_bringup:/home/mk/dev_ws/install/mbot_demo:/home/mk/dev_ws/install/yolo_object_detector:/home/mk/dev_ws/install/move_to_coordinator:/home/mk/dev_ws/install/motion_sequence:/home/mk/dev_ws/install/whisper_demos:/home/mk/dev_ws/install/voice_command_listener:/home/mk/dev_ws/install/uf_ros_lib:/home/mk/dev_ws/install/rviz_servo_status_overlay:/home/mk/dev_ws/install/rviz_marker_static_scene_objects:/home/mk/dev_ws/install/robot_motion_handler_movegroup:/home/mk/dev_ws/install/gaze_control:/home/mk/dev_ws/install/collision_check:/home/mk/dev_ws/install/audio_listener:/opt/ros/humble LD_LIBRARY_PATH=/home/mk/dev_ws/install/xarm_gazebo/lib:/home/mk/dev_ws/install/xarm_controller/lib:/home/mk/dev_ws/install/xarm_api/lib:/home/mk/dev_ws/install/xarm_sdk/lib:/home/mk/dev_ws/install/xarm_msgs/lib:/usr/local/cuda-12.1/lib64:/home/mk/dev_ws/install/zed_components/lib:/home/mk/dev_ws/install/zed_interfaces/lib:/home/mk/dev_ws/install/xarm_planner/lib:/home/mk/dev_ws/install/xarm_moveit_servo/lib:/home/mk/dev_ws/install/rviz_robot_control_panel/lib:/home/mk/dev_ws/install/whisper_server/lib:/home/mk/dev_ws/install/transcript_manager/lib:/home/mk/dev_ws/install/whisper_util/lib:/home/mk/dev_ws/install/whisper_idl/lib:/home/mk/dev_ws/install/whisper_cpp_vendor/lib:/home/mk/dev_ws/install/realsense_gazebo_plugin/lib:/home/mk/dev_ws/install/my_3d_vision_bringup/lib:/usr/lib/x86_64-linux-gnu/gazebo-11/plugins:/opt/ros/humble/opt/rviz_ogre_vendor/lib:/opt/ros/humble/lib/x86_64-linux-gnu:/opt/ros/humble/lib PYTHONPATH=/home/mk/dev_ws/install/uf_ros_lib/lib/python3.10/site-packages:/home/mk/dev_ws/install/zed_interfaces/local/lib/python3.10/dist-packages:/home/mk/dev_ws/build/yolo_object_detector:/home/mk/dev_ws/install/yolo_object_detector/lib/python3.10/site-packages:/home/mk/dev_ws/build/move_to_coordinator:/home/mk/dev_ws/install/move_to_coordinator/lib/python3.10/site-packages:/home/mk/dev_ws/build/motion_sequence:/home/mk/dev_ws/install/motion_sequence/lib/python3.10/site-packages:/home/mk/dev_ws/install/xarm_msgs/local/lib/python3.10/dist-packages:/home/mk/dev_ws/build/whisper_demos:/home/mk/dev_ws/install/whisper_demos/lib/python3.10/site-packages:/home/mk/dev_ws/build/voice_command_listener:/home/mk/dev_ws/install/voice_command_listener/lib/python3.10/site-packages:/home/mk/dev_ws/install/whisper_idl/local/lib/python3.10/dist-packages:/home/mk/dev_ws/build/uf_ros_lib:/home/mk/dev_ws/build/rviz_servo_status_overlay:/home/mk/dev_ws/install/rviz_servo_status_overlay/lib/python3.10/site-packages:/home/mk/dev_ws/build/rviz_marker_static_scene_objects:/home/mk/dev_ws/install/rviz_marker_static_scene_objects/lib/python3.10/site-packages:/home/mk/dev_ws/build/robot_motion_handler_movegroup:/home/mk/dev_ws/install/robot_motion_handler_movegroup/lib/python3.10/site-packages:/home/mk/dev_ws/install/my_3d_vision_bringup/local/lib/python3.10/dist-packages:/home/mk/dev_ws/build/gaze_control:/home/mk/dev_ws/install/gaze_control/lib/python3.10/site-packages:/home/mk/dev_ws/build/collision_check:/home/mk/dev_ws/install/collision_check/lib/python3.10/site-packages:/home/mk/dev_ws/build/audio_listener:/home/mk/dev_ws/install/audio_listener/lib/python3.10/site-packages:/opt/ros/humble/lib/python3.10/site-packages:/opt/ros/humble/local/lib/python3.10/dist-packages /usr/bin/cmake --build /home/mk/dev_ws/build/xarm_moveit_config -- -j16 -l16
[5.982s] DEBUG:colcon.colcon_core.event_handler.log_command:Invoking command in '/home/mk/dev_ws/build/xarm_moveit_config': AMENT_PREFIX_PATH=/home/mk/dev_ws/install/uf_ros_lib:/home/mk/dev_ws/install/zed_ros2:/home/mk/dev_ws/install/zed_wrapper:/home/mk/dev_ws/install/zed_components:/home/mk/dev_ws/install/zed_interfaces:/home/mk/dev_ws/install/yolo_object_detector:/home/mk/dev_ws/install/xarm_planner:/home/mk/dev_ws/install/xarm_moveit_servo:/home/mk/dev_ws/install/xarm_moveit_config:/home/mk/dev_ws/install/xarm_gazebo:/home/mk/dev_ws/install/xarm_controller:/home/mk/dev_ws/install/xarm_api:/home/mk/dev_ws/install/xarm_sdk:/home/mk/dev_ws/install/rviz_robot_control_panel:/home/mk/dev_ws/install/move_to_coordinator:/home/mk/dev_ws/install/motion_sequence:/home/mk/dev_ws/install/xarm_msgs:/home/mk/dev_ws/install/xarm_description:/home/mk/dev_ws/install/whisper_demos:/home/mk/dev_ws/install/whisper_bringup:/home/mk/dev_ws/install/whisper_server:/home/mk/dev_ws/install/transcript_manager:/home/mk/dev_ws/install/whisper_util:/home/mk/dev_ws/install/voice_command_listener:/home/mk/dev_ws/install/whisper_idl:/home/mk/dev_ws/install/whisper_cpp_vendor:/home/mk/dev_ws/install/rviz_servo_status_overlay:/home/mk/dev_ws/install/rviz_marker_static_scene_objects:/home/mk/dev_ws/install/robot_motion_handler_movegroup:/home/mk/dev_ws/install/realsense_gazebo_plugin:/home/mk/dev_ws/install/my_3d_vision_bringup:/home/mk/dev_ws/install/mbot_demo:/home/mk/dev_ws/install/gaze_control:/home/mk/dev_ws/install/collision_check:/home/mk/dev_ws/install/audio_listener:/opt/ros/humble CMAKE_PREFIX_PATH=/home/mk/dev_ws/install/xarm_gazebo:/home/mk/dev_ws/install/xarm_controller:/home/mk/dev_ws/install/xarm_api:/home/mk/dev_ws/install/xarm_sdk:/home/mk/dev_ws/install/xarm_msgs:/home/mk/dev_ws/install/xarm_description:/home/mk/dev_ws/install/zed_ros2:/home/mk/dev_ws/install/zed_wrapper:/home/mk/dev_ws/install/zed_components:/home/mk/dev_ws/install/zed_interfaces:/home/mk/dev_ws/install/xarm_planner:/home/mk/dev_ws/install/xarm_moveit_servo:/home/mk/dev_ws/install/xarm_moveit_config:/home/mk/dev_ws/install/rviz_robot_control_panel:/home/mk/dev_ws/install/whisper_bringup:/home/mk/dev_ws/install/whisper_server:/home/mk/dev_ws/install/transcript_manager:/home/mk/dev_ws/install/whisper_util:/home/mk/dev_ws/install/whisper_idl:/home/mk/dev_ws/install/whisper_cpp_vendor:/home/mk/dev_ws/install/realsense_gazebo_plugin:/home/mk/dev_ws/install/my_3d_vision_bringup:/home/mk/dev_ws/install/mbot_demo:/home/mk/dev_ws/install/yolo_object_detector:/home/mk/dev_ws/install/move_to_coordinator:/home/mk/dev_ws/install/motion_sequence:/home/mk/dev_ws/install/whisper_demos:/home/mk/dev_ws/install/voice_command_listener:/home/mk/dev_ws/install/uf_ros_lib:/home/mk/dev_ws/install/rviz_servo_status_overlay:/home/mk/dev_ws/install/rviz_marker_static_scene_objects:/home/mk/dev_ws/install/robot_motion_handler_movegroup:/home/mk/dev_ws/install/gaze_control:/home/mk/dev_ws/install/collision_check:/home/mk/dev_ws/install/audio_listener:/opt/ros/humble LD_LIBRARY_PATH=/home/mk/dev_ws/install/xarm_gazebo/lib:/home/mk/dev_ws/install/xarm_controller/lib:/home/mk/dev_ws/install/xarm_api/lib:/home/mk/dev_ws/install/xarm_sdk/lib:/home/mk/dev_ws/install/xarm_msgs/lib:/usr/local/cuda-12.1/lib64:/home/mk/dev_ws/install/zed_components/lib:/home/mk/dev_ws/install/zed_interfaces/lib:/home/mk/dev_ws/install/xarm_planner/lib:/home/mk/dev_ws/install/xarm_moveit_servo/lib:/home/mk/dev_ws/install/rviz_robot_control_panel/lib:/home/mk/dev_ws/install/whisper_server/lib:/home/mk/dev_ws/install/transcript_manager/lib:/home/mk/dev_ws/install/whisper_util/lib:/home/mk/dev_ws/install/whisper_idl/lib:/home/mk/dev_ws/install/whisper_cpp_vendor/lib:/home/mk/dev_ws/install/realsense_gazebo_plugin/lib:/home/mk/dev_ws/install/my_3d_vision_bringup/lib:/usr/lib/x86_64-linux-gnu/gazebo-11/plugins:/opt/ros/humble/opt/rviz_ogre_vendor/lib:/opt/ros/humble/lib/x86_64-linux-gnu:/opt/ros/humble/lib PYTHONPATH=/home/mk/dev_ws/install/uf_ros_lib/lib/python3.10/site-packages:/home/mk/dev_ws/install/zed_interfaces/local/lib/python3.10/dist-packages:/home/mk/dev_ws/build/yolo_object_detector:/home/mk/dev_ws/install/yolo_object_detector/lib/python3.10/site-packages:/home/mk/dev_ws/build/move_to_coordinator:/home/mk/dev_ws/install/move_to_coordinator/lib/python3.10/site-packages:/home/mk/dev_ws/build/motion_sequence:/home/mk/dev_ws/install/motion_sequence/lib/python3.10/site-packages:/home/mk/dev_ws/install/xarm_msgs/local/lib/python3.10/dist-packages:/home/mk/dev_ws/build/whisper_demos:/home/mk/dev_ws/install/whisper_demos/lib/python3.10/site-packages:/home/mk/dev_ws/build/voice_command_listener:/home/mk/dev_ws/install/voice_command_listener/lib/python3.10/site-packages:/home/mk/dev_ws/install/whisper_idl/local/lib/python3.10/dist-packages:/home/mk/dev_ws/build/uf_ros_lib:/home/mk/dev_ws/build/rviz_servo_status_overlay:/home/mk/dev_ws/install/rviz_servo_status_overlay/lib/python3.10/site-packages:/home/mk/dev_ws/build/rviz_marker_static_scene_objects:/home/mk/dev_ws/install/rviz_marker_static_scene_objects/lib/python3.10/site-packages:/home/mk/dev_ws/build/robot_motion_handler_movegroup:/home/mk/dev_ws/install/robot_motion_handler_movegroup/lib/python3.10/site-packages:/home/mk/dev_ws/install/my_3d_vision_bringup/local/lib/python3.10/dist-packages:/home/mk/dev_ws/build/gaze_control:/home/mk/dev_ws/install/gaze_control/lib/python3.10/site-packages:/home/mk/dev_ws/build/collision_check:/home/mk/dev_ws/install/collision_check/lib/python3.10/site-packages:/home/mk/dev_ws/build/audio_listener:/home/mk/dev_ws/install/audio_listener/lib/python3.10/site-packages:/opt/ros/humble/lib/python3.10/site-packages:/opt/ros/humble/local/lib/python3.10/dist-packages /usr/bin/cmake --install /home/mk/dev_ws/build/xarm_moveit_config
[6.001s] Level 1:colcon.colcon_core.environment:create_environment_scripts_only(xarm_moveit_config)
[6.001s] Level 1:colcon.colcon_core.environment:checking '/home/mk/dev_ws/install/xarm_moveit_config' for CMake module files
[6.001s] DEBUG:colcon.colcon_core.event_handler.log_command:Invoked command in '/home/mk/dev_ws/build/xarm_moveit_config' returned '0': AMENT_PREFIX_PATH=/home/mk/dev_ws/install/uf_ros_lib:/home/mk/dev_ws/install/zed_ros2:/home/mk/dev_ws/install/zed_wrapper:/home/mk/dev_ws/install/zed_components:/home/mk/dev_ws/install/zed_interfaces:/home/mk/dev_ws/install/yolo_object_detector:/home/mk/dev_ws/install/xarm_planner:/home/mk/dev_ws/install/xarm_moveit_servo:/home/mk/dev_ws/install/xarm_moveit_config:/home/mk/dev_ws/install/xarm_gazebo:/home/mk/dev_ws/install/xarm_controller:/home/mk/dev_ws/install/xarm_api:/home/mk/dev_ws/install/xarm_sdk:/home/mk/dev_ws/install/rviz_robot_control_panel:/home/mk/dev_ws/install/move_to_coordinator:/home/mk/dev_ws/install/motion_sequence:/home/mk/dev_ws/install/xarm_msgs:/home/mk/dev_ws/install/xarm_description:/home/mk/dev_ws/install/whisper_demos:/home/mk/dev_ws/install/whisper_bringup:/home/mk/dev_ws/install/whisper_server:/home/mk/dev_ws/install/transcript_manager:/home/mk/dev_ws/install/whisper_util:/home/mk/dev_ws/install/voice_command_listener:/home/mk/dev_ws/install/whisper_idl:/home/mk/dev_ws/install/whisper_cpp_vendor:/home/mk/dev_ws/install/rviz_servo_status_overlay:/home/mk/dev_ws/install/rviz_marker_static_scene_objects:/home/mk/dev_ws/install/robot_motion_handler_movegroup:/home/mk/dev_ws/install/realsense_gazebo_plugin:/home/mk/dev_ws/install/my_3d_vision_bringup:/home/mk/dev_ws/install/mbot_demo:/home/mk/dev_ws/install/gaze_control:/home/mk/dev_ws/install/collision_check:/home/mk/dev_ws/install/audio_listener:/opt/ros/humble CMAKE_PREFIX_PATH=/home/mk/dev_ws/install/xarm_gazebo:/home/mk/dev_ws/install/xarm_controller:/home/mk/dev_ws/install/xarm_api:/home/mk/dev_ws/install/xarm_sdk:/home/mk/dev_ws/install/xarm_msgs:/home/mk/dev_ws/install/xarm_description:/home/mk/dev_ws/install/zed_ros2:/home/mk/dev_ws/install/zed_wrapper:/home/mk/dev_ws/install/zed_components:/home/mk/dev_ws/install/zed_interfaces:/home/mk/dev_ws/install/xarm_planner:/home/mk/dev_ws/install/xarm_moveit_servo:/home/mk/dev_ws/install/xarm_moveit_config:/home/mk/dev_ws/install/rviz_robot_control_panel:/home/mk/dev_ws/install/whisper_bringup:/home/mk/dev_ws/install/whisper_server:/home/mk/dev_ws/install/transcript_manager:/home/mk/dev_ws/install/whisper_util:/home/mk/dev_ws/install/whisper_idl:/home/mk/dev_ws/install/whisper_cpp_vendor:/home/mk/dev_ws/install/realsense_gazebo_plugin:/home/mk/dev_ws/install/my_3d_vision_bringup:/home/mk/dev_ws/install/mbot_demo:/home/mk/dev_ws/install/yolo_object_detector:/home/mk/dev_ws/install/move_to_coordinator:/home/mk/dev_ws/install/motion_sequence:/home/mk/dev_ws/install/whisper_demos:/home/mk/dev_ws/install/voice_command_listener:/home/mk/dev_ws/install/uf_ros_lib:/home/mk/dev_ws/install/rviz_servo_status_overlay:/home/mk/dev_ws/install/rviz_marker_static_scene_objects:/home/mk/dev_ws/install/robot_motion_handler_movegroup:/home/mk/dev_ws/install/gaze_control:/home/mk/dev_ws/install/collision_check:/home/mk/dev_ws/install/audio_listener:/opt/ros/humble LD_LIBRARY_PATH=/home/mk/dev_ws/install/xarm_gazebo/lib:/home/mk/dev_ws/install/xarm_controller/lib:/home/mk/dev_ws/install/xarm_api/lib:/home/mk/dev_ws/install/xarm_sdk/lib:/home/mk/dev_ws/install/xarm_msgs/lib:/usr/local/cuda-12.1/lib64:/home/mk/dev_ws/install/zed_components/lib:/home/mk/dev_ws/install/zed_interfaces/lib:/home/mk/dev_ws/install/xarm_planner/lib:/home/mk/dev_ws/install/xarm_moveit_servo/lib:/home/mk/dev_ws/install/rviz_robot_control_panel/lib:/home/mk/dev_ws/install/whisper_server/lib:/home/mk/dev_ws/install/transcript_manager/lib:/home/mk/dev_ws/install/whisper_util/lib:/home/mk/dev_ws/install/whisper_idl/lib:/home/mk/dev_ws/install/whisper_cpp_vendor/lib:/home/mk/dev_ws/install/realsense_gazebo_plugin/lib:/home/mk/dev_ws/install/my_3d_vision_bringup/lib:/usr/lib/x86_64-linux-gnu/gazebo-11/plugins:/opt/ros/humble/opt/rviz_ogre_vendor/lib:/opt/ros/humble/lib/x86_64-linux-gnu:/opt/ros/humble/lib PYTHONPATH=/home/mk/dev_ws/install/uf_ros_lib/lib/python3.10/site-packages:/home/mk/dev_ws/install/zed_interfaces/local/lib/python3.10/dist-packages:/home/mk/dev_ws/build/yolo_object_detector:/home/mk/dev_ws/install/yolo_object_detector/lib/python3.10/site-packages:/home/mk/dev_ws/build/move_to_coordinator:/home/mk/dev_ws/install/move_to_coordinator/lib/python3.10/site-packages:/home/mk/dev_ws/build/motion_sequence:/home/mk/dev_ws/install/motion_sequence/lib/python3.10/site-packages:/home/mk/dev_ws/install/xarm_msgs/local/lib/python3.10/dist-packages:/home/mk/dev_ws/build/whisper_demos:/home/mk/dev_ws/install/whisper_demos/lib/python3.10/site-packages:/home/mk/dev_ws/build/voice_command_listener:/home/mk/dev_ws/install/voice_command_listener/lib/python3.10/site-packages:/home/mk/dev_ws/install/whisper_idl/local/lib/python3.10/dist-packages:/home/mk/dev_ws/build/uf_ros_lib:/home/mk/dev_ws/build/rviz_servo_status_overlay:/home/mk/dev_ws/install/rviz_servo_status_overlay/lib/python3.10/site-packages:/home/mk/dev_ws/build/rviz_marker_static_scene_objects:/home/mk/dev_ws/install/rviz_marker_static_scene_objects/lib/python3.10/site-packages:/home/mk/dev_ws/build/robot_motion_handler_movegroup:/home/mk/dev_ws/install/robot_motion_handler_movegroup/lib/python3.10/site-packages:/home/mk/dev_ws/install/my_3d_vision_bringup/local/lib/python3.10/dist-packages:/home/mk/dev_ws/build/gaze_control:/home/mk/dev_ws/install/gaze_control/lib/python3.10/site-packages:/home/mk/dev_ws/build/collision_check:/home/mk/dev_ws/install/collision_check/lib/python3.10/site-packages:/home/mk/dev_ws/build/audio_listener:/home/mk/dev_ws/install/audio_listener/lib/python3.10/site-packages:/opt/ros/humble/lib/python3.10/site-packages:/opt/ros/humble/local/lib/python3.10/dist-packages /usr/bin/cmake --install /home/mk/dev_ws/build/xarm_moveit_config
[6.002s] Level 1:colcon.colcon_core.environment:checking '/home/mk/dev_ws/install/xarm_moveit_config' for CMake config files
[6.002s] Level 1:colcon.colcon_core.shell:create_environment_hook('xarm_moveit_config', 'cmake_prefix_path')
[6.003s] INFO:colcon.colcon_core.shell:Creating environment hook '/home/mk/dev_ws/install/xarm_moveit_config/share/xarm_moveit_config/hook/cmake_prefix_path.ps1'
[6.003s] INFO:colcon.colcon_core.shell:Creating environment descriptor '/home/mk/dev_ws/install/xarm_moveit_config/share/xarm_moveit_config/hook/cmake_prefix_path.dsv'
[6.003s] INFO:colcon.colcon_core.shell:Creating environment hook '/home/mk/dev_ws/install/xarm_moveit_config/share/xarm_moveit_config/hook/cmake_prefix_path.sh'
[6.004s] Level 1:colcon.colcon_core.environment:checking '/home/mk/dev_ws/install/xarm_moveit_config/bin'
[6.004s] Level 1:colcon.colcon_core.environment:checking '/home/mk/dev_ws/install/xarm_moveit_config/lib/pkgconfig/xarm_moveit_config.pc'
[6.004s] Level 1:colcon.colcon_core.environment:checking '/home/mk/dev_ws/install/xarm_moveit_config/lib/python3.10/site-packages'
[6.004s] Level 1:colcon.colcon_core.environment:checking '/home/mk/dev_ws/install/xarm_moveit_config/bin'
[6.004s] INFO:colcon.colcon_core.shell:Creating package script '/home/mk/dev_ws/install/xarm_moveit_config/share/xarm_moveit_config/package.ps1'
[6.005s] INFO:colcon.colcon_core.shell:Creating package descriptor '/home/mk/dev_ws/install/xarm_moveit_config/share/xarm_moveit_config/package.dsv'
[6.005s] INFO:colcon.colcon_core.shell:Creating package script '/home/mk/dev_ws/install/xarm_moveit_config/share/xarm_moveit_config/package.sh'
[6.005s] INFO:colcon.colcon_core.shell:Creating package script '/home/mk/dev_ws/install/xarm_moveit_config/share/xarm_moveit_config/package.bash'
[6.006s] INFO:colcon.colcon_core.shell:Creating package script '/home/mk/dev_ws/install/xarm_moveit_config/share/xarm_moveit_config/package.zsh'
[6.006s] Level 1:colcon.colcon_core.environment:create_file_with_runtime_dependencies(/home/mk/dev_ws/install/xarm_moveit_config/share/colcon-core/packages/xarm_moveit_config)
[6.006s] Level 1:colcon.colcon_core.environment:create_environment_scripts_only(xarm_moveit_config)
[6.006s] Level 1:colcon.colcon_core.environment:checking '/home/mk/dev_ws/install/xarm_moveit_config' for CMake module files
[6.007s] Level 1:colcon.colcon_core.environment:checking '/home/mk/dev_ws/install/xarm_moveit_config' for CMake config files
[6.007s] Level 1:colcon.colcon_core.shell:create_environment_hook('xarm_moveit_config', 'cmake_prefix_path')
[6.008s] INFO:colcon.colcon_core.shell:Creating environment hook '/home/mk/dev_ws/install/xarm_moveit_config/share/xarm_moveit_config/hook/cmake_prefix_path.ps1'
[6.008s] INFO:colcon.colcon_core.shell:Creating environment descriptor '/home/mk/dev_ws/install/xarm_moveit_config/share/xarm_moveit_config/hook/cmake_prefix_path.dsv'
[6.008s] INFO:colcon.colcon_core.shell:Creating environment hook '/home/mk/dev_ws/install/xarm_moveit_config/share/xarm_moveit_config/hook/cmake_prefix_path.sh'
[6.008s] Level 1:colcon.colcon_core.environment:checking '/home/mk/dev_ws/install/xarm_moveit_config/bin'
[6.008s] Level 1:colcon.colcon_core.environment:checking '/home/mk/dev_ws/install/xarm_moveit_config/lib/pkgconfig/xarm_moveit_config.pc'
[6.009s] Level 1:colcon.colcon_core.environment:checking '/home/mk/dev_ws/install/xarm_moveit_config/lib/python3.10/site-packages'
[6.009s] Level 1:colcon.colcon_core.environment:checking '/home/mk/dev_ws/install/xarm_moveit_config/bin'
[6.009s] INFO:colcon.colcon_core.shell:Creating package script '/home/mk/dev_ws/install/xarm_moveit_config/share/xarm_moveit_config/package.ps1'
[6.010s] INFO:colcon.colcon_core.shell:Creating package descriptor '/home/mk/dev_ws/install/xarm_moveit_config/share/xarm_moveit_config/package.dsv'
[6.010s] INFO:colcon.colcon_core.shell:Creating package script '/home/mk/dev_ws/install/xarm_moveit_config/share/xarm_moveit_config/package.sh'
[6.010s] INFO:colcon.colcon_core.shell:Creating package script '/home/mk/dev_ws/install/xarm_moveit_config/share/xarm_moveit_config/package.bash'
[6.010s] INFO:colcon.colcon_core.shell:Creating package script '/home/mk/dev_ws/install/xarm_moveit_config/share/xarm_moveit_config/package.zsh'
[6.011s] Level 1:colcon.colcon_core.environment:create_file_with_runtime_dependencies(/home/mk/dev_ws/install/xarm_moveit_config/share/colcon-core/packages/xarm_moveit_config)
[6.011s] INFO:colcon.colcon_ros.task.ament_cmake.build:Building ROS package in '/home/mk/dev_ws/src/xarm_ros2/xarm_moveit_servo' with build type 'ament_cmake'
[6.011s] INFO:colcon.colcon_cmake.task.cmake.build:Building CMake package in '/home/mk/dev_ws/src/xarm_ros2/xarm_moveit_servo'
[6.011s] INFO:colcon.colcon_core.shell:Skip shell extension 'powershell' for command environment: Not usable outside of PowerShell
[6.011s] DEBUG:colcon.colcon_core.shell:Skip shell extension 'dsv' for command environment
[6.015s] INFO:colcon.colcon_ros.task.ament_cmake.build:Building ROS package in '/home/mk/dev_ws/src/xarm_ros2/xarm_planner' with build type 'ament_cmake'
[6.015s] INFO:colcon.colcon_cmake.task.cmake.build:Building CMake package in '/home/mk/dev_ws/src/xarm_ros2/xarm_planner'
[6.015s] INFO:colcon.colcon_core.shell:Skip shell extension 'powershell' for command environment: Not usable outside of PowerShell
[6.015s] DEBUG:colcon.colcon_core.shell:Skip shell extension 'dsv' for command environment
[6.027s] DEBUG:colcon.colcon_core.event_handler.log_command:Invoking command in '/home/mk/dev_ws/build/xarm_moveit_servo': AMENT_PREFIX_PATH=/home/mk/dev_ws/install/uf_ros_lib:/home/mk/dev_ws/install/zed_ros2:/home/mk/dev_ws/install/zed_wrapper:/home/mk/dev_ws/install/zed_components:/home/mk/dev_ws/install/zed_interfaces:/home/mk/dev_ws/install/yolo_object_detector:/home/mk/dev_ws/install/xarm_planner:/home/mk/dev_ws/install/xarm_moveit_servo:/home/mk/dev_ws/install/xarm_moveit_config:/home/mk/dev_ws/install/xarm_gazebo:/home/mk/dev_ws/install/xarm_controller:/home/mk/dev_ws/install/xarm_api:/home/mk/dev_ws/install/xarm_sdk:/home/mk/dev_ws/install/rviz_robot_control_panel:/home/mk/dev_ws/install/move_to_coordinator:/home/mk/dev_ws/install/motion_sequence:/home/mk/dev_ws/install/xarm_msgs:/home/mk/dev_ws/install/xarm_description:/home/mk/dev_ws/install/whisper_demos:/home/mk/dev_ws/install/whisper_bringup:/home/mk/dev_ws/install/whisper_server:/home/mk/dev_ws/install/transcript_manager:/home/mk/dev_ws/install/whisper_util:/home/mk/dev_ws/install/voice_command_listener:/home/mk/dev_ws/install/whisper_idl:/home/mk/dev_ws/install/whisper_cpp_vendor:/home/mk/dev_ws/install/rviz_servo_status_overlay:/home/mk/dev_ws/install/rviz_marker_static_scene_objects:/home/mk/dev_ws/install/robot_motion_handler_movegroup:/home/mk/dev_ws/install/realsense_gazebo_plugin:/home/mk/dev_ws/install/my_3d_vision_bringup:/home/mk/dev_ws/install/mbot_demo:/home/mk/dev_ws/install/gaze_control:/home/mk/dev_ws/install/collision_check:/home/mk/dev_ws/install/audio_listener:/opt/ros/humble CMAKE_PREFIX_PATH=/home/mk/dev_ws/install/xarm_moveit_config:/home/mk/dev_ws/install/xarm_gazebo:/home/mk/dev_ws/install/xarm_controller:/home/mk/dev_ws/install/xarm_api:/home/mk/dev_ws/install/xarm_sdk:/home/mk/dev_ws/install/xarm_msgs:/home/mk/dev_ws/install/xarm_description:/home/mk/dev_ws/install/whisper_idl:/home/mk/dev_ws/install/zed_ros2:/home/mk/dev_ws/install/zed_wrapper:/home/mk/dev_ws/install/zed_components:/home/mk/dev_ws/install/zed_interfaces:/home/mk/dev_ws/install/xarm_planner:/home/mk/dev_ws/install/xarm_moveit_servo:/home/mk/dev_ws/install/rviz_robot_control_panel:/home/mk/dev_ws/install/whisper_bringup:/home/mk/dev_ws/install/whisper_server:/home/mk/dev_ws/install/transcript_manager:/home/mk/dev_ws/install/whisper_util:/home/mk/dev_ws/install/whisper_cpp_vendor:/home/mk/dev_ws/install/realsense_gazebo_plugin:/home/mk/dev_ws/install/my_3d_vision_bringup:/home/mk/dev_ws/install/mbot_demo:/home/mk/dev_ws/install/yolo_object_detector:/home/mk/dev_ws/install/move_to_coordinator:/home/mk/dev_ws/install/motion_sequence:/home/mk/dev_ws/install/whisper_demos:/home/mk/dev_ws/install/voice_command_listener:/home/mk/dev_ws/install/uf_ros_lib:/home/mk/dev_ws/install/rviz_servo_status_overlay:/home/mk/dev_ws/install/rviz_marker_static_scene_objects:/home/mk/dev_ws/install/robot_motion_handler_movegroup:/home/mk/dev_ws/install/gaze_control:/home/mk/dev_ws/install/collision_check:/home/mk/dev_ws/install/audio_listener:/opt/ros/humble LD_LIBRARY_PATH=/home/mk/dev_ws/install/xarm_gazebo/lib:/home/mk/dev_ws/install/xarm_controller/lib:/home/mk/dev_ws/install/xarm_api/lib:/home/mk/dev_ws/install/xarm_sdk/lib:/home/mk/dev_ws/install/xarm_msgs/lib:/home/mk/dev_ws/install/whisper_idl/lib:/usr/local/cuda-12.1/lib64:/home/mk/dev_ws/install/zed_components/lib:/home/mk/dev_ws/install/zed_interfaces/lib:/home/mk/dev_ws/install/xarm_planner/lib:/home/mk/dev_ws/install/xarm_moveit_servo/lib:/home/mk/dev_ws/install/rviz_robot_control_panel/lib:/home/mk/dev_ws/install/whisper_server/lib:/home/mk/dev_ws/install/transcript_manager/lib:/home/mk/dev_ws/install/whisper_util/lib:/home/mk/dev_ws/install/whisper_cpp_vendor/lib:/home/mk/dev_ws/install/realsense_gazebo_plugin/lib:/home/mk/dev_ws/install/my_3d_vision_bringup/lib:/usr/lib/x86_64-linux-gnu/gazebo-11/plugins:/opt/ros/humble/opt/rviz_ogre_vendor/lib:/opt/ros/humble/lib/x86_64-linux-gnu:/opt/ros/humble/lib PYTHONPATH=/home/mk/dev_ws/install/uf_ros_lib/lib/python3.10/site-packages:/home/mk/dev_ws/install/zed_interfaces/local/lib/python3.10/dist-packages:/home/mk/dev_ws/build/yolo_object_detector:/home/mk/dev_ws/install/yolo_object_detector/lib/python3.10/site-packages:/home/mk/dev_ws/build/move_to_coordinator:/home/mk/dev_ws/install/move_to_coordinator/lib/python3.10/site-packages:/home/mk/dev_ws/build/motion_sequence:/home/mk/dev_ws/install/motion_sequence/lib/python3.10/site-packages:/home/mk/dev_ws/install/xarm_msgs/local/lib/python3.10/dist-packages:/home/mk/dev_ws/build/whisper_demos:/home/mk/dev_ws/install/whisper_demos/lib/python3.10/site-packages:/home/mk/dev_ws/build/voice_command_listener:/home/mk/dev_ws/install/voice_command_listener/lib/python3.10/site-packages:/home/mk/dev_ws/install/whisper_idl/local/lib/python3.10/dist-packages:/home/mk/dev_ws/build/uf_ros_lib:/home/mk/dev_ws/build/rviz_servo_status_overlay:/home/mk/dev_ws/install/rviz_servo_status_overlay/lib/python3.10/site-packages:/home/mk/dev_ws/build/rviz_marker_static_scene_objects:/home/mk/dev_ws/install/rviz_marker_static_scene_objects/lib/python3.10/site-packages:/home/mk/dev_ws/build/robot_motion_handler_movegroup:/home/mk/dev_ws/install/robot_motion_handler_movegroup/lib/python3.10/site-packages:/home/mk/dev_ws/install/my_3d_vision_bringup/local/lib/python3.10/dist-packages:/home/mk/dev_ws/build/gaze_control:/home/mk/dev_ws/install/gaze_control/lib/python3.10/site-packages:/home/mk/dev_ws/build/collision_check:/home/mk/dev_ws/install/collision_check/lib/python3.10/site-packages:/home/mk/dev_ws/build/audio_listener:/home/mk/dev_ws/install/audio_listener/lib/python3.10/site-packages:/opt/ros/humble/lib/python3.10/site-packages:/opt/ros/humble/local/lib/python3.10/dist-packages /usr/bin/cmake /home/mk/dev_ws/src/xarm_ros2/xarm_moveit_servo -DCMAKE_INSTALL_PREFIX=/home/mk/dev_ws/install/xarm_moveit_servo
[6.031s] DEBUG:colcon.colcon_core.event_handler.log_command:Invoking command in '/home/mk/dev_ws/build/xarm_planner': AMENT_PREFIX_PATH=/home/mk/dev_ws/install/uf_ros_lib:/home/mk/dev_ws/install/zed_ros2:/home/mk/dev_ws/install/zed_wrapper:/home/mk/dev_ws/install/zed_components:/home/mk/dev_ws/install/zed_interfaces:/home/mk/dev_ws/install/yolo_object_detector:/home/mk/dev_ws/install/xarm_planner:/home/mk/dev_ws/install/xarm_moveit_servo:/home/mk/dev_ws/install/xarm_moveit_config:/home/mk/dev_ws/install/xarm_gazebo:/home/mk/dev_ws/install/xarm_controller:/home/mk/dev_ws/install/xarm_api:/home/mk/dev_ws/install/xarm_sdk:/home/mk/dev_ws/install/rviz_robot_control_panel:/home/mk/dev_ws/install/move_to_coordinator:/home/mk/dev_ws/install/motion_sequence:/home/mk/dev_ws/install/xarm_msgs:/home/mk/dev_ws/install/xarm_description:/home/mk/dev_ws/install/whisper_demos:/home/mk/dev_ws/install/whisper_bringup:/home/mk/dev_ws/install/whisper_server:/home/mk/dev_ws/install/transcript_manager:/home/mk/dev_ws/install/whisper_util:/home/mk/dev_ws/install/voice_command_listener:/home/mk/dev_ws/install/whisper_idl:/home/mk/dev_ws/install/whisper_cpp_vendor:/home/mk/dev_ws/install/rviz_servo_status_overlay:/home/mk/dev_ws/install/rviz_marker_static_scene_objects:/home/mk/dev_ws/install/robot_motion_handler_movegroup:/home/mk/dev_ws/install/realsense_gazebo_plugin:/home/mk/dev_ws/install/my_3d_vision_bringup:/home/mk/dev_ws/install/mbot_demo:/home/mk/dev_ws/install/gaze_control:/home/mk/dev_ws/install/collision_check:/home/mk/dev_ws/install/audio_listener:/opt/ros/humble CMAKE_PREFIX_PATH=/home/mk/dev_ws/install/xarm_moveit_config:/home/mk/dev_ws/install/xarm_gazebo:/home/mk/dev_ws/install/xarm_controller:/home/mk/dev_ws/install/xarm_api:/home/mk/dev_ws/install/xarm_sdk:/home/mk/dev_ws/install/xarm_msgs:/home/mk/dev_ws/install/xarm_description:/home/mk/dev_ws/install/zed_ros2:/home/mk/dev_ws/install/zed_wrapper:/home/mk/dev_ws/install/zed_components:/home/mk/dev_ws/install/zed_interfaces:/home/mk/dev_ws/install/xarm_planner:/home/mk/dev_ws/install/xarm_moveit_servo:/home/mk/dev_ws/install/rviz_robot_control_panel:/home/mk/dev_ws/install/whisper_bringup:/home/mk/dev_ws/install/whisper_server:/home/mk/dev_ws/install/transcript_manager:/home/mk/dev_ws/install/whisper_util:/home/mk/dev_ws/install/whisper_idl:/home/mk/dev_ws/install/whisper_cpp_vendor:/home/mk/dev_ws/install/realsense_gazebo_plugin:/home/mk/dev_ws/install/my_3d_vision_bringup:/home/mk/dev_ws/install/mbot_demo:/home/mk/dev_ws/install/yolo_object_detector:/home/mk/dev_ws/install/move_to_coordinator:/home/mk/dev_ws/install/motion_sequence:/home/mk/dev_ws/install/whisper_demos:/home/mk/dev_ws/install/voice_command_listener:/home/mk/dev_ws/install/uf_ros_lib:/home/mk/dev_ws/install/rviz_servo_status_overlay:/home/mk/dev_ws/install/rviz_marker_static_scene_objects:/home/mk/dev_ws/install/robot_motion_handler_movegroup:/home/mk/dev_ws/install/gaze_control:/home/mk/dev_ws/install/collision_check:/home/mk/dev_ws/install/audio_listener:/opt/ros/humble LD_LIBRARY_PATH=/home/mk/dev_ws/install/xarm_gazebo/lib:/home/mk/dev_ws/install/xarm_controller/lib:/home/mk/dev_ws/install/xarm_api/lib:/home/mk/dev_ws/install/xarm_sdk/lib:/home/mk/dev_ws/install/xarm_msgs/lib:/usr/local/cuda-12.1/lib64:/home/mk/dev_ws/install/zed_components/lib:/home/mk/dev_ws/install/zed_interfaces/lib:/home/mk/dev_ws/install/xarm_planner/lib:/home/mk/dev_ws/install/xarm_moveit_servo/lib:/home/mk/dev_ws/install/rviz_robot_control_panel/lib:/home/mk/dev_ws/install/whisper_server/lib:/home/mk/dev_ws/install/transcript_manager/lib:/home/mk/dev_ws/install/whisper_util/lib:/home/mk/dev_ws/install/whisper_idl/lib:/home/mk/dev_ws/install/whisper_cpp_vendor/lib:/home/mk/dev_ws/install/realsense_gazebo_plugin/lib:/home/mk/dev_ws/install/my_3d_vision_bringup/lib:/usr/lib/x86_64-linux-gnu/gazebo-11/plugins:/opt/ros/humble/opt/rviz_ogre_vendor/lib:/opt/ros/humble/lib/x86_64-linux-gnu:/opt/ros/humble/lib PYTHONPATH=/home/mk/dev_ws/install/uf_ros_lib/lib/python3.10/site-packages:/home/mk/dev_ws/install/zed_interfaces/local/lib/python3.10/dist-packages:/home/mk/dev_ws/build/yolo_object_detector:/home/mk/dev_ws/install/yolo_object_detector/lib/python3.10/site-packages:/home/mk/dev_ws/build/move_to_coordinator:/home/mk/dev_ws/install/move_to_coordinator/lib/python3.10/site-packages:/home/mk/dev_ws/build/motion_sequence:/home/mk/dev_ws/install/motion_sequence/lib/python3.10/site-packages:/home/mk/dev_ws/install/xarm_msgs/local/lib/python3.10/dist-packages:/home/mk/dev_ws/build/whisper_demos:/home/mk/dev_ws/install/whisper_demos/lib/python3.10/site-packages:/home/mk/dev_ws/build/voice_command_listener:/home/mk/dev_ws/install/voice_command_listener/lib/python3.10/site-packages:/home/mk/dev_ws/install/whisper_idl/local/lib/python3.10/dist-packages:/home/mk/dev_ws/build/uf_ros_lib:/home/mk/dev_ws/build/rviz_servo_status_overlay:/home/mk/dev_ws/install/rviz_servo_status_overlay/lib/python3.10/site-packages:/home/mk/dev_ws/build/rviz_marker_static_scene_objects:/home/mk/dev_ws/install/rviz_marker_static_scene_objects/lib/python3.10/site-packages:/home/mk/dev_ws/build/robot_motion_handler_movegroup:/home/mk/dev_ws/install/robot_motion_handler_movegroup/lib/python3.10/site-packages:/home/mk/dev_ws/install/my_3d_vision_bringup/local/lib/python3.10/dist-packages:/home/mk/dev_ws/build/gaze_control:/home/mk/dev_ws/install/gaze_control/lib/python3.10/site-packages:/home/mk/dev_ws/build/collision_check:/home/mk/dev_ws/install/collision_check/lib/python3.10/site-packages:/home/mk/dev_ws/build/audio_listener:/home/mk/dev_ws/install/audio_listener/lib/python3.10/site-packages:/opt/ros/humble/lib/python3.10/site-packages:/opt/ros/humble/local/lib/python3.10/dist-packages /usr/bin/cmake /home/mk/dev_ws/src/xarm_ros2/xarm_planner -DCMAKE_INSTALL_PREFIX=/home/mk/dev_ws/install/xarm_planner
[6.700s] DEBUG:colcon.colcon_core.event_handler.log_command:Invoked command in '/home/mk/dev_ws/build/xarm_moveit_servo' returned '0': AMENT_PREFIX_PATH=/home/mk/dev_ws/install/uf_ros_lib:/home/mk/dev_ws/install/zed_ros2:/home/mk/dev_ws/install/zed_wrapper:/home/mk/dev_ws/install/zed_components:/home/mk/dev_ws/install/zed_interfaces:/home/mk/dev_ws/install/yolo_object_detector:/home/mk/dev_ws/install/xarm_planner:/home/mk/dev_ws/install/xarm_moveit_servo:/home/mk/dev_ws/install/xarm_moveit_config:/home/mk/dev_ws/install/xarm_gazebo:/home/mk/dev_ws/install/xarm_controller:/home/mk/dev_ws/install/xarm_api:/home/mk/dev_ws/install/xarm_sdk:/home/mk/dev_ws/install/rviz_robot_control_panel:/home/mk/dev_ws/install/move_to_coordinator:/home/mk/dev_ws/install/motion_sequence:/home/mk/dev_ws/install/xarm_msgs:/home/mk/dev_ws/install/xarm_description:/home/mk/dev_ws/install/whisper_demos:/home/mk/dev_ws/install/whisper_bringup:/home/mk/dev_ws/install/whisper_server:/home/mk/dev_ws/install/transcript_manager:/home/mk/dev_ws/install/whisper_util:/home/mk/dev_ws/install/voice_command_listener:/home/mk/dev_ws/install/whisper_idl:/home/mk/dev_ws/install/whisper_cpp_vendor:/home/mk/dev_ws/install/rviz_servo_status_overlay:/home/mk/dev_ws/install/rviz_marker_static_scene_objects:/home/mk/dev_ws/install/robot_motion_handler_movegroup:/home/mk/dev_ws/install/realsense_gazebo_plugin:/home/mk/dev_ws/install/my_3d_vision_bringup:/home/mk/dev_ws/install/mbot_demo:/home/mk/dev_ws/install/gaze_control:/home/mk/dev_ws/install/collision_check:/home/mk/dev_ws/install/audio_listener:/opt/ros/humble CMAKE_PREFIX_PATH=/home/mk/dev_ws/install/xarm_moveit_config:/home/mk/dev_ws/install/xarm_gazebo:/home/mk/dev_ws/install/xarm_controller:/home/mk/dev_ws/install/xarm_api:/home/mk/dev_ws/install/xarm_sdk:/home/mk/dev_ws/install/xarm_msgs:/home/mk/dev_ws/install/xarm_description:/home/mk/dev_ws/install/whisper_idl:/home/mk/dev_ws/install/zed_ros2:/home/mk/dev_ws/install/zed_wrapper:/home/mk/dev_ws/install/zed_components:/home/mk/dev_ws/install/zed_interfaces:/home/mk/dev_ws/install/xarm_planner:/home/mk/dev_ws/install/xarm_moveit_servo:/home/mk/dev_ws/install/rviz_robot_control_panel:/home/mk/dev_ws/install/whisper_bringup:/home/mk/dev_ws/install/whisper_server:/home/mk/dev_ws/install/transcript_manager:/home/mk/dev_ws/install/whisper_util:/home/mk/dev_ws/install/whisper_cpp_vendor:/home/mk/dev_ws/install/realsense_gazebo_plugin:/home/mk/dev_ws/install/my_3d_vision_bringup:/home/mk/dev_ws/install/mbot_demo:/home/mk/dev_ws/install/yolo_object_detector:/home/mk/dev_ws/install/move_to_coordinator:/home/mk/dev_ws/install/motion_sequence:/home/mk/dev_ws/install/whisper_demos:/home/mk/dev_ws/install/voice_command_listener:/home/mk/dev_ws/install/uf_ros_lib:/home/mk/dev_ws/install/rviz_servo_status_overlay:/home/mk/dev_ws/install/rviz_marker_static_scene_objects:/home/mk/dev_ws/install/robot_motion_handler_movegroup:/home/mk/dev_ws/install/gaze_control:/home/mk/dev_ws/install/collision_check:/home/mk/dev_ws/install/audio_listener:/opt/ros/humble LD_LIBRARY_PATH=/home/mk/dev_ws/install/xarm_gazebo/lib:/home/mk/dev_ws/install/xarm_controller/lib:/home/mk/dev_ws/install/xarm_api/lib:/home/mk/dev_ws/install/xarm_sdk/lib:/home/mk/dev_ws/install/xarm_msgs/lib:/home/mk/dev_ws/install/whisper_idl/lib:/usr/local/cuda-12.1/lib64:/home/mk/dev_ws/install/zed_components/lib:/home/mk/dev_ws/install/zed_interfaces/lib:/home/mk/dev_ws/install/xarm_planner/lib:/home/mk/dev_ws/install/xarm_moveit_servo/lib:/home/mk/dev_ws/install/rviz_robot_control_panel/lib:/home/mk/dev_ws/install/whisper_server/lib:/home/mk/dev_ws/install/transcript_manager/lib:/home/mk/dev_ws/install/whisper_util/lib:/home/mk/dev_ws/install/whisper_cpp_vendor/lib:/home/mk/dev_ws/install/realsense_gazebo_plugin/lib:/home/mk/dev_ws/install/my_3d_vision_bringup/lib:/usr/lib/x86_64-linux-gnu/gazebo-11/plugins:/opt/ros/humble/opt/rviz_ogre_vendor/lib:/opt/ros/humble/lib/x86_64-linux-gnu:/opt/ros/humble/lib PYTHONPATH=/home/mk/dev_ws/install/uf_ros_lib/lib/python3.10/site-packages:/home/mk/dev_ws/install/zed_interfaces/local/lib/python3.10/dist-packages:/home/mk/dev_ws/build/yolo_object_detector:/home/mk/dev_ws/install/yolo_object_detector/lib/python3.10/site-packages:/home/mk/dev_ws/build/move_to_coordinator:/home/mk/dev_ws/install/move_to_coordinator/lib/python3.10/site-packages:/home/mk/dev_ws/build/motion_sequence:/home/mk/dev_ws/install/motion_sequence/lib/python3.10/site-packages:/home/mk/dev_ws/install/xarm_msgs/local/lib/python3.10/dist-packages:/home/mk/dev_ws/build/whisper_demos:/home/mk/dev_ws/install/whisper_demos/lib/python3.10/site-packages:/home/mk/dev_ws/build/voice_command_listener:/home/mk/dev_ws/install/voice_command_listener/lib/python3.10/site-packages:/home/mk/dev_ws/install/whisper_idl/local/lib/python3.10/dist-packages:/home/mk/dev_ws/build/uf_ros_lib:/home/mk/dev_ws/build/rviz_servo_status_overlay:/home/mk/dev_ws/install/rviz_servo_status_overlay/lib/python3.10/site-packages:/home/mk/dev_ws/build/rviz_marker_static_scene_objects:/home/mk/dev_ws/install/rviz_marker_static_scene_objects/lib/python3.10/site-packages:/home/mk/dev_ws/build/robot_motion_handler_movegroup:/home/mk/dev_ws/install/robot_motion_handler_movegroup/lib/python3.10/site-packages:/home/mk/dev_ws/install/my_3d_vision_bringup/local/lib/python3.10/dist-packages:/home/mk/dev_ws/build/gaze_control:/home/mk/dev_ws/install/gaze_control/lib/python3.10/site-packages:/home/mk/dev_ws/build/collision_check:/home/mk/dev_ws/install/collision_check/lib/python3.10/site-packages:/home/mk/dev_ws/build/audio_listener:/home/mk/dev_ws/install/audio_listener/lib/python3.10/site-packages:/opt/ros/humble/lib/python3.10/site-packages:/opt/ros/humble/local/lib/python3.10/dist-packages /usr/bin/cmake /home/mk/dev_ws/src/xarm_ros2/xarm_moveit_servo -DCMAKE_INSTALL_PREFIX=/home/mk/dev_ws/install/xarm_moveit_servo
[6.702s] DEBUG:colcon.colcon_core.event_handler.log_command:Invoking command in '/home/mk/dev_ws/build/xarm_moveit_servo': AMENT_PREFIX_PATH=/home/mk/dev_ws/install/uf_ros_lib:/home/mk/dev_ws/install/zed_ros2:/home/mk/dev_ws/install/zed_wrapper:/home/mk/dev_ws/install/zed_components:/home/mk/dev_ws/install/zed_interfaces:/home/mk/dev_ws/install/yolo_object_detector:/home/mk/dev_ws/install/xarm_planner:/home/mk/dev_ws/install/xarm_moveit_servo:/home/mk/dev_ws/install/xarm_moveit_config:/home/mk/dev_ws/install/xarm_gazebo:/home/mk/dev_ws/install/xarm_controller:/home/mk/dev_ws/install/xarm_api:/home/mk/dev_ws/install/xarm_sdk:/home/mk/dev_ws/install/rviz_robot_control_panel:/home/mk/dev_ws/install/move_to_coordinator:/home/mk/dev_ws/install/motion_sequence:/home/mk/dev_ws/install/xarm_msgs:/home/mk/dev_ws/install/xarm_description:/home/mk/dev_ws/install/whisper_demos:/home/mk/dev_ws/install/whisper_bringup:/home/mk/dev_ws/install/whisper_server:/home/mk/dev_ws/install/transcript_manager:/home/mk/dev_ws/install/whisper_util:/home/mk/dev_ws/install/voice_command_listener:/home/mk/dev_ws/install/whisper_idl:/home/mk/dev_ws/install/whisper_cpp_vendor:/home/mk/dev_ws/install/rviz_servo_status_overlay:/home/mk/dev_ws/install/rviz_marker_static_scene_objects:/home/mk/dev_ws/install/robot_motion_handler_movegroup:/home/mk/dev_ws/install/realsense_gazebo_plugin:/home/mk/dev_ws/install/my_3d_vision_bringup:/home/mk/dev_ws/install/mbot_demo:/home/mk/dev_ws/install/gaze_control:/home/mk/dev_ws/install/collision_check:/home/mk/dev_ws/install/audio_listener:/opt/ros/humble CMAKE_PREFIX_PATH=/home/mk/dev_ws/install/xarm_moveit_config:/home/mk/dev_ws/install/xarm_gazebo:/home/mk/dev_ws/install/xarm_controller:/home/mk/dev_ws/install/xarm_api:/home/mk/dev_ws/install/xarm_sdk:/home/mk/dev_ws/install/xarm_msgs:/home/mk/dev_ws/install/xarm_description:/home/mk/dev_ws/install/whisper_idl:/home/mk/dev_ws/install/zed_ros2:/home/mk/dev_ws/install/zed_wrapper:/home/mk/dev_ws/install/zed_components:/home/mk/dev_ws/install/zed_interfaces:/home/mk/dev_ws/install/xarm_planner:/home/mk/dev_ws/install/xarm_moveit_servo:/home/mk/dev_ws/install/rviz_robot_control_panel:/home/mk/dev_ws/install/whisper_bringup:/home/mk/dev_ws/install/whisper_server:/home/mk/dev_ws/install/transcript_manager:/home/mk/dev_ws/install/whisper_util:/home/mk/dev_ws/install/whisper_cpp_vendor:/home/mk/dev_ws/install/realsense_gazebo_plugin:/home/mk/dev_ws/install/my_3d_vision_bringup:/home/mk/dev_ws/install/mbot_demo:/home/mk/dev_ws/install/yolo_object_detector:/home/mk/dev_ws/install/move_to_coordinator:/home/mk/dev_ws/install/motion_sequence:/home/mk/dev_ws/install/whisper_demos:/home/mk/dev_ws/install/voice_command_listener:/home/mk/dev_ws/install/uf_ros_lib:/home/mk/dev_ws/install/rviz_servo_status_overlay:/home/mk/dev_ws/install/rviz_marker_static_scene_objects:/home/mk/dev_ws/install/robot_motion_handler_movegroup:/home/mk/dev_ws/install/gaze_control:/home/mk/dev_ws/install/collision_check:/home/mk/dev_ws/install/audio_listener:/opt/ros/humble LD_LIBRARY_PATH=/home/mk/dev_ws/install/xarm_gazebo/lib:/home/mk/dev_ws/install/xarm_controller/lib:/home/mk/dev_ws/install/xarm_api/lib:/home/mk/dev_ws/install/xarm_sdk/lib:/home/mk/dev_ws/install/xarm_msgs/lib:/home/mk/dev_ws/install/whisper_idl/lib:/usr/local/cuda-12.1/lib64:/home/mk/dev_ws/install/zed_components/lib:/home/mk/dev_ws/install/zed_interfaces/lib:/home/mk/dev_ws/install/xarm_planner/lib:/home/mk/dev_ws/install/xarm_moveit_servo/lib:/home/mk/dev_ws/install/rviz_robot_control_panel/lib:/home/mk/dev_ws/install/whisper_server/lib:/home/mk/dev_ws/install/transcript_manager/lib:/home/mk/dev_ws/install/whisper_util/lib:/home/mk/dev_ws/install/whisper_cpp_vendor/lib:/home/mk/dev_ws/install/realsense_gazebo_plugin/lib:/home/mk/dev_ws/install/my_3d_vision_bringup/lib:/usr/lib/x86_64-linux-gnu/gazebo-11/plugins:/opt/ros/humble/opt/rviz_ogre_vendor/lib:/opt/ros/humble/lib/x86_64-linux-gnu:/opt/ros/humble/lib PYTHONPATH=/home/mk/dev_ws/install/uf_ros_lib/lib/python3.10/site-packages:/home/mk/dev_ws/install/zed_interfaces/local/lib/python3.10/dist-packages:/home/mk/dev_ws/build/yolo_object_detector:/home/mk/dev_ws/install/yolo_object_detector/lib/python3.10/site-packages:/home/mk/dev_ws/build/move_to_coordinator:/home/mk/dev_ws/install/move_to_coordinator/lib/python3.10/site-packages:/home/mk/dev_ws/build/motion_sequence:/home/mk/dev_ws/install/motion_sequence/lib/python3.10/site-packages:/home/mk/dev_ws/install/xarm_msgs/local/lib/python3.10/dist-packages:/home/mk/dev_ws/build/whisper_demos:/home/mk/dev_ws/install/whisper_demos/lib/python3.10/site-packages:/home/mk/dev_ws/build/voice_command_listener:/home/mk/dev_ws/install/voice_command_listener/lib/python3.10/site-packages:/home/mk/dev_ws/install/whisper_idl/local/lib/python3.10/dist-packages:/home/mk/dev_ws/build/uf_ros_lib:/home/mk/dev_ws/build/rviz_servo_status_overlay:/home/mk/dev_ws/install/rviz_servo_status_overlay/lib/python3.10/site-packages:/home/mk/dev_ws/build/rviz_marker_static_scene_objects:/home/mk/dev_ws/install/rviz_marker_static_scene_objects/lib/python3.10/site-packages:/home/mk/dev_ws/build/robot_motion_handler_movegroup:/home/mk/dev_ws/install/robot_motion_handler_movegroup/lib/python3.10/site-packages:/home/mk/dev_ws/install/my_3d_vision_bringup/local/lib/python3.10/dist-packages:/home/mk/dev_ws/build/gaze_control:/home/mk/dev_ws/install/gaze_control/lib/python3.10/site-packages:/home/mk/dev_ws/build/collision_check:/home/mk/dev_ws/install/collision_check/lib/python3.10/site-packages:/home/mk/dev_ws/build/audio_listener:/home/mk/dev_ws/install/audio_listener/lib/python3.10/site-packages:/opt/ros/humble/lib/python3.10/site-packages:/opt/ros/humble/local/lib/python3.10/dist-packages /usr/bin/cmake --build /home/mk/dev_ws/build/xarm_moveit_servo -- -j16 -l16
[6.747s] DEBUG:colcon.colcon_core.event_handler.log_command:Invoked command in '/home/mk/dev_ws/build/xarm_planner' returned '0': AMENT_PREFIX_PATH=/home/mk/dev_ws/install/uf_ros_lib:/home/mk/dev_ws/install/zed_ros2:/home/mk/dev_ws/install/zed_wrapper:/home/mk/dev_ws/install/zed_components:/home/mk/dev_ws/install/zed_interfaces:/home/mk/dev_ws/install/yolo_object_detector:/home/mk/dev_ws/install/xarm_planner:/home/mk/dev_ws/install/xarm_moveit_servo:/home/mk/dev_ws/install/xarm_moveit_config:/home/mk/dev_ws/install/xarm_gazebo:/home/mk/dev_ws/install/xarm_controller:/home/mk/dev_ws/install/xarm_api:/home/mk/dev_ws/install/xarm_sdk:/home/mk/dev_ws/install/rviz_robot_control_panel:/home/mk/dev_ws/install/move_to_coordinator:/home/mk/dev_ws/install/motion_sequence:/home/mk/dev_ws/install/xarm_msgs:/home/mk/dev_ws/install/xarm_description:/home/mk/dev_ws/install/whisper_demos:/home/mk/dev_ws/install/whisper_bringup:/home/mk/dev_ws/install/whisper_server:/home/mk/dev_ws/install/transcript_manager:/home/mk/dev_ws/install/whisper_util:/home/mk/dev_ws/install/voice_command_listener:/home/mk/dev_ws/install/whisper_idl:/home/mk/dev_ws/install/whisper_cpp_vendor:/home/mk/dev_ws/install/rviz_servo_status_overlay:/home/mk/dev_ws/install/rviz_marker_static_scene_objects:/home/mk/dev_ws/install/robot_motion_handler_movegroup:/home/mk/dev_ws/install/realsense_gazebo_plugin:/home/mk/dev_ws/install/my_3d_vision_bringup:/home/mk/dev_ws/install/mbot_demo:/home/mk/dev_ws/install/gaze_control:/home/mk/dev_ws/install/collision_check:/home/mk/dev_ws/install/audio_listener:/opt/ros/humble CMAKE_PREFIX_PATH=/home/mk/dev_ws/install/xarm_moveit_config:/home/mk/dev_ws/install/xarm_gazebo:/home/mk/dev_ws/install/xarm_controller:/home/mk/dev_ws/install/xarm_api:/home/mk/dev_ws/install/xarm_sdk:/home/mk/dev_ws/install/xarm_msgs:/home/mk/dev_ws/install/xarm_description:/home/mk/dev_ws/install/zed_ros2:/home/mk/dev_ws/install/zed_wrapper:/home/mk/dev_ws/install/zed_components:/home/mk/dev_ws/install/zed_interfaces:/home/mk/dev_ws/install/xarm_planner:/home/mk/dev_ws/install/xarm_moveit_servo:/home/mk/dev_ws/install/rviz_robot_control_panel:/home/mk/dev_ws/install/whisper_bringup:/home/mk/dev_ws/install/whisper_server:/home/mk/dev_ws/install/transcript_manager:/home/mk/dev_ws/install/whisper_util:/home/mk/dev_ws/install/whisper_idl:/home/mk/dev_ws/install/whisper_cpp_vendor:/home/mk/dev_ws/install/realsense_gazebo_plugin:/home/mk/dev_ws/install/my_3d_vision_bringup:/home/mk/dev_ws/install/mbot_demo:/home/mk/dev_ws/install/yolo_object_detector:/home/mk/dev_ws/install/move_to_coordinator:/home/mk/dev_ws/install/motion_sequence:/home/mk/dev_ws/install/whisper_demos:/home/mk/dev_ws/install/voice_command_listener:/home/mk/dev_ws/install/uf_ros_lib:/home/mk/dev_ws/install/rviz_servo_status_overlay:/home/mk/dev_ws/install/rviz_marker_static_scene_objects:/home/mk/dev_ws/install/robot_motion_handler_movegroup:/home/mk/dev_ws/install/gaze_control:/home/mk/dev_ws/install/collision_check:/home/mk/dev_ws/install/audio_listener:/opt/ros/humble LD_LIBRARY_PATH=/home/mk/dev_ws/install/xarm_gazebo/lib:/home/mk/dev_ws/install/xarm_controller/lib:/home/mk/dev_ws/install/xarm_api/lib:/home/mk/dev_ws/install/xarm_sdk/lib:/home/mk/dev_ws/install/xarm_msgs/lib:/usr/local/cuda-12.1/lib64:/home/mk/dev_ws/install/zed_components/lib:/home/mk/dev_ws/install/zed_interfaces/lib:/home/mk/dev_ws/install/xarm_planner/lib:/home/mk/dev_ws/install/xarm_moveit_servo/lib:/home/mk/dev_ws/install/rviz_robot_control_panel/lib:/home/mk/dev_ws/install/whisper_server/lib:/home/mk/dev_ws/install/transcript_manager/lib:/home/mk/dev_ws/install/whisper_util/lib:/home/mk/dev_ws/install/whisper_idl/lib:/home/mk/dev_ws/install/whisper_cpp_vendor/lib:/home/mk/dev_ws/install/realsense_gazebo_plugin/lib:/home/mk/dev_ws/install/my_3d_vision_bringup/lib:/usr/lib/x86_64-linux-gnu/gazebo-11/plugins:/opt/ros/humble/opt/rviz_ogre_vendor/lib:/opt/ros/humble/lib/x86_64-linux-gnu:/opt/ros/humble/lib PYTHONPATH=/home/mk/dev_ws/install/uf_ros_lib/lib/python3.10/site-packages:/home/mk/dev_ws/install/zed_interfaces/local/lib/python3.10/dist-packages:/home/mk/dev_ws/build/yolo_object_detector:/home/mk/dev_ws/install/yolo_object_detector/lib/python3.10/site-packages:/home/mk/dev_ws/build/move_to_coordinator:/home/mk/dev_ws/install/move_to_coordinator/lib/python3.10/site-packages:/home/mk/dev_ws/build/motion_sequence:/home/mk/dev_ws/install/motion_sequence/lib/python3.10/site-packages:/home/mk/dev_ws/install/xarm_msgs/local/lib/python3.10/dist-packages:/home/mk/dev_ws/build/whisper_demos:/home/mk/dev_ws/install/whisper_demos/lib/python3.10/site-packages:/home/mk/dev_ws/build/voice_command_listener:/home/mk/dev_ws/install/voice_command_listener/lib/python3.10/site-packages:/home/mk/dev_ws/install/whisper_idl/local/lib/python3.10/dist-packages:/home/mk/dev_ws/build/uf_ros_lib:/home/mk/dev_ws/build/rviz_servo_status_overlay:/home/mk/dev_ws/install/rviz_servo_status_overlay/lib/python3.10/site-packages:/home/mk/dev_ws/build/rviz_marker_static_scene_objects:/home/mk/dev_ws/install/rviz_marker_static_scene_objects/lib/python3.10/site-packages:/home/mk/dev_ws/build/robot_motion_handler_movegroup:/home/mk/dev_ws/install/robot_motion_handler_movegroup/lib/python3.10/site-packages:/home/mk/dev_ws/install/my_3d_vision_bringup/local/lib/python3.10/dist-packages:/home/mk/dev_ws/build/gaze_control:/home/mk/dev_ws/install/gaze_control/lib/python3.10/site-packages:/home/mk/dev_ws/build/collision_check:/home/mk/dev_ws/install/collision_check/lib/python3.10/site-packages:/home/mk/dev_ws/build/audio_listener:/home/mk/dev_ws/install/audio_listener/lib/python3.10/site-packages:/opt/ros/humble/lib/python3.10/site-packages:/opt/ros/humble/local/lib/python3.10/dist-packages /usr/bin/cmake /home/mk/dev_ws/src/xarm_ros2/xarm_planner -DCMAKE_INSTALL_PREFIX=/home/mk/dev_ws/install/xarm_planner
[6.748s] DEBUG:colcon.colcon_core.event_handler.log_command:Invoking command in '/home/mk/dev_ws/build/xarm_planner': AMENT_PREFIX_PATH=/home/mk/dev_ws/install/uf_ros_lib:/home/mk/dev_ws/install/zed_ros2:/home/mk/dev_ws/install/zed_wrapper:/home/mk/dev_ws/install/zed_components:/home/mk/dev_ws/install/zed_interfaces:/home/mk/dev_ws/install/yolo_object_detector:/home/mk/dev_ws/install/xarm_planner:/home/mk/dev_ws/install/xarm_moveit_servo:/home/mk/dev_ws/install/xarm_moveit_config:/home/mk/dev_ws/install/xarm_gazebo:/home/mk/dev_ws/install/xarm_controller:/home/mk/dev_ws/install/xarm_api:/home/mk/dev_ws/install/xarm_sdk:/home/mk/dev_ws/install/rviz_robot_control_panel:/home/mk/dev_ws/install/move_to_coordinator:/home/mk/dev_ws/install/motion_sequence:/home/mk/dev_ws/install/xarm_msgs:/home/mk/dev_ws/install/xarm_description:/home/mk/dev_ws/install/whisper_demos:/home/mk/dev_ws/install/whisper_bringup:/home/mk/dev_ws/install/whisper_server:/home/mk/dev_ws/install/transcript_manager:/home/mk/dev_ws/install/whisper_util:/home/mk/dev_ws/install/voice_command_listener:/home/mk/dev_ws/install/whisper_idl:/home/mk/dev_ws/install/whisper_cpp_vendor:/home/mk/dev_ws/install/rviz_servo_status_overlay:/home/mk/dev_ws/install/rviz_marker_static_scene_objects:/home/mk/dev_ws/install/robot_motion_handler_movegroup:/home/mk/dev_ws/install/realsense_gazebo_plugin:/home/mk/dev_ws/install/my_3d_vision_bringup:/home/mk/dev_ws/install/mbot_demo:/home/mk/dev_ws/install/gaze_control:/home/mk/dev_ws/install/collision_check:/home/mk/dev_ws/install/audio_listener:/opt/ros/humble CMAKE_PREFIX_PATH=/home/mk/dev_ws/install/xarm_moveit_config:/home/mk/dev_ws/install/xarm_gazebo:/home/mk/dev_ws/install/xarm_controller:/home/mk/dev_ws/install/xarm_api:/home/mk/dev_ws/install/xarm_sdk:/home/mk/dev_ws/install/xarm_msgs:/home/mk/dev_ws/install/xarm_description:/home/mk/dev_ws/install/zed_ros2:/home/mk/dev_ws/install/zed_wrapper:/home/mk/dev_ws/install/zed_components:/home/mk/dev_ws/install/zed_interfaces:/home/mk/dev_ws/install/xarm_planner:/home/mk/dev_ws/install/xarm_moveit_servo:/home/mk/dev_ws/install/rviz_robot_control_panel:/home/mk/dev_ws/install/whisper_bringup:/home/mk/dev_ws/install/whisper_server:/home/mk/dev_ws/install/transcript_manager:/home/mk/dev_ws/install/whisper_util:/home/mk/dev_ws/install/whisper_idl:/home/mk/dev_ws/install/whisper_cpp_vendor:/home/mk/dev_ws/install/realsense_gazebo_plugin:/home/mk/dev_ws/install/my_3d_vision_bringup:/home/mk/dev_ws/install/mbot_demo:/home/mk/dev_ws/install/yolo_object_detector:/home/mk/dev_ws/install/move_to_coordinator:/home/mk/dev_ws/install/motion_sequence:/home/mk/dev_ws/install/whisper_demos:/home/mk/dev_ws/install/voice_command_listener:/home/mk/dev_ws/install/uf_ros_lib:/home/mk/dev_ws/install/rviz_servo_status_overlay:/home/mk/dev_ws/install/rviz_marker_static_scene_objects:/home/mk/dev_ws/install/robot_motion_handler_movegroup:/home/mk/dev_ws/install/gaze_control:/home/mk/dev_ws/install/collision_check:/home/mk/dev_ws/install/audio_listener:/opt/ros/humble LD_LIBRARY_PATH=/home/mk/dev_ws/install/xarm_gazebo/lib:/home/mk/dev_ws/install/xarm_controller/lib:/home/mk/dev_ws/install/xarm_api/lib:/home/mk/dev_ws/install/xarm_sdk/lib:/home/mk/dev_ws/install/xarm_msgs/lib:/usr/local/cuda-12.1/lib64:/home/mk/dev_ws/install/zed_components/lib:/home/mk/dev_ws/install/zed_interfaces/lib:/home/mk/dev_ws/install/xarm_planner/lib:/home/mk/dev_ws/install/xarm_moveit_servo/lib:/home/mk/dev_ws/install/rviz_robot_control_panel/lib:/home/mk/dev_ws/install/whisper_server/lib:/home/mk/dev_ws/install/transcript_manager/lib:/home/mk/dev_ws/install/whisper_util/lib:/home/mk/dev_ws/install/whisper_idl/lib:/home/mk/dev_ws/install/whisper_cpp_vendor/lib:/home/mk/dev_ws/install/realsense_gazebo_plugin/lib:/home/mk/dev_ws/install/my_3d_vision_bringup/lib:/usr/lib/x86_64-linux-gnu/gazebo-11/plugins:/opt/ros/humble/opt/rviz_ogre_vendor/lib:/opt/ros/humble/lib/x86_64-linux-gnu:/opt/ros/humble/lib PYTHONPATH=/home/mk/dev_ws/install/uf_ros_lib/lib/python3.10/site-packages:/home/mk/dev_ws/install/zed_interfaces/local/lib/python3.10/dist-packages:/home/mk/dev_ws/build/yolo_object_detector:/home/mk/dev_ws/install/yolo_object_detector/lib/python3.10/site-packages:/home/mk/dev_ws/build/move_to_coordinator:/home/mk/dev_ws/install/move_to_coordinator/lib/python3.10/site-packages:/home/mk/dev_ws/build/motion_sequence:/home/mk/dev_ws/install/motion_sequence/lib/python3.10/site-packages:/home/mk/dev_ws/install/xarm_msgs/local/lib/python3.10/dist-packages:/home/mk/dev_ws/build/whisper_demos:/home/mk/dev_ws/install/whisper_demos/lib/python3.10/site-packages:/home/mk/dev_ws/build/voice_command_listener:/home/mk/dev_ws/install/voice_command_listener/lib/python3.10/site-packages:/home/mk/dev_ws/install/whisper_idl/local/lib/python3.10/dist-packages:/home/mk/dev_ws/build/uf_ros_lib:/home/mk/dev_ws/build/rviz_servo_status_overlay:/home/mk/dev_ws/install/rviz_servo_status_overlay/lib/python3.10/site-packages:/home/mk/dev_ws/build/rviz_marker_static_scene_objects:/home/mk/dev_ws/install/rviz_marker_static_scene_objects/lib/python3.10/site-packages:/home/mk/dev_ws/build/robot_motion_handler_movegroup:/home/mk/dev_ws/install/robot_motion_handler_movegroup/lib/python3.10/site-packages:/home/mk/dev_ws/install/my_3d_vision_bringup/local/lib/python3.10/dist-packages:/home/mk/dev_ws/build/gaze_control:/home/mk/dev_ws/install/gaze_control/lib/python3.10/site-packages:/home/mk/dev_ws/build/collision_check:/home/mk/dev_ws/install/collision_check/lib/python3.10/site-packages:/home/mk/dev_ws/build/audio_listener:/home/mk/dev_ws/install/audio_listener/lib/python3.10/site-packages:/opt/ros/humble/lib/python3.10/site-packages:/opt/ros/humble/local/lib/python3.10/dist-packages /usr/bin/cmake --build /home/mk/dev_ws/build/xarm_planner -- -j16 -l16
[6.754s] DEBUG:colcon.colcon_core.event_handler.log_command:Invoked command in '/home/mk/dev_ws/build/xarm_moveit_servo' returned '0': AMENT_PREFIX_PATH=/home/mk/dev_ws/install/uf_ros_lib:/home/mk/dev_ws/install/zed_ros2:/home/mk/dev_ws/install/zed_wrapper:/home/mk/dev_ws/install/zed_components:/home/mk/dev_ws/install/zed_interfaces:/home/mk/dev_ws/install/yolo_object_detector:/home/mk/dev_ws/install/xarm_planner:/home/mk/dev_ws/install/xarm_moveit_servo:/home/mk/dev_ws/install/xarm_moveit_config:/home/mk/dev_ws/install/xarm_gazebo:/home/mk/dev_ws/install/xarm_controller:/home/mk/dev_ws/install/xarm_api:/home/mk/dev_ws/install/xarm_sdk:/home/mk/dev_ws/install/rviz_robot_control_panel:/home/mk/dev_ws/install/move_to_coordinator:/home/mk/dev_ws/install/motion_sequence:/home/mk/dev_ws/install/xarm_msgs:/home/mk/dev_ws/install/xarm_description:/home/mk/dev_ws/install/whisper_demos:/home/mk/dev_ws/install/whisper_bringup:/home/mk/dev_ws/install/whisper_server:/home/mk/dev_ws/install/transcript_manager:/home/mk/dev_ws/install/whisper_util:/home/mk/dev_ws/install/voice_command_listener:/home/mk/dev_ws/install/whisper_idl:/home/mk/dev_ws/install/whisper_cpp_vendor:/home/mk/dev_ws/install/rviz_servo_status_overlay:/home/mk/dev_ws/install/rviz_marker_static_scene_objects:/home/mk/dev_ws/install/robot_motion_handler_movegroup:/home/mk/dev_ws/install/realsense_gazebo_plugin:/home/mk/dev_ws/install/my_3d_vision_bringup:/home/mk/dev_ws/install/mbot_demo:/home/mk/dev_ws/install/gaze_control:/home/mk/dev_ws/install/collision_check:/home/mk/dev_ws/install/audio_listener:/opt/ros/humble CMAKE_PREFIX_PATH=/home/mk/dev_ws/install/xarm_moveit_config:/home/mk/dev_ws/install/xarm_gazebo:/home/mk/dev_ws/install/xarm_controller:/home/mk/dev_ws/install/xarm_api:/home/mk/dev_ws/install/xarm_sdk:/home/mk/dev_ws/install/xarm_msgs:/home/mk/dev_ws/install/xarm_description:/home/mk/dev_ws/install/whisper_idl:/home/mk/dev_ws/install/zed_ros2:/home/mk/dev_ws/install/zed_wrapper:/home/mk/dev_ws/install/zed_components:/home/mk/dev_ws/install/zed_interfaces:/home/mk/dev_ws/install/xarm_planner:/home/mk/dev_ws/install/xarm_moveit_servo:/home/mk/dev_ws/install/rviz_robot_control_panel:/home/mk/dev_ws/install/whisper_bringup:/home/mk/dev_ws/install/whisper_server:/home/mk/dev_ws/install/transcript_manager:/home/mk/dev_ws/install/whisper_util:/home/mk/dev_ws/install/whisper_cpp_vendor:/home/mk/dev_ws/install/realsense_gazebo_plugin:/home/mk/dev_ws/install/my_3d_vision_bringup:/home/mk/dev_ws/install/mbot_demo:/home/mk/dev_ws/install/yolo_object_detector:/home/mk/dev_ws/install/move_to_coordinator:/home/mk/dev_ws/install/motion_sequence:/home/mk/dev_ws/install/whisper_demos:/home/mk/dev_ws/install/voice_command_listener:/home/mk/dev_ws/install/uf_ros_lib:/home/mk/dev_ws/install/rviz_servo_status_overlay:/home/mk/dev_ws/install/rviz_marker_static_scene_objects:/home/mk/dev_ws/install/robot_motion_handler_movegroup:/home/mk/dev_ws/install/gaze_control:/home/mk/dev_ws/install/collision_check:/home/mk/dev_ws/install/audio_listener:/opt/ros/humble LD_LIBRARY_PATH=/home/mk/dev_ws/install/xarm_gazebo/lib:/home/mk/dev_ws/install/xarm_controller/lib:/home/mk/dev_ws/install/xarm_api/lib:/home/mk/dev_ws/install/xarm_sdk/lib:/home/mk/dev_ws/install/xarm_msgs/lib:/home/mk/dev_ws/install/whisper_idl/lib:/usr/local/cuda-12.1/lib64:/home/mk/dev_ws/install/zed_components/lib:/home/mk/dev_ws/install/zed_interfaces/lib:/home/mk/dev_ws/install/xarm_planner/lib:/home/mk/dev_ws/install/xarm_moveit_servo/lib:/home/mk/dev_ws/install/rviz_robot_control_panel/lib:/home/mk/dev_ws/install/whisper_server/lib:/home/mk/dev_ws/install/transcript_manager/lib:/home/mk/dev_ws/install/whisper_util/lib:/home/mk/dev_ws/install/whisper_cpp_vendor/lib:/home/mk/dev_ws/install/realsense_gazebo_plugin/lib:/home/mk/dev_ws/install/my_3d_vision_bringup/lib:/usr/lib/x86_64-linux-gnu/gazebo-11/plugins:/opt/ros/humble/opt/rviz_ogre_vendor/lib:/opt/ros/humble/lib/x86_64-linux-gnu:/opt/ros/humble/lib PYTHONPATH=/home/mk/dev_ws/install/uf_ros_lib/lib/python3.10/site-packages:/home/mk/dev_ws/install/zed_interfaces/local/lib/python3.10/dist-packages:/home/mk/dev_ws/build/yolo_object_detector:/home/mk/dev_ws/install/yolo_object_detector/lib/python3.10/site-packages:/home/mk/dev_ws/build/move_to_coordinator:/home/mk/dev_ws/install/move_to_coordinator/lib/python3.10/site-packages:/home/mk/dev_ws/build/motion_sequence:/home/mk/dev_ws/install/motion_sequence/lib/python3.10/site-packages:/home/mk/dev_ws/install/xarm_msgs/local/lib/python3.10/dist-packages:/home/mk/dev_ws/build/whisper_demos:/home/mk/dev_ws/install/whisper_demos/lib/python3.10/site-packages:/home/mk/dev_ws/build/voice_command_listener:/home/mk/dev_ws/install/voice_command_listener/lib/python3.10/site-packages:/home/mk/dev_ws/install/whisper_idl/local/lib/python3.10/dist-packages:/home/mk/dev_ws/build/uf_ros_lib:/home/mk/dev_ws/build/rviz_servo_status_overlay:/home/mk/dev_ws/install/rviz_servo_status_overlay/lib/python3.10/site-packages:/home/mk/dev_ws/build/rviz_marker_static_scene_objects:/home/mk/dev_ws/install/rviz_marker_static_scene_objects/lib/python3.10/site-packages:/home/mk/dev_ws/build/robot_motion_handler_movegroup:/home/mk/dev_ws/install/robot_motion_handler_movegroup/lib/python3.10/site-packages:/home/mk/dev_ws/install/my_3d_vision_bringup/local/lib/python3.10/dist-packages:/home/mk/dev_ws/build/gaze_control:/home/mk/dev_ws/install/gaze_control/lib/python3.10/site-packages:/home/mk/dev_ws/build/collision_check:/home/mk/dev_ws/install/collision_check/lib/python3.10/site-packages:/home/mk/dev_ws/build/audio_listener:/home/mk/dev_ws/install/audio_listener/lib/python3.10/site-packages:/opt/ros/humble/lib/python3.10/site-packages:/opt/ros/humble/local/lib/python3.10/dist-packages /usr/bin/cmake --build /home/mk/dev_ws/build/xarm_moveit_servo -- -j16 -l16
[6.756s] DEBUG:colcon.colcon_core.event_handler.log_command:Invoking command in '/home/mk/dev_ws/build/xarm_moveit_servo': AMENT_PREFIX_PATH=/home/mk/dev_ws/install/uf_ros_lib:/home/mk/dev_ws/install/zed_ros2:/home/mk/dev_ws/install/zed_wrapper:/home/mk/dev_ws/install/zed_components:/home/mk/dev_ws/install/zed_interfaces:/home/mk/dev_ws/install/yolo_object_detector:/home/mk/dev_ws/install/xarm_planner:/home/mk/dev_ws/install/xarm_moveit_servo:/home/mk/dev_ws/install/xarm_moveit_config:/home/mk/dev_ws/install/xarm_gazebo:/home/mk/dev_ws/install/xarm_controller:/home/mk/dev_ws/install/xarm_api:/home/mk/dev_ws/install/xarm_sdk:/home/mk/dev_ws/install/rviz_robot_control_panel:/home/mk/dev_ws/install/move_to_coordinator:/home/mk/dev_ws/install/motion_sequence:/home/mk/dev_ws/install/xarm_msgs:/home/mk/dev_ws/install/xarm_description:/home/mk/dev_ws/install/whisper_demos:/home/mk/dev_ws/install/whisper_bringup:/home/mk/dev_ws/install/whisper_server:/home/mk/dev_ws/install/transcript_manager:/home/mk/dev_ws/install/whisper_util:/home/mk/dev_ws/install/voice_command_listener:/home/mk/dev_ws/install/whisper_idl:/home/mk/dev_ws/install/whisper_cpp_vendor:/home/mk/dev_ws/install/rviz_servo_status_overlay:/home/mk/dev_ws/install/rviz_marker_static_scene_objects:/home/mk/dev_ws/install/robot_motion_handler_movegroup:/home/mk/dev_ws/install/realsense_gazebo_plugin:/home/mk/dev_ws/install/my_3d_vision_bringup:/home/mk/dev_ws/install/mbot_demo:/home/mk/dev_ws/install/gaze_control:/home/mk/dev_ws/install/collision_check:/home/mk/dev_ws/install/audio_listener:/opt/ros/humble CMAKE_PREFIX_PATH=/home/mk/dev_ws/install/xarm_moveit_config:/home/mk/dev_ws/install/xarm_gazebo:/home/mk/dev_ws/install/xarm_controller:/home/mk/dev_ws/install/xarm_api:/home/mk/dev_ws/install/xarm_sdk:/home/mk/dev_ws/install/xarm_msgs:/home/mk/dev_ws/install/xarm_description:/home/mk/dev_ws/install/whisper_idl:/home/mk/dev_ws/install/zed_ros2:/home/mk/dev_ws/install/zed_wrapper:/home/mk/dev_ws/install/zed_components:/home/mk/dev_ws/install/zed_interfaces:/home/mk/dev_ws/install/xarm_planner:/home/mk/dev_ws/install/xarm_moveit_servo:/home/mk/dev_ws/install/rviz_robot_control_panel:/home/mk/dev_ws/install/whisper_bringup:/home/mk/dev_ws/install/whisper_server:/home/mk/dev_ws/install/transcript_manager:/home/mk/dev_ws/install/whisper_util:/home/mk/dev_ws/install/whisper_cpp_vendor:/home/mk/dev_ws/install/realsense_gazebo_plugin:/home/mk/dev_ws/install/my_3d_vision_bringup:/home/mk/dev_ws/install/mbot_demo:/home/mk/dev_ws/install/yolo_object_detector:/home/mk/dev_ws/install/move_to_coordinator:/home/mk/dev_ws/install/motion_sequence:/home/mk/dev_ws/install/whisper_demos:/home/mk/dev_ws/install/voice_command_listener:/home/mk/dev_ws/install/uf_ros_lib:/home/mk/dev_ws/install/rviz_servo_status_overlay:/home/mk/dev_ws/install/rviz_marker_static_scene_objects:/home/mk/dev_ws/install/robot_motion_handler_movegroup:/home/mk/dev_ws/install/gaze_control:/home/mk/dev_ws/install/collision_check:/home/mk/dev_ws/install/audio_listener:/opt/ros/humble LD_LIBRARY_PATH=/home/mk/dev_ws/install/xarm_gazebo/lib:/home/mk/dev_ws/install/xarm_controller/lib:/home/mk/dev_ws/install/xarm_api/lib:/home/mk/dev_ws/install/xarm_sdk/lib:/home/mk/dev_ws/install/xarm_msgs/lib:/home/mk/dev_ws/install/whisper_idl/lib:/usr/local/cuda-12.1/lib64:/home/mk/dev_ws/install/zed_components/lib:/home/mk/dev_ws/install/zed_interfaces/lib:/home/mk/dev_ws/install/xarm_planner/lib:/home/mk/dev_ws/install/xarm_moveit_servo/lib:/home/mk/dev_ws/install/rviz_robot_control_panel/lib:/home/mk/dev_ws/install/whisper_server/lib:/home/mk/dev_ws/install/transcript_manager/lib:/home/mk/dev_ws/install/whisper_util/lib:/home/mk/dev_ws/install/whisper_cpp_vendor/lib:/home/mk/dev_ws/install/realsense_gazebo_plugin/lib:/home/mk/dev_ws/install/my_3d_vision_bringup/lib:/usr/lib/x86_64-linux-gnu/gazebo-11/plugins:/opt/ros/humble/opt/rviz_ogre_vendor/lib:/opt/ros/humble/lib/x86_64-linux-gnu:/opt/ros/humble/lib PYTHONPATH=/home/mk/dev_ws/install/uf_ros_lib/lib/python3.10/site-packages:/home/mk/dev_ws/install/zed_interfaces/local/lib/python3.10/dist-packages:/home/mk/dev_ws/build/yolo_object_detector:/home/mk/dev_ws/install/yolo_object_detector/lib/python3.10/site-packages:/home/mk/dev_ws/build/move_to_coordinator:/home/mk/dev_ws/install/move_to_coordinator/lib/python3.10/site-packages:/home/mk/dev_ws/build/motion_sequence:/home/mk/dev_ws/install/motion_sequence/lib/python3.10/site-packages:/home/mk/dev_ws/install/xarm_msgs/local/lib/python3.10/dist-packages:/home/mk/dev_ws/build/whisper_demos:/home/mk/dev_ws/install/whisper_demos/lib/python3.10/site-packages:/home/mk/dev_ws/build/voice_command_listener:/home/mk/dev_ws/install/voice_command_listener/lib/python3.10/site-packages:/home/mk/dev_ws/install/whisper_idl/local/lib/python3.10/dist-packages:/home/mk/dev_ws/build/uf_ros_lib:/home/mk/dev_ws/build/rviz_servo_status_overlay:/home/mk/dev_ws/install/rviz_servo_status_overlay/lib/python3.10/site-packages:/home/mk/dev_ws/build/rviz_marker_static_scene_objects:/home/mk/dev_ws/install/rviz_marker_static_scene_objects/lib/python3.10/site-packages:/home/mk/dev_ws/build/robot_motion_handler_movegroup:/home/mk/dev_ws/install/robot_motion_handler_movegroup/lib/python3.10/site-packages:/home/mk/dev_ws/install/my_3d_vision_bringup/local/lib/python3.10/dist-packages:/home/mk/dev_ws/build/gaze_control:/home/mk/dev_ws/install/gaze_control/lib/python3.10/site-packages:/home/mk/dev_ws/build/collision_check:/home/mk/dev_ws/install/collision_check/lib/python3.10/site-packages:/home/mk/dev_ws/build/audio_listener:/home/mk/dev_ws/install/audio_listener/lib/python3.10/site-packages:/opt/ros/humble/lib/python3.10/site-packages:/opt/ros/humble/local/lib/python3.10/dist-packages /usr/bin/cmake --install /home/mk/dev_ws/build/xarm_moveit_servo
[6.770s] Level 1:colcon.colcon_core.environment:create_environment_scripts_only(xarm_moveit_servo)
[6.771s] Level 1:colcon.colcon_core.environment:checking '/home/mk/dev_ws/install/xarm_moveit_servo' for CMake module files
[6.771s] DEBUG:colcon.colcon_core.event_handler.log_command:Invoked command in '/home/mk/dev_ws/build/xarm_moveit_servo' returned '0': AMENT_PREFIX_PATH=/home/mk/dev_ws/install/uf_ros_lib:/home/mk/dev_ws/install/zed_ros2:/home/mk/dev_ws/install/zed_wrapper:/home/mk/dev_ws/install/zed_components:/home/mk/dev_ws/install/zed_interfaces:/home/mk/dev_ws/install/yolo_object_detector:/home/mk/dev_ws/install/xarm_planner:/home/mk/dev_ws/install/xarm_moveit_servo:/home/mk/dev_ws/install/xarm_moveit_config:/home/mk/dev_ws/install/xarm_gazebo:/home/mk/dev_ws/install/xarm_controller:/home/mk/dev_ws/install/xarm_api:/home/mk/dev_ws/install/xarm_sdk:/home/mk/dev_ws/install/rviz_robot_control_panel:/home/mk/dev_ws/install/move_to_coordinator:/home/mk/dev_ws/install/motion_sequence:/home/mk/dev_ws/install/xarm_msgs:/home/mk/dev_ws/install/xarm_description:/home/mk/dev_ws/install/whisper_demos:/home/mk/dev_ws/install/whisper_bringup:/home/mk/dev_ws/install/whisper_server:/home/mk/dev_ws/install/transcript_manager:/home/mk/dev_ws/install/whisper_util:/home/mk/dev_ws/install/voice_command_listener:/home/mk/dev_ws/install/whisper_idl:/home/mk/dev_ws/install/whisper_cpp_vendor:/home/mk/dev_ws/install/rviz_servo_status_overlay:/home/mk/dev_ws/install/rviz_marker_static_scene_objects:/home/mk/dev_ws/install/robot_motion_handler_movegroup:/home/mk/dev_ws/install/realsense_gazebo_plugin:/home/mk/dev_ws/install/my_3d_vision_bringup:/home/mk/dev_ws/install/mbot_demo:/home/mk/dev_ws/install/gaze_control:/home/mk/dev_ws/install/collision_check:/home/mk/dev_ws/install/audio_listener:/opt/ros/humble CMAKE_PREFIX_PATH=/home/mk/dev_ws/install/xarm_moveit_config:/home/mk/dev_ws/install/xarm_gazebo:/home/mk/dev_ws/install/xarm_controller:/home/mk/dev_ws/install/xarm_api:/home/mk/dev_ws/install/xarm_sdk:/home/mk/dev_ws/install/xarm_msgs:/home/mk/dev_ws/install/xarm_description:/home/mk/dev_ws/install/whisper_idl:/home/mk/dev_ws/install/zed_ros2:/home/mk/dev_ws/install/zed_wrapper:/home/mk/dev_ws/install/zed_components:/home/mk/dev_ws/install/zed_interfaces:/home/mk/dev_ws/install/xarm_planner:/home/mk/dev_ws/install/xarm_moveit_servo:/home/mk/dev_ws/install/rviz_robot_control_panel:/home/mk/dev_ws/install/whisper_bringup:/home/mk/dev_ws/install/whisper_server:/home/mk/dev_ws/install/transcript_manager:/home/mk/dev_ws/install/whisper_util:/home/mk/dev_ws/install/whisper_cpp_vendor:/home/mk/dev_ws/install/realsense_gazebo_plugin:/home/mk/dev_ws/install/my_3d_vision_bringup:/home/mk/dev_ws/install/mbot_demo:/home/mk/dev_ws/install/yolo_object_detector:/home/mk/dev_ws/install/move_to_coordinator:/home/mk/dev_ws/install/motion_sequence:/home/mk/dev_ws/install/whisper_demos:/home/mk/dev_ws/install/voice_command_listener:/home/mk/dev_ws/install/uf_ros_lib:/home/mk/dev_ws/install/rviz_servo_status_overlay:/home/mk/dev_ws/install/rviz_marker_static_scene_objects:/home/mk/dev_ws/install/robot_motion_handler_movegroup:/home/mk/dev_ws/install/gaze_control:/home/mk/dev_ws/install/collision_check:/home/mk/dev_ws/install/audio_listener:/opt/ros/humble LD_LIBRARY_PATH=/home/mk/dev_ws/install/xarm_gazebo/lib:/home/mk/dev_ws/install/xarm_controller/lib:/home/mk/dev_ws/install/xarm_api/lib:/home/mk/dev_ws/install/xarm_sdk/lib:/home/mk/dev_ws/install/xarm_msgs/lib:/home/mk/dev_ws/install/whisper_idl/lib:/usr/local/cuda-12.1/lib64:/home/mk/dev_ws/install/zed_components/lib:/home/mk/dev_ws/install/zed_interfaces/lib:/home/mk/dev_ws/install/xarm_planner/lib:/home/mk/dev_ws/install/xarm_moveit_servo/lib:/home/mk/dev_ws/install/rviz_robot_control_panel/lib:/home/mk/dev_ws/install/whisper_server/lib:/home/mk/dev_ws/install/transcript_manager/lib:/home/mk/dev_ws/install/whisper_util/lib:/home/mk/dev_ws/install/whisper_cpp_vendor/lib:/home/mk/dev_ws/install/realsense_gazebo_plugin/lib:/home/mk/dev_ws/install/my_3d_vision_bringup/lib:/usr/lib/x86_64-linux-gnu/gazebo-11/plugins:/opt/ros/humble/opt/rviz_ogre_vendor/lib:/opt/ros/humble/lib/x86_64-linux-gnu:/opt/ros/humble/lib PYTHONPATH=/home/mk/dev_ws/install/uf_ros_lib/lib/python3.10/site-packages:/home/mk/dev_ws/install/zed_interfaces/local/lib/python3.10/dist-packages:/home/mk/dev_ws/build/yolo_object_detector:/home/mk/dev_ws/install/yolo_object_detector/lib/python3.10/site-packages:/home/mk/dev_ws/build/move_to_coordinator:/home/mk/dev_ws/install/move_to_coordinator/lib/python3.10/site-packages:/home/mk/dev_ws/build/motion_sequence:/home/mk/dev_ws/install/motion_sequence/lib/python3.10/site-packages:/home/mk/dev_ws/install/xarm_msgs/local/lib/python3.10/dist-packages:/home/mk/dev_ws/build/whisper_demos:/home/mk/dev_ws/install/whisper_demos/lib/python3.10/site-packages:/home/mk/dev_ws/build/voice_command_listener:/home/mk/dev_ws/install/voice_command_listener/lib/python3.10/site-packages:/home/mk/dev_ws/install/whisper_idl/local/lib/python3.10/dist-packages:/home/mk/dev_ws/build/uf_ros_lib:/home/mk/dev_ws/build/rviz_servo_status_overlay:/home/mk/dev_ws/install/rviz_servo_status_overlay/lib/python3.10/site-packages:/home/mk/dev_ws/build/rviz_marker_static_scene_objects:/home/mk/dev_ws/install/rviz_marker_static_scene_objects/lib/python3.10/site-packages:/home/mk/dev_ws/build/robot_motion_handler_movegroup:/home/mk/dev_ws/install/robot_motion_handler_movegroup/lib/python3.10/site-packages:/home/mk/dev_ws/install/my_3d_vision_bringup/local/lib/python3.10/dist-packages:/home/mk/dev_ws/build/gaze_control:/home/mk/dev_ws/install/gaze_control/lib/python3.10/site-packages:/home/mk/dev_ws/build/collision_check:/home/mk/dev_ws/install/collision_check/lib/python3.10/site-packages:/home/mk/dev_ws/build/audio_listener:/home/mk/dev_ws/install/audio_listener/lib/python3.10/site-packages:/opt/ros/humble/lib/python3.10/site-packages:/opt/ros/humble/local/lib/python3.10/dist-packages /usr/bin/cmake --install /home/mk/dev_ws/build/xarm_moveit_servo
[6.771s] Level 1:colcon.colcon_core.environment:checking '/home/mk/dev_ws/install/xarm_moveit_servo' for CMake config files
[6.772s] Level 1:colcon.colcon_core.shell:create_environment_hook('xarm_moveit_servo', 'cmake_prefix_path')
[6.772s] INFO:colcon.colcon_core.shell:Creating environment hook '/home/mk/dev_ws/install/xarm_moveit_servo/share/xarm_moveit_servo/hook/cmake_prefix_path.ps1'
[6.772s] INFO:colcon.colcon_core.shell:Creating environment descriptor '/home/mk/dev_ws/install/xarm_moveit_servo/share/xarm_moveit_servo/hook/cmake_prefix_path.dsv'
[6.773s] INFO:colcon.colcon_core.shell:Creating environment hook '/home/mk/dev_ws/install/xarm_moveit_servo/share/xarm_moveit_servo/hook/cmake_prefix_path.sh'
[6.773s] Level 1:colcon.colcon_core.environment:checking '/home/mk/dev_ws/install/xarm_moveit_servo/lib'
[6.773s] Level 1:colcon.colcon_core.shell:create_environment_hook('xarm_moveit_servo', 'ld_library_path_lib')
[6.773s] INFO:colcon.colcon_core.shell:Creating environment hook '/home/mk/dev_ws/install/xarm_moveit_servo/share/xarm_moveit_servo/hook/ld_library_path_lib.ps1'
[6.774s] INFO:colcon.colcon_core.shell:Creating environment descriptor '/home/mk/dev_ws/install/xarm_moveit_servo/share/xarm_moveit_servo/hook/ld_library_path_lib.dsv'
[6.774s] INFO:colcon.colcon_core.shell:Creating environment hook '/home/mk/dev_ws/install/xarm_moveit_servo/share/xarm_moveit_servo/hook/ld_library_path_lib.sh'
[6.774s] Level 1:colcon.colcon_core.environment:checking '/home/mk/dev_ws/install/xarm_moveit_servo/bin'
[6.774s] Level 1:colcon.colcon_core.environment:checking '/home/mk/dev_ws/install/xarm_moveit_servo/lib/pkgconfig/xarm_moveit_servo.pc'
[6.774s] Level 1:colcon.colcon_core.environment:checking '/home/mk/dev_ws/install/xarm_moveit_servo/lib/python3.10/site-packages'
[6.774s] Level 1:colcon.colcon_core.environment:checking '/home/mk/dev_ws/install/xarm_moveit_servo/bin'
[6.775s] INFO:colcon.colcon_core.shell:Creating package script '/home/mk/dev_ws/install/xarm_moveit_servo/share/xarm_moveit_servo/package.ps1'
[6.775s] INFO:colcon.colcon_core.shell:Creating package descriptor '/home/mk/dev_ws/install/xarm_moveit_servo/share/xarm_moveit_servo/package.dsv'
[6.776s] INFO:colcon.colcon_core.shell:Creating package script '/home/mk/dev_ws/install/xarm_moveit_servo/share/xarm_moveit_servo/package.sh'
[6.776s] INFO:colcon.colcon_core.shell:Creating package script '/home/mk/dev_ws/install/xarm_moveit_servo/share/xarm_moveit_servo/package.bash'
[6.776s] INFO:colcon.colcon_core.shell:Creating package script '/home/mk/dev_ws/install/xarm_moveit_servo/share/xarm_moveit_servo/package.zsh'
[6.776s] Level 1:colcon.colcon_core.environment:create_file_with_runtime_dependencies(/home/mk/dev_ws/install/xarm_moveit_servo/share/colcon-core/packages/xarm_moveit_servo)
[6.777s] Level 1:colcon.colcon_core.environment:create_environment_scripts_only(xarm_moveit_servo)
[6.777s] Level 1:colcon.colcon_core.environment:checking '/home/mk/dev_ws/install/xarm_moveit_servo' for CMake module files
[6.777s] Level 1:colcon.colcon_core.environment:checking '/home/mk/dev_ws/install/xarm_moveit_servo' for CMake config files
[6.778s] Level 1:colcon.colcon_core.shell:create_environment_hook('xarm_moveit_servo', 'cmake_prefix_path')
[6.778s] INFO:colcon.colcon_core.shell:Creating environment hook '/home/mk/dev_ws/install/xarm_moveit_servo/share/xarm_moveit_servo/hook/cmake_prefix_path.ps1'
[6.778s] INFO:colcon.colcon_core.shell:Creating environment descriptor '/home/mk/dev_ws/install/xarm_moveit_servo/share/xarm_moveit_servo/hook/cmake_prefix_path.dsv'
[6.778s] INFO:colcon.colcon_core.shell:Creating environment hook '/home/mk/dev_ws/install/xarm_moveit_servo/share/xarm_moveit_servo/hook/cmake_prefix_path.sh'
[6.779s] Level 1:colcon.colcon_core.environment:checking '/home/mk/dev_ws/install/xarm_moveit_servo/lib'
[6.779s] Level 1:colcon.colcon_core.shell:create_environment_hook('xarm_moveit_servo', 'ld_library_path_lib')
[6.779s] INFO:colcon.colcon_core.shell:Creating environment hook '/home/mk/dev_ws/install/xarm_moveit_servo/share/xarm_moveit_servo/hook/ld_library_path_lib.ps1'
[6.779s] INFO:colcon.colcon_core.shell:Creating environment descriptor '/home/mk/dev_ws/install/xarm_moveit_servo/share/xarm_moveit_servo/hook/ld_library_path_lib.dsv'
[6.780s] INFO:colcon.colcon_core.shell:Creating environment hook '/home/mk/dev_ws/install/xarm_moveit_servo/share/xarm_moveit_servo/hook/ld_library_path_lib.sh'
[6.780s] Level 1:colcon.colcon_core.environment:checking '/home/mk/dev_ws/install/xarm_moveit_servo/bin'
[6.780s] Level 1:colcon.colcon_core.environment:checking '/home/mk/dev_ws/install/xarm_moveit_servo/lib/pkgconfig/xarm_moveit_servo.pc'
[6.780s] Level 1:colcon.colcon_core.environment:checking '/home/mk/dev_ws/install/xarm_moveit_servo/lib/python3.10/site-packages'
[6.780s] Level 1:colcon.colcon_core.environment:checking '/home/mk/dev_ws/install/xarm_moveit_servo/bin'
[6.780s] INFO:colcon.colcon_core.shell:Creating package script '/home/mk/dev_ws/install/xarm_moveit_servo/share/xarm_moveit_servo/package.ps1'
[6.781s] INFO:colcon.colcon_core.shell:Creating package descriptor '/home/mk/dev_ws/install/xarm_moveit_servo/share/xarm_moveit_servo/package.dsv'
[6.781s] INFO:colcon.colcon_core.shell:Creating package script '/home/mk/dev_ws/install/xarm_moveit_servo/share/xarm_moveit_servo/package.sh'
[6.782s] INFO:colcon.colcon_core.shell:Creating package script '/home/mk/dev_ws/install/xarm_moveit_servo/share/xarm_moveit_servo/package.bash'
[6.782s] INFO:colcon.colcon_core.shell:Creating package script '/home/mk/dev_ws/install/xarm_moveit_servo/share/xarm_moveit_servo/package.zsh'
[6.782s] Level 1:colcon.colcon_core.environment:create_file_with_runtime_dependencies(/home/mk/dev_ws/install/xarm_moveit_servo/share/colcon-core/packages/xarm_moveit_servo)
[6.834s] DEBUG:colcon.colcon_core.event_handler.log_command:Invoked command in '/home/mk/dev_ws/build/xarm_planner' returned '0': AMENT_PREFIX_PATH=/home/mk/dev_ws/install/uf_ros_lib:/home/mk/dev_ws/install/zed_ros2:/home/mk/dev_ws/install/zed_wrapper:/home/mk/dev_ws/install/zed_components:/home/mk/dev_ws/install/zed_interfaces:/home/mk/dev_ws/install/yolo_object_detector:/home/mk/dev_ws/install/xarm_planner:/home/mk/dev_ws/install/xarm_moveit_servo:/home/mk/dev_ws/install/xarm_moveit_config:/home/mk/dev_ws/install/xarm_gazebo:/home/mk/dev_ws/install/xarm_controller:/home/mk/dev_ws/install/xarm_api:/home/mk/dev_ws/install/xarm_sdk:/home/mk/dev_ws/install/rviz_robot_control_panel:/home/mk/dev_ws/install/move_to_coordinator:/home/mk/dev_ws/install/motion_sequence:/home/mk/dev_ws/install/xarm_msgs:/home/mk/dev_ws/install/xarm_description:/home/mk/dev_ws/install/whisper_demos:/home/mk/dev_ws/install/whisper_bringup:/home/mk/dev_ws/install/whisper_server:/home/mk/dev_ws/install/transcript_manager:/home/mk/dev_ws/install/whisper_util:/home/mk/dev_ws/install/voice_command_listener:/home/mk/dev_ws/install/whisper_idl:/home/mk/dev_ws/install/whisper_cpp_vendor:/home/mk/dev_ws/install/rviz_servo_status_overlay:/home/mk/dev_ws/install/rviz_marker_static_scene_objects:/home/mk/dev_ws/install/robot_motion_handler_movegroup:/home/mk/dev_ws/install/realsense_gazebo_plugin:/home/mk/dev_ws/install/my_3d_vision_bringup:/home/mk/dev_ws/install/mbot_demo:/home/mk/dev_ws/install/gaze_control:/home/mk/dev_ws/install/collision_check:/home/mk/dev_ws/install/audio_listener:/opt/ros/humble CMAKE_PREFIX_PATH=/home/mk/dev_ws/install/xarm_moveit_config:/home/mk/dev_ws/install/xarm_gazebo:/home/mk/dev_ws/install/xarm_controller:/home/mk/dev_ws/install/xarm_api:/home/mk/dev_ws/install/xarm_sdk:/home/mk/dev_ws/install/xarm_msgs:/home/mk/dev_ws/install/xarm_description:/home/mk/dev_ws/install/zed_ros2:/home/mk/dev_ws/install/zed_wrapper:/home/mk/dev_ws/install/zed_components:/home/mk/dev_ws/install/zed_interfaces:/home/mk/dev_ws/install/xarm_planner:/home/mk/dev_ws/install/xarm_moveit_servo:/home/mk/dev_ws/install/rviz_robot_control_panel:/home/mk/dev_ws/install/whisper_bringup:/home/mk/dev_ws/install/whisper_server:/home/mk/dev_ws/install/transcript_manager:/home/mk/dev_ws/install/whisper_util:/home/mk/dev_ws/install/whisper_idl:/home/mk/dev_ws/install/whisper_cpp_vendor:/home/mk/dev_ws/install/realsense_gazebo_plugin:/home/mk/dev_ws/install/my_3d_vision_bringup:/home/mk/dev_ws/install/mbot_demo:/home/mk/dev_ws/install/yolo_object_detector:/home/mk/dev_ws/install/move_to_coordinator:/home/mk/dev_ws/install/motion_sequence:/home/mk/dev_ws/install/whisper_demos:/home/mk/dev_ws/install/voice_command_listener:/home/mk/dev_ws/install/uf_ros_lib:/home/mk/dev_ws/install/rviz_servo_status_overlay:/home/mk/dev_ws/install/rviz_marker_static_scene_objects:/home/mk/dev_ws/install/robot_motion_handler_movegroup:/home/mk/dev_ws/install/gaze_control:/home/mk/dev_ws/install/collision_check:/home/mk/dev_ws/install/audio_listener:/opt/ros/humble LD_LIBRARY_PATH=/home/mk/dev_ws/install/xarm_gazebo/lib:/home/mk/dev_ws/install/xarm_controller/lib:/home/mk/dev_ws/install/xarm_api/lib:/home/mk/dev_ws/install/xarm_sdk/lib:/home/mk/dev_ws/install/xarm_msgs/lib:/usr/local/cuda-12.1/lib64:/home/mk/dev_ws/install/zed_components/lib:/home/mk/dev_ws/install/zed_interfaces/lib:/home/mk/dev_ws/install/xarm_planner/lib:/home/mk/dev_ws/install/xarm_moveit_servo/lib:/home/mk/dev_ws/install/rviz_robot_control_panel/lib:/home/mk/dev_ws/install/whisper_server/lib:/home/mk/dev_ws/install/transcript_manager/lib:/home/mk/dev_ws/install/whisper_util/lib:/home/mk/dev_ws/install/whisper_idl/lib:/home/mk/dev_ws/install/whisper_cpp_vendor/lib:/home/mk/dev_ws/install/realsense_gazebo_plugin/lib:/home/mk/dev_ws/install/my_3d_vision_bringup/lib:/usr/lib/x86_64-linux-gnu/gazebo-11/plugins:/opt/ros/humble/opt/rviz_ogre_vendor/lib:/opt/ros/humble/lib/x86_64-linux-gnu:/opt/ros/humble/lib PYTHONPATH=/home/mk/dev_ws/install/uf_ros_lib/lib/python3.10/site-packages:/home/mk/dev_ws/install/zed_interfaces/local/lib/python3.10/dist-packages:/home/mk/dev_ws/build/yolo_object_detector:/home/mk/dev_ws/install/yolo_object_detector/lib/python3.10/site-packages:/home/mk/dev_ws/build/move_to_coordinator:/home/mk/dev_ws/install/move_to_coordinator/lib/python3.10/site-packages:/home/mk/dev_ws/build/motion_sequence:/home/mk/dev_ws/install/motion_sequence/lib/python3.10/site-packages:/home/mk/dev_ws/install/xarm_msgs/local/lib/python3.10/dist-packages:/home/mk/dev_ws/build/whisper_demos:/home/mk/dev_ws/install/whisper_demos/lib/python3.10/site-packages:/home/mk/dev_ws/build/voice_command_listener:/home/mk/dev_ws/install/voice_command_listener/lib/python3.10/site-packages:/home/mk/dev_ws/install/whisper_idl/local/lib/python3.10/dist-packages:/home/mk/dev_ws/build/uf_ros_lib:/home/mk/dev_ws/build/rviz_servo_status_overlay:/home/mk/dev_ws/install/rviz_servo_status_overlay/lib/python3.10/site-packages:/home/mk/dev_ws/build/rviz_marker_static_scene_objects:/home/mk/dev_ws/install/rviz_marker_static_scene_objects/lib/python3.10/site-packages:/home/mk/dev_ws/build/robot_motion_handler_movegroup:/home/mk/dev_ws/install/robot_motion_handler_movegroup/lib/python3.10/site-packages:/home/mk/dev_ws/install/my_3d_vision_bringup/local/lib/python3.10/dist-packages:/home/mk/dev_ws/build/gaze_control:/home/mk/dev_ws/install/gaze_control/lib/python3.10/site-packages:/home/mk/dev_ws/build/collision_check:/home/mk/dev_ws/install/collision_check/lib/python3.10/site-packages:/home/mk/dev_ws/build/audio_listener:/home/mk/dev_ws/install/audio_listener/lib/python3.10/site-packages:/opt/ros/humble/lib/python3.10/site-packages:/opt/ros/humble/local/lib/python3.10/dist-packages /usr/bin/cmake --build /home/mk/dev_ws/build/xarm_planner -- -j16 -l16
[6.836s] DEBUG:colcon.colcon_core.event_handler.log_command:Invoking command in '/home/mk/dev_ws/build/xarm_planner': AMENT_PREFIX_PATH=/home/mk/dev_ws/install/uf_ros_lib:/home/mk/dev_ws/install/zed_ros2:/home/mk/dev_ws/install/zed_wrapper:/home/mk/dev_ws/install/zed_components:/home/mk/dev_ws/install/zed_interfaces:/home/mk/dev_ws/install/yolo_object_detector:/home/mk/dev_ws/install/xarm_planner:/home/mk/dev_ws/install/xarm_moveit_servo:/home/mk/dev_ws/install/xarm_moveit_config:/home/mk/dev_ws/install/xarm_gazebo:/home/mk/dev_ws/install/xarm_controller:/home/mk/dev_ws/install/xarm_api:/home/mk/dev_ws/install/xarm_sdk:/home/mk/dev_ws/install/rviz_robot_control_panel:/home/mk/dev_ws/install/move_to_coordinator:/home/mk/dev_ws/install/motion_sequence:/home/mk/dev_ws/install/xarm_msgs:/home/mk/dev_ws/install/xarm_description:/home/mk/dev_ws/install/whisper_demos:/home/mk/dev_ws/install/whisper_bringup:/home/mk/dev_ws/install/whisper_server:/home/mk/dev_ws/install/transcript_manager:/home/mk/dev_ws/install/whisper_util:/home/mk/dev_ws/install/voice_command_listener:/home/mk/dev_ws/install/whisper_idl:/home/mk/dev_ws/install/whisper_cpp_vendor:/home/mk/dev_ws/install/rviz_servo_status_overlay:/home/mk/dev_ws/install/rviz_marker_static_scene_objects:/home/mk/dev_ws/install/robot_motion_handler_movegroup:/home/mk/dev_ws/install/realsense_gazebo_plugin:/home/mk/dev_ws/install/my_3d_vision_bringup:/home/mk/dev_ws/install/mbot_demo:/home/mk/dev_ws/install/gaze_control:/home/mk/dev_ws/install/collision_check:/home/mk/dev_ws/install/audio_listener:/opt/ros/humble CMAKE_PREFIX_PATH=/home/mk/dev_ws/install/xarm_moveit_config:/home/mk/dev_ws/install/xarm_gazebo:/home/mk/dev_ws/install/xarm_controller:/home/mk/dev_ws/install/xarm_api:/home/mk/dev_ws/install/xarm_sdk:/home/mk/dev_ws/install/xarm_msgs:/home/mk/dev_ws/install/xarm_description:/home/mk/dev_ws/install/zed_ros2:/home/mk/dev_ws/install/zed_wrapper:/home/mk/dev_ws/install/zed_components:/home/mk/dev_ws/install/zed_interfaces:/home/mk/dev_ws/install/xarm_planner:/home/mk/dev_ws/install/xarm_moveit_servo:/home/mk/dev_ws/install/rviz_robot_control_panel:/home/mk/dev_ws/install/whisper_bringup:/home/mk/dev_ws/install/whisper_server:/home/mk/dev_ws/install/transcript_manager:/home/mk/dev_ws/install/whisper_util:/home/mk/dev_ws/install/whisper_idl:/home/mk/dev_ws/install/whisper_cpp_vendor:/home/mk/dev_ws/install/realsense_gazebo_plugin:/home/mk/dev_ws/install/my_3d_vision_bringup:/home/mk/dev_ws/install/mbot_demo:/home/mk/dev_ws/install/yolo_object_detector:/home/mk/dev_ws/install/move_to_coordinator:/home/mk/dev_ws/install/motion_sequence:/home/mk/dev_ws/install/whisper_demos:/home/mk/dev_ws/install/voice_command_listener:/home/mk/dev_ws/install/uf_ros_lib:/home/mk/dev_ws/install/rviz_servo_status_overlay:/home/mk/dev_ws/install/rviz_marker_static_scene_objects:/home/mk/dev_ws/install/robot_motion_handler_movegroup:/home/mk/dev_ws/install/gaze_control:/home/mk/dev_ws/install/collision_check:/home/mk/dev_ws/install/audio_listener:/opt/ros/humble LD_LIBRARY_PATH=/home/mk/dev_ws/install/xarm_gazebo/lib:/home/mk/dev_ws/install/xarm_controller/lib:/home/mk/dev_ws/install/xarm_api/lib:/home/mk/dev_ws/install/xarm_sdk/lib:/home/mk/dev_ws/install/xarm_msgs/lib:/usr/local/cuda-12.1/lib64:/home/mk/dev_ws/install/zed_components/lib:/home/mk/dev_ws/install/zed_interfaces/lib:/home/mk/dev_ws/install/xarm_planner/lib:/home/mk/dev_ws/install/xarm_moveit_servo/lib:/home/mk/dev_ws/install/rviz_robot_control_panel/lib:/home/mk/dev_ws/install/whisper_server/lib:/home/mk/dev_ws/install/transcript_manager/lib:/home/mk/dev_ws/install/whisper_util/lib:/home/mk/dev_ws/install/whisper_idl/lib:/home/mk/dev_ws/install/whisper_cpp_vendor/lib:/home/mk/dev_ws/install/realsense_gazebo_plugin/lib:/home/mk/dev_ws/install/my_3d_vision_bringup/lib:/usr/lib/x86_64-linux-gnu/gazebo-11/plugins:/opt/ros/humble/opt/rviz_ogre_vendor/lib:/opt/ros/humble/lib/x86_64-linux-gnu:/opt/ros/humble/lib PYTHONPATH=/home/mk/dev_ws/install/uf_ros_lib/lib/python3.10/site-packages:/home/mk/dev_ws/install/zed_interfaces/local/lib/python3.10/dist-packages:/home/mk/dev_ws/build/yolo_object_detector:/home/mk/dev_ws/install/yolo_object_detector/lib/python3.10/site-packages:/home/mk/dev_ws/build/move_to_coordinator:/home/mk/dev_ws/install/move_to_coordinator/lib/python3.10/site-packages:/home/mk/dev_ws/build/motion_sequence:/home/mk/dev_ws/install/motion_sequence/lib/python3.10/site-packages:/home/mk/dev_ws/install/xarm_msgs/local/lib/python3.10/dist-packages:/home/mk/dev_ws/build/whisper_demos:/home/mk/dev_ws/install/whisper_demos/lib/python3.10/site-packages:/home/mk/dev_ws/build/voice_command_listener:/home/mk/dev_ws/install/voice_command_listener/lib/python3.10/site-packages:/home/mk/dev_ws/install/whisper_idl/local/lib/python3.10/dist-packages:/home/mk/dev_ws/build/uf_ros_lib:/home/mk/dev_ws/build/rviz_servo_status_overlay:/home/mk/dev_ws/install/rviz_servo_status_overlay/lib/python3.10/site-packages:/home/mk/dev_ws/build/rviz_marker_static_scene_objects:/home/mk/dev_ws/install/rviz_marker_static_scene_objects/lib/python3.10/site-packages:/home/mk/dev_ws/build/robot_motion_handler_movegroup:/home/mk/dev_ws/install/robot_motion_handler_movegroup/lib/python3.10/site-packages:/home/mk/dev_ws/install/my_3d_vision_bringup/local/lib/python3.10/dist-packages:/home/mk/dev_ws/build/gaze_control:/home/mk/dev_ws/install/gaze_control/lib/python3.10/site-packages:/home/mk/dev_ws/build/collision_check:/home/mk/dev_ws/install/collision_check/lib/python3.10/site-packages:/home/mk/dev_ws/build/audio_listener:/home/mk/dev_ws/install/audio_listener/lib/python3.10/site-packages:/opt/ros/humble/lib/python3.10/site-packages:/opt/ros/humble/local/lib/python3.10/dist-packages /usr/bin/cmake --install /home/mk/dev_ws/build/xarm_planner
[6.851s] Level 1:colcon.colcon_core.environment:create_environment_scripts_only(xarm_planner)
[6.852s] Level 1:colcon.colcon_core.environment:checking '/home/mk/dev_ws/install/xarm_planner' for CMake module files
[6.852s] DEBUG:colcon.colcon_core.event_handler.log_command:Invoked command in '/home/mk/dev_ws/build/xarm_planner' returned '0': AMENT_PREFIX_PATH=/home/mk/dev_ws/install/uf_ros_lib:/home/mk/dev_ws/install/zed_ros2:/home/mk/dev_ws/install/zed_wrapper:/home/mk/dev_ws/install/zed_components:/home/mk/dev_ws/install/zed_interfaces:/home/mk/dev_ws/install/yolo_object_detector:/home/mk/dev_ws/install/xarm_planner:/home/mk/dev_ws/install/xarm_moveit_servo:/home/mk/dev_ws/install/xarm_moveit_config:/home/mk/dev_ws/install/xarm_gazebo:/home/mk/dev_ws/install/xarm_controller:/home/mk/dev_ws/install/xarm_api:/home/mk/dev_ws/install/xarm_sdk:/home/mk/dev_ws/install/rviz_robot_control_panel:/home/mk/dev_ws/install/move_to_coordinator:/home/mk/dev_ws/install/motion_sequence:/home/mk/dev_ws/install/xarm_msgs:/home/mk/dev_ws/install/xarm_description:/home/mk/dev_ws/install/whisper_demos:/home/mk/dev_ws/install/whisper_bringup:/home/mk/dev_ws/install/whisper_server:/home/mk/dev_ws/install/transcript_manager:/home/mk/dev_ws/install/whisper_util:/home/mk/dev_ws/install/voice_command_listener:/home/mk/dev_ws/install/whisper_idl:/home/mk/dev_ws/install/whisper_cpp_vendor:/home/mk/dev_ws/install/rviz_servo_status_overlay:/home/mk/dev_ws/install/rviz_marker_static_scene_objects:/home/mk/dev_ws/install/robot_motion_handler_movegroup:/home/mk/dev_ws/install/realsense_gazebo_plugin:/home/mk/dev_ws/install/my_3d_vision_bringup:/home/mk/dev_ws/install/mbot_demo:/home/mk/dev_ws/install/gaze_control:/home/mk/dev_ws/install/collision_check:/home/mk/dev_ws/install/audio_listener:/opt/ros/humble CMAKE_PREFIX_PATH=/home/mk/dev_ws/install/xarm_moveit_config:/home/mk/dev_ws/install/xarm_gazebo:/home/mk/dev_ws/install/xarm_controller:/home/mk/dev_ws/install/xarm_api:/home/mk/dev_ws/install/xarm_sdk:/home/mk/dev_ws/install/xarm_msgs:/home/mk/dev_ws/install/xarm_description:/home/mk/dev_ws/install/zed_ros2:/home/mk/dev_ws/install/zed_wrapper:/home/mk/dev_ws/install/zed_components:/home/mk/dev_ws/install/zed_interfaces:/home/mk/dev_ws/install/xarm_planner:/home/mk/dev_ws/install/xarm_moveit_servo:/home/mk/dev_ws/install/rviz_robot_control_panel:/home/mk/dev_ws/install/whisper_bringup:/home/mk/dev_ws/install/whisper_server:/home/mk/dev_ws/install/transcript_manager:/home/mk/dev_ws/install/whisper_util:/home/mk/dev_ws/install/whisper_idl:/home/mk/dev_ws/install/whisper_cpp_vendor:/home/mk/dev_ws/install/realsense_gazebo_plugin:/home/mk/dev_ws/install/my_3d_vision_bringup:/home/mk/dev_ws/install/mbot_demo:/home/mk/dev_ws/install/yolo_object_detector:/home/mk/dev_ws/install/move_to_coordinator:/home/mk/dev_ws/install/motion_sequence:/home/mk/dev_ws/install/whisper_demos:/home/mk/dev_ws/install/voice_command_listener:/home/mk/dev_ws/install/uf_ros_lib:/home/mk/dev_ws/install/rviz_servo_status_overlay:/home/mk/dev_ws/install/rviz_marker_static_scene_objects:/home/mk/dev_ws/install/robot_motion_handler_movegroup:/home/mk/dev_ws/install/gaze_control:/home/mk/dev_ws/install/collision_check:/home/mk/dev_ws/install/audio_listener:/opt/ros/humble LD_LIBRARY_PATH=/home/mk/dev_ws/install/xarm_gazebo/lib:/home/mk/dev_ws/install/xarm_controller/lib:/home/mk/dev_ws/install/xarm_api/lib:/home/mk/dev_ws/install/xarm_sdk/lib:/home/mk/dev_ws/install/xarm_msgs/lib:/usr/local/cuda-12.1/lib64:/home/mk/dev_ws/install/zed_components/lib:/home/mk/dev_ws/install/zed_interfaces/lib:/home/mk/dev_ws/install/xarm_planner/lib:/home/mk/dev_ws/install/xarm_moveit_servo/lib:/home/mk/dev_ws/install/rviz_robot_control_panel/lib:/home/mk/dev_ws/install/whisper_server/lib:/home/mk/dev_ws/install/transcript_manager/lib:/home/mk/dev_ws/install/whisper_util/lib:/home/mk/dev_ws/install/whisper_idl/lib:/home/mk/dev_ws/install/whisper_cpp_vendor/lib:/home/mk/dev_ws/install/realsense_gazebo_plugin/lib:/home/mk/dev_ws/install/my_3d_vision_bringup/lib:/usr/lib/x86_64-linux-gnu/gazebo-11/plugins:/opt/ros/humble/opt/rviz_ogre_vendor/lib:/opt/ros/humble/lib/x86_64-linux-gnu:/opt/ros/humble/lib PYTHONPATH=/home/mk/dev_ws/install/uf_ros_lib/lib/python3.10/site-packages:/home/mk/dev_ws/install/zed_interfaces/local/lib/python3.10/dist-packages:/home/mk/dev_ws/build/yolo_object_detector:/home/mk/dev_ws/install/yolo_object_detector/lib/python3.10/site-packages:/home/mk/dev_ws/build/move_to_coordinator:/home/mk/dev_ws/install/move_to_coordinator/lib/python3.10/site-packages:/home/mk/dev_ws/build/motion_sequence:/home/mk/dev_ws/install/motion_sequence/lib/python3.10/site-packages:/home/mk/dev_ws/install/xarm_msgs/local/lib/python3.10/dist-packages:/home/mk/dev_ws/build/whisper_demos:/home/mk/dev_ws/install/whisper_demos/lib/python3.10/site-packages:/home/mk/dev_ws/build/voice_command_listener:/home/mk/dev_ws/install/voice_command_listener/lib/python3.10/site-packages:/home/mk/dev_ws/install/whisper_idl/local/lib/python3.10/dist-packages:/home/mk/dev_ws/build/uf_ros_lib:/home/mk/dev_ws/build/rviz_servo_status_overlay:/home/mk/dev_ws/install/rviz_servo_status_overlay/lib/python3.10/site-packages:/home/mk/dev_ws/build/rviz_marker_static_scene_objects:/home/mk/dev_ws/install/rviz_marker_static_scene_objects/lib/python3.10/site-packages:/home/mk/dev_ws/build/robot_motion_handler_movegroup:/home/mk/dev_ws/install/robot_motion_handler_movegroup/lib/python3.10/site-packages:/home/mk/dev_ws/install/my_3d_vision_bringup/local/lib/python3.10/dist-packages:/home/mk/dev_ws/build/gaze_control:/home/mk/dev_ws/install/gaze_control/lib/python3.10/site-packages:/home/mk/dev_ws/build/collision_check:/home/mk/dev_ws/install/collision_check/lib/python3.10/site-packages:/home/mk/dev_ws/build/audio_listener:/home/mk/dev_ws/install/audio_listener/lib/python3.10/site-packages:/opt/ros/humble/lib/python3.10/site-packages:/opt/ros/humble/local/lib/python3.10/dist-packages /usr/bin/cmake --install /home/mk/dev_ws/build/xarm_planner
[6.852s] Level 1:colcon.colcon_core.environment:checking '/home/mk/dev_ws/install/xarm_planner' for CMake config files
[6.853s] Level 1:colcon.colcon_core.shell:create_environment_hook('xarm_planner', 'cmake_prefix_path')
[6.853s] INFO:colcon.colcon_core.shell:Creating environment hook '/home/mk/dev_ws/install/xarm_planner/share/xarm_planner/hook/cmake_prefix_path.ps1'
[6.853s] INFO:colcon.colcon_core.shell:Creating environment descriptor '/home/mk/dev_ws/install/xarm_planner/share/xarm_planner/hook/cmake_prefix_path.dsv'
[6.854s] INFO:colcon.colcon_core.shell:Creating environment hook '/home/mk/dev_ws/install/xarm_planner/share/xarm_planner/hook/cmake_prefix_path.sh'
[6.854s] Level 1:colcon.colcon_core.environment:checking '/home/mk/dev_ws/install/xarm_planner/lib'
[6.854s] Level 1:colcon.colcon_core.shell:create_environment_hook('xarm_planner', 'ld_library_path_lib')
[6.854s] INFO:colcon.colcon_core.shell:Creating environment hook '/home/mk/dev_ws/install/xarm_planner/share/xarm_planner/hook/ld_library_path_lib.ps1'
[6.855s] INFO:colcon.colcon_core.shell:Creating environment descriptor '/home/mk/dev_ws/install/xarm_planner/share/xarm_planner/hook/ld_library_path_lib.dsv'
[6.855s] INFO:colcon.colcon_core.shell:Creating environment hook '/home/mk/dev_ws/install/xarm_planner/share/xarm_planner/hook/ld_library_path_lib.sh'
[6.855s] Level 1:colcon.colcon_core.environment:checking '/home/mk/dev_ws/install/xarm_planner/bin'
[6.855s] Level 1:colcon.colcon_core.environment:checking '/home/mk/dev_ws/install/xarm_planner/lib/pkgconfig/xarm_planner.pc'
[6.855s] Level 1:colcon.colcon_core.environment:checking '/home/mk/dev_ws/install/xarm_planner/lib/python3.10/site-packages'
[6.856s] Level 1:colcon.colcon_core.environment:checking '/home/mk/dev_ws/install/xarm_planner/bin'
[6.856s] INFO:colcon.colcon_core.shell:Creating package script '/home/mk/dev_ws/install/xarm_planner/share/xarm_planner/package.ps1'
[6.856s] INFO:colcon.colcon_core.shell:Creating package descriptor '/home/mk/dev_ws/install/xarm_planner/share/xarm_planner/package.dsv'
[6.857s] INFO:colcon.colcon_core.shell:Creating package script '/home/mk/dev_ws/install/xarm_planner/share/xarm_planner/package.sh'
[6.857s] INFO:colcon.colcon_core.shell:Creating package script '/home/mk/dev_ws/install/xarm_planner/share/xarm_planner/package.bash'
[6.857s] INFO:colcon.colcon_core.shell:Creating package script '/home/mk/dev_ws/install/xarm_planner/share/xarm_planner/package.zsh'
[6.857s] Level 1:colcon.colcon_core.environment:create_file_with_runtime_dependencies(/home/mk/dev_ws/install/xarm_planner/share/colcon-core/packages/xarm_planner)
[6.858s] Level 1:colcon.colcon_core.environment:create_environment_scripts_only(xarm_planner)
[6.858s] Level 1:colcon.colcon_core.environment:checking '/home/mk/dev_ws/install/xarm_planner' for CMake module files
[6.858s] Level 1:colcon.colcon_core.environment:checking '/home/mk/dev_ws/install/xarm_planner' for CMake config files
[6.859s] Level 1:colcon.colcon_core.shell:create_environment_hook('xarm_planner', 'cmake_prefix_path')
[6.859s] INFO:colcon.colcon_core.shell:Creating environment hook '/home/mk/dev_ws/install/xarm_planner/share/xarm_planner/hook/cmake_prefix_path.ps1'
[6.859s] INFO:colcon.colcon_core.shell:Creating environment descriptor '/home/mk/dev_ws/install/xarm_planner/share/xarm_planner/hook/cmake_prefix_path.dsv'
[6.859s] INFO:colcon.colcon_core.shell:Creating environment hook '/home/mk/dev_ws/install/xarm_planner/share/xarm_planner/hook/cmake_prefix_path.sh'
[6.859s] Level 1:colcon.colcon_core.environment:checking '/home/mk/dev_ws/install/xarm_planner/lib'
[6.859s] Level 1:colcon.colcon_core.shell:create_environment_hook('xarm_planner', 'ld_library_path_lib')
[6.859s] INFO:colcon.colcon_core.shell:Creating environment hook '/home/mk/dev_ws/install/xarm_planner/share/xarm_planner/hook/ld_library_path_lib.ps1'
[6.860s] INFO:colcon.colcon_core.shell:Creating environment descriptor '/home/mk/dev_ws/install/xarm_planner/share/xarm_planner/hook/ld_library_path_lib.dsv'
[6.860s] INFO:colcon.colcon_core.shell:Creating environment hook '/home/mk/dev_ws/install/xarm_planner/share/xarm_planner/hook/ld_library_path_lib.sh'
[6.860s] Level 1:colcon.colcon_core.environment:checking '/home/mk/dev_ws/install/xarm_planner/bin'
[6.860s] Level 1:colcon.colcon_core.environment:checking '/home/mk/dev_ws/install/xarm_planner/lib/pkgconfig/xarm_planner.pc'
[6.860s] Level 1:colcon.colcon_core.environment:checking '/home/mk/dev_ws/install/xarm_planner/lib/python3.10/site-packages'
[6.860s] Level 1:colcon.colcon_core.environment:checking '/home/mk/dev_ws/install/xarm_planner/bin'
[6.860s] INFO:colcon.colcon_core.shell:Creating package script '/home/mk/dev_ws/install/xarm_planner/share/xarm_planner/package.ps1'
[6.861s] INFO:colcon.colcon_core.shell:Creating package descriptor '/home/mk/dev_ws/install/xarm_planner/share/xarm_planner/package.dsv'
[6.861s] INFO:colcon.colcon_core.shell:Creating package script '/home/mk/dev_ws/install/xarm_planner/share/xarm_planner/package.sh'
[6.861s] INFO:colcon.colcon_core.shell:Creating package script '/home/mk/dev_ws/install/xarm_planner/share/xarm_planner/package.bash'
[6.862s] INFO:colcon.colcon_core.shell:Creating package script '/home/mk/dev_ws/install/xarm_planner/share/xarm_planner/package.zsh'
[6.862s] Level 1:colcon.colcon_core.environment:create_file_with_runtime_dependencies(/home/mk/dev_ws/install/xarm_planner/share/colcon-core/packages/xarm_planner)
[6.862s] DEBUG:colcon.colcon_parallel_executor.executor.parallel:closing loop
[6.862s] DEBUG:colcon.colcon_parallel_executor.executor.parallel:loop closed
[6.862s] DEBUG:colcon.colcon_parallel_executor.executor.parallel:run_until_complete finished with '0'
[6.862s] DEBUG:colcon.colcon_core.event_reactor:joining thread
[6.868s] INFO:colcon.colcon_core.plugin_system:Skipping extension 'colcon_notification.desktop_notification.terminal_notifier': Not used on non-Darwin systems
[6.868s] INFO:colcon.colcon_core.plugin_system:Skipping extension 'colcon_notification.desktop_notification.win32': Not used on non-Windows systems
[6.869s] INFO:colcon.colcon_notification.desktop_notification:Sending desktop notification using 'notify2'
[6.893s] DEBUG:colcon.colcon_core.event_reactor:joined thread
[6.894s] INFO:colcon.colcon_core.shell:Creating prefix script '/home/mk/dev_ws/install/local_setup.ps1'
[6.894s] INFO:colcon.colcon_core.shell:Creating prefix util module '/home/mk/dev_ws/install/_local_setup_util_ps1.py'
[6.895s] INFO:colcon.colcon_core.shell:Creating prefix chain script '/home/mk/dev_ws/install/setup.ps1'
[6.896s] INFO:colcon.colcon_core.shell:Creating prefix script '/home/mk/dev_ws/install/local_setup.sh'
[6.896s] INFO:colcon.colcon_core.shell:Creating prefix util module '/home/mk/dev_ws/install/_local_setup_util_sh.py'
[6.897s] INFO:colcon.colcon_core.shell:Creating prefix chain script '/home/mk/dev_ws/install/setup.sh'
[6.898s] INFO:colcon.colcon_core.shell:Creating prefix script '/home/mk/dev_ws/install/local_setup.bash'
[6.898s] INFO:colcon.colcon_core.shell:Creating prefix chain script '/home/mk/dev_ws/install/setup.bash'
[6.899s] INFO:colcon.colcon_core.shell:Creating prefix script '/home/mk/dev_ws/install/local_setup.zsh'
[6.899s] INFO:colcon.colcon_core.shell:Creating prefix chain script '/home/mk/dev_ws/install/setup.zsh'
