[0.053s] DEBUG:colcon:Command line arguments: ['/usr/bin/colcon', 'build', '--symlink-install']
[0.053s] DEBUG:colcon:Parsed command line arguments: Namespace(log_base=None, log_level=None, verb_name='build', build_base='build', install_base='install', merge_install=False, symlink_install=True, test_result_base=None, continue_on_error=False, executor='parallel', parallel_workers=20, event_handlers=None, ignore_user_meta=False, metas=['./colcon.meta'], base_paths=['.'], packages_ignore=None, packages_ignore_regex=None, paths=None, packages_up_to=None, packages_up_to_regex=None, packages_above=None, packages_above_and_dependencies=None, packages_above_depth=None, packages_select_by_dep=None, packages_skip_by_dep=None, packages_skip_up_to=None, packages_select_build_failed=False, packages_skip_build_finished=False, packages_select_test_failures=False, packages_skip_test_passed=False, packages_select=None, packages_skip=None, packages_select_regex=None, packages_skip_regex=None, packages_start=None, packages_end=None, allow_overriding=[], cmake_args=None, cmake_target=None, cmake_target_skip_unavailable=False, cmake_clean_cache=False, cmake_clean_first=False, cmake_force_configure=False, ament_cmake_args=None, catkin_cmake_args=None, catkin_skip_building_tests=False, mixin_files=None, mixin=None, verb_parser=<colcon_mixin.mixin.mixin_argument.MixinArgumentDecorator object at 0x7592622568c0>, verb_extension=<colcon_core.verb.build.BuildVerb object at 0x759262256230>, main=<bound method BuildVerb.main of <colcon_core.verb.build.BuildVerb object at 0x759262256230>>, mixin_verb=('build',))
[0.141s] Level 1:colcon.colcon_core.package_discovery:discover_packages(colcon_meta) check parameters
[0.141s] Level 1:colcon.colcon_core.package_discovery:discover_packages(recursive) check parameters
[0.141s] Level 1:colcon.colcon_core.package_discovery:discover_packages(ignore) check parameters
[0.141s] Level 1:colcon.colcon_core.package_discovery:discover_packages(path) check parameters
[0.141s] Level 1:colcon.colcon_core.package_discovery:discover_packages(colcon_meta) discover
[0.141s] Level 1:colcon.colcon_core.package_discovery:discover_packages(recursive) discover
[0.141s] INFO:colcon.colcon_core.package_discovery:Crawling recursively for packages in '/home/mk/dev_ws'
[0.141s] Level 1:colcon.colcon_core.package_identification:_identify(.) by extensions ['ignore', 'ignore_ament_install']
[0.141s] Level 1:colcon.colcon_core.package_identification:_identify(.) by extension 'ignore'
[0.141s] Level 1:colcon.colcon_core.package_identification:_identify(.) by extension 'ignore_ament_install'
[0.141s] Level 1:colcon.colcon_core.package_identification:_identify(.) by extensions ['colcon_pkg']
[0.141s] Level 1:colcon.colcon_core.package_identification:_identify(.) by extension 'colcon_pkg'
[0.141s] Level 1:colcon.colcon_core.package_identification:_identify(.) by extensions ['colcon_meta']
[0.141s] Level 1:colcon.colcon_core.package_identification:_identify(.) by extension 'colcon_meta'
[0.141s] Level 1:colcon.colcon_core.package_identification:_identify(.) by extensions ['ros']
[0.141s] Level 1:colcon.colcon_core.package_identification:_identify(.) by extension 'ros'
[0.160s] Level 1:colcon.colcon_core.package_identification:_identify(.) by extensions ['cmake', 'python']
[0.160s] Level 1:colcon.colcon_core.package_identification:_identify(.) by extension 'cmake'
[0.160s] Level 1:colcon.colcon_core.package_identification:_identify(.) by extension 'python'
[0.160s] Level 1:colcon.colcon_core.package_identification:_identify(.) by extensions ['python_setup_py']
[0.160s] Level 1:colcon.colcon_core.package_identification:_identify(.) by extension 'python_setup_py'
[0.160s] Level 1:colcon.colcon_core.package_identification:_identify(_imgs) by extensions ['ignore', 'ignore_ament_install']
[0.160s] Level 1:colcon.colcon_core.package_identification:_identify(_imgs) by extension 'ignore'
[0.160s] Level 1:colcon.colcon_core.package_identification:_identify(_imgs) by extension 'ignore_ament_install'
[0.160s] Level 1:colcon.colcon_core.package_identification:_identify(_imgs) by extensions ['colcon_pkg']
[0.160s] Level 1:colcon.colcon_core.package_identification:_identify(_imgs) by extension 'colcon_pkg'
[0.160s] Level 1:colcon.colcon_core.package_identification:_identify(_imgs) by extensions ['colcon_meta']
[0.160s] Level 1:colcon.colcon_core.package_identification:_identify(_imgs) by extension 'colcon_meta'
[0.160s] Level 1:colcon.colcon_core.package_identification:_identify(_imgs) by extensions ['ros']
[0.160s] Level 1:colcon.colcon_core.package_identification:_identify(_imgs) by extension 'ros'
[0.160s] Level 1:colcon.colcon_core.package_identification:_identify(_imgs) by extensions ['cmake', 'python']
[0.161s] Level 1:colcon.colcon_core.package_identification:_identify(_imgs) by extension 'cmake'
[0.161s] Level 1:colcon.colcon_core.package_identification:_identify(_imgs) by extension 'python'
[0.161s] Level 1:colcon.colcon_core.package_identification:_identify(_imgs) by extensions ['python_setup_py']
[0.161s] Level 1:colcon.colcon_core.package_identification:_identify(_imgs) by extension 'python_setup_py'
[0.161s] Level 1:colcon.colcon_core.package_identification:_identify(_sh) by extensions ['ignore', 'ignore_ament_install']
[0.161s] Level 1:colcon.colcon_core.package_identification:_identify(_sh) by extension 'ignore'
[0.161s] Level 1:colcon.colcon_core.package_identification:_identify(_sh) by extension 'ignore_ament_install'
[0.161s] Level 1:colcon.colcon_core.package_identification:_identify(_sh) by extensions ['colcon_pkg']
[0.161s] Level 1:colcon.colcon_core.package_identification:_identify(_sh) by extension 'colcon_pkg'
[0.161s] Level 1:colcon.colcon_core.package_identification:_identify(_sh) by extensions ['colcon_meta']
[0.161s] Level 1:colcon.colcon_core.package_identification:_identify(_sh) by extension 'colcon_meta'
[0.161s] Level 1:colcon.colcon_core.package_identification:_identify(_sh) by extensions ['ros']
[0.161s] Level 1:colcon.colcon_core.package_identification:_identify(_sh) by extension 'ros'
[0.161s] Level 1:colcon.colcon_core.package_identification:_identify(_sh) by extensions ['cmake', 'python']
[0.161s] Level 1:colcon.colcon_core.package_identification:_identify(_sh) by extension 'cmake'
[0.161s] Level 1:colcon.colcon_core.package_identification:_identify(_sh) by extension 'python'
[0.161s] Level 1:colcon.colcon_core.package_identification:_identify(_sh) by extensions ['python_setup_py']
[0.161s] Level 1:colcon.colcon_core.package_identification:_identify(_sh) by extension 'python_setup_py'
[0.161s] Level 1:colcon.colcon_core.package_identification:_identify(build) by extensions ['ignore', 'ignore_ament_install']
[0.161s] Level 1:colcon.colcon_core.package_identification:_identify(build) by extension 'ignore'
[0.161s] Level 1:colcon.colcon_core.package_identification:_identify(build) ignored
[0.161s] Level 1:colcon.colcon_core.package_identification:_identify(install) by extensions ['ignore', 'ignore_ament_install']
[0.161s] Level 1:colcon.colcon_core.package_identification:_identify(install) by extension 'ignore'
[0.161s] Level 1:colcon.colcon_core.package_identification:_identify(install) ignored
[0.161s] Level 1:colcon.colcon_core.package_identification:_identify(log) by extensions ['ignore', 'ignore_ament_install']
[0.161s] Level 1:colcon.colcon_core.package_identification:_identify(log) by extension 'ignore'
[0.161s] Level 1:colcon.colcon_core.package_identification:_identify(log) ignored
[0.161s] Level 1:colcon.colcon_core.package_identification:_identify(ros2_nexus) by extensions ['ignore', 'ignore_ament_install']
[0.161s] Level 1:colcon.colcon_core.package_identification:_identify(ros2_nexus) by extension 'ignore'
[0.161s] Level 1:colcon.colcon_core.package_identification:_identify(ros2_nexus) by extension 'ignore_ament_install'
[0.161s] Level 1:colcon.colcon_core.package_identification:_identify(ros2_nexus) by extensions ['colcon_pkg']
[0.161s] Level 1:colcon.colcon_core.package_identification:_identify(ros2_nexus) by extension 'colcon_pkg'
[0.161s] Level 1:colcon.colcon_core.package_identification:_identify(ros2_nexus) by extensions ['colcon_meta']
[0.161s] Level 1:colcon.colcon_core.package_identification:_identify(ros2_nexus) by extension 'colcon_meta'
[0.161s] Level 1:colcon.colcon_core.package_identification:_identify(ros2_nexus) by extensions ['ros']
[0.161s] Level 1:colcon.colcon_core.package_identification:_identify(ros2_nexus) by extension 'ros'
[0.161s] Level 1:colcon.colcon_core.package_identification:_identify(ros2_nexus) by extensions ['cmake', 'python']
[0.161s] Level 1:colcon.colcon_core.package_identification:_identify(ros2_nexus) by extension 'cmake'
[0.161s] Level 1:colcon.colcon_core.package_identification:_identify(ros2_nexus) by extension 'python'
[0.161s] Level 1:colcon.colcon_core.package_identification:_identify(ros2_nexus) by extensions ['python_setup_py']
[0.161s] Level 1:colcon.colcon_core.package_identification:_identify(ros2_nexus) by extension 'python_setup_py'
[0.161s] Level 1:colcon.colcon_core.package_identification:_identify(ros2_nexus/__pycache__) by extensions ['ignore', 'ignore_ament_install']
[0.162s] Level 1:colcon.colcon_core.package_identification:_identify(ros2_nexus/__pycache__) by extension 'ignore'
[0.162s] Level 1:colcon.colcon_core.package_identification:_identify(ros2_nexus/__pycache__) by extension 'ignore_ament_install'
[0.162s] Level 1:colcon.colcon_core.package_identification:_identify(ros2_nexus/__pycache__) by extensions ['colcon_pkg']
[0.162s] Level 1:colcon.colcon_core.package_identification:_identify(ros2_nexus/__pycache__) by extension 'colcon_pkg'
[0.162s] Level 1:colcon.colcon_core.package_identification:_identify(ros2_nexus/__pycache__) by extensions ['colcon_meta']
[0.162s] Level 1:colcon.colcon_core.package_identification:_identify(ros2_nexus/__pycache__) by extension 'colcon_meta'
[0.162s] Level 1:colcon.colcon_core.package_identification:_identify(ros2_nexus/__pycache__) by extensions ['ros']
[0.162s] Level 1:colcon.colcon_core.package_identification:_identify(ros2_nexus/__pycache__) by extension 'ros'
[0.162s] Level 1:colcon.colcon_core.package_identification:_identify(ros2_nexus/__pycache__) by extensions ['cmake', 'python']
[0.162s] Level 1:colcon.colcon_core.package_identification:_identify(ros2_nexus/__pycache__) by extension 'cmake'
[0.162s] Level 1:colcon.colcon_core.package_identification:_identify(ros2_nexus/__pycache__) by extension 'python'
[0.162s] Level 1:colcon.colcon_core.package_identification:_identify(ros2_nexus/__pycache__) by extensions ['python_setup_py']
[0.162s] Level 1:colcon.colcon_core.package_identification:_identify(ros2_nexus/__pycache__) by extension 'python_setup_py'
[0.162s] Level 1:colcon.colcon_core.package_identification:_identify(src) by extensions ['ignore', 'ignore_ament_install']
[0.162s] Level 1:colcon.colcon_core.package_identification:_identify(src) by extension 'ignore'
[0.162s] Level 1:colcon.colcon_core.package_identification:_identify(src) by extension 'ignore_ament_install'
[0.162s] Level 1:colcon.colcon_core.package_identification:_identify(src) by extensions ['colcon_pkg']
[0.162s] Level 1:colcon.colcon_core.package_identification:_identify(src) by extension 'colcon_pkg'
[0.162s] Level 1:colcon.colcon_core.package_identification:_identify(src) by extensions ['colcon_meta']
[0.162s] Level 1:colcon.colcon_core.package_identification:_identify(src) by extension 'colcon_meta'
[0.162s] Level 1:colcon.colcon_core.package_identification:_identify(src) by extensions ['ros']
[0.162s] Level 1:colcon.colcon_core.package_identification:_identify(src) by extension 'ros'
[0.162s] Level 1:colcon.colcon_core.package_identification:_identify(src) by extensions ['cmake', 'python']
[0.162s] Level 1:colcon.colcon_core.package_identification:_identify(src) by extension 'cmake'
[0.162s] Level 1:colcon.colcon_core.package_identification:_identify(src) by extension 'python'
[0.162s] Level 1:colcon.colcon_core.package_identification:_identify(src) by extensions ['python_setup_py']
[0.162s] Level 1:colcon.colcon_core.package_identification:_identify(src) by extension 'python_setup_py'
[0.162s] Level 1:colcon.colcon_core.package_identification:_identify(src/collision_check) by extensions ['ignore', 'ignore_ament_install']
[0.162s] Level 1:colcon.colcon_core.package_identification:_identify(src/collision_check) by extension 'ignore'
[0.162s] Level 1:colcon.colcon_core.package_identification:_identify(src/collision_check) by extension 'ignore_ament_install'
[0.162s] Level 1:colcon.colcon_core.package_identification:_identify(src/collision_check) by extensions ['colcon_pkg']
[0.162s] Level 1:colcon.colcon_core.package_identification:_identify(src/collision_check) by extension 'colcon_pkg'
[0.162s] Level 1:colcon.colcon_core.package_identification:_identify(src/collision_check) by extensions ['colcon_meta']
[0.162s] Level 1:colcon.colcon_core.package_identification:_identify(src/collision_check) by extension 'colcon_meta'
[0.162s] Level 1:colcon.colcon_core.package_identification:_identify(src/collision_check) by extensions ['ros']
[0.162s] Level 1:colcon.colcon_core.package_identification:_identify(src/collision_check) by extension 'ros'
[0.163s] DEBUG:colcon.colcon_core.package_identification:Package 'src/collision_check' with type 'ros.ament_python' and name 'collision_check'
[0.163s] Level 1:colcon.colcon_core.package_identification:_identify(src/dashboard_monitoring) by extensions ['ignore', 'ignore_ament_install']
[0.163s] Level 1:colcon.colcon_core.package_identification:_identify(src/dashboard_monitoring) by extension 'ignore'
[0.164s] Level 1:colcon.colcon_core.package_identification:_identify(src/dashboard_monitoring) by extension 'ignore_ament_install'
[0.164s] Level 1:colcon.colcon_core.package_identification:_identify(src/dashboard_monitoring) by extensions ['colcon_pkg']
[0.164s] Level 1:colcon.colcon_core.package_identification:_identify(src/dashboard_monitoring) by extension 'colcon_pkg'
[0.164s] Level 1:colcon.colcon_core.package_identification:_identify(src/dashboard_monitoring) by extensions ['colcon_meta']
[0.164s] Level 1:colcon.colcon_core.package_identification:_identify(src/dashboard_monitoring) by extension 'colcon_meta'
[0.164s] Level 1:colcon.colcon_core.package_identification:_identify(src/dashboard_monitoring) by extensions ['ros']
[0.164s] Level 1:colcon.colcon_core.package_identification:_identify(src/dashboard_monitoring) by extension 'ros'
[0.164s] Level 1:colcon.colcon_core.package_identification:_identify(src/dashboard_monitoring) by extensions ['cmake', 'python']
[0.164s] Level 1:colcon.colcon_core.package_identification:_identify(src/dashboard_monitoring) by extension 'cmake'
[0.164s] Level 1:colcon.colcon_core.package_identification:_identify(src/dashboard_monitoring) by extension 'python'
[0.164s] Level 1:colcon.colcon_core.package_identification:_identify(src/dashboard_monitoring) by extensions ['python_setup_py']
[0.164s] Level 1:colcon.colcon_core.package_identification:_identify(src/dashboard_monitoring) by extension 'python_setup_py'
[0.164s] Level 1:colcon.colcon_core.package_identification:_identify(src/dashboard_monitoring/__pycache__) by extensions ['ignore', 'ignore_ament_install']
[0.164s] Level 1:colcon.colcon_core.package_identification:_identify(src/dashboard_monitoring/__pycache__) by extension 'ignore'
[0.164s] Level 1:colcon.colcon_core.package_identification:_identify(src/dashboard_monitoring/__pycache__) by extension 'ignore_ament_install'
[0.164s] Level 1:colcon.colcon_core.package_identification:_identify(src/dashboard_monitoring/__pycache__) by extensions ['colcon_pkg']
[0.164s] Level 1:colcon.colcon_core.package_identification:_identify(src/dashboard_monitoring/__pycache__) by extension 'colcon_pkg'
[0.164s] Level 1:colcon.colcon_core.package_identification:_identify(src/dashboard_monitoring/__pycache__) by extensions ['colcon_meta']
[0.164s] Level 1:colcon.colcon_core.package_identification:_identify(src/dashboard_monitoring/__pycache__) by extension 'colcon_meta'
[0.164s] Level 1:colcon.colcon_core.package_identification:_identify(src/dashboard_monitoring/__pycache__) by extensions ['ros']
[0.164s] Level 1:colcon.colcon_core.package_identification:_identify(src/dashboard_monitoring/__pycache__) by extension 'ros'
[0.164s] Level 1:colcon.colcon_core.package_identification:_identify(src/dashboard_monitoring/__pycache__) by extensions ['cmake', 'python']
[0.164s] Level 1:colcon.colcon_core.package_identification:_identify(src/dashboard_monitoring/__pycache__) by extension 'cmake'
[0.164s] Level 1:colcon.colcon_core.package_identification:_identify(src/dashboard_monitoring/__pycache__) by extension 'python'
[0.164s] Level 1:colcon.colcon_core.package_identification:_identify(src/dashboard_monitoring/__pycache__) by extensions ['python_setup_py']
[0.164s] Level 1:colcon.colcon_core.package_identification:_identify(src/dashboard_monitoring/__pycache__) by extension 'python_setup_py'
[0.164s] Level 1:colcon.colcon_core.package_identification:_identify(src/dashboard_monitoring/videos) by extensions ['ignore', 'ignore_ament_install']
[0.164s] Level 1:colcon.colcon_core.package_identification:_identify(src/dashboard_monitoring/videos) by extension 'ignore'
[0.164s] Level 1:colcon.colcon_core.package_identification:_identify(src/dashboard_monitoring/videos) by extension 'ignore_ament_install'
[0.164s] Level 1:colcon.colcon_core.package_identification:_identify(src/dashboard_monitoring/videos) by extensions ['colcon_pkg']
[0.164s] Level 1:colcon.colcon_core.package_identification:_identify(src/dashboard_monitoring/videos) by extension 'colcon_pkg'
[0.164s] Level 1:colcon.colcon_core.package_identification:_identify(src/dashboard_monitoring/videos) by extensions ['colcon_meta']
[0.164s] Level 1:colcon.colcon_core.package_identification:_identify(src/dashboard_monitoring/videos) by extension 'colcon_meta'
[0.164s] Level 1:colcon.colcon_core.package_identification:_identify(src/dashboard_monitoring/videos) by extensions ['ros']
[0.164s] Level 1:colcon.colcon_core.package_identification:_identify(src/dashboard_monitoring/videos) by extension 'ros'
[0.164s] Level 1:colcon.colcon_core.package_identification:_identify(src/dashboard_monitoring/videos) by extensions ['cmake', 'python']
[0.164s] Level 1:colcon.colcon_core.package_identification:_identify(src/dashboard_monitoring/videos) by extension 'cmake'
[0.164s] Level 1:colcon.colcon_core.package_identification:_identify(src/dashboard_monitoring/videos) by extension 'python'
[0.164s] Level 1:colcon.colcon_core.package_identification:_identify(src/dashboard_monitoring/videos) by extensions ['python_setup_py']
[0.164s] Level 1:colcon.colcon_core.package_identification:_identify(src/dashboard_monitoring/videos) by extension 'python_setup_py'
[0.164s] Level 1:colcon.colcon_core.package_identification:_identify(src/dashboard_monitoring/views) by extensions ['ignore', 'ignore_ament_install']
[0.164s] Level 1:colcon.colcon_core.package_identification:_identify(src/dashboard_monitoring/views) by extension 'ignore'
[0.164s] Level 1:colcon.colcon_core.package_identification:_identify(src/dashboard_monitoring/views) by extension 'ignore_ament_install'
[0.164s] Level 1:colcon.colcon_core.package_identification:_identify(src/dashboard_monitoring/views) by extensions ['colcon_pkg']
[0.164s] Level 1:colcon.colcon_core.package_identification:_identify(src/dashboard_monitoring/views) by extension 'colcon_pkg'
[0.164s] Level 1:colcon.colcon_core.package_identification:_identify(src/dashboard_monitoring/views) by extensions ['colcon_meta']
[0.164s] Level 1:colcon.colcon_core.package_identification:_identify(src/dashboard_monitoring/views) by extension 'colcon_meta'
[0.164s] Level 1:colcon.colcon_core.package_identification:_identify(src/dashboard_monitoring/views) by extensions ['ros']
[0.164s] Level 1:colcon.colcon_core.package_identification:_identify(src/dashboard_monitoring/views) by extension 'ros'
[0.165s] Level 1:colcon.colcon_core.package_identification:_identify(src/dashboard_monitoring/views) by extensions ['cmake', 'python']
[0.165s] Level 1:colcon.colcon_core.package_identification:_identify(src/dashboard_monitoring/views) by extension 'cmake'
[0.165s] Level 1:colcon.colcon_core.package_identification:_identify(src/dashboard_monitoring/views) by extension 'python'
[0.165s] Level 1:colcon.colcon_core.package_identification:_identify(src/dashboard_monitoring/views) by extensions ['python_setup_py']
[0.165s] Level 1:colcon.colcon_core.package_identification:_identify(src/dashboard_monitoring/views) by extension 'python_setup_py'
[0.165s] Level 1:colcon.colcon_core.package_identification:_identify(src/gaze_control) by extensions ['ignore', 'ignore_ament_install']
[0.165s] Level 1:colcon.colcon_core.package_identification:_identify(src/gaze_control) by extension 'ignore'
[0.165s] Level 1:colcon.colcon_core.package_identification:_identify(src/gaze_control) by extension 'ignore_ament_install'
[0.165s] Level 1:colcon.colcon_core.package_identification:_identify(src/gaze_control) by extensions ['colcon_pkg']
[0.165s] Level 1:colcon.colcon_core.package_identification:_identify(src/gaze_control) by extension 'colcon_pkg'
[0.165s] Level 1:colcon.colcon_core.package_identification:_identify(src/gaze_control) by extensions ['colcon_meta']
[0.165s] Level 1:colcon.colcon_core.package_identification:_identify(src/gaze_control) by extension 'colcon_meta'
[0.165s] Level 1:colcon.colcon_core.package_identification:_identify(src/gaze_control) by extensions ['ros']
[0.165s] Level 1:colcon.colcon_core.package_identification:_identify(src/gaze_control) by extension 'ros'
[0.165s] DEBUG:colcon.colcon_core.package_identification:Package 'src/gaze_control' with type 'ros.ament_python' and name 'gaze_control'
[0.165s] Level 1:colcon.colcon_core.package_identification:_identify(src/motion_sequence) by extensions ['ignore', 'ignore_ament_install']
[0.165s] Level 1:colcon.colcon_core.package_identification:_identify(src/motion_sequence) by extension 'ignore'
[0.165s] Level 1:colcon.colcon_core.package_identification:_identify(src/motion_sequence) by extension 'ignore_ament_install'
[0.165s] Level 1:colcon.colcon_core.package_identification:_identify(src/motion_sequence) by extensions ['colcon_pkg']
[0.165s] Level 1:colcon.colcon_core.package_identification:_identify(src/motion_sequence) by extension 'colcon_pkg'
[0.165s] Level 1:colcon.colcon_core.package_identification:_identify(src/motion_sequence) by extensions ['colcon_meta']
[0.165s] Level 1:colcon.colcon_core.package_identification:_identify(src/motion_sequence) by extension 'colcon_meta'
[0.165s] Level 1:colcon.colcon_core.package_identification:_identify(src/motion_sequence) by extensions ['ros']
[0.165s] Level 1:colcon.colcon_core.package_identification:_identify(src/motion_sequence) by extension 'ros'
[0.166s] DEBUG:colcon.colcon_core.package_identification:Package 'src/motion_sequence' with type 'ros.ament_python' and name 'motion_sequence'
[0.166s] Level 1:colcon.colcon_core.package_identification:_identify(src/move_to_coordinator) by extensions ['ignore', 'ignore_ament_install']
[0.166s] Level 1:colcon.colcon_core.package_identification:_identify(src/move_to_coordinator) by extension 'ignore'
[0.166s] Level 1:colcon.colcon_core.package_identification:_identify(src/move_to_coordinator) by extension 'ignore_ament_install'
[0.166s] Level 1:colcon.colcon_core.package_identification:_identify(src/move_to_coordinator) by extensions ['colcon_pkg']
[0.166s] Level 1:colcon.colcon_core.package_identification:_identify(src/move_to_coordinator) by extension 'colcon_pkg'
[0.166s] Level 1:colcon.colcon_core.package_identification:_identify(src/move_to_coordinator) by extensions ['colcon_meta']
[0.166s] Level 1:colcon.colcon_core.package_identification:_identify(src/move_to_coordinator) by extension 'colcon_meta'
[0.166s] Level 1:colcon.colcon_core.package_identification:_identify(src/move_to_coordinator) by extensions ['ros']
[0.166s] Level 1:colcon.colcon_core.package_identification:_identify(src/move_to_coordinator) by extension 'ros'
[0.166s] DEBUG:colcon.colcon_core.package_identification:Package 'src/move_to_coordinator' with type 'ros.ament_python' and name 'move_to_coordinator'
[0.166s] Level 1:colcon.colcon_core.package_identification:_identify(src/my_3d_vision_bringup) by extensions ['ignore', 'ignore_ament_install']
[0.166s] Level 1:colcon.colcon_core.package_identification:_identify(src/my_3d_vision_bringup) by extension 'ignore'
[0.167s] Level 1:colcon.colcon_core.package_identification:_identify(src/my_3d_vision_bringup) by extension 'ignore_ament_install'
[0.167s] Level 1:colcon.colcon_core.package_identification:_identify(src/my_3d_vision_bringup) by extensions ['colcon_pkg']
[0.167s] Level 1:colcon.colcon_core.package_identification:_identify(src/my_3d_vision_bringup) by extension 'colcon_pkg'
[0.167s] Level 1:colcon.colcon_core.package_identification:_identify(src/my_3d_vision_bringup) by extensions ['colcon_meta']
[0.167s] Level 1:colcon.colcon_core.package_identification:_identify(src/my_3d_vision_bringup) by extension 'colcon_meta'
[0.167s] Level 1:colcon.colcon_core.package_identification:_identify(src/my_3d_vision_bringup) by extensions ['ros']
[0.167s] Level 1:colcon.colcon_core.package_identification:_identify(src/my_3d_vision_bringup) by extension 'ros'
[0.167s] DEBUG:colcon.colcon_core.package_identification:Package 'src/my_3d_vision_bringup' with type 'ros.ament_cmake' and name 'my_3d_vision_bringup'
[0.167s] Level 1:colcon.colcon_core.package_identification:_identify(src/robot_control_web_ui) by extensions ['ignore', 'ignore_ament_install']
[0.167s] Level 1:colcon.colcon_core.package_identification:_identify(src/robot_control_web_ui) by extension 'ignore'
[0.167s] Level 1:colcon.colcon_core.package_identification:_identify(src/robot_control_web_ui) by extension 'ignore_ament_install'
[0.167s] Level 1:colcon.colcon_core.package_identification:_identify(src/robot_control_web_ui) by extensions ['colcon_pkg']
[0.167s] Level 1:colcon.colcon_core.package_identification:_identify(src/robot_control_web_ui) by extension 'colcon_pkg'
[0.167s] Level 1:colcon.colcon_core.package_identification:_identify(src/robot_control_web_ui) by extensions ['colcon_meta']
[0.167s] Level 1:colcon.colcon_core.package_identification:_identify(src/robot_control_web_ui) by extension 'colcon_meta'
[0.167s] Level 1:colcon.colcon_core.package_identification:_identify(src/robot_control_web_ui) by extensions ['ros']
[0.167s] Level 1:colcon.colcon_core.package_identification:_identify(src/robot_control_web_ui) by extension 'ros'
[0.167s] Level 1:colcon.colcon_core.package_identification:_identify(src/robot_control_web_ui) by extensions ['cmake', 'python']
[0.167s] Level 1:colcon.colcon_core.package_identification:_identify(src/robot_control_web_ui) by extension 'cmake'
[0.167s] Level 1:colcon.colcon_core.package_identification:_identify(src/robot_control_web_ui) by extension 'python'
[0.167s] Level 1:colcon.colcon_core.package_identification:_identify(src/robot_control_web_ui) by extensions ['python_setup_py']
[0.167s] Level 1:colcon.colcon_core.package_identification:_identify(src/robot_control_web_ui) by extension 'python_setup_py'
[0.167s] Level 1:colcon.colcon_core.package_identification:_identify(src/robot_motion_handler_movegroup) by extensions ['ignore', 'ignore_ament_install']
[0.167s] Level 1:colcon.colcon_core.package_identification:_identify(src/robot_motion_handler_movegroup) by extension 'ignore'
[0.167s] Level 1:colcon.colcon_core.package_identification:_identify(src/robot_motion_handler_movegroup) by extension 'ignore_ament_install'
[0.167s] Level 1:colcon.colcon_core.package_identification:_identify(src/robot_motion_handler_movegroup) by extensions ['colcon_pkg']
[0.167s] Level 1:colcon.colcon_core.package_identification:_identify(src/robot_motion_handler_movegroup) by extension 'colcon_pkg'
[0.167s] Level 1:colcon.colcon_core.package_identification:_identify(src/robot_motion_handler_movegroup) by extensions ['colcon_meta']
[0.167s] Level 1:colcon.colcon_core.package_identification:_identify(src/robot_motion_handler_movegroup) by extension 'colcon_meta'
[0.167s] Level 1:colcon.colcon_core.package_identification:_identify(src/robot_motion_handler_movegroup) by extensions ['ros']
[0.167s] Level 1:colcon.colcon_core.package_identification:_identify(src/robot_motion_handler_movegroup) by extension 'ros'
[0.168s] DEBUG:colcon.colcon_core.package_identification:Package 'src/robot_motion_handler_movegroup' with type 'ros.ament_python' and name 'robot_motion_handler_movegroup'
[0.168s] Level 1:colcon.colcon_core.package_identification:_identify(src/ros2_whisper) by extensions ['ignore', 'ignore_ament_install']
[0.168s] Level 1:colcon.colcon_core.package_identification:_identify(src/ros2_whisper) by extension 'ignore'
[0.168s] Level 1:colcon.colcon_core.package_identification:_identify(src/ros2_whisper) by extension 'ignore_ament_install'
[0.168s] Level 1:colcon.colcon_core.package_identification:_identify(src/ros2_whisper) by extensions ['colcon_pkg']
[0.168s] Level 1:colcon.colcon_core.package_identification:_identify(src/ros2_whisper) by extension 'colcon_pkg'
[0.168s] Level 1:colcon.colcon_core.package_identification:_identify(src/ros2_whisper) by extensions ['colcon_meta']
[0.168s] Level 1:colcon.colcon_core.package_identification:_identify(src/ros2_whisper) by extension 'colcon_meta'
[0.168s] Level 1:colcon.colcon_core.package_identification:_identify(src/ros2_whisper) by extensions ['ros']
[0.168s] Level 1:colcon.colcon_core.package_identification:_identify(src/ros2_whisper) by extension 'ros'
[0.168s] Level 1:colcon.colcon_core.package_identification:_identify(src/ros2_whisper) by extensions ['cmake', 'python']
[0.168s] Level 1:colcon.colcon_core.package_identification:_identify(src/ros2_whisper) by extension 'cmake'
[0.168s] Level 1:colcon.colcon_core.package_identification:_identify(src/ros2_whisper) by extension 'python'
[0.168s] Level 1:colcon.colcon_core.package_identification:_identify(src/ros2_whisper) by extensions ['python_setup_py']
[0.168s] Level 1:colcon.colcon_core.package_identification:_identify(src/ros2_whisper) by extension 'python_setup_py'
[0.168s] Level 1:colcon.colcon_core.package_identification:_identify(src/ros2_whisper/audio_listener) by extensions ['ignore', 'ignore_ament_install']
[0.168s] Level 1:colcon.colcon_core.package_identification:_identify(src/ros2_whisper/audio_listener) by extension 'ignore'
[0.168s] Level 1:colcon.colcon_core.package_identification:_identify(src/ros2_whisper/audio_listener) by extension 'ignore_ament_install'
[0.168s] Level 1:colcon.colcon_core.package_identification:_identify(src/ros2_whisper/audio_listener) by extensions ['colcon_pkg']
[0.168s] Level 1:colcon.colcon_core.package_identification:_identify(src/ros2_whisper/audio_listener) by extension 'colcon_pkg'
[0.168s] Level 1:colcon.colcon_core.package_identification:_identify(src/ros2_whisper/audio_listener) by extensions ['colcon_meta']
[0.168s] Level 1:colcon.colcon_core.package_identification:_identify(src/ros2_whisper/audio_listener) by extension 'colcon_meta'
[0.168s] Level 1:colcon.colcon_core.package_identification:_identify(src/ros2_whisper/audio_listener) by extensions ['ros']
[0.168s] Level 1:colcon.colcon_core.package_identification:_identify(src/ros2_whisper/audio_listener) by extension 'ros'
[0.168s] DEBUG:colcon.colcon_core.package_identification:Package 'src/ros2_whisper/audio_listener' with type 'ros.ament_python' and name 'audio_listener'
[0.168s] Level 1:colcon.colcon_core.package_identification:_identify(src/ros2_whisper/doc) by extensions ['ignore', 'ignore_ament_install']
[0.169s] Level 1:colcon.colcon_core.package_identification:_identify(src/ros2_whisper/doc) by extension 'ignore'
[0.169s] Level 1:colcon.colcon_core.package_identification:_identify(src/ros2_whisper/doc) by extension 'ignore_ament_install'
[0.169s] Level 1:colcon.colcon_core.package_identification:_identify(src/ros2_whisper/doc) by extensions ['colcon_pkg']
[0.169s] Level 1:colcon.colcon_core.package_identification:_identify(src/ros2_whisper/doc) by extension 'colcon_pkg'
[0.169s] Level 1:colcon.colcon_core.package_identification:_identify(src/ros2_whisper/doc) by extensions ['colcon_meta']
[0.169s] Level 1:colcon.colcon_core.package_identification:_identify(src/ros2_whisper/doc) by extension 'colcon_meta'
[0.169s] Level 1:colcon.colcon_core.package_identification:_identify(src/ros2_whisper/doc) by extensions ['ros']
[0.169s] Level 1:colcon.colcon_core.package_identification:_identify(src/ros2_whisper/doc) by extension 'ros'
[0.169s] Level 1:colcon.colcon_core.package_identification:_identify(src/ros2_whisper/doc) by extensions ['cmake', 'python']
[0.169s] Level 1:colcon.colcon_core.package_identification:_identify(src/ros2_whisper/doc) by extension 'cmake'
[0.169s] Level 1:colcon.colcon_core.package_identification:_identify(src/ros2_whisper/doc) by extension 'python'
[0.169s] Level 1:colcon.colcon_core.package_identification:_identify(src/ros2_whisper/doc) by extensions ['python_setup_py']
[0.169s] Level 1:colcon.colcon_core.package_identification:_identify(src/ros2_whisper/doc) by extension 'python_setup_py'
[0.169s] Level 1:colcon.colcon_core.package_identification:_identify(src/ros2_whisper/transcript_manager) by extensions ['ignore', 'ignore_ament_install']
[0.169s] Level 1:colcon.colcon_core.package_identification:_identify(src/ros2_whisper/transcript_manager) by extension 'ignore'
[0.169s] Level 1:colcon.colcon_core.package_identification:_identify(src/ros2_whisper/transcript_manager) by extension 'ignore_ament_install'
[0.169s] Level 1:colcon.colcon_core.package_identification:_identify(src/ros2_whisper/transcript_manager) by extensions ['colcon_pkg']
[0.169s] Level 1:colcon.colcon_core.package_identification:_identify(src/ros2_whisper/transcript_manager) by extension 'colcon_pkg'
[0.169s] Level 1:colcon.colcon_core.package_identification:_identify(src/ros2_whisper/transcript_manager) by extensions ['colcon_meta']
[0.169s] Level 1:colcon.colcon_core.package_identification:_identify(src/ros2_whisper/transcript_manager) by extension 'colcon_meta'
[0.169s] Level 1:colcon.colcon_core.package_identification:_identify(src/ros2_whisper/transcript_manager) by extensions ['ros']
[0.169s] Level 1:colcon.colcon_core.package_identification:_identify(src/ros2_whisper/transcript_manager) by extension 'ros'
[0.169s] DEBUG:colcon.colcon_core.package_identification:Package 'src/ros2_whisper/transcript_manager' with type 'ros.ament_cmake' and name 'transcript_manager'
[0.170s] Level 1:colcon.colcon_core.package_identification:_identify(src/ros2_whisper/whisper_bringup) by extensions ['ignore', 'ignore_ament_install']
[0.170s] Level 1:colcon.colcon_core.package_identification:_identify(src/ros2_whisper/whisper_bringup) by extension 'ignore'
[0.170s] Level 1:colcon.colcon_core.package_identification:_identify(src/ros2_whisper/whisper_bringup) by extension 'ignore_ament_install'
[0.170s] Level 1:colcon.colcon_core.package_identification:_identify(src/ros2_whisper/whisper_bringup) by extensions ['colcon_pkg']
[0.170s] Level 1:colcon.colcon_core.package_identification:_identify(src/ros2_whisper/whisper_bringup) by extension 'colcon_pkg'
[0.170s] Level 1:colcon.colcon_core.package_identification:_identify(src/ros2_whisper/whisper_bringup) by extensions ['colcon_meta']
[0.170s] Level 1:colcon.colcon_core.package_identification:_identify(src/ros2_whisper/whisper_bringup) by extension 'colcon_meta'
[0.170s] Level 1:colcon.colcon_core.package_identification:_identify(src/ros2_whisper/whisper_bringup) by extensions ['ros']
[0.170s] Level 1:colcon.colcon_core.package_identification:_identify(src/ros2_whisper/whisper_bringup) by extension 'ros'
[0.170s] DEBUG:colcon.colcon_core.package_identification:Package 'src/ros2_whisper/whisper_bringup' with type 'ros.ament_cmake' and name 'whisper_bringup'
[0.170s] Level 1:colcon.colcon_core.package_identification:_identify(src/ros2_whisper/whisper_cpp_vendor) by extensions ['ignore', 'ignore_ament_install']
[0.170s] Level 1:colcon.colcon_core.package_identification:_identify(src/ros2_whisper/whisper_cpp_vendor) by extension 'ignore'
[0.170s] Level 1:colcon.colcon_core.package_identification:_identify(src/ros2_whisper/whisper_cpp_vendor) by extension 'ignore_ament_install'
[0.170s] Level 1:colcon.colcon_core.package_identification:_identify(src/ros2_whisper/whisper_cpp_vendor) by extensions ['colcon_pkg']
[0.170s] Level 1:colcon.colcon_core.package_identification:_identify(src/ros2_whisper/whisper_cpp_vendor) by extension 'colcon_pkg'
[0.170s] Level 1:colcon.colcon_core.package_identification:_identify(src/ros2_whisper/whisper_cpp_vendor) by extensions ['colcon_meta']
[0.170s] Level 1:colcon.colcon_core.package_identification:_identify(src/ros2_whisper/whisper_cpp_vendor) by extension 'colcon_meta'
[0.170s] Level 1:colcon.colcon_core.package_identification:_identify(src/ros2_whisper/whisper_cpp_vendor) by extensions ['ros']
[0.170s] Level 1:colcon.colcon_core.package_identification:_identify(src/ros2_whisper/whisper_cpp_vendor) by extension 'ros'
[0.170s] DEBUG:colcon.colcon_core.package_identification:Package 'src/ros2_whisper/whisper_cpp_vendor' with type 'ros.ament_cmake' and name 'whisper_cpp_vendor'
[0.170s] Level 1:colcon.colcon_core.package_identification:_identify(src/ros2_whisper/whisper_demos) by extensions ['ignore', 'ignore_ament_install']
[0.170s] Level 1:colcon.colcon_core.package_identification:_identify(src/ros2_whisper/whisper_demos) by extension 'ignore'
[0.170s] Level 1:colcon.colcon_core.package_identification:_identify(src/ros2_whisper/whisper_demos) by extension 'ignore_ament_install'
[0.171s] Level 1:colcon.colcon_core.package_identification:_identify(src/ros2_whisper/whisper_demos) by extensions ['colcon_pkg']
[0.171s] Level 1:colcon.colcon_core.package_identification:_identify(src/ros2_whisper/whisper_demos) by extension 'colcon_pkg'
[0.171s] Level 1:colcon.colcon_core.package_identification:_identify(src/ros2_whisper/whisper_demos) by extensions ['colcon_meta']
[0.171s] Level 1:colcon.colcon_core.package_identification:_identify(src/ros2_whisper/whisper_demos) by extension 'colcon_meta'
[0.171s] Level 1:colcon.colcon_core.package_identification:_identify(src/ros2_whisper/whisper_demos) by extensions ['ros']
[0.171s] Level 1:colcon.colcon_core.package_identification:_identify(src/ros2_whisper/whisper_demos) by extension 'ros'
[0.171s] DEBUG:colcon.colcon_core.package_identification:Package 'src/ros2_whisper/whisper_demos' with type 'ros.ament_python' and name 'whisper_demos'
[0.171s] Level 1:colcon.colcon_core.package_identification:_identify(src/ros2_whisper/whisper_idl) by extensions ['ignore', 'ignore_ament_install']
[0.171s] Level 1:colcon.colcon_core.package_identification:_identify(src/ros2_whisper/whisper_idl) by extension 'ignore'
[0.171s] Level 1:colcon.colcon_core.package_identification:_identify(src/ros2_whisper/whisper_idl) by extension 'ignore_ament_install'
[0.171s] Level 1:colcon.colcon_core.package_identification:_identify(src/ros2_whisper/whisper_idl) by extensions ['colcon_pkg']
[0.171s] Level 1:colcon.colcon_core.package_identification:_identify(src/ros2_whisper/whisper_idl) by extension 'colcon_pkg'
[0.171s] Level 1:colcon.colcon_core.package_identification:_identify(src/ros2_whisper/whisper_idl) by extensions ['colcon_meta']
[0.171s] Level 1:colcon.colcon_core.package_identification:_identify(src/ros2_whisper/whisper_idl) by extension 'colcon_meta'
[0.171s] Level 1:colcon.colcon_core.package_identification:_identify(src/ros2_whisper/whisper_idl) by extensions ['ros']
[0.171s] Level 1:colcon.colcon_core.package_identification:_identify(src/ros2_whisper/whisper_idl) by extension 'ros'
[0.171s] DEBUG:colcon.colcon_core.package_identification:Package 'src/ros2_whisper/whisper_idl' with type 'ros.ament_cmake' and name 'whisper_idl'
[0.171s] Level 1:colcon.colcon_core.package_identification:_identify(src/ros2_whisper/whisper_server) by extensions ['ignore', 'ignore_ament_install']
[0.171s] Level 1:colcon.colcon_core.package_identification:_identify(src/ros2_whisper/whisper_server) by extension 'ignore'
[0.171s] Level 1:colcon.colcon_core.package_identification:_identify(src/ros2_whisper/whisper_server) by extension 'ignore_ament_install'
[0.171s] Level 1:colcon.colcon_core.package_identification:_identify(src/ros2_whisper/whisper_server) by extensions ['colcon_pkg']
[0.171s] Level 1:colcon.colcon_core.package_identification:_identify(src/ros2_whisper/whisper_server) by extension 'colcon_pkg'
[0.171s] Level 1:colcon.colcon_core.package_identification:_identify(src/ros2_whisper/whisper_server) by extensions ['colcon_meta']
[0.171s] Level 1:colcon.colcon_core.package_identification:_identify(src/ros2_whisper/whisper_server) by extension 'colcon_meta'
[0.172s] Level 1:colcon.colcon_core.package_identification:_identify(src/ros2_whisper/whisper_server) by extensions ['ros']
[0.172s] Level 1:colcon.colcon_core.package_identification:_identify(src/ros2_whisper/whisper_server) by extension 'ros'
[0.172s] DEBUG:colcon.colcon_core.package_identification:Package 'src/ros2_whisper/whisper_server' with type 'ros.ament_cmake' and name 'whisper_server'
[0.172s] Level 1:colcon.colcon_core.package_identification:_identify(src/ros2_whisper/whisper_util) by extensions ['ignore', 'ignore_ament_install']
[0.172s] Level 1:colcon.colcon_core.package_identification:_identify(src/ros2_whisper/whisper_util) by extension 'ignore'
[0.172s] Level 1:colcon.colcon_core.package_identification:_identify(src/ros2_whisper/whisper_util) by extension 'ignore_ament_install'
[0.172s] Level 1:colcon.colcon_core.package_identification:_identify(src/ros2_whisper/whisper_util) by extensions ['colcon_pkg']
[0.172s] Level 1:colcon.colcon_core.package_identification:_identify(src/ros2_whisper/whisper_util) by extension 'colcon_pkg'
[0.172s] Level 1:colcon.colcon_core.package_identification:_identify(src/ros2_whisper/whisper_util) by extensions ['colcon_meta']
[0.172s] Level 1:colcon.colcon_core.package_identification:_identify(src/ros2_whisper/whisper_util) by extension 'colcon_meta'
[0.172s] Level 1:colcon.colcon_core.package_identification:_identify(src/ros2_whisper/whisper_util) by extensions ['ros']
[0.172s] Level 1:colcon.colcon_core.package_identification:_identify(src/ros2_whisper/whisper_util) by extension 'ros'
[0.173s] DEBUG:colcon.colcon_core.package_identification:Package 'src/ros2_whisper/whisper_util' with type 'ros.ament_cmake' and name 'whisper_util'
[0.173s] Level 1:colcon.colcon_core.package_identification:_identify(src/rviz_marker_static_scene_objects) by extensions ['ignore', 'ignore_ament_install']
[0.173s] Level 1:colcon.colcon_core.package_identification:_identify(src/rviz_marker_static_scene_objects) by extension 'ignore'
[0.173s] Level 1:colcon.colcon_core.package_identification:_identify(src/rviz_marker_static_scene_objects) by extension 'ignore_ament_install'
[0.173s] Level 1:colcon.colcon_core.package_identification:_identify(src/rviz_marker_static_scene_objects) by extensions ['colcon_pkg']
[0.173s] Level 1:colcon.colcon_core.package_identification:_identify(src/rviz_marker_static_scene_objects) by extension 'colcon_pkg'
[0.173s] Level 1:colcon.colcon_core.package_identification:_identify(src/rviz_marker_static_scene_objects) by extensions ['colcon_meta']
[0.173s] Level 1:colcon.colcon_core.package_identification:_identify(src/rviz_marker_static_scene_objects) by extension 'colcon_meta'
[0.173s] Level 1:colcon.colcon_core.package_identification:_identify(src/rviz_marker_static_scene_objects) by extensions ['ros']
[0.173s] Level 1:colcon.colcon_core.package_identification:_identify(src/rviz_marker_static_scene_objects) by extension 'ros'
[0.173s] DEBUG:colcon.colcon_core.package_identification:Package 'src/rviz_marker_static_scene_objects' with type 'ros.ament_python' and name 'rviz_marker_static_scene_objects'
[0.173s] Level 1:colcon.colcon_core.package_identification:_identify(src/rviz_robot_control_panel) by extensions ['ignore', 'ignore_ament_install']
[0.173s] Level 1:colcon.colcon_core.package_identification:_identify(src/rviz_robot_control_panel) by extension 'ignore'
[0.173s] Level 1:colcon.colcon_core.package_identification:_identify(src/rviz_robot_control_panel) by extension 'ignore_ament_install'
[0.173s] Level 1:colcon.colcon_core.package_identification:_identify(src/rviz_robot_control_panel) by extensions ['colcon_pkg']
[0.173s] Level 1:colcon.colcon_core.package_identification:_identify(src/rviz_robot_control_panel) by extension 'colcon_pkg'
[0.173s] Level 1:colcon.colcon_core.package_identification:_identify(src/rviz_robot_control_panel) by extensions ['colcon_meta']
[0.173s] Level 1:colcon.colcon_core.package_identification:_identify(src/rviz_robot_control_panel) by extension 'colcon_meta'
[0.173s] Level 1:colcon.colcon_core.package_identification:_identify(src/rviz_robot_control_panel) by extensions ['ros']
[0.173s] Level 1:colcon.colcon_core.package_identification:_identify(src/rviz_robot_control_panel) by extension 'ros'
[0.174s] DEBUG:colcon.colcon_core.package_identification:Package 'src/rviz_robot_control_panel' with type 'ros.ament_cmake' and name 'rviz_robot_control_panel'
[0.174s] Level 1:colcon.colcon_core.package_identification:_identify(src/rviz_servo_status_overlay) by extensions ['ignore', 'ignore_ament_install']
[0.174s] Level 1:colcon.colcon_core.package_identification:_identify(src/rviz_servo_status_overlay) by extension 'ignore'
[0.174s] Level 1:colcon.colcon_core.package_identification:_identify(src/rviz_servo_status_overlay) by extension 'ignore_ament_install'
[0.174s] Level 1:colcon.colcon_core.package_identification:_identify(src/rviz_servo_status_overlay) by extensions ['colcon_pkg']
[0.174s] Level 1:colcon.colcon_core.package_identification:_identify(src/rviz_servo_status_overlay) by extension 'colcon_pkg'
[0.174s] Level 1:colcon.colcon_core.package_identification:_identify(src/rviz_servo_status_overlay) by extensions ['colcon_meta']
[0.174s] Level 1:colcon.colcon_core.package_identification:_identify(src/rviz_servo_status_overlay) by extension 'colcon_meta'
[0.174s] Level 1:colcon.colcon_core.package_identification:_identify(src/rviz_servo_status_overlay) by extensions ['ros']
[0.174s] Level 1:colcon.colcon_core.package_identification:_identify(src/rviz_servo_status_overlay) by extension 'ros'
[0.174s] DEBUG:colcon.colcon_core.package_identification:Package 'src/rviz_servo_status_overlay' with type 'ros.ament_python' and name 'rviz_servo_status_overlay'
[0.174s] Level 1:colcon.colcon_core.package_identification:_identify(src/voice_command_listener) by extensions ['ignore', 'ignore_ament_install']
[0.174s] Level 1:colcon.colcon_core.package_identification:_identify(src/voice_command_listener) by extension 'ignore'
[0.174s] Level 1:colcon.colcon_core.package_identification:_identify(src/voice_command_listener) by extension 'ignore_ament_install'
[0.174s] Level 1:colcon.colcon_core.package_identification:_identify(src/voice_command_listener) by extensions ['colcon_pkg']
[0.174s] Level 1:colcon.colcon_core.package_identification:_identify(src/voice_command_listener) by extension 'colcon_pkg'
[0.174s] Level 1:colcon.colcon_core.package_identification:_identify(src/voice_command_listener) by extensions ['colcon_meta']
[0.174s] Level 1:colcon.colcon_core.package_identification:_identify(src/voice_command_listener) by extension 'colcon_meta'
[0.174s] Level 1:colcon.colcon_core.package_identification:_identify(src/voice_command_listener) by extensions ['ros']
[0.174s] Level 1:colcon.colcon_core.package_identification:_identify(src/voice_command_listener) by extension 'ros'
[0.175s] DEBUG:colcon.colcon_core.package_identification:Package 'src/voice_command_listener' with type 'ros.ament_python' and name 'voice_command_listener'
[0.175s] Level 1:colcon.colcon_core.package_identification:_identify(src/xarm_ros2) by extensions ['ignore', 'ignore_ament_install']
[0.175s] Level 1:colcon.colcon_core.package_identification:_identify(src/xarm_ros2) by extension 'ignore'
[0.175s] Level 1:colcon.colcon_core.package_identification:_identify(src/xarm_ros2) by extension 'ignore_ament_install'
[0.175s] Level 1:colcon.colcon_core.package_identification:_identify(src/xarm_ros2) by extensions ['colcon_pkg']
[0.175s] Level 1:colcon.colcon_core.package_identification:_identify(src/xarm_ros2) by extension 'colcon_pkg'
[0.175s] Level 1:colcon.colcon_core.package_identification:_identify(src/xarm_ros2) by extensions ['colcon_meta']
[0.175s] Level 1:colcon.colcon_core.package_identification:_identify(src/xarm_ros2) by extension 'colcon_meta'
[0.175s] Level 1:colcon.colcon_core.package_identification:_identify(src/xarm_ros2) by extensions ['ros']
[0.175s] Level 1:colcon.colcon_core.package_identification:_identify(src/xarm_ros2) by extension 'ros'
[0.175s] Level 1:colcon.colcon_core.package_identification:_identify(src/xarm_ros2) by extensions ['cmake', 'python']
[0.175s] Level 1:colcon.colcon_core.package_identification:_identify(src/xarm_ros2) by extension 'cmake'
[0.175s] Level 1:colcon.colcon_core.package_identification:_identify(src/xarm_ros2) by extension 'python'
[0.175s] Level 1:colcon.colcon_core.package_identification:_identify(src/xarm_ros2) by extensions ['python_setup_py']
[0.175s] Level 1:colcon.colcon_core.package_identification:_identify(src/xarm_ros2) by extension 'python_setup_py'
[0.175s] Level 1:colcon.colcon_core.package_identification:_identify(src/xarm_ros2/demo) by extensions ['ignore', 'ignore_ament_install']
[0.175s] Level 1:colcon.colcon_core.package_identification:_identify(src/xarm_ros2/demo) by extension 'ignore'
[0.175s] Level 1:colcon.colcon_core.package_identification:_identify(src/xarm_ros2/demo) by extension 'ignore_ament_install'
[0.175s] Level 1:colcon.colcon_core.package_identification:_identify(src/xarm_ros2/demo) by extensions ['colcon_pkg']
[0.175s] Level 1:colcon.colcon_core.package_identification:_identify(src/xarm_ros2/demo) by extension 'colcon_pkg'
[0.175s] Level 1:colcon.colcon_core.package_identification:_identify(src/xarm_ros2/demo) by extensions ['colcon_meta']
[0.175s] Level 1:colcon.colcon_core.package_identification:_identify(src/xarm_ros2/demo) by extension 'colcon_meta'
[0.175s] Level 1:colcon.colcon_core.package_identification:_identify(src/xarm_ros2/demo) by extensions ['ros']
[0.175s] Level 1:colcon.colcon_core.package_identification:_identify(src/xarm_ros2/demo) by extension 'ros'
[0.175s] Level 1:colcon.colcon_core.package_identification:_identify(src/xarm_ros2/demo) by extensions ['cmake', 'python']
[0.175s] Level 1:colcon.colcon_core.package_identification:_identify(src/xarm_ros2/demo) by extension 'cmake'
[0.175s] Level 1:colcon.colcon_core.package_identification:_identify(src/xarm_ros2/demo) by extension 'python'
[0.175s] Level 1:colcon.colcon_core.package_identification:_identify(src/xarm_ros2/demo) by extensions ['python_setup_py']
[0.175s] Level 1:colcon.colcon_core.package_identification:_identify(src/xarm_ros2/demo) by extension 'python_setup_py'
[0.175s] Level 1:colcon.colcon_core.package_identification:_identify(src/xarm_ros2/demo/mbot_demo) by extensions ['ignore', 'ignore_ament_install']
[0.175s] Level 1:colcon.colcon_core.package_identification:_identify(src/xarm_ros2/demo/mbot_demo) by extension 'ignore'
[0.175s] Level 1:colcon.colcon_core.package_identification:_identify(src/xarm_ros2/demo/mbot_demo) by extension 'ignore_ament_install'
[0.175s] Level 1:colcon.colcon_core.package_identification:_identify(src/xarm_ros2/demo/mbot_demo) by extensions ['colcon_pkg']
[0.175s] Level 1:colcon.colcon_core.package_identification:_identify(src/xarm_ros2/demo/mbot_demo) by extension 'colcon_pkg'
[0.176s] Level 1:colcon.colcon_core.package_identification:_identify(src/xarm_ros2/demo/mbot_demo) by extensions ['colcon_meta']
[0.176s] Level 1:colcon.colcon_core.package_identification:_identify(src/xarm_ros2/demo/mbot_demo) by extension 'colcon_meta'
[0.176s] Level 1:colcon.colcon_core.package_identification:_identify(src/xarm_ros2/demo/mbot_demo) by extensions ['ros']
[0.176s] Level 1:colcon.colcon_core.package_identification:_identify(src/xarm_ros2/demo/mbot_demo) by extension 'ros'
[0.176s] DEBUG:colcon.colcon_core.package_identification:Package 'src/xarm_ros2/demo/mbot_demo' with type 'ros.ament_cmake' and name 'mbot_demo'
[0.176s] Level 1:colcon.colcon_core.package_identification:_identify(src/xarm_ros2/thirdparty) by extensions ['ignore', 'ignore_ament_install']
[0.176s] Level 1:colcon.colcon_core.package_identification:_identify(src/xarm_ros2/thirdparty) by extension 'ignore'
[0.176s] Level 1:colcon.colcon_core.package_identification:_identify(src/xarm_ros2/thirdparty) by extension 'ignore_ament_install'
[0.176s] Level 1:colcon.colcon_core.package_identification:_identify(src/xarm_ros2/thirdparty) by extensions ['colcon_pkg']
[0.176s] Level 1:colcon.colcon_core.package_identification:_identify(src/xarm_ros2/thirdparty) by extension 'colcon_pkg'
[0.176s] Level 1:colcon.colcon_core.package_identification:_identify(src/xarm_ros2/thirdparty) by extensions ['colcon_meta']
[0.176s] Level 1:colcon.colcon_core.package_identification:_identify(src/xarm_ros2/thirdparty) by extension 'colcon_meta'
[0.176s] Level 1:colcon.colcon_core.package_identification:_identify(src/xarm_ros2/thirdparty) by extensions ['ros']
[0.176s] Level 1:colcon.colcon_core.package_identification:_identify(src/xarm_ros2/thirdparty) by extension 'ros'
[0.176s] Level 1:colcon.colcon_core.package_identification:_identify(src/xarm_ros2/thirdparty) by extensions ['cmake', 'python']
[0.176s] Level 1:colcon.colcon_core.package_identification:_identify(src/xarm_ros2/thirdparty) by extension 'cmake'
[0.176s] Level 1:colcon.colcon_core.package_identification:_identify(src/xarm_ros2/thirdparty) by extension 'python'
[0.176s] Level 1:colcon.colcon_core.package_identification:_identify(src/xarm_ros2/thirdparty) by extensions ['python_setup_py']
[0.176s] Level 1:colcon.colcon_core.package_identification:_identify(src/xarm_ros2/thirdparty) by extension 'python_setup_py'
[0.176s] Level 1:colcon.colcon_core.package_identification:_identify(src/xarm_ros2/thirdparty/realsense_gazebo_plugin) by extensions ['ignore', 'ignore_ament_install']
[0.176s] Level 1:colcon.colcon_core.package_identification:_identify(src/xarm_ros2/thirdparty/realsense_gazebo_plugin) by extension 'ignore'
[0.176s] Level 1:colcon.colcon_core.package_identification:_identify(src/xarm_ros2/thirdparty/realsense_gazebo_plugin) by extension 'ignore_ament_install'
[0.176s] Level 1:colcon.colcon_core.package_identification:_identify(src/xarm_ros2/thirdparty/realsense_gazebo_plugin) by extensions ['colcon_pkg']
[0.176s] Level 1:colcon.colcon_core.package_identification:_identify(src/xarm_ros2/thirdparty/realsense_gazebo_plugin) by extension 'colcon_pkg'
[0.176s] Level 1:colcon.colcon_core.package_identification:_identify(src/xarm_ros2/thirdparty/realsense_gazebo_plugin) by extensions ['colcon_meta']
[0.176s] Level 1:colcon.colcon_core.package_identification:_identify(src/xarm_ros2/thirdparty/realsense_gazebo_plugin) by extension 'colcon_meta'
[0.176s] Level 1:colcon.colcon_core.package_identification:_identify(src/xarm_ros2/thirdparty/realsense_gazebo_plugin) by extensions ['ros']
[0.176s] Level 1:colcon.colcon_core.package_identification:_identify(src/xarm_ros2/thirdparty/realsense_gazebo_plugin) by extension 'ros'
[0.177s] DEBUG:colcon.colcon_core.package_identification:Package 'src/xarm_ros2/thirdparty/realsense_gazebo_plugin' with type 'ros.ament_cmake' and name 'realsense_gazebo_plugin'
[0.177s] Level 1:colcon.colcon_core.package_identification:_identify(src/xarm_ros2/uf_ros_lib) by extensions ['ignore', 'ignore_ament_install']
[0.177s] Level 1:colcon.colcon_core.package_identification:_identify(src/xarm_ros2/uf_ros_lib) by extension 'ignore'
[0.177s] Level 1:colcon.colcon_core.package_identification:_identify(src/xarm_ros2/uf_ros_lib) by extension 'ignore_ament_install'
[0.177s] Level 1:colcon.colcon_core.package_identification:_identify(src/xarm_ros2/uf_ros_lib) by extensions ['colcon_pkg']
[0.177s] Level 1:colcon.colcon_core.package_identification:_identify(src/xarm_ros2/uf_ros_lib) by extension 'colcon_pkg'
[0.177s] Level 1:colcon.colcon_core.package_identification:_identify(src/xarm_ros2/uf_ros_lib) by extensions ['colcon_meta']
[0.177s] Level 1:colcon.colcon_core.package_identification:_identify(src/xarm_ros2/uf_ros_lib) by extension 'colcon_meta'
[0.177s] Level 1:colcon.colcon_core.package_identification:_identify(src/xarm_ros2/uf_ros_lib) by extensions ['ros']
[0.177s] Level 1:colcon.colcon_core.package_identification:_identify(src/xarm_ros2/uf_ros_lib) by extension 'ros'
[0.177s] DEBUG:colcon.colcon_core.package_identification:Package 'src/xarm_ros2/uf_ros_lib' with type 'ros.ament_python' and name 'uf_ros_lib'
[0.177s] Level 1:colcon.colcon_core.package_identification:_identify(src/xarm_ros2/xarm_api) by extensions ['ignore', 'ignore_ament_install']
[0.177s] Level 1:colcon.colcon_core.package_identification:_identify(src/xarm_ros2/xarm_api) by extension 'ignore'
[0.177s] Level 1:colcon.colcon_core.package_identification:_identify(src/xarm_ros2/xarm_api) by extension 'ignore_ament_install'
[0.177s] Level 1:colcon.colcon_core.package_identification:_identify(src/xarm_ros2/xarm_api) by extensions ['colcon_pkg']
[0.177s] Level 1:colcon.colcon_core.package_identification:_identify(src/xarm_ros2/xarm_api) by extension 'colcon_pkg'
[0.177s] Level 1:colcon.colcon_core.package_identification:_identify(src/xarm_ros2/xarm_api) by extensions ['colcon_meta']
[0.177s] Level 1:colcon.colcon_core.package_identification:_identify(src/xarm_ros2/xarm_api) by extension 'colcon_meta'
[0.177s] Level 1:colcon.colcon_core.package_identification:_identify(src/xarm_ros2/xarm_api) by extensions ['ros']
[0.177s] Level 1:colcon.colcon_core.package_identification:_identify(src/xarm_ros2/xarm_api) by extension 'ros'
[0.178s] DEBUG:colcon.colcon_core.package_identification:Package 'src/xarm_ros2/xarm_api' with type 'ros.ament_cmake' and name 'xarm_api'
[0.178s] Level 1:colcon.colcon_core.package_identification:_identify(src/xarm_ros2/xarm_controller) by extensions ['ignore', 'ignore_ament_install']
[0.178s] Level 1:colcon.colcon_core.package_identification:_identify(src/xarm_ros2/xarm_controller) by extension 'ignore'
[0.178s] Level 1:colcon.colcon_core.package_identification:_identify(src/xarm_ros2/xarm_controller) by extension 'ignore_ament_install'
[0.178s] Level 1:colcon.colcon_core.package_identification:_identify(src/xarm_ros2/xarm_controller) by extensions ['colcon_pkg']
[0.178s] Level 1:colcon.colcon_core.package_identification:_identify(src/xarm_ros2/xarm_controller) by extension 'colcon_pkg'
[0.178s] Level 1:colcon.colcon_core.package_identification:_identify(src/xarm_ros2/xarm_controller) by extensions ['colcon_meta']
[0.178s] Level 1:colcon.colcon_core.package_identification:_identify(src/xarm_ros2/xarm_controller) by extension 'colcon_meta'
[0.178s] Level 1:colcon.colcon_core.package_identification:_identify(src/xarm_ros2/xarm_controller) by extensions ['ros']
[0.178s] Level 1:colcon.colcon_core.package_identification:_identify(src/xarm_ros2/xarm_controller) by extension 'ros'
[0.179s] DEBUG:colcon.colcon_core.package_identification:Package 'src/xarm_ros2/xarm_controller' with type 'ros.ament_cmake' and name 'xarm_controller'
[0.179s] Level 1:colcon.colcon_core.package_identification:_identify(src/xarm_ros2/xarm_description) by extensions ['ignore', 'ignore_ament_install']
[0.179s] Level 1:colcon.colcon_core.package_identification:_identify(src/xarm_ros2/xarm_description) by extension 'ignore'
[0.179s] Level 1:colcon.colcon_core.package_identification:_identify(src/xarm_ros2/xarm_description) by extension 'ignore_ament_install'
[0.179s] Level 1:colcon.colcon_core.package_identification:_identify(src/xarm_ros2/xarm_description) by extensions ['colcon_pkg']
[0.179s] Level 1:colcon.colcon_core.package_identification:_identify(src/xarm_ros2/xarm_description) by extension 'colcon_pkg'
[0.179s] Level 1:colcon.colcon_core.package_identification:_identify(src/xarm_ros2/xarm_description) by extensions ['colcon_meta']
[0.179s] Level 1:colcon.colcon_core.package_identification:_identify(src/xarm_ros2/xarm_description) by extension 'colcon_meta'
[0.179s] Level 1:colcon.colcon_core.package_identification:_identify(src/xarm_ros2/xarm_description) by extensions ['ros']
[0.179s] Level 1:colcon.colcon_core.package_identification:_identify(src/xarm_ros2/xarm_description) by extension 'ros'
[0.179s] DEBUG:colcon.colcon_core.package_identification:Package 'src/xarm_ros2/xarm_description' with type 'ros.ament_cmake' and name 'xarm_description'
[0.179s] Level 1:colcon.colcon_core.package_identification:_identify(src/xarm_ros2/xarm_gazebo) by extensions ['ignore', 'ignore_ament_install']
[0.179s] Level 1:colcon.colcon_core.package_identification:_identify(src/xarm_ros2/xarm_gazebo) by extension 'ignore'
[0.179s] Level 1:colcon.colcon_core.package_identification:_identify(src/xarm_ros2/xarm_gazebo) by extension 'ignore_ament_install'
[0.179s] Level 1:colcon.colcon_core.package_identification:_identify(src/xarm_ros2/xarm_gazebo) by extensions ['colcon_pkg']
[0.179s] Level 1:colcon.colcon_core.package_identification:_identify(src/xarm_ros2/xarm_gazebo) by extension 'colcon_pkg'
[0.180s] Level 1:colcon.colcon_core.package_identification:_identify(src/xarm_ros2/xarm_gazebo) by extensions ['colcon_meta']
[0.180s] Level 1:colcon.colcon_core.package_identification:_identify(src/xarm_ros2/xarm_gazebo) by extension 'colcon_meta'
[0.180s] Level 1:colcon.colcon_core.package_identification:_identify(src/xarm_ros2/xarm_gazebo) by extensions ['ros']
[0.180s] Level 1:colcon.colcon_core.package_identification:_identify(src/xarm_ros2/xarm_gazebo) by extension 'ros'
[0.180s] DEBUG:colcon.colcon_core.package_identification:Package 'src/xarm_ros2/xarm_gazebo' with type 'ros.ament_cmake' and name 'xarm_gazebo'
[0.180s] Level 1:colcon.colcon_core.package_identification:_identify(src/xarm_ros2/xarm_moveit_config) by extensions ['ignore', 'ignore_ament_install']
[0.180s] Level 1:colcon.colcon_core.package_identification:_identify(src/xarm_ros2/xarm_moveit_config) by extension 'ignore'
[0.180s] Level 1:colcon.colcon_core.package_identification:_identify(src/xarm_ros2/xarm_moveit_config) by extension 'ignore_ament_install'
[0.180s] Level 1:colcon.colcon_core.package_identification:_identify(src/xarm_ros2/xarm_moveit_config) by extensions ['colcon_pkg']
[0.180s] Level 1:colcon.colcon_core.package_identification:_identify(src/xarm_ros2/xarm_moveit_config) by extension 'colcon_pkg'
[0.180s] Level 1:colcon.colcon_core.package_identification:_identify(src/xarm_ros2/xarm_moveit_config) by extensions ['colcon_meta']
[0.180s] Level 1:colcon.colcon_core.package_identification:_identify(src/xarm_ros2/xarm_moveit_config) by extension 'colcon_meta'
[0.180s] Level 1:colcon.colcon_core.package_identification:_identify(src/xarm_ros2/xarm_moveit_config) by extensions ['ros']
[0.180s] Level 1:colcon.colcon_core.package_identification:_identify(src/xarm_ros2/xarm_moveit_config) by extension 'ros'
[0.181s] DEBUG:colcon.colcon_core.package_identification:Package 'src/xarm_ros2/xarm_moveit_config' with type 'ros.ament_cmake' and name 'xarm_moveit_config'
[0.181s] Level 1:colcon.colcon_core.package_identification:_identify(src/xarm_ros2/xarm_moveit_servo) by extensions ['ignore', 'ignore_ament_install']
[0.181s] Level 1:colcon.colcon_core.package_identification:_identify(src/xarm_ros2/xarm_moveit_servo) by extension 'ignore'
[0.181s] Level 1:colcon.colcon_core.package_identification:_identify(src/xarm_ros2/xarm_moveit_servo) by extension 'ignore_ament_install'
[0.181s] Level 1:colcon.colcon_core.package_identification:_identify(src/xarm_ros2/xarm_moveit_servo) by extensions ['colcon_pkg']
[0.181s] Level 1:colcon.colcon_core.package_identification:_identify(src/xarm_ros2/xarm_moveit_servo) by extension 'colcon_pkg'
[0.181s] Level 1:colcon.colcon_core.package_identification:_identify(src/xarm_ros2/xarm_moveit_servo) by extensions ['colcon_meta']
[0.181s] Level 1:colcon.colcon_core.package_identification:_identify(src/xarm_ros2/xarm_moveit_servo) by extension 'colcon_meta'
[0.181s] Level 1:colcon.colcon_core.package_identification:_identify(src/xarm_ros2/xarm_moveit_servo) by extensions ['ros']
[0.181s] Level 1:colcon.colcon_core.package_identification:_identify(src/xarm_ros2/xarm_moveit_servo) by extension 'ros'
[0.182s] DEBUG:colcon.colcon_core.package_identification:Package 'src/xarm_ros2/xarm_moveit_servo' with type 'ros.ament_cmake' and name 'xarm_moveit_servo'
[0.182s] Level 1:colcon.colcon_core.package_identification:_identify(src/xarm_ros2/xarm_msgs) by extensions ['ignore', 'ignore_ament_install']
[0.182s] Level 1:colcon.colcon_core.package_identification:_identify(src/xarm_ros2/xarm_msgs) by extension 'ignore'
[0.182s] Level 1:colcon.colcon_core.package_identification:_identify(src/xarm_ros2/xarm_msgs) by extension 'ignore_ament_install'
[0.182s] Level 1:colcon.colcon_core.package_identification:_identify(src/xarm_ros2/xarm_msgs) by extensions ['colcon_pkg']
[0.182s] Level 1:colcon.colcon_core.package_identification:_identify(src/xarm_ros2/xarm_msgs) by extension 'colcon_pkg'
[0.182s] Level 1:colcon.colcon_core.package_identification:_identify(src/xarm_ros2/xarm_msgs) by extensions ['colcon_meta']
[0.182s] Level 1:colcon.colcon_core.package_identification:_identify(src/xarm_ros2/xarm_msgs) by extension 'colcon_meta'
[0.182s] Level 1:colcon.colcon_core.package_identification:_identify(src/xarm_ros2/xarm_msgs) by extensions ['ros']
[0.182s] Level 1:colcon.colcon_core.package_identification:_identify(src/xarm_ros2/xarm_msgs) by extension 'ros'
[0.182s] DEBUG:colcon.colcon_core.package_identification:Package 'src/xarm_ros2/xarm_msgs' with type 'ros.ament_cmake' and name 'xarm_msgs'
[0.182s] Level 1:colcon.colcon_core.package_identification:_identify(src/xarm_ros2/xarm_planner) by extensions ['ignore', 'ignore_ament_install']
[0.182s] Level 1:colcon.colcon_core.package_identification:_identify(src/xarm_ros2/xarm_planner) by extension 'ignore'
[0.182s] Level 1:colcon.colcon_core.package_identification:_identify(src/xarm_ros2/xarm_planner) by extension 'ignore_ament_install'
[0.182s] Level 1:colcon.colcon_core.package_identification:_identify(src/xarm_ros2/xarm_planner) by extensions ['colcon_pkg']
[0.182s] Level 1:colcon.colcon_core.package_identification:_identify(src/xarm_ros2/xarm_planner) by extension 'colcon_pkg'
[0.182s] Level 1:colcon.colcon_core.package_identification:_identify(src/xarm_ros2/xarm_planner) by extensions ['colcon_meta']
[0.182s] Level 1:colcon.colcon_core.package_identification:_identify(src/xarm_ros2/xarm_planner) by extension 'colcon_meta'
[0.182s] Level 1:colcon.colcon_core.package_identification:_identify(src/xarm_ros2/xarm_planner) by extensions ['ros']
[0.182s] Level 1:colcon.colcon_core.package_identification:_identify(src/xarm_ros2/xarm_planner) by extension 'ros'
[0.183s] DEBUG:colcon.colcon_core.package_identification:Package 'src/xarm_ros2/xarm_planner' with type 'ros.ament_cmake' and name 'xarm_planner'
[0.183s] Level 1:colcon.colcon_core.package_identification:_identify(src/xarm_ros2/xarm_sdk) by extensions ['ignore', 'ignore_ament_install']
[0.183s] Level 1:colcon.colcon_core.package_identification:_identify(src/xarm_ros2/xarm_sdk) by extension 'ignore'
[0.183s] Level 1:colcon.colcon_core.package_identification:_identify(src/xarm_ros2/xarm_sdk) by extension 'ignore_ament_install'
[0.183s] Level 1:colcon.colcon_core.package_identification:_identify(src/xarm_ros2/xarm_sdk) by extensions ['colcon_pkg']
[0.183s] Level 1:colcon.colcon_core.package_identification:_identify(src/xarm_ros2/xarm_sdk) by extension 'colcon_pkg'
[0.183s] Level 1:colcon.colcon_core.package_identification:_identify(src/xarm_ros2/xarm_sdk) by extensions ['colcon_meta']
[0.183s] Level 1:colcon.colcon_core.package_identification:_identify(src/xarm_ros2/xarm_sdk) by extension 'colcon_meta'
[0.183s] Level 1:colcon.colcon_core.package_identification:_identify(src/xarm_ros2/xarm_sdk) by extensions ['ros']
[0.183s] Level 1:colcon.colcon_core.package_identification:_identify(src/xarm_ros2/xarm_sdk) by extension 'ros'
[0.183s] DEBUG:colcon.colcon_core.package_identification:Package 'src/xarm_ros2/xarm_sdk' with type 'ros.ament_cmake' and name 'xarm_sdk'
[0.183s] Level 1:colcon.colcon_core.package_identification:_identify(src/yolo_object_detector) by extensions ['ignore', 'ignore_ament_install']
[0.184s] Level 1:colcon.colcon_core.package_identification:_identify(src/yolo_object_detector) by extension 'ignore'
[0.184s] Level 1:colcon.colcon_core.package_identification:_identify(src/yolo_object_detector) by extension 'ignore_ament_install'
[0.184s] Level 1:colcon.colcon_core.package_identification:_identify(src/yolo_object_detector) by extensions ['colcon_pkg']
[0.184s] Level 1:colcon.colcon_core.package_identification:_identify(src/yolo_object_detector) by extension 'colcon_pkg'
[0.184s] Level 1:colcon.colcon_core.package_identification:_identify(src/yolo_object_detector) by extensions ['colcon_meta']
[0.184s] Level 1:colcon.colcon_core.package_identification:_identify(src/yolo_object_detector) by extension 'colcon_meta'
[0.184s] Level 1:colcon.colcon_core.package_identification:_identify(src/yolo_object_detector) by extensions ['ros']
[0.184s] Level 1:colcon.colcon_core.package_identification:_identify(src/yolo_object_detector) by extension 'ros'
[0.184s] DEBUG:colcon.colcon_core.package_identification:Package 'src/yolo_object_detector' with type 'ros.ament_python' and name 'yolo_object_detector'
[0.184s] Level 1:colcon.colcon_core.package_identification:_identify(src/zed-ros2-interfaces) by extensions ['ignore', 'ignore_ament_install']
[0.184s] Level 1:colcon.colcon_core.package_identification:_identify(src/zed-ros2-interfaces) by extension 'ignore'
[0.184s] Level 1:colcon.colcon_core.package_identification:_identify(src/zed-ros2-interfaces) by extension 'ignore_ament_install'
[0.184s] Level 1:colcon.colcon_core.package_identification:_identify(src/zed-ros2-interfaces) by extensions ['colcon_pkg']
[0.184s] Level 1:colcon.colcon_core.package_identification:_identify(src/zed-ros2-interfaces) by extension 'colcon_pkg'
[0.184s] Level 1:colcon.colcon_core.package_identification:_identify(src/zed-ros2-interfaces) by extensions ['colcon_meta']
[0.184s] Level 1:colcon.colcon_core.package_identification:_identify(src/zed-ros2-interfaces) by extension 'colcon_meta'
[0.184s] Level 1:colcon.colcon_core.package_identification:_identify(src/zed-ros2-interfaces) by extensions ['ros']
[0.184s] Level 1:colcon.colcon_core.package_identification:_identify(src/zed-ros2-interfaces) by extension 'ros'
[0.185s] DEBUG:colcon.colcon_core.package_identification:Package 'src/zed-ros2-interfaces' with type 'ros.ament_cmake' and name 'zed_interfaces'
[0.185s] Level 1:colcon.colcon_core.package_identification:_identify(src/zed-ros2-wrapper) by extensions ['ignore', 'ignore_ament_install']
[0.185s] Level 1:colcon.colcon_core.package_identification:_identify(src/zed-ros2-wrapper) by extension 'ignore'
[0.185s] Level 1:colcon.colcon_core.package_identification:_identify(src/zed-ros2-wrapper) by extension 'ignore_ament_install'
[0.185s] Level 1:colcon.colcon_core.package_identification:_identify(src/zed-ros2-wrapper) by extensions ['colcon_pkg']
[0.185s] Level 1:colcon.colcon_core.package_identification:_identify(src/zed-ros2-wrapper) by extension 'colcon_pkg'
[0.185s] Level 1:colcon.colcon_core.package_identification:_identify(src/zed-ros2-wrapper) by extensions ['colcon_meta']
[0.185s] Level 1:colcon.colcon_core.package_identification:_identify(src/zed-ros2-wrapper) by extension 'colcon_meta'
[0.185s] Level 1:colcon.colcon_core.package_identification:_identify(src/zed-ros2-wrapper) by extensions ['ros']
[0.185s] Level 1:colcon.colcon_core.package_identification:_identify(src/zed-ros2-wrapper) by extension 'ros'
[0.185s] Level 1:colcon.colcon_core.package_identification:_identify(src/zed-ros2-wrapper) by extensions ['cmake', 'python']
[0.185s] Level 1:colcon.colcon_core.package_identification:_identify(src/zed-ros2-wrapper) by extension 'cmake'
[0.185s] Level 1:colcon.colcon_core.package_identification:_identify(src/zed-ros2-wrapper) by extension 'python'
[0.185s] Level 1:colcon.colcon_core.package_identification:_identify(src/zed-ros2-wrapper) by extensions ['python_setup_py']
[0.185s] Level 1:colcon.colcon_core.package_identification:_identify(src/zed-ros2-wrapper) by extension 'python_setup_py'
[0.185s] Level 1:colcon.colcon_core.package_identification:_identify(src/zed-ros2-wrapper/docker) by extensions ['ignore', 'ignore_ament_install']
[0.185s] Level 1:colcon.colcon_core.package_identification:_identify(src/zed-ros2-wrapper/docker) by extension 'ignore'
[0.185s] Level 1:colcon.colcon_core.package_identification:_identify(src/zed-ros2-wrapper/docker) by extension 'ignore_ament_install'
[0.185s] Level 1:colcon.colcon_core.package_identification:_identify(src/zed-ros2-wrapper/docker) by extensions ['colcon_pkg']
[0.185s] Level 1:colcon.colcon_core.package_identification:_identify(src/zed-ros2-wrapper/docker) by extension 'colcon_pkg'
[0.185s] Level 1:colcon.colcon_core.package_identification:_identify(src/zed-ros2-wrapper/docker) by extensions ['colcon_meta']
[0.185s] Level 1:colcon.colcon_core.package_identification:_identify(src/zed-ros2-wrapper/docker) by extension 'colcon_meta'
[0.185s] Level 1:colcon.colcon_core.package_identification:_identify(src/zed-ros2-wrapper/docker) by extensions ['ros']
[0.185s] Level 1:colcon.colcon_core.package_identification:_identify(src/zed-ros2-wrapper/docker) by extension 'ros'
[0.185s] Level 1:colcon.colcon_core.package_identification:_identify(src/zed-ros2-wrapper/docker) by extensions ['cmake', 'python']
[0.185s] Level 1:colcon.colcon_core.package_identification:_identify(src/zed-ros2-wrapper/docker) by extension 'cmake'
[0.185s] Level 1:colcon.colcon_core.package_identification:_identify(src/zed-ros2-wrapper/docker) by extension 'python'
[0.185s] Level 1:colcon.colcon_core.package_identification:_identify(src/zed-ros2-wrapper/docker) by extensions ['python_setup_py']
[0.185s] Level 1:colcon.colcon_core.package_identification:_identify(src/zed-ros2-wrapper/docker) by extension 'python_setup_py'
[0.185s] Level 1:colcon.colcon_core.package_identification:_identify(src/zed-ros2-wrapper/images) by extensions ['ignore', 'ignore_ament_install']
[0.185s] Level 1:colcon.colcon_core.package_identification:_identify(src/zed-ros2-wrapper/images) by extension 'ignore'
[0.185s] Level 1:colcon.colcon_core.package_identification:_identify(src/zed-ros2-wrapper/images) by extension 'ignore_ament_install'
[0.185s] Level 1:colcon.colcon_core.package_identification:_identify(src/zed-ros2-wrapper/images) by extensions ['colcon_pkg']
[0.185s] Level 1:colcon.colcon_core.package_identification:_identify(src/zed-ros2-wrapper/images) by extension 'colcon_pkg'
[0.185s] Level 1:colcon.colcon_core.package_identification:_identify(src/zed-ros2-wrapper/images) by extensions ['colcon_meta']
[0.185s] Level 1:colcon.colcon_core.package_identification:_identify(src/zed-ros2-wrapper/images) by extension 'colcon_meta'
[0.185s] Level 1:colcon.colcon_core.package_identification:_identify(src/zed-ros2-wrapper/images) by extensions ['ros']
[0.185s] Level 1:colcon.colcon_core.package_identification:_identify(src/zed-ros2-wrapper/images) by extension 'ros'
[0.185s] Level 1:colcon.colcon_core.package_identification:_identify(src/zed-ros2-wrapper/images) by extensions ['cmake', 'python']
[0.185s] Level 1:colcon.colcon_core.package_identification:_identify(src/zed-ros2-wrapper/images) by extension 'cmake'
[0.185s] Level 1:colcon.colcon_core.package_identification:_identify(src/zed-ros2-wrapper/images) by extension 'python'
[0.185s] Level 1:colcon.colcon_core.package_identification:_identify(src/zed-ros2-wrapper/images) by extensions ['python_setup_py']
[0.185s] Level 1:colcon.colcon_core.package_identification:_identify(src/zed-ros2-wrapper/images) by extension 'python_setup_py'
[0.185s] Level 1:colcon.colcon_core.package_identification:_identify(src/zed-ros2-wrapper/zed_components) by extensions ['ignore', 'ignore_ament_install']
[0.186s] Level 1:colcon.colcon_core.package_identification:_identify(src/zed-ros2-wrapper/zed_components) by extension 'ignore'
[0.186s] Level 1:colcon.colcon_core.package_identification:_identify(src/zed-ros2-wrapper/zed_components) by extension 'ignore_ament_install'
[0.186s] Level 1:colcon.colcon_core.package_identification:_identify(src/zed-ros2-wrapper/zed_components) by extensions ['colcon_pkg']
[0.186s] Level 1:colcon.colcon_core.package_identification:_identify(src/zed-ros2-wrapper/zed_components) by extension 'colcon_pkg'
[0.186s] Level 1:colcon.colcon_core.package_identification:_identify(src/zed-ros2-wrapper/zed_components) by extensions ['colcon_meta']
[0.186s] Level 1:colcon.colcon_core.package_identification:_identify(src/zed-ros2-wrapper/zed_components) by extension 'colcon_meta'
[0.186s] Level 1:colcon.colcon_core.package_identification:_identify(src/zed-ros2-wrapper/zed_components) by extensions ['ros']
[0.186s] Level 1:colcon.colcon_core.package_identification:_identify(src/zed-ros2-wrapper/zed_components) by extension 'ros'
[0.186s] DEBUG:colcon.colcon_core.package_identification:Package 'src/zed-ros2-wrapper/zed_components' with type 'ros.ament_cmake' and name 'zed_components'
[0.186s] Level 1:colcon.colcon_core.package_identification:_identify(src/zed-ros2-wrapper/zed_ros2) by extensions ['ignore', 'ignore_ament_install']
[0.186s] Level 1:colcon.colcon_core.package_identification:_identify(src/zed-ros2-wrapper/zed_ros2) by extension 'ignore'
[0.186s] Level 1:colcon.colcon_core.package_identification:_identify(src/zed-ros2-wrapper/zed_ros2) by extension 'ignore_ament_install'
[0.186s] Level 1:colcon.colcon_core.package_identification:_identify(src/zed-ros2-wrapper/zed_ros2) by extensions ['colcon_pkg']
[0.186s] Level 1:colcon.colcon_core.package_identification:_identify(src/zed-ros2-wrapper/zed_ros2) by extension 'colcon_pkg'
[0.186s] Level 1:colcon.colcon_core.package_identification:_identify(src/zed-ros2-wrapper/zed_ros2) by extensions ['colcon_meta']
[0.186s] Level 1:colcon.colcon_core.package_identification:_identify(src/zed-ros2-wrapper/zed_ros2) by extension 'colcon_meta'
[0.186s] Level 1:colcon.colcon_core.package_identification:_identify(src/zed-ros2-wrapper/zed_ros2) by extensions ['ros']
[0.186s] Level 1:colcon.colcon_core.package_identification:_identify(src/zed-ros2-wrapper/zed_ros2) by extension 'ros'
[0.187s] DEBUG:colcon.colcon_core.package_identification:Package 'src/zed-ros2-wrapper/zed_ros2' with type 'ros.ament_cmake' and name 'zed_ros2'
[0.187s] Level 1:colcon.colcon_core.package_identification:_identify(src/zed-ros2-wrapper/zed_wrapper) by extensions ['ignore', 'ignore_ament_install']
[0.187s] Level 1:colcon.colcon_core.package_identification:_identify(src/zed-ros2-wrapper/zed_wrapper) by extension 'ignore'
[0.187s] Level 1:colcon.colcon_core.package_identification:_identify(src/zed-ros2-wrapper/zed_wrapper) by extension 'ignore_ament_install'
[0.187s] Level 1:colcon.colcon_core.package_identification:_identify(src/zed-ros2-wrapper/zed_wrapper) by extensions ['colcon_pkg']
[0.187s] Level 1:colcon.colcon_core.package_identification:_identify(src/zed-ros2-wrapper/zed_wrapper) by extension 'colcon_pkg'
[0.187s] Level 1:colcon.colcon_core.package_identification:_identify(src/zed-ros2-wrapper/zed_wrapper) by extensions ['colcon_meta']
[0.187s] Level 1:colcon.colcon_core.package_identification:_identify(src/zed-ros2-wrapper/zed_wrapper) by extension 'colcon_meta'
[0.187s] Level 1:colcon.colcon_core.package_identification:_identify(src/zed-ros2-wrapper/zed_wrapper) by extensions ['ros']
[0.187s] Level 1:colcon.colcon_core.package_identification:_identify(src/zed-ros2-wrapper/zed_wrapper) by extension 'ros'
[0.187s] DEBUG:colcon.colcon_core.package_identification:Package 'src/zed-ros2-wrapper/zed_wrapper' with type 'ros.ament_cmake' and name 'zed_wrapper'
[0.187s] Level 1:colcon.colcon_core.package_discovery:discover_packages(recursive) using defaults
[0.187s] Level 1:colcon.colcon_core.package_discovery:discover_packages(ignore) discover
[0.187s] Level 1:colcon.colcon_core.package_discovery:discover_packages(ignore) using defaults
[0.187s] Level 1:colcon.colcon_core.package_discovery:discover_packages(path) discover
[0.187s] Level 1:colcon.colcon_core.package_discovery:discover_packages(path) using defaults
[0.202s] Level 1:colcon.colcon_core.package_discovery:discover_packages(prefix_path) check parameters
[0.202s] Level 1:colcon.colcon_core.package_discovery:discover_packages(prefix_path) discover
[0.203s] DEBUG:colcon.colcon_installed_package_information.package_discovery:Found 365 installed packages in /opt/ros/humble
[0.204s] Level 1:colcon.colcon_core.package_discovery:discover_packages(prefix_path) using defaults
[0.224s] Level 5:colcon.colcon_core.verb:set package 'audio_listener' build argument 'cmake_args' from command line to 'None'
[0.224s] Level 5:colcon.colcon_core.verb:set package 'audio_listener' build argument 'cmake_target' from command line to 'None'
[0.224s] Level 5:colcon.colcon_core.verb:set package 'audio_listener' build argument 'cmake_target_skip_unavailable' from command line to 'False'
[0.224s] Level 5:colcon.colcon_core.verb:set package 'audio_listener' build argument 'cmake_clean_cache' from command line to 'False'
[0.224s] Level 5:colcon.colcon_core.verb:set package 'audio_listener' build argument 'cmake_clean_first' from command line to 'False'
[0.224s] Level 5:colcon.colcon_core.verb:set package 'audio_listener' build argument 'cmake_force_configure' from command line to 'False'
[0.224s] Level 5:colcon.colcon_core.verb:set package 'audio_listener' build argument 'ament_cmake_args' from command line to 'None'
[0.224s] Level 5:colcon.colcon_core.verb:set package 'audio_listener' build argument 'catkin_cmake_args' from command line to 'None'
[0.224s] Level 5:colcon.colcon_core.verb:set package 'audio_listener' build argument 'catkin_skip_building_tests' from command line to 'False'
[0.224s] DEBUG:colcon.colcon_core.verb:Building package 'audio_listener' with the following arguments: {'ament_cmake_args': None, 'build_base': '/home/mk/dev_ws/build/audio_listener', 'catkin_cmake_args': None, 'catkin_skip_building_tests': False, 'cmake_args': None, 'cmake_clean_cache': False, 'cmake_clean_first': False, 'cmake_force_configure': False, 'cmake_target': None, 'cmake_target_skip_unavailable': False, 'install_base': '/home/mk/dev_ws/install/audio_listener', 'merge_install': False, 'path': '/home/mk/dev_ws/src/ros2_whisper/audio_listener', 'symlink_install': True, 'test_result_base': None}
[0.224s] Level 5:colcon.colcon_core.verb:set package 'collision_check' build argument 'cmake_args' from command line to 'None'
[0.224s] Level 5:colcon.colcon_core.verb:set package 'collision_check' build argument 'cmake_target' from command line to 'None'
[0.224s] Level 5:colcon.colcon_core.verb:set package 'collision_check' build argument 'cmake_target_skip_unavailable' from command line to 'False'
[0.224s] Level 5:colcon.colcon_core.verb:set package 'collision_check' build argument 'cmake_clean_cache' from command line to 'False'
[0.224s] Level 5:colcon.colcon_core.verb:set package 'collision_check' build argument 'cmake_clean_first' from command line to 'False'
[0.224s] Level 5:colcon.colcon_core.verb:set package 'collision_check' build argument 'cmake_force_configure' from command line to 'False'
[0.224s] Level 5:colcon.colcon_core.verb:set package 'collision_check' build argument 'ament_cmake_args' from command line to 'None'
[0.224s] Level 5:colcon.colcon_core.verb:set package 'collision_check' build argument 'catkin_cmake_args' from command line to 'None'
[0.224s] Level 5:colcon.colcon_core.verb:set package 'collision_check' build argument 'catkin_skip_building_tests' from command line to 'False'
[0.224s] DEBUG:colcon.colcon_core.verb:Building package 'collision_check' with the following arguments: {'ament_cmake_args': None, 'build_base': '/home/mk/dev_ws/build/collision_check', 'catkin_cmake_args': None, 'catkin_skip_building_tests': False, 'cmake_args': None, 'cmake_clean_cache': False, 'cmake_clean_first': False, 'cmake_force_configure': False, 'cmake_target': None, 'cmake_target_skip_unavailable': False, 'install_base': '/home/mk/dev_ws/install/collision_check', 'merge_install': False, 'path': '/home/mk/dev_ws/src/collision_check', 'symlink_install': True, 'test_result_base': None}
[0.224s] Level 5:colcon.colcon_core.verb:set package 'gaze_control' build argument 'cmake_args' from command line to 'None'
[0.224s] Level 5:colcon.colcon_core.verb:set package 'gaze_control' build argument 'cmake_target' from command line to 'None'
[0.224s] Level 5:colcon.colcon_core.verb:set package 'gaze_control' build argument 'cmake_target_skip_unavailable' from command line to 'False'
[0.224s] Level 5:colcon.colcon_core.verb:set package 'gaze_control' build argument 'cmake_clean_cache' from command line to 'False'
[0.224s] Level 5:colcon.colcon_core.verb:set package 'gaze_control' build argument 'cmake_clean_first' from command line to 'False'
[0.224s] Level 5:colcon.colcon_core.verb:set package 'gaze_control' build argument 'cmake_force_configure' from command line to 'False'
[0.224s] Level 5:colcon.colcon_core.verb:set package 'gaze_control' build argument 'ament_cmake_args' from command line to 'None'
[0.224s] Level 5:colcon.colcon_core.verb:set package 'gaze_control' build argument 'catkin_cmake_args' from command line to 'None'
[0.224s] Level 5:colcon.colcon_core.verb:set package 'gaze_control' build argument 'catkin_skip_building_tests' from command line to 'False'
[0.224s] DEBUG:colcon.colcon_core.verb:Building package 'gaze_control' with the following arguments: {'ament_cmake_args': None, 'build_base': '/home/mk/dev_ws/build/gaze_control', 'catkin_cmake_args': None, 'catkin_skip_building_tests': False, 'cmake_args': None, 'cmake_clean_cache': False, 'cmake_clean_first': False, 'cmake_force_configure': False, 'cmake_target': None, 'cmake_target_skip_unavailable': False, 'install_base': '/home/mk/dev_ws/install/gaze_control', 'merge_install': False, 'path': '/home/mk/dev_ws/src/gaze_control', 'symlink_install': True, 'test_result_base': None}
[0.224s] Level 5:colcon.colcon_core.verb:set package 'mbot_demo' build argument 'cmake_args' from command line to 'None'
[0.224s] Level 5:colcon.colcon_core.verb:set package 'mbot_demo' build argument 'cmake_target' from command line to 'None'
[0.224s] Level 5:colcon.colcon_core.verb:set package 'mbot_demo' build argument 'cmake_target_skip_unavailable' from command line to 'False'
[0.224s] Level 5:colcon.colcon_core.verb:set package 'mbot_demo' build argument 'cmake_clean_cache' from command line to 'False'
[0.224s] Level 5:colcon.colcon_core.verb:set package 'mbot_demo' build argument 'cmake_clean_first' from command line to 'False'
[0.224s] Level 5:colcon.colcon_core.verb:set package 'mbot_demo' build argument 'cmake_force_configure' from command line to 'False'
[0.224s] Level 5:colcon.colcon_core.verb:set package 'mbot_demo' build argument 'ament_cmake_args' from command line to 'None'
[0.224s] Level 5:colcon.colcon_core.verb:set package 'mbot_demo' build argument 'catkin_cmake_args' from command line to 'None'
[0.224s] Level 5:colcon.colcon_core.verb:set package 'mbot_demo' build argument 'catkin_skip_building_tests' from command line to 'False'
[0.224s] DEBUG:colcon.colcon_core.verb:Building package 'mbot_demo' with the following arguments: {'ament_cmake_args': None, 'build_base': '/home/mk/dev_ws/build/mbot_demo', 'catkin_cmake_args': None, 'catkin_skip_building_tests': False, 'cmake_args': None, 'cmake_clean_cache': False, 'cmake_clean_first': False, 'cmake_force_configure': False, 'cmake_target': None, 'cmake_target_skip_unavailable': False, 'install_base': '/home/mk/dev_ws/install/mbot_demo', 'merge_install': False, 'path': '/home/mk/dev_ws/src/xarm_ros2/demo/mbot_demo', 'symlink_install': True, 'test_result_base': None}
[0.225s] Level 5:colcon.colcon_core.verb:set package 'my_3d_vision_bringup' build argument 'cmake_args' from command line to 'None'
[0.225s] Level 5:colcon.colcon_core.verb:set package 'my_3d_vision_bringup' build argument 'cmake_target' from command line to 'None'
[0.225s] Level 5:colcon.colcon_core.verb:set package 'my_3d_vision_bringup' build argument 'cmake_target_skip_unavailable' from command line to 'False'
[0.225s] Level 5:colcon.colcon_core.verb:set package 'my_3d_vision_bringup' build argument 'cmake_clean_cache' from command line to 'False'
[0.225s] Level 5:colcon.colcon_core.verb:set package 'my_3d_vision_bringup' build argument 'cmake_clean_first' from command line to 'False'
[0.225s] Level 5:colcon.colcon_core.verb:set package 'my_3d_vision_bringup' build argument 'cmake_force_configure' from command line to 'False'
[0.225s] Level 5:colcon.colcon_core.verb:set package 'my_3d_vision_bringup' build argument 'ament_cmake_args' from command line to 'None'
[0.225s] Level 5:colcon.colcon_core.verb:set package 'my_3d_vision_bringup' build argument 'catkin_cmake_args' from command line to 'None'
[0.225s] Level 5:colcon.colcon_core.verb:set package 'my_3d_vision_bringup' build argument 'catkin_skip_building_tests' from command line to 'False'
[0.225s] DEBUG:colcon.colcon_core.verb:Building package 'my_3d_vision_bringup' with the following arguments: {'ament_cmake_args': None, 'build_base': '/home/mk/dev_ws/build/my_3d_vision_bringup', 'catkin_cmake_args': None, 'catkin_skip_building_tests': False, 'cmake_args': None, 'cmake_clean_cache': False, 'cmake_clean_first': False, 'cmake_force_configure': False, 'cmake_target': None, 'cmake_target_skip_unavailable': False, 'install_base': '/home/mk/dev_ws/install/my_3d_vision_bringup', 'merge_install': False, 'path': '/home/mk/dev_ws/src/my_3d_vision_bringup', 'symlink_install': True, 'test_result_base': None}
[0.225s] Level 5:colcon.colcon_core.verb:set package 'realsense_gazebo_plugin' build argument 'cmake_args' from command line to 'None'
[0.225s] Level 5:colcon.colcon_core.verb:set package 'realsense_gazebo_plugin' build argument 'cmake_target' from command line to 'None'
[0.225s] Level 5:colcon.colcon_core.verb:set package 'realsense_gazebo_plugin' build argument 'cmake_target_skip_unavailable' from command line to 'False'
[0.225s] Level 5:colcon.colcon_core.verb:set package 'realsense_gazebo_plugin' build argument 'cmake_clean_cache' from command line to 'False'
[0.225s] Level 5:colcon.colcon_core.verb:set package 'realsense_gazebo_plugin' build argument 'cmake_clean_first' from command line to 'False'
[0.225s] Level 5:colcon.colcon_core.verb:set package 'realsense_gazebo_plugin' build argument 'cmake_force_configure' from command line to 'False'
[0.225s] Level 5:colcon.colcon_core.verb:set package 'realsense_gazebo_plugin' build argument 'ament_cmake_args' from command line to 'None'
[0.225s] Level 5:colcon.colcon_core.verb:set package 'realsense_gazebo_plugin' build argument 'catkin_cmake_args' from command line to 'None'
[0.225s] Level 5:colcon.colcon_core.verb:set package 'realsense_gazebo_plugin' build argument 'catkin_skip_building_tests' from command line to 'False'
[0.225s] DEBUG:colcon.colcon_core.verb:Building package 'realsense_gazebo_plugin' with the following arguments: {'ament_cmake_args': None, 'build_base': '/home/mk/dev_ws/build/realsense_gazebo_plugin', 'catkin_cmake_args': None, 'catkin_skip_building_tests': False, 'cmake_args': None, 'cmake_clean_cache': False, 'cmake_clean_first': False, 'cmake_force_configure': False, 'cmake_target': None, 'cmake_target_skip_unavailable': False, 'install_base': '/home/mk/dev_ws/install/realsense_gazebo_plugin', 'merge_install': False, 'path': '/home/mk/dev_ws/src/xarm_ros2/thirdparty/realsense_gazebo_plugin', 'symlink_install': True, 'test_result_base': None}
[0.225s] Level 5:colcon.colcon_core.verb:set package 'robot_motion_handler_movegroup' build argument 'cmake_args' from command line to 'None'
[0.225s] Level 5:colcon.colcon_core.verb:set package 'robot_motion_handler_movegroup' build argument 'cmake_target' from command line to 'None'
[0.225s] Level 5:colcon.colcon_core.verb:set package 'robot_motion_handler_movegroup' build argument 'cmake_target_skip_unavailable' from command line to 'False'
[0.225s] Level 5:colcon.colcon_core.verb:set package 'robot_motion_handler_movegroup' build argument 'cmake_clean_cache' from command line to 'False'
[0.225s] Level 5:colcon.colcon_core.verb:set package 'robot_motion_handler_movegroup' build argument 'cmake_clean_first' from command line to 'False'
[0.225s] Level 5:colcon.colcon_core.verb:set package 'robot_motion_handler_movegroup' build argument 'cmake_force_configure' from command line to 'False'
[0.225s] Level 5:colcon.colcon_core.verb:set package 'robot_motion_handler_movegroup' build argument 'ament_cmake_args' from command line to 'None'
[0.225s] Level 5:colcon.colcon_core.verb:set package 'robot_motion_handler_movegroup' build argument 'catkin_cmake_args' from command line to 'None'
[0.225s] Level 5:colcon.colcon_core.verb:set package 'robot_motion_handler_movegroup' build argument 'catkin_skip_building_tests' from command line to 'False'
[0.225s] DEBUG:colcon.colcon_core.verb:Building package 'robot_motion_handler_movegroup' with the following arguments: {'ament_cmake_args': None, 'build_base': '/home/mk/dev_ws/build/robot_motion_handler_movegroup', 'catkin_cmake_args': None, 'catkin_skip_building_tests': False, 'cmake_args': None, 'cmake_clean_cache': False, 'cmake_clean_first': False, 'cmake_force_configure': False, 'cmake_target': None, 'cmake_target_skip_unavailable': False, 'install_base': '/home/mk/dev_ws/install/robot_motion_handler_movegroup', 'merge_install': False, 'path': '/home/mk/dev_ws/src/robot_motion_handler_movegroup', 'symlink_install': True, 'test_result_base': None}
[0.225s] Level 5:colcon.colcon_core.verb:set package 'rviz_marker_static_scene_objects' build argument 'cmake_args' from command line to 'None'
[0.225s] Level 5:colcon.colcon_core.verb:set package 'rviz_marker_static_scene_objects' build argument 'cmake_target' from command line to 'None'
[0.225s] Level 5:colcon.colcon_core.verb:set package 'rviz_marker_static_scene_objects' build argument 'cmake_target_skip_unavailable' from command line to 'False'
[0.225s] Level 5:colcon.colcon_core.verb:set package 'rviz_marker_static_scene_objects' build argument 'cmake_clean_cache' from command line to 'False'
[0.225s] Level 5:colcon.colcon_core.verb:set package 'rviz_marker_static_scene_objects' build argument 'cmake_clean_first' from command line to 'False'
[0.225s] Level 5:colcon.colcon_core.verb:set package 'rviz_marker_static_scene_objects' build argument 'cmake_force_configure' from command line to 'False'
[0.225s] Level 5:colcon.colcon_core.verb:set package 'rviz_marker_static_scene_objects' build argument 'ament_cmake_args' from command line to 'None'
[0.225s] Level 5:colcon.colcon_core.verb:set package 'rviz_marker_static_scene_objects' build argument 'catkin_cmake_args' from command line to 'None'
[0.225s] Level 5:colcon.colcon_core.verb:set package 'rviz_marker_static_scene_objects' build argument 'catkin_skip_building_tests' from command line to 'False'
[0.225s] DEBUG:colcon.colcon_core.verb:Building package 'rviz_marker_static_scene_objects' with the following arguments: {'ament_cmake_args': None, 'build_base': '/home/mk/dev_ws/build/rviz_marker_static_scene_objects', 'catkin_cmake_args': None, 'catkin_skip_building_tests': False, 'cmake_args': None, 'cmake_clean_cache': False, 'cmake_clean_first': False, 'cmake_force_configure': False, 'cmake_target': None, 'cmake_target_skip_unavailable': False, 'install_base': '/home/mk/dev_ws/install/rviz_marker_static_scene_objects', 'merge_install': False, 'path': '/home/mk/dev_ws/src/rviz_marker_static_scene_objects', 'symlink_install': True, 'test_result_base': None}
[0.225s] Level 5:colcon.colcon_core.verb:set package 'rviz_servo_status_overlay' build argument 'cmake_args' from command line to 'None'
[0.225s] Level 5:colcon.colcon_core.verb:set package 'rviz_servo_status_overlay' build argument 'cmake_target' from command line to 'None'
[0.225s] Level 5:colcon.colcon_core.verb:set package 'rviz_servo_status_overlay' build argument 'cmake_target_skip_unavailable' from command line to 'False'
[0.225s] Level 5:colcon.colcon_core.verb:set package 'rviz_servo_status_overlay' build argument 'cmake_clean_cache' from command line to 'False'
[0.225s] Level 5:colcon.colcon_core.verb:set package 'rviz_servo_status_overlay' build argument 'cmake_clean_first' from command line to 'False'
[0.225s] Level 5:colcon.colcon_core.verb:set package 'rviz_servo_status_overlay' build argument 'cmake_force_configure' from command line to 'False'
[0.225s] Level 5:colcon.colcon_core.verb:set package 'rviz_servo_status_overlay' build argument 'ament_cmake_args' from command line to 'None'
[0.225s] Level 5:colcon.colcon_core.verb:set package 'rviz_servo_status_overlay' build argument 'catkin_cmake_args' from command line to 'None'
[0.225s] Level 5:colcon.colcon_core.verb:set package 'rviz_servo_status_overlay' build argument 'catkin_skip_building_tests' from command line to 'False'
[0.226s] DEBUG:colcon.colcon_core.verb:Building package 'rviz_servo_status_overlay' with the following arguments: {'ament_cmake_args': None, 'build_base': '/home/mk/dev_ws/build/rviz_servo_status_overlay', 'catkin_cmake_args': None, 'catkin_skip_building_tests': False, 'cmake_args': None, 'cmake_clean_cache': False, 'cmake_clean_first': False, 'cmake_force_configure': False, 'cmake_target': None, 'cmake_target_skip_unavailable': False, 'install_base': '/home/mk/dev_ws/install/rviz_servo_status_overlay', 'merge_install': False, 'path': '/home/mk/dev_ws/src/rviz_servo_status_overlay', 'symlink_install': True, 'test_result_base': None}
[0.226s] Level 5:colcon.colcon_core.verb:set package 'uf_ros_lib' build argument 'cmake_args' from command line to 'None'
[0.226s] Level 5:colcon.colcon_core.verb:set package 'uf_ros_lib' build argument 'cmake_target' from command line to 'None'
[0.226s] Level 5:colcon.colcon_core.verb:set package 'uf_ros_lib' build argument 'cmake_target_skip_unavailable' from command line to 'False'
[0.226s] Level 5:colcon.colcon_core.verb:set package 'uf_ros_lib' build argument 'cmake_clean_cache' from command line to 'False'
[0.226s] Level 5:colcon.colcon_core.verb:set package 'uf_ros_lib' build argument 'cmake_clean_first' from command line to 'False'
[0.226s] Level 5:colcon.colcon_core.verb:set package 'uf_ros_lib' build argument 'cmake_force_configure' from command line to 'False'
[0.226s] Level 5:colcon.colcon_core.verb:set package 'uf_ros_lib' build argument 'ament_cmake_args' from command line to 'None'
[0.226s] Level 5:colcon.colcon_core.verb:set package 'uf_ros_lib' build argument 'catkin_cmake_args' from command line to 'None'
[0.226s] Level 5:colcon.colcon_core.verb:set package 'uf_ros_lib' build argument 'catkin_skip_building_tests' from command line to 'False'
[0.226s] DEBUG:colcon.colcon_core.verb:Building package 'uf_ros_lib' with the following arguments: {'ament_cmake_args': None, 'build_base': '/home/mk/dev_ws/build/uf_ros_lib', 'catkin_cmake_args': None, 'catkin_skip_building_tests': False, 'cmake_args': None, 'cmake_clean_cache': False, 'cmake_clean_first': False, 'cmake_force_configure': False, 'cmake_target': None, 'cmake_target_skip_unavailable': False, 'install_base': '/home/mk/dev_ws/install/uf_ros_lib', 'merge_install': False, 'path': '/home/mk/dev_ws/src/xarm_ros2/uf_ros_lib', 'symlink_install': True, 'test_result_base': None}
[0.226s] Level 5:colcon.colcon_core.verb:set package 'whisper_cpp_vendor' build argument 'cmake_args' from command line to 'None'
[0.226s] Level 5:colcon.colcon_core.verb:set package 'whisper_cpp_vendor' build argument 'cmake_target' from command line to 'None'
[0.226s] Level 5:colcon.colcon_core.verb:set package 'whisper_cpp_vendor' build argument 'cmake_target_skip_unavailable' from command line to 'False'
[0.226s] Level 5:colcon.colcon_core.verb:set package 'whisper_cpp_vendor' build argument 'cmake_clean_cache' from command line to 'False'
[0.226s] Level 5:colcon.colcon_core.verb:set package 'whisper_cpp_vendor' build argument 'cmake_clean_first' from command line to 'False'
[0.226s] Level 5:colcon.colcon_core.verb:set package 'whisper_cpp_vendor' build argument 'cmake_force_configure' from command line to 'False'
[0.226s] Level 5:colcon.colcon_core.verb:set package 'whisper_cpp_vendor' build argument 'ament_cmake_args' from command line to 'None'
[0.226s] Level 5:colcon.colcon_core.verb:set package 'whisper_cpp_vendor' build argument 'catkin_cmake_args' from command line to 'None'
[0.226s] Level 5:colcon.colcon_core.verb:set package 'whisper_cpp_vendor' build argument 'catkin_skip_building_tests' from command line to 'False'
[0.226s] DEBUG:colcon.colcon_core.verb:Building package 'whisper_cpp_vendor' with the following arguments: {'ament_cmake_args': None, 'build_base': '/home/mk/dev_ws/build/whisper_cpp_vendor', 'catkin_cmake_args': None, 'catkin_skip_building_tests': False, 'cmake_args': None, 'cmake_clean_cache': False, 'cmake_clean_first': False, 'cmake_force_configure': False, 'cmake_target': None, 'cmake_target_skip_unavailable': False, 'install_base': '/home/mk/dev_ws/install/whisper_cpp_vendor', 'merge_install': False, 'path': '/home/mk/dev_ws/src/ros2_whisper/whisper_cpp_vendor', 'symlink_install': True, 'test_result_base': None}
[0.226s] Level 5:colcon.colcon_core.verb:set package 'whisper_idl' build argument 'cmake_args' from command line to 'None'
[0.226s] Level 5:colcon.colcon_core.verb:set package 'whisper_idl' build argument 'cmake_target' from command line to 'None'
[0.226s] Level 5:colcon.colcon_core.verb:set package 'whisper_idl' build argument 'cmake_target_skip_unavailable' from command line to 'False'
[0.226s] Level 5:colcon.colcon_core.verb:set package 'whisper_idl' build argument 'cmake_clean_cache' from command line to 'False'
[0.226s] Level 5:colcon.colcon_core.verb:set package 'whisper_idl' build argument 'cmake_clean_first' from command line to 'False'
[0.226s] Level 5:colcon.colcon_core.verb:set package 'whisper_idl' build argument 'cmake_force_configure' from command line to 'False'
[0.226s] Level 5:colcon.colcon_core.verb:set package 'whisper_idl' build argument 'ament_cmake_args' from command line to 'None'
[0.226s] Level 5:colcon.colcon_core.verb:set package 'whisper_idl' build argument 'catkin_cmake_args' from command line to 'None'
[0.226s] Level 5:colcon.colcon_core.verb:set package 'whisper_idl' build argument 'catkin_skip_building_tests' from command line to 'False'
[0.226s] DEBUG:colcon.colcon_core.verb:Building package 'whisper_idl' with the following arguments: {'ament_cmake_args': None, 'build_base': '/home/mk/dev_ws/build/whisper_idl', 'catkin_cmake_args': None, 'catkin_skip_building_tests': False, 'cmake_args': None, 'cmake_clean_cache': False, 'cmake_clean_first': False, 'cmake_force_configure': False, 'cmake_target': None, 'cmake_target_skip_unavailable': False, 'install_base': '/home/mk/dev_ws/install/whisper_idl', 'merge_install': False, 'path': '/home/mk/dev_ws/src/ros2_whisper/whisper_idl', 'symlink_install': True, 'test_result_base': None}
[0.226s] Level 5:colcon.colcon_core.verb:set package 'xarm_description' build argument 'cmake_args' from command line to 'None'
[0.226s] Level 5:colcon.colcon_core.verb:set package 'xarm_description' build argument 'cmake_target' from command line to 'None'
[0.226s] Level 5:colcon.colcon_core.verb:set package 'xarm_description' build argument 'cmake_target_skip_unavailable' from command line to 'False'
[0.226s] Level 5:colcon.colcon_core.verb:set package 'xarm_description' build argument 'cmake_clean_cache' from command line to 'False'
[0.226s] Level 5:colcon.colcon_core.verb:set package 'xarm_description' build argument 'cmake_clean_first' from command line to 'False'
[0.226s] Level 5:colcon.colcon_core.verb:set package 'xarm_description' build argument 'cmake_force_configure' from command line to 'False'
[0.226s] Level 5:colcon.colcon_core.verb:set package 'xarm_description' build argument 'ament_cmake_args' from command line to 'None'
[0.226s] Level 5:colcon.colcon_core.verb:set package 'xarm_description' build argument 'catkin_cmake_args' from command line to 'None'
[0.226s] Level 5:colcon.colcon_core.verb:set package 'xarm_description' build argument 'catkin_skip_building_tests' from command line to 'False'
[0.226s] DEBUG:colcon.colcon_core.verb:Building package 'xarm_description' with the following arguments: {'ament_cmake_args': None, 'build_base': '/home/mk/dev_ws/build/xarm_description', 'catkin_cmake_args': None, 'catkin_skip_building_tests': False, 'cmake_args': None, 'cmake_clean_cache': False, 'cmake_clean_first': False, 'cmake_force_configure': False, 'cmake_target': None, 'cmake_target_skip_unavailable': False, 'install_base': '/home/mk/dev_ws/install/xarm_description', 'merge_install': False, 'path': '/home/mk/dev_ws/src/xarm_ros2/xarm_description', 'symlink_install': True, 'test_result_base': None}
[0.226s] Level 5:colcon.colcon_core.verb:set package 'xarm_msgs' build argument 'cmake_args' from command line to 'None'
[0.226s] Level 5:colcon.colcon_core.verb:set package 'xarm_msgs' build argument 'cmake_target' from command line to 'None'
[0.226s] Level 5:colcon.colcon_core.verb:set package 'xarm_msgs' build argument 'cmake_target_skip_unavailable' from command line to 'False'
[0.226s] Level 5:colcon.colcon_core.verb:set package 'xarm_msgs' build argument 'cmake_clean_cache' from command line to 'False'
[0.226s] Level 5:colcon.colcon_core.verb:set package 'xarm_msgs' build argument 'cmake_clean_first' from command line to 'False'
[0.226s] Level 5:colcon.colcon_core.verb:set package 'xarm_msgs' build argument 'cmake_force_configure' from command line to 'False'
[0.226s] Level 5:colcon.colcon_core.verb:set package 'xarm_msgs' build argument 'ament_cmake_args' from command line to 'None'
[0.226s] Level 5:colcon.colcon_core.verb:set package 'xarm_msgs' build argument 'catkin_cmake_args' from command line to 'None'
[0.227s] Level 5:colcon.colcon_core.verb:set package 'xarm_msgs' build argument 'catkin_skip_building_tests' from command line to 'False'
[0.227s] DEBUG:colcon.colcon_core.verb:Building package 'xarm_msgs' with the following arguments: {'ament_cmake_args': None, 'build_base': '/home/mk/dev_ws/build/xarm_msgs', 'catkin_cmake_args': None, 'catkin_skip_building_tests': False, 'cmake_args': None, 'cmake_clean_cache': False, 'cmake_clean_first': False, 'cmake_force_configure': False, 'cmake_target': None, 'cmake_target_skip_unavailable': False, 'install_base': '/home/mk/dev_ws/install/xarm_msgs', 'merge_install': False, 'path': '/home/mk/dev_ws/src/xarm_ros2/xarm_msgs', 'symlink_install': True, 'test_result_base': None}
[0.227s] Level 5:colcon.colcon_core.verb:set package 'xarm_sdk' build argument 'cmake_args' from command line to 'None'
[0.227s] Level 5:colcon.colcon_core.verb:set package 'xarm_sdk' build argument 'cmake_target' from command line to 'None'
[0.227s] Level 5:colcon.colcon_core.verb:set package 'xarm_sdk' build argument 'cmake_target_skip_unavailable' from command line to 'False'
[0.227s] Level 5:colcon.colcon_core.verb:set package 'xarm_sdk' build argument 'cmake_clean_cache' from command line to 'False'
[0.227s] Level 5:colcon.colcon_core.verb:set package 'xarm_sdk' build argument 'cmake_clean_first' from command line to 'False'
[0.227s] Level 5:colcon.colcon_core.verb:set package 'xarm_sdk' build argument 'cmake_force_configure' from command line to 'False'
[0.227s] Level 5:colcon.colcon_core.verb:set package 'xarm_sdk' build argument 'ament_cmake_args' from command line to 'None'
[0.227s] Level 5:colcon.colcon_core.verb:set package 'xarm_sdk' build argument 'catkin_cmake_args' from command line to 'None'
[0.227s] Level 5:colcon.colcon_core.verb:set package 'xarm_sdk' build argument 'catkin_skip_building_tests' from command line to 'False'
[0.227s] DEBUG:colcon.colcon_core.verb:Building package 'xarm_sdk' with the following arguments: {'ament_cmake_args': None, 'build_base': '/home/mk/dev_ws/build/xarm_sdk', 'catkin_cmake_args': None, 'catkin_skip_building_tests': False, 'cmake_args': None, 'cmake_clean_cache': False, 'cmake_clean_first': False, 'cmake_force_configure': False, 'cmake_target': None, 'cmake_target_skip_unavailable': False, 'install_base': '/home/mk/dev_ws/install/xarm_sdk', 'merge_install': False, 'path': '/home/mk/dev_ws/src/xarm_ros2/xarm_sdk', 'symlink_install': True, 'test_result_base': None}
[0.227s] Level 5:colcon.colcon_core.verb:set package 'yolo_object_detector' build argument 'cmake_args' from command line to 'None'
[0.227s] Level 5:colcon.colcon_core.verb:set package 'yolo_object_detector' build argument 'cmake_target' from command line to 'None'
[0.227s] Level 5:colcon.colcon_core.verb:set package 'yolo_object_detector' build argument 'cmake_target_skip_unavailable' from command line to 'False'
[0.227s] Level 5:colcon.colcon_core.verb:set package 'yolo_object_detector' build argument 'cmake_clean_cache' from command line to 'False'
[0.227s] Level 5:colcon.colcon_core.verb:set package 'yolo_object_detector' build argument 'cmake_clean_first' from command line to 'False'
[0.227s] Level 5:colcon.colcon_core.verb:set package 'yolo_object_detector' build argument 'cmake_force_configure' from command line to 'False'
[0.227s] Level 5:colcon.colcon_core.verb:set package 'yolo_object_detector' build argument 'ament_cmake_args' from command line to 'None'
[0.227s] Level 5:colcon.colcon_core.verb:set package 'yolo_object_detector' build argument 'catkin_cmake_args' from command line to 'None'
[0.227s] Level 5:colcon.colcon_core.verb:set package 'yolo_object_detector' build argument 'catkin_skip_building_tests' from command line to 'False'
[0.227s] DEBUG:colcon.colcon_core.verb:Building package 'yolo_object_detector' with the following arguments: {'ament_cmake_args': None, 'build_base': '/home/mk/dev_ws/build/yolo_object_detector', 'catkin_cmake_args': None, 'catkin_skip_building_tests': False, 'cmake_args': None, 'cmake_clean_cache': False, 'cmake_clean_first': False, 'cmake_force_configure': False, 'cmake_target': None, 'cmake_target_skip_unavailable': False, 'install_base': '/home/mk/dev_ws/install/yolo_object_detector', 'merge_install': False, 'path': '/home/mk/dev_ws/src/yolo_object_detector', 'symlink_install': True, 'test_result_base': None}
[0.227s] Level 5:colcon.colcon_core.verb:set package 'zed_interfaces' build argument 'cmake_args' from command line to 'None'
[0.227s] Level 5:colcon.colcon_core.verb:set package 'zed_interfaces' build argument 'cmake_target' from command line to 'None'
[0.227s] Level 5:colcon.colcon_core.verb:set package 'zed_interfaces' build argument 'cmake_target_skip_unavailable' from command line to 'False'
[0.227s] Level 5:colcon.colcon_core.verb:set package 'zed_interfaces' build argument 'cmake_clean_cache' from command line to 'False'
[0.227s] Level 5:colcon.colcon_core.verb:set package 'zed_interfaces' build argument 'cmake_clean_first' from command line to 'False'
[0.227s] Level 5:colcon.colcon_core.verb:set package 'zed_interfaces' build argument 'cmake_force_configure' from command line to 'False'
[0.227s] Level 5:colcon.colcon_core.verb:set package 'zed_interfaces' build argument 'ament_cmake_args' from command line to 'None'
[0.227s] Level 5:colcon.colcon_core.verb:set package 'zed_interfaces' build argument 'catkin_cmake_args' from command line to 'None'
[0.227s] Level 5:colcon.colcon_core.verb:set package 'zed_interfaces' build argument 'catkin_skip_building_tests' from command line to 'False'
[0.227s] DEBUG:colcon.colcon_core.verb:Building package 'zed_interfaces' with the following arguments: {'ament_cmake_args': None, 'build_base': '/home/mk/dev_ws/build/zed_interfaces', 'catkin_cmake_args': None, 'catkin_skip_building_tests': False, 'cmake_args': None, 'cmake_clean_cache': False, 'cmake_clean_first': False, 'cmake_force_configure': False, 'cmake_target': None, 'cmake_target_skip_unavailable': False, 'install_base': '/home/mk/dev_ws/install/zed_interfaces', 'merge_install': False, 'path': '/home/mk/dev_ws/src/zed-ros2-interfaces', 'symlink_install': True, 'test_result_base': None}
[0.227s] Level 5:colcon.colcon_core.verb:set package 'motion_sequence' build argument 'cmake_args' from command line to 'None'
[0.227s] Level 5:colcon.colcon_core.verb:set package 'motion_sequence' build argument 'cmake_target' from command line to 'None'
[0.227s] Level 5:colcon.colcon_core.verb:set package 'motion_sequence' build argument 'cmake_target_skip_unavailable' from command line to 'False'
[0.227s] Level 5:colcon.colcon_core.verb:set package 'motion_sequence' build argument 'cmake_clean_cache' from command line to 'False'
[0.227s] Level 5:colcon.colcon_core.verb:set package 'motion_sequence' build argument 'cmake_clean_first' from command line to 'False'
[0.227s] Level 5:colcon.colcon_core.verb:set package 'motion_sequence' build argument 'cmake_force_configure' from command line to 'False'
[0.227s] Level 5:colcon.colcon_core.verb:set package 'motion_sequence' build argument 'ament_cmake_args' from command line to 'None'
[0.227s] Level 5:colcon.colcon_core.verb:set package 'motion_sequence' build argument 'catkin_cmake_args' from command line to 'None'
[0.227s] Level 5:colcon.colcon_core.verb:set package 'motion_sequence' build argument 'catkin_skip_building_tests' from command line to 'False'
[0.227s] DEBUG:colcon.colcon_core.verb:Building package 'motion_sequence' with the following arguments: {'ament_cmake_args': None, 'build_base': '/home/mk/dev_ws/build/motion_sequence', 'catkin_cmake_args': None, 'catkin_skip_building_tests': False, 'cmake_args': None, 'cmake_clean_cache': False, 'cmake_clean_first': False, 'cmake_force_configure': False, 'cmake_target': None, 'cmake_target_skip_unavailable': False, 'install_base': '/home/mk/dev_ws/install/motion_sequence', 'merge_install': False, 'path': '/home/mk/dev_ws/src/motion_sequence', 'symlink_install': True, 'test_result_base': None}
[0.227s] Level 5:colcon.colcon_core.verb:set package 'move_to_coordinator' build argument 'cmake_args' from command line to 'None'
[0.227s] Level 5:colcon.colcon_core.verb:set package 'move_to_coordinator' build argument 'cmake_target' from command line to 'None'
[0.227s] Level 5:colcon.colcon_core.verb:set package 'move_to_coordinator' build argument 'cmake_target_skip_unavailable' from command line to 'False'
[0.227s] Level 5:colcon.colcon_core.verb:set package 'move_to_coordinator' build argument 'cmake_clean_cache' from command line to 'False'
[0.227s] Level 5:colcon.colcon_core.verb:set package 'move_to_coordinator' build argument 'cmake_clean_first' from command line to 'False'
[0.227s] Level 5:colcon.colcon_core.verb:set package 'move_to_coordinator' build argument 'cmake_force_configure' from command line to 'False'
[0.227s] Level 5:colcon.colcon_core.verb:set package 'move_to_coordinator' build argument 'ament_cmake_args' from command line to 'None'
[0.228s] Level 5:colcon.colcon_core.verb:set package 'move_to_coordinator' build argument 'catkin_cmake_args' from command line to 'None'
[0.228s] Level 5:colcon.colcon_core.verb:set package 'move_to_coordinator' build argument 'catkin_skip_building_tests' from command line to 'False'
[0.228s] DEBUG:colcon.colcon_core.verb:Building package 'move_to_coordinator' with the following arguments: {'ament_cmake_args': None, 'build_base': '/home/mk/dev_ws/build/move_to_coordinator', 'catkin_cmake_args': None, 'catkin_skip_building_tests': False, 'cmake_args': None, 'cmake_clean_cache': False, 'cmake_clean_first': False, 'cmake_force_configure': False, 'cmake_target': None, 'cmake_target_skip_unavailable': False, 'install_base': '/home/mk/dev_ws/install/move_to_coordinator', 'merge_install': False, 'path': '/home/mk/dev_ws/src/move_to_coordinator', 'symlink_install': True, 'test_result_base': None}
[0.228s] Level 5:colcon.colcon_core.verb:set package 'rviz_robot_control_panel' build argument 'cmake_args' from command line to 'None'
[0.228s] Level 5:colcon.colcon_core.verb:set package 'rviz_robot_control_panel' build argument 'cmake_target' from command line to 'None'
[0.228s] Level 5:colcon.colcon_core.verb:set package 'rviz_robot_control_panel' build argument 'cmake_target_skip_unavailable' from command line to 'False'
[0.228s] Level 5:colcon.colcon_core.verb:set package 'rviz_robot_control_panel' build argument 'cmake_clean_cache' from command line to 'False'
[0.228s] Level 5:colcon.colcon_core.verb:set package 'rviz_robot_control_panel' build argument 'cmake_clean_first' from command line to 'False'
[0.228s] Level 5:colcon.colcon_core.verb:set package 'rviz_robot_control_panel' build argument 'cmake_force_configure' from command line to 'False'
[0.228s] Level 5:colcon.colcon_core.verb:set package 'rviz_robot_control_panel' build argument 'ament_cmake_args' from command line to 'None'
[0.228s] Level 5:colcon.colcon_core.verb:set package 'rviz_robot_control_panel' build argument 'catkin_cmake_args' from command line to 'None'
[0.228s] Level 5:colcon.colcon_core.verb:set package 'rviz_robot_control_panel' build argument 'catkin_skip_building_tests' from command line to 'False'
[0.228s] DEBUG:colcon.colcon_core.verb:Building package 'rviz_robot_control_panel' with the following arguments: {'ament_cmake_args': None, 'build_base': '/home/mk/dev_ws/build/rviz_robot_control_panel', 'catkin_cmake_args': None, 'catkin_skip_building_tests': False, 'cmake_args': None, 'cmake_clean_cache': False, 'cmake_clean_first': False, 'cmake_force_configure': False, 'cmake_target': None, 'cmake_target_skip_unavailable': False, 'install_base': '/home/mk/dev_ws/install/rviz_robot_control_panel', 'merge_install': False, 'path': '/home/mk/dev_ws/src/rviz_robot_control_panel', 'symlink_install': True, 'test_result_base': None}
[0.228s] Level 5:colcon.colcon_core.verb:set package 'voice_command_listener' build argument 'cmake_args' from command line to 'None'
[0.228s] Level 5:colcon.colcon_core.verb:set package 'voice_command_listener' build argument 'cmake_target' from command line to 'None'
[0.228s] Level 5:colcon.colcon_core.verb:set package 'voice_command_listener' build argument 'cmake_target_skip_unavailable' from command line to 'False'
[0.228s] Level 5:colcon.colcon_core.verb:set package 'voice_command_listener' build argument 'cmake_clean_cache' from command line to 'False'
[0.228s] Level 5:colcon.colcon_core.verb:set package 'voice_command_listener' build argument 'cmake_clean_first' from command line to 'False'
[0.228s] Level 5:colcon.colcon_core.verb:set package 'voice_command_listener' build argument 'cmake_force_configure' from command line to 'False'
[0.228s] Level 5:colcon.colcon_core.verb:set package 'voice_command_listener' build argument 'ament_cmake_args' from command line to 'None'
[0.228s] Level 5:colcon.colcon_core.verb:set package 'voice_command_listener' build argument 'catkin_cmake_args' from command line to 'None'
[0.228s] Level 5:colcon.colcon_core.verb:set package 'voice_command_listener' build argument 'catkin_skip_building_tests' from command line to 'False'
[0.228s] DEBUG:colcon.colcon_core.verb:Building package 'voice_command_listener' with the following arguments: {'ament_cmake_args': None, 'build_base': '/home/mk/dev_ws/build/voice_command_listener', 'catkin_cmake_args': None, 'catkin_skip_building_tests': False, 'cmake_args': None, 'cmake_clean_cache': False, 'cmake_clean_first': False, 'cmake_force_configure': False, 'cmake_target': None, 'cmake_target_skip_unavailable': False, 'install_base': '/home/mk/dev_ws/install/voice_command_listener', 'merge_install': False, 'path': '/home/mk/dev_ws/src/voice_command_listener', 'symlink_install': True, 'test_result_base': None}
[0.228s] Level 5:colcon.colcon_core.verb:set package 'whisper_util' build argument 'cmake_args' from command line to 'None'
[0.228s] Level 5:colcon.colcon_core.verb:set package 'whisper_util' build argument 'cmake_target' from command line to 'None'
[0.228s] Level 5:colcon.colcon_core.verb:set package 'whisper_util' build argument 'cmake_target_skip_unavailable' from command line to 'False'
[0.228s] Level 5:colcon.colcon_core.verb:set package 'whisper_util' build argument 'cmake_clean_cache' from command line to 'False'
[0.228s] Level 5:colcon.colcon_core.verb:set package 'whisper_util' build argument 'cmake_clean_first' from command line to 'False'
[0.228s] Level 5:colcon.colcon_core.verb:set package 'whisper_util' build argument 'cmake_force_configure' from command line to 'False'
[0.228s] Level 5:colcon.colcon_core.verb:set package 'whisper_util' build argument 'ament_cmake_args' from command line to 'None'
[0.228s] Level 5:colcon.colcon_core.verb:set package 'whisper_util' build argument 'catkin_cmake_args' from command line to 'None'
[0.228s] Level 5:colcon.colcon_core.verb:set package 'whisper_util' build argument 'catkin_skip_building_tests' from command line to 'False'
[0.228s] DEBUG:colcon.colcon_core.verb:Building package 'whisper_util' with the following arguments: {'ament_cmake_args': None, 'build_base': '/home/mk/dev_ws/build/whisper_util', 'catkin_cmake_args': None, 'catkin_skip_building_tests': False, 'cmake_args': None, 'cmake_clean_cache': False, 'cmake_clean_first': False, 'cmake_force_configure': False, 'cmake_target': None, 'cmake_target_skip_unavailable': False, 'install_base': '/home/mk/dev_ws/install/whisper_util', 'merge_install': False, 'path': '/home/mk/dev_ws/src/ros2_whisper/whisper_util', 'symlink_install': True, 'test_result_base': None}
[0.228s] Level 5:colcon.colcon_core.verb:set package 'xarm_api' build argument 'cmake_args' from command line to 'None'
[0.228s] Level 5:colcon.colcon_core.verb:set package 'xarm_api' build argument 'cmake_target' from command line to 'None'
[0.228s] Level 5:colcon.colcon_core.verb:set package 'xarm_api' build argument 'cmake_target_skip_unavailable' from command line to 'False'
[0.228s] Level 5:colcon.colcon_core.verb:set package 'xarm_api' build argument 'cmake_clean_cache' from command line to 'False'
[0.228s] Level 5:colcon.colcon_core.verb:set package 'xarm_api' build argument 'cmake_clean_first' from command line to 'False'
[0.228s] Level 5:colcon.colcon_core.verb:set package 'xarm_api' build argument 'cmake_force_configure' from command line to 'False'
[0.228s] Level 5:colcon.colcon_core.verb:set package 'xarm_api' build argument 'ament_cmake_args' from command line to 'None'
[0.228s] Level 5:colcon.colcon_core.verb:set package 'xarm_api' build argument 'catkin_cmake_args' from command line to 'None'
[0.228s] Level 5:colcon.colcon_core.verb:set package 'xarm_api' build argument 'catkin_skip_building_tests' from command line to 'False'
[0.228s] DEBUG:colcon.colcon_core.verb:Building package 'xarm_api' with the following arguments: {'ament_cmake_args': None, 'build_base': '/home/mk/dev_ws/build/xarm_api', 'catkin_cmake_args': None, 'catkin_skip_building_tests': False, 'cmake_args': None, 'cmake_clean_cache': False, 'cmake_clean_first': False, 'cmake_force_configure': False, 'cmake_target': None, 'cmake_target_skip_unavailable': False, 'install_base': '/home/mk/dev_ws/install/xarm_api', 'merge_install': False, 'path': '/home/mk/dev_ws/src/xarm_ros2/xarm_api', 'symlink_install': True, 'test_result_base': None}
[0.228s] Level 5:colcon.colcon_core.verb:set package 'zed_components' build argument 'cmake_args' from command line to 'None'
[0.228s] Level 5:colcon.colcon_core.verb:set package 'zed_components' build argument 'cmake_target' from command line to 'None'
[0.228s] Level 5:colcon.colcon_core.verb:set package 'zed_components' build argument 'cmake_target_skip_unavailable' from command line to 'False'
[0.228s] Level 5:colcon.colcon_core.verb:set package 'zed_components' build argument 'cmake_clean_cache' from command line to 'False'
[0.228s] Level 5:colcon.colcon_core.verb:set package 'zed_components' build argument 'cmake_clean_first' from command line to 'False'
[0.229s] Level 5:colcon.colcon_core.verb:set package 'zed_components' build argument 'cmake_force_configure' from command line to 'False'
[0.229s] Level 5:colcon.colcon_core.verb:set package 'zed_components' build argument 'ament_cmake_args' from command line to 'None'
[0.229s] Level 5:colcon.colcon_core.verb:set package 'zed_components' build argument 'catkin_cmake_args' from command line to 'None'
[0.229s] Level 5:colcon.colcon_core.verb:set package 'zed_components' build argument 'catkin_skip_building_tests' from command line to 'False'
[0.229s] DEBUG:colcon.colcon_core.verb:Building package 'zed_components' with the following arguments: {'ament_cmake_args': None, 'build_base': '/home/mk/dev_ws/build/zed_components', 'catkin_cmake_args': None, 'catkin_skip_building_tests': False, 'cmake_args': None, 'cmake_clean_cache': False, 'cmake_clean_first': False, 'cmake_force_configure': False, 'cmake_target': None, 'cmake_target_skip_unavailable': False, 'install_base': '/home/mk/dev_ws/install/zed_components', 'merge_install': False, 'path': '/home/mk/dev_ws/src/zed-ros2-wrapper/zed_components', 'symlink_install': True, 'test_result_base': None}
[0.229s] Level 5:colcon.colcon_core.verb:set package 'transcript_manager' build argument 'cmake_args' from command line to 'None'
[0.229s] Level 5:colcon.colcon_core.verb:set package 'transcript_manager' build argument 'cmake_target' from command line to 'None'
[0.229s] Level 5:colcon.colcon_core.verb:set package 'transcript_manager' build argument 'cmake_target_skip_unavailable' from command line to 'False'
[0.229s] Level 5:colcon.colcon_core.verb:set package 'transcript_manager' build argument 'cmake_clean_cache' from command line to 'False'
[0.229s] Level 5:colcon.colcon_core.verb:set package 'transcript_manager' build argument 'cmake_clean_first' from command line to 'False'
[0.229s] Level 5:colcon.colcon_core.verb:set package 'transcript_manager' build argument 'cmake_force_configure' from command line to 'False'
[0.229s] Level 5:colcon.colcon_core.verb:set package 'transcript_manager' build argument 'ament_cmake_args' from command line to 'None'
[0.229s] Level 5:colcon.colcon_core.verb:set package 'transcript_manager' build argument 'catkin_cmake_args' from command line to 'None'
[0.229s] Level 5:colcon.colcon_core.verb:set package 'transcript_manager' build argument 'catkin_skip_building_tests' from command line to 'False'
[0.229s] DEBUG:colcon.colcon_core.verb:Building package 'transcript_manager' with the following arguments: {'ament_cmake_args': None, 'build_base': '/home/mk/dev_ws/build/transcript_manager', 'catkin_cmake_args': None, 'catkin_skip_building_tests': False, 'cmake_args': None, 'cmake_clean_cache': False, 'cmake_clean_first': False, 'cmake_force_configure': False, 'cmake_target': None, 'cmake_target_skip_unavailable': False, 'install_base': '/home/mk/dev_ws/install/transcript_manager', 'merge_install': False, 'path': '/home/mk/dev_ws/src/ros2_whisper/transcript_manager', 'symlink_install': True, 'test_result_base': None}
[0.229s] Level 5:colcon.colcon_core.verb:set package 'whisper_server' build argument 'cmake_args' from command line to 'None'
[0.229s] Level 5:colcon.colcon_core.verb:set package 'whisper_server' build argument 'cmake_target' from command line to 'None'
[0.229s] Level 5:colcon.colcon_core.verb:set package 'whisper_server' build argument 'cmake_target_skip_unavailable' from command line to 'False'
[0.229s] Level 5:colcon.colcon_core.verb:set package 'whisper_server' build argument 'cmake_clean_cache' from command line to 'False'
[0.229s] Level 5:colcon.colcon_core.verb:set package 'whisper_server' build argument 'cmake_clean_first' from command line to 'False'
[0.229s] Level 5:colcon.colcon_core.verb:set package 'whisper_server' build argument 'cmake_force_configure' from command line to 'False'
[0.229s] Level 5:colcon.colcon_core.verb:set package 'whisper_server' build argument 'ament_cmake_args' from command line to 'None'
[0.229s] Level 5:colcon.colcon_core.verb:set package 'whisper_server' build argument 'catkin_cmake_args' from command line to 'None'
[0.229s] Level 5:colcon.colcon_core.verb:set package 'whisper_server' build argument 'catkin_skip_building_tests' from command line to 'False'
[0.229s] DEBUG:colcon.colcon_core.verb:Building package 'whisper_server' with the following arguments: {'ament_cmake_args': None, 'build_base': '/home/mk/dev_ws/build/whisper_server', 'catkin_cmake_args': None, 'catkin_skip_building_tests': False, 'cmake_args': None, 'cmake_clean_cache': False, 'cmake_clean_first': False, 'cmake_force_configure': False, 'cmake_target': None, 'cmake_target_skip_unavailable': False, 'install_base': '/home/mk/dev_ws/install/whisper_server', 'merge_install': False, 'path': '/home/mk/dev_ws/src/ros2_whisper/whisper_server', 'symlink_install': True, 'test_result_base': None}
[0.229s] Level 5:colcon.colcon_core.verb:set package 'xarm_controller' build argument 'cmake_args' from command line to 'None'
[0.229s] Level 5:colcon.colcon_core.verb:set package 'xarm_controller' build argument 'cmake_target' from command line to 'None'
[0.229s] Level 5:colcon.colcon_core.verb:set package 'xarm_controller' build argument 'cmake_target_skip_unavailable' from command line to 'False'
[0.229s] Level 5:colcon.colcon_core.verb:set package 'xarm_controller' build argument 'cmake_clean_cache' from command line to 'False'
[0.229s] Level 5:colcon.colcon_core.verb:set package 'xarm_controller' build argument 'cmake_clean_first' from command line to 'False'
[0.229s] Level 5:colcon.colcon_core.verb:set package 'xarm_controller' build argument 'cmake_force_configure' from command line to 'False'
[0.229s] Level 5:colcon.colcon_core.verb:set package 'xarm_controller' build argument 'ament_cmake_args' from command line to 'None'
[0.229s] Level 5:colcon.colcon_core.verb:set package 'xarm_controller' build argument 'catkin_cmake_args' from command line to 'None'
[0.229s] Level 5:colcon.colcon_core.verb:set package 'xarm_controller' build argument 'catkin_skip_building_tests' from command line to 'False'
[0.229s] DEBUG:colcon.colcon_core.verb:Building package 'xarm_controller' with the following arguments: {'ament_cmake_args': None, 'build_base': '/home/mk/dev_ws/build/xarm_controller', 'catkin_cmake_args': None, 'catkin_skip_building_tests': False, 'cmake_args': None, 'cmake_clean_cache': False, 'cmake_clean_first': False, 'cmake_force_configure': False, 'cmake_target': None, 'cmake_target_skip_unavailable': False, 'install_base': '/home/mk/dev_ws/install/xarm_controller', 'merge_install': False, 'path': '/home/mk/dev_ws/src/xarm_ros2/xarm_controller', 'symlink_install': True, 'test_result_base': None}
[0.229s] Level 5:colcon.colcon_core.verb:set package 'zed_wrapper' build argument 'cmake_args' from command line to 'None'
[0.229s] Level 5:colcon.colcon_core.verb:set package 'zed_wrapper' build argument 'cmake_target' from command line to 'None'
[0.229s] Level 5:colcon.colcon_core.verb:set package 'zed_wrapper' build argument 'cmake_target_skip_unavailable' from command line to 'False'
[0.229s] Level 5:colcon.colcon_core.verb:set package 'zed_wrapper' build argument 'cmake_clean_cache' from command line to 'False'
[0.229s] Level 5:colcon.colcon_core.verb:set package 'zed_wrapper' build argument 'cmake_clean_first' from command line to 'False'
[0.229s] Level 5:colcon.colcon_core.verb:set package 'zed_wrapper' build argument 'cmake_force_configure' from command line to 'False'
[0.229s] Level 5:colcon.colcon_core.verb:set package 'zed_wrapper' build argument 'ament_cmake_args' from command line to 'None'
[0.229s] Level 5:colcon.colcon_core.verb:set package 'zed_wrapper' build argument 'catkin_cmake_args' from command line to 'None'
[0.229s] Level 5:colcon.colcon_core.verb:set package 'zed_wrapper' build argument 'catkin_skip_building_tests' from command line to 'False'
[0.229s] DEBUG:colcon.colcon_core.verb:Building package 'zed_wrapper' with the following arguments: {'ament_cmake_args': None, 'build_base': '/home/mk/dev_ws/build/zed_wrapper', 'catkin_cmake_args': None, 'catkin_skip_building_tests': False, 'cmake_args': None, 'cmake_clean_cache': False, 'cmake_clean_first': False, 'cmake_force_configure': False, 'cmake_target': None, 'cmake_target_skip_unavailable': False, 'install_base': '/home/mk/dev_ws/install/zed_wrapper', 'merge_install': False, 'path': '/home/mk/dev_ws/src/zed-ros2-wrapper/zed_wrapper', 'symlink_install': True, 'test_result_base': None}
[0.229s] Level 5:colcon.colcon_core.verb:set package 'whisper_bringup' build argument 'cmake_args' from command line to 'None'
[0.230s] Level 5:colcon.colcon_core.verb:set package 'whisper_bringup' build argument 'cmake_target' from command line to 'None'
[0.230s] Level 5:colcon.colcon_core.verb:set package 'whisper_bringup' build argument 'cmake_target_skip_unavailable' from command line to 'False'
[0.230s] Level 5:colcon.colcon_core.verb:set package 'whisper_bringup' build argument 'cmake_clean_cache' from command line to 'False'
[0.230s] Level 5:colcon.colcon_core.verb:set package 'whisper_bringup' build argument 'cmake_clean_first' from command line to 'False'
[0.230s] Level 5:colcon.colcon_core.verb:set package 'whisper_bringup' build argument 'cmake_force_configure' from command line to 'False'
[0.230s] Level 5:colcon.colcon_core.verb:set package 'whisper_bringup' build argument 'ament_cmake_args' from command line to 'None'
[0.230s] Level 5:colcon.colcon_core.verb:set package 'whisper_bringup' build argument 'catkin_cmake_args' from command line to 'None'
[0.230s] Level 5:colcon.colcon_core.verb:set package 'whisper_bringup' build argument 'catkin_skip_building_tests' from command line to 'False'
[0.230s] DEBUG:colcon.colcon_core.verb:Building package 'whisper_bringup' with the following arguments: {'ament_cmake_args': None, 'build_base': '/home/mk/dev_ws/build/whisper_bringup', 'catkin_cmake_args': None, 'catkin_skip_building_tests': False, 'cmake_args': None, 'cmake_clean_cache': False, 'cmake_clean_first': False, 'cmake_force_configure': False, 'cmake_target': None, 'cmake_target_skip_unavailable': False, 'install_base': '/home/mk/dev_ws/install/whisper_bringup', 'merge_install': False, 'path': '/home/mk/dev_ws/src/ros2_whisper/whisper_bringup', 'symlink_install': True, 'test_result_base': None}
[0.230s] Level 5:colcon.colcon_core.verb:set package 'whisper_demos' build argument 'cmake_args' from command line to 'None'
[0.230s] Level 5:colcon.colcon_core.verb:set package 'whisper_demos' build argument 'cmake_target' from command line to 'None'
[0.230s] Level 5:colcon.colcon_core.verb:set package 'whisper_demos' build argument 'cmake_target_skip_unavailable' from command line to 'False'
[0.230s] Level 5:colcon.colcon_core.verb:set package 'whisper_demos' build argument 'cmake_clean_cache' from command line to 'False'
[0.230s] Level 5:colcon.colcon_core.verb:set package 'whisper_demos' build argument 'cmake_clean_first' from command line to 'False'
[0.230s] Level 5:colcon.colcon_core.verb:set package 'whisper_demos' build argument 'cmake_force_configure' from command line to 'False'
[0.230s] Level 5:colcon.colcon_core.verb:set package 'whisper_demos' build argument 'ament_cmake_args' from command line to 'None'
[0.230s] Level 5:colcon.colcon_core.verb:set package 'whisper_demos' build argument 'catkin_cmake_args' from command line to 'None'
[0.230s] Level 5:colcon.colcon_core.verb:set package 'whisper_demos' build argument 'catkin_skip_building_tests' from command line to 'False'
[0.230s] DEBUG:colcon.colcon_core.verb:Building package 'whisper_demos' with the following arguments: {'ament_cmake_args': None, 'build_base': '/home/mk/dev_ws/build/whisper_demos', 'catkin_cmake_args': None, 'catkin_skip_building_tests': False, 'cmake_args': None, 'cmake_clean_cache': False, 'cmake_clean_first': False, 'cmake_force_configure': False, 'cmake_target': None, 'cmake_target_skip_unavailable': False, 'install_base': '/home/mk/dev_ws/install/whisper_demos', 'merge_install': False, 'path': '/home/mk/dev_ws/src/ros2_whisper/whisper_demos', 'symlink_install': True, 'test_result_base': None}
[0.230s] Level 5:colcon.colcon_core.verb:set package 'xarm_gazebo' build argument 'cmake_args' from command line to 'None'
[0.230s] Level 5:colcon.colcon_core.verb:set package 'xarm_gazebo' build argument 'cmake_target' from command line to 'None'
[0.230s] Level 5:colcon.colcon_core.verb:set package 'xarm_gazebo' build argument 'cmake_target_skip_unavailable' from command line to 'False'
[0.230s] Level 5:colcon.colcon_core.verb:set package 'xarm_gazebo' build argument 'cmake_clean_cache' from command line to 'False'
[0.230s] Level 5:colcon.colcon_core.verb:set package 'xarm_gazebo' build argument 'cmake_clean_first' from command line to 'False'
[0.230s] Level 5:colcon.colcon_core.verb:set package 'xarm_gazebo' build argument 'cmake_force_configure' from command line to 'False'
[0.230s] Level 5:colcon.colcon_core.verb:set package 'xarm_gazebo' build argument 'ament_cmake_args' from command line to 'None'
[0.230s] Level 5:colcon.colcon_core.verb:set package 'xarm_gazebo' build argument 'catkin_cmake_args' from command line to 'None'
[0.230s] Level 5:colcon.colcon_core.verb:set package 'xarm_gazebo' build argument 'catkin_skip_building_tests' from command line to 'False'
[0.230s] DEBUG:colcon.colcon_core.verb:Building package 'xarm_gazebo' with the following arguments: {'ament_cmake_args': None, 'build_base': '/home/mk/dev_ws/build/xarm_gazebo', 'catkin_cmake_args': None, 'catkin_skip_building_tests': False, 'cmake_args': None, 'cmake_clean_cache': False, 'cmake_clean_first': False, 'cmake_force_configure': False, 'cmake_target': None, 'cmake_target_skip_unavailable': False, 'install_base': '/home/mk/dev_ws/install/xarm_gazebo', 'merge_install': False, 'path': '/home/mk/dev_ws/src/xarm_ros2/xarm_gazebo', 'symlink_install': True, 'test_result_base': None}
[0.230s] Level 5:colcon.colcon_core.verb:set package 'zed_ros2' build argument 'cmake_args' from command line to 'None'
[0.230s] Level 5:colcon.colcon_core.verb:set package 'zed_ros2' build argument 'cmake_target' from command line to 'None'
[0.230s] Level 5:colcon.colcon_core.verb:set package 'zed_ros2' build argument 'cmake_target_skip_unavailable' from command line to 'False'
[0.230s] Level 5:colcon.colcon_core.verb:set package 'zed_ros2' build argument 'cmake_clean_cache' from command line to 'False'
[0.230s] Level 5:colcon.colcon_core.verb:set package 'zed_ros2' build argument 'cmake_clean_first' from command line to 'False'
[0.230s] Level 5:colcon.colcon_core.verb:set package 'zed_ros2' build argument 'cmake_force_configure' from command line to 'False'
[0.230s] Level 5:colcon.colcon_core.verb:set package 'zed_ros2' build argument 'ament_cmake_args' from command line to 'None'
[0.230s] Level 5:colcon.colcon_core.verb:set package 'zed_ros2' build argument 'catkin_cmake_args' from command line to 'None'
[0.230s] Level 5:colcon.colcon_core.verb:set package 'zed_ros2' build argument 'catkin_skip_building_tests' from command line to 'False'
[0.230s] DEBUG:colcon.colcon_core.verb:Building package 'zed_ros2' with the following arguments: {'ament_cmake_args': None, 'build_base': '/home/mk/dev_ws/build/zed_ros2', 'catkin_cmake_args': None, 'catkin_skip_building_tests': False, 'cmake_args': None, 'cmake_clean_cache': False, 'cmake_clean_first': False, 'cmake_force_configure': False, 'cmake_target': None, 'cmake_target_skip_unavailable': False, 'install_base': '/home/mk/dev_ws/install/zed_ros2', 'merge_install': False, 'path': '/home/mk/dev_ws/src/zed-ros2-wrapper/zed_ros2', 'symlink_install': True, 'test_result_base': None}
[0.230s] Level 5:colcon.colcon_core.verb:set package 'xarm_moveit_config' build argument 'cmake_args' from command line to 'None'
[0.230s] Level 5:colcon.colcon_core.verb:set package 'xarm_moveit_config' build argument 'cmake_target' from command line to 'None'
[0.230s] Level 5:colcon.colcon_core.verb:set package 'xarm_moveit_config' build argument 'cmake_target_skip_unavailable' from command line to 'False'
[0.230s] Level 5:colcon.colcon_core.verb:set package 'xarm_moveit_config' build argument 'cmake_clean_cache' from command line to 'False'
[0.230s] Level 5:colcon.colcon_core.verb:set package 'xarm_moveit_config' build argument 'cmake_clean_first' from command line to 'False'
[0.230s] Level 5:colcon.colcon_core.verb:set package 'xarm_moveit_config' build argument 'cmake_force_configure' from command line to 'False'
[0.230s] Level 5:colcon.colcon_core.verb:set package 'xarm_moveit_config' build argument 'ament_cmake_args' from command line to 'None'
[0.230s] Level 5:colcon.colcon_core.verb:set package 'xarm_moveit_config' build argument 'catkin_cmake_args' from command line to 'None'
[0.230s] Level 5:colcon.colcon_core.verb:set package 'xarm_moveit_config' build argument 'catkin_skip_building_tests' from command line to 'False'
[0.230s] DEBUG:colcon.colcon_core.verb:Building package 'xarm_moveit_config' with the following arguments: {'ament_cmake_args': None, 'build_base': '/home/mk/dev_ws/build/xarm_moveit_config', 'catkin_cmake_args': None, 'catkin_skip_building_tests': False, 'cmake_args': None, 'cmake_clean_cache': False, 'cmake_clean_first': False, 'cmake_force_configure': False, 'cmake_target': None, 'cmake_target_skip_unavailable': False, 'install_base': '/home/mk/dev_ws/install/xarm_moveit_config', 'merge_install': False, 'path': '/home/mk/dev_ws/src/xarm_ros2/xarm_moveit_config', 'symlink_install': True, 'test_result_base': None}
[0.230s] Level 5:colcon.colcon_core.verb:set package 'xarm_moveit_servo' build argument 'cmake_args' from command line to 'None'
[0.231s] Level 5:colcon.colcon_core.verb:set package 'xarm_moveit_servo' build argument 'cmake_target' from command line to 'None'
[0.231s] Level 5:colcon.colcon_core.verb:set package 'xarm_moveit_servo' build argument 'cmake_target_skip_unavailable' from command line to 'False'
[0.231s] Level 5:colcon.colcon_core.verb:set package 'xarm_moveit_servo' build argument 'cmake_clean_cache' from command line to 'False'
[0.231s] Level 5:colcon.colcon_core.verb:set package 'xarm_moveit_servo' build argument 'cmake_clean_first' from command line to 'False'
[0.231s] Level 5:colcon.colcon_core.verb:set package 'xarm_moveit_servo' build argument 'cmake_force_configure' from command line to 'False'
[0.231s] Level 5:colcon.colcon_core.verb:set package 'xarm_moveit_servo' build argument 'ament_cmake_args' from command line to 'None'
[0.231s] Level 5:colcon.colcon_core.verb:set package 'xarm_moveit_servo' build argument 'catkin_cmake_args' from command line to 'None'
[0.231s] Level 5:colcon.colcon_core.verb:set package 'xarm_moveit_servo' build argument 'catkin_skip_building_tests' from command line to 'False'
[0.231s] DEBUG:colcon.colcon_core.verb:Building package 'xarm_moveit_servo' with the following arguments: {'ament_cmake_args': None, 'build_base': '/home/mk/dev_ws/build/xarm_moveit_servo', 'catkin_cmake_args': None, 'catkin_skip_building_tests': False, 'cmake_args': None, 'cmake_clean_cache': False, 'cmake_clean_first': False, 'cmake_force_configure': False, 'cmake_target': None, 'cmake_target_skip_unavailable': False, 'install_base': '/home/mk/dev_ws/install/xarm_moveit_servo', 'merge_install': False, 'path': '/home/mk/dev_ws/src/xarm_ros2/xarm_moveit_servo', 'symlink_install': True, 'test_result_base': None}
[0.231s] Level 5:colcon.colcon_core.verb:set package 'xarm_planner' build argument 'cmake_args' from command line to 'None'
[0.231s] Level 5:colcon.colcon_core.verb:set package 'xarm_planner' build argument 'cmake_target' from command line to 'None'
[0.231s] Level 5:colcon.colcon_core.verb:set package 'xarm_planner' build argument 'cmake_target_skip_unavailable' from command line to 'False'
[0.231s] Level 5:colcon.colcon_core.verb:set package 'xarm_planner' build argument 'cmake_clean_cache' from command line to 'False'
[0.231s] Level 5:colcon.colcon_core.verb:set package 'xarm_planner' build argument 'cmake_clean_first' from command line to 'False'
[0.231s] Level 5:colcon.colcon_core.verb:set package 'xarm_planner' build argument 'cmake_force_configure' from command line to 'False'
[0.231s] Level 5:colcon.colcon_core.verb:set package 'xarm_planner' build argument 'ament_cmake_args' from command line to 'None'
[0.231s] Level 5:colcon.colcon_core.verb:set package 'xarm_planner' build argument 'catkin_cmake_args' from command line to 'None'
[0.231s] Level 5:colcon.colcon_core.verb:set package 'xarm_planner' build argument 'catkin_skip_building_tests' from command line to 'False'
[0.231s] DEBUG:colcon.colcon_core.verb:Building package 'xarm_planner' with the following arguments: {'ament_cmake_args': None, 'build_base': '/home/mk/dev_ws/build/xarm_planner', 'catkin_cmake_args': None, 'catkin_skip_building_tests': False, 'cmake_args': None, 'cmake_clean_cache': False, 'cmake_clean_first': False, 'cmake_force_configure': False, 'cmake_target': None, 'cmake_target_skip_unavailable': False, 'install_base': '/home/mk/dev_ws/install/xarm_planner', 'merge_install': False, 'path': '/home/mk/dev_ws/src/xarm_ros2/xarm_planner', 'symlink_install': True, 'test_result_base': None}
[0.231s] INFO:colcon.colcon_core.executor:Executing jobs using 'parallel' executor
[0.232s] DEBUG:colcon.colcon_parallel_executor.executor.parallel:run_until_complete
[0.232s] INFO:colcon.colcon_ros.task.ament_cmake.build:Building ROS package in '/home/mk/dev_ws/src/xarm_ros2/xarm_msgs' with build type 'ament_cmake'
[0.232s] INFO:colcon.colcon_cmake.task.cmake.build:Building CMake package in '/home/mk/dev_ws/src/xarm_ros2/xarm_msgs'
[0.233s] INFO:colcon.colcon_core.plugin_system:Skipping extension 'colcon_core.shell.bat': Not used on non-Windows systems
[0.233s] INFO:colcon.colcon_core.shell:Skip shell extension 'powershell' for command environment: Not usable outside of PowerShell
[0.234s] DEBUG:colcon.colcon_core.shell:Skip shell extension 'dsv' for command environment
[0.235s] INFO:colcon.colcon_ros.task.ament_cmake.build:Building ROS package in '/home/mk/dev_ws/src/ros2_whisper/whisper_idl' with build type 'ament_cmake'
[0.235s] INFO:colcon.colcon_cmake.task.cmake.build:Building CMake package in '/home/mk/dev_ws/src/ros2_whisper/whisper_idl'
[0.235s] INFO:colcon.colcon_core.shell:Skip shell extension 'powershell' for command environment: Not usable outside of PowerShell
[0.235s] DEBUG:colcon.colcon_core.shell:Skip shell extension 'dsv' for command environment
[0.237s] INFO:colcon.colcon_ros.task.ament_cmake.build:Building ROS package in '/home/mk/dev_ws/src/xarm_ros2/xarm_description' with build type 'ament_cmake'
[0.237s] INFO:colcon.colcon_cmake.task.cmake.build:Building CMake package in '/home/mk/dev_ws/src/xarm_ros2/xarm_description'
[0.237s] INFO:colcon.colcon_core.shell:Skip shell extension 'powershell' for command environment: Not usable outside of PowerShell
[0.237s] DEBUG:colcon.colcon_core.shell:Skip shell extension 'dsv' for command environment
[0.238s] INFO:colcon.colcon_ros.task.ament_cmake.build:Building ROS package in '/home/mk/dev_ws/src/xarm_ros2/xarm_sdk' with build type 'ament_cmake'
[0.238s] INFO:colcon.colcon_cmake.task.cmake.build:Building CMake package in '/home/mk/dev_ws/src/xarm_ros2/xarm_sdk'
[0.238s] INFO:colcon.colcon_core.shell:Skip shell extension 'powershell' for command environment: Not usable outside of PowerShell
[0.238s] DEBUG:colcon.colcon_core.shell:Skip shell extension 'dsv' for command environment
[0.240s] INFO:colcon.colcon_ros.task.ament_cmake.build:Building ROS package in '/home/mk/dev_ws/src/ros2_whisper/whisper_cpp_vendor' with build type 'ament_cmake'
[0.240s] INFO:colcon.colcon_cmake.task.cmake.build:Building CMake package in '/home/mk/dev_ws/src/ros2_whisper/whisper_cpp_vendor'
[0.240s] INFO:colcon.colcon_core.shell:Skip shell extension 'powershell' for command environment: Not usable outside of PowerShell
[0.240s] DEBUG:colcon.colcon_core.shell:Skip shell extension 'dsv' for command environment
[0.241s] INFO:colcon.colcon_ros.task.ament_python.build:Building ROS package in '/home/mk/dev_ws/src/xarm_ros2/uf_ros_lib' with build type 'ament_python'
[0.241s] Level 1:colcon.colcon_core.shell:create_environment_hook('uf_ros_lib', 'ament_prefix_path')
[0.241s] INFO:colcon.colcon_core.shell:Creating environment hook '/home/mk/dev_ws/install/uf_ros_lib/share/uf_ros_lib/hook/ament_prefix_path.ps1'
[0.242s] INFO:colcon.colcon_core.shell:Creating environment descriptor '/home/mk/dev_ws/install/uf_ros_lib/share/uf_ros_lib/hook/ament_prefix_path.dsv'
[0.242s] INFO:colcon.colcon_core.shell:Creating environment hook '/home/mk/dev_ws/install/uf_ros_lib/share/uf_ros_lib/hook/ament_prefix_path.sh'
[0.242s] INFO:colcon.colcon_core.shell:Skip shell extension 'powershell' for command environment: Not usable outside of PowerShell
[0.242s] DEBUG:colcon.colcon_core.shell:Skip shell extension 'dsv' for command environment
[0.244s] INFO:colcon.colcon_ros.task.ament_cmake.build:Building ROS package in '/home/mk/dev_ws/src/zed-ros2-interfaces' with build type 'ament_cmake'
[0.244s] INFO:colcon.colcon_cmake.task.cmake.build:Building CMake package in '/home/mk/dev_ws/src/zed-ros2-interfaces'
[0.244s] INFO:colcon.colcon_core.shell:Skip shell extension 'powershell' for command environment: Not usable outside of PowerShell
[0.244s] DEBUG:colcon.colcon_core.shell:Skip shell extension 'dsv' for command environment
[0.246s] INFO:colcon.colcon_ros.task.ament_python.build:Building ROS package in '/home/mk/dev_ws/src/ros2_whisper/audio_listener' with build type 'ament_python'
[0.246s] Level 1:colcon.colcon_core.shell:create_environment_hook('audio_listener', 'ament_prefix_path')
[0.246s] INFO:colcon.colcon_core.shell:Creating environment hook '/home/mk/dev_ws/install/audio_listener/share/audio_listener/hook/ament_prefix_path.ps1'
[0.246s] INFO:colcon.colcon_core.shell:Creating environment descriptor '/home/mk/dev_ws/install/audio_listener/share/audio_listener/hook/ament_prefix_path.dsv'
[0.246s] INFO:colcon.colcon_core.shell:Creating environment hook '/home/mk/dev_ws/install/audio_listener/share/audio_listener/hook/ament_prefix_path.sh'
[0.247s] INFO:colcon.colcon_core.shell:Skip shell extension 'powershell' for command environment: Not usable outside of PowerShell
[0.247s] DEBUG:colcon.colcon_core.shell:Skip shell extension 'dsv' for command environment
[0.248s] INFO:colcon.colcon_ros.task.ament_python.build:Building ROS package in '/home/mk/dev_ws/src/collision_check' with build type 'ament_python'
[0.248s] Level 1:colcon.colcon_core.shell:create_environment_hook('collision_check', 'ament_prefix_path')
[0.248s] INFO:colcon.colcon_core.shell:Creating environment hook '/home/mk/dev_ws/install/collision_check/share/collision_check/hook/ament_prefix_path.ps1'
[0.249s] INFO:colcon.colcon_core.shell:Creating environment descriptor '/home/mk/dev_ws/install/collision_check/share/collision_check/hook/ament_prefix_path.dsv'
[0.249s] INFO:colcon.colcon_core.shell:Creating environment hook '/home/mk/dev_ws/install/collision_check/share/collision_check/hook/ament_prefix_path.sh'
[0.249s] INFO:colcon.colcon_core.shell:Skip shell extension 'powershell' for command environment: Not usable outside of PowerShell
[0.249s] DEBUG:colcon.colcon_core.shell:Skip shell extension 'dsv' for command environment
[0.250s] INFO:colcon.colcon_ros.task.ament_python.build:Building ROS package in '/home/mk/dev_ws/src/gaze_control' with build type 'ament_python'
[0.250s] Level 1:colcon.colcon_core.shell:create_environment_hook('gaze_control', 'ament_prefix_path')
[0.250s] INFO:colcon.colcon_core.shell:Creating environment hook '/home/mk/dev_ws/install/gaze_control/share/gaze_control/hook/ament_prefix_path.ps1'
[0.251s] INFO:colcon.colcon_core.shell:Creating environment descriptor '/home/mk/dev_ws/install/gaze_control/share/gaze_control/hook/ament_prefix_path.dsv'
[0.251s] INFO:colcon.colcon_core.shell:Creating environment hook '/home/mk/dev_ws/install/gaze_control/share/gaze_control/hook/ament_prefix_path.sh'
[0.251s] INFO:colcon.colcon_core.shell:Skip shell extension 'powershell' for command environment: Not usable outside of PowerShell
[0.251s] DEBUG:colcon.colcon_core.shell:Skip shell extension 'dsv' for command environment
[0.252s] INFO:colcon.colcon_ros.task.ament_cmake.build:Building ROS package in '/home/mk/dev_ws/src/xarm_ros2/demo/mbot_demo' with build type 'ament_cmake'
[0.252s] INFO:colcon.colcon_cmake.task.cmake.build:Building CMake package in '/home/mk/dev_ws/src/xarm_ros2/demo/mbot_demo'
[0.253s] INFO:colcon.colcon_core.shell:Skip shell extension 'powershell' for command environment: Not usable outside of PowerShell
[0.253s] DEBUG:colcon.colcon_core.shell:Skip shell extension 'dsv' for command environment
[0.254s] INFO:colcon.colcon_ros.task.ament_cmake.build:Building ROS package in '/home/mk/dev_ws/src/my_3d_vision_bringup' with build type 'ament_cmake'
[0.254s] INFO:colcon.colcon_cmake.task.cmake.build:Building CMake package in '/home/mk/dev_ws/src/my_3d_vision_bringup'
[0.254s] INFO:colcon.colcon_core.shell:Skip shell extension 'powershell' for command environment: Not usable outside of PowerShell
[0.254s] DEBUG:colcon.colcon_core.shell:Skip shell extension 'dsv' for command environment
[0.255s] INFO:colcon.colcon_ros.task.ament_cmake.build:Building ROS package in '/home/mk/dev_ws/src/xarm_ros2/thirdparty/realsense_gazebo_plugin' with build type 'ament_cmake'
[0.255s] INFO:colcon.colcon_cmake.task.cmake.build:Building CMake package in '/home/mk/dev_ws/src/xarm_ros2/thirdparty/realsense_gazebo_plugin'
[0.255s] INFO:colcon.colcon_core.shell:Skip shell extension 'powershell' for command environment: Not usable outside of PowerShell
[0.255s] DEBUG:colcon.colcon_core.shell:Skip shell extension 'dsv' for command environment
[0.257s] INFO:colcon.colcon_ros.task.ament_python.build:Building ROS package in '/home/mk/dev_ws/src/robot_motion_handler_movegroup' with build type 'ament_python'
[0.257s] Level 1:colcon.colcon_core.shell:create_environment_hook('robot_motion_handler_movegroup', 'ament_prefix_path')
[0.257s] INFO:colcon.colcon_core.shell:Creating environment hook '/home/mk/dev_ws/install/robot_motion_handler_movegroup/share/robot_motion_handler_movegroup/hook/ament_prefix_path.ps1'
[0.257s] INFO:colcon.colcon_core.shell:Creating environment descriptor '/home/mk/dev_ws/install/robot_motion_handler_movegroup/share/robot_motion_handler_movegroup/hook/ament_prefix_path.dsv'
[0.257s] INFO:colcon.colcon_core.shell:Creating environment hook '/home/mk/dev_ws/install/robot_motion_handler_movegroup/share/robot_motion_handler_movegroup/hook/ament_prefix_path.sh'
[0.258s] INFO:colcon.colcon_core.shell:Skip shell extension 'powershell' for command environment: Not usable outside of PowerShell
[0.258s] DEBUG:colcon.colcon_core.shell:Skip shell extension 'dsv' for command environment
[0.259s] INFO:colcon.colcon_ros.task.ament_python.build:Building ROS package in '/home/mk/dev_ws/src/rviz_marker_static_scene_objects' with build type 'ament_python'
[0.259s] Level 1:colcon.colcon_core.shell:create_environment_hook('rviz_marker_static_scene_objects', 'ament_prefix_path')
[0.259s] INFO:colcon.colcon_core.shell:Creating environment hook '/home/mk/dev_ws/install/rviz_marker_static_scene_objects/share/rviz_marker_static_scene_objects/hook/ament_prefix_path.ps1'
[0.259s] INFO:colcon.colcon_core.shell:Creating environment descriptor '/home/mk/dev_ws/install/rviz_marker_static_scene_objects/share/rviz_marker_static_scene_objects/hook/ament_prefix_path.dsv'
[0.259s] INFO:colcon.colcon_core.shell:Creating environment hook '/home/mk/dev_ws/install/rviz_marker_static_scene_objects/share/rviz_marker_static_scene_objects/hook/ament_prefix_path.sh'
[0.260s] INFO:colcon.colcon_core.shell:Skip shell extension 'powershell' for command environment: Not usable outside of PowerShell
[0.260s] DEBUG:colcon.colcon_core.shell:Skip shell extension 'dsv' for command environment
[0.261s] INFO:colcon.colcon_ros.task.ament_python.build:Building ROS package in '/home/mk/dev_ws/src/rviz_servo_status_overlay' with build type 'ament_python'
[0.261s] Level 1:colcon.colcon_core.shell:create_environment_hook('rviz_servo_status_overlay', 'ament_prefix_path')
[0.261s] INFO:colcon.colcon_core.shell:Creating environment hook '/home/mk/dev_ws/install/rviz_servo_status_overlay/share/rviz_servo_status_overlay/hook/ament_prefix_path.ps1'
[0.261s] INFO:colcon.colcon_core.shell:Creating environment descriptor '/home/mk/dev_ws/install/rviz_servo_status_overlay/share/rviz_servo_status_overlay/hook/ament_prefix_path.dsv'
[0.261s] INFO:colcon.colcon_core.shell:Creating environment hook '/home/mk/dev_ws/install/rviz_servo_status_overlay/share/rviz_servo_status_overlay/hook/ament_prefix_path.sh'
[0.262s] INFO:colcon.colcon_core.shell:Skip shell extension 'powershell' for command environment: Not usable outside of PowerShell
[0.262s] DEBUG:colcon.colcon_core.shell:Skip shell extension 'dsv' for command environment
[0.263s] INFO:colcon.colcon_ros.task.ament_python.build:Building ROS package in '/home/mk/dev_ws/src/yolo_object_detector' with build type 'ament_python'
[0.263s] Level 1:colcon.colcon_core.shell:create_environment_hook('yolo_object_detector', 'ament_prefix_path')
[0.263s] INFO:colcon.colcon_core.shell:Creating environment hook '/home/mk/dev_ws/install/yolo_object_detector/share/yolo_object_detector/hook/ament_prefix_path.ps1'
[0.264s] INFO:colcon.colcon_core.shell:Creating environment descriptor '/home/mk/dev_ws/install/yolo_object_detector/share/yolo_object_detector/hook/ament_prefix_path.dsv'
[0.264s] INFO:colcon.colcon_core.shell:Creating environment hook '/home/mk/dev_ws/install/yolo_object_detector/share/yolo_object_detector/hook/ament_prefix_path.sh'
[0.264s] INFO:colcon.colcon_core.shell:Skip shell extension 'powershell' for command environment: Not usable outside of PowerShell
[0.264s] DEBUG:colcon.colcon_core.shell:Skip shell extension 'dsv' for command environment
[0.269s] DEBUG:colcon.colcon_core.event_handler.log_command:Invoking command in '/home/mk/dev_ws/build/xarm_msgs': CMAKE_PREFIX_PATH=/opt/ros/humble /usr/bin/cmake --build /home/mk/dev_ws/build/xarm_msgs -- -j20 -l20
[0.271s] DEBUG:colcon.colcon_core.event_handler.log_command:Invoking command in '/home/mk/dev_ws/build/whisper_idl': CMAKE_PREFIX_PATH=/opt/ros/humble /usr/bin/cmake --build /home/mk/dev_ws/build/whisper_idl -- -j20 -l20
[0.272s] DEBUG:colcon.colcon_core.event_handler.log_command:Invoking command in '/home/mk/dev_ws/build/xarm_description': CMAKE_PREFIX_PATH=/opt/ros/humble /usr/bin/cmake --build /home/mk/dev_ws/build/xarm_description -- -j20 -l20
[0.273s] DEBUG:colcon.colcon_core.event_handler.log_command:Invoking command in '/home/mk/dev_ws/build/xarm_sdk': CMAKE_PREFIX_PATH=/opt/ros/humble /usr/bin/cmake --build /home/mk/dev_ws/build/xarm_sdk -- -j20 -l20
[0.275s] DEBUG:colcon.colcon_core.event_handler.log_command:Invoking command in '/home/mk/dev_ws/build/whisper_cpp_vendor': CMAKE_PREFIX_PATH=/opt/ros/humble /usr/bin/cmake --build /home/mk/dev_ws/build/whisper_cpp_vendor -- -j20 -l20
[0.424s] INFO:colcon.colcon_core.task.python.build:Building Python package in '/home/mk/dev_ws/src/xarm_ros2/uf_ros_lib'
[0.424s] INFO:colcon.colcon_core.shell:Skip shell extension 'powershell' for command environment: Not usable outside of PowerShell
[0.424s] DEBUG:colcon.colcon_core.shell:Skip shell extension 'dsv' for command environment
[0.428s] DEBUG:colcon.colcon_core.event_handler.log_command:Invoking command in '/home/mk/dev_ws/build/zed_interfaces': CMAKE_PREFIX_PATH=/opt/ros/humble /usr/bin/cmake --build /home/mk/dev_ws/build/zed_interfaces -- -j20 -l20
[0.578s] INFO:colcon.colcon_core.task.python.build:Building Python package in '/home/mk/dev_ws/src/ros2_whisper/audio_listener'
[0.578s] INFO:colcon.colcon_core.shell:Skip shell extension 'powershell' for command environment: Not usable outside of PowerShell
[0.578s] DEBUG:colcon.colcon_core.shell:Skip shell extension 'dsv' for command environment
[0.718s] INFO:colcon.colcon_core.task.python.build:Building Python package in '/home/mk/dev_ws/src/collision_check'
[0.718s] INFO:colcon.colcon_core.shell:Skip shell extension 'powershell' for command environment: Not usable outside of PowerShell
[0.719s] DEBUG:colcon.colcon_core.shell:Skip shell extension 'dsv' for command environment
[0.857s] INFO:colcon.colcon_core.task.python.build:Building Python package in '/home/mk/dev_ws/src/gaze_control'
[0.857s] INFO:colcon.colcon_core.shell:Skip shell extension 'powershell' for command environment: Not usable outside of PowerShell
[0.857s] DEBUG:colcon.colcon_core.shell:Skip shell extension 'dsv' for command environment
[0.861s] DEBUG:colcon.colcon_core.event_handler.log_command:Invoking command in '/home/mk/dev_ws/build/mbot_demo': CMAKE_PREFIX_PATH=/opt/ros/humble /usr/bin/cmake --build /home/mk/dev_ws/build/mbot_demo -- -j20 -l20
[0.861s] DEBUG:colcon.colcon_core.event_handler.log_command:Invoking command in '/home/mk/dev_ws/build/my_3d_vision_bringup': CMAKE_PREFIX_PATH=/opt/ros/humble /usr/bin/cmake --build /home/mk/dev_ws/build/my_3d_vision_bringup -- -j20 -l20
[0.863s] DEBUG:colcon.colcon_core.event_handler.log_command:Invoking command in '/home/mk/dev_ws/build/realsense_gazebo_plugin': CMAKE_PREFIX_PATH=/opt/ros/humble /usr/bin/cmake --build /home/mk/dev_ws/build/realsense_gazebo_plugin -- -j20 -l20
[1.007s] INFO:colcon.colcon_core.task.python.build:Building Python package in '/home/mk/dev_ws/src/robot_motion_handler_movegroup'
[1.007s] INFO:colcon.colcon_core.shell:Skip shell extension 'powershell' for command environment: Not usable outside of PowerShell
[1.007s] DEBUG:colcon.colcon_core.shell:Skip shell extension 'dsv' for command environment
[1.144s] INFO:colcon.colcon_core.task.python.build:Building Python package in '/home/mk/dev_ws/src/rviz_marker_static_scene_objects'
[1.144s] INFO:colcon.colcon_core.shell:Skip shell extension 'powershell' for command environment: Not usable outside of PowerShell
[1.144s] DEBUG:colcon.colcon_core.shell:Skip shell extension 'dsv' for command environment
[1.280s] INFO:colcon.colcon_core.task.python.build:Building Python package in '/home/mk/dev_ws/src/rviz_servo_status_overlay'
[1.280s] INFO:colcon.colcon_core.shell:Skip shell extension 'powershell' for command environment: Not usable outside of PowerShell
[1.281s] DEBUG:colcon.colcon_core.shell:Skip shell extension 'dsv' for command environment
[1.420s] INFO:colcon.colcon_core.task.python.build:Building Python package in '/home/mk/dev_ws/src/yolo_object_detector'
[1.420s] INFO:colcon.colcon_core.shell:Skip shell extension 'powershell' for command environment: Not usable outside of PowerShell
[1.420s] DEBUG:colcon.colcon_core.shell:Skip shell extension 'dsv' for command environment
[1.430s] DEBUG:colcon.colcon_core.event_handler.log_command:Invoked command in '/home/mk/dev_ws/build/whisper_cpp_vendor' returned '0': CMAKE_PREFIX_PATH=/opt/ros/humble /usr/bin/cmake --build /home/mk/dev_ws/build/whisper_cpp_vendor -- -j20 -l20
[1.437s] DEBUG:colcon.colcon_core.event_handler.log_command:Invoking command in '/home/mk/dev_ws/build/whisper_cpp_vendor': CMAKE_PREFIX_PATH=/opt/ros/humble /usr/bin/cmake --install /home/mk/dev_ws/build/whisper_cpp_vendor
[1.437s] DEBUG:colcon.colcon_core.event_handler.log_command:Invoked command in '/home/mk/dev_ws/build/xarm_sdk' returned '0': CMAKE_PREFIX_PATH=/opt/ros/humble /usr/bin/cmake --build /home/mk/dev_ws/build/xarm_sdk -- -j20 -l20
[1.438s] DEBUG:colcon.colcon_core.event_handler.log_command:Invoking command in '/home/mk/dev_ws/build/xarm_sdk': CMAKE_PREFIX_PATH=/opt/ros/humble /usr/bin/cmake --install /home/mk/dev_ws/build/xarm_sdk
[1.438s] DEBUG:colcon.colcon_core.event_handler.log_command:Invoked command in '/home/mk/dev_ws/build/xarm_description' returned '0': CMAKE_PREFIX_PATH=/opt/ros/humble /usr/bin/cmake --build /home/mk/dev_ws/build/xarm_description -- -j20 -l20
[1.438s] DEBUG:colcon.colcon_core.event_handler.log_command:Invoking command in '/home/mk/dev_ws/build/xarm_description': CMAKE_PREFIX_PATH=/opt/ros/humble /usr/bin/cmake --install /home/mk/dev_ws/build/xarm_description
[1.439s] DEBUG:colcon.colcon_core.event_handler.log_command:Invoked command in '/home/mk/dev_ws/build/zed_interfaces' returned '0': CMAKE_PREFIX_PATH=/opt/ros/humble /usr/bin/cmake --build /home/mk/dev_ws/build/zed_interfaces -- -j20 -l20
[1.439s] DEBUG:colcon.colcon_core.event_handler.log_command:Invoking command in '/home/mk/dev_ws/build/zed_interfaces': CMAKE_PREFIX_PATH=/opt/ros/humble /usr/bin/cmake --install /home/mk/dev_ws/build/zed_interfaces
[1.440s] DEBUG:colcon.colcon_core.event_handler.log_command:Invoked command in '/home/mk/dev_ws/build/mbot_demo' returned '0': CMAKE_PREFIX_PATH=/opt/ros/humble /usr/bin/cmake --build /home/mk/dev_ws/build/mbot_demo -- -j20 -l20
[1.440s] DEBUG:colcon.colcon_core.event_handler.log_command:Invoking command in '/home/mk/dev_ws/build/mbot_demo': CMAKE_PREFIX_PATH=/opt/ros/humble /usr/bin/cmake --install /home/mk/dev_ws/build/mbot_demo
[1.441s] DEBUG:colcon.colcon_core.event_handler.log_command:Invoked command in '/home/mk/dev_ws/build/whisper_idl' returned '0': CMAKE_PREFIX_PATH=/opt/ros/humble /usr/bin/cmake --build /home/mk/dev_ws/build/whisper_idl -- -j20 -l20
[1.442s] DEBUG:colcon.colcon_core.event_handler.log_command:Invoking command in '/home/mk/dev_ws/build/whisper_idl': CMAKE_PREFIX_PATH=/opt/ros/humble /usr/bin/cmake --install /home/mk/dev_ws/build/whisper_idl
[1.442s] DEBUG:colcon.colcon_core.event_handler.log_command:Invoked command in '/home/mk/dev_ws/build/my_3d_vision_bringup' returned '0': CMAKE_PREFIX_PATH=/opt/ros/humble /usr/bin/cmake --build /home/mk/dev_ws/build/my_3d_vision_bringup -- -j20 -l20
[1.443s] DEBUG:colcon.colcon_core.event_handler.log_command:Invoking command in '/home/mk/dev_ws/build/my_3d_vision_bringup': CMAKE_PREFIX_PATH=/opt/ros/humble /usr/bin/cmake --install /home/mk/dev_ws/build/my_3d_vision_bringup
[1.444s] DEBUG:colcon.colcon_core.event_handler.log_command:Invoked command in '/home/mk/dev_ws/build/realsense_gazebo_plugin' returned '0': CMAKE_PREFIX_PATH=/opt/ros/humble /usr/bin/cmake --build /home/mk/dev_ws/build/realsense_gazebo_plugin -- -j20 -l20
[1.445s] DEBUG:colcon.colcon_core.event_handler.log_command:Invoking command in '/home/mk/dev_ws/build/realsense_gazebo_plugin': CMAKE_PREFIX_PATH=/opt/ros/humble /usr/bin/cmake --install /home/mk/dev_ws/build/realsense_gazebo_plugin
[1.445s] DEBUG:colcon.colcon_core.event_handler.log_command:Invoked command in '/home/mk/dev_ws/build/xarm_msgs' returned '0': CMAKE_PREFIX_PATH=/opt/ros/humble /usr/bin/cmake --build /home/mk/dev_ws/build/xarm_msgs -- -j20 -l20
[1.446s] DEBUG:colcon.colcon_core.event_handler.log_command:Invoking command in '/home/mk/dev_ws/build/xarm_msgs': CMAKE_PREFIX_PATH=/opt/ros/humble /usr/bin/cmake --install /home/mk/dev_ws/build/xarm_msgs
[1.475s] Level 1:colcon.colcon_core.environment:create_environment_scripts_only(whisper_cpp_vendor)
[1.484s] Level 1:colcon.colcon_core.environment:checking '/home/mk/dev_ws/install/whisper_cpp_vendor' for CMake module files
[1.486s] Level 1:colcon.colcon_core.environment:checking '/home/mk/dev_ws/install/whisper_cpp_vendor' for CMake config files
[1.490s] Level 1:colcon.colcon_core.shell:create_environment_hook('whisper_cpp_vendor', 'cmake_prefix_path')
[1.491s] INFO:colcon.colcon_core.shell:Creating environment hook '/home/mk/dev_ws/install/whisper_cpp_vendor/share/whisper_cpp_vendor/hook/cmake_prefix_path.ps1'
[1.492s] INFO:colcon.colcon_core.shell:Creating environment descriptor '/home/mk/dev_ws/install/whisper_cpp_vendor/share/whisper_cpp_vendor/hook/cmake_prefix_path.dsv'
[1.493s] INFO:colcon.colcon_core.shell:Creating environment hook '/home/mk/dev_ws/install/whisper_cpp_vendor/share/whisper_cpp_vendor/hook/cmake_prefix_path.sh'
[1.495s] Level 1:colcon.colcon_core.environment:checking '/home/mk/dev_ws/install/whisper_cpp_vendor/libggml.so'
[1.495s] Level 1:colcon.colcon_core.environment:checking '/home/mk/dev_ws/install/whisper_cpp_vendor/lib'
[1.495s] Level 1:colcon.colcon_core.shell:create_environment_hook('whisper_cpp_vendor', 'ld_library_path_lib')
[1.496s] INFO:colcon.colcon_core.shell:Creating environment hook '/home/mk/dev_ws/install/whisper_cpp_vendor/share/whisper_cpp_vendor/hook/ld_library_path_lib.ps1'
[1.497s] INFO:colcon.colcon_core.shell:Creating environment descriptor '/home/mk/dev_ws/install/whisper_cpp_vendor/share/whisper_cpp_vendor/hook/ld_library_path_lib.dsv'
[1.498s] INFO:colcon.colcon_core.shell:Creating environment hook '/home/mk/dev_ws/install/whisper_cpp_vendor/share/whisper_cpp_vendor/hook/ld_library_path_lib.sh'
[1.499s] Level 1:colcon.colcon_core.environment:checking '/home/mk/dev_ws/install/whisper_cpp_vendor/bin'
[1.499s] Level 1:colcon.colcon_core.environment:checking '/home/mk/dev_ws/install/whisper_cpp_vendor/lib/pkgconfig/whisper_cpp_vendor.pc'
[1.499s] Level 1:colcon.colcon_core.environment:checking '/home/mk/dev_ws/install/whisper_cpp_vendor/lib/python3.10/site-packages'
[1.499s] Level 1:colcon.colcon_core.environment:checking '/home/mk/dev_ws/install/whisper_cpp_vendor/bin'
[1.499s] INFO:colcon.colcon_core.shell:Creating package script '/home/mk/dev_ws/install/whisper_cpp_vendor/share/whisper_cpp_vendor/package.ps1'
[1.500s] INFO:colcon.colcon_core.shell:Creating package descriptor '/home/mk/dev_ws/install/whisper_cpp_vendor/share/whisper_cpp_vendor/package.dsv'
[1.501s] INFO:colcon.colcon_core.shell:Creating package script '/home/mk/dev_ws/install/whisper_cpp_vendor/share/whisper_cpp_vendor/package.sh'
[1.502s] INFO:colcon.colcon_core.shell:Creating package script '/home/mk/dev_ws/install/whisper_cpp_vendor/share/whisper_cpp_vendor/package.bash'
[1.503s] INFO:colcon.colcon_core.shell:Creating package script '/home/mk/dev_ws/install/whisper_cpp_vendor/share/whisper_cpp_vendor/package.zsh'
[1.504s] Level 1:colcon.colcon_core.environment:create_file_with_runtime_dependencies(/home/mk/dev_ws/install/whisper_cpp_vendor/share/colcon-core/packages/whisper_cpp_vendor)
[1.505s] Level 1:colcon.colcon_core.environment:create_environment_scripts_only(whisper_cpp_vendor)
[1.505s] Level 1:colcon.colcon_core.environment:checking '/home/mk/dev_ws/install/whisper_cpp_vendor' for CMake module files
[1.506s] Level 1:colcon.colcon_core.environment:checking '/home/mk/dev_ws/install/whisper_cpp_vendor' for CMake config files
[1.508s] Level 1:colcon.colcon_core.shell:create_environment_hook('whisper_cpp_vendor', 'cmake_prefix_path')
[1.508s] INFO:colcon.colcon_core.shell:Creating environment hook '/home/mk/dev_ws/install/whisper_cpp_vendor/share/whisper_cpp_vendor/hook/cmake_prefix_path.ps1'
[1.509s] INFO:colcon.colcon_core.shell:Creating environment descriptor '/home/mk/dev_ws/install/whisper_cpp_vendor/share/whisper_cpp_vendor/hook/cmake_prefix_path.dsv'
[1.510s] INFO:colcon.colcon_core.shell:Creating environment hook '/home/mk/dev_ws/install/whisper_cpp_vendor/share/whisper_cpp_vendor/hook/cmake_prefix_path.sh'
[1.511s] Level 1:colcon.colcon_core.environment:checking '/home/mk/dev_ws/install/whisper_cpp_vendor/libggml.so'
[1.511s] Level 1:colcon.colcon_core.environment:checking '/home/mk/dev_ws/install/whisper_cpp_vendor/lib'
[1.511s] Level 1:colcon.colcon_core.shell:create_environment_hook('whisper_cpp_vendor', 'ld_library_path_lib')
[1.511s] INFO:colcon.colcon_core.shell:Creating environment hook '/home/mk/dev_ws/install/whisper_cpp_vendor/share/whisper_cpp_vendor/hook/ld_library_path_lib.ps1'
[1.512s] INFO:colcon.colcon_core.shell:Creating environment descriptor '/home/mk/dev_ws/install/whisper_cpp_vendor/share/whisper_cpp_vendor/hook/ld_library_path_lib.dsv'
[1.513s] INFO:colcon.colcon_core.shell:Creating environment hook '/home/mk/dev_ws/install/whisper_cpp_vendor/share/whisper_cpp_vendor/hook/ld_library_path_lib.sh'
[1.514s] Level 1:colcon.colcon_core.environment:checking '/home/mk/dev_ws/install/whisper_cpp_vendor/bin'
[1.514s] Level 1:colcon.colcon_core.environment:checking '/home/mk/dev_ws/install/whisper_cpp_vendor/lib/pkgconfig/whisper_cpp_vendor.pc'
[1.514s] Level 1:colcon.colcon_core.environment:checking '/home/mk/dev_ws/install/whisper_cpp_vendor/lib/python3.10/site-packages'
[1.514s] Level 1:colcon.colcon_core.environment:checking '/home/mk/dev_ws/install/whisper_cpp_vendor/bin'
[1.514s] INFO:colcon.colcon_core.shell:Creating package script '/home/mk/dev_ws/install/whisper_cpp_vendor/share/whisper_cpp_vendor/package.ps1'
[1.515s] INFO:colcon.colcon_core.shell:Creating package descriptor '/home/mk/dev_ws/install/whisper_cpp_vendor/share/whisper_cpp_vendor/package.dsv'
[1.515s] INFO:colcon.colcon_core.shell:Creating package script '/home/mk/dev_ws/install/whisper_cpp_vendor/share/whisper_cpp_vendor/package.sh'
[1.515s] INFO:colcon.colcon_core.shell:Creating package script '/home/mk/dev_ws/install/whisper_cpp_vendor/share/whisper_cpp_vendor/package.bash'
[1.516s] INFO:colcon.colcon_core.shell:Creating package script '/home/mk/dev_ws/install/whisper_cpp_vendor/share/whisper_cpp_vendor/package.zsh'
[1.516s] Level 1:colcon.colcon_core.environment:create_file_with_runtime_dependencies(/home/mk/dev_ws/install/whisper_cpp_vendor/share/colcon-core/packages/whisper_cpp_vendor)
[1.516s] Level 1:colcon.colcon_core.environment:create_environment_scripts_only(mbot_demo)
[1.517s] Level 1:colcon.colcon_core.environment:checking '/home/mk/dev_ws/install/mbot_demo' for CMake module files
[1.517s] Level 1:colcon.colcon_core.environment:checking '/home/mk/dev_ws/install/mbot_demo' for CMake config files
[1.518s] Level 1:colcon.colcon_core.shell:create_environment_hook('mbot_demo', 'cmake_prefix_path')
[1.519s] INFO:colcon.colcon_core.shell:Creating environment hook '/home/mk/dev_ws/install/mbot_demo/share/mbot_demo/hook/cmake_prefix_path.ps1'
[1.519s] INFO:colcon.colcon_core.shell:Creating environment descriptor '/home/mk/dev_ws/install/mbot_demo/share/mbot_demo/hook/cmake_prefix_path.dsv'
[1.519s] INFO:colcon.colcon_core.shell:Creating environment hook '/home/mk/dev_ws/install/mbot_demo/share/mbot_demo/hook/cmake_prefix_path.sh'
[1.520s] Level 1:colcon.colcon_core.environment:checking '/home/mk/dev_ws/install/mbot_demo/bin'
[1.520s] Level 1:colcon.colcon_core.environment:checking '/home/mk/dev_ws/install/mbot_demo/lib/pkgconfig/mbot_demo.pc'
[1.520s] Level 1:colcon.colcon_core.environment:checking '/home/mk/dev_ws/install/mbot_demo/lib/python3.10/site-packages'
[1.520s] Level 1:colcon.colcon_core.environment:checking '/home/mk/dev_ws/install/mbot_demo/bin'
[1.521s] INFO:colcon.colcon_core.shell:Creating package script '/home/mk/dev_ws/install/mbot_demo/share/mbot_demo/package.ps1'
[1.521s] INFO:colcon.colcon_core.shell:Creating package descriptor '/home/mk/dev_ws/install/mbot_demo/share/mbot_demo/package.dsv'
[1.521s] INFO:colcon.colcon_core.shell:Creating package script '/home/mk/dev_ws/install/mbot_demo/share/mbot_demo/package.sh'
[1.522s] INFO:colcon.colcon_core.shell:Creating package script '/home/mk/dev_ws/install/mbot_demo/share/mbot_demo/package.bash'
[1.522s] INFO:colcon.colcon_core.shell:Creating package script '/home/mk/dev_ws/install/mbot_demo/share/mbot_demo/package.zsh'
[1.522s] Level 1:colcon.colcon_core.environment:create_file_with_runtime_dependencies(/home/mk/dev_ws/install/mbot_demo/share/colcon-core/packages/mbot_demo)
[1.523s] Level 1:colcon.colcon_core.environment:create_environment_scripts_only(mbot_demo)
[1.523s] Level 1:colcon.colcon_core.environment:checking '/home/mk/dev_ws/install/mbot_demo' for CMake module files
[1.524s] Level 1:colcon.colcon_core.environment:checking '/home/mk/dev_ws/install/mbot_demo' for CMake config files
[1.525s] Level 1:colcon.colcon_core.shell:create_environment_hook('mbot_demo', 'cmake_prefix_path')
[1.525s] INFO:colcon.colcon_core.shell:Creating environment hook '/home/mk/dev_ws/install/mbot_demo/share/mbot_demo/hook/cmake_prefix_path.ps1'
[1.525s] INFO:colcon.colcon_core.shell:Creating environment descriptor '/home/mk/dev_ws/install/mbot_demo/share/mbot_demo/hook/cmake_prefix_path.dsv'
[1.525s] INFO:colcon.colcon_core.shell:Creating environment hook '/home/mk/dev_ws/install/mbot_demo/share/mbot_demo/hook/cmake_prefix_path.sh'
[1.526s] Level 1:colcon.colcon_core.environment:checking '/home/mk/dev_ws/install/mbot_demo/bin'
[1.526s] Level 1:colcon.colcon_core.environment:checking '/home/mk/dev_ws/install/mbot_demo/lib/pkgconfig/mbot_demo.pc'
[1.526s] Level 1:colcon.colcon_core.environment:checking '/home/mk/dev_ws/install/mbot_demo/lib/python3.10/site-packages'
[1.526s] Level 1:colcon.colcon_core.environment:checking '/home/mk/dev_ws/install/mbot_demo/bin'
[1.526s] INFO:colcon.colcon_core.shell:Creating package script '/home/mk/dev_ws/install/mbot_demo/share/mbot_demo/package.ps1'
[1.527s] INFO:colcon.colcon_core.shell:Creating package descriptor '/home/mk/dev_ws/install/mbot_demo/share/mbot_demo/package.dsv'
[1.527s] INFO:colcon.colcon_core.shell:Creating package script '/home/mk/dev_ws/install/mbot_demo/share/mbot_demo/package.sh'
[1.528s] INFO:colcon.colcon_core.shell:Creating package script '/home/mk/dev_ws/install/mbot_demo/share/mbot_demo/package.bash'
[1.528s] INFO:colcon.colcon_core.shell:Creating package script '/home/mk/dev_ws/install/mbot_demo/share/mbot_demo/package.zsh'
[1.528s] Level 1:colcon.colcon_core.environment:create_file_with_runtime_dependencies(/home/mk/dev_ws/install/mbot_demo/share/colcon-core/packages/mbot_demo)
[1.528s] Level 1:colcon.colcon_core.environment:create_environment_scripts_only(xarm_sdk)
[1.529s] Level 1:colcon.colcon_core.environment:checking '/home/mk/dev_ws/install/xarm_sdk' for CMake module files
[1.529s] Level 1:colcon.colcon_core.environment:checking '/home/mk/dev_ws/install/xarm_sdk' for CMake config files
[1.530s] Level 1:colcon.colcon_core.shell:create_environment_hook('xarm_sdk', 'cmake_prefix_path')
[1.530s] INFO:colcon.colcon_core.shell:Creating environment hook '/home/mk/dev_ws/install/xarm_sdk/share/xarm_sdk/hook/cmake_prefix_path.ps1'
[1.530s] INFO:colcon.colcon_core.shell:Creating environment descriptor '/home/mk/dev_ws/install/xarm_sdk/share/xarm_sdk/hook/cmake_prefix_path.dsv'
[1.531s] INFO:colcon.colcon_core.shell:Creating environment hook '/home/mk/dev_ws/install/xarm_sdk/share/xarm_sdk/hook/cmake_prefix_path.sh'
[1.531s] Level 1:colcon.colcon_core.environment:checking '/home/mk/dev_ws/install/xarm_sdk/lib'
[1.531s] Level 1:colcon.colcon_core.shell:create_environment_hook('xarm_sdk', 'ld_library_path_lib')
[1.531s] INFO:colcon.colcon_core.shell:Creating environment hook '/home/mk/dev_ws/install/xarm_sdk/share/xarm_sdk/hook/ld_library_path_lib.ps1'
[1.532s] INFO:colcon.colcon_core.shell:Creating environment descriptor '/home/mk/dev_ws/install/xarm_sdk/share/xarm_sdk/hook/ld_library_path_lib.dsv'
[1.532s] INFO:colcon.colcon_core.shell:Creating environment hook '/home/mk/dev_ws/install/xarm_sdk/share/xarm_sdk/hook/ld_library_path_lib.sh'
[1.532s] Level 1:colcon.colcon_core.environment:checking '/home/mk/dev_ws/install/xarm_sdk/bin'
[1.532s] Level 1:colcon.colcon_core.environment:checking '/home/mk/dev_ws/install/xarm_sdk/lib/pkgconfig/xarm_sdk.pc'
[1.532s] Level 1:colcon.colcon_core.environment:checking '/home/mk/dev_ws/install/xarm_sdk/lib/python3.10/site-packages'
[1.533s] Level 1:colcon.colcon_core.environment:checking '/home/mk/dev_ws/install/xarm_sdk/bin'
[1.533s] INFO:colcon.colcon_core.shell:Creating package script '/home/mk/dev_ws/install/xarm_sdk/share/xarm_sdk/package.ps1'
[1.533s] INFO:colcon.colcon_core.shell:Creating package descriptor '/home/mk/dev_ws/install/xarm_sdk/share/xarm_sdk/package.dsv'
[1.534s] INFO:colcon.colcon_core.shell:Creating package script '/home/mk/dev_ws/install/xarm_sdk/share/xarm_sdk/package.sh'
[1.534s] INFO:colcon.colcon_core.shell:Creating package script '/home/mk/dev_ws/install/xarm_sdk/share/xarm_sdk/package.bash'
[1.534s] INFO:colcon.colcon_core.shell:Creating package script '/home/mk/dev_ws/install/xarm_sdk/share/xarm_sdk/package.zsh'
[1.535s] Level 1:colcon.colcon_core.environment:create_file_with_runtime_dependencies(/home/mk/dev_ws/install/xarm_sdk/share/colcon-core/packages/xarm_sdk)
[1.535s] Level 1:colcon.colcon_core.environment:create_environment_scripts_only(xarm_sdk)
[1.535s] Level 1:colcon.colcon_core.environment:checking '/home/mk/dev_ws/install/xarm_sdk' for CMake module files
[1.536s] Level 1:colcon.colcon_core.environment:checking '/home/mk/dev_ws/install/xarm_sdk' for CMake config files
[1.536s] Level 1:colcon.colcon_core.shell:create_environment_hook('xarm_sdk', 'cmake_prefix_path')
[1.537s] INFO:colcon.colcon_core.shell:Creating environment hook '/home/mk/dev_ws/install/xarm_sdk/share/xarm_sdk/hook/cmake_prefix_path.ps1'
[1.537s] INFO:colcon.colcon_core.shell:Creating environment descriptor '/home/mk/dev_ws/install/xarm_sdk/share/xarm_sdk/hook/cmake_prefix_path.dsv'
[1.537s] INFO:colcon.colcon_core.shell:Creating environment hook '/home/mk/dev_ws/install/xarm_sdk/share/xarm_sdk/hook/cmake_prefix_path.sh'
[1.538s] Level 1:colcon.colcon_core.environment:checking '/home/mk/dev_ws/install/xarm_sdk/lib'
[1.538s] Level 1:colcon.colcon_core.shell:create_environment_hook('xarm_sdk', 'ld_library_path_lib')
[1.538s] INFO:colcon.colcon_core.shell:Creating environment hook '/home/mk/dev_ws/install/xarm_sdk/share/xarm_sdk/hook/ld_library_path_lib.ps1'
[1.538s] INFO:colcon.colcon_core.shell:Creating environment descriptor '/home/mk/dev_ws/install/xarm_sdk/share/xarm_sdk/hook/ld_library_path_lib.dsv'
[1.538s] INFO:colcon.colcon_core.shell:Creating environment hook '/home/mk/dev_ws/install/xarm_sdk/share/xarm_sdk/hook/ld_library_path_lib.sh'
[1.539s] Level 1:colcon.colcon_core.environment:checking '/home/mk/dev_ws/install/xarm_sdk/bin'
[1.539s] Level 1:colcon.colcon_core.environment:checking '/home/mk/dev_ws/install/xarm_sdk/lib/pkgconfig/xarm_sdk.pc'
[1.539s] Level 1:colcon.colcon_core.environment:checking '/home/mk/dev_ws/install/xarm_sdk/lib/python3.10/site-packages'
[1.539s] Level 1:colcon.colcon_core.environment:checking '/home/mk/dev_ws/install/xarm_sdk/bin'
[1.539s] INFO:colcon.colcon_core.shell:Creating package script '/home/mk/dev_ws/install/xarm_sdk/share/xarm_sdk/package.ps1'
[1.540s] INFO:colcon.colcon_core.shell:Creating package descriptor '/home/mk/dev_ws/install/xarm_sdk/share/xarm_sdk/package.dsv'
[1.540s] INFO:colcon.colcon_core.shell:Creating package script '/home/mk/dev_ws/install/xarm_sdk/share/xarm_sdk/package.sh'
[1.541s] INFO:colcon.colcon_core.shell:Creating package script '/home/mk/dev_ws/install/xarm_sdk/share/xarm_sdk/package.bash'
[1.541s] INFO:colcon.colcon_core.shell:Creating package script '/home/mk/dev_ws/install/xarm_sdk/share/xarm_sdk/package.zsh'
[1.541s] Level 1:colcon.colcon_core.environment:create_file_with_runtime_dependencies(/home/mk/dev_ws/install/xarm_sdk/share/colcon-core/packages/xarm_sdk)
[1.541s] Level 1:colcon.colcon_core.environment:create_environment_scripts_only(realsense_gazebo_plugin)
[1.542s] Level 1:colcon.colcon_core.environment:checking '/home/mk/dev_ws/install/realsense_gazebo_plugin' for CMake module files
[1.542s] Level 1:colcon.colcon_core.environment:checking '/home/mk/dev_ws/install/realsense_gazebo_plugin' for CMake config files
[1.543s] Level 1:colcon.colcon_core.shell:create_environment_hook('realsense_gazebo_plugin', 'cmake_prefix_path')
[1.543s] INFO:colcon.colcon_core.shell:Creating environment hook '/home/mk/dev_ws/install/realsense_gazebo_plugin/share/realsense_gazebo_plugin/hook/cmake_prefix_path.ps1'
[1.544s] INFO:colcon.colcon_core.shell:Creating environment descriptor '/home/mk/dev_ws/install/realsense_gazebo_plugin/share/realsense_gazebo_plugin/hook/cmake_prefix_path.dsv'
[1.544s] INFO:colcon.colcon_core.shell:Creating environment hook '/home/mk/dev_ws/install/realsense_gazebo_plugin/share/realsense_gazebo_plugin/hook/cmake_prefix_path.sh'
[1.544s] Level 1:colcon.colcon_core.environment:checking '/home/mk/dev_ws/install/realsense_gazebo_plugin/lib'
[1.545s] Level 1:colcon.colcon_core.shell:create_environment_hook('realsense_gazebo_plugin', 'ld_library_path_lib')
[1.545s] INFO:colcon.colcon_core.shell:Creating environment hook '/home/mk/dev_ws/install/realsense_gazebo_plugin/share/realsense_gazebo_plugin/hook/ld_library_path_lib.ps1'
[1.545s] INFO:colcon.colcon_core.shell:Creating environment descriptor '/home/mk/dev_ws/install/realsense_gazebo_plugin/share/realsense_gazebo_plugin/hook/ld_library_path_lib.dsv'
[1.545s] INFO:colcon.colcon_core.shell:Creating environment hook '/home/mk/dev_ws/install/realsense_gazebo_plugin/share/realsense_gazebo_plugin/hook/ld_library_path_lib.sh'
[1.546s] Level 1:colcon.colcon_core.environment:checking '/home/mk/dev_ws/install/realsense_gazebo_plugin/bin'
[1.546s] Level 1:colcon.colcon_core.environment:checking '/home/mk/dev_ws/install/realsense_gazebo_plugin/lib/pkgconfig/realsense_gazebo_plugin.pc'
[1.546s] Level 1:colcon.colcon_core.environment:checking '/home/mk/dev_ws/install/realsense_gazebo_plugin/lib/python3.10/site-packages'
[1.546s] Level 1:colcon.colcon_core.environment:checking '/home/mk/dev_ws/install/realsense_gazebo_plugin/bin'
[1.546s] INFO:colcon.colcon_core.shell:Creating package script '/home/mk/dev_ws/install/realsense_gazebo_plugin/share/realsense_gazebo_plugin/package.ps1'
[1.547s] INFO:colcon.colcon_core.shell:Creating package descriptor '/home/mk/dev_ws/install/realsense_gazebo_plugin/share/realsense_gazebo_plugin/package.dsv'
[1.547s] INFO:colcon.colcon_core.shell:Creating package script '/home/mk/dev_ws/install/realsense_gazebo_plugin/share/realsense_gazebo_plugin/package.sh'
[1.548s] INFO:colcon.colcon_core.shell:Creating package script '/home/mk/dev_ws/install/realsense_gazebo_plugin/share/realsense_gazebo_plugin/package.bash'
[1.548s] INFO:colcon.colcon_core.shell:Creating package script '/home/mk/dev_ws/install/realsense_gazebo_plugin/share/realsense_gazebo_plugin/package.zsh'
[1.548s] Level 1:colcon.colcon_core.environment:create_file_with_runtime_dependencies(/home/mk/dev_ws/install/realsense_gazebo_plugin/share/colcon-core/packages/realsense_gazebo_plugin)
[1.549s] Level 1:colcon.colcon_core.environment:create_environment_scripts_only(realsense_gazebo_plugin)
[1.549s] Level 1:colcon.colcon_core.environment:checking '/home/mk/dev_ws/install/realsense_gazebo_plugin' for CMake module files
[1.549s] Level 1:colcon.colcon_core.environment:checking '/home/mk/dev_ws/install/realsense_gazebo_plugin' for CMake config files
[1.550s] Level 1:colcon.colcon_core.shell:create_environment_hook('realsense_gazebo_plugin', 'cmake_prefix_path')
[1.550s] INFO:colcon.colcon_core.shell:Creating environment hook '/home/mk/dev_ws/install/realsense_gazebo_plugin/share/realsense_gazebo_plugin/hook/cmake_prefix_path.ps1'
[1.551s] INFO:colcon.colcon_core.shell:Creating environment descriptor '/home/mk/dev_ws/install/realsense_gazebo_plugin/share/realsense_gazebo_plugin/hook/cmake_prefix_path.dsv'
[1.551s] INFO:colcon.colcon_core.shell:Creating environment hook '/home/mk/dev_ws/install/realsense_gazebo_plugin/share/realsense_gazebo_plugin/hook/cmake_prefix_path.sh'
[1.551s] Level 1:colcon.colcon_core.environment:checking '/home/mk/dev_ws/install/realsense_gazebo_plugin/lib'
[1.551s] Level 1:colcon.colcon_core.shell:create_environment_hook('realsense_gazebo_plugin', 'ld_library_path_lib')
[1.552s] INFO:colcon.colcon_core.shell:Creating environment hook '/home/mk/dev_ws/install/realsense_gazebo_plugin/share/realsense_gazebo_plugin/hook/ld_library_path_lib.ps1'
[1.552s] INFO:colcon.colcon_core.shell:Creating environment descriptor '/home/mk/dev_ws/install/realsense_gazebo_plugin/share/realsense_gazebo_plugin/hook/ld_library_path_lib.dsv'
[1.552s] INFO:colcon.colcon_core.shell:Creating environment hook '/home/mk/dev_ws/install/realsense_gazebo_plugin/share/realsense_gazebo_plugin/hook/ld_library_path_lib.sh'
[1.553s] Level 1:colcon.colcon_core.environment:checking '/home/mk/dev_ws/install/realsense_gazebo_plugin/bin'
[1.553s] Level 1:colcon.colcon_core.environment:checking '/home/mk/dev_ws/install/realsense_gazebo_plugin/lib/pkgconfig/realsense_gazebo_plugin.pc'
[1.553s] Level 1:colcon.colcon_core.environment:checking '/home/mk/dev_ws/install/realsense_gazebo_plugin/lib/python3.10/site-packages'
[1.553s] Level 1:colcon.colcon_core.environment:checking '/home/mk/dev_ws/install/realsense_gazebo_plugin/bin'
[1.553s] INFO:colcon.colcon_core.shell:Creating package script '/home/mk/dev_ws/install/realsense_gazebo_plugin/share/realsense_gazebo_plugin/package.ps1'
[1.554s] INFO:colcon.colcon_core.shell:Creating package descriptor '/home/mk/dev_ws/install/realsense_gazebo_plugin/share/realsense_gazebo_plugin/package.dsv'
[1.554s] INFO:colcon.colcon_core.shell:Creating package script '/home/mk/dev_ws/install/realsense_gazebo_plugin/share/realsense_gazebo_plugin/package.sh'
[1.554s] INFO:colcon.colcon_core.shell:Creating package script '/home/mk/dev_ws/install/realsense_gazebo_plugin/share/realsense_gazebo_plugin/package.bash'
[1.555s] INFO:colcon.colcon_core.shell:Creating package script '/home/mk/dev_ws/install/realsense_gazebo_plugin/share/realsense_gazebo_plugin/package.zsh'
[1.555s] Level 1:colcon.colcon_core.environment:create_file_with_runtime_dependencies(/home/mk/dev_ws/install/realsense_gazebo_plugin/share/colcon-core/packages/realsense_gazebo_plugin)
[1.555s] Level 1:colcon.colcon_core.environment:create_environment_scripts_only(xarm_description)
[1.555s] Level 1:colcon.colcon_core.environment:checking '/home/mk/dev_ws/install/xarm_description' for CMake module files
[1.556s] Level 1:colcon.colcon_core.environment:checking '/home/mk/dev_ws/install/xarm_description' for CMake config files
[1.561s] Level 1:colcon.colcon_core.shell:create_environment_hook('xarm_description', 'cmake_prefix_path')
[1.561s] INFO:colcon.colcon_core.shell:Creating environment hook '/home/mk/dev_ws/install/xarm_description/share/xarm_description/hook/cmake_prefix_path.ps1'
[1.562s] INFO:colcon.colcon_core.shell:Creating environment descriptor '/home/mk/dev_ws/install/xarm_description/share/xarm_description/hook/cmake_prefix_path.dsv'
[1.562s] INFO:colcon.colcon_core.shell:Creating environment hook '/home/mk/dev_ws/install/xarm_description/share/xarm_description/hook/cmake_prefix_path.sh'
[1.563s] Level 1:colcon.colcon_core.environment:checking '/home/mk/dev_ws/install/xarm_description/bin'
[1.563s] Level 1:colcon.colcon_core.environment:checking '/home/mk/dev_ws/install/xarm_description/lib/pkgconfig/xarm_description.pc'
[1.563s] Level 1:colcon.colcon_core.environment:checking '/home/mk/dev_ws/install/xarm_description/lib/python3.10/site-packages'
[1.563s] Level 1:colcon.colcon_core.environment:checking '/home/mk/dev_ws/install/xarm_description/bin'
[1.563s] INFO:colcon.colcon_core.shell:Creating package script '/home/mk/dev_ws/install/xarm_description/share/xarm_description/package.ps1'
[1.563s] INFO:colcon.colcon_core.shell:Creating package descriptor '/home/mk/dev_ws/install/xarm_description/share/xarm_description/package.dsv'
[1.564s] INFO:colcon.colcon_core.shell:Creating package script '/home/mk/dev_ws/install/xarm_description/share/xarm_description/package.sh'
[1.564s] INFO:colcon.colcon_core.shell:Creating package script '/home/mk/dev_ws/install/xarm_description/share/xarm_description/package.bash'
[1.564s] INFO:colcon.colcon_core.shell:Creating package script '/home/mk/dev_ws/install/xarm_description/share/xarm_description/package.zsh'
[1.565s] Level 1:colcon.colcon_core.environment:create_file_with_runtime_dependencies(/home/mk/dev_ws/install/xarm_description/share/colcon-core/packages/xarm_description)
[1.565s] Level 1:colcon.colcon_core.environment:create_environment_scripts_only(xarm_description)
[1.565s] Level 1:colcon.colcon_core.environment:checking '/home/mk/dev_ws/install/xarm_description' for CMake module files
[1.566s] Level 1:colcon.colcon_core.environment:checking '/home/mk/dev_ws/install/xarm_description' for CMake config files
[1.571s] Level 1:colcon.colcon_core.shell:create_environment_hook('xarm_description', 'cmake_prefix_path')
[1.572s] INFO:colcon.colcon_core.shell:Creating environment hook '/home/mk/dev_ws/install/xarm_description/share/xarm_description/hook/cmake_prefix_path.ps1'
[1.572s] INFO:colcon.colcon_core.shell:Creating environment descriptor '/home/mk/dev_ws/install/xarm_description/share/xarm_description/hook/cmake_prefix_path.dsv'
[1.573s] INFO:colcon.colcon_core.shell:Creating environment hook '/home/mk/dev_ws/install/xarm_description/share/xarm_description/hook/cmake_prefix_path.sh'
[1.574s] Level 1:colcon.colcon_core.environment:checking '/home/mk/dev_ws/install/xarm_description/bin'
[1.574s] Level 1:colcon.colcon_core.environment:checking '/home/mk/dev_ws/install/xarm_description/lib/pkgconfig/xarm_description.pc'
[1.574s] Level 1:colcon.colcon_core.environment:checking '/home/mk/dev_ws/install/xarm_description/lib/python3.10/site-packages'
[1.577s] Level 1:colcon.colcon_core.environment:checking '/home/mk/dev_ws/install/xarm_description/bin'
[1.578s] INFO:colcon.colcon_core.shell:Creating package script '/home/mk/dev_ws/install/xarm_description/share/xarm_description/package.ps1'
[1.578s] INFO:colcon.colcon_core.shell:Creating package descriptor '/home/mk/dev_ws/install/xarm_description/share/xarm_description/package.dsv'
[1.578s] INFO:colcon.colcon_core.shell:Creating package script '/home/mk/dev_ws/install/xarm_description/share/xarm_description/package.sh'
[1.579s] INFO:colcon.colcon_core.shell:Creating package script '/home/mk/dev_ws/install/xarm_description/share/xarm_description/package.bash'
[1.579s] INFO:colcon.colcon_core.shell:Creating package script '/home/mk/dev_ws/install/xarm_description/share/xarm_description/package.zsh'
[1.579s] Level 1:colcon.colcon_core.environment:create_file_with_runtime_dependencies(/home/mk/dev_ws/install/xarm_description/share/colcon-core/packages/xarm_description)
[1.580s] INFO:colcon.colcon_ros.task.ament_cmake.build:Building ROS package in '/home/mk/dev_ws/src/ros2_whisper/whisper_util' with build type 'ament_cmake'
[1.580s] INFO:colcon.colcon_cmake.task.cmake.build:Building CMake package in '/home/mk/dev_ws/src/ros2_whisper/whisper_util'
[1.580s] INFO:colcon.colcon_core.shell:Skip shell extension 'powershell' for command environment: Not usable outside of PowerShell
[1.580s] DEBUG:colcon.colcon_core.shell:Skip shell extension 'dsv' for command environment
[1.587s] Level 1:colcon.colcon_core.environment:create_environment_scripts_only(my_3d_vision_bringup)
[1.587s] Level 1:colcon.colcon_core.environment:checking '/home/mk/dev_ws/install/my_3d_vision_bringup' for CMake module files
[1.592s] Level 1:colcon.colcon_core.environment:checking '/home/mk/dev_ws/install/my_3d_vision_bringup' for CMake config files
[1.595s] DEBUG:colcon.colcon_core.event_handler.log_command:Invoked command in '/home/mk/dev_ws/build/whisper_cpp_vendor' returned '0': CMAKE_PREFIX_PATH=/opt/ros/humble /usr/bin/cmake --install /home/mk/dev_ws/build/whisper_cpp_vendor
[1.595s] Level 1:colcon.colcon_core.shell:create_environment_hook('my_3d_vision_bringup', 'cmake_prefix_path')
[1.596s] INFO:colcon.colcon_core.shell:Creating environment hook '/home/mk/dev_ws/install/my_3d_vision_bringup/share/my_3d_vision_bringup/hook/cmake_prefix_path.ps1'
[1.596s] INFO:colcon.colcon_core.shell:Creating environment descriptor '/home/mk/dev_ws/install/my_3d_vision_bringup/share/my_3d_vision_bringup/hook/cmake_prefix_path.dsv'
[1.597s] INFO:colcon.colcon_core.shell:Creating environment hook '/home/mk/dev_ws/install/my_3d_vision_bringup/share/my_3d_vision_bringup/hook/cmake_prefix_path.sh'
[1.599s] Level 1:colcon.colcon_core.environment:checking '/home/mk/dev_ws/install/my_3d_vision_bringup/lib'
[1.601s] Level 1:colcon.colcon_core.shell:create_environment_hook('my_3d_vision_bringup', 'ld_library_path_lib')
[1.601s] INFO:colcon.colcon_core.shell:Creating environment hook '/home/mk/dev_ws/install/my_3d_vision_bringup/share/my_3d_vision_bringup/hook/ld_library_path_lib.ps1'
[1.603s] INFO:colcon.colcon_core.shell:Creating environment descriptor '/home/mk/dev_ws/install/my_3d_vision_bringup/share/my_3d_vision_bringup/hook/ld_library_path_lib.dsv'
[1.604s] INFO:colcon.colcon_core.shell:Creating environment hook '/home/mk/dev_ws/install/my_3d_vision_bringup/share/my_3d_vision_bringup/hook/ld_library_path_lib.sh'
[1.607s] Level 1:colcon.colcon_core.environment:checking '/home/mk/dev_ws/install/my_3d_vision_bringup/bin'
[1.607s] Level 1:colcon.colcon_core.environment:checking '/home/mk/dev_ws/install/my_3d_vision_bringup/lib/pkgconfig/my_3d_vision_bringup.pc'
[1.607s] Level 1:colcon.colcon_core.environment:checking '/home/mk/dev_ws/install/my_3d_vision_bringup/lib/python3.10/site-packages'
[1.608s] Level 1:colcon.colcon_core.environment:checking '/home/mk/dev_ws/install/my_3d_vision_bringup/bin'
[1.608s] INFO:colcon.colcon_core.shell:Creating package script '/home/mk/dev_ws/install/my_3d_vision_bringup/share/my_3d_vision_bringup/package.ps1'
[1.610s] INFO:colcon.colcon_core.shell:Creating package descriptor '/home/mk/dev_ws/install/my_3d_vision_bringup/share/my_3d_vision_bringup/package.dsv'
[1.612s] INFO:colcon.colcon_core.shell:Creating package script '/home/mk/dev_ws/install/my_3d_vision_bringup/share/my_3d_vision_bringup/package.sh'
[1.614s] INFO:colcon.colcon_core.shell:Creating package script '/home/mk/dev_ws/install/my_3d_vision_bringup/share/my_3d_vision_bringup/package.bash'
[1.616s] INFO:colcon.colcon_core.shell:Creating package script '/home/mk/dev_ws/install/my_3d_vision_bringup/share/my_3d_vision_bringup/package.zsh'
[1.617s] Level 1:colcon.colcon_core.environment:create_file_with_runtime_dependencies(/home/mk/dev_ws/install/my_3d_vision_bringup/share/colcon-core/packages/my_3d_vision_bringup)
[1.620s] Level 1:colcon.colcon_core.environment:create_environment_scripts_only(my_3d_vision_bringup)
[1.621s] Level 1:colcon.colcon_core.environment:checking '/home/mk/dev_ws/install/my_3d_vision_bringup' for CMake module files
[1.626s] Level 1:colcon.colcon_core.environment:checking '/home/mk/dev_ws/install/my_3d_vision_bringup' for CMake config files
[1.635s] Level 1:colcon.colcon_core.shell:create_environment_hook('my_3d_vision_bringup', 'cmake_prefix_path')
[1.635s] INFO:colcon.colcon_core.shell:Creating environment hook '/home/mk/dev_ws/install/my_3d_vision_bringup/share/my_3d_vision_bringup/hook/cmake_prefix_path.ps1'
[1.637s] INFO:colcon.colcon_core.shell:Creating environment descriptor '/home/mk/dev_ws/install/my_3d_vision_bringup/share/my_3d_vision_bringup/hook/cmake_prefix_path.dsv'
[1.639s] INFO:colcon.colcon_core.shell:Creating environment hook '/home/mk/dev_ws/install/my_3d_vision_bringup/share/my_3d_vision_bringup/hook/cmake_prefix_path.sh'
[1.640s] Level 1:colcon.colcon_core.environment:checking '/home/mk/dev_ws/install/my_3d_vision_bringup/lib'
[1.641s] DEBUG:colcon.colcon_core.event_handler.log_command:Invoked command in '/home/mk/dev_ws/build/mbot_demo' returned '0': CMAKE_PREFIX_PATH=/opt/ros/humble /usr/bin/cmake --install /home/mk/dev_ws/build/mbot_demo
[1.641s] Level 1:colcon.colcon_core.shell:create_environment_hook('my_3d_vision_bringup', 'ld_library_path_lib')
[1.641s] INFO:colcon.colcon_core.shell:Creating environment hook '/home/mk/dev_ws/install/my_3d_vision_bringup/share/my_3d_vision_bringup/hook/ld_library_path_lib.ps1'
[1.643s] INFO:colcon.colcon_core.shell:Creating environment descriptor '/home/mk/dev_ws/install/my_3d_vision_bringup/share/my_3d_vision_bringup/hook/ld_library_path_lib.dsv'
[1.645s] INFO:colcon.colcon_core.shell:Creating environment hook '/home/mk/dev_ws/install/my_3d_vision_bringup/share/my_3d_vision_bringup/hook/ld_library_path_lib.sh'
[1.647s] Level 1:colcon.colcon_core.environment:checking '/home/mk/dev_ws/install/my_3d_vision_bringup/bin'
[1.647s] Level 1:colcon.colcon_core.environment:checking '/home/mk/dev_ws/install/my_3d_vision_bringup/lib/pkgconfig/my_3d_vision_bringup.pc'
[1.647s] Level 1:colcon.colcon_core.environment:checking '/home/mk/dev_ws/install/my_3d_vision_bringup/lib/python3.10/site-packages'
[1.648s] Level 1:colcon.colcon_core.environment:checking '/home/mk/dev_ws/install/my_3d_vision_bringup/bin'
[1.649s] INFO:colcon.colcon_core.shell:Creating package script '/home/mk/dev_ws/install/my_3d_vision_bringup/share/my_3d_vision_bringup/package.ps1'
[1.650s] INFO:colcon.colcon_core.shell:Creating package descriptor '/home/mk/dev_ws/install/my_3d_vision_bringup/share/my_3d_vision_bringup/package.dsv'
[1.653s] INFO:colcon.colcon_core.shell:Creating package script '/home/mk/dev_ws/install/my_3d_vision_bringup/share/my_3d_vision_bringup/package.sh'
[1.653s] INFO:colcon.colcon_core.shell:Creating package script '/home/mk/dev_ws/install/my_3d_vision_bringup/share/my_3d_vision_bringup/package.bash'
[1.653s] DEBUG:colcon.colcon_core.event_handler.log_command:Invoked command in '/home/mk/dev_ws/build/xarm_sdk' returned '0': CMAKE_PREFIX_PATH=/opt/ros/humble /usr/bin/cmake --install /home/mk/dev_ws/build/xarm_sdk
[1.655s] INFO:colcon.colcon_core.shell:Creating package script '/home/mk/dev_ws/install/my_3d_vision_bringup/share/my_3d_vision_bringup/package.zsh'
[1.656s] Level 1:colcon.colcon_core.environment:create_file_with_runtime_dependencies(/home/mk/dev_ws/install/my_3d_vision_bringup/share/colcon-core/packages/my_3d_vision_bringup)
[1.657s] Level 1:colcon.colcon_core.environment:create_environment_scripts_only(zed_interfaces)
[1.658s] Level 1:colcon.colcon_core.environment:checking '/home/mk/dev_ws/install/zed_interfaces' for CMake module files
[1.663s] Level 1:colcon.colcon_core.environment:checking '/home/mk/dev_ws/install/zed_interfaces' for CMake config files
[1.665s] DEBUG:colcon.colcon_core.event_handler.log_command:Invoked command in '/home/mk/dev_ws/build/realsense_gazebo_plugin' returned '0': CMAKE_PREFIX_PATH=/opt/ros/humble /usr/bin/cmake --install /home/mk/dev_ws/build/realsense_gazebo_plugin
[1.667s] DEBUG:colcon.colcon_core.event_handler.log_command:Invoked command in '/home/mk/dev_ws/build/xarm_description' returned '0': CMAKE_PREFIX_PATH=/opt/ros/humble /usr/bin/cmake --install /home/mk/dev_ws/build/xarm_description
[1.667s] Level 1:colcon.colcon_core.shell:create_environment_hook('zed_interfaces', 'cmake_prefix_path')
[1.667s] INFO:colcon.colcon_core.shell:Creating environment hook '/home/mk/dev_ws/install/zed_interfaces/share/zed_interfaces/hook/cmake_prefix_path.ps1'
[1.668s] INFO:colcon.colcon_core.shell:Creating environment descriptor '/home/mk/dev_ws/install/zed_interfaces/share/zed_interfaces/hook/cmake_prefix_path.dsv'
[1.669s] INFO:colcon.colcon_core.shell:Creating environment hook '/home/mk/dev_ws/install/zed_interfaces/share/zed_interfaces/hook/cmake_prefix_path.sh'
[1.670s] DEBUG:colcon.colcon_core.event_handler.log_command:Invoked command in '/home/mk/dev_ws/build/my_3d_vision_bringup' returned '0': CMAKE_PREFIX_PATH=/opt/ros/humble /usr/bin/cmake --install /home/mk/dev_ws/build/my_3d_vision_bringup
[1.671s] Level 1:colcon.colcon_core.environment:checking '/home/mk/dev_ws/install/zed_interfaces/lib'
[1.671s] Level 1:colcon.colcon_core.shell:create_environment_hook('zed_interfaces', 'ld_library_path_lib')
[1.671s] INFO:colcon.colcon_core.shell:Creating environment hook '/home/mk/dev_ws/install/zed_interfaces/share/zed_interfaces/hook/ld_library_path_lib.ps1'
[1.671s] DEBUG:colcon.colcon_core.event_handler.log_command:Invoked command in '/home/mk/dev_ws/build/zed_interfaces' returned '0': CMAKE_PREFIX_PATH=/opt/ros/humble /usr/bin/cmake --install /home/mk/dev_ws/build/zed_interfaces
[1.672s] INFO:colcon.colcon_core.shell:Creating environment descriptor '/home/mk/dev_ws/install/zed_interfaces/share/zed_interfaces/hook/ld_library_path_lib.dsv'
[1.672s] INFO:colcon.colcon_core.shell:Creating environment hook '/home/mk/dev_ws/install/zed_interfaces/share/zed_interfaces/hook/ld_library_path_lib.sh'
[1.672s] Level 1:colcon.colcon_core.environment:checking '/home/mk/dev_ws/install/zed_interfaces/bin'
[1.672s] Level 1:colcon.colcon_core.environment:checking '/home/mk/dev_ws/install/zed_interfaces/lib/pkgconfig/zed_interfaces.pc'
[1.673s] Level 1:colcon.colcon_core.environment:checking '/home/mk/dev_ws/install/zed_interfaces/lib/python3.10/site-packages'
[1.673s] Level 1:colcon.colcon_core.environment:checking '/home/mk/dev_ws/install/zed_interfaces/bin'
[1.673s] INFO:colcon.colcon_core.shell:Creating package script '/home/mk/dev_ws/install/zed_interfaces/share/zed_interfaces/package.ps1'
[1.674s] INFO:colcon.colcon_core.shell:Creating package descriptor '/home/mk/dev_ws/install/zed_interfaces/share/zed_interfaces/package.dsv'
[1.675s] INFO:colcon.colcon_core.shell:Creating package script '/home/mk/dev_ws/install/zed_interfaces/share/zed_interfaces/package.sh'
[1.675s] INFO:colcon.colcon_core.shell:Creating package script '/home/mk/dev_ws/install/zed_interfaces/share/zed_interfaces/package.bash'
[1.675s] INFO:colcon.colcon_core.shell:Creating package script '/home/mk/dev_ws/install/zed_interfaces/share/zed_interfaces/package.zsh'
[1.676s] Level 1:colcon.colcon_core.environment:create_file_with_runtime_dependencies(/home/mk/dev_ws/install/zed_interfaces/share/colcon-core/packages/zed_interfaces)
[1.676s] Level 1:colcon.colcon_core.environment:create_environment_scripts_only(zed_interfaces)
[1.676s] Level 1:colcon.colcon_core.environment:checking '/home/mk/dev_ws/install/zed_interfaces' for CMake module files
[1.677s] Level 1:colcon.colcon_core.environment:checking '/home/mk/dev_ws/install/zed_interfaces' for CMake config files
[1.678s] Level 1:colcon.colcon_core.shell:create_environment_hook('zed_interfaces', 'cmake_prefix_path')
[1.678s] INFO:colcon.colcon_core.shell:Creating environment hook '/home/mk/dev_ws/install/zed_interfaces/share/zed_interfaces/hook/cmake_prefix_path.ps1'
[1.678s] INFO:colcon.colcon_core.shell:Creating environment descriptor '/home/mk/dev_ws/install/zed_interfaces/share/zed_interfaces/hook/cmake_prefix_path.dsv'
[1.679s] INFO:colcon.colcon_core.shell:Creating environment hook '/home/mk/dev_ws/install/zed_interfaces/share/zed_interfaces/hook/cmake_prefix_path.sh'
[1.679s] Level 1:colcon.colcon_core.environment:checking '/home/mk/dev_ws/install/zed_interfaces/lib'
[1.679s] Level 1:colcon.colcon_core.shell:create_environment_hook('zed_interfaces', 'ld_library_path_lib')
[1.680s] INFO:colcon.colcon_core.shell:Creating environment hook '/home/mk/dev_ws/install/zed_interfaces/share/zed_interfaces/hook/ld_library_path_lib.ps1'
[1.680s] INFO:colcon.colcon_core.shell:Creating environment descriptor '/home/mk/dev_ws/install/zed_interfaces/share/zed_interfaces/hook/ld_library_path_lib.dsv'
[1.680s] INFO:colcon.colcon_core.shell:Creating environment hook '/home/mk/dev_ws/install/zed_interfaces/share/zed_interfaces/hook/ld_library_path_lib.sh'
[1.681s] Level 1:colcon.colcon_core.environment:checking '/home/mk/dev_ws/install/zed_interfaces/bin'
[1.681s] Level 1:colcon.colcon_core.environment:checking '/home/mk/dev_ws/install/zed_interfaces/lib/pkgconfig/zed_interfaces.pc'
[1.681s] Level 1:colcon.colcon_core.environment:checking '/home/mk/dev_ws/install/zed_interfaces/lib/python3.10/site-packages'
[1.681s] Level 1:colcon.colcon_core.environment:checking '/home/mk/dev_ws/install/zed_interfaces/bin'
[1.682s] INFO:colcon.colcon_core.shell:Creating package script '/home/mk/dev_ws/install/zed_interfaces/share/zed_interfaces/package.ps1'
[1.682s] INFO:colcon.colcon_core.shell:Creating package descriptor '/home/mk/dev_ws/install/zed_interfaces/share/zed_interfaces/package.dsv'
[1.683s] INFO:colcon.colcon_core.shell:Creating package script '/home/mk/dev_ws/install/zed_interfaces/share/zed_interfaces/package.sh'
[1.683s] INFO:colcon.colcon_core.shell:Creating package script '/home/mk/dev_ws/install/zed_interfaces/share/zed_interfaces/package.bash'
[1.684s] INFO:colcon.colcon_core.shell:Creating package script '/home/mk/dev_ws/install/zed_interfaces/share/zed_interfaces/package.zsh'
[1.684s] Level 1:colcon.colcon_core.environment:create_file_with_runtime_dependencies(/home/mk/dev_ws/install/zed_interfaces/share/colcon-core/packages/zed_interfaces)
[1.685s] Level 1:colcon.colcon_core.environment:create_environment_scripts_only(whisper_idl)
[1.685s] Level 1:colcon.colcon_core.environment:checking '/home/mk/dev_ws/install/whisper_idl' for CMake module files
[1.686s] DEBUG:colcon.colcon_core.event_handler.log_command:Invoked command in '/home/mk/dev_ws/build/whisper_idl' returned '0': CMAKE_PREFIX_PATH=/opt/ros/humble /usr/bin/cmake --install /home/mk/dev_ws/build/whisper_idl
[1.686s] Level 1:colcon.colcon_core.environment:checking '/home/mk/dev_ws/install/whisper_idl' for CMake config files
[1.686s] Level 1:colcon.colcon_core.shell:create_environment_hook('whisper_idl', 'cmake_prefix_path')
[1.687s] INFO:colcon.colcon_core.shell:Creating environment hook '/home/mk/dev_ws/install/whisper_idl/share/whisper_idl/hook/cmake_prefix_path.ps1'
[1.687s] INFO:colcon.colcon_core.shell:Creating environment descriptor '/home/mk/dev_ws/install/whisper_idl/share/whisper_idl/hook/cmake_prefix_path.dsv'
[1.687s] INFO:colcon.colcon_core.shell:Creating environment hook '/home/mk/dev_ws/install/whisper_idl/share/whisper_idl/hook/cmake_prefix_path.sh'
[1.688s] Level 1:colcon.colcon_core.environment:checking '/home/mk/dev_ws/install/whisper_idl/lib'
[1.688s] Level 1:colcon.colcon_core.shell:create_environment_hook('whisper_idl', 'ld_library_path_lib')
[1.688s] INFO:colcon.colcon_core.shell:Creating environment hook '/home/mk/dev_ws/install/whisper_idl/share/whisper_idl/hook/ld_library_path_lib.ps1'
[1.688s] INFO:colcon.colcon_core.shell:Creating environment descriptor '/home/mk/dev_ws/install/whisper_idl/share/whisper_idl/hook/ld_library_path_lib.dsv'
[1.688s] INFO:colcon.colcon_core.shell:Creating environment hook '/home/mk/dev_ws/install/whisper_idl/share/whisper_idl/hook/ld_library_path_lib.sh'
[1.688s] Level 1:colcon.colcon_core.environment:checking '/home/mk/dev_ws/install/whisper_idl/bin'
[1.689s] Level 1:colcon.colcon_core.environment:checking '/home/mk/dev_ws/install/whisper_idl/lib/pkgconfig/whisper_idl.pc'
[1.689s] Level 1:colcon.colcon_core.environment:checking '/home/mk/dev_ws/install/whisper_idl/lib/python3.10/site-packages'
[1.689s] Level 1:colcon.colcon_core.environment:checking '/home/mk/dev_ws/install/whisper_idl/bin'
[1.689s] INFO:colcon.colcon_core.shell:Creating package script '/home/mk/dev_ws/install/whisper_idl/share/whisper_idl/package.ps1'
[1.689s] INFO:colcon.colcon_core.shell:Creating package descriptor '/home/mk/dev_ws/install/whisper_idl/share/whisper_idl/package.dsv'
[1.690s] INFO:colcon.colcon_core.shell:Creating package script '/home/mk/dev_ws/install/whisper_idl/share/whisper_idl/package.sh'
[1.690s] INFO:colcon.colcon_core.shell:Creating package script '/home/mk/dev_ws/install/whisper_idl/share/whisper_idl/package.bash'
[1.690s] INFO:colcon.colcon_core.shell:Creating package script '/home/mk/dev_ws/install/whisper_idl/share/whisper_idl/package.zsh'
[1.690s] Level 1:colcon.colcon_core.environment:create_file_with_runtime_dependencies(/home/mk/dev_ws/install/whisper_idl/share/colcon-core/packages/whisper_idl)
[1.691s] Level 1:colcon.colcon_core.environment:create_environment_scripts_only(whisper_idl)
[1.691s] Level 1:colcon.colcon_core.environment:checking '/home/mk/dev_ws/install/whisper_idl' for CMake module files
[1.691s] Level 1:colcon.colcon_core.environment:checking '/home/mk/dev_ws/install/whisper_idl' for CMake config files
[1.692s] Level 1:colcon.colcon_core.shell:create_environment_hook('whisper_idl', 'cmake_prefix_path')
[1.692s] INFO:colcon.colcon_core.shell:Creating environment hook '/home/mk/dev_ws/install/whisper_idl/share/whisper_idl/hook/cmake_prefix_path.ps1'
[1.692s] INFO:colcon.colcon_core.shell:Creating environment descriptor '/home/mk/dev_ws/install/whisper_idl/share/whisper_idl/hook/cmake_prefix_path.dsv'
[1.692s] INFO:colcon.colcon_core.shell:Creating environment hook '/home/mk/dev_ws/install/whisper_idl/share/whisper_idl/hook/cmake_prefix_path.sh'
[1.693s] Level 1:colcon.colcon_core.environment:checking '/home/mk/dev_ws/install/whisper_idl/lib'
[1.693s] Level 1:colcon.colcon_core.shell:create_environment_hook('whisper_idl', 'ld_library_path_lib')
[1.693s] INFO:colcon.colcon_core.shell:Creating environment hook '/home/mk/dev_ws/install/whisper_idl/share/whisper_idl/hook/ld_library_path_lib.ps1'
[1.693s] INFO:colcon.colcon_core.shell:Creating environment descriptor '/home/mk/dev_ws/install/whisper_idl/share/whisper_idl/hook/ld_library_path_lib.dsv'
[1.693s] INFO:colcon.colcon_core.shell:Creating environment hook '/home/mk/dev_ws/install/whisper_idl/share/whisper_idl/hook/ld_library_path_lib.sh'
[1.693s] Level 1:colcon.colcon_core.environment:checking '/home/mk/dev_ws/install/whisper_idl/bin'
[1.693s] Level 1:colcon.colcon_core.environment:checking '/home/mk/dev_ws/install/whisper_idl/lib/pkgconfig/whisper_idl.pc'
[1.694s] Level 1:colcon.colcon_core.environment:checking '/home/mk/dev_ws/install/whisper_idl/lib/python3.10/site-packages'
[1.694s] Level 1:colcon.colcon_core.environment:checking '/home/mk/dev_ws/install/whisper_idl/bin'
[1.694s] INFO:colcon.colcon_core.shell:Creating package script '/home/mk/dev_ws/install/whisper_idl/share/whisper_idl/package.ps1'
[1.694s] INFO:colcon.colcon_core.shell:Creating package descriptor '/home/mk/dev_ws/install/whisper_idl/share/whisper_idl/package.dsv'
[1.695s] INFO:colcon.colcon_core.shell:Creating package script '/home/mk/dev_ws/install/whisper_idl/share/whisper_idl/package.sh'
[1.695s] INFO:colcon.colcon_core.shell:Creating package script '/home/mk/dev_ws/install/whisper_idl/share/whisper_idl/package.bash'
[1.695s] INFO:colcon.colcon_core.shell:Creating package script '/home/mk/dev_ws/install/whisper_idl/share/whisper_idl/package.zsh'
[1.696s] Level 1:colcon.colcon_core.environment:create_file_with_runtime_dependencies(/home/mk/dev_ws/install/whisper_idl/share/colcon-core/packages/whisper_idl)
[1.696s] Level 1:colcon.colcon_core.environment:create_environment_scripts_only(xarm_msgs)
[1.696s] Level 1:colcon.colcon_core.environment:checking '/home/mk/dev_ws/install/xarm_msgs' for CMake module files
[1.697s] DEBUG:colcon.colcon_core.event_handler.log_command:Invoked command in '/home/mk/dev_ws/build/xarm_msgs' returned '0': CMAKE_PREFIX_PATH=/opt/ros/humble /usr/bin/cmake --install /home/mk/dev_ws/build/xarm_msgs
[1.697s] Level 1:colcon.colcon_core.environment:checking '/home/mk/dev_ws/install/xarm_msgs' for CMake config files
[1.698s] Level 1:colcon.colcon_core.shell:create_environment_hook('xarm_msgs', 'cmake_prefix_path')
[1.698s] INFO:colcon.colcon_core.shell:Creating environment hook '/home/mk/dev_ws/install/xarm_msgs/share/xarm_msgs/hook/cmake_prefix_path.ps1'
[1.698s] INFO:colcon.colcon_core.shell:Creating environment descriptor '/home/mk/dev_ws/install/xarm_msgs/share/xarm_msgs/hook/cmake_prefix_path.dsv'
[1.699s] INFO:colcon.colcon_core.shell:Creating environment hook '/home/mk/dev_ws/install/xarm_msgs/share/xarm_msgs/hook/cmake_prefix_path.sh'
[1.699s] Level 1:colcon.colcon_core.environment:checking '/home/mk/dev_ws/install/xarm_msgs/lib'
[1.699s] Level 1:colcon.colcon_core.shell:create_environment_hook('xarm_msgs', 'ld_library_path_lib')
[1.699s] INFO:colcon.colcon_core.shell:Creating environment hook '/home/mk/dev_ws/install/xarm_msgs/share/xarm_msgs/hook/ld_library_path_lib.ps1'
[1.699s] INFO:colcon.colcon_core.shell:Creating environment descriptor '/home/mk/dev_ws/install/xarm_msgs/share/xarm_msgs/hook/ld_library_path_lib.dsv'
[1.700s] INFO:colcon.colcon_core.shell:Creating environment hook '/home/mk/dev_ws/install/xarm_msgs/share/xarm_msgs/hook/ld_library_path_lib.sh'
[1.700s] Level 1:colcon.colcon_core.environment:checking '/home/mk/dev_ws/install/xarm_msgs/bin'
[1.700s] Level 1:colcon.colcon_core.environment:checking '/home/mk/dev_ws/install/xarm_msgs/lib/pkgconfig/xarm_msgs.pc'
[1.700s] Level 1:colcon.colcon_core.environment:checking '/home/mk/dev_ws/install/xarm_msgs/lib/python3.10/site-packages'
[1.701s] Level 1:colcon.colcon_core.environment:checking '/home/mk/dev_ws/install/xarm_msgs/bin'
[1.701s] INFO:colcon.colcon_core.shell:Creating package script '/home/mk/dev_ws/install/xarm_msgs/share/xarm_msgs/package.ps1'
[1.701s] INFO:colcon.colcon_core.shell:Creating package descriptor '/home/mk/dev_ws/install/xarm_msgs/share/xarm_msgs/package.dsv'
[1.701s] INFO:colcon.colcon_core.shell:Creating package script '/home/mk/dev_ws/install/xarm_msgs/share/xarm_msgs/package.sh'
[1.702s] INFO:colcon.colcon_core.shell:Creating package script '/home/mk/dev_ws/install/xarm_msgs/share/xarm_msgs/package.bash'
[1.702s] INFO:colcon.colcon_core.shell:Creating package script '/home/mk/dev_ws/install/xarm_msgs/share/xarm_msgs/package.zsh'
[1.702s] Level 1:colcon.colcon_core.environment:create_file_with_runtime_dependencies(/home/mk/dev_ws/install/xarm_msgs/share/colcon-core/packages/xarm_msgs)
[1.702s] Level 1:colcon.colcon_core.environment:create_environment_scripts_only(xarm_msgs)
[1.703s] Level 1:colcon.colcon_core.environment:checking '/home/mk/dev_ws/install/xarm_msgs' for CMake module files
[1.703s] Level 1:colcon.colcon_core.environment:checking '/home/mk/dev_ws/install/xarm_msgs' for CMake config files
[1.704s] Level 1:colcon.colcon_core.shell:create_environment_hook('xarm_msgs', 'cmake_prefix_path')
[1.704s] INFO:colcon.colcon_core.shell:Creating environment hook '/home/mk/dev_ws/install/xarm_msgs/share/xarm_msgs/hook/cmake_prefix_path.ps1'
[1.704s] INFO:colcon.colcon_core.shell:Creating environment descriptor '/home/mk/dev_ws/install/xarm_msgs/share/xarm_msgs/hook/cmake_prefix_path.dsv'
[1.704s] INFO:colcon.colcon_core.shell:Creating environment hook '/home/mk/dev_ws/install/xarm_msgs/share/xarm_msgs/hook/cmake_prefix_path.sh'
[1.705s] Level 1:colcon.colcon_core.environment:checking '/home/mk/dev_ws/install/xarm_msgs/lib'
[1.705s] Level 1:colcon.colcon_core.shell:create_environment_hook('xarm_msgs', 'ld_library_path_lib')
[1.705s] INFO:colcon.colcon_core.shell:Creating environment hook '/home/mk/dev_ws/install/xarm_msgs/share/xarm_msgs/hook/ld_library_path_lib.ps1'
[1.705s] INFO:colcon.colcon_core.shell:Creating environment descriptor '/home/mk/dev_ws/install/xarm_msgs/share/xarm_msgs/hook/ld_library_path_lib.dsv'
[1.705s] INFO:colcon.colcon_core.shell:Creating environment hook '/home/mk/dev_ws/install/xarm_msgs/share/xarm_msgs/hook/ld_library_path_lib.sh'
[1.706s] Level 1:colcon.colcon_core.environment:checking '/home/mk/dev_ws/install/xarm_msgs/bin'
[1.706s] Level 1:colcon.colcon_core.environment:checking '/home/mk/dev_ws/install/xarm_msgs/lib/pkgconfig/xarm_msgs.pc'
[1.706s] Level 1:colcon.colcon_core.environment:checking '/home/mk/dev_ws/install/xarm_msgs/lib/python3.10/site-packages'
[1.706s] Level 1:colcon.colcon_core.environment:checking '/home/mk/dev_ws/install/xarm_msgs/bin'
[1.706s] INFO:colcon.colcon_core.shell:Creating package script '/home/mk/dev_ws/install/xarm_msgs/share/xarm_msgs/package.ps1'
[1.707s] INFO:colcon.colcon_core.shell:Creating package descriptor '/home/mk/dev_ws/install/xarm_msgs/share/xarm_msgs/package.dsv'
[1.707s] INFO:colcon.colcon_core.shell:Creating package script '/home/mk/dev_ws/install/xarm_msgs/share/xarm_msgs/package.sh'
[1.707s] INFO:colcon.colcon_core.shell:Creating package script '/home/mk/dev_ws/install/xarm_msgs/share/xarm_msgs/package.bash'
[1.707s] INFO:colcon.colcon_core.shell:Creating package script '/home/mk/dev_ws/install/xarm_msgs/share/xarm_msgs/package.zsh'
[1.708s] Level 1:colcon.colcon_core.environment:create_file_with_runtime_dependencies(/home/mk/dev_ws/install/xarm_msgs/share/colcon-core/packages/xarm_msgs)
[1.708s] INFO:colcon.colcon_ros.task.ament_cmake.build:Building ROS package in '/home/mk/dev_ws/src/xarm_ros2/xarm_api' with build type 'ament_cmake'
[1.708s] INFO:colcon.colcon_cmake.task.cmake.build:Building CMake package in '/home/mk/dev_ws/src/xarm_ros2/xarm_api'
[1.709s] INFO:colcon.colcon_core.shell:Skip shell extension 'powershell' for command environment: Not usable outside of PowerShell
[1.709s] DEBUG:colcon.colcon_core.shell:Skip shell extension 'dsv' for command environment
[1.710s] INFO:colcon.colcon_ros.task.ament_cmake.build:Building ROS package in '/home/mk/dev_ws/src/zed-ros2-wrapper/zed_components' with build type 'ament_cmake'
[1.711s] INFO:colcon.colcon_cmake.task.cmake.build:Building CMake package in '/home/mk/dev_ws/src/zed-ros2-wrapper/zed_components'
[1.711s] INFO:colcon.colcon_core.shell:Skip shell extension 'powershell' for command environment: Not usable outside of PowerShell
[1.711s] DEBUG:colcon.colcon_core.shell:Skip shell extension 'dsv' for command environment
[1.714s] INFO:colcon.colcon_ros.task.ament_python.build:Building ROS package in '/home/mk/dev_ws/src/motion_sequence' with build type 'ament_python'
[1.714s] Level 1:colcon.colcon_core.shell:create_environment_hook('motion_sequence', 'ament_prefix_path')
[1.714s] INFO:colcon.colcon_core.shell:Creating environment hook '/home/mk/dev_ws/install/motion_sequence/share/motion_sequence/hook/ament_prefix_path.ps1'
[1.715s] INFO:colcon.colcon_core.shell:Creating environment descriptor '/home/mk/dev_ws/install/motion_sequence/share/motion_sequence/hook/ament_prefix_path.dsv'
[1.715s] INFO:colcon.colcon_core.shell:Creating environment hook '/home/mk/dev_ws/install/motion_sequence/share/motion_sequence/hook/ament_prefix_path.sh'
[1.716s] INFO:colcon.colcon_core.shell:Skip shell extension 'powershell' for command environment: Not usable outside of PowerShell
[1.716s] DEBUG:colcon.colcon_core.shell:Skip shell extension 'dsv' for command environment
[1.718s] INFO:colcon.colcon_ros.task.ament_python.build:Building ROS package in '/home/mk/dev_ws/src/move_to_coordinator' with build type 'ament_python'
[1.718s] Level 1:colcon.colcon_core.shell:create_environment_hook('move_to_coordinator', 'ament_prefix_path')
[1.719s] INFO:colcon.colcon_core.shell:Creating environment hook '/home/mk/dev_ws/install/move_to_coordinator/share/move_to_coordinator/hook/ament_prefix_path.ps1'
[1.719s] INFO:colcon.colcon_core.shell:Creating environment descriptor '/home/mk/dev_ws/install/move_to_coordinator/share/move_to_coordinator/hook/ament_prefix_path.dsv'
[1.719s] INFO:colcon.colcon_core.shell:Creating environment hook '/home/mk/dev_ws/install/move_to_coordinator/share/move_to_coordinator/hook/ament_prefix_path.sh'
[1.719s] INFO:colcon.colcon_core.shell:Skip shell extension 'powershell' for command environment: Not usable outside of PowerShell
[1.719s] DEBUG:colcon.colcon_core.shell:Skip shell extension 'dsv' for command environment
[1.721s] INFO:colcon.colcon_ros.task.ament_cmake.build:Building ROS package in '/home/mk/dev_ws/src/rviz_robot_control_panel' with build type 'ament_cmake'
[1.721s] INFO:colcon.colcon_cmake.task.cmake.build:Building CMake package in '/home/mk/dev_ws/src/rviz_robot_control_panel'
[1.721s] INFO:colcon.colcon_core.shell:Skip shell extension 'powershell' for command environment: Not usable outside of PowerShell
[1.721s] DEBUG:colcon.colcon_core.shell:Skip shell extension 'dsv' for command environment
[1.723s] INFO:colcon.colcon_ros.task.ament_python.build:Building ROS package in '/home/mk/dev_ws/src/voice_command_listener' with build type 'ament_python'
[1.723s] Level 1:colcon.colcon_core.shell:create_environment_hook('voice_command_listener', 'ament_prefix_path')
[1.723s] INFO:colcon.colcon_core.shell:Creating environment hook '/home/mk/dev_ws/install/voice_command_listener/share/voice_command_listener/hook/ament_prefix_path.ps1'
[1.723s] INFO:colcon.colcon_core.shell:Creating environment descriptor '/home/mk/dev_ws/install/voice_command_listener/share/voice_command_listener/hook/ament_prefix_path.dsv'
[1.723s] INFO:colcon.colcon_core.shell:Creating environment hook '/home/mk/dev_ws/install/voice_command_listener/share/voice_command_listener/hook/ament_prefix_path.sh'
[1.724s] INFO:colcon.colcon_core.shell:Skip shell extension 'powershell' for command environment: Not usable outside of PowerShell
[1.724s] DEBUG:colcon.colcon_core.shell:Skip shell extension 'dsv' for command environment
[1.728s] DEBUG:colcon.colcon_core.event_handler.log_command:Invoking command in '/home/mk/dev_ws/build/whisper_util': AMENT_PREFIX_PATH=/home/mk/dev_ws/install/whisper_cpp_vendor:${AMENT_PREFIX_PATH} CMAKE_PREFIX_PATH=/home/mk/dev_ws/install/whisper_cpp_vendor:/opt/ros/humble LD_LIBRARY_PATH=/home/mk/dev_ws/install/whisper_cpp_vendor/lib:${LD_LIBRARY_PATH} /usr/bin/cmake --build /home/mk/dev_ws/build/whisper_util -- -j20 -l20
[1.729s] DEBUG:colcon.colcon_core.event_handler.log_command:Invoking command in '/home/mk/dev_ws/build/uf_ros_lib': PYTHONPATH=/home/mk/dev_ws/build/uf_ros_lib/prefix_override:/usr/lib/python3/dist-packages/colcon_core/task/python/colcon_distutils_commands:/home/mk/dev_ws/install/uf_ros_lib/lib/python3.10/site-packages:${PYTHONPATH} /usr/bin/python3 -W ignore:setup.py install is deprecated -W ignore:easy_install command is deprecated setup.py develop --editable --build-directory /home/mk/dev_ws/build/uf_ros_lib/build --no-deps symlink_data
[1.729s] DEBUG:colcon.colcon_core.event_handler.log_command:Invoking command in '/home/mk/dev_ws/build/gaze_control': PYTHONPATH=/home/mk/dev_ws/build/gaze_control/prefix_override:/usr/lib/python3/dist-packages/colcon_core/task/python/colcon_distutils_commands:/home/mk/dev_ws/install/gaze_control/lib/python3.10/site-packages:${PYTHONPATH} /usr/bin/python3 -W ignore:setup.py install is deprecated -W ignore:easy_install command is deprecated setup.py develop --editable --build-directory /home/mk/dev_ws/build/gaze_control/build --no-deps symlink_data
[1.730s] DEBUG:colcon.colcon_core.event_handler.log_command:Invoking command in '/home/mk/dev_ws/build/robot_motion_handler_movegroup': PYTHONPATH=/home/mk/dev_ws/build/robot_motion_handler_movegroup/prefix_override:/usr/lib/python3/dist-packages/colcon_core/task/python/colcon_distutils_commands:/home/mk/dev_ws/install/robot_motion_handler_movegroup/lib/python3.10/site-packages:${PYTHONPATH} /usr/bin/python3 -W ignore:setup.py install is deprecated -W ignore:easy_install command is deprecated setup.py develop --editable --build-directory /home/mk/dev_ws/build/robot_motion_handler_movegroup/build --no-deps symlink_data
[1.732s] DEBUG:colcon.colcon_core.event_handler.log_command:Invoking command in '/home/mk/dev_ws/build/rviz_servo_status_overlay': PYTHONPATH=/home/mk/dev_ws/build/rviz_servo_status_overlay/prefix_override:/usr/lib/python3/dist-packages/colcon_core/task/python/colcon_distutils_commands:/home/mk/dev_ws/install/rviz_servo_status_overlay/lib/python3.10/site-packages:${PYTHONPATH} /usr/bin/python3 -W ignore:setup.py install is deprecated -W ignore:easy_install command is deprecated setup.py develop --editable --build-directory /home/mk/dev_ws/build/rviz_servo_status_overlay/build --no-deps symlink_data
[1.733s] DEBUG:colcon.colcon_core.event_handler.log_command:Invoking command in '/home/mk/dev_ws/build/yolo_object_detector': PYTHONPATH=/home/mk/dev_ws/build/yolo_object_detector/prefix_override:/usr/lib/python3/dist-packages/colcon_core/task/python/colcon_distutils_commands:/home/mk/dev_ws/install/yolo_object_detector/lib/python3.10/site-packages:${PYTHONPATH} /usr/bin/python3 -W ignore:setup.py install is deprecated -W ignore:easy_install command is deprecated setup.py develop --editable --build-directory /home/mk/dev_ws/build/yolo_object_detector/build --no-deps symlink_data
[1.737s] DEBUG:colcon.colcon_core.event_handler.log_command:Invoking command in '/home/mk/dev_ws/build/xarm_api': AMENT_PREFIX_PATH=/home/mk/dev_ws/install/xarm_sdk:/home/mk/dev_ws/install/xarm_msgs:/home/mk/dev_ws/install/xarm_description:${AMENT_PREFIX_PATH} CMAKE_PREFIX_PATH=/home/mk/dev_ws/install/xarm_sdk:/home/mk/dev_ws/install/xarm_msgs:/home/mk/dev_ws/install/xarm_description:/opt/ros/humble LD_LIBRARY_PATH=/home/mk/dev_ws/install/xarm_sdk/lib:/home/mk/dev_ws/install/xarm_msgs/lib:${LD_LIBRARY_PATH} PYTHONPATH=/home/mk/dev_ws/install/xarm_msgs/local/lib/python3.10/dist-packages:${PYTHONPATH} /usr/bin/cmake --build /home/mk/dev_ws/build/xarm_api -- -j20 -l20
[1.739s] DEBUG:colcon.colcon_core.event_handler.log_command:Invoking command in '/home/mk/dev_ws/build/zed_components': AMENT_PREFIX_PATH=/home/mk/dev_ws/install/zed_interfaces:${AMENT_PREFIX_PATH} CMAKE_PREFIX_PATH=/home/mk/dev_ws/install/zed_interfaces:/opt/ros/humble LD_LIBRARY_PATH=/home/mk/dev_ws/install/zed_interfaces/lib:${LD_LIBRARY_PATH} PYTHONPATH=/home/mk/dev_ws/install/zed_interfaces/local/lib/python3.10/dist-packages:${PYTHONPATH} /usr/bin/cmake --build /home/mk/dev_ws/build/zed_components -- -j20 -l20
[1.887s] INFO:colcon.colcon_core.task.python.build:Building Python package in '/home/mk/dev_ws/src/motion_sequence'
[1.887s] INFO:colcon.colcon_core.shell:Skip shell extension 'powershell' for command environment: Not usable outside of PowerShell
[1.887s] DEBUG:colcon.colcon_core.shell:Skip shell extension 'dsv' for command environment
[2.038s] INFO:colcon.colcon_core.task.python.build:Building Python package in '/home/mk/dev_ws/src/move_to_coordinator'
[2.038s] INFO:colcon.colcon_core.shell:Skip shell extension 'powershell' for command environment: Not usable outside of PowerShell
[2.038s] DEBUG:colcon.colcon_core.shell:Skip shell extension 'dsv' for command environment
[2.042s] DEBUG:colcon.colcon_core.event_handler.log_command:Invoking command in '/home/mk/dev_ws/build/rviz_robot_control_panel': AMENT_PREFIX_PATH=/home/mk/dev_ws/install/xarm_msgs:${AMENT_PREFIX_PATH} CMAKE_PREFIX_PATH=/home/mk/dev_ws/install/xarm_msgs:/opt/ros/humble LD_LIBRARY_PATH=/home/mk/dev_ws/install/xarm_msgs/lib:${LD_LIBRARY_PATH} PYTHONPATH=/home/mk/dev_ws/install/xarm_msgs/local/lib/python3.10/dist-packages:${PYTHONPATH} /usr/bin/cmake --build /home/mk/dev_ws/build/rviz_robot_control_panel -- -j20 -l20
[2.186s] INFO:colcon.colcon_core.task.python.build:Building Python package in '/home/mk/dev_ws/src/voice_command_listener'
[2.187s] INFO:colcon.colcon_core.shell:Skip shell extension 'powershell' for command environment: Not usable outside of PowerShell
[2.187s] DEBUG:colcon.colcon_core.shell:Skip shell extension 'dsv' for command environment
[2.190s] DEBUG:colcon.colcon_core.event_handler.log_command:Invoked command in '/home/mk/dev_ws/build/zed_components' returned '0': AMENT_PREFIX_PATH=/home/mk/dev_ws/install/zed_interfaces:${AMENT_PREFIX_PATH} CMAKE_PREFIX_PATH=/home/mk/dev_ws/install/zed_interfaces:/opt/ros/humble LD_LIBRARY_PATH=/home/mk/dev_ws/install/zed_interfaces/lib:${LD_LIBRARY_PATH} PYTHONPATH=/home/mk/dev_ws/install/zed_interfaces/local/lib/python3.10/dist-packages:${PYTHONPATH} /usr/bin/cmake --build /home/mk/dev_ws/build/zed_components -- -j20 -l20
[2.191s] DEBUG:colcon.colcon_core.event_handler.log_command:Invoking command in '/home/mk/dev_ws/build/zed_components': AMENT_PREFIX_PATH=/home/mk/dev_ws/install/zed_interfaces:${AMENT_PREFIX_PATH} CMAKE_PREFIX_PATH=/home/mk/dev_ws/install/zed_interfaces:/opt/ros/humble LD_LIBRARY_PATH=/home/mk/dev_ws/install/zed_interfaces/lib:${LD_LIBRARY_PATH} PYTHONPATH=/home/mk/dev_ws/install/zed_interfaces/local/lib/python3.10/dist-packages:${PYTHONPATH} /usr/bin/cmake --install /home/mk/dev_ws/build/zed_components
[2.191s] Level 1:colcon.colcon_core.shell:create_environment_hook('gaze_control', 'pythonpath_develop')
[2.192s] INFO:colcon.colcon_core.shell:Creating environment hook '/home/mk/dev_ws/build/gaze_control/share/gaze_control/hook/pythonpath_develop.ps1'
[2.192s] DEBUG:colcon.colcon_core.event_handler.log_command:Invoked command in '/home/mk/dev_ws/build/gaze_control' returned '0': PYTHONPATH=/home/mk/dev_ws/build/gaze_control/prefix_override:/usr/lib/python3/dist-packages/colcon_core/task/python/colcon_distutils_commands:/home/mk/dev_ws/install/gaze_control/lib/python3.10/site-packages:${PYTHONPATH} /usr/bin/python3 -W ignore:setup.py install is deprecated -W ignore:easy_install command is deprecated setup.py develop --editable --build-directory /home/mk/dev_ws/build/gaze_control/build --no-deps symlink_data
[2.192s] INFO:colcon.colcon_core.shell:Creating environment descriptor '/home/mk/dev_ws/build/gaze_control/share/gaze_control/hook/pythonpath_develop.dsv'
[2.192s] INFO:colcon.colcon_core.shell:Creating environment hook '/home/mk/dev_ws/build/gaze_control/share/gaze_control/hook/pythonpath_develop.sh'
[2.193s] Level 1:colcon.colcon_core.environment:checking '/home/mk/dev_ws/install/gaze_control' for CMake module files
[2.193s] Level 1:colcon.colcon_core.environment:checking '/home/mk/dev_ws/install/gaze_control' for CMake config files
[2.194s] Level 1:colcon.colcon_core.environment:checking '/home/mk/dev_ws/install/gaze_control/lib'
[2.194s] Level 1:colcon.colcon_core.environment:checking '/home/mk/dev_ws/install/gaze_control/bin'
[2.194s] Level 1:colcon.colcon_core.environment:checking '/home/mk/dev_ws/install/gaze_control/lib/pkgconfig/gaze_control.pc'
[2.194s] Level 1:colcon.colcon_core.environment:checking '/home/mk/dev_ws/install/gaze_control/lib/python3.10/site-packages'
[2.194s] Level 1:colcon.colcon_core.shell:create_environment_hook('gaze_control', 'pythonpath')
[2.194s] INFO:colcon.colcon_core.shell:Creating environment hook '/home/mk/dev_ws/install/gaze_control/share/gaze_control/hook/pythonpath.ps1'
[2.195s] INFO:colcon.colcon_core.shell:Creating environment descriptor '/home/mk/dev_ws/install/gaze_control/share/gaze_control/hook/pythonpath.dsv'
[2.195s] INFO:colcon.colcon_core.shell:Creating environment hook '/home/mk/dev_ws/install/gaze_control/share/gaze_control/hook/pythonpath.sh'
[2.196s] Level 1:colcon.colcon_core.environment:checking '/home/mk/dev_ws/install/gaze_control/bin'
[2.196s] Level 1:colcon.colcon_core.environment:create_environment_scripts_only(gaze_control)
[2.196s] INFO:colcon.colcon_core.shell:Creating package script '/home/mk/dev_ws/install/gaze_control/share/gaze_control/package.ps1'
[2.196s] INFO:colcon.colcon_core.shell:Creating package descriptor '/home/mk/dev_ws/install/gaze_control/share/gaze_control/package.dsv'
[2.197s] INFO:colcon.colcon_core.shell:Creating package script '/home/mk/dev_ws/install/gaze_control/share/gaze_control/package.sh'
[2.197s] INFO:colcon.colcon_core.shell:Creating package script '/home/mk/dev_ws/install/gaze_control/share/gaze_control/package.bash'
[2.198s] INFO:colcon.colcon_core.shell:Creating package script '/home/mk/dev_ws/install/gaze_control/share/gaze_control/package.zsh'
[2.198s] Level 1:colcon.colcon_core.environment:create_file_with_runtime_dependencies(/home/mk/dev_ws/install/gaze_control/share/colcon-core/packages/gaze_control)
[2.199s] DEBUG:colcon.colcon_core.event_handler.log_command:Invoking command in '/home/mk/dev_ws/build/collision_check': PYTHONPATH=/home/mk/dev_ws/build/collision_check/prefix_override:/usr/lib/python3/dist-packages/colcon_core/task/python/colcon_distutils_commands:/home/mk/dev_ws/install/collision_check/lib/python3.10/site-packages:${PYTHONPATH} /usr/bin/python3 -W ignore:setup.py install is deprecated -W ignore:easy_install command is deprecated setup.py develop --editable --build-directory /home/mk/dev_ws/build/collision_check/build --no-deps symlink_data
[2.200s] DEBUG:colcon.colcon_core.event_handler.log_command:Invoking command in '/home/mk/dev_ws/build/rviz_marker_static_scene_objects': PYTHONPATH=/home/mk/dev_ws/build/rviz_marker_static_scene_objects/prefix_override:/usr/lib/python3/dist-packages/colcon_core/task/python/colcon_distutils_commands:/home/mk/dev_ws/install/rviz_marker_static_scene_objects/lib/python3.10/site-packages:${PYTHONPATH} /usr/bin/python3 -W ignore:setup.py install is deprecated -W ignore:easy_install command is deprecated setup.py develop --editable --build-directory /home/mk/dev_ws/build/rviz_marker_static_scene_objects/build --no-deps symlink_data
[2.200s] Level 1:colcon.colcon_core.shell:create_environment_hook('rviz_servo_status_overlay', 'pythonpath_develop')
[2.200s] DEBUG:colcon.colcon_core.event_handler.log_command:Invoked command in '/home/mk/dev_ws/build/whisper_util' returned '0': AMENT_PREFIX_PATH=/home/mk/dev_ws/install/whisper_cpp_vendor:${AMENT_PREFIX_PATH} CMAKE_PREFIX_PATH=/home/mk/dev_ws/install/whisper_cpp_vendor:/opt/ros/humble LD_LIBRARY_PATH=/home/mk/dev_ws/install/whisper_cpp_vendor/lib:${LD_LIBRARY_PATH} /usr/bin/cmake --build /home/mk/dev_ws/build/whisper_util -- -j20 -l20
[2.201s] INFO:colcon.colcon_core.shell:Creating environment hook '/home/mk/dev_ws/build/rviz_servo_status_overlay/share/rviz_servo_status_overlay/hook/pythonpath_develop.ps1'
[2.201s] DEBUG:colcon.colcon_core.event_handler.log_command:Invoking command in '/home/mk/dev_ws/build/whisper_util': AMENT_PREFIX_PATH=/home/mk/dev_ws/install/whisper_cpp_vendor:${AMENT_PREFIX_PATH} CMAKE_PREFIX_PATH=/home/mk/dev_ws/install/whisper_cpp_vendor:/opt/ros/humble LD_LIBRARY_PATH=/home/mk/dev_ws/install/whisper_cpp_vendor/lib:${LD_LIBRARY_PATH} /usr/bin/cmake --install /home/mk/dev_ws/build/whisper_util
[2.201s] DEBUG:colcon.colcon_core.event_handler.log_command:Invoked command in '/home/mk/dev_ws/build/rviz_servo_status_overlay' returned '0': PYTHONPATH=/home/mk/dev_ws/build/rviz_servo_status_overlay/prefix_override:/usr/lib/python3/dist-packages/colcon_core/task/python/colcon_distutils_commands:/home/mk/dev_ws/install/rviz_servo_status_overlay/lib/python3.10/site-packages:${PYTHONPATH} /usr/bin/python3 -W ignore:setup.py install is deprecated -W ignore:easy_install command is deprecated setup.py develop --editable --build-directory /home/mk/dev_ws/build/rviz_servo_status_overlay/build --no-deps symlink_data
[2.201s] INFO:colcon.colcon_core.shell:Creating environment descriptor '/home/mk/dev_ws/build/rviz_servo_status_overlay/share/rviz_servo_status_overlay/hook/pythonpath_develop.dsv'
[2.201s] INFO:colcon.colcon_core.shell:Creating environment hook '/home/mk/dev_ws/build/rviz_servo_status_overlay/share/rviz_servo_status_overlay/hook/pythonpath_develop.sh'
[2.202s] Level 1:colcon.colcon_core.environment:checking '/home/mk/dev_ws/install/rviz_servo_status_overlay' for CMake module files
[2.202s] Level 1:colcon.colcon_core.environment:checking '/home/mk/dev_ws/install/rviz_servo_status_overlay' for CMake config files
[2.202s] Level 1:colcon.colcon_core.environment:checking '/home/mk/dev_ws/install/rviz_servo_status_overlay/lib'
[2.202s] Level 1:colcon.colcon_core.environment:checking '/home/mk/dev_ws/install/rviz_servo_status_overlay/bin'
[2.202s] Level 1:colcon.colcon_core.environment:checking '/home/mk/dev_ws/install/rviz_servo_status_overlay/lib/pkgconfig/rviz_servo_status_overlay.pc'
[2.202s] Level 1:colcon.colcon_core.environment:checking '/home/mk/dev_ws/install/rviz_servo_status_overlay/lib/python3.10/site-packages'
[2.202s] Level 1:colcon.colcon_core.shell:create_environment_hook('rviz_servo_status_overlay', 'pythonpath')
[2.202s] INFO:colcon.colcon_core.shell:Creating environment hook '/home/mk/dev_ws/install/rviz_servo_status_overlay/share/rviz_servo_status_overlay/hook/pythonpath.ps1'
[2.203s] INFO:colcon.colcon_core.shell:Creating environment descriptor '/home/mk/dev_ws/install/rviz_servo_status_overlay/share/rviz_servo_status_overlay/hook/pythonpath.dsv'
[2.203s] INFO:colcon.colcon_core.shell:Creating environment hook '/home/mk/dev_ws/install/rviz_servo_status_overlay/share/rviz_servo_status_overlay/hook/pythonpath.sh'
[2.203s] Level 1:colcon.colcon_core.environment:checking '/home/mk/dev_ws/install/rviz_servo_status_overlay/bin'
[2.203s] Level 1:colcon.colcon_core.environment:create_environment_scripts_only(rviz_servo_status_overlay)
[2.203s] INFO:colcon.colcon_core.shell:Creating package script '/home/mk/dev_ws/install/rviz_servo_status_overlay/share/rviz_servo_status_overlay/package.ps1'
[2.204s] INFO:colcon.colcon_core.shell:Creating package descriptor '/home/mk/dev_ws/install/rviz_servo_status_overlay/share/rviz_servo_status_overlay/package.dsv'
[2.204s] INFO:colcon.colcon_core.shell:Creating package script '/home/mk/dev_ws/install/rviz_servo_status_overlay/share/rviz_servo_status_overlay/package.sh'
[2.204s] INFO:colcon.colcon_core.shell:Creating package script '/home/mk/dev_ws/install/rviz_servo_status_overlay/share/rviz_servo_status_overlay/package.bash'
[2.204s] INFO:colcon.colcon_core.shell:Creating package script '/home/mk/dev_ws/install/rviz_servo_status_overlay/share/rviz_servo_status_overlay/package.zsh'
[2.204s] Level 1:colcon.colcon_core.environment:create_file_with_runtime_dependencies(/home/mk/dev_ws/install/rviz_servo_status_overlay/share/colcon-core/packages/rviz_servo_status_overlay)
[2.205s] DEBUG:colcon.colcon_core.event_handler.log_command:Invoked command in '/home/mk/dev_ws/build/xarm_api' returned '0': AMENT_PREFIX_PATH=/home/mk/dev_ws/install/xarm_sdk:/home/mk/dev_ws/install/xarm_msgs:/home/mk/dev_ws/install/xarm_description:${AMENT_PREFIX_PATH} CMAKE_PREFIX_PATH=/home/mk/dev_ws/install/xarm_sdk:/home/mk/dev_ws/install/xarm_msgs:/home/mk/dev_ws/install/xarm_description:/opt/ros/humble LD_LIBRARY_PATH=/home/mk/dev_ws/install/xarm_sdk/lib:/home/mk/dev_ws/install/xarm_msgs/lib:${LD_LIBRARY_PATH} PYTHONPATH=/home/mk/dev_ws/install/xarm_msgs/local/lib/python3.10/dist-packages:${PYTHONPATH} /usr/bin/cmake --build /home/mk/dev_ws/build/xarm_api -- -j20 -l20
[2.206s] Level 1:colcon.colcon_core.shell:create_environment_hook('yolo_object_detector', 'pythonpath_develop')
[2.206s] INFO:colcon.colcon_core.shell:Creating environment hook '/home/mk/dev_ws/build/yolo_object_detector/share/yolo_object_detector/hook/pythonpath_develop.ps1'
[2.206s] DEBUG:colcon.colcon_core.event_handler.log_command:Invoking command in '/home/mk/dev_ws/build/xarm_api': AMENT_PREFIX_PATH=/home/mk/dev_ws/install/xarm_sdk:/home/mk/dev_ws/install/xarm_msgs:/home/mk/dev_ws/install/xarm_description:${AMENT_PREFIX_PATH} CMAKE_PREFIX_PATH=/home/mk/dev_ws/install/xarm_sdk:/home/mk/dev_ws/install/xarm_msgs:/home/mk/dev_ws/install/xarm_description:/opt/ros/humble LD_LIBRARY_PATH=/home/mk/dev_ws/install/xarm_sdk/lib:/home/mk/dev_ws/install/xarm_msgs/lib:${LD_LIBRARY_PATH} PYTHONPATH=/home/mk/dev_ws/install/xarm_msgs/local/lib/python3.10/dist-packages:${PYTHONPATH} /usr/bin/cmake --install /home/mk/dev_ws/build/xarm_api
[2.207s] DEBUG:colcon.colcon_core.event_handler.log_command:Invoked command in '/home/mk/dev_ws/build/yolo_object_detector' returned '0': PYTHONPATH=/home/mk/dev_ws/build/yolo_object_detector/prefix_override:/usr/lib/python3/dist-packages/colcon_core/task/python/colcon_distutils_commands:/home/mk/dev_ws/install/yolo_object_detector/lib/python3.10/site-packages:${PYTHONPATH} /usr/bin/python3 -W ignore:setup.py install is deprecated -W ignore:easy_install command is deprecated setup.py develop --editable --build-directory /home/mk/dev_ws/build/yolo_object_detector/build --no-deps symlink_data
[2.207s] INFO:colcon.colcon_core.shell:Creating environment descriptor '/home/mk/dev_ws/build/yolo_object_detector/share/yolo_object_detector/hook/pythonpath_develop.dsv'
[2.207s] INFO:colcon.colcon_core.shell:Creating environment hook '/home/mk/dev_ws/build/yolo_object_detector/share/yolo_object_detector/hook/pythonpath_develop.sh'
[2.207s] Level 1:colcon.colcon_core.environment:checking '/home/mk/dev_ws/install/yolo_object_detector' for CMake module files
[2.207s] Level 1:colcon.colcon_core.environment:checking '/home/mk/dev_ws/install/yolo_object_detector' for CMake config files
[2.207s] Level 1:colcon.colcon_core.environment:checking '/home/mk/dev_ws/install/yolo_object_detector/lib'
[2.208s] Level 1:colcon.colcon_core.environment:checking '/home/mk/dev_ws/install/yolo_object_detector/bin'
[2.208s] Level 1:colcon.colcon_core.environment:checking '/home/mk/dev_ws/install/yolo_object_detector/lib/pkgconfig/yolo_object_detector.pc'
[2.208s] Level 1:colcon.colcon_core.environment:checking '/home/mk/dev_ws/install/yolo_object_detector/lib/python3.10/site-packages'
[2.208s] Level 1:colcon.colcon_core.shell:create_environment_hook('yolo_object_detector', 'pythonpath')
[2.208s] INFO:colcon.colcon_core.shell:Creating environment hook '/home/mk/dev_ws/install/yolo_object_detector/share/yolo_object_detector/hook/pythonpath.ps1'
[2.208s] INFO:colcon.colcon_core.shell:Creating environment descriptor '/home/mk/dev_ws/install/yolo_object_detector/share/yolo_object_detector/hook/pythonpath.dsv'
[2.208s] INFO:colcon.colcon_core.shell:Creating environment hook '/home/mk/dev_ws/install/yolo_object_detector/share/yolo_object_detector/hook/pythonpath.sh'
[2.209s] Level 1:colcon.colcon_core.environment:checking '/home/mk/dev_ws/install/yolo_object_detector/bin'
[2.209s] Level 1:colcon.colcon_core.environment:create_environment_scripts_only(yolo_object_detector)
[2.209s] INFO:colcon.colcon_core.shell:Creating package script '/home/mk/dev_ws/install/yolo_object_detector/share/yolo_object_detector/package.ps1'
[2.209s] INFO:colcon.colcon_core.shell:Creating package descriptor '/home/mk/dev_ws/install/yolo_object_detector/share/yolo_object_detector/package.dsv'
[2.210s] INFO:colcon.colcon_core.shell:Creating package script '/home/mk/dev_ws/install/yolo_object_detector/share/yolo_object_detector/package.sh'
[2.210s] INFO:colcon.colcon_core.shell:Creating package script '/home/mk/dev_ws/install/yolo_object_detector/share/yolo_object_detector/package.bash'
[2.210s] INFO:colcon.colcon_core.shell:Creating package script '/home/mk/dev_ws/install/yolo_object_detector/share/yolo_object_detector/package.zsh'
[2.210s] Level 1:colcon.colcon_core.environment:create_file_with_runtime_dependencies(/home/mk/dev_ws/install/yolo_object_detector/share/colcon-core/packages/yolo_object_detector)
[2.212s] Level 1:colcon.colcon_core.shell:create_environment_hook('robot_motion_handler_movegroup', 'pythonpath_develop')
[2.212s] INFO:colcon.colcon_core.shell:Creating environment hook '/home/mk/dev_ws/build/robot_motion_handler_movegroup/share/robot_motion_handler_movegroup/hook/pythonpath_develop.ps1'
[2.213s] DEBUG:colcon.colcon_core.event_handler.log_command:Invoking command in '/home/mk/dev_ws/build/audio_listener': PYTHONPATH=/home/mk/dev_ws/build/audio_listener/prefix_override:/usr/lib/python3/dist-packages/colcon_core/task/python/colcon_distutils_commands:/home/mk/dev_ws/install/audio_listener/lib/python3.10/site-packages:${PYTHONPATH} /usr/bin/python3 -W ignore:setup.py install is deprecated -W ignore:easy_install command is deprecated setup.py develop --editable --build-directory /home/mk/dev_ws/build/audio_listener/build --no-deps symlink_data
[2.213s] DEBUG:colcon.colcon_core.event_handler.log_command:Invoked command in '/home/mk/dev_ws/build/robot_motion_handler_movegroup' returned '0': PYTHONPATH=/home/mk/dev_ws/build/robot_motion_handler_movegroup/prefix_override:/usr/lib/python3/dist-packages/colcon_core/task/python/colcon_distutils_commands:/home/mk/dev_ws/install/robot_motion_handler_movegroup/lib/python3.10/site-packages:${PYTHONPATH} /usr/bin/python3 -W ignore:setup.py install is deprecated -W ignore:easy_install command is deprecated setup.py develop --editable --build-directory /home/mk/dev_ws/build/robot_motion_handler_movegroup/build --no-deps symlink_data
[2.213s] INFO:colcon.colcon_core.shell:Creating environment descriptor '/home/mk/dev_ws/build/robot_motion_handler_movegroup/share/robot_motion_handler_movegroup/hook/pythonpath_develop.dsv'
[2.213s] INFO:colcon.colcon_core.shell:Creating environment hook '/home/mk/dev_ws/build/robot_motion_handler_movegroup/share/robot_motion_handler_movegroup/hook/pythonpath_develop.sh'
[2.213s] Level 1:colcon.colcon_core.environment:checking '/home/mk/dev_ws/install/robot_motion_handler_movegroup' for CMake module files
[2.214s] Level 1:colcon.colcon_core.environment:checking '/home/mk/dev_ws/install/robot_motion_handler_movegroup' for CMake config files
[2.214s] Level 1:colcon.colcon_core.environment:checking '/home/mk/dev_ws/install/robot_motion_handler_movegroup/lib'
[2.214s] Level 1:colcon.colcon_core.environment:checking '/home/mk/dev_ws/install/robot_motion_handler_movegroup/bin'
[2.214s] Level 1:colcon.colcon_core.environment:checking '/home/mk/dev_ws/install/robot_motion_handler_movegroup/lib/pkgconfig/robot_motion_handler_movegroup.pc'
[2.214s] Level 1:colcon.colcon_core.environment:checking '/home/mk/dev_ws/install/robot_motion_handler_movegroup/lib/python3.10/site-packages'
[2.214s] Level 1:colcon.colcon_core.shell:create_environment_hook('robot_motion_handler_movegroup', 'pythonpath')
[2.214s] INFO:colcon.colcon_core.shell:Creating environment hook '/home/mk/dev_ws/install/robot_motion_handler_movegroup/share/robot_motion_handler_movegroup/hook/pythonpath.ps1'
[2.214s] INFO:colcon.colcon_core.shell:Creating environment descriptor '/home/mk/dev_ws/install/robot_motion_handler_movegroup/share/robot_motion_handler_movegroup/hook/pythonpath.dsv'
[2.215s] INFO:colcon.colcon_core.shell:Creating environment hook '/home/mk/dev_ws/install/robot_motion_handler_movegroup/share/robot_motion_handler_movegroup/hook/pythonpath.sh'
[2.215s] Level 1:colcon.colcon_core.environment:checking '/home/mk/dev_ws/install/robot_motion_handler_movegroup/bin'
[2.215s] Level 1:colcon.colcon_core.environment:create_environment_scripts_only(robot_motion_handler_movegroup)
[2.215s] INFO:colcon.colcon_core.shell:Creating package script '/home/mk/dev_ws/install/robot_motion_handler_movegroup/share/robot_motion_handler_movegroup/package.ps1'
[2.216s] INFO:colcon.colcon_core.shell:Creating package descriptor '/home/mk/dev_ws/install/robot_motion_handler_movegroup/share/robot_motion_handler_movegroup/package.dsv'
[2.216s] INFO:colcon.colcon_core.shell:Creating package script '/home/mk/dev_ws/install/robot_motion_handler_movegroup/share/robot_motion_handler_movegroup/package.sh'
[2.216s] INFO:colcon.colcon_core.shell:Creating package script '/home/mk/dev_ws/install/robot_motion_handler_movegroup/share/robot_motion_handler_movegroup/package.bash'
[2.216s] INFO:colcon.colcon_core.shell:Creating package script '/home/mk/dev_ws/install/robot_motion_handler_movegroup/share/robot_motion_handler_movegroup/package.zsh'
[2.216s] Level 1:colcon.colcon_core.environment:create_file_with_runtime_dependencies(/home/mk/dev_ws/install/robot_motion_handler_movegroup/share/colcon-core/packages/robot_motion_handler_movegroup)
[2.222s] Level 1:colcon.colcon_core.shell:create_environment_hook('uf_ros_lib', 'pythonpath_develop')
[2.222s] INFO:colcon.colcon_core.shell:Creating environment hook '/home/mk/dev_ws/build/uf_ros_lib/share/uf_ros_lib/hook/pythonpath_develop.ps1'
[2.222s] DEBUG:colcon.colcon_core.event_handler.log_command:Invoked command in '/home/mk/dev_ws/build/uf_ros_lib' returned '0': PYTHONPATH=/home/mk/dev_ws/build/uf_ros_lib/prefix_override:/usr/lib/python3/dist-packages/colcon_core/task/python/colcon_distutils_commands:/home/mk/dev_ws/install/uf_ros_lib/lib/python3.10/site-packages:${PYTHONPATH} /usr/bin/python3 -W ignore:setup.py install is deprecated -W ignore:easy_install command is deprecated setup.py develop --editable --build-directory /home/mk/dev_ws/build/uf_ros_lib/build --no-deps symlink_data
[2.222s] INFO:colcon.colcon_core.shell:Creating environment descriptor '/home/mk/dev_ws/build/uf_ros_lib/share/uf_ros_lib/hook/pythonpath_develop.dsv'
[2.222s] INFO:colcon.colcon_core.shell:Creating environment hook '/home/mk/dev_ws/build/uf_ros_lib/share/uf_ros_lib/hook/pythonpath_develop.sh'
[2.223s] Level 1:colcon.colcon_core.environment:checking '/home/mk/dev_ws/install/uf_ros_lib' for CMake module files
[2.223s] Level 1:colcon.colcon_core.environment:checking '/home/mk/dev_ws/install/uf_ros_lib' for CMake config files
[2.223s] Level 1:colcon.colcon_core.environment:checking '/home/mk/dev_ws/install/uf_ros_lib/lib'
[2.223s] Level 1:colcon.colcon_core.environment:checking '/home/mk/dev_ws/install/uf_ros_lib/bin'
[2.223s] Level 1:colcon.colcon_core.environment:checking '/home/mk/dev_ws/install/uf_ros_lib/lib/pkgconfig/uf_ros_lib.pc'
[2.223s] Level 1:colcon.colcon_core.environment:checking '/home/mk/dev_ws/install/uf_ros_lib/lib/python3.10/site-packages'
[2.223s] Level 1:colcon.colcon_core.shell:create_environment_hook('uf_ros_lib', 'pythonpath')
[2.223s] INFO:colcon.colcon_core.shell:Creating environment hook '/home/mk/dev_ws/install/uf_ros_lib/share/uf_ros_lib/hook/pythonpath.ps1'
[2.224s] INFO:colcon.colcon_core.shell:Creating environment descriptor '/home/mk/dev_ws/install/uf_ros_lib/share/uf_ros_lib/hook/pythonpath.dsv'
[2.224s] INFO:colcon.colcon_core.shell:Creating environment hook '/home/mk/dev_ws/install/uf_ros_lib/share/uf_ros_lib/hook/pythonpath.sh'
[2.224s] Level 1:colcon.colcon_core.environment:checking '/home/mk/dev_ws/install/uf_ros_lib/bin'
[2.224s] Level 1:colcon.colcon_core.environment:create_environment_scripts_only(uf_ros_lib)
[2.224s] INFO:colcon.colcon_core.shell:Creating package script '/home/mk/dev_ws/install/uf_ros_lib/share/uf_ros_lib/package.ps1'
[2.225s] INFO:colcon.colcon_core.shell:Creating package descriptor '/home/mk/dev_ws/install/uf_ros_lib/share/uf_ros_lib/package.dsv'
[2.225s] INFO:colcon.colcon_core.shell:Creating package script '/home/mk/dev_ws/install/uf_ros_lib/share/uf_ros_lib/package.sh'
[2.225s] INFO:colcon.colcon_core.shell:Creating package script '/home/mk/dev_ws/install/uf_ros_lib/share/uf_ros_lib/package.bash'
[2.225s] INFO:colcon.colcon_core.shell:Creating package script '/home/mk/dev_ws/install/uf_ros_lib/share/uf_ros_lib/package.zsh'
[2.225s] Level 1:colcon.colcon_core.environment:create_file_with_runtime_dependencies(/home/mk/dev_ws/install/uf_ros_lib/share/colcon-core/packages/uf_ros_lib)
[2.226s] DEBUG:colcon.colcon_core.event_handler.log_command:Invoked command in '/home/mk/dev_ws/build/rviz_robot_control_panel' returned '0': AMENT_PREFIX_PATH=/home/mk/dev_ws/install/xarm_msgs:${AMENT_PREFIX_PATH} CMAKE_PREFIX_PATH=/home/mk/dev_ws/install/xarm_msgs:/opt/ros/humble LD_LIBRARY_PATH=/home/mk/dev_ws/install/xarm_msgs/lib:${LD_LIBRARY_PATH} PYTHONPATH=/home/mk/dev_ws/install/xarm_msgs/local/lib/python3.10/dist-packages:${PYTHONPATH} /usr/bin/cmake --build /home/mk/dev_ws/build/rviz_robot_control_panel -- -j20 -l20
[2.227s] DEBUG:colcon.colcon_core.event_handler.log_command:Invoking command in '/home/mk/dev_ws/build/rviz_robot_control_panel': AMENT_PREFIX_PATH=/home/mk/dev_ws/install/xarm_msgs:${AMENT_PREFIX_PATH} CMAKE_PREFIX_PATH=/home/mk/dev_ws/install/xarm_msgs:/opt/ros/humble LD_LIBRARY_PATH=/home/mk/dev_ws/install/xarm_msgs/lib:${LD_LIBRARY_PATH} PYTHONPATH=/home/mk/dev_ws/install/xarm_msgs/local/lib/python3.10/dist-packages:${PYTHONPATH} /usr/bin/cmake --install /home/mk/dev_ws/build/rviz_robot_control_panel
[2.229s] Level 1:colcon.colcon_core.environment:create_environment_scripts_only(zed_components)
[2.229s] Level 1:colcon.colcon_core.environment:checking '/home/mk/dev_ws/install/zed_components' for CMake module files
[2.230s] DEBUG:colcon.colcon_core.event_handler.log_command:Invoked command in '/home/mk/dev_ws/build/zed_components' returned '0': AMENT_PREFIX_PATH=/home/mk/dev_ws/install/zed_interfaces:${AMENT_PREFIX_PATH} CMAKE_PREFIX_PATH=/home/mk/dev_ws/install/zed_interfaces:/opt/ros/humble LD_LIBRARY_PATH=/home/mk/dev_ws/install/zed_interfaces/lib:${LD_LIBRARY_PATH} PYTHONPATH=/home/mk/dev_ws/install/zed_interfaces/local/lib/python3.10/dist-packages:${PYTHONPATH} /usr/bin/cmake --install /home/mk/dev_ws/build/zed_components
[2.230s] Level 1:colcon.colcon_core.environment:checking '/home/mk/dev_ws/install/zed_components' for CMake config files
[2.230s] Level 1:colcon.colcon_core.shell:create_environment_hook('zed_components', 'cmake_prefix_path')
[2.230s] INFO:colcon.colcon_core.shell:Creating environment hook '/home/mk/dev_ws/install/zed_components/share/zed_components/hook/cmake_prefix_path.ps1'
[2.230s] INFO:colcon.colcon_core.shell:Creating environment descriptor '/home/mk/dev_ws/install/zed_components/share/zed_components/hook/cmake_prefix_path.dsv'
[2.231s] INFO:colcon.colcon_core.shell:Creating environment hook '/home/mk/dev_ws/install/zed_components/share/zed_components/hook/cmake_prefix_path.sh'
[2.231s] Level 1:colcon.colcon_core.environment:checking '/home/mk/dev_ws/install/zed_components/lib'
[2.231s] Level 1:colcon.colcon_core.shell:create_environment_hook('zed_components', 'ld_library_path_lib')
[2.231s] INFO:colcon.colcon_core.shell:Creating environment hook '/home/mk/dev_ws/install/zed_components/share/zed_components/hook/ld_library_path_lib.ps1'
[2.231s] INFO:colcon.colcon_core.shell:Creating environment descriptor '/home/mk/dev_ws/install/zed_components/share/zed_components/hook/ld_library_path_lib.dsv'
[2.231s] INFO:colcon.colcon_core.shell:Creating environment hook '/home/mk/dev_ws/install/zed_components/share/zed_components/hook/ld_library_path_lib.sh'
[2.232s] Level 1:colcon.colcon_core.environment:checking '/home/mk/dev_ws/install/zed_components/bin'
[2.232s] Level 1:colcon.colcon_core.environment:checking '/home/mk/dev_ws/install/zed_components/lib/pkgconfig/zed_components.pc'
[2.232s] Level 1:colcon.colcon_core.environment:checking '/home/mk/dev_ws/install/zed_components/lib/python3.10/site-packages'
[2.232s] Level 1:colcon.colcon_core.environment:checking '/home/mk/dev_ws/install/zed_components/bin'
[2.232s] INFO:colcon.colcon_core.shell:Creating package script '/home/mk/dev_ws/install/zed_components/share/zed_components/package.ps1'
[2.232s] INFO:colcon.colcon_core.shell:Creating package descriptor '/home/mk/dev_ws/install/zed_components/share/zed_components/package.dsv'
[2.233s] INFO:colcon.colcon_core.shell:Creating package script '/home/mk/dev_ws/install/zed_components/share/zed_components/package.sh'
[2.233s] INFO:colcon.colcon_core.shell:Creating package script '/home/mk/dev_ws/install/zed_components/share/zed_components/package.bash'
[2.233s] INFO:colcon.colcon_core.shell:Creating package script '/home/mk/dev_ws/install/zed_components/share/zed_components/package.zsh'
[2.236s] Level 1:colcon.colcon_core.environment:create_file_with_runtime_dependencies(/home/mk/dev_ws/install/zed_components/share/colcon-core/packages/zed_components)
[2.238s] Level 1:colcon.colcon_core.environment:create_environment_scripts_only(zed_components)
[2.238s] Level 1:colcon.colcon_core.environment:checking '/home/mk/dev_ws/install/zed_components' for CMake module files
[2.239s] Level 1:colcon.colcon_core.environment:checking '/home/mk/dev_ws/install/zed_components' for CMake config files
[2.239s] Level 1:colcon.colcon_core.shell:create_environment_hook('zed_components', 'cmake_prefix_path')
[2.240s] INFO:colcon.colcon_core.shell:Creating environment hook '/home/mk/dev_ws/install/zed_components/share/zed_components/hook/cmake_prefix_path.ps1'
[2.240s] INFO:colcon.colcon_core.shell:Creating environment descriptor '/home/mk/dev_ws/install/zed_components/share/zed_components/hook/cmake_prefix_path.dsv'
[2.240s] INFO:colcon.colcon_core.shell:Creating environment hook '/home/mk/dev_ws/install/zed_components/share/zed_components/hook/cmake_prefix_path.sh'
[2.241s] Level 1:colcon.colcon_core.environment:checking '/home/mk/dev_ws/install/zed_components/lib'
[2.241s] Level 1:colcon.colcon_core.shell:create_environment_hook('zed_components', 'ld_library_path_lib')
[2.241s] INFO:colcon.colcon_core.shell:Creating environment hook '/home/mk/dev_ws/install/zed_components/share/zed_components/hook/ld_library_path_lib.ps1'
[2.241s] INFO:colcon.colcon_core.shell:Creating environment descriptor '/home/mk/dev_ws/install/zed_components/share/zed_components/hook/ld_library_path_lib.dsv'
[2.242s] INFO:colcon.colcon_core.shell:Creating environment hook '/home/mk/dev_ws/install/zed_components/share/zed_components/hook/ld_library_path_lib.sh'
[2.242s] Level 1:colcon.colcon_core.environment:checking '/home/mk/dev_ws/install/zed_components/bin'
[2.242s] Level 1:colcon.colcon_core.environment:checking '/home/mk/dev_ws/install/zed_components/lib/pkgconfig/zed_components.pc'
[2.242s] Level 1:colcon.colcon_core.environment:checking '/home/mk/dev_ws/install/zed_components/lib/python3.10/site-packages'
[2.243s] Level 1:colcon.colcon_core.environment:checking '/home/mk/dev_ws/install/zed_components/bin'
[2.243s] INFO:colcon.colcon_core.shell:Creating package script '/home/mk/dev_ws/install/zed_components/share/zed_components/package.ps1'
[2.243s] INFO:colcon.colcon_core.shell:Creating package descriptor '/home/mk/dev_ws/install/zed_components/share/zed_components/package.dsv'
[2.244s] INFO:colcon.colcon_core.shell:Creating package script '/home/mk/dev_ws/install/zed_components/share/zed_components/package.sh'
[2.244s] INFO:colcon.colcon_core.shell:Creating package script '/home/mk/dev_ws/install/zed_components/share/zed_components/package.bash'
[2.245s] INFO:colcon.colcon_core.shell:Creating package script '/home/mk/dev_ws/install/zed_components/share/zed_components/package.zsh'
[2.245s] Level 1:colcon.colcon_core.environment:create_file_with_runtime_dependencies(/home/mk/dev_ws/install/zed_components/share/colcon-core/packages/zed_components)
[2.245s] Level 1:colcon.colcon_core.environment:create_environment_scripts_only(whisper_util)
[2.246s] Level 1:colcon.colcon_core.environment:checking '/home/mk/dev_ws/install/whisper_util' for CMake module files
[2.246s] DEBUG:colcon.colcon_core.event_handler.log_command:Invoked command in '/home/mk/dev_ws/build/whisper_util' returned '0': AMENT_PREFIX_PATH=/home/mk/dev_ws/install/whisper_cpp_vendor:${AMENT_PREFIX_PATH} CMAKE_PREFIX_PATH=/home/mk/dev_ws/install/whisper_cpp_vendor:/opt/ros/humble LD_LIBRARY_PATH=/home/mk/dev_ws/install/whisper_cpp_vendor/lib:${LD_LIBRARY_PATH} /usr/bin/cmake --install /home/mk/dev_ws/build/whisper_util
[2.247s] Level 1:colcon.colcon_core.environment:checking '/home/mk/dev_ws/install/whisper_util' for CMake config files
[2.247s] Level 1:colcon.colcon_core.shell:create_environment_hook('whisper_util', 'cmake_prefix_path')
[2.248s] INFO:colcon.colcon_core.shell:Creating environment hook '/home/mk/dev_ws/install/whisper_util/share/whisper_util/hook/cmake_prefix_path.ps1'
[2.248s] INFO:colcon.colcon_core.shell:Creating environment descriptor '/home/mk/dev_ws/install/whisper_util/share/whisper_util/hook/cmake_prefix_path.dsv'
[2.248s] INFO:colcon.colcon_core.shell:Creating environment hook '/home/mk/dev_ws/install/whisper_util/share/whisper_util/hook/cmake_prefix_path.sh'
[2.249s] Level 1:colcon.colcon_core.environment:checking '/home/mk/dev_ws/install/whisper_util/lib'
[2.249s] Level 1:colcon.colcon_core.shell:create_environment_hook('whisper_util', 'ld_library_path_lib')
[2.249s] INFO:colcon.colcon_core.shell:Creating environment hook '/home/mk/dev_ws/install/whisper_util/share/whisper_util/hook/ld_library_path_lib.ps1'
[2.250s] INFO:colcon.colcon_core.shell:Creating environment descriptor '/home/mk/dev_ws/install/whisper_util/share/whisper_util/hook/ld_library_path_lib.dsv'
[2.250s] INFO:colcon.colcon_core.shell:Creating environment hook '/home/mk/dev_ws/install/whisper_util/share/whisper_util/hook/ld_library_path_lib.sh'
[2.250s] Level 1:colcon.colcon_core.environment:checking '/home/mk/dev_ws/install/whisper_util/bin'
[2.250s] Level 1:colcon.colcon_core.environment:checking '/home/mk/dev_ws/install/whisper_util/lib/pkgconfig/whisper_util.pc'
[2.251s] Level 1:colcon.colcon_core.environment:checking '/home/mk/dev_ws/install/whisper_util/lib/python3.10/site-packages'
[2.251s] Level 1:colcon.colcon_core.environment:checking '/home/mk/dev_ws/install/whisper_util/bin'
[2.252s] INFO:colcon.colcon_core.shell:Creating package script '/home/mk/dev_ws/install/whisper_util/share/whisper_util/package.ps1'
[2.252s] INFO:colcon.colcon_core.shell:Creating package descriptor '/home/mk/dev_ws/install/whisper_util/share/whisper_util/package.dsv'
[2.253s] INFO:colcon.colcon_core.shell:Creating package script '/home/mk/dev_ws/install/whisper_util/share/whisper_util/package.sh'
[2.253s] INFO:colcon.colcon_core.shell:Creating package script '/home/mk/dev_ws/install/whisper_util/share/whisper_util/package.bash'
[2.253s] INFO:colcon.colcon_core.shell:Creating package script '/home/mk/dev_ws/install/whisper_util/share/whisper_util/package.zsh'
[2.254s] Level 1:colcon.colcon_core.environment:create_file_with_runtime_dependencies(/home/mk/dev_ws/install/whisper_util/share/colcon-core/packages/whisper_util)
[2.254s] Level 1:colcon.colcon_core.environment:create_environment_scripts_only(whisper_util)
[2.254s] Level 1:colcon.colcon_core.environment:checking '/home/mk/dev_ws/install/whisper_util' for CMake module files
[2.255s] Level 1:colcon.colcon_core.environment:checking '/home/mk/dev_ws/install/whisper_util' for CMake config files
[2.255s] Level 1:colcon.colcon_core.shell:create_environment_hook('whisper_util', 'cmake_prefix_path')
[2.255s] INFO:colcon.colcon_core.shell:Creating environment hook '/home/mk/dev_ws/install/whisper_util/share/whisper_util/hook/cmake_prefix_path.ps1'
[2.256s] INFO:colcon.colcon_core.shell:Creating environment descriptor '/home/mk/dev_ws/install/whisper_util/share/whisper_util/hook/cmake_prefix_path.dsv'
[2.256s] INFO:colcon.colcon_core.shell:Creating environment hook '/home/mk/dev_ws/install/whisper_util/share/whisper_util/hook/cmake_prefix_path.sh'
[2.257s] Level 1:colcon.colcon_core.environment:checking '/home/mk/dev_ws/install/whisper_util/lib'
[2.257s] Level 1:colcon.colcon_core.shell:create_environment_hook('whisper_util', 'ld_library_path_lib')
[2.257s] INFO:colcon.colcon_core.shell:Creating environment hook '/home/mk/dev_ws/install/whisper_util/share/whisper_util/hook/ld_library_path_lib.ps1'
[2.258s] INFO:colcon.colcon_core.shell:Creating environment descriptor '/home/mk/dev_ws/install/whisper_util/share/whisper_util/hook/ld_library_path_lib.dsv'
[2.258s] INFO:colcon.colcon_core.shell:Creating environment hook '/home/mk/dev_ws/install/whisper_util/share/whisper_util/hook/ld_library_path_lib.sh'
[2.258s] Level 1:colcon.colcon_core.environment:checking '/home/mk/dev_ws/install/whisper_util/bin'
[2.258s] Level 1:colcon.colcon_core.environment:checking '/home/mk/dev_ws/install/whisper_util/lib/pkgconfig/whisper_util.pc'
[2.259s] Level 1:colcon.colcon_core.environment:checking '/home/mk/dev_ws/install/whisper_util/lib/python3.10/site-packages'
[2.259s] Level 1:colcon.colcon_core.environment:checking '/home/mk/dev_ws/install/whisper_util/bin'
[2.259s] INFO:colcon.colcon_core.shell:Creating package script '/home/mk/dev_ws/install/whisper_util/share/whisper_util/package.ps1'
[2.260s] INFO:colcon.colcon_core.shell:Creating package descriptor '/home/mk/dev_ws/install/whisper_util/share/whisper_util/package.dsv'
[2.260s] INFO:colcon.colcon_core.shell:Creating package script '/home/mk/dev_ws/install/whisper_util/share/whisper_util/package.sh'
[2.261s] INFO:colcon.colcon_core.shell:Creating package script '/home/mk/dev_ws/install/whisper_util/share/whisper_util/package.bash'
[2.261s] INFO:colcon.colcon_core.shell:Creating package script '/home/mk/dev_ws/install/whisper_util/share/whisper_util/package.zsh'
[2.262s] Level 1:colcon.colcon_core.environment:create_file_with_runtime_dependencies(/home/mk/dev_ws/install/whisper_util/share/colcon-core/packages/whisper_util)
[2.263s] INFO:colcon.colcon_ros.task.ament_cmake.build:Building ROS package in '/home/mk/dev_ws/src/ros2_whisper/whisper_server' with build type 'ament_cmake'
[2.263s] INFO:colcon.colcon_cmake.task.cmake.build:Building CMake package in '/home/mk/dev_ws/src/ros2_whisper/whisper_server'
[2.263s] INFO:colcon.colcon_core.shell:Skip shell extension 'powershell' for command environment: Not usable outside of PowerShell
[2.263s] DEBUG:colcon.colcon_core.shell:Skip shell extension 'dsv' for command environment
[2.266s] INFO:colcon.colcon_ros.task.ament_cmake.build:Building ROS package in '/home/mk/dev_ws/src/zed-ros2-wrapper/zed_wrapper' with build type 'ament_cmake'
[2.266s] INFO:colcon.colcon_cmake.task.cmake.build:Building CMake package in '/home/mk/dev_ws/src/zed-ros2-wrapper/zed_wrapper'
[2.266s] INFO:colcon.colcon_core.shell:Skip shell extension 'powershell' for command environment: Not usable outside of PowerShell
[2.267s] DEBUG:colcon.colcon_core.shell:Skip shell extension 'dsv' for command environment
[2.269s] INFO:colcon.colcon_ros.task.ament_cmake.build:Building ROS package in '/home/mk/dev_ws/src/ros2_whisper/transcript_manager' with build type 'ament_cmake'
[2.270s] INFO:colcon.colcon_cmake.task.cmake.build:Building CMake package in '/home/mk/dev_ws/src/ros2_whisper/transcript_manager'
[2.270s] INFO:colcon.colcon_core.shell:Skip shell extension 'powershell' for command environment: Not usable outside of PowerShell
[2.270s] DEBUG:colcon.colcon_core.shell:Skip shell extension 'dsv' for command environment
[2.273s] Level 1:colcon.colcon_core.environment:create_environment_scripts_only(xarm_api)
[2.273s] Level 1:colcon.colcon_core.environment:checking '/home/mk/dev_ws/install/xarm_api' for CMake module files
[2.274s] DEBUG:colcon.colcon_core.event_handler.log_command:Invoked command in '/home/mk/dev_ws/build/xarm_api' returned '0': AMENT_PREFIX_PATH=/home/mk/dev_ws/install/xarm_sdk:/home/mk/dev_ws/install/xarm_msgs:/home/mk/dev_ws/install/xarm_description:${AMENT_PREFIX_PATH} CMAKE_PREFIX_PATH=/home/mk/dev_ws/install/xarm_sdk:/home/mk/dev_ws/install/xarm_msgs:/home/mk/dev_ws/install/xarm_description:/opt/ros/humble LD_LIBRARY_PATH=/home/mk/dev_ws/install/xarm_sdk/lib:/home/mk/dev_ws/install/xarm_msgs/lib:${LD_LIBRARY_PATH} PYTHONPATH=/home/mk/dev_ws/install/xarm_msgs/local/lib/python3.10/dist-packages:${PYTHONPATH} /usr/bin/cmake --install /home/mk/dev_ws/build/xarm_api
[2.274s] Level 1:colcon.colcon_core.environment:checking '/home/mk/dev_ws/install/xarm_api' for CMake config files
[2.275s] Level 1:colcon.colcon_core.shell:create_environment_hook('xarm_api', 'cmake_prefix_path')
[2.275s] INFO:colcon.colcon_core.shell:Creating environment hook '/home/mk/dev_ws/install/xarm_api/share/xarm_api/hook/cmake_prefix_path.ps1'
[2.275s] INFO:colcon.colcon_core.shell:Creating environment descriptor '/home/mk/dev_ws/install/xarm_api/share/xarm_api/hook/cmake_prefix_path.dsv'
[2.276s] INFO:colcon.colcon_core.shell:Creating environment hook '/home/mk/dev_ws/install/xarm_api/share/xarm_api/hook/cmake_prefix_path.sh'
[2.276s] Level 1:colcon.colcon_core.environment:checking '/home/mk/dev_ws/install/xarm_api/lib'
[2.276s] Level 1:colcon.colcon_core.shell:create_environment_hook('xarm_api', 'ld_library_path_lib')
[2.277s] INFO:colcon.colcon_core.shell:Creating environment hook '/home/mk/dev_ws/install/xarm_api/share/xarm_api/hook/ld_library_path_lib.ps1'
[2.277s] INFO:colcon.colcon_core.shell:Creating environment descriptor '/home/mk/dev_ws/install/xarm_api/share/xarm_api/hook/ld_library_path_lib.dsv'
[2.277s] INFO:colcon.colcon_core.shell:Creating environment hook '/home/mk/dev_ws/install/xarm_api/share/xarm_api/hook/ld_library_path_lib.sh'
[2.278s] Level 1:colcon.colcon_core.environment:checking '/home/mk/dev_ws/install/xarm_api/bin'
[2.278s] Level 1:colcon.colcon_core.environment:checking '/home/mk/dev_ws/install/xarm_api/lib/pkgconfig/xarm_api.pc'
[2.278s] Level 1:colcon.colcon_core.environment:checking '/home/mk/dev_ws/install/xarm_api/lib/python3.10/site-packages'
[2.278s] Level 1:colcon.colcon_core.environment:checking '/home/mk/dev_ws/install/xarm_api/bin'
[2.279s] INFO:colcon.colcon_core.shell:Creating package script '/home/mk/dev_ws/install/xarm_api/share/xarm_api/package.ps1'
[2.279s] INFO:colcon.colcon_core.shell:Creating package descriptor '/home/mk/dev_ws/install/xarm_api/share/xarm_api/package.dsv'
[2.280s] INFO:colcon.colcon_core.shell:Creating package script '/home/mk/dev_ws/install/xarm_api/share/xarm_api/package.sh'
[2.280s] INFO:colcon.colcon_core.shell:Creating package script '/home/mk/dev_ws/install/xarm_api/share/xarm_api/package.bash'
[2.280s] INFO:colcon.colcon_core.shell:Creating package script '/home/mk/dev_ws/install/xarm_api/share/xarm_api/package.zsh'
[2.281s] Level 1:colcon.colcon_core.environment:create_file_with_runtime_dependencies(/home/mk/dev_ws/install/xarm_api/share/colcon-core/packages/xarm_api)
[2.281s] Level 1:colcon.colcon_core.environment:create_environment_scripts_only(xarm_api)
[2.282s] Level 1:colcon.colcon_core.environment:checking '/home/mk/dev_ws/install/xarm_api' for CMake module files
[2.282s] Level 1:colcon.colcon_core.environment:checking '/home/mk/dev_ws/install/xarm_api' for CMake config files
[2.282s] Level 1:colcon.colcon_core.shell:create_environment_hook('xarm_api', 'cmake_prefix_path')
[2.283s] INFO:colcon.colcon_core.shell:Creating environment hook '/home/mk/dev_ws/install/xarm_api/share/xarm_api/hook/cmake_prefix_path.ps1'
[2.283s] INFO:colcon.colcon_core.shell:Creating environment descriptor '/home/mk/dev_ws/install/xarm_api/share/xarm_api/hook/cmake_prefix_path.dsv'
[2.283s] INFO:colcon.colcon_core.shell:Creating environment hook '/home/mk/dev_ws/install/xarm_api/share/xarm_api/hook/cmake_prefix_path.sh'
[2.284s] Level 1:colcon.colcon_core.environment:checking '/home/mk/dev_ws/install/xarm_api/lib'
[2.284s] Level 1:colcon.colcon_core.shell:create_environment_hook('xarm_api', 'ld_library_path_lib')
[2.284s] INFO:colcon.colcon_core.shell:Creating environment hook '/home/mk/dev_ws/install/xarm_api/share/xarm_api/hook/ld_library_path_lib.ps1'
[2.284s] INFO:colcon.colcon_core.shell:Creating environment descriptor '/home/mk/dev_ws/install/xarm_api/share/xarm_api/hook/ld_library_path_lib.dsv'
[2.285s] INFO:colcon.colcon_core.shell:Creating environment hook '/home/mk/dev_ws/install/xarm_api/share/xarm_api/hook/ld_library_path_lib.sh'
[2.285s] Level 1:colcon.colcon_core.environment:checking '/home/mk/dev_ws/install/xarm_api/bin'
[2.285s] Level 1:colcon.colcon_core.environment:checking '/home/mk/dev_ws/install/xarm_api/lib/pkgconfig/xarm_api.pc'
[2.285s] Level 1:colcon.colcon_core.environment:checking '/home/mk/dev_ws/install/xarm_api/lib/python3.10/site-packages'
[2.286s] Level 1:colcon.colcon_core.environment:checking '/home/mk/dev_ws/install/xarm_api/bin'
[2.286s] INFO:colcon.colcon_core.shell:Creating package script '/home/mk/dev_ws/install/xarm_api/share/xarm_api/package.ps1'
[2.287s] INFO:colcon.colcon_core.shell:Creating package descriptor '/home/mk/dev_ws/install/xarm_api/share/xarm_api/package.dsv'
[2.287s] INFO:colcon.colcon_core.shell:Creating package script '/home/mk/dev_ws/install/xarm_api/share/xarm_api/package.sh'
[2.287s] INFO:colcon.colcon_core.shell:Creating package script '/home/mk/dev_ws/install/xarm_api/share/xarm_api/package.bash'
[2.288s] INFO:colcon.colcon_core.shell:Creating package script '/home/mk/dev_ws/install/xarm_api/share/xarm_api/package.zsh'
[2.288s] Level 1:colcon.colcon_core.environment:create_file_with_runtime_dependencies(/home/mk/dev_ws/install/xarm_api/share/colcon-core/packages/xarm_api)
[2.289s] INFO:colcon.colcon_ros.task.ament_cmake.build:Building ROS package in '/home/mk/dev_ws/src/xarm_ros2/xarm_controller' with build type 'ament_cmake'
[2.289s] INFO:colcon.colcon_cmake.task.cmake.build:Building CMake package in '/home/mk/dev_ws/src/xarm_ros2/xarm_controller'
[2.290s] INFO:colcon.colcon_core.shell:Skip shell extension 'powershell' for command environment: Not usable outside of PowerShell
[2.290s] DEBUG:colcon.colcon_core.shell:Skip shell extension 'dsv' for command environment
[2.293s] Level 1:colcon.colcon_core.environment:create_environment_scripts_only(rviz_robot_control_panel)
[2.294s] Level 1:colcon.colcon_core.environment:checking '/home/mk/dev_ws/install/rviz_robot_control_panel' for CMake module files
[2.294s] DEBUG:colcon.colcon_core.event_handler.log_command:Invoked command in '/home/mk/dev_ws/build/rviz_robot_control_panel' returned '0': AMENT_PREFIX_PATH=/home/mk/dev_ws/install/xarm_msgs:${AMENT_PREFIX_PATH} CMAKE_PREFIX_PATH=/home/mk/dev_ws/install/xarm_msgs:/opt/ros/humble LD_LIBRARY_PATH=/home/mk/dev_ws/install/xarm_msgs/lib:${LD_LIBRARY_PATH} PYTHONPATH=/home/mk/dev_ws/install/xarm_msgs/local/lib/python3.10/dist-packages:${PYTHONPATH} /usr/bin/cmake --install /home/mk/dev_ws/build/rviz_robot_control_panel
[2.294s] Level 1:colcon.colcon_core.environment:checking '/home/mk/dev_ws/install/rviz_robot_control_panel' for CMake config files
[2.294s] Level 1:colcon.colcon_core.shell:create_environment_hook('rviz_robot_control_panel', 'cmake_prefix_path')
[2.294s] INFO:colcon.colcon_core.shell:Creating environment hook '/home/mk/dev_ws/install/rviz_robot_control_panel/share/rviz_robot_control_panel/hook/cmake_prefix_path.ps1'
[2.295s] INFO:colcon.colcon_core.shell:Creating environment descriptor '/home/mk/dev_ws/install/rviz_robot_control_panel/share/rviz_robot_control_panel/hook/cmake_prefix_path.dsv'
[2.295s] INFO:colcon.colcon_core.shell:Creating environment hook '/home/mk/dev_ws/install/rviz_robot_control_panel/share/rviz_robot_control_panel/hook/cmake_prefix_path.sh'
[2.295s] Level 1:colcon.colcon_core.environment:checking '/home/mk/dev_ws/install/rviz_robot_control_panel/lib'
[2.295s] Level 1:colcon.colcon_core.shell:create_environment_hook('rviz_robot_control_panel', 'ld_library_path_lib')
[2.295s] INFO:colcon.colcon_core.shell:Creating environment hook '/home/mk/dev_ws/install/rviz_robot_control_panel/share/rviz_robot_control_panel/hook/ld_library_path_lib.ps1'
[2.295s] INFO:colcon.colcon_core.shell:Creating environment descriptor '/home/mk/dev_ws/install/rviz_robot_control_panel/share/rviz_robot_control_panel/hook/ld_library_path_lib.dsv'
[2.296s] INFO:colcon.colcon_core.shell:Creating environment hook '/home/mk/dev_ws/install/rviz_robot_control_panel/share/rviz_robot_control_panel/hook/ld_library_path_lib.sh'
[2.296s] Level 1:colcon.colcon_core.environment:checking '/home/mk/dev_ws/install/rviz_robot_control_panel/bin'
[2.296s] Level 1:colcon.colcon_core.environment:checking '/home/mk/dev_ws/install/rviz_robot_control_panel/lib/pkgconfig/rviz_robot_control_panel.pc'
[2.296s] Level 1:colcon.colcon_core.environment:checking '/home/mk/dev_ws/install/rviz_robot_control_panel/lib/python3.10/site-packages'
[2.296s] Level 1:colcon.colcon_core.environment:checking '/home/mk/dev_ws/install/rviz_robot_control_panel/bin'
[2.296s] INFO:colcon.colcon_core.shell:Creating package script '/home/mk/dev_ws/install/rviz_robot_control_panel/share/rviz_robot_control_panel/package.ps1'
[2.296s] INFO:colcon.colcon_core.shell:Creating package descriptor '/home/mk/dev_ws/install/rviz_robot_control_panel/share/rviz_robot_control_panel/package.dsv'
[2.297s] INFO:colcon.colcon_core.shell:Creating package script '/home/mk/dev_ws/install/rviz_robot_control_panel/share/rviz_robot_control_panel/package.sh'
[2.297s] INFO:colcon.colcon_core.shell:Creating package script '/home/mk/dev_ws/install/rviz_robot_control_panel/share/rviz_robot_control_panel/package.bash'
[2.297s] INFO:colcon.colcon_core.shell:Creating package script '/home/mk/dev_ws/install/rviz_robot_control_panel/share/rviz_robot_control_panel/package.zsh'
[2.297s] Level 1:colcon.colcon_core.environment:create_file_with_runtime_dependencies(/home/mk/dev_ws/install/rviz_robot_control_panel/share/colcon-core/packages/rviz_robot_control_panel)
[2.297s] Level 1:colcon.colcon_core.environment:create_environment_scripts_only(rviz_robot_control_panel)
[2.298s] Level 1:colcon.colcon_core.environment:checking '/home/mk/dev_ws/install/rviz_robot_control_panel' for CMake module files
[2.298s] Level 1:colcon.colcon_core.environment:checking '/home/mk/dev_ws/install/rviz_robot_control_panel' for CMake config files
[2.298s] Level 1:colcon.colcon_core.shell:create_environment_hook('rviz_robot_control_panel', 'cmake_prefix_path')
[2.298s] INFO:colcon.colcon_core.shell:Creating environment hook '/home/mk/dev_ws/install/rviz_robot_control_panel/share/rviz_robot_control_panel/hook/cmake_prefix_path.ps1'
[2.298s] INFO:colcon.colcon_core.shell:Creating environment descriptor '/home/mk/dev_ws/install/rviz_robot_control_panel/share/rviz_robot_control_panel/hook/cmake_prefix_path.dsv'
[2.298s] INFO:colcon.colcon_core.shell:Creating environment hook '/home/mk/dev_ws/install/rviz_robot_control_panel/share/rviz_robot_control_panel/hook/cmake_prefix_path.sh'
[2.299s] Level 1:colcon.colcon_core.environment:checking '/home/mk/dev_ws/install/rviz_robot_control_panel/lib'
[2.299s] Level 1:colcon.colcon_core.shell:create_environment_hook('rviz_robot_control_panel', 'ld_library_path_lib')
[2.299s] INFO:colcon.colcon_core.shell:Creating environment hook '/home/mk/dev_ws/install/rviz_robot_control_panel/share/rviz_robot_control_panel/hook/ld_library_path_lib.ps1'
[2.299s] INFO:colcon.colcon_core.shell:Creating environment descriptor '/home/mk/dev_ws/install/rviz_robot_control_panel/share/rviz_robot_control_panel/hook/ld_library_path_lib.dsv'
[2.299s] INFO:colcon.colcon_core.shell:Creating environment hook '/home/mk/dev_ws/install/rviz_robot_control_panel/share/rviz_robot_control_panel/hook/ld_library_path_lib.sh'
[2.299s] Level 1:colcon.colcon_core.environment:checking '/home/mk/dev_ws/install/rviz_robot_control_panel/bin'
[2.299s] Level 1:colcon.colcon_core.environment:checking '/home/mk/dev_ws/install/rviz_robot_control_panel/lib/pkgconfig/rviz_robot_control_panel.pc'
[2.299s] Level 1:colcon.colcon_core.environment:checking '/home/mk/dev_ws/install/rviz_robot_control_panel/lib/python3.10/site-packages'
[2.300s] Level 1:colcon.colcon_core.environment:checking '/home/mk/dev_ws/install/rviz_robot_control_panel/bin'
[2.300s] INFO:colcon.colcon_core.shell:Creating package script '/home/mk/dev_ws/install/rviz_robot_control_panel/share/rviz_robot_control_panel/package.ps1'
[2.300s] INFO:colcon.colcon_core.shell:Creating package descriptor '/home/mk/dev_ws/install/rviz_robot_control_panel/share/rviz_robot_control_panel/package.dsv'
[2.300s] INFO:colcon.colcon_core.shell:Creating package script '/home/mk/dev_ws/install/rviz_robot_control_panel/share/rviz_robot_control_panel/package.sh'
[2.301s] INFO:colcon.colcon_core.shell:Creating package script '/home/mk/dev_ws/install/rviz_robot_control_panel/share/rviz_robot_control_panel/package.bash'
[2.301s] INFO:colcon.colcon_core.shell:Creating package script '/home/mk/dev_ws/install/rviz_robot_control_panel/share/rviz_robot_control_panel/package.zsh'
[2.301s] Level 1:colcon.colcon_core.environment:create_file_with_runtime_dependencies(/home/mk/dev_ws/install/rviz_robot_control_panel/share/colcon-core/packages/rviz_robot_control_panel)
[2.303s] DEBUG:colcon.colcon_core.event_handler.log_command:Invoking command in '/home/mk/dev_ws/build/whisper_server': AMENT_PREFIX_PATH=/home/mk/dev_ws/install/whisper_util:/home/mk/dev_ws/install/whisper_idl:/home/mk/dev_ws/install/whisper_cpp_vendor:${AMENT_PREFIX_PATH} CMAKE_PREFIX_PATH=/home/mk/dev_ws/install/whisper_util:/home/mk/dev_ws/install/whisper_idl:/home/mk/dev_ws/install/whisper_cpp_vendor:/opt/ros/humble LD_LIBRARY_PATH=/home/mk/dev_ws/install/whisper_util/lib:/home/mk/dev_ws/install/whisper_idl/lib:/home/mk/dev_ws/install/whisper_cpp_vendor/lib:${LD_LIBRARY_PATH} PYTHONPATH=/home/mk/dev_ws/install/whisper_idl/local/lib/python3.10/dist-packages:${PYTHONPATH} /usr/bin/cmake --build /home/mk/dev_ws/build/whisper_server -- -j20 -l20
[2.305s] DEBUG:colcon.colcon_core.event_handler.log_command:Invoking command in '/home/mk/dev_ws/build/zed_wrapper': AMENT_PREFIX_PATH=/home/mk/dev_ws/install/zed_components:/home/mk/dev_ws/install/zed_interfaces:${AMENT_PREFIX_PATH} CMAKE_PREFIX_PATH=/home/mk/dev_ws/install/zed_components:/home/mk/dev_ws/install/zed_interfaces:/opt/ros/humble LD_LIBRARY_PATH=/home/mk/dev_ws/install/zed_components/lib:/home/mk/dev_ws/install/zed_interfaces/lib:${LD_LIBRARY_PATH} PYTHONPATH=/home/mk/dev_ws/install/zed_interfaces/local/lib/python3.10/dist-packages:${PYTHONPATH} /usr/bin/cmake --build /home/mk/dev_ws/build/zed_wrapper -- -j20 -l20
[2.307s] DEBUG:colcon.colcon_core.event_handler.log_command:Invoking command in '/home/mk/dev_ws/build/transcript_manager': AMENT_PREFIX_PATH=/home/mk/dev_ws/install/whisper_util:/home/mk/dev_ws/install/whisper_idl:/home/mk/dev_ws/install/whisper_cpp_vendor:${AMENT_PREFIX_PATH} CMAKE_PREFIX_PATH=/home/mk/dev_ws/install/whisper_util:/home/mk/dev_ws/install/whisper_idl:/home/mk/dev_ws/install/whisper_cpp_vendor:/opt/ros/humble LD_LIBRARY_PATH=/home/mk/dev_ws/install/whisper_util/lib:/home/mk/dev_ws/install/whisper_idl/lib:/home/mk/dev_ws/install/whisper_cpp_vendor/lib:${LD_LIBRARY_PATH} PYTHONPATH=/home/mk/dev_ws/install/whisper_idl/local/lib/python3.10/dist-packages:${PYTHONPATH} /usr/bin/cmake --build /home/mk/dev_ws/build/transcript_manager -- -j20 -l20
[2.308s] DEBUG:colcon.colcon_core.event_handler.log_command:Invoking command in '/home/mk/dev_ws/build/xarm_controller': AMENT_PREFIX_PATH=/home/mk/dev_ws/install/xarm_api:/home/mk/dev_ws/install/xarm_sdk:/home/mk/dev_ws/install/xarm_msgs:/home/mk/dev_ws/install/xarm_description:${AMENT_PREFIX_PATH} CMAKE_PREFIX_PATH=/home/mk/dev_ws/install/xarm_api:/home/mk/dev_ws/install/xarm_sdk:/home/mk/dev_ws/install/xarm_msgs:/home/mk/dev_ws/install/xarm_description:/opt/ros/humble LD_LIBRARY_PATH=/home/mk/dev_ws/install/xarm_api/lib:/home/mk/dev_ws/install/xarm_sdk/lib:/home/mk/dev_ws/install/xarm_msgs/lib:${LD_LIBRARY_PATH} PYTHONPATH=/home/mk/dev_ws/install/xarm_msgs/local/lib/python3.10/dist-packages:${PYTHONPATH} /usr/bin/cmake --build /home/mk/dev_ws/build/xarm_controller -- -j20 -l20
[2.348s] DEBUG:colcon.colcon_core.event_handler.log_command:Invoked command in '/home/mk/dev_ws/build/transcript_manager' returned '0': AMENT_PREFIX_PATH=/home/mk/dev_ws/install/whisper_util:/home/mk/dev_ws/install/whisper_idl:/home/mk/dev_ws/install/whisper_cpp_vendor:${AMENT_PREFIX_PATH} CMAKE_PREFIX_PATH=/home/mk/dev_ws/install/whisper_util:/home/mk/dev_ws/install/whisper_idl:/home/mk/dev_ws/install/whisper_cpp_vendor:/opt/ros/humble LD_LIBRARY_PATH=/home/mk/dev_ws/install/whisper_util/lib:/home/mk/dev_ws/install/whisper_idl/lib:/home/mk/dev_ws/install/whisper_cpp_vendor/lib:${LD_LIBRARY_PATH} PYTHONPATH=/home/mk/dev_ws/install/whisper_idl/local/lib/python3.10/dist-packages:${PYTHONPATH} /usr/bin/cmake --build /home/mk/dev_ws/build/transcript_manager -- -j20 -l20
[2.349s] DEBUG:colcon.colcon_core.event_handler.log_command:Invoking command in '/home/mk/dev_ws/build/transcript_manager': AMENT_PREFIX_PATH=/home/mk/dev_ws/install/whisper_util:/home/mk/dev_ws/install/whisper_idl:/home/mk/dev_ws/install/whisper_cpp_vendor:${AMENT_PREFIX_PATH} CMAKE_PREFIX_PATH=/home/mk/dev_ws/install/whisper_util:/home/mk/dev_ws/install/whisper_idl:/home/mk/dev_ws/install/whisper_cpp_vendor:/opt/ros/humble LD_LIBRARY_PATH=/home/mk/dev_ws/install/whisper_util/lib:/home/mk/dev_ws/install/whisper_idl/lib:/home/mk/dev_ws/install/whisper_cpp_vendor/lib:${LD_LIBRARY_PATH} PYTHONPATH=/home/mk/dev_ws/install/whisper_idl/local/lib/python3.10/dist-packages:${PYTHONPATH} /usr/bin/cmake --install /home/mk/dev_ws/build/transcript_manager
[2.350s] DEBUG:colcon.colcon_core.event_handler.log_command:Invoked command in '/home/mk/dev_ws/build/zed_wrapper' returned '0': AMENT_PREFIX_PATH=/home/mk/dev_ws/install/zed_components:/home/mk/dev_ws/install/zed_interfaces:${AMENT_PREFIX_PATH} CMAKE_PREFIX_PATH=/home/mk/dev_ws/install/zed_components:/home/mk/dev_ws/install/zed_interfaces:/opt/ros/humble LD_LIBRARY_PATH=/home/mk/dev_ws/install/zed_components/lib:/home/mk/dev_ws/install/zed_interfaces/lib:${LD_LIBRARY_PATH} PYTHONPATH=/home/mk/dev_ws/install/zed_interfaces/local/lib/python3.10/dist-packages:${PYTHONPATH} /usr/bin/cmake --build /home/mk/dev_ws/build/zed_wrapper -- -j20 -l20
[2.351s] DEBUG:colcon.colcon_core.event_handler.log_command:Invoking command in '/home/mk/dev_ws/build/zed_wrapper': AMENT_PREFIX_PATH=/home/mk/dev_ws/install/zed_components:/home/mk/dev_ws/install/zed_interfaces:${AMENT_PREFIX_PATH} CMAKE_PREFIX_PATH=/home/mk/dev_ws/install/zed_components:/home/mk/dev_ws/install/zed_interfaces:/opt/ros/humble LD_LIBRARY_PATH=/home/mk/dev_ws/install/zed_components/lib:/home/mk/dev_ws/install/zed_interfaces/lib:${LD_LIBRARY_PATH} PYTHONPATH=/home/mk/dev_ws/install/zed_interfaces/local/lib/python3.10/dist-packages:${PYTHONPATH} /usr/bin/cmake --install /home/mk/dev_ws/build/zed_wrapper
[2.352s] DEBUG:colcon.colcon_core.event_handler.log_command:Invoked command in '/home/mk/dev_ws/build/whisper_server' returned '0': AMENT_PREFIX_PATH=/home/mk/dev_ws/install/whisper_util:/home/mk/dev_ws/install/whisper_idl:/home/mk/dev_ws/install/whisper_cpp_vendor:${AMENT_PREFIX_PATH} CMAKE_PREFIX_PATH=/home/mk/dev_ws/install/whisper_util:/home/mk/dev_ws/install/whisper_idl:/home/mk/dev_ws/install/whisper_cpp_vendor:/opt/ros/humble LD_LIBRARY_PATH=/home/mk/dev_ws/install/whisper_util/lib:/home/mk/dev_ws/install/whisper_idl/lib:/home/mk/dev_ws/install/whisper_cpp_vendor/lib:${LD_LIBRARY_PATH} PYTHONPATH=/home/mk/dev_ws/install/whisper_idl/local/lib/python3.10/dist-packages:${PYTHONPATH} /usr/bin/cmake --build /home/mk/dev_ws/build/whisper_server -- -j20 -l20
[2.353s] DEBUG:colcon.colcon_core.event_handler.log_command:Invoking command in '/home/mk/dev_ws/build/whisper_server': AMENT_PREFIX_PATH=/home/mk/dev_ws/install/whisper_util:/home/mk/dev_ws/install/whisper_idl:/home/mk/dev_ws/install/whisper_cpp_vendor:${AMENT_PREFIX_PATH} CMAKE_PREFIX_PATH=/home/mk/dev_ws/install/whisper_util:/home/mk/dev_ws/install/whisper_idl:/home/mk/dev_ws/install/whisper_cpp_vendor:/opt/ros/humble LD_LIBRARY_PATH=/home/mk/dev_ws/install/whisper_util/lib:/home/mk/dev_ws/install/whisper_idl/lib:/home/mk/dev_ws/install/whisper_cpp_vendor/lib:${LD_LIBRARY_PATH} PYTHONPATH=/home/mk/dev_ws/install/whisper_idl/local/lib/python3.10/dist-packages:${PYTHONPATH} /usr/bin/cmake --install /home/mk/dev_ws/build/whisper_server
[2.364s] Level 1:colcon.colcon_core.environment:create_environment_scripts_only(whisper_server)
[2.364s] Level 1:colcon.colcon_core.environment:checking '/home/mk/dev_ws/install/whisper_server' for CMake module files
[2.364s] DEBUG:colcon.colcon_core.event_handler.log_command:Invoked command in '/home/mk/dev_ws/build/whisper_server' returned '0': AMENT_PREFIX_PATH=/home/mk/dev_ws/install/whisper_util:/home/mk/dev_ws/install/whisper_idl:/home/mk/dev_ws/install/whisper_cpp_vendor:${AMENT_PREFIX_PATH} CMAKE_PREFIX_PATH=/home/mk/dev_ws/install/whisper_util:/home/mk/dev_ws/install/whisper_idl:/home/mk/dev_ws/install/whisper_cpp_vendor:/opt/ros/humble LD_LIBRARY_PATH=/home/mk/dev_ws/install/whisper_util/lib:/home/mk/dev_ws/install/whisper_idl/lib:/home/mk/dev_ws/install/whisper_cpp_vendor/lib:${LD_LIBRARY_PATH} PYTHONPATH=/home/mk/dev_ws/install/whisper_idl/local/lib/python3.10/dist-packages:${PYTHONPATH} /usr/bin/cmake --install /home/mk/dev_ws/build/whisper_server
[2.365s] Level 1:colcon.colcon_core.environment:checking '/home/mk/dev_ws/install/whisper_server' for CMake config files
[2.366s] Level 1:colcon.colcon_core.shell:create_environment_hook('whisper_server', 'cmake_prefix_path')
[2.366s] INFO:colcon.colcon_core.shell:Creating environment hook '/home/mk/dev_ws/install/whisper_server/share/whisper_server/hook/cmake_prefix_path.ps1'
[2.367s] INFO:colcon.colcon_core.shell:Creating environment descriptor '/home/mk/dev_ws/install/whisper_server/share/whisper_server/hook/cmake_prefix_path.dsv'
[2.367s] INFO:colcon.colcon_core.shell:Creating environment hook '/home/mk/dev_ws/install/whisper_server/share/whisper_server/hook/cmake_prefix_path.sh'
[2.368s] Level 1:colcon.colcon_core.environment:checking '/home/mk/dev_ws/install/whisper_server/lib'
[2.368s] Level 1:colcon.colcon_core.shell:create_environment_hook('whisper_server', 'ld_library_path_lib')
[2.368s] INFO:colcon.colcon_core.shell:Creating environment hook '/home/mk/dev_ws/install/whisper_server/share/whisper_server/hook/ld_library_path_lib.ps1'
[2.368s] INFO:colcon.colcon_core.shell:Creating environment descriptor '/home/mk/dev_ws/install/whisper_server/share/whisper_server/hook/ld_library_path_lib.dsv'
[2.369s] INFO:colcon.colcon_core.shell:Creating environment hook '/home/mk/dev_ws/install/whisper_server/share/whisper_server/hook/ld_library_path_lib.sh'
[2.369s] Level 1:colcon.colcon_core.environment:checking '/home/mk/dev_ws/install/whisper_server/bin'
[2.369s] Level 1:colcon.colcon_core.environment:checking '/home/mk/dev_ws/install/whisper_server/lib/pkgconfig/whisper_server.pc'
[2.369s] Level 1:colcon.colcon_core.environment:checking '/home/mk/dev_ws/install/whisper_server/lib/python3.10/site-packages'
[2.370s] Level 1:colcon.colcon_core.environment:checking '/home/mk/dev_ws/install/whisper_server/bin'
[2.370s] INFO:colcon.colcon_core.shell:Creating package script '/home/mk/dev_ws/install/whisper_server/share/whisper_server/package.ps1'
[2.371s] INFO:colcon.colcon_core.shell:Creating package descriptor '/home/mk/dev_ws/install/whisper_server/share/whisper_server/package.dsv'
[2.371s] INFO:colcon.colcon_core.shell:Creating package script '/home/mk/dev_ws/install/whisper_server/share/whisper_server/package.sh'
[2.372s] INFO:colcon.colcon_core.shell:Creating package script '/home/mk/dev_ws/install/whisper_server/share/whisper_server/package.bash'
[2.372s] INFO:colcon.colcon_core.shell:Creating package script '/home/mk/dev_ws/install/whisper_server/share/whisper_server/package.zsh'
[2.372s] Level 1:colcon.colcon_core.environment:create_file_with_runtime_dependencies(/home/mk/dev_ws/install/whisper_server/share/colcon-core/packages/whisper_server)
[2.373s] Level 1:colcon.colcon_core.environment:create_environment_scripts_only(whisper_server)
[2.373s] Level 1:colcon.colcon_core.environment:checking '/home/mk/dev_ws/install/whisper_server' for CMake module files
[2.373s] Level 1:colcon.colcon_core.environment:checking '/home/mk/dev_ws/install/whisper_server' for CMake config files
[2.374s] Level 1:colcon.colcon_core.shell:create_environment_hook('whisper_server', 'cmake_prefix_path')
[2.374s] INFO:colcon.colcon_core.shell:Creating environment hook '/home/mk/dev_ws/install/whisper_server/share/whisper_server/hook/cmake_prefix_path.ps1'
[2.374s] INFO:colcon.colcon_core.shell:Creating environment descriptor '/home/mk/dev_ws/install/whisper_server/share/whisper_server/hook/cmake_prefix_path.dsv'
[2.375s] INFO:colcon.colcon_core.shell:Creating environment hook '/home/mk/dev_ws/install/whisper_server/share/whisper_server/hook/cmake_prefix_path.sh'
[2.375s] Level 1:colcon.colcon_core.environment:checking '/home/mk/dev_ws/install/whisper_server/lib'
[2.375s] Level 1:colcon.colcon_core.shell:create_environment_hook('whisper_server', 'ld_library_path_lib')
[2.375s] INFO:colcon.colcon_core.shell:Creating environment hook '/home/mk/dev_ws/install/whisper_server/share/whisper_server/hook/ld_library_path_lib.ps1'
[2.376s] INFO:colcon.colcon_core.shell:Creating environment descriptor '/home/mk/dev_ws/install/whisper_server/share/whisper_server/hook/ld_library_path_lib.dsv'
[2.376s] INFO:colcon.colcon_core.shell:Creating environment hook '/home/mk/dev_ws/install/whisper_server/share/whisper_server/hook/ld_library_path_lib.sh'
[2.376s] Level 1:colcon.colcon_core.environment:checking '/home/mk/dev_ws/install/whisper_server/bin'
[2.377s] Level 1:colcon.colcon_core.environment:checking '/home/mk/dev_ws/install/whisper_server/lib/pkgconfig/whisper_server.pc'
[2.377s] Level 1:colcon.colcon_core.environment:checking '/home/mk/dev_ws/install/whisper_server/lib/python3.10/site-packages'
[2.377s] Level 1:colcon.colcon_core.environment:checking '/home/mk/dev_ws/install/whisper_server/bin'
[2.377s] INFO:colcon.colcon_core.shell:Creating package script '/home/mk/dev_ws/install/whisper_server/share/whisper_server/package.ps1'
[2.378s] INFO:colcon.colcon_core.shell:Creating package descriptor '/home/mk/dev_ws/install/whisper_server/share/whisper_server/package.dsv'
[2.378s] INFO:colcon.colcon_core.shell:Creating package script '/home/mk/dev_ws/install/whisper_server/share/whisper_server/package.sh'
[2.378s] INFO:colcon.colcon_core.shell:Creating package script '/home/mk/dev_ws/install/whisper_server/share/whisper_server/package.bash'
[2.378s] INFO:colcon.colcon_core.shell:Creating package script '/home/mk/dev_ws/install/whisper_server/share/whisper_server/package.zsh'
[2.378s] Level 1:colcon.colcon_core.environment:create_file_with_runtime_dependencies(/home/mk/dev_ws/install/whisper_server/share/colcon-core/packages/whisper_server)
[2.379s] INFO:colcon.colcon_ros.task.ament_cmake.build:Building ROS package in '/home/mk/dev_ws/src/ros2_whisper/whisper_bringup' with build type 'ament_cmake'
[2.379s] INFO:colcon.colcon_cmake.task.cmake.build:Building CMake package in '/home/mk/dev_ws/src/ros2_whisper/whisper_bringup'
[2.379s] INFO:colcon.colcon_core.shell:Skip shell extension 'powershell' for command environment: Not usable outside of PowerShell
[2.379s] DEBUG:colcon.colcon_core.shell:Skip shell extension 'dsv' for command environment
[2.382s] DEBUG:colcon.colcon_core.event_handler.log_command:Invoked command in '/home/mk/dev_ws/build/xarm_controller' returned '0': AMENT_PREFIX_PATH=/home/mk/dev_ws/install/xarm_api:/home/mk/dev_ws/install/xarm_sdk:/home/mk/dev_ws/install/xarm_msgs:/home/mk/dev_ws/install/xarm_description:${AMENT_PREFIX_PATH} CMAKE_PREFIX_PATH=/home/mk/dev_ws/install/xarm_api:/home/mk/dev_ws/install/xarm_sdk:/home/mk/dev_ws/install/xarm_msgs:/home/mk/dev_ws/install/xarm_description:/opt/ros/humble LD_LIBRARY_PATH=/home/mk/dev_ws/install/xarm_api/lib:/home/mk/dev_ws/install/xarm_sdk/lib:/home/mk/dev_ws/install/xarm_msgs/lib:${LD_LIBRARY_PATH} PYTHONPATH=/home/mk/dev_ws/install/xarm_msgs/local/lib/python3.10/dist-packages:${PYTHONPATH} /usr/bin/cmake --build /home/mk/dev_ws/build/xarm_controller -- -j20 -l20
[2.383s] DEBUG:colcon.colcon_core.event_handler.log_command:Invoking command in '/home/mk/dev_ws/build/xarm_controller': AMENT_PREFIX_PATH=/home/mk/dev_ws/install/xarm_api:/home/mk/dev_ws/install/xarm_sdk:/home/mk/dev_ws/install/xarm_msgs:/home/mk/dev_ws/install/xarm_description:${AMENT_PREFIX_PATH} CMAKE_PREFIX_PATH=/home/mk/dev_ws/install/xarm_api:/home/mk/dev_ws/install/xarm_sdk:/home/mk/dev_ws/install/xarm_msgs:/home/mk/dev_ws/install/xarm_description:/opt/ros/humble LD_LIBRARY_PATH=/home/mk/dev_ws/install/xarm_api/lib:/home/mk/dev_ws/install/xarm_sdk/lib:/home/mk/dev_ws/install/xarm_msgs/lib:${LD_LIBRARY_PATH} PYTHONPATH=/home/mk/dev_ws/install/xarm_msgs/local/lib/python3.10/dist-packages:${PYTHONPATH} /usr/bin/cmake --install /home/mk/dev_ws/build/xarm_controller
[2.383s] Level 1:colcon.colcon_core.environment:create_environment_scripts_only(transcript_manager)
[2.383s] DEBUG:colcon.colcon_core.event_handler.log_command:Invoked command in '/home/mk/dev_ws/build/transcript_manager' returned '0': AMENT_PREFIX_PATH=/home/mk/dev_ws/install/whisper_util:/home/mk/dev_ws/install/whisper_idl:/home/mk/dev_ws/install/whisper_cpp_vendor:${AMENT_PREFIX_PATH} CMAKE_PREFIX_PATH=/home/mk/dev_ws/install/whisper_util:/home/mk/dev_ws/install/whisper_idl:/home/mk/dev_ws/install/whisper_cpp_vendor:/opt/ros/humble LD_LIBRARY_PATH=/home/mk/dev_ws/install/whisper_util/lib:/home/mk/dev_ws/install/whisper_idl/lib:/home/mk/dev_ws/install/whisper_cpp_vendor/lib:${LD_LIBRARY_PATH} PYTHONPATH=/home/mk/dev_ws/install/whisper_idl/local/lib/python3.10/dist-packages:${PYTHONPATH} /usr/bin/cmake --install /home/mk/dev_ws/build/transcript_manager
[2.384s] Level 1:colcon.colcon_core.environment:checking '/home/mk/dev_ws/install/transcript_manager' for CMake module files
[2.384s] Level 1:colcon.colcon_core.environment:checking '/home/mk/dev_ws/install/transcript_manager' for CMake config files
[2.384s] Level 1:colcon.colcon_core.shell:create_environment_hook('transcript_manager', 'cmake_prefix_path')
[2.384s] INFO:colcon.colcon_core.shell:Creating environment hook '/home/mk/dev_ws/install/transcript_manager/share/transcript_manager/hook/cmake_prefix_path.ps1'
[2.384s] INFO:colcon.colcon_core.shell:Creating environment descriptor '/home/mk/dev_ws/install/transcript_manager/share/transcript_manager/hook/cmake_prefix_path.dsv'
[2.385s] INFO:colcon.colcon_core.shell:Creating environment hook '/home/mk/dev_ws/install/transcript_manager/share/transcript_manager/hook/cmake_prefix_path.sh'
[2.385s] Level 1:colcon.colcon_core.environment:checking '/home/mk/dev_ws/install/transcript_manager/lib'
[2.385s] Level 1:colcon.colcon_core.shell:create_environment_hook('transcript_manager', 'ld_library_path_lib')
[2.385s] INFO:colcon.colcon_core.shell:Creating environment hook '/home/mk/dev_ws/install/transcript_manager/share/transcript_manager/hook/ld_library_path_lib.ps1'
[2.385s] INFO:colcon.colcon_core.shell:Creating environment descriptor '/home/mk/dev_ws/install/transcript_manager/share/transcript_manager/hook/ld_library_path_lib.dsv'
[2.385s] INFO:colcon.colcon_core.shell:Creating environment hook '/home/mk/dev_ws/install/transcript_manager/share/transcript_manager/hook/ld_library_path_lib.sh'
[2.386s] Level 1:colcon.colcon_core.environment:checking '/home/mk/dev_ws/install/transcript_manager/bin'
[2.386s] Level 1:colcon.colcon_core.environment:checking '/home/mk/dev_ws/install/transcript_manager/lib/pkgconfig/transcript_manager.pc'
[2.386s] Level 1:colcon.colcon_core.environment:checking '/home/mk/dev_ws/install/transcript_manager/lib/python3.10/site-packages'
[2.386s] Level 1:colcon.colcon_core.environment:checking '/home/mk/dev_ws/install/transcript_manager/bin'
[2.386s] INFO:colcon.colcon_core.shell:Creating package script '/home/mk/dev_ws/install/transcript_manager/share/transcript_manager/package.ps1'
[2.386s] INFO:colcon.colcon_core.shell:Creating package descriptor '/home/mk/dev_ws/install/transcript_manager/share/transcript_manager/package.dsv'
[2.387s] INFO:colcon.colcon_core.shell:Creating package script '/home/mk/dev_ws/install/transcript_manager/share/transcript_manager/package.sh'
[2.387s] INFO:colcon.colcon_core.shell:Creating package script '/home/mk/dev_ws/install/transcript_manager/share/transcript_manager/package.bash'
[2.387s] INFO:colcon.colcon_core.shell:Creating package script '/home/mk/dev_ws/install/transcript_manager/share/transcript_manager/package.zsh'
[2.387s] Level 1:colcon.colcon_core.environment:create_file_with_runtime_dependencies(/home/mk/dev_ws/install/transcript_manager/share/colcon-core/packages/transcript_manager)
[2.387s] Level 1:colcon.colcon_core.environment:create_environment_scripts_only(transcript_manager)
[2.387s] Level 1:colcon.colcon_core.environment:checking '/home/mk/dev_ws/install/transcript_manager' for CMake module files
[2.388s] Level 1:colcon.colcon_core.environment:checking '/home/mk/dev_ws/install/transcript_manager' for CMake config files
[2.388s] Level 1:colcon.colcon_core.shell:create_environment_hook('transcript_manager', 'cmake_prefix_path')
[2.388s] INFO:colcon.colcon_core.shell:Creating environment hook '/home/mk/dev_ws/install/transcript_manager/share/transcript_manager/hook/cmake_prefix_path.ps1'
[2.388s] INFO:colcon.colcon_core.shell:Creating environment descriptor '/home/mk/dev_ws/install/transcript_manager/share/transcript_manager/hook/cmake_prefix_path.dsv'
[2.388s] INFO:colcon.colcon_core.shell:Creating environment hook '/home/mk/dev_ws/install/transcript_manager/share/transcript_manager/hook/cmake_prefix_path.sh'
[2.389s] Level 1:colcon.colcon_core.environment:checking '/home/mk/dev_ws/install/transcript_manager/lib'
[2.389s] Level 1:colcon.colcon_core.shell:create_environment_hook('transcript_manager', 'ld_library_path_lib')
[2.389s] INFO:colcon.colcon_core.shell:Creating environment hook '/home/mk/dev_ws/install/transcript_manager/share/transcript_manager/hook/ld_library_path_lib.ps1'
[2.389s] INFO:colcon.colcon_core.shell:Creating environment descriptor '/home/mk/dev_ws/install/transcript_manager/share/transcript_manager/hook/ld_library_path_lib.dsv'
[2.389s] INFO:colcon.colcon_core.shell:Creating environment hook '/home/mk/dev_ws/install/transcript_manager/share/transcript_manager/hook/ld_library_path_lib.sh'
[2.389s] Level 1:colcon.colcon_core.environment:checking '/home/mk/dev_ws/install/transcript_manager/bin'
[2.389s] Level 1:colcon.colcon_core.environment:checking '/home/mk/dev_ws/install/transcript_manager/lib/pkgconfig/transcript_manager.pc'
[2.389s] Level 1:colcon.colcon_core.environment:checking '/home/mk/dev_ws/install/transcript_manager/lib/python3.10/site-packages'
[2.390s] Level 1:colcon.colcon_core.environment:checking '/home/mk/dev_ws/install/transcript_manager/bin'
[2.390s] INFO:colcon.colcon_core.shell:Creating package script '/home/mk/dev_ws/install/transcript_manager/share/transcript_manager/package.ps1'
[2.390s] INFO:colcon.colcon_core.shell:Creating package descriptor '/home/mk/dev_ws/install/transcript_manager/share/transcript_manager/package.dsv'
[2.390s] INFO:colcon.colcon_core.shell:Creating package script '/home/mk/dev_ws/install/transcript_manager/share/transcript_manager/package.sh'
[2.390s] INFO:colcon.colcon_core.shell:Creating package script '/home/mk/dev_ws/install/transcript_manager/share/transcript_manager/package.bash'
[2.391s] INFO:colcon.colcon_core.shell:Creating package script '/home/mk/dev_ws/install/transcript_manager/share/transcript_manager/package.zsh'
[2.391s] Level 1:colcon.colcon_core.environment:create_file_with_runtime_dependencies(/home/mk/dev_ws/install/transcript_manager/share/colcon-core/packages/transcript_manager)
[2.391s] Level 1:colcon.colcon_core.environment:create_environment_scripts_only(zed_wrapper)
[2.391s] Level 1:colcon.colcon_core.environment:checking '/home/mk/dev_ws/install/zed_wrapper' for CMake module files
[2.392s] DEBUG:colcon.colcon_core.event_handler.log_command:Invoked command in '/home/mk/dev_ws/build/zed_wrapper' returned '0': AMENT_PREFIX_PATH=/home/mk/dev_ws/install/zed_components:/home/mk/dev_ws/install/zed_interfaces:${AMENT_PREFIX_PATH} CMAKE_PREFIX_PATH=/home/mk/dev_ws/install/zed_components:/home/mk/dev_ws/install/zed_interfaces:/opt/ros/humble LD_LIBRARY_PATH=/home/mk/dev_ws/install/zed_components/lib:/home/mk/dev_ws/install/zed_interfaces/lib:${LD_LIBRARY_PATH} PYTHONPATH=/home/mk/dev_ws/install/zed_interfaces/local/lib/python3.10/dist-packages:${PYTHONPATH} /usr/bin/cmake --install /home/mk/dev_ws/build/zed_wrapper
[2.392s] Level 1:colcon.colcon_core.environment:checking '/home/mk/dev_ws/install/zed_wrapper' for CMake config files
[2.392s] Level 1:colcon.colcon_core.shell:create_environment_hook('zed_wrapper', 'cmake_prefix_path')
[2.392s] INFO:colcon.colcon_core.shell:Creating environment hook '/home/mk/dev_ws/install/zed_wrapper/share/zed_wrapper/hook/cmake_prefix_path.ps1'
[2.392s] INFO:colcon.colcon_core.shell:Creating environment descriptor '/home/mk/dev_ws/install/zed_wrapper/share/zed_wrapper/hook/cmake_prefix_path.dsv'
[2.392s] INFO:colcon.colcon_core.shell:Creating environment hook '/home/mk/dev_ws/install/zed_wrapper/share/zed_wrapper/hook/cmake_prefix_path.sh'
[2.393s] Level 1:colcon.colcon_core.environment:checking '/home/mk/dev_ws/install/zed_wrapper/lib'
[2.393s] Level 1:colcon.colcon_core.environment:checking '/home/mk/dev_ws/install/zed_wrapper/bin'
[2.393s] Level 1:colcon.colcon_core.environment:checking '/home/mk/dev_ws/install/zed_wrapper/lib/pkgconfig/zed_wrapper.pc'
[2.393s] Level 1:colcon.colcon_core.environment:checking '/home/mk/dev_ws/install/zed_wrapper/lib/python3.10/site-packages'
[2.393s] Level 1:colcon.colcon_core.environment:checking '/home/mk/dev_ws/install/zed_wrapper/bin'
[2.393s] INFO:colcon.colcon_core.shell:Creating package script '/home/mk/dev_ws/install/zed_wrapper/share/zed_wrapper/package.ps1'
[2.394s] INFO:colcon.colcon_core.shell:Creating package descriptor '/home/mk/dev_ws/install/zed_wrapper/share/zed_wrapper/package.dsv'
[2.394s] INFO:colcon.colcon_core.shell:Creating package script '/home/mk/dev_ws/install/zed_wrapper/share/zed_wrapper/package.sh'
[2.394s] INFO:colcon.colcon_core.shell:Creating package script '/home/mk/dev_ws/install/zed_wrapper/share/zed_wrapper/package.bash'
[2.394s] INFO:colcon.colcon_core.shell:Creating package script '/home/mk/dev_ws/install/zed_wrapper/share/zed_wrapper/package.zsh'
[2.394s] Level 1:colcon.colcon_core.environment:create_file_with_runtime_dependencies(/home/mk/dev_ws/install/zed_wrapper/share/colcon-core/packages/zed_wrapper)
[2.395s] Level 1:colcon.colcon_core.environment:create_environment_scripts_only(zed_wrapper)
[2.395s] Level 1:colcon.colcon_core.environment:checking '/home/mk/dev_ws/install/zed_wrapper' for CMake module files
[2.395s] Level 1:colcon.colcon_core.environment:checking '/home/mk/dev_ws/install/zed_wrapper' for CMake config files
[2.395s] Level 1:colcon.colcon_core.shell:create_environment_hook('zed_wrapper', 'cmake_prefix_path')
[2.395s] INFO:colcon.colcon_core.shell:Creating environment hook '/home/mk/dev_ws/install/zed_wrapper/share/zed_wrapper/hook/cmake_prefix_path.ps1'
[2.395s] INFO:colcon.colcon_core.shell:Creating environment descriptor '/home/mk/dev_ws/install/zed_wrapper/share/zed_wrapper/hook/cmake_prefix_path.dsv'
[2.395s] INFO:colcon.colcon_core.shell:Creating environment hook '/home/mk/dev_ws/install/zed_wrapper/share/zed_wrapper/hook/cmake_prefix_path.sh'
[2.396s] Level 1:colcon.colcon_core.environment:checking '/home/mk/dev_ws/install/zed_wrapper/lib'
[2.396s] Level 1:colcon.colcon_core.environment:checking '/home/mk/dev_ws/install/zed_wrapper/bin'
[2.396s] Level 1:colcon.colcon_core.environment:checking '/home/mk/dev_ws/install/zed_wrapper/lib/pkgconfig/zed_wrapper.pc'
[2.396s] Level 1:colcon.colcon_core.environment:checking '/home/mk/dev_ws/install/zed_wrapper/lib/python3.10/site-packages'
[2.396s] Level 1:colcon.colcon_core.environment:checking '/home/mk/dev_ws/install/zed_wrapper/bin'
[2.396s] INFO:colcon.colcon_core.shell:Creating package script '/home/mk/dev_ws/install/zed_wrapper/share/zed_wrapper/package.ps1'
[2.397s] INFO:colcon.colcon_core.shell:Creating package descriptor '/home/mk/dev_ws/install/zed_wrapper/share/zed_wrapper/package.dsv'
[2.397s] INFO:colcon.colcon_core.shell:Creating package script '/home/mk/dev_ws/install/zed_wrapper/share/zed_wrapper/package.sh'
[2.397s] INFO:colcon.colcon_core.shell:Creating package script '/home/mk/dev_ws/install/zed_wrapper/share/zed_wrapper/package.bash'
[2.397s] INFO:colcon.colcon_core.shell:Creating package script '/home/mk/dev_ws/install/zed_wrapper/share/zed_wrapper/package.zsh'
[2.397s] Level 1:colcon.colcon_core.environment:create_file_with_runtime_dependencies(/home/mk/dev_ws/install/zed_wrapper/share/colcon-core/packages/zed_wrapper)
[2.398s] INFO:colcon.colcon_ros.task.ament_cmake.build:Building ROS package in '/home/mk/dev_ws/src/zed-ros2-wrapper/zed_ros2' with build type 'ament_cmake'
[2.398s] INFO:colcon.colcon_cmake.task.cmake.build:Building CMake package in '/home/mk/dev_ws/src/zed-ros2-wrapper/zed_ros2'
[2.398s] INFO:colcon.colcon_core.shell:Skip shell extension 'powershell' for command environment: Not usable outside of PowerShell
[2.398s] DEBUG:colcon.colcon_core.shell:Skip shell extension 'dsv' for command environment
[2.404s] DEBUG:colcon.colcon_core.event_handler.log_command:Invoking command in '/home/mk/dev_ws/build/whisper_bringup': AMENT_PREFIX_PATH=/home/mk/dev_ws/install/whisper_server:/home/mk/dev_ws/install/whisper_util:/home/mk/dev_ws/install/whisper_idl:/home/mk/dev_ws/install/whisper_cpp_vendor:${AMENT_PREFIX_PATH} CMAKE_PREFIX_PATH=/home/mk/dev_ws/install/whisper_server:/home/mk/dev_ws/install/whisper_util:/home/mk/dev_ws/install/whisper_idl:/home/mk/dev_ws/install/whisper_cpp_vendor:/opt/ros/humble LD_LIBRARY_PATH=/home/mk/dev_ws/install/whisper_server/lib:/home/mk/dev_ws/install/whisper_util/lib:/home/mk/dev_ws/install/whisper_idl/lib:/home/mk/dev_ws/install/whisper_cpp_vendor/lib:${LD_LIBRARY_PATH} PYTHONPATH=/home/mk/dev_ws/install/whisper_idl/local/lib/python3.10/dist-packages:${PYTHONPATH} /usr/bin/cmake --build /home/mk/dev_ws/build/whisper_bringup -- -j20 -l20
[2.404s] Level 1:colcon.colcon_core.environment:create_environment_scripts_only(xarm_controller)
[2.405s] Level 1:colcon.colcon_core.environment:checking '/home/mk/dev_ws/install/xarm_controller' for CMake module files
[2.405s] DEBUG:colcon.colcon_core.event_handler.log_command:Invoked command in '/home/mk/dev_ws/build/xarm_controller' returned '0': AMENT_PREFIX_PATH=/home/mk/dev_ws/install/xarm_api:/home/mk/dev_ws/install/xarm_sdk:/home/mk/dev_ws/install/xarm_msgs:/home/mk/dev_ws/install/xarm_description:${AMENT_PREFIX_PATH} CMAKE_PREFIX_PATH=/home/mk/dev_ws/install/xarm_api:/home/mk/dev_ws/install/xarm_sdk:/home/mk/dev_ws/install/xarm_msgs:/home/mk/dev_ws/install/xarm_description:/opt/ros/humble LD_LIBRARY_PATH=/home/mk/dev_ws/install/xarm_api/lib:/home/mk/dev_ws/install/xarm_sdk/lib:/home/mk/dev_ws/install/xarm_msgs/lib:${LD_LIBRARY_PATH} PYTHONPATH=/home/mk/dev_ws/install/xarm_msgs/local/lib/python3.10/dist-packages:${PYTHONPATH} /usr/bin/cmake --install /home/mk/dev_ws/build/xarm_controller
[2.406s] Level 1:colcon.colcon_core.environment:checking '/home/mk/dev_ws/install/xarm_controller' for CMake config files
[2.406s] Level 1:colcon.colcon_core.shell:create_environment_hook('xarm_controller', 'cmake_prefix_path')
[2.406s] INFO:colcon.colcon_core.shell:Creating environment hook '/home/mk/dev_ws/install/xarm_controller/share/xarm_controller/hook/cmake_prefix_path.ps1'
[2.407s] INFO:colcon.colcon_core.shell:Creating environment descriptor '/home/mk/dev_ws/install/xarm_controller/share/xarm_controller/hook/cmake_prefix_path.dsv'
[2.407s] INFO:colcon.colcon_core.shell:Creating environment hook '/home/mk/dev_ws/install/xarm_controller/share/xarm_controller/hook/cmake_prefix_path.sh'
[2.408s] Level 1:colcon.colcon_core.environment:checking '/home/mk/dev_ws/install/xarm_controller/lib'
[2.408s] Level 1:colcon.colcon_core.shell:create_environment_hook('xarm_controller', 'ld_library_path_lib')
[2.408s] INFO:colcon.colcon_core.shell:Creating environment hook '/home/mk/dev_ws/install/xarm_controller/share/xarm_controller/hook/ld_library_path_lib.ps1'
[2.408s] INFO:colcon.colcon_core.shell:Creating environment descriptor '/home/mk/dev_ws/install/xarm_controller/share/xarm_controller/hook/ld_library_path_lib.dsv'
[2.409s] INFO:colcon.colcon_core.shell:Creating environment hook '/home/mk/dev_ws/install/xarm_controller/share/xarm_controller/hook/ld_library_path_lib.sh'
[2.409s] Level 1:colcon.colcon_core.environment:checking '/home/mk/dev_ws/install/xarm_controller/bin'
[2.409s] Level 1:colcon.colcon_core.environment:checking '/home/mk/dev_ws/install/xarm_controller/lib/pkgconfig/xarm_controller.pc'
[2.409s] Level 1:colcon.colcon_core.environment:checking '/home/mk/dev_ws/install/xarm_controller/lib/python3.10/site-packages'
[2.410s] Level 1:colcon.colcon_core.environment:checking '/home/mk/dev_ws/install/xarm_controller/bin'
[2.410s] INFO:colcon.colcon_core.shell:Creating package script '/home/mk/dev_ws/install/xarm_controller/share/xarm_controller/package.ps1'
[2.411s] INFO:colcon.colcon_core.shell:Creating package descriptor '/home/mk/dev_ws/install/xarm_controller/share/xarm_controller/package.dsv'
[2.411s] INFO:colcon.colcon_core.shell:Creating package script '/home/mk/dev_ws/install/xarm_controller/share/xarm_controller/package.sh'
[2.412s] INFO:colcon.colcon_core.shell:Creating package script '/home/mk/dev_ws/install/xarm_controller/share/xarm_controller/package.bash'
[2.412s] INFO:colcon.colcon_core.shell:Creating package script '/home/mk/dev_ws/install/xarm_controller/share/xarm_controller/package.zsh'
[2.412s] Level 1:colcon.colcon_core.environment:create_file_with_runtime_dependencies(/home/mk/dev_ws/install/xarm_controller/share/colcon-core/packages/xarm_controller)
[2.413s] Level 1:colcon.colcon_core.environment:create_environment_scripts_only(xarm_controller)
[2.413s] Level 1:colcon.colcon_core.environment:checking '/home/mk/dev_ws/install/xarm_controller' for CMake module files
[2.414s] Level 1:colcon.colcon_core.environment:checking '/home/mk/dev_ws/install/xarm_controller' for CMake config files
[2.414s] Level 1:colcon.colcon_core.shell:create_environment_hook('xarm_controller', 'cmake_prefix_path')
[2.414s] INFO:colcon.colcon_core.shell:Creating environment hook '/home/mk/dev_ws/install/xarm_controller/share/xarm_controller/hook/cmake_prefix_path.ps1'
[2.414s] INFO:colcon.colcon_core.shell:Creating environment descriptor '/home/mk/dev_ws/install/xarm_controller/share/xarm_controller/hook/cmake_prefix_path.dsv'
[2.415s] INFO:colcon.colcon_core.shell:Creating environment hook '/home/mk/dev_ws/install/xarm_controller/share/xarm_controller/hook/cmake_prefix_path.sh'
[2.415s] Level 1:colcon.colcon_core.environment:checking '/home/mk/dev_ws/install/xarm_controller/lib'
[2.415s] Level 1:colcon.colcon_core.shell:create_environment_hook('xarm_controller', 'ld_library_path_lib')
[2.416s] INFO:colcon.colcon_core.shell:Creating environment hook '/home/mk/dev_ws/install/xarm_controller/share/xarm_controller/hook/ld_library_path_lib.ps1'
[2.416s] INFO:colcon.colcon_core.shell:Creating environment descriptor '/home/mk/dev_ws/install/xarm_controller/share/xarm_controller/hook/ld_library_path_lib.dsv'
[2.416s] INFO:colcon.colcon_core.shell:Creating environment hook '/home/mk/dev_ws/install/xarm_controller/share/xarm_controller/hook/ld_library_path_lib.sh'
[2.416s] Level 1:colcon.colcon_core.environment:checking '/home/mk/dev_ws/install/xarm_controller/bin'
[2.417s] Level 1:colcon.colcon_core.environment:checking '/home/mk/dev_ws/install/xarm_controller/lib/pkgconfig/xarm_controller.pc'
[2.417s] Level 1:colcon.colcon_core.environment:checking '/home/mk/dev_ws/install/xarm_controller/lib/python3.10/site-packages'
[2.417s] Level 1:colcon.colcon_core.environment:checking '/home/mk/dev_ws/install/xarm_controller/bin'
[2.417s] INFO:colcon.colcon_core.shell:Creating package script '/home/mk/dev_ws/install/xarm_controller/share/xarm_controller/package.ps1'
[2.418s] INFO:colcon.colcon_core.shell:Creating package descriptor '/home/mk/dev_ws/install/xarm_controller/share/xarm_controller/package.dsv'
[2.419s] INFO:colcon.colcon_core.shell:Creating package script '/home/mk/dev_ws/install/xarm_controller/share/xarm_controller/package.sh'
[2.419s] INFO:colcon.colcon_core.shell:Creating package script '/home/mk/dev_ws/install/xarm_controller/share/xarm_controller/package.bash'
[2.420s] INFO:colcon.colcon_core.shell:Creating package script '/home/mk/dev_ws/install/xarm_controller/share/xarm_controller/package.zsh'
[2.420s] Level 1:colcon.colcon_core.environment:create_file_with_runtime_dependencies(/home/mk/dev_ws/install/xarm_controller/share/colcon-core/packages/xarm_controller)
[2.421s] INFO:colcon.colcon_ros.task.ament_cmake.build:Building ROS package in '/home/mk/dev_ws/src/xarm_ros2/xarm_gazebo' with build type 'ament_cmake'
[2.421s] INFO:colcon.colcon_cmake.task.cmake.build:Building CMake package in '/home/mk/dev_ws/src/xarm_ros2/xarm_gazebo'
[2.421s] INFO:colcon.colcon_core.shell:Skip shell extension 'powershell' for command environment: Not usable outside of PowerShell
[2.421s] DEBUG:colcon.colcon_core.shell:Skip shell extension 'dsv' for command environment
[2.426s] DEBUG:colcon.colcon_core.event_handler.log_command:Invoking command in '/home/mk/dev_ws/build/zed_ros2': AMENT_PREFIX_PATH=/home/mk/dev_ws/install/zed_wrapper:/home/mk/dev_ws/install/zed_components:/home/mk/dev_ws/install/zed_interfaces:${AMENT_PREFIX_PATH} CMAKE_PREFIX_PATH=/home/mk/dev_ws/install/zed_wrapper:/home/mk/dev_ws/install/zed_components:/home/mk/dev_ws/install/zed_interfaces:/opt/ros/humble LD_LIBRARY_PATH=/home/mk/dev_ws/install/zed_components/lib:/home/mk/dev_ws/install/zed_interfaces/lib:${LD_LIBRARY_PATH} PYTHONPATH=/home/mk/dev_ws/install/zed_interfaces/local/lib/python3.10/dist-packages:${PYTHONPATH} /usr/bin/cmake --build /home/mk/dev_ws/build/zed_ros2 -- -j20 -l20
[2.434s] DEBUG:colcon.colcon_core.event_handler.log_command:Invoking command in '/home/mk/dev_ws/build/xarm_gazebo': AMENT_PREFIX_PATH=/home/mk/dev_ws/install/xarm_controller:/home/mk/dev_ws/install/xarm_api:/home/mk/dev_ws/install/xarm_sdk:/home/mk/dev_ws/install/xarm_msgs:/home/mk/dev_ws/install/xarm_description:/home/mk/dev_ws/install/uf_ros_lib:${AMENT_PREFIX_PATH} CMAKE_PREFIX_PATH=/home/mk/dev_ws/install/xarm_controller:/home/mk/dev_ws/install/xarm_api:/home/mk/dev_ws/install/xarm_sdk:/home/mk/dev_ws/install/xarm_msgs:/home/mk/dev_ws/install/xarm_description:/opt/ros/humble LD_LIBRARY_PATH=/home/mk/dev_ws/install/xarm_controller/lib:/home/mk/dev_ws/install/xarm_api/lib:/home/mk/dev_ws/install/xarm_sdk/lib:/home/mk/dev_ws/install/xarm_msgs/lib:${LD_LIBRARY_PATH} PYTHONPATH=/home/mk/dev_ws/install/xarm_msgs/local/lib/python3.10/dist-packages:/home/mk/dev_ws/build/uf_ros_lib:/home/mk/dev_ws/install/uf_ros_lib/lib/python3.10/site-packages:${PYTHONPATH} /usr/bin/cmake --build /home/mk/dev_ws/build/xarm_gazebo -- -j20 -l20
[2.434s] DEBUG:colcon.colcon_core.event_handler.log_command:Invoked command in '/home/mk/dev_ws/build/whisper_bringup' returned '0': AMENT_PREFIX_PATH=/home/mk/dev_ws/install/whisper_server:/home/mk/dev_ws/install/whisper_util:/home/mk/dev_ws/install/whisper_idl:/home/mk/dev_ws/install/whisper_cpp_vendor:${AMENT_PREFIX_PATH} CMAKE_PREFIX_PATH=/home/mk/dev_ws/install/whisper_server:/home/mk/dev_ws/install/whisper_util:/home/mk/dev_ws/install/whisper_idl:/home/mk/dev_ws/install/whisper_cpp_vendor:/opt/ros/humble LD_LIBRARY_PATH=/home/mk/dev_ws/install/whisper_server/lib:/home/mk/dev_ws/install/whisper_util/lib:/home/mk/dev_ws/install/whisper_idl/lib:/home/mk/dev_ws/install/whisper_cpp_vendor/lib:${LD_LIBRARY_PATH} PYTHONPATH=/home/mk/dev_ws/install/whisper_idl/local/lib/python3.10/dist-packages:${PYTHONPATH} /usr/bin/cmake --build /home/mk/dev_ws/build/whisper_bringup -- -j20 -l20
[2.435s] DEBUG:colcon.colcon_core.event_handler.log_command:Invoking command in '/home/mk/dev_ws/build/whisper_bringup': AMENT_PREFIX_PATH=/home/mk/dev_ws/install/whisper_server:/home/mk/dev_ws/install/whisper_util:/home/mk/dev_ws/install/whisper_idl:/home/mk/dev_ws/install/whisper_cpp_vendor:${AMENT_PREFIX_PATH} CMAKE_PREFIX_PATH=/home/mk/dev_ws/install/whisper_server:/home/mk/dev_ws/install/whisper_util:/home/mk/dev_ws/install/whisper_idl:/home/mk/dev_ws/install/whisper_cpp_vendor:/opt/ros/humble LD_LIBRARY_PATH=/home/mk/dev_ws/install/whisper_server/lib:/home/mk/dev_ws/install/whisper_util/lib:/home/mk/dev_ws/install/whisper_idl/lib:/home/mk/dev_ws/install/whisper_cpp_vendor/lib:${LD_LIBRARY_PATH} PYTHONPATH=/home/mk/dev_ws/install/whisper_idl/local/lib/python3.10/dist-packages:${PYTHONPATH} /usr/bin/cmake --install /home/mk/dev_ws/build/whisper_bringup
[2.449s] DEBUG:colcon.colcon_core.event_handler.log_command:Invoked command in '/home/mk/dev_ws/build/zed_ros2' returned '0': AMENT_PREFIX_PATH=/home/mk/dev_ws/install/zed_wrapper:/home/mk/dev_ws/install/zed_components:/home/mk/dev_ws/install/zed_interfaces:${AMENT_PREFIX_PATH} CMAKE_PREFIX_PATH=/home/mk/dev_ws/install/zed_wrapper:/home/mk/dev_ws/install/zed_components:/home/mk/dev_ws/install/zed_interfaces:/opt/ros/humble LD_LIBRARY_PATH=/home/mk/dev_ws/install/zed_components/lib:/home/mk/dev_ws/install/zed_interfaces/lib:${LD_LIBRARY_PATH} PYTHONPATH=/home/mk/dev_ws/install/zed_interfaces/local/lib/python3.10/dist-packages:${PYTHONPATH} /usr/bin/cmake --build /home/mk/dev_ws/build/zed_ros2 -- -j20 -l20
[2.451s] DEBUG:colcon.colcon_core.event_handler.log_command:Invoking command in '/home/mk/dev_ws/build/zed_ros2': AMENT_PREFIX_PATH=/home/mk/dev_ws/install/zed_wrapper:/home/mk/dev_ws/install/zed_components:/home/mk/dev_ws/install/zed_interfaces:${AMENT_PREFIX_PATH} CMAKE_PREFIX_PATH=/home/mk/dev_ws/install/zed_wrapper:/home/mk/dev_ws/install/zed_components:/home/mk/dev_ws/install/zed_interfaces:/opt/ros/humble LD_LIBRARY_PATH=/home/mk/dev_ws/install/zed_components/lib:/home/mk/dev_ws/install/zed_interfaces/lib:${LD_LIBRARY_PATH} PYTHONPATH=/home/mk/dev_ws/install/zed_interfaces/local/lib/python3.10/dist-packages:${PYTHONPATH} /usr/bin/cmake --install /home/mk/dev_ws/build/zed_ros2
[2.453s] Level 1:colcon.colcon_core.environment:create_environment_scripts_only(whisper_bringup)
[2.453s] Level 1:colcon.colcon_core.environment:checking '/home/mk/dev_ws/install/whisper_bringup' for CMake module files
[2.454s] DEBUG:colcon.colcon_core.event_handler.log_command:Invoked command in '/home/mk/dev_ws/build/whisper_bringup' returned '0': AMENT_PREFIX_PATH=/home/mk/dev_ws/install/whisper_server:/home/mk/dev_ws/install/whisper_util:/home/mk/dev_ws/install/whisper_idl:/home/mk/dev_ws/install/whisper_cpp_vendor:${AMENT_PREFIX_PATH} CMAKE_PREFIX_PATH=/home/mk/dev_ws/install/whisper_server:/home/mk/dev_ws/install/whisper_util:/home/mk/dev_ws/install/whisper_idl:/home/mk/dev_ws/install/whisper_cpp_vendor:/opt/ros/humble LD_LIBRARY_PATH=/home/mk/dev_ws/install/whisper_server/lib:/home/mk/dev_ws/install/whisper_util/lib:/home/mk/dev_ws/install/whisper_idl/lib:/home/mk/dev_ws/install/whisper_cpp_vendor/lib:${LD_LIBRARY_PATH} PYTHONPATH=/home/mk/dev_ws/install/whisper_idl/local/lib/python3.10/dist-packages:${PYTHONPATH} /usr/bin/cmake --install /home/mk/dev_ws/build/whisper_bringup
[2.454s] Level 1:colcon.colcon_core.environment:checking '/home/mk/dev_ws/install/whisper_bringup' for CMake config files
[2.454s] Level 1:colcon.colcon_core.shell:create_environment_hook('whisper_bringup', 'cmake_prefix_path')
[2.454s] INFO:colcon.colcon_core.shell:Creating environment hook '/home/mk/dev_ws/install/whisper_bringup/share/whisper_bringup/hook/cmake_prefix_path.ps1'
[2.455s] INFO:colcon.colcon_core.shell:Creating environment descriptor '/home/mk/dev_ws/install/whisper_bringup/share/whisper_bringup/hook/cmake_prefix_path.dsv'
[2.455s] INFO:colcon.colcon_core.shell:Creating environment hook '/home/mk/dev_ws/install/whisper_bringup/share/whisper_bringup/hook/cmake_prefix_path.sh'
[2.455s] Level 1:colcon.colcon_core.environment:checking '/home/mk/dev_ws/install/whisper_bringup/bin'
[2.455s] Level 1:colcon.colcon_core.environment:checking '/home/mk/dev_ws/install/whisper_bringup/lib/pkgconfig/whisper_bringup.pc'
[2.455s] Level 1:colcon.colcon_core.environment:checking '/home/mk/dev_ws/install/whisper_bringup/lib/python3.10/site-packages'
[2.455s] Level 1:colcon.colcon_core.environment:checking '/home/mk/dev_ws/install/whisper_bringup/bin'
[2.456s] INFO:colcon.colcon_core.shell:Creating package script '/home/mk/dev_ws/install/whisper_bringup/share/whisper_bringup/package.ps1'
[2.456s] INFO:colcon.colcon_core.shell:Creating package descriptor '/home/mk/dev_ws/install/whisper_bringup/share/whisper_bringup/package.dsv'
[2.457s] INFO:colcon.colcon_core.shell:Creating package script '/home/mk/dev_ws/install/whisper_bringup/share/whisper_bringup/package.sh'
[2.458s] INFO:colcon.colcon_core.shell:Creating package script '/home/mk/dev_ws/install/whisper_bringup/share/whisper_bringup/package.bash'
[2.458s] INFO:colcon.colcon_core.shell:Creating package script '/home/mk/dev_ws/install/whisper_bringup/share/whisper_bringup/package.zsh'
[2.459s] Level 1:colcon.colcon_core.environment:create_file_with_runtime_dependencies(/home/mk/dev_ws/install/whisper_bringup/share/colcon-core/packages/whisper_bringup)
[2.459s] Level 1:colcon.colcon_core.environment:create_environment_scripts_only(whisper_bringup)
[2.459s] Level 1:colcon.colcon_core.environment:checking '/home/mk/dev_ws/install/whisper_bringup' for CMake module files
[2.459s] Level 1:colcon.colcon_core.environment:checking '/home/mk/dev_ws/install/whisper_bringup' for CMake config files
[2.459s] Level 1:colcon.colcon_core.shell:create_environment_hook('whisper_bringup', 'cmake_prefix_path')
[2.460s] INFO:colcon.colcon_core.shell:Creating environment hook '/home/mk/dev_ws/install/whisper_bringup/share/whisper_bringup/hook/cmake_prefix_path.ps1'
[2.460s] INFO:colcon.colcon_core.shell:Creating environment descriptor '/home/mk/dev_ws/install/whisper_bringup/share/whisper_bringup/hook/cmake_prefix_path.dsv'
[2.460s] INFO:colcon.colcon_core.shell:Creating environment hook '/home/mk/dev_ws/install/whisper_bringup/share/whisper_bringup/hook/cmake_prefix_path.sh'
[2.460s] Level 1:colcon.colcon_core.environment:checking '/home/mk/dev_ws/install/whisper_bringup/bin'
[2.461s] Level 1:colcon.colcon_core.environment:checking '/home/mk/dev_ws/install/whisper_bringup/lib/pkgconfig/whisper_bringup.pc'
[2.461s] Level 1:colcon.colcon_core.environment:checking '/home/mk/dev_ws/install/whisper_bringup/lib/python3.10/site-packages'
[2.461s] Level 1:colcon.colcon_core.environment:checking '/home/mk/dev_ws/install/whisper_bringup/bin'
[2.461s] INFO:colcon.colcon_core.shell:Creating package script '/home/mk/dev_ws/install/whisper_bringup/share/whisper_bringup/package.ps1'
[2.461s] INFO:colcon.colcon_core.shell:Creating package descriptor '/home/mk/dev_ws/install/whisper_bringup/share/whisper_bringup/package.dsv'
[2.462s] INFO:colcon.colcon_core.shell:Creating package script '/home/mk/dev_ws/install/whisper_bringup/share/whisper_bringup/package.sh'
[2.462s] INFO:colcon.colcon_core.shell:Creating package script '/home/mk/dev_ws/install/whisper_bringup/share/whisper_bringup/package.bash'
[2.462s] INFO:colcon.colcon_core.shell:Creating package script '/home/mk/dev_ws/install/whisper_bringup/share/whisper_bringup/package.zsh'
[2.463s] Level 1:colcon.colcon_core.environment:create_file_with_runtime_dependencies(/home/mk/dev_ws/install/whisper_bringup/share/colcon-core/packages/whisper_bringup)
[2.464s] Level 1:colcon.colcon_core.environment:create_environment_scripts_only(zed_ros2)
[2.464s] Level 1:colcon.colcon_core.environment:checking '/home/mk/dev_ws/install/zed_ros2' for CMake module files
[2.465s] DEBUG:colcon.colcon_core.event_handler.log_command:Invoked command in '/home/mk/dev_ws/build/zed_ros2' returned '0': AMENT_PREFIX_PATH=/home/mk/dev_ws/install/zed_wrapper:/home/mk/dev_ws/install/zed_components:/home/mk/dev_ws/install/zed_interfaces:${AMENT_PREFIX_PATH} CMAKE_PREFIX_PATH=/home/mk/dev_ws/install/zed_wrapper:/home/mk/dev_ws/install/zed_components:/home/mk/dev_ws/install/zed_interfaces:/opt/ros/humble LD_LIBRARY_PATH=/home/mk/dev_ws/install/zed_components/lib:/home/mk/dev_ws/install/zed_interfaces/lib:${LD_LIBRARY_PATH} PYTHONPATH=/home/mk/dev_ws/install/zed_interfaces/local/lib/python3.10/dist-packages:${PYTHONPATH} /usr/bin/cmake --install /home/mk/dev_ws/build/zed_ros2
[2.465s] Level 1:colcon.colcon_core.environment:checking '/home/mk/dev_ws/install/zed_ros2' for CMake config files
[2.465s] Level 1:colcon.colcon_core.shell:create_environment_hook('zed_ros2', 'cmake_prefix_path')
[2.465s] INFO:colcon.colcon_core.shell:Creating environment hook '/home/mk/dev_ws/install/zed_ros2/share/zed_ros2/hook/cmake_prefix_path.ps1'
[2.465s] INFO:colcon.colcon_core.shell:Creating environment descriptor '/home/mk/dev_ws/install/zed_ros2/share/zed_ros2/hook/cmake_prefix_path.dsv'
[2.465s] INFO:colcon.colcon_core.shell:Creating environment hook '/home/mk/dev_ws/install/zed_ros2/share/zed_ros2/hook/cmake_prefix_path.sh'
[2.466s] Level 1:colcon.colcon_core.environment:checking '/home/mk/dev_ws/install/zed_ros2/bin'
[2.466s] Level 1:colcon.colcon_core.environment:checking '/home/mk/dev_ws/install/zed_ros2/lib/pkgconfig/zed_ros2.pc'
[2.466s] Level 1:colcon.colcon_core.environment:checking '/home/mk/dev_ws/install/zed_ros2/lib/python3.10/site-packages'
[2.466s] Level 1:colcon.colcon_core.environment:checking '/home/mk/dev_ws/install/zed_ros2/bin'
[2.466s] INFO:colcon.colcon_core.shell:Creating package script '/home/mk/dev_ws/install/zed_ros2/share/zed_ros2/package.ps1'
[2.467s] INFO:colcon.colcon_core.shell:Creating package descriptor '/home/mk/dev_ws/install/zed_ros2/share/zed_ros2/package.dsv'
[2.467s] INFO:colcon.colcon_core.shell:Creating package script '/home/mk/dev_ws/install/zed_ros2/share/zed_ros2/package.sh'
[2.467s] INFO:colcon.colcon_core.shell:Creating package script '/home/mk/dev_ws/install/zed_ros2/share/zed_ros2/package.bash'
[2.467s] INFO:colcon.colcon_core.shell:Creating package script '/home/mk/dev_ws/install/zed_ros2/share/zed_ros2/package.zsh'
[2.467s] Level 1:colcon.colcon_core.environment:create_file_with_runtime_dependencies(/home/mk/dev_ws/install/zed_ros2/share/colcon-core/packages/zed_ros2)
[2.468s] Level 1:colcon.colcon_core.environment:create_environment_scripts_only(zed_ros2)
[2.468s] Level 1:colcon.colcon_core.environment:checking '/home/mk/dev_ws/install/zed_ros2' for CMake module files
[2.468s] Level 1:colcon.colcon_core.environment:checking '/home/mk/dev_ws/install/zed_ros2' for CMake config files
[2.468s] Level 1:colcon.colcon_core.shell:create_environment_hook('zed_ros2', 'cmake_prefix_path')
[2.468s] INFO:colcon.colcon_core.shell:Creating environment hook '/home/mk/dev_ws/install/zed_ros2/share/zed_ros2/hook/cmake_prefix_path.ps1'
[2.469s] INFO:colcon.colcon_core.shell:Creating environment descriptor '/home/mk/dev_ws/install/zed_ros2/share/zed_ros2/hook/cmake_prefix_path.dsv'
[2.469s] INFO:colcon.colcon_core.shell:Creating environment hook '/home/mk/dev_ws/install/zed_ros2/share/zed_ros2/hook/cmake_prefix_path.sh'
[2.469s] Level 1:colcon.colcon_core.environment:checking '/home/mk/dev_ws/install/zed_ros2/bin'
[2.469s] Level 1:colcon.colcon_core.environment:checking '/home/mk/dev_ws/install/zed_ros2/lib/pkgconfig/zed_ros2.pc'
[2.469s] Level 1:colcon.colcon_core.environment:checking '/home/mk/dev_ws/install/zed_ros2/lib/python3.10/site-packages'
[2.469s] Level 1:colcon.colcon_core.environment:checking '/home/mk/dev_ws/install/zed_ros2/bin'
[2.470s] INFO:colcon.colcon_core.shell:Creating package script '/home/mk/dev_ws/install/zed_ros2/share/zed_ros2/package.ps1'
[2.470s] INFO:colcon.colcon_core.shell:Creating package descriptor '/home/mk/dev_ws/install/zed_ros2/share/zed_ros2/package.dsv'
[2.470s] INFO:colcon.colcon_core.shell:Creating package script '/home/mk/dev_ws/install/zed_ros2/share/zed_ros2/package.sh'
[2.470s] INFO:colcon.colcon_core.shell:Creating package script '/home/mk/dev_ws/install/zed_ros2/share/zed_ros2/package.bash'
[2.471s] INFO:colcon.colcon_core.shell:Creating package script '/home/mk/dev_ws/install/zed_ros2/share/zed_ros2/package.zsh'
[2.471s] Level 1:colcon.colcon_core.environment:create_file_with_runtime_dependencies(/home/mk/dev_ws/install/zed_ros2/share/colcon-core/packages/zed_ros2)
[2.489s] DEBUG:colcon.colcon_core.event_handler.log_command:Invoking command in '/home/mk/dev_ws/build/move_to_coordinator': AMENT_PREFIX_PATH=/home/mk/dev_ws/install/xarm_msgs:${AMENT_PREFIX_PATH} CMAKE_PREFIX_PATH=/home/mk/dev_ws/install/xarm_msgs LD_LIBRARY_PATH=/home/mk/dev_ws/install/xarm_msgs/lib:${LD_LIBRARY_PATH} PYTHONPATH=/home/mk/dev_ws/build/move_to_coordinator/prefix_override:/usr/lib/python3/dist-packages/colcon_core/task/python/colcon_distutils_commands:/home/mk/dev_ws/install/move_to_coordinator/lib/python3.10/site-packages:/home/mk/dev_ws/install/xarm_msgs/local/lib/python3.10/dist-packages:${PYTHONPATH} /usr/bin/python3 -W ignore:setup.py install is deprecated -W ignore:easy_install command is deprecated setup.py develop --editable --build-directory /home/mk/dev_ws/build/move_to_coordinator/build --no-deps symlink_data
[2.491s] DEBUG:colcon.colcon_core.event_handler.log_command:Invoking command in '/home/mk/dev_ws/build/voice_command_listener': AMENT_PREFIX_PATH=/home/mk/dev_ws/install/whisper_idl:${AMENT_PREFIX_PATH} CMAKE_PREFIX_PATH=/home/mk/dev_ws/install/whisper_idl LD_LIBRARY_PATH=/home/mk/dev_ws/install/whisper_idl/lib:${LD_LIBRARY_PATH} PYTHONPATH=/home/mk/dev_ws/build/voice_command_listener/prefix_override:/usr/lib/python3/dist-packages/colcon_core/task/python/colcon_distutils_commands:/home/mk/dev_ws/install/voice_command_listener/lib/python3.10/site-packages:/home/mk/dev_ws/install/whisper_idl/local/lib/python3.10/dist-packages:${PYTHONPATH} /usr/bin/python3 -W ignore:setup.py install is deprecated -W ignore:easy_install command is deprecated setup.py develop --editable --build-directory /home/mk/dev_ws/build/voice_command_listener/build --no-deps symlink_data
[2.502s] DEBUG:colcon.colcon_core.event_handler.log_command:Invoking command in '/home/mk/dev_ws/build/motion_sequence': AMENT_PREFIX_PATH=/home/mk/dev_ws/install/xarm_msgs:${AMENT_PREFIX_PATH} CMAKE_PREFIX_PATH=/home/mk/dev_ws/install/xarm_msgs LD_LIBRARY_PATH=/home/mk/dev_ws/install/xarm_msgs/lib:${LD_LIBRARY_PATH} PYTHONPATH=/home/mk/dev_ws/build/motion_sequence/prefix_override:/usr/lib/python3/dist-packages/colcon_core/task/python/colcon_distutils_commands:/home/mk/dev_ws/install/motion_sequence/lib/python3.10/site-packages:/home/mk/dev_ws/install/xarm_msgs/local/lib/python3.10/dist-packages:${PYTHONPATH} /usr/bin/python3 -W ignore:setup.py install is deprecated -W ignore:easy_install command is deprecated setup.py develop --editable --build-directory /home/mk/dev_ws/build/motion_sequence/build --no-deps symlink_data
[2.508s] DEBUG:colcon.colcon_core.event_handler.log_command:Invoked command in '/home/mk/dev_ws/build/xarm_gazebo' returned '0': AMENT_PREFIX_PATH=/home/mk/dev_ws/install/xarm_controller:/home/mk/dev_ws/install/xarm_api:/home/mk/dev_ws/install/xarm_sdk:/home/mk/dev_ws/install/xarm_msgs:/home/mk/dev_ws/install/xarm_description:/home/mk/dev_ws/install/uf_ros_lib:${AMENT_PREFIX_PATH} CMAKE_PREFIX_PATH=/home/mk/dev_ws/install/xarm_controller:/home/mk/dev_ws/install/xarm_api:/home/mk/dev_ws/install/xarm_sdk:/home/mk/dev_ws/install/xarm_msgs:/home/mk/dev_ws/install/xarm_description:/opt/ros/humble LD_LIBRARY_PATH=/home/mk/dev_ws/install/xarm_controller/lib:/home/mk/dev_ws/install/xarm_api/lib:/home/mk/dev_ws/install/xarm_sdk/lib:/home/mk/dev_ws/install/xarm_msgs/lib:${LD_LIBRARY_PATH} PYTHONPATH=/home/mk/dev_ws/install/xarm_msgs/local/lib/python3.10/dist-packages:/home/mk/dev_ws/build/uf_ros_lib:/home/mk/dev_ws/install/uf_ros_lib/lib/python3.10/site-packages:${PYTHONPATH} /usr/bin/cmake --build /home/mk/dev_ws/build/xarm_gazebo -- -j20 -l20
[2.509s] DEBUG:colcon.colcon_core.event_handler.log_command:Invoking command in '/home/mk/dev_ws/build/xarm_gazebo': AMENT_PREFIX_PATH=/home/mk/dev_ws/install/xarm_controller:/home/mk/dev_ws/install/xarm_api:/home/mk/dev_ws/install/xarm_sdk:/home/mk/dev_ws/install/xarm_msgs:/home/mk/dev_ws/install/xarm_description:/home/mk/dev_ws/install/uf_ros_lib:${AMENT_PREFIX_PATH} CMAKE_PREFIX_PATH=/home/mk/dev_ws/install/xarm_controller:/home/mk/dev_ws/install/xarm_api:/home/mk/dev_ws/install/xarm_sdk:/home/mk/dev_ws/install/xarm_msgs:/home/mk/dev_ws/install/xarm_description:/opt/ros/humble LD_LIBRARY_PATH=/home/mk/dev_ws/install/xarm_controller/lib:/home/mk/dev_ws/install/xarm_api/lib:/home/mk/dev_ws/install/xarm_sdk/lib:/home/mk/dev_ws/install/xarm_msgs/lib:${LD_LIBRARY_PATH} PYTHONPATH=/home/mk/dev_ws/install/xarm_msgs/local/lib/python3.10/dist-packages:/home/mk/dev_ws/build/uf_ros_lib:/home/mk/dev_ws/install/uf_ros_lib/lib/python3.10/site-packages:${PYTHONPATH} /usr/bin/cmake --install /home/mk/dev_ws/build/xarm_gazebo
[2.515s] Level 1:colcon.colcon_core.shell:create_environment_hook('collision_check', 'pythonpath_develop')
[2.516s] INFO:colcon.colcon_core.shell:Creating environment hook '/home/mk/dev_ws/build/collision_check/share/collision_check/hook/pythonpath_develop.ps1'
[2.516s] DEBUG:colcon.colcon_core.event_handler.log_command:Invoked command in '/home/mk/dev_ws/build/collision_check' returned '0': PYTHONPATH=/home/mk/dev_ws/build/collision_check/prefix_override:/usr/lib/python3/dist-packages/colcon_core/task/python/colcon_distutils_commands:/home/mk/dev_ws/install/collision_check/lib/python3.10/site-packages:${PYTHONPATH} /usr/bin/python3 -W ignore:setup.py install is deprecated -W ignore:easy_install command is deprecated setup.py develop --editable --build-directory /home/mk/dev_ws/build/collision_check/build --no-deps symlink_data
[2.516s] INFO:colcon.colcon_core.shell:Creating environment descriptor '/home/mk/dev_ws/build/collision_check/share/collision_check/hook/pythonpath_develop.dsv'
[2.517s] INFO:colcon.colcon_core.shell:Creating environment hook '/home/mk/dev_ws/build/collision_check/share/collision_check/hook/pythonpath_develop.sh'
[2.518s] Level 1:colcon.colcon_core.environment:checking '/home/mk/dev_ws/install/collision_check' for CMake module files
[2.519s] Level 1:colcon.colcon_core.environment:checking '/home/mk/dev_ws/install/collision_check' for CMake config files
[2.520s] Level 1:colcon.colcon_core.environment:checking '/home/mk/dev_ws/install/collision_check/lib'
[2.520s] Level 1:colcon.colcon_core.environment:checking '/home/mk/dev_ws/install/collision_check/bin'
[2.520s] Level 1:colcon.colcon_core.environment:checking '/home/mk/dev_ws/install/collision_check/lib/pkgconfig/collision_check.pc'
[2.520s] Level 1:colcon.colcon_core.environment:checking '/home/mk/dev_ws/install/collision_check/lib/python3.10/site-packages'
[2.520s] Level 1:colcon.colcon_core.shell:create_environment_hook('collision_check', 'pythonpath')
[2.521s] INFO:colcon.colcon_core.shell:Creating environment hook '/home/mk/dev_ws/install/collision_check/share/collision_check/hook/pythonpath.ps1'
[2.521s] INFO:colcon.colcon_core.shell:Creating environment descriptor '/home/mk/dev_ws/install/collision_check/share/collision_check/hook/pythonpath.dsv'
[2.521s] INFO:colcon.colcon_core.shell:Creating environment hook '/home/mk/dev_ws/install/collision_check/share/collision_check/hook/pythonpath.sh'
[2.521s] Level 1:colcon.colcon_core.environment:checking '/home/mk/dev_ws/install/collision_check/bin'
[2.521s] Level 1:colcon.colcon_core.environment:create_environment_scripts_only(collision_check)
[2.522s] INFO:colcon.colcon_core.shell:Creating package script '/home/mk/dev_ws/install/collision_check/share/collision_check/package.ps1'
[2.522s] INFO:colcon.colcon_core.shell:Creating package descriptor '/home/mk/dev_ws/install/collision_check/share/collision_check/package.dsv'
[2.522s] INFO:colcon.colcon_core.shell:Creating package script '/home/mk/dev_ws/install/collision_check/share/collision_check/package.sh'
[2.522s] INFO:colcon.colcon_core.shell:Creating package script '/home/mk/dev_ws/install/collision_check/share/collision_check/package.bash'
[2.523s] INFO:colcon.colcon_core.shell:Creating package script '/home/mk/dev_ws/install/collision_check/share/collision_check/package.zsh'
[2.523s] Level 1:colcon.colcon_core.environment:create_file_with_runtime_dependencies(/home/mk/dev_ws/install/collision_check/share/colcon-core/packages/collision_check)
[2.523s] Level 1:colcon.colcon_core.shell:create_environment_hook('rviz_marker_static_scene_objects', 'pythonpath_develop')
[2.523s] INFO:colcon.colcon_core.shell:Creating environment hook '/home/mk/dev_ws/build/rviz_marker_static_scene_objects/share/rviz_marker_static_scene_objects/hook/pythonpath_develop.ps1'
[2.524s] INFO:colcon.colcon_core.shell:Creating environment descriptor '/home/mk/dev_ws/build/rviz_marker_static_scene_objects/share/rviz_marker_static_scene_objects/hook/pythonpath_develop.dsv'
[2.524s] INFO:colcon.colcon_core.shell:Creating environment hook '/home/mk/dev_ws/build/rviz_marker_static_scene_objects/share/rviz_marker_static_scene_objects/hook/pythonpath_develop.sh'
[2.524s] DEBUG:colcon.colcon_core.event_handler.log_command:Invoked command in '/home/mk/dev_ws/build/rviz_marker_static_scene_objects' returned '0': PYTHONPATH=/home/mk/dev_ws/build/rviz_marker_static_scene_objects/prefix_override:/usr/lib/python3/dist-packages/colcon_core/task/python/colcon_distutils_commands:/home/mk/dev_ws/install/rviz_marker_static_scene_objects/lib/python3.10/site-packages:${PYTHONPATH} /usr/bin/python3 -W ignore:setup.py install is deprecated -W ignore:easy_install command is deprecated setup.py develop --editable --build-directory /home/mk/dev_ws/build/rviz_marker_static_scene_objects/build --no-deps symlink_data
[2.524s] Level 1:colcon.colcon_core.environment:checking '/home/mk/dev_ws/install/rviz_marker_static_scene_objects' for CMake module files
[2.525s] Level 1:colcon.colcon_core.environment:checking '/home/mk/dev_ws/install/rviz_marker_static_scene_objects' for CMake config files
[2.525s] Level 1:colcon.colcon_core.environment:checking '/home/mk/dev_ws/install/rviz_marker_static_scene_objects/lib'
[2.525s] Level 1:colcon.colcon_core.environment:checking '/home/mk/dev_ws/install/rviz_marker_static_scene_objects/bin'
[2.525s] Level 1:colcon.colcon_core.environment:checking '/home/mk/dev_ws/install/rviz_marker_static_scene_objects/lib/pkgconfig/rviz_marker_static_scene_objects.pc'
[2.525s] Level 1:colcon.colcon_core.environment:checking '/home/mk/dev_ws/install/rviz_marker_static_scene_objects/lib/python3.10/site-packages'
[2.525s] Level 1:colcon.colcon_core.shell:create_environment_hook('rviz_marker_static_scene_objects', 'pythonpath')
[2.525s] INFO:colcon.colcon_core.shell:Creating environment hook '/home/mk/dev_ws/install/rviz_marker_static_scene_objects/share/rviz_marker_static_scene_objects/hook/pythonpath.ps1'
[2.525s] INFO:colcon.colcon_core.shell:Creating environment descriptor '/home/mk/dev_ws/install/rviz_marker_static_scene_objects/share/rviz_marker_static_scene_objects/hook/pythonpath.dsv'
[2.526s] INFO:colcon.colcon_core.shell:Creating environment hook '/home/mk/dev_ws/install/rviz_marker_static_scene_objects/share/rviz_marker_static_scene_objects/hook/pythonpath.sh'
[2.526s] Level 1:colcon.colcon_core.environment:checking '/home/mk/dev_ws/install/rviz_marker_static_scene_objects/bin'
[2.526s] Level 1:colcon.colcon_core.environment:create_environment_scripts_only(rviz_marker_static_scene_objects)
[2.526s] INFO:colcon.colcon_core.shell:Creating package script '/home/mk/dev_ws/install/rviz_marker_static_scene_objects/share/rviz_marker_static_scene_objects/package.ps1'
[2.527s] INFO:colcon.colcon_core.shell:Creating package descriptor '/home/mk/dev_ws/install/rviz_marker_static_scene_objects/share/rviz_marker_static_scene_objects/package.dsv'
[2.527s] INFO:colcon.colcon_core.shell:Creating package script '/home/mk/dev_ws/install/rviz_marker_static_scene_objects/share/rviz_marker_static_scene_objects/package.sh'
[2.527s] INFO:colcon.colcon_core.shell:Creating package script '/home/mk/dev_ws/install/rviz_marker_static_scene_objects/share/rviz_marker_static_scene_objects/package.bash'
[2.527s] INFO:colcon.colcon_core.shell:Creating package script '/home/mk/dev_ws/install/rviz_marker_static_scene_objects/share/rviz_marker_static_scene_objects/package.zsh'
[2.527s] Level 1:colcon.colcon_core.environment:create_file_with_runtime_dependencies(/home/mk/dev_ws/install/rviz_marker_static_scene_objects/share/colcon-core/packages/rviz_marker_static_scene_objects)
[2.529s] Level 1:colcon.colcon_core.environment:create_environment_scripts_only(xarm_gazebo)
[2.529s] Level 1:colcon.colcon_core.environment:checking '/home/mk/dev_ws/install/xarm_gazebo' for CMake module files
[2.530s] DEBUG:colcon.colcon_core.event_handler.log_command:Invoked command in '/home/mk/dev_ws/build/xarm_gazebo' returned '0': AMENT_PREFIX_PATH=/home/mk/dev_ws/install/xarm_controller:/home/mk/dev_ws/install/xarm_api:/home/mk/dev_ws/install/xarm_sdk:/home/mk/dev_ws/install/xarm_msgs:/home/mk/dev_ws/install/xarm_description:/home/mk/dev_ws/install/uf_ros_lib:${AMENT_PREFIX_PATH} CMAKE_PREFIX_PATH=/home/mk/dev_ws/install/xarm_controller:/home/mk/dev_ws/install/xarm_api:/home/mk/dev_ws/install/xarm_sdk:/home/mk/dev_ws/install/xarm_msgs:/home/mk/dev_ws/install/xarm_description:/opt/ros/humble LD_LIBRARY_PATH=/home/mk/dev_ws/install/xarm_controller/lib:/home/mk/dev_ws/install/xarm_api/lib:/home/mk/dev_ws/install/xarm_sdk/lib:/home/mk/dev_ws/install/xarm_msgs/lib:${LD_LIBRARY_PATH} PYTHONPATH=/home/mk/dev_ws/install/xarm_msgs/local/lib/python3.10/dist-packages:/home/mk/dev_ws/build/uf_ros_lib:/home/mk/dev_ws/install/uf_ros_lib/lib/python3.10/site-packages:${PYTHONPATH} /usr/bin/cmake --install /home/mk/dev_ws/build/xarm_gazebo
[2.530s] Level 1:colcon.colcon_core.environment:checking '/home/mk/dev_ws/install/xarm_gazebo' for CMake config files
[2.531s] Level 1:colcon.colcon_core.shell:create_environment_hook('xarm_gazebo', 'cmake_prefix_path')
[2.531s] INFO:colcon.colcon_core.shell:Creating environment hook '/home/mk/dev_ws/install/xarm_gazebo/share/xarm_gazebo/hook/cmake_prefix_path.ps1'
[2.531s] INFO:colcon.colcon_core.shell:Creating environment descriptor '/home/mk/dev_ws/install/xarm_gazebo/share/xarm_gazebo/hook/cmake_prefix_path.dsv'
[2.531s] INFO:colcon.colcon_core.shell:Creating environment hook '/home/mk/dev_ws/install/xarm_gazebo/share/xarm_gazebo/hook/cmake_prefix_path.sh'
[2.532s] Level 1:colcon.colcon_core.environment:checking '/home/mk/dev_ws/install/xarm_gazebo/lib'
[2.532s] Level 1:colcon.colcon_core.shell:create_environment_hook('xarm_gazebo', 'ld_library_path_lib')
[2.532s] INFO:colcon.colcon_core.shell:Creating environment hook '/home/mk/dev_ws/install/xarm_gazebo/share/xarm_gazebo/hook/ld_library_path_lib.ps1'
[2.532s] INFO:colcon.colcon_core.shell:Creating environment descriptor '/home/mk/dev_ws/install/xarm_gazebo/share/xarm_gazebo/hook/ld_library_path_lib.dsv'
[2.532s] INFO:colcon.colcon_core.shell:Creating environment hook '/home/mk/dev_ws/install/xarm_gazebo/share/xarm_gazebo/hook/ld_library_path_lib.sh'
[2.532s] Level 1:colcon.colcon_core.environment:checking '/home/mk/dev_ws/install/xarm_gazebo/bin'
[2.532s] Level 1:colcon.colcon_core.environment:checking '/home/mk/dev_ws/install/xarm_gazebo/lib/pkgconfig/xarm_gazebo.pc'
[2.533s] Level 1:colcon.colcon_core.environment:checking '/home/mk/dev_ws/install/xarm_gazebo/lib/python3.10/site-packages'
[2.533s] Level 1:colcon.colcon_core.environment:checking '/home/mk/dev_ws/install/xarm_gazebo/bin'
[2.533s] INFO:colcon.colcon_core.shell:Creating package script '/home/mk/dev_ws/install/xarm_gazebo/share/xarm_gazebo/package.ps1'
[2.533s] INFO:colcon.colcon_core.shell:Creating package descriptor '/home/mk/dev_ws/install/xarm_gazebo/share/xarm_gazebo/package.dsv'
[2.533s] INFO:colcon.colcon_core.shell:Creating package script '/home/mk/dev_ws/install/xarm_gazebo/share/xarm_gazebo/package.sh'
[2.534s] INFO:colcon.colcon_core.shell:Creating package script '/home/mk/dev_ws/install/xarm_gazebo/share/xarm_gazebo/package.bash'
[2.534s] INFO:colcon.colcon_core.shell:Creating package script '/home/mk/dev_ws/install/xarm_gazebo/share/xarm_gazebo/package.zsh'
[2.534s] Level 1:colcon.colcon_core.environment:create_file_with_runtime_dependencies(/home/mk/dev_ws/install/xarm_gazebo/share/colcon-core/packages/xarm_gazebo)
[2.534s] Level 1:colcon.colcon_core.environment:create_environment_scripts_only(xarm_gazebo)
[2.534s] Level 1:colcon.colcon_core.environment:checking '/home/mk/dev_ws/install/xarm_gazebo' for CMake module files
[2.534s] Level 1:colcon.colcon_core.environment:checking '/home/mk/dev_ws/install/xarm_gazebo' for CMake config files
[2.535s] Level 1:colcon.colcon_core.shell:create_environment_hook('xarm_gazebo', 'cmake_prefix_path')
[2.535s] INFO:colcon.colcon_core.shell:Creating environment hook '/home/mk/dev_ws/install/xarm_gazebo/share/xarm_gazebo/hook/cmake_prefix_path.ps1'
[2.535s] INFO:colcon.colcon_core.shell:Creating environment descriptor '/home/mk/dev_ws/install/xarm_gazebo/share/xarm_gazebo/hook/cmake_prefix_path.dsv'
[2.535s] INFO:colcon.colcon_core.shell:Creating environment hook '/home/mk/dev_ws/install/xarm_gazebo/share/xarm_gazebo/hook/cmake_prefix_path.sh'
[2.535s] Level 1:colcon.colcon_core.environment:checking '/home/mk/dev_ws/install/xarm_gazebo/lib'
[2.535s] Level 1:colcon.colcon_core.shell:create_environment_hook('xarm_gazebo', 'ld_library_path_lib')
[2.535s] INFO:colcon.colcon_core.shell:Creating environment hook '/home/mk/dev_ws/install/xarm_gazebo/share/xarm_gazebo/hook/ld_library_path_lib.ps1'
[2.536s] INFO:colcon.colcon_core.shell:Creating environment descriptor '/home/mk/dev_ws/install/xarm_gazebo/share/xarm_gazebo/hook/ld_library_path_lib.dsv'
[2.536s] INFO:colcon.colcon_core.shell:Creating environment hook '/home/mk/dev_ws/install/xarm_gazebo/share/xarm_gazebo/hook/ld_library_path_lib.sh'
[2.536s] Level 1:colcon.colcon_core.environment:checking '/home/mk/dev_ws/install/xarm_gazebo/bin'
[2.536s] Level 1:colcon.colcon_core.environment:checking '/home/mk/dev_ws/install/xarm_gazebo/lib/pkgconfig/xarm_gazebo.pc'
[2.536s] Level 1:colcon.colcon_core.environment:checking '/home/mk/dev_ws/install/xarm_gazebo/lib/python3.10/site-packages'
[2.536s] Level 1:colcon.colcon_core.environment:checking '/home/mk/dev_ws/install/xarm_gazebo/bin'
[2.536s] INFO:colcon.colcon_core.shell:Creating package script '/home/mk/dev_ws/install/xarm_gazebo/share/xarm_gazebo/package.ps1'
[2.537s] INFO:colcon.colcon_core.shell:Creating package descriptor '/home/mk/dev_ws/install/xarm_gazebo/share/xarm_gazebo/package.dsv'
[2.537s] INFO:colcon.colcon_core.shell:Creating package script '/home/mk/dev_ws/install/xarm_gazebo/share/xarm_gazebo/package.sh'
[2.537s] INFO:colcon.colcon_core.shell:Creating package script '/home/mk/dev_ws/install/xarm_gazebo/share/xarm_gazebo/package.bash'
[2.538s] INFO:colcon.colcon_core.shell:Creating package script '/home/mk/dev_ws/install/xarm_gazebo/share/xarm_gazebo/package.zsh'
[2.538s] Level 1:colcon.colcon_core.environment:create_file_with_runtime_dependencies(/home/mk/dev_ws/install/xarm_gazebo/share/colcon-core/packages/xarm_gazebo)
[2.538s] INFO:colcon.colcon_ros.task.ament_cmake.build:Building ROS package in '/home/mk/dev_ws/src/xarm_ros2/xarm_moveit_config' with build type 'ament_cmake'
[2.538s] INFO:colcon.colcon_cmake.task.cmake.build:Building CMake package in '/home/mk/dev_ws/src/xarm_ros2/xarm_moveit_config'
[2.538s] INFO:colcon.colcon_core.shell:Skip shell extension 'powershell' for command environment: Not usable outside of PowerShell
[2.538s] DEBUG:colcon.colcon_core.shell:Skip shell extension 'dsv' for command environment
[2.541s] Level 1:colcon.colcon_core.shell:create_environment_hook('audio_listener', 'pythonpath_develop')
[2.541s] INFO:colcon.colcon_core.shell:Creating environment hook '/home/mk/dev_ws/build/audio_listener/share/audio_listener/hook/pythonpath_develop.ps1'
[2.541s] DEBUG:colcon.colcon_core.event_handler.log_command:Invoked command in '/home/mk/dev_ws/build/audio_listener' returned '0': PYTHONPATH=/home/mk/dev_ws/build/audio_listener/prefix_override:/usr/lib/python3/dist-packages/colcon_core/task/python/colcon_distutils_commands:/home/mk/dev_ws/install/audio_listener/lib/python3.10/site-packages:${PYTHONPATH} /usr/bin/python3 -W ignore:setup.py install is deprecated -W ignore:easy_install command is deprecated setup.py develop --editable --build-directory /home/mk/dev_ws/build/audio_listener/build --no-deps symlink_data
[2.542s] INFO:colcon.colcon_core.shell:Creating environment descriptor '/home/mk/dev_ws/build/audio_listener/share/audio_listener/hook/pythonpath_develop.dsv'
[2.542s] INFO:colcon.colcon_core.shell:Creating environment hook '/home/mk/dev_ws/build/audio_listener/share/audio_listener/hook/pythonpath_develop.sh'
[2.542s] Level 1:colcon.colcon_core.environment:checking '/home/mk/dev_ws/install/audio_listener' for CMake module files
[2.543s] Level 1:colcon.colcon_core.environment:checking '/home/mk/dev_ws/install/audio_listener' for CMake config files
[2.543s] Level 1:colcon.colcon_core.environment:checking '/home/mk/dev_ws/install/audio_listener/lib'
[2.543s] Level 1:colcon.colcon_core.environment:checking '/home/mk/dev_ws/install/audio_listener/bin'
[2.543s] Level 1:colcon.colcon_core.environment:checking '/home/mk/dev_ws/install/audio_listener/lib/pkgconfig/audio_listener.pc'
[2.544s] Level 1:colcon.colcon_core.environment:checking '/home/mk/dev_ws/install/audio_listener/lib/python3.10/site-packages'
[2.544s] Level 1:colcon.colcon_core.shell:create_environment_hook('audio_listener', 'pythonpath')
[2.544s] INFO:colcon.colcon_core.shell:Creating environment hook '/home/mk/dev_ws/install/audio_listener/share/audio_listener/hook/pythonpath.ps1'
[2.544s] INFO:colcon.colcon_core.shell:Creating environment descriptor '/home/mk/dev_ws/install/audio_listener/share/audio_listener/hook/pythonpath.dsv'
[2.544s] INFO:colcon.colcon_core.shell:Creating environment hook '/home/mk/dev_ws/install/audio_listener/share/audio_listener/hook/pythonpath.sh'
[2.545s] Level 1:colcon.colcon_core.environment:checking '/home/mk/dev_ws/install/audio_listener/bin'
[2.545s] Level 1:colcon.colcon_core.environment:create_environment_scripts_only(audio_listener)
[2.545s] INFO:colcon.colcon_core.shell:Creating package script '/home/mk/dev_ws/install/audio_listener/share/audio_listener/package.ps1'
[2.545s] INFO:colcon.colcon_core.shell:Creating package descriptor '/home/mk/dev_ws/install/audio_listener/share/audio_listener/package.dsv'
[2.546s] INFO:colcon.colcon_core.shell:Creating package script '/home/mk/dev_ws/install/audio_listener/share/audio_listener/package.sh'
[2.546s] INFO:colcon.colcon_core.shell:Creating package script '/home/mk/dev_ws/install/audio_listener/share/audio_listener/package.bash'
[2.546s] INFO:colcon.colcon_core.shell:Creating package script '/home/mk/dev_ws/install/audio_listener/share/audio_listener/package.zsh'
[2.546s] Level 1:colcon.colcon_core.environment:create_file_with_runtime_dependencies(/home/mk/dev_ws/install/audio_listener/share/colcon-core/packages/audio_listener)
[2.546s] INFO:colcon.colcon_ros.task.ament_python.build:Building ROS package in '/home/mk/dev_ws/src/ros2_whisper/whisper_demos' with build type 'ament_python'
[2.546s] Level 1:colcon.colcon_core.shell:create_environment_hook('whisper_demos', 'ament_prefix_path')
[2.546s] INFO:colcon.colcon_core.shell:Creating environment hook '/home/mk/dev_ws/install/whisper_demos/share/whisper_demos/hook/ament_prefix_path.ps1'
[2.547s] INFO:colcon.colcon_core.shell:Creating environment descriptor '/home/mk/dev_ws/install/whisper_demos/share/whisper_demos/hook/ament_prefix_path.dsv'
[2.547s] INFO:colcon.colcon_core.shell:Creating environment hook '/home/mk/dev_ws/install/whisper_demos/share/whisper_demos/hook/ament_prefix_path.sh'
[2.547s] INFO:colcon.colcon_core.shell:Skip shell extension 'powershell' for command environment: Not usable outside of PowerShell
[2.547s] DEBUG:colcon.colcon_core.shell:Skip shell extension 'dsv' for command environment
[2.551s] DEBUG:colcon.colcon_core.event_handler.log_command:Invoking command in '/home/mk/dev_ws/build/xarm_moveit_config': AMENT_PREFIX_PATH=/home/mk/dev_ws/install/xarm_gazebo:/home/mk/dev_ws/install/xarm_controller:/home/mk/dev_ws/install/xarm_api:/home/mk/dev_ws/install/xarm_sdk:/home/mk/dev_ws/install/xarm_msgs:/home/mk/dev_ws/install/xarm_description:/home/mk/dev_ws/install/uf_ros_lib:${AMENT_PREFIX_PATH} CMAKE_PREFIX_PATH=/home/mk/dev_ws/install/xarm_gazebo:/home/mk/dev_ws/install/xarm_controller:/home/mk/dev_ws/install/xarm_api:/home/mk/dev_ws/install/xarm_sdk:/home/mk/dev_ws/install/xarm_msgs:/home/mk/dev_ws/install/xarm_description:/opt/ros/humble LD_LIBRARY_PATH=/home/mk/dev_ws/install/xarm_gazebo/lib:/home/mk/dev_ws/install/xarm_controller/lib:/home/mk/dev_ws/install/xarm_api/lib:/home/mk/dev_ws/install/xarm_sdk/lib:/home/mk/dev_ws/install/xarm_msgs/lib:${LD_LIBRARY_PATH} PYTHONPATH=/home/mk/dev_ws/install/xarm_msgs/local/lib/python3.10/dist-packages:/home/mk/dev_ws/build/uf_ros_lib:/home/mk/dev_ws/install/uf_ros_lib/lib/python3.10/site-packages:${PYTHONPATH} /usr/bin/cmake --build /home/mk/dev_ws/build/xarm_moveit_config -- -j20 -l20
[2.699s] INFO:colcon.colcon_core.task.python.build:Building Python package in '/home/mk/dev_ws/src/ros2_whisper/whisper_demos'
[2.699s] INFO:colcon.colcon_core.shell:Skip shell extension 'powershell' for command environment: Not usable outside of PowerShell
[2.699s] DEBUG:colcon.colcon_core.shell:Skip shell extension 'dsv' for command environment
[2.702s] DEBUG:colcon.colcon_core.event_handler.log_command:Invoked command in '/home/mk/dev_ws/build/xarm_moveit_config' returned '0': AMENT_PREFIX_PATH=/home/mk/dev_ws/install/xarm_gazebo:/home/mk/dev_ws/install/xarm_controller:/home/mk/dev_ws/install/xarm_api:/home/mk/dev_ws/install/xarm_sdk:/home/mk/dev_ws/install/xarm_msgs:/home/mk/dev_ws/install/xarm_description:/home/mk/dev_ws/install/uf_ros_lib:${AMENT_PREFIX_PATH} CMAKE_PREFIX_PATH=/home/mk/dev_ws/install/xarm_gazebo:/home/mk/dev_ws/install/xarm_controller:/home/mk/dev_ws/install/xarm_api:/home/mk/dev_ws/install/xarm_sdk:/home/mk/dev_ws/install/xarm_msgs:/home/mk/dev_ws/install/xarm_description:/opt/ros/humble LD_LIBRARY_PATH=/home/mk/dev_ws/install/xarm_gazebo/lib:/home/mk/dev_ws/install/xarm_controller/lib:/home/mk/dev_ws/install/xarm_api/lib:/home/mk/dev_ws/install/xarm_sdk/lib:/home/mk/dev_ws/install/xarm_msgs/lib:${LD_LIBRARY_PATH} PYTHONPATH=/home/mk/dev_ws/install/xarm_msgs/local/lib/python3.10/dist-packages:/home/mk/dev_ws/build/uf_ros_lib:/home/mk/dev_ws/install/uf_ros_lib/lib/python3.10/site-packages:${PYTHONPATH} /usr/bin/cmake --build /home/mk/dev_ws/build/xarm_moveit_config -- -j20 -l20
[2.702s] DEBUG:colcon.colcon_core.event_handler.log_command:Invoking command in '/home/mk/dev_ws/build/xarm_moveit_config': AMENT_PREFIX_PATH=/home/mk/dev_ws/install/xarm_gazebo:/home/mk/dev_ws/install/xarm_controller:/home/mk/dev_ws/install/xarm_api:/home/mk/dev_ws/install/xarm_sdk:/home/mk/dev_ws/install/xarm_msgs:/home/mk/dev_ws/install/xarm_description:/home/mk/dev_ws/install/uf_ros_lib:${AMENT_PREFIX_PATH} CMAKE_PREFIX_PATH=/home/mk/dev_ws/install/xarm_gazebo:/home/mk/dev_ws/install/xarm_controller:/home/mk/dev_ws/install/xarm_api:/home/mk/dev_ws/install/xarm_sdk:/home/mk/dev_ws/install/xarm_msgs:/home/mk/dev_ws/install/xarm_description:/opt/ros/humble LD_LIBRARY_PATH=/home/mk/dev_ws/install/xarm_gazebo/lib:/home/mk/dev_ws/install/xarm_controller/lib:/home/mk/dev_ws/install/xarm_api/lib:/home/mk/dev_ws/install/xarm_sdk/lib:/home/mk/dev_ws/install/xarm_msgs/lib:${LD_LIBRARY_PATH} PYTHONPATH=/home/mk/dev_ws/install/xarm_msgs/local/lib/python3.10/dist-packages:/home/mk/dev_ws/build/uf_ros_lib:/home/mk/dev_ws/install/uf_ros_lib/lib/python3.10/site-packages:${PYTHONPATH} /usr/bin/cmake --install /home/mk/dev_ws/build/xarm_moveit_config
[2.726s] Level 1:colcon.colcon_core.environment:create_environment_scripts_only(xarm_moveit_config)
[2.726s] Level 1:colcon.colcon_core.environment:checking '/home/mk/dev_ws/install/xarm_moveit_config' for CMake module files
[2.726s] DEBUG:colcon.colcon_core.event_handler.log_command:Invoked command in '/home/mk/dev_ws/build/xarm_moveit_config' returned '0': AMENT_PREFIX_PATH=/home/mk/dev_ws/install/xarm_gazebo:/home/mk/dev_ws/install/xarm_controller:/home/mk/dev_ws/install/xarm_api:/home/mk/dev_ws/install/xarm_sdk:/home/mk/dev_ws/install/xarm_msgs:/home/mk/dev_ws/install/xarm_description:/home/mk/dev_ws/install/uf_ros_lib:${AMENT_PREFIX_PATH} CMAKE_PREFIX_PATH=/home/mk/dev_ws/install/xarm_gazebo:/home/mk/dev_ws/install/xarm_controller:/home/mk/dev_ws/install/xarm_api:/home/mk/dev_ws/install/xarm_sdk:/home/mk/dev_ws/install/xarm_msgs:/home/mk/dev_ws/install/xarm_description:/opt/ros/humble LD_LIBRARY_PATH=/home/mk/dev_ws/install/xarm_gazebo/lib:/home/mk/dev_ws/install/xarm_controller/lib:/home/mk/dev_ws/install/xarm_api/lib:/home/mk/dev_ws/install/xarm_sdk/lib:/home/mk/dev_ws/install/xarm_msgs/lib:${LD_LIBRARY_PATH} PYTHONPATH=/home/mk/dev_ws/install/xarm_msgs/local/lib/python3.10/dist-packages:/home/mk/dev_ws/build/uf_ros_lib:/home/mk/dev_ws/install/uf_ros_lib/lib/python3.10/site-packages:${PYTHONPATH} /usr/bin/cmake --install /home/mk/dev_ws/build/xarm_moveit_config
[2.727s] Level 1:colcon.colcon_core.environment:checking '/home/mk/dev_ws/install/xarm_moveit_config' for CMake config files
[2.728s] Level 1:colcon.colcon_core.shell:create_environment_hook('xarm_moveit_config', 'cmake_prefix_path')
[2.728s] INFO:colcon.colcon_core.shell:Creating environment hook '/home/mk/dev_ws/install/xarm_moveit_config/share/xarm_moveit_config/hook/cmake_prefix_path.ps1'
[2.728s] INFO:colcon.colcon_core.shell:Creating environment descriptor '/home/mk/dev_ws/install/xarm_moveit_config/share/xarm_moveit_config/hook/cmake_prefix_path.dsv'
[2.728s] INFO:colcon.colcon_core.shell:Creating environment hook '/home/mk/dev_ws/install/xarm_moveit_config/share/xarm_moveit_config/hook/cmake_prefix_path.sh'
[2.728s] Level 1:colcon.colcon_core.environment:checking '/home/mk/dev_ws/install/xarm_moveit_config/bin'
[2.728s] Level 1:colcon.colcon_core.environment:checking '/home/mk/dev_ws/install/xarm_moveit_config/lib/pkgconfig/xarm_moveit_config.pc'
[2.729s] Level 1:colcon.colcon_core.environment:checking '/home/mk/dev_ws/install/xarm_moveit_config/lib/python3.10/site-packages'
[2.729s] Level 1:colcon.colcon_core.environment:checking '/home/mk/dev_ws/install/xarm_moveit_config/bin'
[2.729s] INFO:colcon.colcon_core.shell:Creating package script '/home/mk/dev_ws/install/xarm_moveit_config/share/xarm_moveit_config/package.ps1'
[2.729s] INFO:colcon.colcon_core.shell:Creating package descriptor '/home/mk/dev_ws/install/xarm_moveit_config/share/xarm_moveit_config/package.dsv'
[2.729s] INFO:colcon.colcon_core.shell:Creating package script '/home/mk/dev_ws/install/xarm_moveit_config/share/xarm_moveit_config/package.sh'
[2.730s] INFO:colcon.colcon_core.shell:Creating package script '/home/mk/dev_ws/install/xarm_moveit_config/share/xarm_moveit_config/package.bash'
[2.730s] INFO:colcon.colcon_core.shell:Creating package script '/home/mk/dev_ws/install/xarm_moveit_config/share/xarm_moveit_config/package.zsh'
[2.730s] Level 1:colcon.colcon_core.environment:create_file_with_runtime_dependencies(/home/mk/dev_ws/install/xarm_moveit_config/share/colcon-core/packages/xarm_moveit_config)
[2.730s] Level 1:colcon.colcon_core.environment:create_environment_scripts_only(xarm_moveit_config)
[2.730s] Level 1:colcon.colcon_core.environment:checking '/home/mk/dev_ws/install/xarm_moveit_config' for CMake module files
[2.731s] Level 1:colcon.colcon_core.environment:checking '/home/mk/dev_ws/install/xarm_moveit_config' for CMake config files
[2.731s] Level 1:colcon.colcon_core.shell:create_environment_hook('xarm_moveit_config', 'cmake_prefix_path')
[2.731s] INFO:colcon.colcon_core.shell:Creating environment hook '/home/mk/dev_ws/install/xarm_moveit_config/share/xarm_moveit_config/hook/cmake_prefix_path.ps1'
[2.731s] INFO:colcon.colcon_core.shell:Creating environment descriptor '/home/mk/dev_ws/install/xarm_moveit_config/share/xarm_moveit_config/hook/cmake_prefix_path.dsv'
[2.732s] INFO:colcon.colcon_core.shell:Creating environment hook '/home/mk/dev_ws/install/xarm_moveit_config/share/xarm_moveit_config/hook/cmake_prefix_path.sh'
[2.732s] Level 1:colcon.colcon_core.environment:checking '/home/mk/dev_ws/install/xarm_moveit_config/bin'
[2.732s] Level 1:colcon.colcon_core.environment:checking '/home/mk/dev_ws/install/xarm_moveit_config/lib/pkgconfig/xarm_moveit_config.pc'
[2.732s] Level 1:colcon.colcon_core.environment:checking '/home/mk/dev_ws/install/xarm_moveit_config/lib/python3.10/site-packages'
[2.732s] Level 1:colcon.colcon_core.environment:checking '/home/mk/dev_ws/install/xarm_moveit_config/bin'
[2.732s] INFO:colcon.colcon_core.shell:Creating package script '/home/mk/dev_ws/install/xarm_moveit_config/share/xarm_moveit_config/package.ps1'
[2.733s] INFO:colcon.colcon_core.shell:Creating package descriptor '/home/mk/dev_ws/install/xarm_moveit_config/share/xarm_moveit_config/package.dsv'
[2.733s] INFO:colcon.colcon_core.shell:Creating package script '/home/mk/dev_ws/install/xarm_moveit_config/share/xarm_moveit_config/package.sh'
[2.733s] INFO:colcon.colcon_core.shell:Creating package script '/home/mk/dev_ws/install/xarm_moveit_config/share/xarm_moveit_config/package.bash'
[2.733s] INFO:colcon.colcon_core.shell:Creating package script '/home/mk/dev_ws/install/xarm_moveit_config/share/xarm_moveit_config/package.zsh'
[2.733s] Level 1:colcon.colcon_core.environment:create_file_with_runtime_dependencies(/home/mk/dev_ws/install/xarm_moveit_config/share/colcon-core/packages/xarm_moveit_config)
[2.734s] INFO:colcon.colcon_ros.task.ament_cmake.build:Building ROS package in '/home/mk/dev_ws/src/xarm_ros2/xarm_moveit_servo' with build type 'ament_cmake'
[2.734s] INFO:colcon.colcon_cmake.task.cmake.build:Building CMake package in '/home/mk/dev_ws/src/xarm_ros2/xarm_moveit_servo'
[2.734s] INFO:colcon.colcon_core.shell:Skip shell extension 'powershell' for command environment: Not usable outside of PowerShell
[2.734s] DEBUG:colcon.colcon_core.shell:Skip shell extension 'dsv' for command environment
[2.736s] INFO:colcon.colcon_ros.task.ament_cmake.build:Building ROS package in '/home/mk/dev_ws/src/xarm_ros2/xarm_planner' with build type 'ament_cmake'
[2.736s] INFO:colcon.colcon_cmake.task.cmake.build:Building CMake package in '/home/mk/dev_ws/src/xarm_ros2/xarm_planner'
[2.736s] INFO:colcon.colcon_core.shell:Skip shell extension 'powershell' for command environment: Not usable outside of PowerShell
[2.736s] DEBUG:colcon.colcon_core.shell:Skip shell extension 'dsv' for command environment
[2.750s] DEBUG:colcon.colcon_core.event_handler.log_command:Invoking command in '/home/mk/dev_ws/build/xarm_moveit_servo': AMENT_PREFIX_PATH=/home/mk/dev_ws/install/xarm_moveit_config:/home/mk/dev_ws/install/xarm_gazebo:/home/mk/dev_ws/install/xarm_controller:/home/mk/dev_ws/install/xarm_api:/home/mk/dev_ws/install/xarm_sdk:/home/mk/dev_ws/install/xarm_msgs:/home/mk/dev_ws/install/xarm_description:/home/mk/dev_ws/install/whisper_idl:/home/mk/dev_ws/install/uf_ros_lib:${AMENT_PREFIX_PATH} CMAKE_PREFIX_PATH=/home/mk/dev_ws/install/xarm_moveit_config:/home/mk/dev_ws/install/xarm_gazebo:/home/mk/dev_ws/install/xarm_controller:/home/mk/dev_ws/install/xarm_api:/home/mk/dev_ws/install/xarm_sdk:/home/mk/dev_ws/install/xarm_msgs:/home/mk/dev_ws/install/xarm_description:/home/mk/dev_ws/install/whisper_idl:/opt/ros/humble LD_LIBRARY_PATH=/home/mk/dev_ws/install/xarm_gazebo/lib:/home/mk/dev_ws/install/xarm_controller/lib:/home/mk/dev_ws/install/xarm_api/lib:/home/mk/dev_ws/install/xarm_sdk/lib:/home/mk/dev_ws/install/xarm_msgs/lib:/home/mk/dev_ws/install/whisper_idl/lib:${LD_LIBRARY_PATH} PYTHONPATH=/home/mk/dev_ws/install/xarm_msgs/local/lib/python3.10/dist-packages:/home/mk/dev_ws/install/whisper_idl/local/lib/python3.10/dist-packages:/home/mk/dev_ws/build/uf_ros_lib:/home/mk/dev_ws/install/uf_ros_lib/lib/python3.10/site-packages:${PYTHONPATH} /usr/bin/cmake --build /home/mk/dev_ws/build/xarm_moveit_servo -- -j20 -l20
[2.753s] DEBUG:colcon.colcon_core.event_handler.log_command:Invoking command in '/home/mk/dev_ws/build/xarm_planner': AMENT_PREFIX_PATH=/home/mk/dev_ws/install/xarm_moveit_config:/home/mk/dev_ws/install/xarm_gazebo:/home/mk/dev_ws/install/xarm_controller:/home/mk/dev_ws/install/xarm_api:/home/mk/dev_ws/install/xarm_sdk:/home/mk/dev_ws/install/xarm_msgs:/home/mk/dev_ws/install/xarm_description:/home/mk/dev_ws/install/uf_ros_lib:${AMENT_PREFIX_PATH} CMAKE_PREFIX_PATH=/home/mk/dev_ws/install/xarm_moveit_config:/home/mk/dev_ws/install/xarm_gazebo:/home/mk/dev_ws/install/xarm_controller:/home/mk/dev_ws/install/xarm_api:/home/mk/dev_ws/install/xarm_sdk:/home/mk/dev_ws/install/xarm_msgs:/home/mk/dev_ws/install/xarm_description:/opt/ros/humble LD_LIBRARY_PATH=/home/mk/dev_ws/install/xarm_gazebo/lib:/home/mk/dev_ws/install/xarm_controller/lib:/home/mk/dev_ws/install/xarm_api/lib:/home/mk/dev_ws/install/xarm_sdk/lib:/home/mk/dev_ws/install/xarm_msgs/lib:${LD_LIBRARY_PATH} PYTHONPATH=/home/mk/dev_ws/install/xarm_msgs/local/lib/python3.10/dist-packages:/home/mk/dev_ws/build/uf_ros_lib:/home/mk/dev_ws/install/uf_ros_lib/lib/python3.10/site-packages:${PYTHONPATH} /usr/bin/cmake --build /home/mk/dev_ws/build/xarm_planner -- -j20 -l20
[2.775s] Level 1:colcon.colcon_core.shell:create_environment_hook('move_to_coordinator', 'pythonpath_develop')
[2.775s] INFO:colcon.colcon_core.shell:Creating environment hook '/home/mk/dev_ws/build/move_to_coordinator/share/move_to_coordinator/hook/pythonpath_develop.ps1'
[2.775s] DEBUG:colcon.colcon_core.event_handler.log_command:Invoked command in '/home/mk/dev_ws/build/move_to_coordinator' returned '0': AMENT_PREFIX_PATH=/home/mk/dev_ws/install/xarm_msgs:${AMENT_PREFIX_PATH} CMAKE_PREFIX_PATH=/home/mk/dev_ws/install/xarm_msgs LD_LIBRARY_PATH=/home/mk/dev_ws/install/xarm_msgs/lib:${LD_LIBRARY_PATH} PYTHONPATH=/home/mk/dev_ws/build/move_to_coordinator/prefix_override:/usr/lib/python3/dist-packages/colcon_core/task/python/colcon_distutils_commands:/home/mk/dev_ws/install/move_to_coordinator/lib/python3.10/site-packages:/home/mk/dev_ws/install/xarm_msgs/local/lib/python3.10/dist-packages:${PYTHONPATH} /usr/bin/python3 -W ignore:setup.py install is deprecated -W ignore:easy_install command is deprecated setup.py develop --editable --build-directory /home/mk/dev_ws/build/move_to_coordinator/build --no-deps symlink_data
[2.775s] INFO:colcon.colcon_core.shell:Creating environment descriptor '/home/mk/dev_ws/build/move_to_coordinator/share/move_to_coordinator/hook/pythonpath_develop.dsv'
[2.776s] INFO:colcon.colcon_core.shell:Creating environment hook '/home/mk/dev_ws/build/move_to_coordinator/share/move_to_coordinator/hook/pythonpath_develop.sh'
[2.776s] Level 1:colcon.colcon_core.environment:checking '/home/mk/dev_ws/install/move_to_coordinator' for CMake module files
[2.776s] Level 1:colcon.colcon_core.environment:checking '/home/mk/dev_ws/install/move_to_coordinator' for CMake config files
[2.776s] Level 1:colcon.colcon_core.environment:checking '/home/mk/dev_ws/install/move_to_coordinator/lib'
[2.776s] Level 1:colcon.colcon_core.environment:checking '/home/mk/dev_ws/install/move_to_coordinator/bin'
[2.777s] Level 1:colcon.colcon_core.environment:checking '/home/mk/dev_ws/install/move_to_coordinator/lib/pkgconfig/move_to_coordinator.pc'
[2.777s] Level 1:colcon.colcon_core.environment:checking '/home/mk/dev_ws/install/move_to_coordinator/lib/python3.10/site-packages'
[2.777s] Level 1:colcon.colcon_core.shell:create_environment_hook('move_to_coordinator', 'pythonpath')
[2.777s] INFO:colcon.colcon_core.shell:Creating environment hook '/home/mk/dev_ws/install/move_to_coordinator/share/move_to_coordinator/hook/pythonpath.ps1'
[2.777s] INFO:colcon.colcon_core.shell:Creating environment descriptor '/home/mk/dev_ws/install/move_to_coordinator/share/move_to_coordinator/hook/pythonpath.dsv'
[2.777s] INFO:colcon.colcon_core.shell:Creating environment hook '/home/mk/dev_ws/install/move_to_coordinator/share/move_to_coordinator/hook/pythonpath.sh'
[2.778s] Level 1:colcon.colcon_core.environment:checking '/home/mk/dev_ws/install/move_to_coordinator/bin'
[2.778s] Level 1:colcon.colcon_core.environment:create_environment_scripts_only(move_to_coordinator)
[2.778s] INFO:colcon.colcon_core.shell:Creating package script '/home/mk/dev_ws/install/move_to_coordinator/share/move_to_coordinator/package.ps1'
[2.778s] INFO:colcon.colcon_core.shell:Creating package descriptor '/home/mk/dev_ws/install/move_to_coordinator/share/move_to_coordinator/package.dsv'
[2.779s] INFO:colcon.colcon_core.shell:Creating package script '/home/mk/dev_ws/install/move_to_coordinator/share/move_to_coordinator/package.sh'
[2.779s] INFO:colcon.colcon_core.shell:Creating package script '/home/mk/dev_ws/install/move_to_coordinator/share/move_to_coordinator/package.bash'
[2.779s] INFO:colcon.colcon_core.shell:Creating package script '/home/mk/dev_ws/install/move_to_coordinator/share/move_to_coordinator/package.zsh'
[2.779s] Level 1:colcon.colcon_core.environment:create_file_with_runtime_dependencies(/home/mk/dev_ws/install/move_to_coordinator/share/colcon-core/packages/move_to_coordinator)
[2.783s] Level 1:colcon.colcon_core.shell:create_environment_hook('voice_command_listener', 'pythonpath_develop')
[2.783s] INFO:colcon.colcon_core.shell:Creating environment hook '/home/mk/dev_ws/build/voice_command_listener/share/voice_command_listener/hook/pythonpath_develop.ps1'
[2.784s] DEBUG:colcon.colcon_core.event_handler.log_command:Invoked command in '/home/mk/dev_ws/build/voice_command_listener' returned '0': AMENT_PREFIX_PATH=/home/mk/dev_ws/install/whisper_idl:${AMENT_PREFIX_PATH} CMAKE_PREFIX_PATH=/home/mk/dev_ws/install/whisper_idl LD_LIBRARY_PATH=/home/mk/dev_ws/install/whisper_idl/lib:${LD_LIBRARY_PATH} PYTHONPATH=/home/mk/dev_ws/build/voice_command_listener/prefix_override:/usr/lib/python3/dist-packages/colcon_core/task/python/colcon_distutils_commands:/home/mk/dev_ws/install/voice_command_listener/lib/python3.10/site-packages:/home/mk/dev_ws/install/whisper_idl/local/lib/python3.10/dist-packages:${PYTHONPATH} /usr/bin/python3 -W ignore:setup.py install is deprecated -W ignore:easy_install command is deprecated setup.py develop --editable --build-directory /home/mk/dev_ws/build/voice_command_listener/build --no-deps symlink_data
[2.784s] INFO:colcon.colcon_core.shell:Creating environment descriptor '/home/mk/dev_ws/build/voice_command_listener/share/voice_command_listener/hook/pythonpath_develop.dsv'
[2.785s] INFO:colcon.colcon_core.shell:Creating environment hook '/home/mk/dev_ws/build/voice_command_listener/share/voice_command_listener/hook/pythonpath_develop.sh'
[2.785s] Level 1:colcon.colcon_core.environment:checking '/home/mk/dev_ws/install/voice_command_listener' for CMake module files
[2.786s] Level 1:colcon.colcon_core.environment:checking '/home/mk/dev_ws/install/voice_command_listener' for CMake config files
[2.787s] Level 1:colcon.colcon_core.environment:checking '/home/mk/dev_ws/install/voice_command_listener/lib'
[2.787s] Level 1:colcon.colcon_core.environment:checking '/home/mk/dev_ws/install/voice_command_listener/bin'
[2.787s] Level 1:colcon.colcon_core.environment:checking '/home/mk/dev_ws/install/voice_command_listener/lib/pkgconfig/voice_command_listener.pc'
[2.787s] Level 1:colcon.colcon_core.environment:checking '/home/mk/dev_ws/install/voice_command_listener/lib/python3.10/site-packages'
[2.787s] Level 1:colcon.colcon_core.shell:create_environment_hook('voice_command_listener', 'pythonpath')
[2.788s] INFO:colcon.colcon_core.shell:Creating environment hook '/home/mk/dev_ws/install/voice_command_listener/share/voice_command_listener/hook/pythonpath.ps1'
[2.788s] INFO:colcon.colcon_core.shell:Creating environment descriptor '/home/mk/dev_ws/install/voice_command_listener/share/voice_command_listener/hook/pythonpath.dsv'
[2.788s] INFO:colcon.colcon_core.shell:Creating environment hook '/home/mk/dev_ws/install/voice_command_listener/share/voice_command_listener/hook/pythonpath.sh'
[2.789s] Level 1:colcon.colcon_core.environment:checking '/home/mk/dev_ws/install/voice_command_listener/bin'
[2.789s] Level 1:colcon.colcon_core.environment:create_environment_scripts_only(voice_command_listener)
[2.790s] INFO:colcon.colcon_core.shell:Creating package script '/home/mk/dev_ws/install/voice_command_listener/share/voice_command_listener/package.ps1'
[2.790s] INFO:colcon.colcon_core.shell:Creating package descriptor '/home/mk/dev_ws/install/voice_command_listener/share/voice_command_listener/package.dsv'
[2.791s] INFO:colcon.colcon_core.shell:Creating package script '/home/mk/dev_ws/install/voice_command_listener/share/voice_command_listener/package.sh'
[2.791s] INFO:colcon.colcon_core.shell:Creating package script '/home/mk/dev_ws/install/voice_command_listener/share/voice_command_listener/package.bash'
[2.792s] INFO:colcon.colcon_core.shell:Creating package script '/home/mk/dev_ws/install/voice_command_listener/share/voice_command_listener/package.zsh'
[2.792s] Level 1:colcon.colcon_core.environment:create_file_with_runtime_dependencies(/home/mk/dev_ws/install/voice_command_listener/share/colcon-core/packages/voice_command_listener)
[2.793s] Level 1:colcon.colcon_core.shell:create_environment_hook('motion_sequence', 'pythonpath_develop')
[2.793s] INFO:colcon.colcon_core.shell:Creating environment hook '/home/mk/dev_ws/build/motion_sequence/share/motion_sequence/hook/pythonpath_develop.ps1'
[2.793s] DEBUG:colcon.colcon_core.event_handler.log_command:Invoked command in '/home/mk/dev_ws/build/motion_sequence' returned '0': AMENT_PREFIX_PATH=/home/mk/dev_ws/install/xarm_msgs:${AMENT_PREFIX_PATH} CMAKE_PREFIX_PATH=/home/mk/dev_ws/install/xarm_msgs LD_LIBRARY_PATH=/home/mk/dev_ws/install/xarm_msgs/lib:${LD_LIBRARY_PATH} PYTHONPATH=/home/mk/dev_ws/build/motion_sequence/prefix_override:/usr/lib/python3/dist-packages/colcon_core/task/python/colcon_distutils_commands:/home/mk/dev_ws/install/motion_sequence/lib/python3.10/site-packages:/home/mk/dev_ws/install/xarm_msgs/local/lib/python3.10/dist-packages:${PYTHONPATH} /usr/bin/python3 -W ignore:setup.py install is deprecated -W ignore:easy_install command is deprecated setup.py develop --editable --build-directory /home/mk/dev_ws/build/motion_sequence/build --no-deps symlink_data
[2.794s] INFO:colcon.colcon_core.shell:Creating environment descriptor '/home/mk/dev_ws/build/motion_sequence/share/motion_sequence/hook/pythonpath_develop.dsv'
[2.794s] INFO:colcon.colcon_core.shell:Creating environment hook '/home/mk/dev_ws/build/motion_sequence/share/motion_sequence/hook/pythonpath_develop.sh'
[2.795s] Level 1:colcon.colcon_core.environment:checking '/home/mk/dev_ws/install/motion_sequence' for CMake module files
[2.795s] Level 1:colcon.colcon_core.environment:checking '/home/mk/dev_ws/install/motion_sequence' for CMake config files
[2.795s] Level 1:colcon.colcon_core.environment:checking '/home/mk/dev_ws/install/motion_sequence/lib'
[2.795s] Level 1:colcon.colcon_core.environment:checking '/home/mk/dev_ws/install/motion_sequence/bin'
[2.795s] Level 1:colcon.colcon_core.environment:checking '/home/mk/dev_ws/install/motion_sequence/lib/pkgconfig/motion_sequence.pc'
[2.795s] Level 1:colcon.colcon_core.environment:checking '/home/mk/dev_ws/install/motion_sequence/lib/python3.10/site-packages'
[2.795s] Level 1:colcon.colcon_core.shell:create_environment_hook('motion_sequence', 'pythonpath')
[2.795s] INFO:colcon.colcon_core.shell:Creating environment hook '/home/mk/dev_ws/install/motion_sequence/share/motion_sequence/hook/pythonpath.ps1'
[2.796s] INFO:colcon.colcon_core.shell:Creating environment descriptor '/home/mk/dev_ws/install/motion_sequence/share/motion_sequence/hook/pythonpath.dsv'
[2.796s] INFO:colcon.colcon_core.shell:Creating environment hook '/home/mk/dev_ws/install/motion_sequence/share/motion_sequence/hook/pythonpath.sh'
[2.796s] Level 1:colcon.colcon_core.environment:checking '/home/mk/dev_ws/install/motion_sequence/bin'
[2.796s] Level 1:colcon.colcon_core.environment:create_environment_scripts_only(motion_sequence)
[2.796s] INFO:colcon.colcon_core.shell:Creating package script '/home/mk/dev_ws/install/motion_sequence/share/motion_sequence/package.ps1'
[2.797s] INFO:colcon.colcon_core.shell:Creating package descriptor '/home/mk/dev_ws/install/motion_sequence/share/motion_sequence/package.dsv'
[2.798s] INFO:colcon.colcon_core.shell:Creating package script '/home/mk/dev_ws/install/motion_sequence/share/motion_sequence/package.sh'
[2.798s] INFO:colcon.colcon_core.shell:Creating package script '/home/mk/dev_ws/install/motion_sequence/share/motion_sequence/package.bash'
[2.798s] INFO:colcon.colcon_core.shell:Creating package script '/home/mk/dev_ws/install/motion_sequence/share/motion_sequence/package.zsh'
[2.799s] Level 1:colcon.colcon_core.environment:create_file_with_runtime_dependencies(/home/mk/dev_ws/install/motion_sequence/share/colcon-core/packages/motion_sequence)
[2.811s] DEBUG:colcon.colcon_core.event_handler.log_command:Invoked command in '/home/mk/dev_ws/build/xarm_moveit_servo' returned '0': AMENT_PREFIX_PATH=/home/mk/dev_ws/install/xarm_moveit_config:/home/mk/dev_ws/install/xarm_gazebo:/home/mk/dev_ws/install/xarm_controller:/home/mk/dev_ws/install/xarm_api:/home/mk/dev_ws/install/xarm_sdk:/home/mk/dev_ws/install/xarm_msgs:/home/mk/dev_ws/install/xarm_description:/home/mk/dev_ws/install/whisper_idl:/home/mk/dev_ws/install/uf_ros_lib:${AMENT_PREFIX_PATH} CMAKE_PREFIX_PATH=/home/mk/dev_ws/install/xarm_moveit_config:/home/mk/dev_ws/install/xarm_gazebo:/home/mk/dev_ws/install/xarm_controller:/home/mk/dev_ws/install/xarm_api:/home/mk/dev_ws/install/xarm_sdk:/home/mk/dev_ws/install/xarm_msgs:/home/mk/dev_ws/install/xarm_description:/home/mk/dev_ws/install/whisper_idl:/opt/ros/humble LD_LIBRARY_PATH=/home/mk/dev_ws/install/xarm_gazebo/lib:/home/mk/dev_ws/install/xarm_controller/lib:/home/mk/dev_ws/install/xarm_api/lib:/home/mk/dev_ws/install/xarm_sdk/lib:/home/mk/dev_ws/install/xarm_msgs/lib:/home/mk/dev_ws/install/whisper_idl/lib:${LD_LIBRARY_PATH} PYTHONPATH=/home/mk/dev_ws/install/xarm_msgs/local/lib/python3.10/dist-packages:/home/mk/dev_ws/install/whisper_idl/local/lib/python3.10/dist-packages:/home/mk/dev_ws/build/uf_ros_lib:/home/mk/dev_ws/install/uf_ros_lib/lib/python3.10/site-packages:${PYTHONPATH} /usr/bin/cmake --build /home/mk/dev_ws/build/xarm_moveit_servo -- -j20 -l20
[2.813s] DEBUG:colcon.colcon_core.event_handler.log_command:Invoking command in '/home/mk/dev_ws/build/xarm_moveit_servo': AMENT_PREFIX_PATH=/home/mk/dev_ws/install/xarm_moveit_config:/home/mk/dev_ws/install/xarm_gazebo:/home/mk/dev_ws/install/xarm_controller:/home/mk/dev_ws/install/xarm_api:/home/mk/dev_ws/install/xarm_sdk:/home/mk/dev_ws/install/xarm_msgs:/home/mk/dev_ws/install/xarm_description:/home/mk/dev_ws/install/whisper_idl:/home/mk/dev_ws/install/uf_ros_lib:${AMENT_PREFIX_PATH} CMAKE_PREFIX_PATH=/home/mk/dev_ws/install/xarm_moveit_config:/home/mk/dev_ws/install/xarm_gazebo:/home/mk/dev_ws/install/xarm_controller:/home/mk/dev_ws/install/xarm_api:/home/mk/dev_ws/install/xarm_sdk:/home/mk/dev_ws/install/xarm_msgs:/home/mk/dev_ws/install/xarm_description:/home/mk/dev_ws/install/whisper_idl:/opt/ros/humble LD_LIBRARY_PATH=/home/mk/dev_ws/install/xarm_gazebo/lib:/home/mk/dev_ws/install/xarm_controller/lib:/home/mk/dev_ws/install/xarm_api/lib:/home/mk/dev_ws/install/xarm_sdk/lib:/home/mk/dev_ws/install/xarm_msgs/lib:/home/mk/dev_ws/install/whisper_idl/lib:${LD_LIBRARY_PATH} PYTHONPATH=/home/mk/dev_ws/install/xarm_msgs/local/lib/python3.10/dist-packages:/home/mk/dev_ws/install/whisper_idl/local/lib/python3.10/dist-packages:/home/mk/dev_ws/build/uf_ros_lib:/home/mk/dev_ws/install/uf_ros_lib/lib/python3.10/site-packages:${PYTHONPATH} /usr/bin/cmake --install /home/mk/dev_ws/build/xarm_moveit_servo
[2.824s] Level 1:colcon.colcon_core.environment:create_environment_scripts_only(xarm_moveit_servo)
[2.825s] Level 1:colcon.colcon_core.environment:checking '/home/mk/dev_ws/install/xarm_moveit_servo' for CMake module files
[2.825s] DEBUG:colcon.colcon_core.event_handler.log_command:Invoked command in '/home/mk/dev_ws/build/xarm_moveit_servo' returned '0': AMENT_PREFIX_PATH=/home/mk/dev_ws/install/xarm_moveit_config:/home/mk/dev_ws/install/xarm_gazebo:/home/mk/dev_ws/install/xarm_controller:/home/mk/dev_ws/install/xarm_api:/home/mk/dev_ws/install/xarm_sdk:/home/mk/dev_ws/install/xarm_msgs:/home/mk/dev_ws/install/xarm_description:/home/mk/dev_ws/install/whisper_idl:/home/mk/dev_ws/install/uf_ros_lib:${AMENT_PREFIX_PATH} CMAKE_PREFIX_PATH=/home/mk/dev_ws/install/xarm_moveit_config:/home/mk/dev_ws/install/xarm_gazebo:/home/mk/dev_ws/install/xarm_controller:/home/mk/dev_ws/install/xarm_api:/home/mk/dev_ws/install/xarm_sdk:/home/mk/dev_ws/install/xarm_msgs:/home/mk/dev_ws/install/xarm_description:/home/mk/dev_ws/install/whisper_idl:/opt/ros/humble LD_LIBRARY_PATH=/home/mk/dev_ws/install/xarm_gazebo/lib:/home/mk/dev_ws/install/xarm_controller/lib:/home/mk/dev_ws/install/xarm_api/lib:/home/mk/dev_ws/install/xarm_sdk/lib:/home/mk/dev_ws/install/xarm_msgs/lib:/home/mk/dev_ws/install/whisper_idl/lib:${LD_LIBRARY_PATH} PYTHONPATH=/home/mk/dev_ws/install/xarm_msgs/local/lib/python3.10/dist-packages:/home/mk/dev_ws/install/whisper_idl/local/lib/python3.10/dist-packages:/home/mk/dev_ws/build/uf_ros_lib:/home/mk/dev_ws/install/uf_ros_lib/lib/python3.10/site-packages:${PYTHONPATH} /usr/bin/cmake --install /home/mk/dev_ws/build/xarm_moveit_servo
[2.825s] Level 1:colcon.colcon_core.environment:checking '/home/mk/dev_ws/install/xarm_moveit_servo' for CMake config files
[2.825s] Level 1:colcon.colcon_core.shell:create_environment_hook('xarm_moveit_servo', 'cmake_prefix_path')
[2.826s] INFO:colcon.colcon_core.shell:Creating environment hook '/home/mk/dev_ws/install/xarm_moveit_servo/share/xarm_moveit_servo/hook/cmake_prefix_path.ps1'
[2.826s] INFO:colcon.colcon_core.shell:Creating environment descriptor '/home/mk/dev_ws/install/xarm_moveit_servo/share/xarm_moveit_servo/hook/cmake_prefix_path.dsv'
[2.826s] INFO:colcon.colcon_core.shell:Creating environment hook '/home/mk/dev_ws/install/xarm_moveit_servo/share/xarm_moveit_servo/hook/cmake_prefix_path.sh'
[2.826s] Level 1:colcon.colcon_core.environment:checking '/home/mk/dev_ws/install/xarm_moveit_servo/lib'
[2.826s] Level 1:colcon.colcon_core.shell:create_environment_hook('xarm_moveit_servo', 'ld_library_path_lib')
[2.826s] INFO:colcon.colcon_core.shell:Creating environment hook '/home/mk/dev_ws/install/xarm_moveit_servo/share/xarm_moveit_servo/hook/ld_library_path_lib.ps1'
[2.827s] INFO:colcon.colcon_core.shell:Creating environment descriptor '/home/mk/dev_ws/install/xarm_moveit_servo/share/xarm_moveit_servo/hook/ld_library_path_lib.dsv'
[2.827s] INFO:colcon.colcon_core.shell:Creating environment hook '/home/mk/dev_ws/install/xarm_moveit_servo/share/xarm_moveit_servo/hook/ld_library_path_lib.sh'
[2.827s] Level 1:colcon.colcon_core.environment:checking '/home/mk/dev_ws/install/xarm_moveit_servo/bin'
[2.827s] Level 1:colcon.colcon_core.environment:checking '/home/mk/dev_ws/install/xarm_moveit_servo/lib/pkgconfig/xarm_moveit_servo.pc'
[2.827s] Level 1:colcon.colcon_core.environment:checking '/home/mk/dev_ws/install/xarm_moveit_servo/lib/python3.10/site-packages'
[2.827s] Level 1:colcon.colcon_core.environment:checking '/home/mk/dev_ws/install/xarm_moveit_servo/bin'
[2.827s] INFO:colcon.colcon_core.shell:Creating package script '/home/mk/dev_ws/install/xarm_moveit_servo/share/xarm_moveit_servo/package.ps1'
[2.828s] INFO:colcon.colcon_core.shell:Creating package descriptor '/home/mk/dev_ws/install/xarm_moveit_servo/share/xarm_moveit_servo/package.dsv'
[2.828s] INFO:colcon.colcon_core.shell:Creating package script '/home/mk/dev_ws/install/xarm_moveit_servo/share/xarm_moveit_servo/package.sh'
[2.828s] INFO:colcon.colcon_core.shell:Creating package script '/home/mk/dev_ws/install/xarm_moveit_servo/share/xarm_moveit_servo/package.bash'
[2.828s] INFO:colcon.colcon_core.shell:Creating package script '/home/mk/dev_ws/install/xarm_moveit_servo/share/xarm_moveit_servo/package.zsh'
[2.829s] Level 1:colcon.colcon_core.environment:create_file_with_runtime_dependencies(/home/mk/dev_ws/install/xarm_moveit_servo/share/colcon-core/packages/xarm_moveit_servo)
[2.829s] Level 1:colcon.colcon_core.environment:create_environment_scripts_only(xarm_moveit_servo)
[2.829s] Level 1:colcon.colcon_core.environment:checking '/home/mk/dev_ws/install/xarm_moveit_servo' for CMake module files
[2.829s] Level 1:colcon.colcon_core.environment:checking '/home/mk/dev_ws/install/xarm_moveit_servo' for CMake config files
[2.829s] Level 1:colcon.colcon_core.shell:create_environment_hook('xarm_moveit_servo', 'cmake_prefix_path')
[2.829s] INFO:colcon.colcon_core.shell:Creating environment hook '/home/mk/dev_ws/install/xarm_moveit_servo/share/xarm_moveit_servo/hook/cmake_prefix_path.ps1'
[2.830s] INFO:colcon.colcon_core.shell:Creating environment descriptor '/home/mk/dev_ws/install/xarm_moveit_servo/share/xarm_moveit_servo/hook/cmake_prefix_path.dsv'
[2.830s] INFO:colcon.colcon_core.shell:Creating environment hook '/home/mk/dev_ws/install/xarm_moveit_servo/share/xarm_moveit_servo/hook/cmake_prefix_path.sh'
[2.830s] Level 1:colcon.colcon_core.environment:checking '/home/mk/dev_ws/install/xarm_moveit_servo/lib'
[2.830s] Level 1:colcon.colcon_core.shell:create_environment_hook('xarm_moveit_servo', 'ld_library_path_lib')
[2.830s] INFO:colcon.colcon_core.shell:Creating environment hook '/home/mk/dev_ws/install/xarm_moveit_servo/share/xarm_moveit_servo/hook/ld_library_path_lib.ps1'
[2.830s] INFO:colcon.colcon_core.shell:Creating environment descriptor '/home/mk/dev_ws/install/xarm_moveit_servo/share/xarm_moveit_servo/hook/ld_library_path_lib.dsv'
[2.831s] INFO:colcon.colcon_core.shell:Creating environment hook '/home/mk/dev_ws/install/xarm_moveit_servo/share/xarm_moveit_servo/hook/ld_library_path_lib.sh'
[2.831s] Level 1:colcon.colcon_core.environment:checking '/home/mk/dev_ws/install/xarm_moveit_servo/bin'
[2.831s] Level 1:colcon.colcon_core.environment:checking '/home/mk/dev_ws/install/xarm_moveit_servo/lib/pkgconfig/xarm_moveit_servo.pc'
[2.831s] Level 1:colcon.colcon_core.environment:checking '/home/mk/dev_ws/install/xarm_moveit_servo/lib/python3.10/site-packages'
[2.831s] Level 1:colcon.colcon_core.environment:checking '/home/mk/dev_ws/install/xarm_moveit_servo/bin'
[2.831s] INFO:colcon.colcon_core.shell:Creating package script '/home/mk/dev_ws/install/xarm_moveit_servo/share/xarm_moveit_servo/package.ps1'
[2.832s] INFO:colcon.colcon_core.shell:Creating package descriptor '/home/mk/dev_ws/install/xarm_moveit_servo/share/xarm_moveit_servo/package.dsv'
[2.832s] INFO:colcon.colcon_core.shell:Creating package script '/home/mk/dev_ws/install/xarm_moveit_servo/share/xarm_moveit_servo/package.sh'
[2.832s] INFO:colcon.colcon_core.shell:Creating package script '/home/mk/dev_ws/install/xarm_moveit_servo/share/xarm_moveit_servo/package.bash'
[2.832s] INFO:colcon.colcon_core.shell:Creating package script '/home/mk/dev_ws/install/xarm_moveit_servo/share/xarm_moveit_servo/package.zsh'
[2.832s] Level 1:colcon.colcon_core.environment:create_file_with_runtime_dependencies(/home/mk/dev_ws/install/xarm_moveit_servo/share/colcon-core/packages/xarm_moveit_servo)
[2.833s] DEBUG:colcon.colcon_core.event_handler.log_command:Invoked command in '/home/mk/dev_ws/build/xarm_planner' returned '0': AMENT_PREFIX_PATH=/home/mk/dev_ws/install/xarm_moveit_config:/home/mk/dev_ws/install/xarm_gazebo:/home/mk/dev_ws/install/xarm_controller:/home/mk/dev_ws/install/xarm_api:/home/mk/dev_ws/install/xarm_sdk:/home/mk/dev_ws/install/xarm_msgs:/home/mk/dev_ws/install/xarm_description:/home/mk/dev_ws/install/uf_ros_lib:${AMENT_PREFIX_PATH} CMAKE_PREFIX_PATH=/home/mk/dev_ws/install/xarm_moveit_config:/home/mk/dev_ws/install/xarm_gazebo:/home/mk/dev_ws/install/xarm_controller:/home/mk/dev_ws/install/xarm_api:/home/mk/dev_ws/install/xarm_sdk:/home/mk/dev_ws/install/xarm_msgs:/home/mk/dev_ws/install/xarm_description:/opt/ros/humble LD_LIBRARY_PATH=/home/mk/dev_ws/install/xarm_gazebo/lib:/home/mk/dev_ws/install/xarm_controller/lib:/home/mk/dev_ws/install/xarm_api/lib:/home/mk/dev_ws/install/xarm_sdk/lib:/home/mk/dev_ws/install/xarm_msgs/lib:${LD_LIBRARY_PATH} PYTHONPATH=/home/mk/dev_ws/install/xarm_msgs/local/lib/python3.10/dist-packages:/home/mk/dev_ws/build/uf_ros_lib:/home/mk/dev_ws/install/uf_ros_lib/lib/python3.10/site-packages:${PYTHONPATH} /usr/bin/cmake --build /home/mk/dev_ws/build/xarm_planner -- -j20 -l20
[2.834s] DEBUG:colcon.colcon_core.event_handler.log_command:Invoking command in '/home/mk/dev_ws/build/xarm_planner': AMENT_PREFIX_PATH=/home/mk/dev_ws/install/xarm_moveit_config:/home/mk/dev_ws/install/xarm_gazebo:/home/mk/dev_ws/install/xarm_controller:/home/mk/dev_ws/install/xarm_api:/home/mk/dev_ws/install/xarm_sdk:/home/mk/dev_ws/install/xarm_msgs:/home/mk/dev_ws/install/xarm_description:/home/mk/dev_ws/install/uf_ros_lib:${AMENT_PREFIX_PATH} CMAKE_PREFIX_PATH=/home/mk/dev_ws/install/xarm_moveit_config:/home/mk/dev_ws/install/xarm_gazebo:/home/mk/dev_ws/install/xarm_controller:/home/mk/dev_ws/install/xarm_api:/home/mk/dev_ws/install/xarm_sdk:/home/mk/dev_ws/install/xarm_msgs:/home/mk/dev_ws/install/xarm_description:/opt/ros/humble LD_LIBRARY_PATH=/home/mk/dev_ws/install/xarm_gazebo/lib:/home/mk/dev_ws/install/xarm_controller/lib:/home/mk/dev_ws/install/xarm_api/lib:/home/mk/dev_ws/install/xarm_sdk/lib:/home/mk/dev_ws/install/xarm_msgs/lib:${LD_LIBRARY_PATH} PYTHONPATH=/home/mk/dev_ws/install/xarm_msgs/local/lib/python3.10/dist-packages:/home/mk/dev_ws/build/uf_ros_lib:/home/mk/dev_ws/install/uf_ros_lib/lib/python3.10/site-packages:${PYTHONPATH} /usr/bin/cmake --install /home/mk/dev_ws/build/xarm_planner
[2.848s] Level 1:colcon.colcon_core.environment:create_environment_scripts_only(xarm_planner)
[2.848s] Level 1:colcon.colcon_core.environment:checking '/home/mk/dev_ws/install/xarm_planner' for CMake module files
[2.849s] DEBUG:colcon.colcon_core.event_handler.log_command:Invoked command in '/home/mk/dev_ws/build/xarm_planner' returned '0': AMENT_PREFIX_PATH=/home/mk/dev_ws/install/xarm_moveit_config:/home/mk/dev_ws/install/xarm_gazebo:/home/mk/dev_ws/install/xarm_controller:/home/mk/dev_ws/install/xarm_api:/home/mk/dev_ws/install/xarm_sdk:/home/mk/dev_ws/install/xarm_msgs:/home/mk/dev_ws/install/xarm_description:/home/mk/dev_ws/install/uf_ros_lib:${AMENT_PREFIX_PATH} CMAKE_PREFIX_PATH=/home/mk/dev_ws/install/xarm_moveit_config:/home/mk/dev_ws/install/xarm_gazebo:/home/mk/dev_ws/install/xarm_controller:/home/mk/dev_ws/install/xarm_api:/home/mk/dev_ws/install/xarm_sdk:/home/mk/dev_ws/install/xarm_msgs:/home/mk/dev_ws/install/xarm_description:/opt/ros/humble LD_LIBRARY_PATH=/home/mk/dev_ws/install/xarm_gazebo/lib:/home/mk/dev_ws/install/xarm_controller/lib:/home/mk/dev_ws/install/xarm_api/lib:/home/mk/dev_ws/install/xarm_sdk/lib:/home/mk/dev_ws/install/xarm_msgs/lib:${LD_LIBRARY_PATH} PYTHONPATH=/home/mk/dev_ws/install/xarm_msgs/local/lib/python3.10/dist-packages:/home/mk/dev_ws/build/uf_ros_lib:/home/mk/dev_ws/install/uf_ros_lib/lib/python3.10/site-packages:${PYTHONPATH} /usr/bin/cmake --install /home/mk/dev_ws/build/xarm_planner
[2.849s] Level 1:colcon.colcon_core.environment:checking '/home/mk/dev_ws/install/xarm_planner' for CMake config files
[2.849s] Level 1:colcon.colcon_core.shell:create_environment_hook('xarm_planner', 'cmake_prefix_path')
[2.849s] INFO:colcon.colcon_core.shell:Creating environment hook '/home/mk/dev_ws/install/xarm_planner/share/xarm_planner/hook/cmake_prefix_path.ps1'
[2.850s] INFO:colcon.colcon_core.shell:Creating environment descriptor '/home/mk/dev_ws/install/xarm_planner/share/xarm_planner/hook/cmake_prefix_path.dsv'
[2.850s] INFO:colcon.colcon_core.shell:Creating environment hook '/home/mk/dev_ws/install/xarm_planner/share/xarm_planner/hook/cmake_prefix_path.sh'
[2.850s] Level 1:colcon.colcon_core.environment:checking '/home/mk/dev_ws/install/xarm_planner/lib'
[2.850s] Level 1:colcon.colcon_core.shell:create_environment_hook('xarm_planner', 'ld_library_path_lib')
[2.850s] INFO:colcon.colcon_core.shell:Creating environment hook '/home/mk/dev_ws/install/xarm_planner/share/xarm_planner/hook/ld_library_path_lib.ps1'
[2.850s] INFO:colcon.colcon_core.shell:Creating environment descriptor '/home/mk/dev_ws/install/xarm_planner/share/xarm_planner/hook/ld_library_path_lib.dsv'
[2.851s] INFO:colcon.colcon_core.shell:Creating environment hook '/home/mk/dev_ws/install/xarm_planner/share/xarm_planner/hook/ld_library_path_lib.sh'
[2.851s] Level 1:colcon.colcon_core.environment:checking '/home/mk/dev_ws/install/xarm_planner/bin'
[2.851s] Level 1:colcon.colcon_core.environment:checking '/home/mk/dev_ws/install/xarm_planner/lib/pkgconfig/xarm_planner.pc'
[2.851s] Level 1:colcon.colcon_core.environment:checking '/home/mk/dev_ws/install/xarm_planner/lib/python3.10/site-packages'
[2.851s] Level 1:colcon.colcon_core.environment:checking '/home/mk/dev_ws/install/xarm_planner/bin'
[2.851s] INFO:colcon.colcon_core.shell:Creating package script '/home/mk/dev_ws/install/xarm_planner/share/xarm_planner/package.ps1'
[2.852s] INFO:colcon.colcon_core.shell:Creating package descriptor '/home/mk/dev_ws/install/xarm_planner/share/xarm_planner/package.dsv'
[2.852s] INFO:colcon.colcon_core.shell:Creating package script '/home/mk/dev_ws/install/xarm_planner/share/xarm_planner/package.sh'
[2.852s] INFO:colcon.colcon_core.shell:Creating package script '/home/mk/dev_ws/install/xarm_planner/share/xarm_planner/package.bash'
[2.852s] INFO:colcon.colcon_core.shell:Creating package script '/home/mk/dev_ws/install/xarm_planner/share/xarm_planner/package.zsh'
[2.852s] Level 1:colcon.colcon_core.environment:create_file_with_runtime_dependencies(/home/mk/dev_ws/install/xarm_planner/share/colcon-core/packages/xarm_planner)
[2.852s] Level 1:colcon.colcon_core.environment:create_environment_scripts_only(xarm_planner)
[2.853s] Level 1:colcon.colcon_core.environment:checking '/home/mk/dev_ws/install/xarm_planner' for CMake module files
[2.853s] Level 1:colcon.colcon_core.environment:checking '/home/mk/dev_ws/install/xarm_planner' for CMake config files
[2.853s] Level 1:colcon.colcon_core.shell:create_environment_hook('xarm_planner', 'cmake_prefix_path')
[2.853s] INFO:colcon.colcon_core.shell:Creating environment hook '/home/mk/dev_ws/install/xarm_planner/share/xarm_planner/hook/cmake_prefix_path.ps1'
[2.853s] INFO:colcon.colcon_core.shell:Creating environment descriptor '/home/mk/dev_ws/install/xarm_planner/share/xarm_planner/hook/cmake_prefix_path.dsv'
[2.853s] INFO:colcon.colcon_core.shell:Creating environment hook '/home/mk/dev_ws/install/xarm_planner/share/xarm_planner/hook/cmake_prefix_path.sh'
[2.854s] Level 1:colcon.colcon_core.environment:checking '/home/mk/dev_ws/install/xarm_planner/lib'
[2.854s] Level 1:colcon.colcon_core.shell:create_environment_hook('xarm_planner', 'ld_library_path_lib')
[2.854s] INFO:colcon.colcon_core.shell:Creating environment hook '/home/mk/dev_ws/install/xarm_planner/share/xarm_planner/hook/ld_library_path_lib.ps1'
[2.854s] INFO:colcon.colcon_core.shell:Creating environment descriptor '/home/mk/dev_ws/install/xarm_planner/share/xarm_planner/hook/ld_library_path_lib.dsv'
[2.854s] INFO:colcon.colcon_core.shell:Creating environment hook '/home/mk/dev_ws/install/xarm_planner/share/xarm_planner/hook/ld_library_path_lib.sh'
[2.854s] Level 1:colcon.colcon_core.environment:checking '/home/mk/dev_ws/install/xarm_planner/bin'
[2.855s] Level 1:colcon.colcon_core.environment:checking '/home/mk/dev_ws/install/xarm_planner/lib/pkgconfig/xarm_planner.pc'
[2.855s] Level 1:colcon.colcon_core.environment:checking '/home/mk/dev_ws/install/xarm_planner/lib/python3.10/site-packages'
[2.855s] Level 1:colcon.colcon_core.environment:checking '/home/mk/dev_ws/install/xarm_planner/bin'
[2.855s] INFO:colcon.colcon_core.shell:Creating package script '/home/mk/dev_ws/install/xarm_planner/share/xarm_planner/package.ps1'
[2.855s] INFO:colcon.colcon_core.shell:Creating package descriptor '/home/mk/dev_ws/install/xarm_planner/share/xarm_planner/package.dsv'
[2.856s] INFO:colcon.colcon_core.shell:Creating package script '/home/mk/dev_ws/install/xarm_planner/share/xarm_planner/package.sh'
[2.856s] INFO:colcon.colcon_core.shell:Creating package script '/home/mk/dev_ws/install/xarm_planner/share/xarm_planner/package.bash'
[2.856s] INFO:colcon.colcon_core.shell:Creating package script '/home/mk/dev_ws/install/xarm_planner/share/xarm_planner/package.zsh'
[2.856s] Level 1:colcon.colcon_core.environment:create_file_with_runtime_dependencies(/home/mk/dev_ws/install/xarm_planner/share/colcon-core/packages/xarm_planner)
[2.940s] DEBUG:colcon.colcon_core.event_handler.log_command:Invoking command in '/home/mk/dev_ws/build/whisper_demos': AMENT_PREFIX_PATH=/home/mk/dev_ws/install/whisper_server:/home/mk/dev_ws/install/whisper_util:/home/mk/dev_ws/install/whisper_idl:/home/mk/dev_ws/install/whisper_cpp_vendor:/home/mk/dev_ws/install/audio_listener:${AMENT_PREFIX_PATH} CMAKE_PREFIX_PATH=/home/mk/dev_ws/install/whisper_server:/home/mk/dev_ws/install/whisper_util:/home/mk/dev_ws/install/whisper_idl:/home/mk/dev_ws/install/whisper_cpp_vendor LD_LIBRARY_PATH=/home/mk/dev_ws/install/whisper_server/lib:/home/mk/dev_ws/install/whisper_util/lib:/home/mk/dev_ws/install/whisper_idl/lib:/home/mk/dev_ws/install/whisper_cpp_vendor/lib:${LD_LIBRARY_PATH} PYTHONPATH=/home/mk/dev_ws/build/whisper_demos/prefix_override:/usr/lib/python3/dist-packages/colcon_core/task/python/colcon_distutils_commands:/home/mk/dev_ws/install/whisper_demos/lib/python3.10/site-packages:/home/mk/dev_ws/install/whisper_idl/local/lib/python3.10/dist-packages:/home/mk/dev_ws/build/audio_listener:/home/mk/dev_ws/install/audio_listener/lib/python3.10/site-packages:${PYTHONPATH} /usr/bin/python3 -W ignore:setup.py install is deprecated -W ignore:easy_install command is deprecated setup.py develop --editable --build-directory /home/mk/dev_ws/build/whisper_demos/build --no-deps symlink_data
[3.208s] Level 1:colcon.colcon_core.shell:create_environment_hook('whisper_demos', 'pythonpath_develop')
[3.209s] INFO:colcon.colcon_core.shell:Creating environment hook '/home/mk/dev_ws/build/whisper_demos/share/whisper_demos/hook/pythonpath_develop.ps1'
[3.209s] DEBUG:colcon.colcon_core.event_handler.log_command:Invoked command in '/home/mk/dev_ws/build/whisper_demos' returned '0': AMENT_PREFIX_PATH=/home/mk/dev_ws/install/whisper_server:/home/mk/dev_ws/install/whisper_util:/home/mk/dev_ws/install/whisper_idl:/home/mk/dev_ws/install/whisper_cpp_vendor:/home/mk/dev_ws/install/audio_listener:${AMENT_PREFIX_PATH} CMAKE_PREFIX_PATH=/home/mk/dev_ws/install/whisper_server:/home/mk/dev_ws/install/whisper_util:/home/mk/dev_ws/install/whisper_idl:/home/mk/dev_ws/install/whisper_cpp_vendor LD_LIBRARY_PATH=/home/mk/dev_ws/install/whisper_server/lib:/home/mk/dev_ws/install/whisper_util/lib:/home/mk/dev_ws/install/whisper_idl/lib:/home/mk/dev_ws/install/whisper_cpp_vendor/lib:${LD_LIBRARY_PATH} PYTHONPATH=/home/mk/dev_ws/build/whisper_demos/prefix_override:/usr/lib/python3/dist-packages/colcon_core/task/python/colcon_distutils_commands:/home/mk/dev_ws/install/whisper_demos/lib/python3.10/site-packages:/home/mk/dev_ws/install/whisper_idl/local/lib/python3.10/dist-packages:/home/mk/dev_ws/build/audio_listener:/home/mk/dev_ws/install/audio_listener/lib/python3.10/site-packages:${PYTHONPATH} /usr/bin/python3 -W ignore:setup.py install is deprecated -W ignore:easy_install command is deprecated setup.py develop --editable --build-directory /home/mk/dev_ws/build/whisper_demos/build --no-deps symlink_data
[3.209s] INFO:colcon.colcon_core.shell:Creating environment descriptor '/home/mk/dev_ws/build/whisper_demos/share/whisper_demos/hook/pythonpath_develop.dsv'
[3.209s] INFO:colcon.colcon_core.shell:Creating environment hook '/home/mk/dev_ws/build/whisper_demos/share/whisper_demos/hook/pythonpath_develop.sh'
[3.210s] Level 1:colcon.colcon_core.environment:checking '/home/mk/dev_ws/install/whisper_demos' for CMake module files
[3.210s] Level 1:colcon.colcon_core.environment:checking '/home/mk/dev_ws/install/whisper_demos' for CMake config files
[3.210s] Level 1:colcon.colcon_core.environment:checking '/home/mk/dev_ws/install/whisper_demos/lib'
[3.210s] Level 1:colcon.colcon_core.environment:checking '/home/mk/dev_ws/install/whisper_demos/bin'
[3.210s] Level 1:colcon.colcon_core.environment:checking '/home/mk/dev_ws/install/whisper_demos/lib/pkgconfig/whisper_demos.pc'
[3.210s] Level 1:colcon.colcon_core.environment:checking '/home/mk/dev_ws/install/whisper_demos/lib/python3.10/site-packages'
[3.210s] Level 1:colcon.colcon_core.shell:create_environment_hook('whisper_demos', 'pythonpath')
[3.211s] INFO:colcon.colcon_core.shell:Creating environment hook '/home/mk/dev_ws/install/whisper_demos/share/whisper_demos/hook/pythonpath.ps1'
[3.211s] INFO:colcon.colcon_core.shell:Creating environment descriptor '/home/mk/dev_ws/install/whisper_demos/share/whisper_demos/hook/pythonpath.dsv'
[3.211s] INFO:colcon.colcon_core.shell:Creating environment hook '/home/mk/dev_ws/install/whisper_demos/share/whisper_demos/hook/pythonpath.sh'
[3.211s] Level 1:colcon.colcon_core.environment:checking '/home/mk/dev_ws/install/whisper_demos/bin'
[3.211s] Level 1:colcon.colcon_core.environment:create_environment_scripts_only(whisper_demos)
[3.211s] INFO:colcon.colcon_core.shell:Creating package script '/home/mk/dev_ws/install/whisper_demos/share/whisper_demos/package.ps1'
[3.212s] INFO:colcon.colcon_core.shell:Creating package descriptor '/home/mk/dev_ws/install/whisper_demos/share/whisper_demos/package.dsv'
[3.212s] INFO:colcon.colcon_core.shell:Creating package script '/home/mk/dev_ws/install/whisper_demos/share/whisper_demos/package.sh'
[3.212s] INFO:colcon.colcon_core.shell:Creating package script '/home/mk/dev_ws/install/whisper_demos/share/whisper_demos/package.bash'
[3.212s] INFO:colcon.colcon_core.shell:Creating package script '/home/mk/dev_ws/install/whisper_demos/share/whisper_demos/package.zsh'
[3.213s] Level 1:colcon.colcon_core.environment:create_file_with_runtime_dependencies(/home/mk/dev_ws/install/whisper_demos/share/colcon-core/packages/whisper_demos)
[3.213s] DEBUG:colcon.colcon_parallel_executor.executor.parallel:closing loop
[3.213s] DEBUG:colcon.colcon_parallel_executor.executor.parallel:loop closed
[3.213s] DEBUG:colcon.colcon_parallel_executor.executor.parallel:run_until_complete finished with '0'
[3.213s] DEBUG:colcon.colcon_core.event_reactor:joining thread
[3.218s] INFO:colcon.colcon_core.plugin_system:Skipping extension 'colcon_notification.desktop_notification.terminal_notifier': Not used on non-Darwin systems
[3.219s] INFO:colcon.colcon_core.plugin_system:Skipping extension 'colcon_notification.desktop_notification.win32': Not used on non-Windows systems
[3.219s] INFO:colcon.colcon_notification.desktop_notification:Sending desktop notification using 'notify2'
[3.225s] DEBUG:colcon.colcon_core.event_reactor:joined thread
[3.225s] INFO:colcon.colcon_core.shell:Creating prefix script '/home/mk/dev_ws/install/local_setup.ps1'
[3.226s] INFO:colcon.colcon_core.shell:Creating prefix util module '/home/mk/dev_ws/install/_local_setup_util_ps1.py'
[3.226s] INFO:colcon.colcon_core.shell:Creating prefix chain script '/home/mk/dev_ws/install/setup.ps1'
[3.227s] INFO:colcon.colcon_core.shell:Creating prefix script '/home/mk/dev_ws/install/local_setup.sh'
[3.227s] INFO:colcon.colcon_core.shell:Creating prefix util module '/home/mk/dev_ws/install/_local_setup_util_sh.py'
[3.227s] INFO:colcon.colcon_core.shell:Creating prefix chain script '/home/mk/dev_ws/install/setup.sh'
[3.228s] INFO:colcon.colcon_core.shell:Creating prefix script '/home/mk/dev_ws/install/local_setup.bash'
[3.228s] INFO:colcon.colcon_core.shell:Creating prefix chain script '/home/mk/dev_ws/install/setup.bash'
[3.228s] INFO:colcon.colcon_core.shell:Creating prefix script '/home/mk/dev_ws/install/local_setup.zsh'
[3.229s] INFO:colcon.colcon_core.shell:Creating prefix chain script '/home/mk/dev_ws/install/setup.zsh'
