[0.035s] Invoking command in '/home/mk/dev_ws/build/xarm_msgs': CMAKE_PREFIX_PATH=/opt/ros/humble /usr/bin/cmake /home/mk/dev_ws/src/xarm_ros2/xarm_msgs -DAMENT_CMAKE_SYMLINK_INSTALL=1 -DCMAKE_INSTALL_PREFIX=/home/mk/dev_ws/install/xarm_msgs
[1.228s] -- The C compiler identification is GNU 11.4.0
[1.228s] -- The CXX compiler identification is GNU 11.4.0
[1.228s] -- Detecting C compiler ABI info
[1.228s] -- Detecting C compiler ABI info - done
[1.228s] -- Check for working C compiler: /usr/bin/cc - skipped
[1.228s] -- Detecting C compile features
[1.228s] -- Detecting C compile features - done
[1.228s] -- Detecting CXX compiler ABI info
[1.228s] -- Detecting CXX compiler ABI info - done
[1.228s] -- Check for working CXX compiler: /usr/bin/c++ - skipped
[1.228s] -- Detecting CXX compile features
[1.228s] -- Detecting CXX compile features - done
[1.228s] -- Found ament_cmake: 1.3.14 (/opt/ros/humble/share/ament_cmake/cmake)
[1.228s] -- Found Python3: /usr/bin/python3 (found version "3.10.12") found components: Interpreter 
[1.228s] -- Override CMake install command with custom implementation using symlinks instead of copying resources
[1.228s] -- Found ament_lint_auto: 0.12.15 (/opt/ros/humble/share/ament_lint_auto/cmake)
[1.228s] -- Found std_msgs: 4.9.1 (/opt/ros/humble/share/std_msgs/cmake)
[1.228s] -- Found rosidl_generator_c: 3.1.8 (/opt/ros/humble/share/rosidl_generator_c/cmake)
[1.228s] -- Found rosidl_adapter: 3.1.8 (/opt/ros/humble/share/rosidl_adapter/cmake)
[1.228s] -- Found rosidl_generator_cpp: 3.1.8 (/opt/ros/humble/share/rosidl_generator_cpp/cmake)
[1.228s] -- Using all available rosidl_typesupport_c: rosidl_typesupport_fastrtps_c;rosidl_typesupport_introspection_c
[1.228s] -- Using all available rosidl_typesupport_cpp: rosidl_typesupport_fastrtps_cpp;rosidl_typesupport_introspection_cpp
[1.229s] -- Found geometry_msgs: 4.9.1 (/opt/ros/humble/share/geometry_msgs/cmake)
[1.229s] -- Found rosidl_default_generators: 1.2.1 (/opt/ros/humble/share/rosidl_default_generators/cmake)
[1.229s] -- Found ament_cmake_ros: 0.10.0 (/opt/ros/humble/share/ament_cmake_ros/cmake)
[1.229s] -- Using all available rosidl_typesupport_c: rosidl_typesupport_fastrtps_c;rosidl_typesupport_introspection_c
[1.267s] -- Using all available rosidl_typesupport_cpp: rosidl_typesupport_fastrtps_cpp;rosidl_typesupport_introspection_cpp
[1.305s] -- Found PythonInterp: /usr/bin/python3 (found suitable version "3.10.12", minimum required is "3.6") 
[1.306s] -- Found python_cmake_module: 0.10.0 (/opt/ros/humble/share/python_cmake_module/cmake)
[1.352s] -- Found PythonLibs: /usr/lib/x86_64-linux-gnu/libpython3.10.so (found suitable version "3.10.12", minimum required is "3.5") 
[1.352s] -- Using PYTHON_EXECUTABLE: /usr/bin/python3
[1.352s] -- Using PYTHON_INCLUDE_DIRS: /usr/include/python3.10
[1.352s] -- Using PYTHON_LIBRARIES: /usr/lib/x86_64-linux-gnu/libpython3.10.so
[1.394s] -- Found PythonExtra: .so  
[1.685s] -- Added test 'copyright' to check source files copyright and LICENSE
[1.696s] -- Added test 'lint_cmake' to check CMake code style
[1.703s] -- Added test 'xmllint' to check XML markup files
[1.714s] -- Configuring done
[2.003s] -- Generating done
[2.061s] -- Build files have been written to: /home/mk/dev_ws/build/xarm_msgs
[2.129s] Invoked command in '/home/mk/dev_ws/build/xarm_msgs' returned '0': CMAKE_PREFIX_PATH=/opt/ros/humble /usr/bin/cmake /home/mk/dev_ws/src/xarm_ros2/xarm_msgs -DAMENT_CMAKE_SYMLINK_INSTALL=1 -DCMAKE_INSTALL_PREFIX=/home/mk/dev_ws/install/xarm_msgs
[2.130s] Invoking command in '/home/mk/dev_ws/build/xarm_msgs': CMAKE_PREFIX_PATH=/opt/ros/humble /usr/bin/cmake --build /home/mk/dev_ws/build/xarm_msgs -- -j20 -l20
[2.909s] [  0%] [34m[1mGenerating C code for ROS interfaces[0m
[2.910s] [  1%] [34m[1mGenerating Rust code for ROS interfaces[0m
[2.910s] [  1%] Built target ament_cmake_python_symlink_xarm_msgs
[2.910s] [  1%] [34m[1mGenerating C++ code for ROS interfaces[0m
[2.910s] running egg_info
[2.910s] creating xarm_msgs.egg-info
[2.910s] writing xarm_msgs.egg-info/PKG-INFO
[2.910s] writing dependency_links to xarm_msgs.egg-info/dependency_links.txt
[2.910s] writing top-level names to xarm_msgs.egg-info/top_level.txt
[2.910s] writing manifest file 'xarm_msgs.egg-info/SOURCES.txt'
[2.910s] reading manifest file 'xarm_msgs.egg-info/SOURCES.txt'
[2.910s] writing manifest file 'xarm_msgs.egg-info/SOURCES.txt'
[2.910s] [  1%] Built target ament_cmake_python_build_xarm_msgs_egg
[5.685s] [  1%] Built target xarm_msgs__rs
[8.475s] [  1%] Built target xarm_msgs__cpp
[8.483s] [  1%] [34m[1mGenerating C++ type support dispatch for ROS interfaces[0m
[8.486s] [  1%] [34m[1mGenerating C++ type support for eProsima Fast-RTPS[0m
[8.486s] [  1%] [34m[1mGenerating C++ introspection for ROS interfaces[0m
[8.701s] [  1%] [32mBuilding C object CMakeFiles/xarm_msgs__rosidl_generator_c.dir/rosidl_generator_c/xarm_msgs/msg/detail/robot_msg__functions.c.o[0m
[8.702s] [  1%] [32mBuilding C object CMakeFiles/xarm_msgs__rosidl_generator_c.dir/rosidl_generator_c/xarm_msgs/msg/detail/cio_state__functions.c.o[0m
[8.702s] [  3%] [32mBuilding C object CMakeFiles/xarm_msgs__rosidl_generator_c.dir/rosidl_generator_c/xarm_msgs/msg/detail/io_state__functions.c.o[0m
[8.702s] [  3%] [32mBuilding C object CMakeFiles/xarm_msgs__rosidl_generator_c.dir/rosidl_generator_c/xarm_msgs/srv/detail/call__functions.c.o[0m
[8.702s] [  3%] [32mBuilding C object CMakeFiles/xarm_msgs__rosidl_generator_c.dir/rosidl_generator_c/xarm_msgs/srv/detail/bio_gripper_ctrl__functions.c.o[0m
[8.702s] [  3%] [32mBuilding C object CMakeFiles/xarm_msgs__rosidl_generator_c.dir/rosidl_generator_c/xarm_msgs/srv/detail/get_digital_io__functions.c.o[0m
[8.702s] [  3%] [32mBuilding C object CMakeFiles/xarm_msgs__rosidl_generator_c.dir/rosidl_generator_c/xarm_msgs/srv/detail/get_int16__functions.c.o[0m
[8.703s] [  3%] [32mBuilding C object CMakeFiles/xarm_msgs__rosidl_generator_c.dir/rosidl_generator_c/xarm_msgs/srv/detail/get_analog_io__functions.c.o[0m
[8.703s] [  3%] [32mBuilding C object CMakeFiles/xarm_msgs__rosidl_generator_c.dir/rosidl_generator_c/xarm_msgs/srv/detail/get_float32__functions.c.o[0m
[8.703s] [  3%] [32mBuilding C object CMakeFiles/xarm_msgs__rosidl_generator_c.dir/rosidl_generator_c/xarm_msgs/srv/detail/get_int16_list__functions.c.o[0m
[8.704s] [  3%] [32mBuilding C object CMakeFiles/xarm_msgs__rosidl_generator_c.dir/rosidl_generator_c/xarm_msgs/srv/detail/bio_gripper_enable__functions.c.o[0m
[8.706s] [  3%] [32mBuilding C object CMakeFiles/xarm_msgs__rosidl_generator_c.dir/rosidl_generator_c/xarm_msgs/srv/detail/get_int32__functions.c.o[0m
[8.706s] [  4%] [32mBuilding C object CMakeFiles/xarm_msgs__rosidl_generator_c.dir/rosidl_generator_c/xarm_msgs/srv/detail/get_float32_list__functions.c.o[0m
[8.707s] [  5%] [32mBuilding C object CMakeFiles/xarm_msgs__rosidl_generator_c.dir/rosidl_generator_c/xarm_msgs/srv/detail/get_int32_by_type__functions.c.o[0m
[8.707s] [  5%] [32mBuilding C object CMakeFiles/xarm_msgs__rosidl_generator_c.dir/rosidl_generator_c/xarm_msgs/srv/detail/get_set_modbus_data__functions.c.o[0m
[8.708s] [  5%] [32mBuilding C object CMakeFiles/xarm_msgs__rosidl_generator_c.dir/rosidl_generator_c/xarm_msgs/srv/detail/move_cartesian__functions.c.o[0m
[8.710s] [  5%] [32mBuilding C object CMakeFiles/xarm_msgs__rosidl_generator_c.dir/rosidl_generator_c/xarm_msgs/srv/detail/gripper_move__functions.c.o[0m
[8.748s] [  5%] [32mBuilding C object CMakeFiles/xarm_msgs__rosidl_generator_c.dir/rosidl_generator_c/xarm_msgs/srv/detail/move_circle__functions.c.o[0m
[8.748s] [  6%] [32mBuilding C object CMakeFiles/xarm_msgs__rosidl_generator_c.dir/rosidl_generator_c/xarm_msgs/srv/detail/move_home__functions.c.o[0m
[8.753s] [  6%] [32mBuilding C object CMakeFiles/xarm_msgs__rosidl_generator_c.dir/rosidl_generator_c/xarm_msgs/srv/detail/move_joint__functions.c.o[0m
[8.762s] [  6%] [32mBuilding C object CMakeFiles/xarm_msgs__rosidl_generator_c.dir/rosidl_generator_c/xarm_msgs/srv/detail/move_velocity__functions.c.o[0m
[8.767s] [  6%] [32mBuilding C object CMakeFiles/xarm_msgs__rosidl_generator_c.dir/rosidl_generator_c/xarm_msgs/srv/detail/robotiq_activate__functions.c.o[0m
[8.767s] [  6%] [32mBuilding C object CMakeFiles/xarm_msgs__rosidl_generator_c.dir/rosidl_generator_c/xarm_msgs/srv/detail/robotiq_reset__functions.c.o[0m
[8.767s] [  7%] [32mBuilding C object CMakeFiles/xarm_msgs__rosidl_generator_c.dir/rosidl_generator_c/xarm_msgs/srv/detail/robotiq_get_status__functions.c.o[0m
[8.768s] [  7%] [32mBuilding C object CMakeFiles/xarm_msgs__rosidl_generator_c.dir/rosidl_generator_c/xarm_msgs/srv/detail/robotiq_move__functions.c.o[0m
[8.775s] [  7%] [32mBuilding C object CMakeFiles/xarm_msgs__rosidl_generator_c.dir/rosidl_generator_c/xarm_msgs/srv/detail/set_analog_io__functions.c.o[0m
[8.782s] [  8%] [32mBuilding C object CMakeFiles/xarm_msgs__rosidl_generator_c.dir/rosidl_generator_c/xarm_msgs/srv/detail/set_digital_io__functions.c.o[0m
[8.785s] [  9%] [32mBuilding C object CMakeFiles/xarm_msgs__rosidl_generator_c.dir/rosidl_generator_c/xarm_msgs/srv/detail/set_float32_list__functions.c.o[0m
[8.785s] [  9%] [32mBuilding C object CMakeFiles/xarm_msgs__rosidl_generator_c.dir/rosidl_generator_c/xarm_msgs/srv/detail/set_int16_by_id__functions.c.o[0m
[8.787s] [  9%] [32mBuilding C object CMakeFiles/xarm_msgs__rosidl_generator_c.dir/rosidl_generator_c/xarm_msgs/srv/detail/set_int16__functions.c.o[0m
[8.788s] [  9%] [32mBuilding C object CMakeFiles/xarm_msgs__rosidl_generator_c.dir/rosidl_generator_c/xarm_msgs/srv/detail/set_float32__functions.c.o[0m
[8.806s] [  9%] [32mBuilding C object CMakeFiles/xarm_msgs__rosidl_generator_c.dir/rosidl_generator_c/xarm_msgs/srv/detail/set_int32__functions.c.o[0m
[8.806s] [  9%] [32mBuilding C object CMakeFiles/xarm_msgs__rosidl_generator_c.dir/rosidl_generator_c/xarm_msgs/srv/detail/set_int16_list__functions.c.o[0m
[8.806s] [  9%] [32mBuilding C object CMakeFiles/xarm_msgs__rosidl_generator_c.dir/rosidl_generator_c/xarm_msgs/srv/detail/set_int32_by_type__functions.c.o[0m
[8.818s] [  9%] [32mBuilding C object CMakeFiles/xarm_msgs__rosidl_generator_c.dir/rosidl_generator_c/xarm_msgs/srv/detail/traj_ctrl__functions.c.o[0m
[8.818s] [  9%] [32mBuilding C object CMakeFiles/xarm_msgs__rosidl_generator_c.dir/rosidl_generator_c/xarm_msgs/srv/detail/vacuum_gripper_ctrl__functions.c.o[0m
[8.819s] [ 10%] [32mBuilding C object CMakeFiles/xarm_msgs__rosidl_generator_c.dir/rosidl_generator_c/xarm_msgs/srv/detail/traj_play__functions.c.o[0m
[8.829s] [ 10%] [32mBuilding C object CMakeFiles/xarm_msgs__rosidl_generator_c.dir/rosidl_generator_c/xarm_msgs/srv/detail/set_tcp_load__functions.c.o[0m
[8.833s] [ 10%] [32mBuilding C object CMakeFiles/xarm_msgs__rosidl_generator_c.dir/rosidl_generator_c/xarm_msgs/srv/detail/set_modbus_timeout__functions.c.o[0m
[8.842s] [ 11%] [32mBuilding C object CMakeFiles/xarm_msgs__rosidl_generator_c.dir/rosidl_generator_c/xarm_msgs/srv/detail/iden_load__functions.c.o[0m
[8.842s] [ 11%] [32mBuilding C object CMakeFiles/xarm_msgs__rosidl_generator_c.dir/rosidl_generator_c/xarm_msgs/srv/detail/ft_force_config__functions.c.o[0m
[8.842s] [ 11%] [32mBuilding C object CMakeFiles/xarm_msgs__rosidl_generator_c.dir/rosidl_generator_c/xarm_msgs/srv/detail/ft_force_pid__functions.c.o[0m
[8.842s] [ 11%] [32mBuilding C object CMakeFiles/xarm_msgs__rosidl_generator_c.dir/rosidl_generator_c/xarm_msgs/srv/detail/ft_cali_load__functions.c.o[0m
[8.852s] [ 12%] [32mBuilding C object CMakeFiles/xarm_msgs__rosidl_generator_c.dir/rosidl_generator_c/xarm_msgs/srv/detail/ft_impedance__functions.c.o[0m
[8.852s] [ 12%] [32mBuilding C object CMakeFiles/xarm_msgs__rosidl_generator_c.dir/rosidl_generator_c/xarm_msgs/srv/detail/linear_track_back_origin__functions.c.o[0m
[8.857s] [ 13%] [32mBuilding C object CMakeFiles/xarm_msgs__rosidl_generator_c.dir/rosidl_generator_c/xarm_msgs/srv/detail/plan_joint__functions.c.o[0m
[8.862s] [ 13%] [32mBuilding C object CMakeFiles/xarm_msgs__rosidl_generator_c.dir/rosidl_generator_c/xarm_msgs/srv/detail/plan_exec__functions.c.o[0m
[8.865s] [ 13%] [32mBuilding C object CMakeFiles/xarm_msgs__rosidl_generator_c.dir/rosidl_generator_c/xarm_msgs/srv/detail/plan_pose__functions.c.o[0m
[8.866s] [ 13%] [32mBuilding C object CMakeFiles/xarm_msgs__rosidl_generator_c.dir/rosidl_generator_c/xarm_msgs/srv/detail/linear_track_set_pos__functions.c.o[0m
[8.868s] [ 13%] [32mBuilding C object CMakeFiles/xarm_msgs__rosidl_generator_c.dir/rosidl_generator_c/xarm_msgs/srv/detail/plan_single_straight__functions.c.o[0m
[8.925s] [ 13%] [32m[1mLinking C shared library libxarm_msgs__rosidl_generator_c.so[0m
[8.964s] [ 13%] Built target xarm_msgs__rosidl_generator_c
[8.971s] [ 14%] [34m[1mGenerating C introspection for ROS interfaces[0m
[8.974s] [ 16%] [34m[1mGenerating C type support dispatch for ROS interfaces[0m
[8.974s] [ 16%] [34m[1mGenerating C type support for eProsima Fast-RTPS[0m
[10.499s] [ 16%] [32mBuilding CXX object CMakeFiles/xarm_msgs__rosidl_typesupport_cpp.dir/rosidl_typesupport_cpp/xarm_msgs/msg/robot_msg__type_support.cpp.o[0m
[10.499s] [ 17%] [32mBuilding CXX object CMakeFiles/xarm_msgs__rosidl_typesupport_cpp.dir/rosidl_typesupport_cpp/xarm_msgs/msg/io_state__type_support.cpp.o[0m
[10.500s] [ 17%] [32mBuilding CXX object CMakeFiles/xarm_msgs__rosidl_typesupport_cpp.dir/rosidl_typesupport_cpp/xarm_msgs/srv/bio_gripper_enable__type_support.cpp.o[0m
[10.500s] [ 17%] [32mBuilding CXX object CMakeFiles/xarm_msgs__rosidl_typesupport_cpp.dir/rosidl_typesupport_cpp/xarm_msgs/srv/get_digital_io__type_support.cpp.o[0m
[10.500s] [ 17%] [32mBuilding CXX object CMakeFiles/xarm_msgs__rosidl_typesupport_cpp.dir/rosidl_typesupport_cpp/xarm_msgs/srv/bio_gripper_ctrl__type_support.cpp.o[0m
[10.500s] [ 18%] [32mBuilding CXX object CMakeFiles/xarm_msgs__rosidl_typesupport_cpp.dir/rosidl_typesupport_cpp/xarm_msgs/srv/call__type_support.cpp.o[0m
[10.500s] [ 18%] [32mBuilding CXX object CMakeFiles/xarm_msgs__rosidl_typesupport_cpp.dir/rosidl_typesupport_cpp/xarm_msgs/srv/get_analog_io__type_support.cpp.o[0m
[10.501s] [ 18%] [32mBuilding CXX object CMakeFiles/xarm_msgs__rosidl_typesupport_cpp.dir/rosidl_typesupport_cpp/xarm_msgs/msg/cio_state__type_support.cpp.o[0m
[10.503s] [ 18%] [32mBuilding CXX object CMakeFiles/xarm_msgs__rosidl_typesupport_cpp.dir/rosidl_typesupport_cpp/xarm_msgs/srv/get_float32__type_support.cpp.o[0m
[10.504s] [ 19%] [32mBuilding CXX object CMakeFiles/xarm_msgs__rosidl_typesupport_cpp.dir/rosidl_typesupport_cpp/xarm_msgs/srv/get_float32_list__type_support.cpp.o[0m
[10.504s] [ 19%] [32mBuilding CXX object CMakeFiles/xarm_msgs__rosidl_typesupport_cpp.dir/rosidl_typesupport_cpp/xarm_msgs/srv/get_int32__type_support.cpp.o[0m
[10.505s] [ 19%] [32mBuilding CXX object CMakeFiles/xarm_msgs__rosidl_typesupport_cpp.dir/rosidl_typesupport_cpp/xarm_msgs/srv/get_set_modbus_data__type_support.cpp.o[0m
[10.507s] [ 19%] [32mBuilding CXX object CMakeFiles/xarm_msgs__rosidl_typesupport_cpp.dir/rosidl_typesupport_cpp/xarm_msgs/srv/get_int16__type_support.cpp.o[0m
[10.507s] [ 19%] [32mBuilding CXX object CMakeFiles/xarm_msgs__rosidl_typesupport_cpp.dir/rosidl_typesupport_cpp/xarm_msgs/srv/get_int16_list__type_support.cpp.o[0m
[10.513s] [ 20%] [32mBuilding CXX object CMakeFiles/xarm_msgs__rosidl_typesupport_cpp.dir/rosidl_typesupport_cpp/xarm_msgs/srv/get_int32_by_type__type_support.cpp.o[0m
[10.722s] [ 20%] [32mBuilding CXX object CMakeFiles/xarm_msgs__rosidl_typesupport_cpp.dir/rosidl_typesupport_cpp/xarm_msgs/srv/gripper_move__type_support.cpp.o[0m
[10.726s] [ 20%] [32mBuilding CXX object CMakeFiles/xarm_msgs__rosidl_typesupport_cpp.dir/rosidl_typesupport_cpp/xarm_msgs/srv/move_cartesian__type_support.cpp.o[0m
[10.760s] [ 20%] [32mBuilding CXX object CMakeFiles/xarm_msgs__rosidl_typesupport_cpp.dir/rosidl_typesupport_cpp/xarm_msgs/srv/move_circle__type_support.cpp.o[0m
[10.760s] [ 20%] [32mBuilding CXX object CMakeFiles/xarm_msgs__rosidl_typesupport_cpp.dir/rosidl_typesupport_cpp/xarm_msgs/srv/move_joint__type_support.cpp.o[0m
[10.760s] [ 21%] [32mBuilding CXX object CMakeFiles/xarm_msgs__rosidl_typesupport_cpp.dir/rosidl_typesupport_cpp/xarm_msgs/srv/move_home__type_support.cpp.o[0m
[10.769s] [ 21%] [32mBuilding CXX object CMakeFiles/xarm_msgs__rosidl_typesupport_cpp.dir/rosidl_typesupport_cpp/xarm_msgs/srv/move_velocity__type_support.cpp.o[0m
[10.782s] [ 21%] [32mBuilding CXX object CMakeFiles/xarm_msgs__rosidl_typesupport_cpp.dir/rosidl_typesupport_cpp/xarm_msgs/srv/robotiq_activate__type_support.cpp.o[0m
[10.786s] [ 22%] [32mBuilding CXX object CMakeFiles/xarm_msgs__rosidl_typesupport_cpp.dir/rosidl_typesupport_cpp/xarm_msgs/srv/robotiq_get_status__type_support.cpp.o[0m
[10.787s] [ 22%] [32mBuilding CXX object CMakeFiles/xarm_msgs__rosidl_typesupport_cpp.dir/rosidl_typesupport_cpp/xarm_msgs/srv/robotiq_move__type_support.cpp.o[0m
[10.797s] [ 22%] [32mBuilding CXX object CMakeFiles/xarm_msgs__rosidl_typesupport_cpp.dir/rosidl_typesupport_cpp/xarm_msgs/srv/robotiq_reset__type_support.cpp.o[0m
[10.808s] [ 22%] [32mBuilding CXX object CMakeFiles/xarm_msgs__rosidl_typesupport_cpp.dir/rosidl_typesupport_cpp/xarm_msgs/srv/set_analog_io__type_support.cpp.o[0m
[10.827s] [ 23%] [32mBuilding CXX object CMakeFiles/xarm_msgs__rosidl_typesupport_cpp.dir/rosidl_typesupport_cpp/xarm_msgs/srv/set_digital_io__type_support.cpp.o[0m
[10.875s] [ 23%] [32mBuilding CXX object CMakeFiles/xarm_msgs__rosidl_typesupport_cpp.dir/rosidl_typesupport_cpp/xarm_msgs/srv/set_float32_list__type_support.cpp.o[0m
[10.876s] [ 23%] [32mBuilding CXX object CMakeFiles/xarm_msgs__rosidl_typesupport_cpp.dir/rosidl_typesupport_cpp/xarm_msgs/srv/set_float32__type_support.cpp.o[0m
[10.879s] [ 23%] [32mBuilding CXX object CMakeFiles/xarm_msgs__rosidl_typesupport_cpp.dir/rosidl_typesupport_cpp/xarm_msgs/srv/set_int16__type_support.cpp.o[0m
[10.966s] [ 24%] [32mBuilding CXX object CMakeFiles/xarm_msgs__rosidl_typesupport_cpp.dir/rosidl_typesupport_cpp/xarm_msgs/srv/set_int16_by_id__type_support.cpp.o[0m
[10.970s] [ 24%] [32mBuilding CXX object CMakeFiles/xarm_msgs__rosidl_typesupport_cpp.dir/rosidl_typesupport_cpp/xarm_msgs/srv/set_int16_list__type_support.cpp.o[0m
[10.979s] [ 24%] [32mBuilding CXX object CMakeFiles/xarm_msgs__rosidl_typesupport_cpp.dir/rosidl_typesupport_cpp/xarm_msgs/srv/set_int32__type_support.cpp.o[0m
[10.989s] [ 24%] [32mBuilding CXX object CMakeFiles/xarm_msgs__rosidl_typesupport_cpp.dir/rosidl_typesupport_cpp/xarm_msgs/srv/set_int32_by_type__type_support.cpp.o[0m
[11.015s] [ 24%] [32mBuilding CXX object CMakeFiles/xarm_msgs__rosidl_typesupport_cpp.dir/rosidl_typesupport_cpp/xarm_msgs/srv/traj_ctrl__type_support.cpp.o[0m
[11.022s] [ 25%] [32mBuilding CXX object CMakeFiles/xarm_msgs__rosidl_typesupport_cpp.dir/rosidl_typesupport_cpp/xarm_msgs/srv/traj_play__type_support.cpp.o[0m
[11.079s] [ 25%] [32mBuilding CXX object CMakeFiles/xarm_msgs__rosidl_typesupport_cpp.dir/rosidl_typesupport_cpp/xarm_msgs/srv/vacuum_gripper_ctrl__type_support.cpp.o[0m
[11.125s] [ 25%] [32mBuilding CXX object CMakeFiles/xarm_msgs__rosidl_typesupport_cpp.dir/rosidl_typesupport_cpp/xarm_msgs/srv/set_modbus_timeout__type_support.cpp.o[0m
[11.126s] [ 25%] [32mBuilding CXX object CMakeFiles/xarm_msgs__rosidl_typesupport_cpp.dir/rosidl_typesupport_cpp/xarm_msgs/srv/set_tcp_load__type_support.cpp.o[0m
[11.135s] [ 26%] [32mBuilding CXX object CMakeFiles/xarm_msgs__rosidl_typesupport_cpp.dir/rosidl_typesupport_cpp/xarm_msgs/srv/iden_load__type_support.cpp.o[0m
[11.138s] [ 26%] [32mBuilding CXX object CMakeFiles/xarm_msgs__rosidl_typesupport_cpp.dir/rosidl_typesupport_cpp/xarm_msgs/srv/ft_cali_load__type_support.cpp.o[0m
[11.145s] [ 26%] [32mBuilding CXX object CMakeFiles/xarm_msgs__rosidl_typesupport_cpp.dir/rosidl_typesupport_cpp/xarm_msgs/srv/ft_force_config__type_support.cpp.o[0m
[11.158s] [ 26%] [32mBuilding CXX object CMakeFiles/xarm_msgs__rosidl_typesupport_cpp.dir/rosidl_typesupport_cpp/xarm_msgs/srv/ft_force_pid__type_support.cpp.o[0m
[11.190s] [ 27%] [32mBuilding CXX object CMakeFiles/xarm_msgs__rosidl_typesupport_cpp.dir/rosidl_typesupport_cpp/xarm_msgs/srv/ft_impedance__type_support.cpp.o[0m
[11.210s] [ 27%] [32mBuilding CXX object CMakeFiles/xarm_msgs__rosidl_typesupport_cpp.dir/rosidl_typesupport_cpp/xarm_msgs/srv/linear_track_back_origin__type_support.cpp.o[0m
[11.220s] [ 27%] [32mBuilding CXX object CMakeFiles/xarm_msgs__rosidl_typesupport_cpp.dir/rosidl_typesupport_cpp/xarm_msgs/srv/linear_track_set_pos__type_support.cpp.o[0m
[11.266s] [ 27%] [32mBuilding CXX object CMakeFiles/xarm_msgs__rosidl_typesupport_cpp.dir/rosidl_typesupport_cpp/xarm_msgs/srv/plan_exec__type_support.cpp.o[0m
[11.294s] [ 28%] [32mBuilding CXX object CMakeFiles/xarm_msgs__rosidl_typesupport_cpp.dir/rosidl_typesupport_cpp/xarm_msgs/srv/plan_joint__type_support.cpp.o[0m
[11.315s] [ 28%] [32mBuilding CXX object CMakeFiles/xarm_msgs__rosidl_typesupport_cpp.dir/rosidl_typesupport_cpp/xarm_msgs/srv/plan_pose__type_support.cpp.o[0m
[11.356s] [ 28%] [32mBuilding CXX object CMakeFiles/xarm_msgs__rosidl_typesupport_cpp.dir/rosidl_typesupport_cpp/xarm_msgs/srv/plan_single_straight__type_support.cpp.o[0m
[11.493s] [ 28%] [32mBuilding CXX object CMakeFiles/xarm_msgs__rosidl_typesupport_introspection_cpp.dir/rosidl_typesupport_introspection_cpp/xarm_msgs/msg/detail/robot_msg__type_support.cpp.o[0m
[11.494s] [ 29%] [32mBuilding CXX object CMakeFiles/xarm_msgs__rosidl_typesupport_introspection_cpp.dir/rosidl_typesupport_introspection_cpp/xarm_msgs/msg/detail/io_state__type_support.cpp.o[0m
[11.494s] [ 29%] [32mBuilding CXX object CMakeFiles/xarm_msgs__rosidl_typesupport_introspection_cpp.dir/rosidl_typesupport_introspection_cpp/xarm_msgs/srv/detail/bio_gripper_ctrl__type_support.cpp.o[0m
[11.494s] [ 29%] [32mBuilding CXX object CMakeFiles/xarm_msgs__rosidl_typesupport_introspection_cpp.dir/rosidl_typesupport_introspection_cpp/xarm_msgs/srv/detail/bio_gripper_enable__type_support.cpp.o[0m
[11.494s] [ 28%] [32mBuilding CXX object CMakeFiles/xarm_msgs__rosidl_typesupport_introspection_cpp.dir/rosidl_typesupport_introspection_cpp/xarm_msgs/msg/detail/cio_state__type_support.cpp.o[0m
[11.495s] [ 29%] [32mBuilding CXX object CMakeFiles/xarm_msgs__rosidl_typesupport_introspection_cpp.dir/rosidl_typesupport_introspection_cpp/xarm_msgs/srv/detail/get_analog_io__type_support.cpp.o[0m
[11.495s] [ 30%] [32mBuilding CXX object CMakeFiles/xarm_msgs__rosidl_typesupport_introspection_cpp.dir/rosidl_typesupport_introspection_cpp/xarm_msgs/srv/detail/call__type_support.cpp.o[0m
[11.495s] [ 30%] [32mBuilding CXX object CMakeFiles/xarm_msgs__rosidl_typesupport_introspection_cpp.dir/rosidl_typesupport_introspection_cpp/xarm_msgs/srv/detail/get_digital_io__type_support.cpp.o[0m
[11.496s] [ 30%] [32mBuilding CXX object CMakeFiles/xarm_msgs__rosidl_typesupport_introspection_cpp.dir/rosidl_typesupport_introspection_cpp/xarm_msgs/srv/detail/get_float32__type_support.cpp.o[0m
[11.500s] [ 31%] [32mBuilding CXX object CMakeFiles/xarm_msgs__rosidl_typesupport_introspection_cpp.dir/rosidl_typesupport_introspection_cpp/xarm_msgs/srv/detail/get_float32_list__type_support.cpp.o[0m
[11.500s] [ 31%] [32mBuilding CXX object CMakeFiles/xarm_msgs__rosidl_typesupport_introspection_cpp.dir/rosidl_typesupport_introspection_cpp/xarm_msgs/srv/detail/get_int16_list__type_support.cpp.o[0m
[11.500s] [ 31%] [32mBuilding CXX object CMakeFiles/xarm_msgs__rosidl_typesupport_introspection_cpp.dir/rosidl_typesupport_introspection_cpp/xarm_msgs/srv/detail/get_int16__type_support.cpp.o[0m
[11.524s] [ 31%] [32mBuilding CXX object CMakeFiles/xarm_msgs__rosidl_typesupport_introspection_cpp.dir/rosidl_typesupport_introspection_cpp/xarm_msgs/srv/detail/get_int32__type_support.cpp.o[0m
[11.525s] [ 32%] [32mBuilding CXX object CMakeFiles/xarm_msgs__rosidl_typesupport_introspection_cpp.dir/rosidl_typesupport_introspection_cpp/xarm_msgs/srv/detail/get_int32_by_type__type_support.cpp.o[0m
[11.582s] [ 32%] [32mBuilding CXX object CMakeFiles/xarm_msgs__rosidl_typesupport_introspection_cpp.dir/rosidl_typesupport_introspection_cpp/xarm_msgs/srv/detail/get_set_modbus_data__type_support.cpp.o[0m
[11.583s] [ 32%] [32m[1mLinking CXX shared library libxarm_msgs__rosidl_typesupport_cpp.so[0m
[11.630s] [ 32%] Built target xarm_msgs__rosidl_typesupport_cpp
[11.637s] [ 32%] [32mBuilding CXX object CMakeFiles/xarm_msgs__rosidl_typesupport_introspection_cpp.dir/rosidl_typesupport_introspection_cpp/xarm_msgs/srv/detail/gripper_move__type_support.cpp.o[0m
[11.809s] [ 33%] [32mBuilding CXX object CMakeFiles/xarm_msgs__rosidl_typesupport_introspection_cpp.dir/rosidl_typesupport_introspection_cpp/xarm_msgs/srv/detail/move_cartesian__type_support.cpp.o[0m
[11.809s] [ 33%] [32mBuilding CXX object CMakeFiles/xarm_msgs__rosidl_typesupport_introspection_cpp.dir/rosidl_typesupport_introspection_cpp/xarm_msgs/srv/detail/move_circle__type_support.cpp.o[0m
[11.810s] [ 33%] [32mBuilding CXX object CMakeFiles/xarm_msgs__rosidl_typesupport_introspection_cpp.dir/rosidl_typesupport_introspection_cpp/xarm_msgs/srv/detail/move_home__type_support.cpp.o[0m
[11.826s] [ 33%] [32mBuilding CXX object CMakeFiles/xarm_msgs__rosidl_typesupport_introspection_cpp.dir/rosidl_typesupport_introspection_cpp/xarm_msgs/srv/detail/move_joint__type_support.cpp.o[0m
[11.843s] [ 33%] [32mBuilding CXX object CMakeFiles/xarm_msgs__rosidl_typesupport_introspection_cpp.dir/rosidl_typesupport_introspection_cpp/xarm_msgs/srv/detail/move_velocity__type_support.cpp.o[0m
[11.865s] [ 33%] [32mBuilding CXX object CMakeFiles/xarm_msgs__rosidl_typesupport_introspection_cpp.dir/rosidl_typesupport_introspection_cpp/xarm_msgs/srv/detail/robotiq_activate__type_support.cpp.o[0m
[11.930s] [ 34%] [32mBuilding CXX object CMakeFiles/xarm_msgs__rosidl_typesupport_introspection_cpp.dir/rosidl_typesupport_introspection_cpp/xarm_msgs/srv/detail/robotiq_get_status__type_support.cpp.o[0m
[11.933s] [ 34%] [32mBuilding CXX object CMakeFiles/xarm_msgs__rosidl_typesupport_introspection_cpp.dir/rosidl_typesupport_introspection_cpp/xarm_msgs/srv/detail/robotiq_move__type_support.cpp.o[0m
[11.965s] [ 34%] [32mBuilding CXX object CMakeFiles/xarm_msgs__rosidl_typesupport_introspection_cpp.dir/rosidl_typesupport_introspection_cpp/xarm_msgs/srv/detail/robotiq_reset__type_support.cpp.o[0m
[11.980s] [ 34%] [32mBuilding CXX object CMakeFiles/xarm_msgs__rosidl_typesupport_introspection_cpp.dir/rosidl_typesupport_introspection_cpp/xarm_msgs/srv/detail/set_analog_io__type_support.cpp.o[0m
[12.003s] [ 35%] [32mBuilding CXX object CMakeFiles/xarm_msgs__rosidl_typesupport_introspection_cpp.dir/rosidl_typesupport_introspection_cpp/xarm_msgs/srv/detail/set_digital_io__type_support.cpp.o[0m
[12.017s] [ 35%] [32mBuilding CXX object CMakeFiles/xarm_msgs__rosidl_typesupport_introspection_cpp.dir/rosidl_typesupport_introspection_cpp/xarm_msgs/srv/detail/set_float32__type_support.cpp.o[0m
[12.033s] [ 35%] [32mBuilding CXX object CMakeFiles/xarm_msgs__rosidl_typesupport_introspection_cpp.dir/rosidl_typesupport_introspection_cpp/xarm_msgs/srv/detail/set_float32_list__type_support.cpp.o[0m
[12.086s] [ 35%] [32mBuilding CXX object CMakeFiles/xarm_msgs__rosidl_typesupport_introspection_cpp.dir/rosidl_typesupport_introspection_cpp/xarm_msgs/srv/detail/set_int16__type_support.cpp.o[0m
[12.158s] [ 36%] [32mBuilding CXX object CMakeFiles/xarm_msgs__rosidl_typesupport_introspection_cpp.dir/rosidl_typesupport_introspection_cpp/xarm_msgs/srv/detail/set_int16_by_id__type_support.cpp.o[0m
[12.166s] [ 36%] [32mBuilding CXX object CMakeFiles/xarm_msgs__rosidl_typesupport_introspection_cpp.dir/rosidl_typesupport_introspection_cpp/xarm_msgs/srv/detail/set_int16_list__type_support.cpp.o[0m
[12.175s] [ 36%] [32mBuilding CXX object CMakeFiles/xarm_msgs__rosidl_typesupport_introspection_cpp.dir/rosidl_typesupport_introspection_cpp/xarm_msgs/srv/detail/set_int32__type_support.cpp.o[0m
[12.188s] [ 36%] [32mBuilding CXX object CMakeFiles/xarm_msgs__rosidl_typesupport_introspection_cpp.dir/rosidl_typesupport_introspection_cpp/xarm_msgs/srv/detail/set_int32_by_type__type_support.cpp.o[0m
[12.191s] [ 36%] [32mBuilding CXX object CMakeFiles/xarm_msgs__rosidl_typesupport_c.dir/rosidl_typesupport_c/xarm_msgs/msg/robot_msg__type_support.cpp.o[0m
[12.196s] [ 36%] [32mBuilding CXX object CMakeFiles/xarm_msgs__rosidl_typesupport_c.dir/rosidl_typesupport_c/xarm_msgs/msg/io_state__type_support.cpp.o[0m
[12.211s] [ 36%] [32mBuilding CXX object CMakeFiles/xarm_msgs__rosidl_typesupport_c.dir/rosidl_typesupport_c/xarm_msgs/msg/cio_state__type_support.cpp.o[0m
[12.239s] [ 37%] [32mBuilding CXX object CMakeFiles/xarm_msgs__rosidl_typesupport_c.dir/rosidl_typesupport_c/xarm_msgs/srv/bio_gripper_enable__type_support.cpp.o[0m
[12.241s] [ 37%] [32mBuilding CXX object CMakeFiles/xarm_msgs__rosidl_typesupport_c.dir/rosidl_typesupport_c/xarm_msgs/srv/bio_gripper_ctrl__type_support.cpp.o[0m
[12.242s] [ 37%] [32mBuilding CXX object CMakeFiles/xarm_msgs__rosidl_typesupport_introspection_cpp.dir/rosidl_typesupport_introspection_cpp/xarm_msgs/srv/detail/traj_ctrl__type_support.cpp.o[0m
[12.258s] [ 38%] [32mBuilding CXX object CMakeFiles/xarm_msgs__rosidl_typesupport_introspection_cpp.dir/rosidl_typesupport_introspection_cpp/xarm_msgs/srv/detail/traj_play__type_support.cpp.o[0m
[12.262s] [ 38%] [32mBuilding CXX object CMakeFiles/xarm_msgs__rosidl_typesupport_c.dir/rosidl_typesupport_c/xarm_msgs/srv/call__type_support.cpp.o[0m
[12.293s] [ 38%] [32mBuilding CXX object CMakeFiles/xarm_msgs__rosidl_typesupport_c.dir/rosidl_typesupport_c/xarm_msgs/srv/get_analog_io__type_support.cpp.o[0m
[12.310s] [ 38%] [32mBuilding CXX object CMakeFiles/xarm_msgs__rosidl_typesupport_c.dir/rosidl_typesupport_c/xarm_msgs/srv/get_digital_io__type_support.cpp.o[0m
[12.325s] [ 38%] [32mBuilding CXX object CMakeFiles/xarm_msgs__rosidl_typesupport_introspection_cpp.dir/rosidl_typesupport_introspection_cpp/xarm_msgs/srv/detail/vacuum_gripper_ctrl__type_support.cpp.o[0m
[12.345s] [ 38%] [32mBuilding CXX object CMakeFiles/xarm_msgs__rosidl_typesupport_introspection_cpp.dir/rosidl_typesupport_introspection_cpp/xarm_msgs/srv/detail/set_tcp_load__type_support.cpp.o[0m
[12.364s] [ 39%] [32mBuilding CXX object CMakeFiles/xarm_msgs__rosidl_typesupport_c.dir/rosidl_typesupport_c/xarm_msgs/srv/get_float32__type_support.cpp.o[0m
[12.366s] [ 39%] [32mBuilding CXX object CMakeFiles/xarm_msgs__rosidl_typesupport_introspection_cpp.dir/rosidl_typesupport_introspection_cpp/xarm_msgs/srv/detail/set_modbus_timeout__type_support.cpp.o[0m
[12.368s] [ 40%] [32mBuilding CXX object CMakeFiles/xarm_msgs__rosidl_typesupport_introspection_cpp.dir/rosidl_typesupport_introspection_cpp/xarm_msgs/srv/detail/iden_load__type_support.cpp.o[0m
[12.400s] [ 40%] [32mBuilding CXX object CMakeFiles/xarm_msgs__rosidl_typesupport_c.dir/rosidl_typesupport_c/xarm_msgs/srv/get_float32_list__type_support.cpp.o[0m
[12.410s] [ 40%] [32mBuilding CXX object CMakeFiles/xarm_msgs__rosidl_typesupport_introspection_cpp.dir/rosidl_typesupport_introspection_cpp/xarm_msgs/srv/detail/ft_cali_load__type_support.cpp.o[0m
[12.415s] [ 40%] [32mBuilding CXX object CMakeFiles/xarm_msgs__rosidl_typesupport_introspection_cpp.dir/rosidl_typesupport_introspection_cpp/xarm_msgs/srv/detail/ft_force_config__type_support.cpp.o[0m
[12.429s] [ 40%] [32mBuilding CXX object CMakeFiles/xarm_msgs__rosidl_typesupport_c.dir/rosidl_typesupport_c/xarm_msgs/srv/get_int16__type_support.cpp.o[0m
[12.442s] [ 40%] [32mBuilding CXX object CMakeFiles/xarm_msgs__rosidl_typesupport_introspection_cpp.dir/rosidl_typesupport_introspection_cpp/xarm_msgs/srv/detail/ft_force_pid__type_support.cpp.o[0m
[12.445s] [ 40%] [32mBuilding CXX object CMakeFiles/xarm_msgs__rosidl_typesupport_c.dir/rosidl_typesupport_c/xarm_msgs/srv/get_int16_list__type_support.cpp.o[0m
[12.453s] [ 41%] [32mBuilding CXX object CMakeFiles/xarm_msgs__rosidl_typesupport_introspection_cpp.dir/rosidl_typesupport_introspection_cpp/xarm_msgs/srv/detail/ft_impedance__type_support.cpp.o[0m
[12.461s] [ 42%] [32mBuilding CXX object CMakeFiles/xarm_msgs__rosidl_typesupport_c.dir/rosidl_typesupport_c/xarm_msgs/srv/get_int32__type_support.cpp.o[0m
[12.482s] [ 42%] [32mBuilding CXX object CMakeFiles/xarm_msgs__rosidl_typesupport_c.dir/rosidl_typesupport_c/xarm_msgs/srv/get_int32_by_type__type_support.cpp.o[0m
[12.492s] [ 42%] [32mBuilding CXX object CMakeFiles/xarm_msgs__rosidl_typesupport_introspection_cpp.dir/rosidl_typesupport_introspection_cpp/xarm_msgs/srv/detail/linear_track_back_origin__type_support.cpp.o[0m
[12.517s] [ 42%] [32mBuilding CXX object CMakeFiles/xarm_msgs__rosidl_typesupport_c.dir/rosidl_typesupport_c/xarm_msgs/srv/get_set_modbus_data__type_support.cpp.o[0m
[12.524s] [ 42%] [32mBuilding CXX object CMakeFiles/xarm_msgs__rosidl_typesupport_c.dir/rosidl_typesupport_c/xarm_msgs/srv/gripper_move__type_support.cpp.o[0m
[12.533s] [ 43%] [32mBuilding CXX object CMakeFiles/xarm_msgs__rosidl_typesupport_c.dir/rosidl_typesupport_c/xarm_msgs/srv/move_cartesian__type_support.cpp.o[0m
[12.536s] [ 43%] [32mBuilding CXX object CMakeFiles/xarm_msgs__rosidl_typesupport_c.dir/rosidl_typesupport_c/xarm_msgs/srv/move_circle__type_support.cpp.o[0m
[12.572s] [ 43%] [32mBuilding CXX object CMakeFiles/xarm_msgs__rosidl_typesupport_introspection_cpp.dir/rosidl_typesupport_introspection_cpp/xarm_msgs/srv/detail/linear_track_set_pos__type_support.cpp.o[0m
[12.577s] [ 43%] [32mBuilding CXX object CMakeFiles/xarm_msgs__rosidl_typesupport_c.dir/rosidl_typesupport_c/xarm_msgs/srv/move_home__type_support.cpp.o[0m
[12.582s] [ 43%] [32mBuilding CXX object CMakeFiles/xarm_msgs__rosidl_typesupport_c.dir/rosidl_typesupport_c/xarm_msgs/srv/move_joint__type_support.cpp.o[0m
[12.588s] [ 43%] [32mBuilding CXX object CMakeFiles/xarm_msgs__rosidl_typesupport_introspection_cpp.dir/rosidl_typesupport_introspection_cpp/xarm_msgs/srv/detail/plan_exec__type_support.cpp.o[0m
[12.594s] [ 44%] [32mBuilding CXX object CMakeFiles/xarm_msgs__rosidl_typesupport_introspection_cpp.dir/rosidl_typesupport_introspection_cpp/xarm_msgs/srv/detail/plan_joint__type_support.cpp.o[0m
[12.614s] [ 44%] [32mBuilding CXX object CMakeFiles/xarm_msgs__rosidl_typesupport_c.dir/rosidl_typesupport_c/xarm_msgs/srv/move_velocity__type_support.cpp.o[0m
[12.617s] [ 45%] [32mBuilding CXX object CMakeFiles/xarm_msgs__rosidl_typesupport_c.dir/rosidl_typesupport_c/xarm_msgs/srv/robotiq_activate__type_support.cpp.o[0m
[12.639s] [ 45%] [32mBuilding CXX object CMakeFiles/xarm_msgs__rosidl_typesupport_introspection_cpp.dir/rosidl_typesupport_introspection_cpp/xarm_msgs/srv/detail/plan_pose__type_support.cpp.o[0m
[12.650s] [ 45%] [32mBuilding CXX object CMakeFiles/xarm_msgs__rosidl_typesupport_introspection_cpp.dir/rosidl_typesupport_introspection_cpp/xarm_msgs/srv/detail/plan_single_straight__type_support.cpp.o[0m
[12.672s] [ 45%] [32mBuilding CXX object CMakeFiles/xarm_msgs__rosidl_typesupport_c.dir/rosidl_typesupport_c/xarm_msgs/srv/robotiq_get_status__type_support.cpp.o[0m
[12.677s] [ 45%] [32mBuilding CXX object CMakeFiles/xarm_msgs__rosidl_typesupport_c.dir/rosidl_typesupport_c/xarm_msgs/srv/robotiq_move__type_support.cpp.o[0m
[12.681s] [ 45%] [32mBuilding CXX object CMakeFiles/xarm_msgs__rosidl_typesupport_c.dir/rosidl_typesupport_c/xarm_msgs/srv/robotiq_reset__type_support.cpp.o[0m
[12.710s] [ 46%] [32mBuilding CXX object CMakeFiles/xarm_msgs__rosidl_typesupport_c.dir/rosidl_typesupport_c/xarm_msgs/srv/set_analog_io__type_support.cpp.o[0m
[12.717s] [ 46%] [32mBuilding CXX object CMakeFiles/xarm_msgs__rosidl_typesupport_c.dir/rosidl_typesupport_c/xarm_msgs/srv/set_digital_io__type_support.cpp.o[0m
[12.729s] [ 46%] [32mBuilding CXX object CMakeFiles/xarm_msgs__rosidl_typesupport_c.dir/rosidl_typesupport_c/xarm_msgs/srv/set_float32_list__type_support.cpp.o[0m
[12.733s] [ 46%] [32mBuilding CXX object CMakeFiles/xarm_msgs__rosidl_typesupport_c.dir/rosidl_typesupport_c/xarm_msgs/srv/set_float32__type_support.cpp.o[0m
[12.741s] [ 47%] [32mBuilding CXX object CMakeFiles/xarm_msgs__rosidl_typesupport_c.dir/rosidl_typesupport_c/xarm_msgs/srv/set_int16__type_support.cpp.o[0m
[12.756s] [ 47%] [32mBuilding CXX object CMakeFiles/xarm_msgs__rosidl_typesupport_c.dir/rosidl_typesupport_c/xarm_msgs/srv/set_int16_by_id__type_support.cpp.o[0m
[12.768s] [ 47%] [32mBuilding CXX object CMakeFiles/xarm_msgs__rosidl_typesupport_c.dir/rosidl_typesupport_c/xarm_msgs/srv/set_int16_list__type_support.cpp.o[0m
[12.783s] [ 47%] [32mBuilding CXX object CMakeFiles/xarm_msgs__rosidl_typesupport_c.dir/rosidl_typesupport_c/xarm_msgs/srv/set_int32__type_support.cpp.o[0m
[12.786s] [ 47%] [32mBuilding CXX object CMakeFiles/xarm_msgs__rosidl_typesupport_c.dir/rosidl_typesupport_c/xarm_msgs/srv/traj_ctrl__type_support.cpp.o[0m
[12.787s] [ 48%] [32mBuilding CXX object CMakeFiles/xarm_msgs__rosidl_typesupport_c.dir/rosidl_typesupport_c/xarm_msgs/srv/set_int32_by_type__type_support.cpp.o[0m
[12.790s] [ 48%] [32mBuilding CXX object CMakeFiles/xarm_msgs__rosidl_typesupport_c.dir/rosidl_typesupport_c/xarm_msgs/srv/traj_play__type_support.cpp.o[0m
[12.800s] [ 48%] [32mBuilding CXX object CMakeFiles/xarm_msgs__rosidl_typesupport_c.dir/rosidl_typesupport_c/xarm_msgs/srv/vacuum_gripper_ctrl__type_support.cpp.o[0m
[12.805s] [ 48%] [32mBuilding CXX object CMakeFiles/xarm_msgs__rosidl_typesupport_c.dir/rosidl_typesupport_c/xarm_msgs/srv/set_tcp_load__type_support.cpp.o[0m
[12.806s] [ 49%] [32mBuilding CXX object CMakeFiles/xarm_msgs__rosidl_typesupport_c.dir/rosidl_typesupport_c/xarm_msgs/srv/set_modbus_timeout__type_support.cpp.o[0m
[12.812s] [ 49%] [32mBuilding C object CMakeFiles/xarm_msgs__rosidl_typesupport_introspection_c.dir/rosidl_typesupport_introspection_c/xarm_msgs/msg/detail/robot_msg__type_support.c.o[0m
[12.819s] [ 49%] [32mBuilding C object CMakeFiles/xarm_msgs__rosidl_typesupport_introspection_c.dir/rosidl_typesupport_introspection_c/xarm_msgs/msg/detail/io_state__type_support.c.o[0m
[12.819s] [ 49%] [32mBuilding CXX object CMakeFiles/xarm_msgs__rosidl_typesupport_c.dir/rosidl_typesupport_c/xarm_msgs/srv/iden_load__type_support.cpp.o[0m
[12.830s] [ 49%] [32mBuilding C object CMakeFiles/xarm_msgs__rosidl_typesupport_introspection_c.dir/rosidl_typesupport_introspection_c/xarm_msgs/msg/detail/cio_state__type_support.c.o[0m
[12.837s] [ 49%] [32mBuilding CXX object CMakeFiles/xarm_msgs__rosidl_typesupport_c.dir/rosidl_typesupport_c/xarm_msgs/srv/ft_cali_load__type_support.cpp.o[0m
[12.837s] [ 49%] [32mBuilding CXX object CMakeFiles/xarm_msgs__rosidl_typesupport_c.dir/rosidl_typesupport_c/xarm_msgs/srv/ft_force_config__type_support.cpp.o[0m
[12.841s] [ 49%] [32mBuilding C object CMakeFiles/xarm_msgs__rosidl_typesupport_introspection_c.dir/rosidl_typesupport_introspection_c/xarm_msgs/srv/detail/bio_gripper_ctrl__type_support.c.o[0m
[12.841s] [ 50%] [32mBuilding C object CMakeFiles/xarm_msgs__rosidl_typesupport_introspection_c.dir/rosidl_typesupport_introspection_c/xarm_msgs/srv/detail/bio_gripper_enable__type_support.c.o[0m
[12.853s] [ 50%] [32mBuilding CXX object CMakeFiles/xarm_msgs__rosidl_typesupport_c.dir/rosidl_typesupport_c/xarm_msgs/srv/ft_impedance__type_support.cpp.o[0m
[12.856s] [ 50%] [32mBuilding CXX object CMakeFiles/xarm_msgs__rosidl_typesupport_c.dir/rosidl_typesupport_c/xarm_msgs/srv/linear_track_back_origin__type_support.cpp.o[0m
[12.856s] [ 50%] [32mBuilding C object CMakeFiles/xarm_msgs__rosidl_typesupport_introspection_c.dir/rosidl_typesupport_introspection_c/xarm_msgs/srv/detail/call__type_support.c.o[0m
[12.858s] [ 50%] [32mBuilding C object CMakeFiles/xarm_msgs__rosidl_typesupport_introspection_c.dir/rosidl_typesupport_introspection_c/xarm_msgs/srv/detail/get_analog_io__type_support.c.o[0m
[12.858s] [ 51%] [32mBuilding CXX object CMakeFiles/xarm_msgs__rosidl_typesupport_c.dir/rosidl_typesupport_c/xarm_msgs/srv/ft_force_pid__type_support.cpp.o[0m
[12.866s] [ 51%] [32mBuilding C object CMakeFiles/xarm_msgs__rosidl_typesupport_introspection_c.dir/rosidl_typesupport_introspection_c/xarm_msgs/srv/detail/get_digital_io__type_support.c.o[0m
[12.873s] [ 52%] [32mBuilding C object CMakeFiles/xarm_msgs__rosidl_typesupport_introspection_c.dir/rosidl_typesupport_introspection_c/xarm_msgs/srv/detail/get_float32_list__type_support.c.o[0m
[12.873s] [ 52%] [32mBuilding C object CMakeFiles/xarm_msgs__rosidl_typesupport_introspection_c.dir/rosidl_typesupport_introspection_c/xarm_msgs/srv/detail/get_float32__type_support.c.o[0m
[12.876s] [ 52%] [32mBuilding CXX object CMakeFiles/xarm_msgs__rosidl_typesupport_c.dir/rosidl_typesupport_c/xarm_msgs/srv/linear_track_set_pos__type_support.cpp.o[0m
[12.877s] [ 53%] [32mBuilding CXX object CMakeFiles/xarm_msgs__rosidl_typesupport_c.dir/rosidl_typesupport_c/xarm_msgs/srv/plan_exec__type_support.cpp.o[0m
[12.881s] [ 53%] [32mBuilding C object CMakeFiles/xarm_msgs__rosidl_typesupport_introspection_c.dir/rosidl_typesupport_introspection_c/xarm_msgs/srv/detail/get_int16__type_support.c.o[0m
[12.888s] [ 53%] [32mBuilding C object CMakeFiles/xarm_msgs__rosidl_typesupport_introspection_c.dir/rosidl_typesupport_introspection_c/xarm_msgs/srv/detail/get_int16_list__type_support.c.o[0m
[12.888s] [ 53%] [32mBuilding CXX object CMakeFiles/xarm_msgs__rosidl_typesupport_c.dir/rosidl_typesupport_c/xarm_msgs/srv/plan_joint__type_support.cpp.o[0m
[12.893s] [ 53%] [32mBuilding C object CMakeFiles/xarm_msgs__rosidl_typesupport_introspection_c.dir/rosidl_typesupport_introspection_c/xarm_msgs/srv/detail/get_int32_by_type__type_support.c.o[0m
[12.896s] [ 54%] [32mBuilding C object CMakeFiles/xarm_msgs__rosidl_typesupport_introspection_c.dir/rosidl_typesupport_introspection_c/xarm_msgs/srv/detail/get_int32__type_support.c.o[0m
[12.902s] [ 54%] [32mBuilding CXX object CMakeFiles/xarm_msgs__rosidl_typesupport_c.dir/rosidl_typesupport_c/xarm_msgs/srv/plan_pose__type_support.cpp.o[0m
[12.902s] [ 54%] [32mBuilding CXX object CMakeFiles/xarm_msgs__rosidl_typesupport_c.dir/rosidl_typesupport_c/xarm_msgs/srv/plan_single_straight__type_support.cpp.o[0m
[12.911s] [ 54%] [32mBuilding C object CMakeFiles/xarm_msgs__rosidl_typesupport_introspection_c.dir/rosidl_typesupport_introspection_c/xarm_msgs/srv/detail/get_set_modbus_data__type_support.c.o[0m
[12.919s] [ 54%] [32mBuilding C object CMakeFiles/xarm_msgs__rosidl_typesupport_introspection_c.dir/rosidl_typesupport_introspection_c/xarm_msgs/srv/detail/move_circle__type_support.c.o[0m
[12.919s] [ 54%] [32mBuilding C object CMakeFiles/xarm_msgs__rosidl_typesupport_introspection_c.dir/rosidl_typesupport_introspection_c/xarm_msgs/srv/detail/move_home__type_support.c.o[0m
[12.919s] [ 54%] [32mBuilding C object CMakeFiles/xarm_msgs__rosidl_typesupport_introspection_c.dir/rosidl_typesupport_introspection_c/xarm_msgs/srv/detail/move_joint__type_support.c.o[0m
[12.920s] [ 54%] [32mBuilding C object CMakeFiles/xarm_msgs__rosidl_typesupport_introspection_c.dir/rosidl_typesupport_introspection_c/xarm_msgs/srv/detail/gripper_move__type_support.c.o[0m
[12.921s] [ 55%] [32mBuilding C object CMakeFiles/xarm_msgs__rosidl_typesupport_introspection_c.dir/rosidl_typesupport_introspection_c/xarm_msgs/srv/detail/move_cartesian__type_support.c.o[0m
[12.925s] [ 56%] [32mBuilding C object CMakeFiles/xarm_msgs__rosidl_typesupport_introspection_c.dir/rosidl_typesupport_introspection_c/xarm_msgs/srv/detail/robotiq_activate__type_support.c.o[0m
[12.925s] [ 56%] [32mBuilding C object CMakeFiles/xarm_msgs__rosidl_typesupport_introspection_c.dir/rosidl_typesupport_introspection_c/xarm_msgs/srv/detail/move_velocity__type_support.c.o[0m
[12.925s] [ 56%] [32mBuilding C object CMakeFiles/xarm_msgs__rosidl_typesupport_introspection_c.dir/rosidl_typesupport_introspection_c/xarm_msgs/srv/detail/robotiq_get_status__type_support.c.o[0m
[12.940s] [ 57%] [32m[1mLinking CXX shared library libxarm_msgs__rosidl_typesupport_c.so[0m
[12.940s] [ 57%] [32mBuilding C object CMakeFiles/xarm_msgs__rosidl_typesupport_introspection_c.dir/rosidl_typesupport_introspection_c/xarm_msgs/srv/detail/robotiq_move__type_support.c.o[0m
[12.940s] [ 57%] [32mBuilding C object CMakeFiles/xarm_msgs__rosidl_typesupport_introspection_c.dir/rosidl_typesupport_introspection_c/xarm_msgs/srv/detail/robotiq_reset__type_support.c.o[0m
[12.946s] [ 58%] [32mBuilding C object CMakeFiles/xarm_msgs__rosidl_typesupport_introspection_c.dir/rosidl_typesupport_introspection_c/xarm_msgs/srv/detail/set_analog_io__type_support.c.o[0m
[12.958s] [ 58%] [32mBuilding C object CMakeFiles/xarm_msgs__rosidl_typesupport_introspection_c.dir/rosidl_typesupport_introspection_c/xarm_msgs/srv/detail/set_digital_io__type_support.c.o[0m
[12.959s] [ 58%] [32mBuilding C object CMakeFiles/xarm_msgs__rosidl_typesupport_introspection_c.dir/rosidl_typesupport_introspection_c/xarm_msgs/srv/detail/set_float32__type_support.c.o[0m
[12.962s] [ 58%] [32mBuilding C object CMakeFiles/xarm_msgs__rosidl_typesupport_introspection_c.dir/rosidl_typesupport_introspection_c/xarm_msgs/srv/detail/set_int16_by_id__type_support.c.o[0m
[12.963s] [ 58%] [32mBuilding C object CMakeFiles/xarm_msgs__rosidl_typesupport_introspection_c.dir/rosidl_typesupport_introspection_c/xarm_msgs/srv/detail/set_int16_list__type_support.c.o[0m
[12.963s] [ 58%] [32mBuilding C object CMakeFiles/xarm_msgs__rosidl_typesupport_introspection_c.dir/rosidl_typesupport_introspection_c/xarm_msgs/srv/detail/set_int32__type_support.c.o[0m
[12.965s] [ 58%] [32mBuilding C object CMakeFiles/xarm_msgs__rosidl_typesupport_introspection_c.dir/rosidl_typesupport_introspection_c/xarm_msgs/srv/detail/set_float32_list__type_support.c.o[0m
[12.968s] [ 59%] [32mBuilding C object CMakeFiles/xarm_msgs__rosidl_typesupport_introspection_c.dir/rosidl_typesupport_introspection_c/xarm_msgs/srv/detail/set_int32_by_type__type_support.c.o[0m
[12.968s] [ 60%] [32mBuilding C object CMakeFiles/xarm_msgs__rosidl_typesupport_introspection_c.dir/rosidl_typesupport_introspection_c/xarm_msgs/srv/detail/set_int16__type_support.c.o[0m
[12.976s] [ 60%] [32mBuilding C object CMakeFiles/xarm_msgs__rosidl_typesupport_introspection_c.dir/rosidl_typesupport_introspection_c/xarm_msgs/srv/detail/traj_ctrl__type_support.c.o[0m
[12.983s] [ 60%] [32mBuilding C object CMakeFiles/xarm_msgs__rosidl_typesupport_introspection_c.dir/rosidl_typesupport_introspection_c/xarm_msgs/srv/detail/vacuum_gripper_ctrl__type_support.c.o[0m
[12.986s] [ 60%] [32mBuilding C object CMakeFiles/xarm_msgs__rosidl_typesupport_introspection_c.dir/rosidl_typesupport_introspection_c/xarm_msgs/srv/detail/traj_play__type_support.c.o[0m
[12.998s] [ 61%] [32mBuilding C object CMakeFiles/xarm_msgs__rosidl_typesupport_introspection_c.dir/rosidl_typesupport_introspection_c/xarm_msgs/srv/detail/set_modbus_timeout__type_support.c.o[0m
[12.999s] [ 61%] [32mBuilding C object CMakeFiles/xarm_msgs__rosidl_typesupport_introspection_c.dir/rosidl_typesupport_introspection_c/xarm_msgs/srv/detail/set_tcp_load__type_support.c.o[0m
[13.002s] [ 61%] [32mBuilding C object CMakeFiles/xarm_msgs__rosidl_typesupport_introspection_c.dir/rosidl_typesupport_introspection_c/xarm_msgs/srv/detail/iden_load__type_support.c.o[0m
[13.007s] [ 61%] [32mBuilding C object CMakeFiles/xarm_msgs__rosidl_typesupport_introspection_c.dir/rosidl_typesupport_introspection_c/xarm_msgs/srv/detail/ft_cali_load__type_support.c.o[0m
[13.008s] [ 62%] [32mBuilding C object CMakeFiles/xarm_msgs__rosidl_typesupport_introspection_c.dir/rosidl_typesupport_introspection_c/xarm_msgs/srv/detail/ft_impedance__type_support.c.o[0m
[13.008s] [ 62%] [32mBuilding C object CMakeFiles/xarm_msgs__rosidl_typesupport_introspection_c.dir/rosidl_typesupport_introspection_c/xarm_msgs/srv/detail/ft_force_pid__type_support.c.o[0m
[13.013s] [ 62%] [32mBuilding C object CMakeFiles/xarm_msgs__rosidl_typesupport_introspection_c.dir/rosidl_typesupport_introspection_c/xarm_msgs/srv/detail/ft_force_config__type_support.c.o[0m
[13.013s] [ 62%] Built target xarm_msgs__rosidl_typesupport_c
[13.015s] [ 62%] [32mBuilding C object CMakeFiles/xarm_msgs__rosidl_typesupport_introspection_c.dir/rosidl_typesupport_introspection_c/xarm_msgs/srv/detail/linear_track_back_origin__type_support.c.o[0m
[13.016s] [ 62%] [32mBuilding C object CMakeFiles/xarm_msgs__rosidl_typesupport_introspection_c.dir/rosidl_typesupport_introspection_c/xarm_msgs/srv/detail/linear_track_set_pos__type_support.c.o[0m
[13.019s] [ 62%] [32mBuilding C object CMakeFiles/xarm_msgs__rosidl_typesupport_introspection_c.dir/rosidl_typesupport_introspection_c/xarm_msgs/srv/detail/plan_joint__type_support.c.o[0m
[13.019s] [ 63%] [32mBuilding C object CMakeFiles/xarm_msgs__rosidl_typesupport_introspection_c.dir/rosidl_typesupport_introspection_c/xarm_msgs/srv/detail/plan_exec__type_support.c.o[0m
[13.024s] [ 63%] [32mBuilding C object CMakeFiles/xarm_msgs__rosidl_typesupport_introspection_c.dir/rosidl_typesupport_introspection_c/xarm_msgs/srv/detail/plan_single_straight__type_support.c.o[0m
[13.026s] [ 63%] [32mBuilding C object CMakeFiles/xarm_msgs__rosidl_typesupport_introspection_c.dir/rosidl_typesupport_introspection_c/xarm_msgs/srv/detail/plan_pose__type_support.c.o[0m
[13.060s] [ 63%] [32m[1mLinking CXX shared library libxarm_msgs__rosidl_typesupport_introspection_cpp.so[0m
[13.064s] [ 64%] [32m[1mLinking C shared library libxarm_msgs__rosidl_typesupport_introspection_c.so[0m
[13.095s] [ 66%] [32mBuilding CXX object CMakeFiles/xarm_msgs__rosidl_typesupport_fastrtps_cpp.dir/rosidl_typesupport_fastrtps_cpp/xarm_msgs/msg/detail/dds_fastrtps/io_state__type_support.cpp.o[0m
[13.095s] [ 66%] [32mBuilding CXX object CMakeFiles/xarm_msgs__rosidl_typesupport_fastrtps_cpp.dir/rosidl_typesupport_fastrtps_cpp/xarm_msgs/srv/detail/dds_fastrtps/call__type_support.cpp.o[0m
[13.095s] [ 66%] [32mBuilding CXX object CMakeFiles/xarm_msgs__rosidl_typesupport_fastrtps_cpp.dir/rosidl_typesupport_fastrtps_cpp/xarm_msgs/srv/detail/dds_fastrtps/get_float32__type_support.cpp.o[0m
[13.096s] [ 66%] [32mBuilding CXX object CMakeFiles/xarm_msgs__rosidl_typesupport_fastrtps_cpp.dir/rosidl_typesupport_fastrtps_cpp/xarm_msgs/msg/detail/dds_fastrtps/cio_state__type_support.cpp.o[0m
[13.096s] [ 66%] [32mBuilding CXX object CMakeFiles/xarm_msgs__rosidl_typesupport_fastrtps_cpp.dir/rosidl_typesupport_fastrtps_cpp/xarm_msgs/msg/detail/dds_fastrtps/robot_msg__type_support.cpp.o[0m
[13.096s] [ 66%] [32mBuilding CXX object CMakeFiles/xarm_msgs__rosidl_typesupport_fastrtps_cpp.dir/rosidl_typesupport_fastrtps_cpp/xarm_msgs/srv/detail/dds_fastrtps/get_analog_io__type_support.cpp.o[0m
[13.096s] [ 66%] [32mBuilding CXX object CMakeFiles/xarm_msgs__rosidl_typesupport_fastrtps_cpp.dir/rosidl_typesupport_fastrtps_cpp/xarm_msgs/srv/detail/dds_fastrtps/get_digital_io__type_support.cpp.o[0m
[13.096s] [ 66%] [32mBuilding CXX object CMakeFiles/xarm_msgs__rosidl_typesupport_fastrtps_cpp.dir/rosidl_typesupport_fastrtps_cpp/xarm_msgs/srv/detail/dds_fastrtps/bio_gripper_enable__type_support.cpp.o[0m
[13.096s] [ 67%] [32mBuilding CXX object CMakeFiles/xarm_msgs__rosidl_typesupport_fastrtps_cpp.dir/rosidl_typesupport_fastrtps_cpp/xarm_msgs/srv/detail/dds_fastrtps/bio_gripper_ctrl__type_support.cpp.o[0m
[13.096s] [ 67%] [32mBuilding CXX object CMakeFiles/xarm_msgs__rosidl_typesupport_fastrtps_cpp.dir/rosidl_typesupport_fastrtps_cpp/xarm_msgs/srv/detail/dds_fastrtps/get_float32_list__type_support.cpp.o[0m
[13.096s] [ 67%] [32mBuilding CXX object CMakeFiles/xarm_msgs__rosidl_typesupport_fastrtps_cpp.dir/rosidl_typesupport_fastrtps_cpp/xarm_msgs/srv/detail/dds_fastrtps/get_int16__type_support.cpp.o[0m
[13.096s] [ 67%] [32mBuilding CXX object CMakeFiles/xarm_msgs__rosidl_typesupport_fastrtps_cpp.dir/rosidl_typesupport_fastrtps_cpp/xarm_msgs/srv/detail/dds_fastrtps/get_int16_list__type_support.cpp.o[0m
[13.096s] [ 67%] Built target xarm_msgs__rosidl_typesupport_introspection_c
[13.096s] [ 68%] [32mBuilding CXX object CMakeFiles/xarm_msgs__rosidl_typesupport_fastrtps_cpp.dir/rosidl_typesupport_fastrtps_cpp/xarm_msgs/srv/detail/dds_fastrtps/get_int32_by_type__type_support.cpp.o[0m
[13.097s] [ 68%] [32mBuilding CXX object CMakeFiles/xarm_msgs__rosidl_typesupport_fastrtps_cpp.dir/rosidl_typesupport_fastrtps_cpp/xarm_msgs/srv/detail/dds_fastrtps/get_int32__type_support.cpp.o[0m
[13.103s] [ 68%] [32mBuilding CXX object CMakeFiles/xarm_msgs__rosidl_typesupport_fastrtps_cpp.dir/rosidl_typesupport_fastrtps_cpp/xarm_msgs/srv/detail/dds_fastrtps/get_set_modbus_data__type_support.cpp.o[0m
[13.110s] [ 68%] [32mBuilding CXX object CMakeFiles/xarm_msgs__rosidl_typesupport_fastrtps_cpp.dir/rosidl_typesupport_fastrtps_cpp/xarm_msgs/srv/detail/dds_fastrtps/gripper_move__type_support.cpp.o[0m
[13.113s] [ 68%] [32mBuilding CXX object CMakeFiles/xarm_msgs__rosidl_typesupport_fastrtps_cpp.dir/rosidl_typesupport_fastrtps_cpp/xarm_msgs/srv/detail/dds_fastrtps/move_circle__type_support.cpp.o[0m
[13.113s] [ 68%] [32mBuilding CXX object CMakeFiles/xarm_msgs__rosidl_typesupport_fastrtps_cpp.dir/rosidl_typesupport_fastrtps_cpp/xarm_msgs/srv/detail/dds_fastrtps/move_cartesian__type_support.cpp.o[0m
[13.184s] [ 68%] Built target xarm_msgs__rosidl_typesupport_introspection_cpp
[13.201s] [ 69%] [32mBuilding CXX object CMakeFiles/xarm_msgs__rosidl_typesupport_fastrtps_cpp.dir/rosidl_typesupport_fastrtps_cpp/xarm_msgs/srv/detail/dds_fastrtps/move_home__type_support.cpp.o[0m
[13.423s] [ 69%] [32mBuilding CXX object CMakeFiles/xarm_msgs__rosidl_typesupport_fastrtps_cpp.dir/rosidl_typesupport_fastrtps_cpp/xarm_msgs/srv/detail/dds_fastrtps/move_joint__type_support.cpp.o[0m
[13.426s] [ 69%] [32mBuilding CXX object CMakeFiles/xarm_msgs__rosidl_typesupport_fastrtps_cpp.dir/rosidl_typesupport_fastrtps_cpp/xarm_msgs/srv/detail/dds_fastrtps/move_velocity__type_support.cpp.o[0m
[13.428s] [ 69%] [32mBuilding CXX object CMakeFiles/xarm_msgs__rosidl_typesupport_fastrtps_cpp.dir/rosidl_typesupport_fastrtps_cpp/xarm_msgs/srv/detail/dds_fastrtps/robotiq_activate__type_support.cpp.o[0m
[13.435s] [ 70%] [32mBuilding CXX object CMakeFiles/xarm_msgs__rosidl_typesupport_fastrtps_cpp.dir/rosidl_typesupport_fastrtps_cpp/xarm_msgs/srv/detail/dds_fastrtps/robotiq_get_status__type_support.cpp.o[0m
[13.456s] [ 70%] [32mBuilding CXX object CMakeFiles/xarm_msgs__rosidl_typesupport_fastrtps_cpp.dir/rosidl_typesupport_fastrtps_cpp/xarm_msgs/srv/detail/dds_fastrtps/robotiq_move__type_support.cpp.o[0m
[13.464s] [ 70%] [32mBuilding CXX object CMakeFiles/xarm_msgs__rosidl_typesupport_fastrtps_cpp.dir/rosidl_typesupport_fastrtps_cpp/xarm_msgs/srv/detail/dds_fastrtps/robotiq_reset__type_support.cpp.o[0m
[13.483s] [ 70%] [32mBuilding CXX object CMakeFiles/xarm_msgs__rosidl_typesupport_fastrtps_cpp.dir/rosidl_typesupport_fastrtps_cpp/xarm_msgs/srv/detail/dds_fastrtps/set_analog_io__type_support.cpp.o[0m
[13.539s] [ 71%] [32mBuilding CXX object CMakeFiles/xarm_msgs__rosidl_typesupport_fastrtps_cpp.dir/rosidl_typesupport_fastrtps_cpp/xarm_msgs/srv/detail/dds_fastrtps/set_digital_io__type_support.cpp.o[0m
[13.561s] [ 71%] [32mBuilding CXX object CMakeFiles/xarm_msgs__rosidl_typesupport_fastrtps_cpp.dir/rosidl_typesupport_fastrtps_cpp/xarm_msgs/srv/detail/dds_fastrtps/set_float32__type_support.cpp.o[0m
[13.578s] [ 71%] [32mBuilding CXX object CMakeFiles/xarm_msgs__rosidl_typesupport_fastrtps_cpp.dir/rosidl_typesupport_fastrtps_cpp/xarm_msgs/srv/detail/dds_fastrtps/set_float32_list__type_support.cpp.o[0m
[13.618s] [ 71%] [32mBuilding CXX object CMakeFiles/xarm_msgs__rosidl_typesupport_fastrtps_cpp.dir/rosidl_typesupport_fastrtps_cpp/xarm_msgs/srv/detail/dds_fastrtps/set_int16__type_support.cpp.o[0m
[13.642s] [ 72%] [32mBuilding CXX object CMakeFiles/xarm_msgs__rosidl_typesupport_fastrtps_cpp.dir/rosidl_typesupport_fastrtps_cpp/xarm_msgs/srv/detail/dds_fastrtps/set_int16_by_id__type_support.cpp.o[0m
[13.652s] [ 72%] [32mBuilding CXX object CMakeFiles/xarm_msgs__rosidl_typesupport_fastrtps_cpp.dir/rosidl_typesupport_fastrtps_cpp/xarm_msgs/srv/detail/dds_fastrtps/set_int16_list__type_support.cpp.o[0m
[13.670s] [ 72%] [32mBuilding CXX object CMakeFiles/xarm_msgs__rosidl_typesupport_fastrtps_cpp.dir/rosidl_typesupport_fastrtps_cpp/xarm_msgs/srv/detail/dds_fastrtps/set_int32_by_type__type_support.cpp.o[0m
[13.676s] [ 72%] [32mBuilding CXX object CMakeFiles/xarm_msgs__rosidl_typesupport_fastrtps_cpp.dir/rosidl_typesupport_fastrtps_cpp/xarm_msgs/srv/detail/dds_fastrtps/set_int32__type_support.cpp.o[0m
[13.679s] [ 72%] [32mBuilding CXX object CMakeFiles/xarm_msgs__rosidl_typesupport_fastrtps_cpp.dir/rosidl_typesupport_fastrtps_cpp/xarm_msgs/srv/detail/dds_fastrtps/traj_ctrl__type_support.cpp.o[0m
[13.722s] [ 73%] [32mBuilding CXX object CMakeFiles/xarm_msgs__rosidl_typesupport_fastrtps_cpp.dir/rosidl_typesupport_fastrtps_cpp/xarm_msgs/srv/detail/dds_fastrtps/traj_play__type_support.cpp.o[0m
[13.787s] [ 73%] [32mBuilding CXX object CMakeFiles/xarm_msgs__rosidl_typesupport_fastrtps_cpp.dir/rosidl_typesupport_fastrtps_cpp/xarm_msgs/srv/detail/dds_fastrtps/vacuum_gripper_ctrl__type_support.cpp.o[0m
[13.840s] [ 73%] [32mBuilding CXX object CMakeFiles/xarm_msgs__rosidl_typesupport_fastrtps_cpp.dir/rosidl_typesupport_fastrtps_cpp/xarm_msgs/srv/detail/dds_fastrtps/set_tcp_load__type_support.cpp.o[0m
[13.868s] [ 73%] [32mBuilding CXX object CMakeFiles/xarm_msgs__rosidl_typesupport_fastrtps_cpp.dir/rosidl_typesupport_fastrtps_cpp/xarm_msgs/srv/detail/dds_fastrtps/set_modbus_timeout__type_support.cpp.o[0m
[13.894s] [ 74%] [32mBuilding CXX object CMakeFiles/xarm_msgs__rosidl_typesupport_fastrtps_cpp.dir/rosidl_typesupport_fastrtps_cpp/xarm_msgs/srv/detail/dds_fastrtps/iden_load__type_support.cpp.o[0m
[13.931s] [ 74%] [32mBuilding CXX object CMakeFiles/xarm_msgs__rosidl_typesupport_fastrtps_cpp.dir/rosidl_typesupport_fastrtps_cpp/xarm_msgs/srv/detail/dds_fastrtps/ft_cali_load__type_support.cpp.o[0m
[13.940s] [ 74%] [32mBuilding CXX object CMakeFiles/xarm_msgs__rosidl_typesupport_fastrtps_cpp.dir/rosidl_typesupport_fastrtps_cpp/xarm_msgs/srv/detail/dds_fastrtps/ft_force_config__type_support.cpp.o[0m
[13.952s] [ 74%] [32mBuilding CXX object CMakeFiles/xarm_msgs__rosidl_typesupport_fastrtps_cpp.dir/rosidl_typesupport_fastrtps_cpp/xarm_msgs/srv/detail/dds_fastrtps/ft_force_pid__type_support.cpp.o[0m
[13.999s] [ 75%] [32mBuilding CXX object CMakeFiles/xarm_msgs__rosidl_typesupport_fastrtps_cpp.dir/rosidl_typesupport_fastrtps_cpp/xarm_msgs/srv/detail/dds_fastrtps/ft_impedance__type_support.cpp.o[0m
[14.000s] [ 75%] [32mBuilding CXX object CMakeFiles/xarm_msgs__rosidl_typesupport_fastrtps_cpp.dir/rosidl_typesupport_fastrtps_cpp/xarm_msgs/srv/detail/dds_fastrtps/linear_track_back_origin__type_support.cpp.o[0m
[14.028s] [ 75%] [32mBuilding CXX object CMakeFiles/xarm_msgs__rosidl_typesupport_fastrtps_cpp.dir/rosidl_typesupport_fastrtps_cpp/xarm_msgs/srv/detail/dds_fastrtps/linear_track_set_pos__type_support.cpp.o[0m
[14.029s] [ 75%] [32mBuilding CXX object CMakeFiles/xarm_msgs__rosidl_typesupport_fastrtps_cpp.dir/rosidl_typesupport_fastrtps_cpp/xarm_msgs/srv/detail/dds_fastrtps/plan_exec__type_support.cpp.o[0m
[14.077s] [ 76%] [32mBuilding CXX object CMakeFiles/xarm_msgs__rosidl_typesupport_fastrtps_cpp.dir/rosidl_typesupport_fastrtps_cpp/xarm_msgs/srv/detail/dds_fastrtps/plan_joint__type_support.cpp.o[0m
[14.123s] [ 76%] [32mBuilding CXX object CMakeFiles/xarm_msgs__rosidl_typesupport_fastrtps_cpp.dir/rosidl_typesupport_fastrtps_cpp/xarm_msgs/srv/detail/dds_fastrtps/plan_pose__type_support.cpp.o[0m
[14.137s] [ 76%] [32mBuilding CXX object CMakeFiles/xarm_msgs__rosidl_typesupport_fastrtps_cpp.dir/rosidl_typesupport_fastrtps_cpp/xarm_msgs/srv/detail/dds_fastrtps/plan_single_straight__type_support.cpp.o[0m
[14.267s] [ 76%] [32mBuilding CXX object CMakeFiles/xarm_msgs__rosidl_typesupport_fastrtps_c.dir/rosidl_typesupport_fastrtps_c/xarm_msgs/msg/detail/robot_msg__type_support_c.cpp.o[0m
[14.267s] [ 76%] [32mBuilding CXX object CMakeFiles/xarm_msgs__rosidl_typesupport_fastrtps_c.dir/rosidl_typesupport_fastrtps_c/xarm_msgs/msg/detail/io_state__type_support_c.cpp.o[0m
[14.268s] [ 76%] [32mBuilding CXX object CMakeFiles/xarm_msgs__rosidl_typesupport_fastrtps_c.dir/rosidl_typesupport_fastrtps_c/xarm_msgs/srv/detail/bio_gripper_ctrl__type_support_c.cpp.o[0m
[14.270s] [ 76%] [32mBuilding CXX object CMakeFiles/xarm_msgs__rosidl_typesupport_fastrtps_c.dir/rosidl_typesupport_fastrtps_c/xarm_msgs/msg/detail/cio_state__type_support_c.cpp.o[0m
[14.275s] [ 77%] [32mBuilding CXX object CMakeFiles/xarm_msgs__rosidl_typesupport_fastrtps_c.dir/rosidl_typesupport_fastrtps_c/xarm_msgs/srv/detail/bio_gripper_enable__type_support_c.cpp.o[0m
[14.275s] [ 77%] [32mBuilding CXX object CMakeFiles/xarm_msgs__rosidl_typesupport_fastrtps_c.dir/rosidl_typesupport_fastrtps_c/xarm_msgs/srv/detail/call__type_support_c.cpp.o[0m
[14.277s] [ 77%] [32mBuilding CXX object CMakeFiles/xarm_msgs__rosidl_typesupport_fastrtps_c.dir/rosidl_typesupport_fastrtps_c/xarm_msgs/srv/detail/get_analog_io__type_support_c.cpp.o[0m
[14.281s] [ 77%] [32mBuilding CXX object CMakeFiles/xarm_msgs__rosidl_typesupport_fastrtps_c.dir/rosidl_typesupport_fastrtps_c/xarm_msgs/srv/detail/get_digital_io__type_support_c.cpp.o[0m
[14.315s] [ 78%] [32mBuilding CXX object CMakeFiles/xarm_msgs__rosidl_typesupport_fastrtps_c.dir/rosidl_typesupport_fastrtps_c/xarm_msgs/srv/detail/get_float32__type_support_c.cpp.o[0m
[14.361s] [ 78%] [32mBuilding CXX object CMakeFiles/xarm_msgs__rosidl_typesupport_fastrtps_c.dir/rosidl_typesupport_fastrtps_c/xarm_msgs/srv/detail/get_float32_list__type_support_c.cpp.o[0m
[14.420s] [ 78%] [32mBuilding CXX object CMakeFiles/xarm_msgs__rosidl_typesupport_fastrtps_c.dir/rosidl_typesupport_fastrtps_c/xarm_msgs/srv/detail/get_int16__type_support_c.cpp.o[0m
[14.430s] [ 78%] [32mBuilding CXX object CMakeFiles/xarm_msgs__rosidl_typesupport_fastrtps_c.dir/rosidl_typesupport_fastrtps_c/xarm_msgs/srv/detail/get_int16_list__type_support_c.cpp.o[0m
[14.441s] [ 79%] [32mBuilding CXX object CMakeFiles/xarm_msgs__rosidl_typesupport_fastrtps_c.dir/rosidl_typesupport_fastrtps_c/xarm_msgs/srv/detail/get_int32__type_support_c.cpp.o[0m
[14.493s] [ 79%] [32mBuilding CXX object CMakeFiles/xarm_msgs__rosidl_typesupport_fastrtps_c.dir/rosidl_typesupport_fastrtps_c/xarm_msgs/srv/detail/get_int32_by_type__type_support_c.cpp.o[0m
[14.514s] [ 79%] [32mBuilding CXX object CMakeFiles/xarm_msgs__rosidl_typesupport_fastrtps_c.dir/rosidl_typesupport_fastrtps_c/xarm_msgs/srv/detail/get_set_modbus_data__type_support_c.cpp.o[0m
[14.525s] [ 79%] [32mBuilding CXX object CMakeFiles/xarm_msgs__rosidl_typesupport_fastrtps_c.dir/rosidl_typesupport_fastrtps_c/xarm_msgs/srv/detail/gripper_move__type_support_c.cpp.o[0m
[14.532s] [ 80%] [32mBuilding CXX object CMakeFiles/xarm_msgs__rosidl_typesupport_fastrtps_c.dir/rosidl_typesupport_fastrtps_c/xarm_msgs/srv/detail/move_cartesian__type_support_c.cpp.o[0m
[14.540s] [ 80%] [32mBuilding CXX object CMakeFiles/xarm_msgs__rosidl_typesupport_fastrtps_c.dir/rosidl_typesupport_fastrtps_c/xarm_msgs/srv/detail/move_circle__type_support_c.cpp.o[0m
[14.565s] [ 80%] [32mBuilding CXX object CMakeFiles/xarm_msgs__rosidl_typesupport_fastrtps_c.dir/rosidl_typesupport_fastrtps_c/xarm_msgs/srv/detail/move_home__type_support_c.cpp.o[0m
[14.610s] [ 80%] [32mBuilding CXX object CMakeFiles/xarm_msgs__rosidl_typesupport_fastrtps_c.dir/rosidl_typesupport_fastrtps_c/xarm_msgs/srv/detail/move_joint__type_support_c.cpp.o[0m
[14.610s] [ 80%] [32mBuilding CXX object CMakeFiles/xarm_msgs__rosidl_typesupport_fastrtps_c.dir/rosidl_typesupport_fastrtps_c/xarm_msgs/srv/detail/move_velocity__type_support_c.cpp.o[0m
[14.618s] [ 81%] [32mBuilding CXX object CMakeFiles/xarm_msgs__rosidl_typesupport_fastrtps_c.dir/rosidl_typesupport_fastrtps_c/xarm_msgs/srv/detail/robotiq_activate__type_support_c.cpp.o[0m
[14.629s] [ 81%] [32mBuilding CXX object CMakeFiles/xarm_msgs__rosidl_typesupport_fastrtps_c.dir/rosidl_typesupport_fastrtps_c/xarm_msgs/srv/detail/robotiq_get_status__type_support_c.cpp.o[0m
[14.650s] [ 81%] [32mBuilding CXX object CMakeFiles/xarm_msgs__rosidl_typesupport_fastrtps_c.dir/rosidl_typesupport_fastrtps_c/xarm_msgs/srv/detail/robotiq_move__type_support_c.cpp.o[0m
[14.673s] [ 82%] [32mBuilding CXX object CMakeFiles/xarm_msgs__rosidl_typesupport_fastrtps_c.dir/rosidl_typesupport_fastrtps_c/xarm_msgs/srv/detail/set_analog_io__type_support_c.cpp.o[0m
[14.678s] [ 82%] [32mBuilding CXX object CMakeFiles/xarm_msgs__rosidl_typesupport_fastrtps_c.dir/rosidl_typesupport_fastrtps_c/xarm_msgs/srv/detail/robotiq_reset__type_support_c.cpp.o[0m
[14.683s] [ 82%] [32mBuilding CXX object CMakeFiles/xarm_msgs__rosidl_typesupport_fastrtps_c.dir/rosidl_typesupport_fastrtps_c/xarm_msgs/srv/detail/set_digital_io__type_support_c.cpp.o[0m
[14.699s] [ 82%] [32m[1mLinking CXX shared library libxarm_msgs__rosidl_typesupport_fastrtps_cpp.so[0m
[14.709s] [ 82%] [32mBuilding CXX object CMakeFiles/xarm_msgs__rosidl_typesupport_fastrtps_c.dir/rosidl_typesupport_fastrtps_c/xarm_msgs/srv/detail/set_float32__type_support_c.cpp.o[0m
[14.744s] [ 82%] [32mBuilding CXX object CMakeFiles/xarm_msgs__rosidl_typesupport_fastrtps_c.dir/rosidl_typesupport_fastrtps_c/xarm_msgs/srv/detail/set_float32_list__type_support_c.cpp.o[0m
[14.770s] [ 83%] [32mBuilding CXX object CMakeFiles/xarm_msgs__rosidl_typesupport_fastrtps_c.dir/rosidl_typesupport_fastrtps_c/xarm_msgs/srv/detail/set_int16__type_support_c.cpp.o[0m
[14.817s] [ 83%] [32mBuilding CXX object CMakeFiles/xarm_msgs__rosidl_typesupport_fastrtps_c.dir/rosidl_typesupport_fastrtps_c/xarm_msgs/srv/detail/set_int16_by_id__type_support_c.cpp.o[0m
[14.849s] [ 83%] [32mBuilding CXX object CMakeFiles/xarm_msgs__rosidl_typesupport_fastrtps_c.dir/rosidl_typesupport_fastrtps_c/xarm_msgs/srv/detail/set_int16_list__type_support_c.cpp.o[0m
[14.858s] [ 83%] [32mBuilding CXX object CMakeFiles/xarm_msgs__rosidl_typesupport_fastrtps_c.dir/rosidl_typesupport_fastrtps_c/xarm_msgs/srv/detail/set_int32__type_support_c.cpp.o[0m
[14.876s] [ 84%] [32mBuilding CXX object CMakeFiles/xarm_msgs__rosidl_typesupport_fastrtps_c.dir/rosidl_typesupport_fastrtps_c/xarm_msgs/srv/detail/set_int32_by_type__type_support_c.cpp.o[0m
[14.914s] [ 84%] [32mBuilding CXX object CMakeFiles/xarm_msgs__rosidl_typesupport_fastrtps_c.dir/rosidl_typesupport_fastrtps_c/xarm_msgs/srv/detail/traj_ctrl__type_support_c.cpp.o[0m
[14.936s] [ 84%] [32mBuilding CXX object CMakeFiles/xarm_msgs__rosidl_typesupport_fastrtps_c.dir/rosidl_typesupport_fastrtps_c/xarm_msgs/srv/detail/set_tcp_load__type_support_c.cpp.o[0m
[14.942s] [ 84%] [32mBuilding CXX object CMakeFiles/xarm_msgs__rosidl_typesupport_fastrtps_c.dir/rosidl_typesupport_fastrtps_c/xarm_msgs/srv/detail/vacuum_gripper_ctrl__type_support_c.cpp.o[0m
[14.942s] [ 84%] [32mBuilding CXX object CMakeFiles/xarm_msgs__rosidl_typesupport_fastrtps_c.dir/rosidl_typesupport_fastrtps_c/xarm_msgs/srv/detail/traj_play__type_support_c.cpp.o[0m
[14.942s] [ 85%] [32mBuilding CXX object CMakeFiles/xarm_msgs__rosidl_typesupport_fastrtps_c.dir/rosidl_typesupport_fastrtps_c/xarm_msgs/srv/detail/iden_load__type_support_c.cpp.o[0m
[14.942s] [ 85%] [32mBuilding CXX object CMakeFiles/xarm_msgs__rosidl_typesupport_fastrtps_c.dir/rosidl_typesupport_fastrtps_c/xarm_msgs/srv/detail/set_modbus_timeout__type_support_c.cpp.o[0m
[14.959s] [ 85%] [32mBuilding CXX object CMakeFiles/xarm_msgs__rosidl_typesupport_fastrtps_c.dir/rosidl_typesupport_fastrtps_c/xarm_msgs/srv/detail/ft_cali_load__type_support_c.cpp.o[0m
[14.963s] [ 85%] [32mBuilding CXX object CMakeFiles/xarm_msgs__rosidl_typesupport_fastrtps_c.dir/rosidl_typesupport_fastrtps_c/xarm_msgs/srv/detail/ft_force_config__type_support_c.cpp.o[0m
[14.965s] [ 85%] Built target xarm_msgs__rosidl_typesupport_fastrtps_cpp
[14.976s] [ 86%] [32mBuilding CXX object CMakeFiles/xarm_msgs__rosidl_typesupport_fastrtps_c.dir/rosidl_typesupport_fastrtps_c/xarm_msgs/srv/detail/ft_force_pid__type_support_c.cpp.o[0m
[14.996s] [ 86%] [32mBuilding CXX object CMakeFiles/xarm_msgs__rosidl_typesupport_fastrtps_c.dir/rosidl_typesupport_fastrtps_c/xarm_msgs/srv/detail/ft_impedance__type_support_c.cpp.o[0m
[15.013s] [ 86%] [32mBuilding CXX object CMakeFiles/xarm_msgs__rosidl_typesupport_fastrtps_c.dir/rosidl_typesupport_fastrtps_c/xarm_msgs/srv/detail/linear_track_back_origin__type_support_c.cpp.o[0m
[15.050s] [ 86%] [32mBuilding CXX object CMakeFiles/xarm_msgs__rosidl_typesupport_fastrtps_c.dir/rosidl_typesupport_fastrtps_c/xarm_msgs/srv/detail/linear_track_set_pos__type_support_c.cpp.o[0m
[15.074s] [ 87%] [32mBuilding CXX object CMakeFiles/xarm_msgs__rosidl_typesupport_fastrtps_c.dir/rosidl_typesupport_fastrtps_c/xarm_msgs/srv/detail/plan_exec__type_support_c.cpp.o[0m
[15.090s] [ 87%] [32mBuilding CXX object CMakeFiles/xarm_msgs__rosidl_typesupport_fastrtps_c.dir/rosidl_typesupport_fastrtps_c/xarm_msgs/srv/detail/plan_joint__type_support_c.cpp.o[0m
[15.128s] [ 87%] [32mBuilding CXX object CMakeFiles/xarm_msgs__rosidl_typesupport_fastrtps_c.dir/rosidl_typesupport_fastrtps_c/xarm_msgs/srv/detail/plan_pose__type_support_c.cpp.o[0m
[15.154s] [ 87%] [32mBuilding CXX object CMakeFiles/xarm_msgs__rosidl_typesupport_fastrtps_c.dir/rosidl_typesupport_fastrtps_c/xarm_msgs/srv/detail/plan_single_straight__type_support_c.cpp.o[0m
[15.418s] [ 88%] [32m[1mLinking CXX shared library libxarm_msgs__rosidl_typesupport_fastrtps_c.so[0m
[15.471s] [ 88%] Built target xarm_msgs__rosidl_typesupport_fastrtps_c
[15.486s] [ 88%] Built target xarm_msgs
[15.501s] [ 88%] [34m[1mGenerating Python code for ROS interfaces[0m
[21.012s] [ 88%] Built target xarm_msgs__py
[21.031s] [ 88%] [32mBuilding C object CMakeFiles/xarm_msgs__rosidl_generator_py.dir/rosidl_generator_py/xarm_msgs/msg/_robot_msg_s.c.o[0m
[21.031s] [ 88%] [32mBuilding C object CMakeFiles/xarm_msgs__rosidl_generator_py.dir/rosidl_generator_py/xarm_msgs/msg/_cio_state_s.c.o[0m
[21.031s] [ 88%] [32mBuilding C object CMakeFiles/xarm_msgs__rosidl_generator_py.dir/rosidl_generator_py/xarm_msgs/srv/_get_analog_io_s.c.o[0m
[21.031s] [ 89%] [32mBuilding C object CMakeFiles/xarm_msgs__rosidl_generator_py.dir/rosidl_generator_py/xarm_msgs/msg/_io_state_s.c.o[0m
[21.032s] [ 90%] [32mBuilding C object CMakeFiles/xarm_msgs__rosidl_generator_py.dir/rosidl_generator_py/xarm_msgs/srv/_get_float32_list_s.c.o[0m
[21.032s] [ 91%] [32mBuilding C object CMakeFiles/xarm_msgs__rosidl_generator_py.dir/rosidl_generator_py/xarm_msgs/srv/_bio_gripper_enable_s.c.o[0m
[21.032s] [ 91%] [32mBuilding C object CMakeFiles/xarm_msgs__rosidl_generator_py.dir/rosidl_generator_py/xarm_msgs/srv/_bio_gripper_ctrl_s.c.o[0m
[21.032s] [ 91%] [32mBuilding C object CMakeFiles/xarm_msgs__rosidl_generator_py.dir/rosidl_generator_py/xarm_msgs/srv/_get_int32_s.c.o[0m
[21.032s] [ 91%] [32mBuilding C object CMakeFiles/xarm_msgs__rosidl_generator_py.dir/rosidl_generator_py/xarm_msgs/srv/_get_int16_s.c.o[0m
[21.032s] [ 91%] [32mBuilding C object CMakeFiles/xarm_msgs__rosidl_generator_py.dir/rosidl_generator_py/xarm_msgs/srv/_call_s.c.o[0m
[21.032s] [ 90%] [32mBuilding C object CMakeFiles/xarm_msgs__rosidl_generator_py.dir/rosidl_generator_py/xarm_msgs/srv/_get_float32_s.c.o[0m
[21.036s] [ 91%] [32mBuilding C object CMakeFiles/xarm_msgs__rosidl_generator_py.dir/rosidl_generator_py/xarm_msgs/srv/_get_set_modbus_data_s.c.o[0m
[21.037s] [ 92%] [32mBuilding C object CMakeFiles/xarm_msgs__rosidl_generator_py.dir/rosidl_generator_py/xarm_msgs/srv/_get_int32_by_type_s.c.o[0m
[21.037s] [ 92%] [32mBuilding C object CMakeFiles/xarm_msgs__rosidl_generator_py.dir/rosidl_generator_py/xarm_msgs/srv/_get_digital_io_s.c.o[0m
[21.037s] [ 92%] [32mBuilding C object CMakeFiles/xarm_msgs__rosidl_generator_py.dir/rosidl_generator_py/xarm_msgs/srv/_get_int16_list_s.c.o[0m
[21.037s] [ 92%] [32mBuilding C object CMakeFiles/xarm_msgs__rosidl_generator_py.dir/rosidl_generator_py/xarm_msgs/srv/_gripper_move_s.c.o[0m
[21.037s] [ 92%] [32mBuilding C object CMakeFiles/xarm_msgs__rosidl_generator_py.dir/rosidl_generator_py/xarm_msgs/srv/_move_circle_s.c.o[0m
[21.039s] [ 92%] [32mBuilding C object CMakeFiles/xarm_msgs__rosidl_generator_py.dir/rosidl_generator_py/xarm_msgs/srv/_move_cartesian_s.c.o[0m
[21.043s] [ 93%] [32mBuilding C object CMakeFiles/xarm_msgs__rosidl_generator_py.dir/rosidl_generator_py/xarm_msgs/srv/_move_home_s.c.o[0m
[21.074s] [ 93%] [32mBuilding C object CMakeFiles/xarm_msgs__rosidl_generator_py.dir/rosidl_generator_py/xarm_msgs/srv/_move_joint_s.c.o[0m
[21.133s] [ 93%] [32mBuilding C object CMakeFiles/xarm_msgs__rosidl_generator_py.dir/rosidl_generator_py/xarm_msgs/srv/_move_velocity_s.c.o[0m
[21.138s] [ 93%] [32mBuilding C object CMakeFiles/xarm_msgs__rosidl_generator_py.dir/rosidl_generator_py/xarm_msgs/srv/_robotiq_activate_s.c.o[0m
[21.138s] [ 94%] [32mBuilding C object CMakeFiles/xarm_msgs__rosidl_generator_py.dir/rosidl_generator_py/xarm_msgs/srv/_robotiq_get_status_s.c.o[0m
[21.147s] [ 94%] [32mBuilding C object CMakeFiles/xarm_msgs__rosidl_generator_py.dir/rosidl_generator_py/xarm_msgs/srv/_robotiq_reset_s.c.o[0m
[21.147s] [ 94%] [32mBuilding C object CMakeFiles/xarm_msgs__rosidl_generator_py.dir/rosidl_generator_py/xarm_msgs/srv/_robotiq_move_s.c.o[0m
[21.152s] [ 94%] [32mBuilding C object CMakeFiles/xarm_msgs__rosidl_generator_py.dir/rosidl_generator_py/xarm_msgs/srv/_set_float32_s.c.o[0m
[21.154s] [ 94%] [32mBuilding C object CMakeFiles/xarm_msgs__rosidl_generator_py.dir/rosidl_generator_py/xarm_msgs/srv/_set_analog_io_s.c.o[0m
[21.160s] [ 95%] [32mBuilding C object CMakeFiles/xarm_msgs__rosidl_generator_py.dir/rosidl_generator_py/xarm_msgs/srv/_set_digital_io_s.c.o[0m
[21.160s] [ 95%] [32mBuilding C object CMakeFiles/xarm_msgs__rosidl_generator_py.dir/rosidl_generator_py/xarm_msgs/srv/_set_float32_list_s.c.o[0m
[21.166s] [ 95%] [32mBuilding C object CMakeFiles/xarm_msgs__rosidl_generator_py.dir/rosidl_generator_py/xarm_msgs/srv/_set_int16_s.c.o[0m
[21.170s] [ 96%] [32mBuilding C object CMakeFiles/xarm_msgs__rosidl_generator_py.dir/rosidl_generator_py/xarm_msgs/srv/_set_int16_by_id_s.c.o[0m
[21.176s] [ 96%] [32mBuilding C object CMakeFiles/xarm_msgs__rosidl_generator_py.dir/rosidl_generator_py/xarm_msgs/srv/_set_int32_by_type_s.c.o[0m
[21.179s] [ 96%] [32mBuilding C object CMakeFiles/xarm_msgs__rosidl_generator_py.dir/rosidl_generator_py/xarm_msgs/srv/_traj_ctrl_s.c.o[0m
[21.179s] [ 96%] [32mBuilding C object CMakeFiles/xarm_msgs__rosidl_generator_py.dir/rosidl_generator_py/xarm_msgs/srv/_set_int16_list_s.c.o[0m
[21.182s] [ 96%] [32mBuilding C object CMakeFiles/xarm_msgs__rosidl_generator_py.dir/rosidl_generator_py/xarm_msgs/srv/_set_int32_s.c.o[0m
[21.185s] [ 97%] [32mBuilding C object CMakeFiles/xarm_msgs__rosidl_generator_py.dir/rosidl_generator_py/xarm_msgs/srv/_traj_play_s.c.o[0m
[21.201s] [ 97%] [32mBuilding C object CMakeFiles/xarm_msgs__rosidl_generator_py.dir/rosidl_generator_py/xarm_msgs/srv/_vacuum_gripper_ctrl_s.c.o[0m
[21.206s] [ 97%] [32mBuilding C object CMakeFiles/xarm_msgs__rosidl_generator_py.dir/rosidl_generator_py/xarm_msgs/srv/_set_tcp_load_s.c.o[0m
[21.211s] [ 97%] [32mBuilding C object CMakeFiles/xarm_msgs__rosidl_generator_py.dir/rosidl_generator_py/xarm_msgs/srv/_set_modbus_timeout_s.c.o[0m
[21.227s] [ 98%] [32mBuilding C object CMakeFiles/xarm_msgs__rosidl_generator_py.dir/rosidl_generator_py/xarm_msgs/srv/_iden_load_s.c.o[0m
[21.241s] [ 98%] [32mBuilding C object CMakeFiles/xarm_msgs__rosidl_generator_py.dir/rosidl_generator_py/xarm_msgs/srv/_ft_cali_load_s.c.o[0m
[21.250s] [ 98%] [32mBuilding C object CMakeFiles/xarm_msgs__rosidl_generator_py.dir/rosidl_generator_py/xarm_msgs/srv/_ft_force_config_s.c.o[0m
[21.262s] [ 98%] [32mBuilding C object CMakeFiles/xarm_msgs__rosidl_generator_py.dir/rosidl_generator_py/xarm_msgs/srv/_ft_force_pid_s.c.o[0m
[21.267s] [ 99%] [32mBuilding C object CMakeFiles/xarm_msgs__rosidl_generator_py.dir/rosidl_generator_py/xarm_msgs/srv/_ft_impedance_s.c.o[0m
[21.276s] [ 99%] [32mBuilding C object CMakeFiles/xarm_msgs__rosidl_generator_py.dir/rosidl_generator_py/xarm_msgs/srv/_linear_track_back_origin_s.c.o[0m
[21.276s] [ 99%] [32mBuilding C object CMakeFiles/xarm_msgs__rosidl_generator_py.dir/rosidl_generator_py/xarm_msgs/srv/_plan_pose_s.c.o[0m
[21.276s] [ 99%] [32mBuilding C object CMakeFiles/xarm_msgs__rosidl_generator_py.dir/rosidl_generator_py/xarm_msgs/srv/_linear_track_set_pos_s.c.o[0m
[21.279s] [100%] [32mBuilding C object CMakeFiles/xarm_msgs__rosidl_generator_py.dir/rosidl_generator_py/xarm_msgs/srv/_plan_joint_s.c.o[0m
[21.279s] [100%] [32mBuilding C object CMakeFiles/xarm_msgs__rosidl_generator_py.dir/rosidl_generator_py/xarm_msgs/srv/_plan_exec_s.c.o[0m
[21.281s] [100%] [32mBuilding C object CMakeFiles/xarm_msgs__rosidl_generator_py.dir/rosidl_generator_py/xarm_msgs/srv/_plan_single_straight_s.c.o[0m
[21.378s] [100%] [32m[1mLinking C shared library rosidl_generator_py/xarm_msgs/libxarm_msgs__rosidl_generator_py.so[0m
[21.416s] [100%] Built target xarm_msgs__rosidl_generator_py
[21.426s] [100%] [32mBuilding C object CMakeFiles/xarm_msgs__rosidl_typesupport_fastrtps_c__pyext.dir/rosidl_generator_py/xarm_msgs/_xarm_msgs_s.ep.rosidl_typesupport_fastrtps_c.c.o[0m
[21.426s] [100%] [32mBuilding C object CMakeFiles/xarm_msgs__rosidl_typesupport_c__pyext.dir/rosidl_generator_py/xarm_msgs/_xarm_msgs_s.ep.rosidl_typesupport_c.c.o[0m
[21.426s] [100%] [32mBuilding C object CMakeFiles/xarm_msgs__rosidl_typesupport_introspection_c__pyext.dir/rosidl_generator_py/xarm_msgs/_xarm_msgs_s.ep.rosidl_typesupport_introspection_c.c.o[0m
[21.672s] [100%] [32m[1mLinking C shared library rosidl_generator_py/xarm_msgs/xarm_msgs_s__rosidl_typesupport_fastrtps_c.cpython-310-x86_64-linux-gnu.so[0m
[21.678s] [100%] [32m[1mLinking C shared library rosidl_generator_py/xarm_msgs/xarm_msgs_s__rosidl_typesupport_c.cpython-310-x86_64-linux-gnu.so[0m
[21.686s] [100%] [32m[1mLinking C shared library rosidl_generator_py/xarm_msgs/xarm_msgs_s__rosidl_typesupport_introspection_c.cpython-310-x86_64-linux-gnu.so[0m
[21.707s] [100%] Built target xarm_msgs__rosidl_typesupport_fastrtps_c__pyext
[21.709s] [100%] Built target xarm_msgs__rosidl_typesupport_c__pyext
[21.729s] [100%] Built target xarm_msgs__rosidl_typesupport_introspection_c__pyext
[21.741s] Invoked command in '/home/mk/dev_ws/build/xarm_msgs' returned '0': CMAKE_PREFIX_PATH=/opt/ros/humble /usr/bin/cmake --build /home/mk/dev_ws/build/xarm_msgs -- -j20 -l20
[21.742s] Invoking command in '/home/mk/dev_ws/build/xarm_msgs': CMAKE_PREFIX_PATH=/opt/ros/humble /usr/bin/cmake --install /home/mk/dev_ws/build/xarm_msgs
[21.749s] -- Install configuration: ""
[21.751s] -- Execute custom install script
[21.751s] -- Symlinking: /home/mk/dev_ws/install/xarm_msgs/share/ament_index/resource_index/rosidl_interfaces/xarm_msgs
[21.760s] -- Symlinking: /home/mk/dev_ws/install/xarm_msgs/include/xarm_msgs/xarm_msgs/msg/cio_state.h
[21.768s] -- Symlinking: /home/mk/dev_ws/install/xarm_msgs/include/xarm_msgs/xarm_msgs/msg/detail/cio_state__functions.h
[21.775s] -- Symlinking: /home/mk/dev_ws/install/xarm_msgs/include/xarm_msgs/xarm_msgs/msg/detail/cio_state__struct.h
[21.783s] -- Symlinking: /home/mk/dev_ws/install/xarm_msgs/include/xarm_msgs/xarm_msgs/msg/detail/cio_state__type_support.h
[21.788s] -- Symlinking: /home/mk/dev_ws/install/xarm_msgs/include/xarm_msgs/xarm_msgs/msg/detail/io_state__functions.h
[21.796s] -- Symlinking: /home/mk/dev_ws/install/xarm_msgs/include/xarm_msgs/xarm_msgs/msg/detail/io_state__struct.h
[21.804s] -- Symlinking: /home/mk/dev_ws/install/xarm_msgs/include/xarm_msgs/xarm_msgs/msg/detail/io_state__type_support.h
[21.812s] -- Symlinking: /home/mk/dev_ws/install/xarm_msgs/include/xarm_msgs/xarm_msgs/msg/detail/robot_msg__functions.h
[21.820s] -- Symlinking: /home/mk/dev_ws/install/xarm_msgs/include/xarm_msgs/xarm_msgs/msg/detail/robot_msg__struct.h
[21.824s] -- Symlinking: /home/mk/dev_ws/install/xarm_msgs/include/xarm_msgs/xarm_msgs/msg/detail/robot_msg__type_support.h
[21.832s] -- Symlinking: /home/mk/dev_ws/install/xarm_msgs/include/xarm_msgs/xarm_msgs/msg/io_state.h
[21.840s] -- Symlinking: /home/mk/dev_ws/install/xarm_msgs/include/xarm_msgs/xarm_msgs/msg/robot_msg.h
[21.848s] -- Symlinking: /home/mk/dev_ws/install/xarm_msgs/include/xarm_msgs/xarm_msgs/msg/rosidl_generator_c__visibility_control.h
[21.856s] -- Symlinking: /home/mk/dev_ws/install/xarm_msgs/include/xarm_msgs/xarm_msgs/srv/bio_gripper_ctrl.h
[21.864s] -- Symlinking: /home/mk/dev_ws/install/xarm_msgs/include/xarm_msgs/xarm_msgs/srv/bio_gripper_enable.h
[21.872s] -- Symlinking: /home/mk/dev_ws/install/xarm_msgs/include/xarm_msgs/xarm_msgs/srv/call.h
[21.880s] -- Symlinking: /home/mk/dev_ws/install/xarm_msgs/include/xarm_msgs/xarm_msgs/srv/detail/bio_gripper_ctrl__functions.h
[21.888s] -- Symlinking: /home/mk/dev_ws/install/xarm_msgs/include/xarm_msgs/xarm_msgs/srv/detail/bio_gripper_ctrl__struct.h
[21.896s] -- Symlinking: /home/mk/dev_ws/install/xarm_msgs/include/xarm_msgs/xarm_msgs/srv/detail/bio_gripper_ctrl__type_support.h
[21.905s] -- Symlinking: /home/mk/dev_ws/install/xarm_msgs/include/xarm_msgs/xarm_msgs/srv/detail/bio_gripper_enable__functions.h
[21.913s] -- Symlinking: /home/mk/dev_ws/install/xarm_msgs/include/xarm_msgs/xarm_msgs/srv/detail/bio_gripper_enable__struct.h
[21.921s] -- Symlinking: /home/mk/dev_ws/install/xarm_msgs/include/xarm_msgs/xarm_msgs/srv/detail/bio_gripper_enable__type_support.h
[21.929s] -- Symlinking: /home/mk/dev_ws/install/xarm_msgs/include/xarm_msgs/xarm_msgs/srv/detail/call__functions.h
[21.937s] -- Symlinking: /home/mk/dev_ws/install/xarm_msgs/include/xarm_msgs/xarm_msgs/srv/detail/call__struct.h
[21.945s] -- Symlinking: /home/mk/dev_ws/install/xarm_msgs/include/xarm_msgs/xarm_msgs/srv/detail/call__type_support.h
[21.953s] -- Symlinking: /home/mk/dev_ws/install/xarm_msgs/include/xarm_msgs/xarm_msgs/srv/detail/ft_cali_load__functions.h
[21.961s] -- Symlinking: /home/mk/dev_ws/install/xarm_msgs/include/xarm_msgs/xarm_msgs/srv/detail/ft_cali_load__struct.h
[21.969s] -- Symlinking: /home/mk/dev_ws/install/xarm_msgs/include/xarm_msgs/xarm_msgs/srv/detail/ft_cali_load__type_support.h
[21.975s] -- Symlinking: /home/mk/dev_ws/install/xarm_msgs/include/xarm_msgs/xarm_msgs/srv/detail/ft_force_config__functions.h
[21.981s] -- Symlinking: /home/mk/dev_ws/install/xarm_msgs/include/xarm_msgs/xarm_msgs/srv/detail/ft_force_config__struct.h
[21.986s] -- Symlinking: /home/mk/dev_ws/install/xarm_msgs/include/xarm_msgs/xarm_msgs/srv/detail/ft_force_config__type_support.h
[21.992s] -- Symlinking: /home/mk/dev_ws/install/xarm_msgs/include/xarm_msgs/xarm_msgs/srv/detail/ft_force_pid__functions.h
[21.997s] -- Symlinking: /home/mk/dev_ws/install/xarm_msgs/include/xarm_msgs/xarm_msgs/srv/detail/ft_force_pid__struct.h
[22.003s] -- Symlinking: /home/mk/dev_ws/install/xarm_msgs/include/xarm_msgs/xarm_msgs/srv/detail/ft_force_pid__type_support.h
[22.011s] -- Symlinking: /home/mk/dev_ws/install/xarm_msgs/include/xarm_msgs/xarm_msgs/srv/detail/ft_impedance__functions.h
[22.019s] -- Symlinking: /home/mk/dev_ws/install/xarm_msgs/include/xarm_msgs/xarm_msgs/srv/detail/ft_impedance__struct.h
[22.027s] -- Symlinking: /home/mk/dev_ws/install/xarm_msgs/include/xarm_msgs/xarm_msgs/srv/detail/ft_impedance__type_support.h
[22.035s] -- Symlinking: /home/mk/dev_ws/install/xarm_msgs/include/xarm_msgs/xarm_msgs/srv/detail/get_analog_io__functions.h
[22.043s] -- Symlinking: /home/mk/dev_ws/install/xarm_msgs/include/xarm_msgs/xarm_msgs/srv/detail/get_analog_io__struct.h
[22.051s] -- Symlinking: /home/mk/dev_ws/install/xarm_msgs/include/xarm_msgs/xarm_msgs/srv/detail/get_analog_io__type_support.h
[22.059s] -- Symlinking: /home/mk/dev_ws/install/xarm_msgs/include/xarm_msgs/xarm_msgs/srv/detail/get_digital_io__functions.h
[22.067s] -- Symlinking: /home/mk/dev_ws/install/xarm_msgs/include/xarm_msgs/xarm_msgs/srv/detail/get_digital_io__struct.h
[22.075s] -- Symlinking: /home/mk/dev_ws/install/xarm_msgs/include/xarm_msgs/xarm_msgs/srv/detail/get_digital_io__type_support.h
[22.083s] -- Symlinking: /home/mk/dev_ws/install/xarm_msgs/include/xarm_msgs/xarm_msgs/srv/detail/get_float32__functions.h
[22.091s] -- Symlinking: /home/mk/dev_ws/install/xarm_msgs/include/xarm_msgs/xarm_msgs/srv/detail/get_float32__struct.h
[22.100s] -- Symlinking: /home/mk/dev_ws/install/xarm_msgs/include/xarm_msgs/xarm_msgs/srv/detail/get_float32__type_support.h
[22.108s] -- Symlinking: /home/mk/dev_ws/install/xarm_msgs/include/xarm_msgs/xarm_msgs/srv/detail/get_float32_list__functions.h
[22.116s] -- Symlinking: /home/mk/dev_ws/install/xarm_msgs/include/xarm_msgs/xarm_msgs/srv/detail/get_float32_list__struct.h
[22.124s] -- Symlinking: /home/mk/dev_ws/install/xarm_msgs/include/xarm_msgs/xarm_msgs/srv/detail/get_float32_list__type_support.h
[22.132s] -- Symlinking: /home/mk/dev_ws/install/xarm_msgs/include/xarm_msgs/xarm_msgs/srv/detail/get_int16__functions.h
[22.140s] -- Symlinking: /home/mk/dev_ws/install/xarm_msgs/include/xarm_msgs/xarm_msgs/srv/detail/get_int16__struct.h
[22.148s] -- Symlinking: /home/mk/dev_ws/install/xarm_msgs/include/xarm_msgs/xarm_msgs/srv/detail/get_int16__type_support.h
[22.156s] -- Symlinking: /home/mk/dev_ws/install/xarm_msgs/include/xarm_msgs/xarm_msgs/srv/detail/get_int16_list__functions.h
[22.164s] -- Symlinking: /home/mk/dev_ws/install/xarm_msgs/include/xarm_msgs/xarm_msgs/srv/detail/get_int16_list__struct.h
[22.173s] -- Symlinking: /home/mk/dev_ws/install/xarm_msgs/include/xarm_msgs/xarm_msgs/srv/detail/get_int16_list__type_support.h
[22.181s] -- Symlinking: /home/mk/dev_ws/install/xarm_msgs/include/xarm_msgs/xarm_msgs/srv/detail/get_int32__functions.h
[22.189s] -- Symlinking: /home/mk/dev_ws/install/xarm_msgs/include/xarm_msgs/xarm_msgs/srv/detail/get_int32__struct.h
[22.197s] -- Symlinking: /home/mk/dev_ws/install/xarm_msgs/include/xarm_msgs/xarm_msgs/srv/detail/get_int32__type_support.h
[22.205s] -- Symlinking: /home/mk/dev_ws/install/xarm_msgs/include/xarm_msgs/xarm_msgs/srv/detail/get_int32_by_type__functions.h
[22.213s] -- Symlinking: /home/mk/dev_ws/install/xarm_msgs/include/xarm_msgs/xarm_msgs/srv/detail/get_int32_by_type__struct.h
[22.221s] -- Symlinking: /home/mk/dev_ws/install/xarm_msgs/include/xarm_msgs/xarm_msgs/srv/detail/get_int32_by_type__type_support.h
[22.230s] -- Symlinking: /home/mk/dev_ws/install/xarm_msgs/include/xarm_msgs/xarm_msgs/srv/detail/get_set_modbus_data__functions.h
[22.238s] -- Symlinking: /home/mk/dev_ws/install/xarm_msgs/include/xarm_msgs/xarm_msgs/srv/detail/get_set_modbus_data__struct.h
[22.246s] -- Symlinking: /home/mk/dev_ws/install/xarm_msgs/include/xarm_msgs/xarm_msgs/srv/detail/get_set_modbus_data__type_support.h
[22.254s] -- Symlinking: /home/mk/dev_ws/install/xarm_msgs/include/xarm_msgs/xarm_msgs/srv/detail/gripper_move__functions.h
[22.263s] -- Symlinking: /home/mk/dev_ws/install/xarm_msgs/include/xarm_msgs/xarm_msgs/srv/detail/gripper_move__struct.h
[22.270s] -- Symlinking: /home/mk/dev_ws/install/xarm_msgs/include/xarm_msgs/xarm_msgs/srv/detail/gripper_move__type_support.h
[22.278s] -- Symlinking: /home/mk/dev_ws/install/xarm_msgs/include/xarm_msgs/xarm_msgs/srv/detail/iden_load__functions.h
[22.287s] -- Symlinking: /home/mk/dev_ws/install/xarm_msgs/include/xarm_msgs/xarm_msgs/srv/detail/iden_load__struct.h
[22.295s] -- Symlinking: /home/mk/dev_ws/install/xarm_msgs/include/xarm_msgs/xarm_msgs/srv/detail/iden_load__type_support.h
[22.303s] -- Symlinking: /home/mk/dev_ws/install/xarm_msgs/include/xarm_msgs/xarm_msgs/srv/detail/linear_track_back_origin__functions.h
[22.311s] -- Symlinking: /home/mk/dev_ws/install/xarm_msgs/include/xarm_msgs/xarm_msgs/srv/detail/linear_track_back_origin__struct.h
[22.320s] -- Symlinking: /home/mk/dev_ws/install/xarm_msgs/include/xarm_msgs/xarm_msgs/srv/detail/linear_track_back_origin__type_support.h
[22.327s] -- Symlinking: /home/mk/dev_ws/install/xarm_msgs/include/xarm_msgs/xarm_msgs/srv/detail/linear_track_set_pos__functions.h
[22.332s] -- Symlinking: /home/mk/dev_ws/install/xarm_msgs/include/xarm_msgs/xarm_msgs/srv/detail/linear_track_set_pos__struct.h
[22.337s] -- Symlinking: /home/mk/dev_ws/install/xarm_msgs/include/xarm_msgs/xarm_msgs/srv/detail/linear_track_set_pos__type_support.h
[22.343s] -- Symlinking: /home/mk/dev_ws/install/xarm_msgs/include/xarm_msgs/xarm_msgs/srv/detail/move_cartesian__functions.h
[22.348s] -- Symlinking: /home/mk/dev_ws/install/xarm_msgs/include/xarm_msgs/xarm_msgs/srv/detail/move_cartesian__struct.h
[22.354s] -- Symlinking: /home/mk/dev_ws/install/xarm_msgs/include/xarm_msgs/xarm_msgs/srv/detail/move_cartesian__type_support.h
[22.360s] -- Symlinking: /home/mk/dev_ws/install/xarm_msgs/include/xarm_msgs/xarm_msgs/srv/detail/move_circle__functions.h
[22.366s] -- Symlinking: /home/mk/dev_ws/install/xarm_msgs/include/xarm_msgs/xarm_msgs/srv/detail/move_circle__struct.h
[22.372s] -- Symlinking: /home/mk/dev_ws/install/xarm_msgs/include/xarm_msgs/xarm_msgs/srv/detail/move_circle__type_support.h
[22.377s] -- Symlinking: /home/mk/dev_ws/install/xarm_msgs/include/xarm_msgs/xarm_msgs/srv/detail/move_home__functions.h
[22.383s] -- Symlinking: /home/mk/dev_ws/install/xarm_msgs/include/xarm_msgs/xarm_msgs/srv/detail/move_home__struct.h
[22.390s] -- Symlinking: /home/mk/dev_ws/install/xarm_msgs/include/xarm_msgs/xarm_msgs/srv/detail/move_home__type_support.h
[22.395s] -- Symlinking: /home/mk/dev_ws/install/xarm_msgs/include/xarm_msgs/xarm_msgs/srv/detail/move_joint__functions.h
[22.401s] -- Symlinking: /home/mk/dev_ws/install/xarm_msgs/include/xarm_msgs/xarm_msgs/srv/detail/move_joint__struct.h
[22.406s] -- Symlinking: /home/mk/dev_ws/install/xarm_msgs/include/xarm_msgs/xarm_msgs/srv/detail/move_joint__type_support.h
[22.412s] -- Symlinking: /home/mk/dev_ws/install/xarm_msgs/include/xarm_msgs/xarm_msgs/srv/detail/move_velocity__functions.h
[22.417s] -- Symlinking: /home/mk/dev_ws/install/xarm_msgs/include/xarm_msgs/xarm_msgs/srv/detail/move_velocity__struct.h
[22.423s] -- Symlinking: /home/mk/dev_ws/install/xarm_msgs/include/xarm_msgs/xarm_msgs/srv/detail/move_velocity__type_support.h
[22.429s] -- Symlinking: /home/mk/dev_ws/install/xarm_msgs/include/xarm_msgs/xarm_msgs/srv/detail/plan_exec__functions.h
[22.435s] -- Symlinking: /home/mk/dev_ws/install/xarm_msgs/include/xarm_msgs/xarm_msgs/srv/detail/plan_exec__struct.h
[22.440s] -- Symlinking: /home/mk/dev_ws/install/xarm_msgs/include/xarm_msgs/xarm_msgs/srv/detail/plan_exec__type_support.h
[22.446s] -- Symlinking: /home/mk/dev_ws/install/xarm_msgs/include/xarm_msgs/xarm_msgs/srv/detail/plan_joint__functions.h
[22.451s] -- Symlinking: /home/mk/dev_ws/install/xarm_msgs/include/xarm_msgs/xarm_msgs/srv/detail/plan_joint__struct.h
[22.457s] -- Symlinking: /home/mk/dev_ws/install/xarm_msgs/include/xarm_msgs/xarm_msgs/srv/detail/plan_joint__type_support.h
[22.466s] -- Symlinking: /home/mk/dev_ws/install/xarm_msgs/include/xarm_msgs/xarm_msgs/srv/detail/plan_pose__functions.h
[22.472s] -- Symlinking: /home/mk/dev_ws/install/xarm_msgs/include/xarm_msgs/xarm_msgs/srv/detail/plan_pose__struct.h
[22.480s] -- Symlinking: /home/mk/dev_ws/install/xarm_msgs/include/xarm_msgs/xarm_msgs/srv/detail/plan_pose__type_support.h
[22.488s] -- Symlinking: /home/mk/dev_ws/install/xarm_msgs/include/xarm_msgs/xarm_msgs/srv/detail/plan_single_straight__functions.h
[22.496s] -- Symlinking: /home/mk/dev_ws/install/xarm_msgs/include/xarm_msgs/xarm_msgs/srv/detail/plan_single_straight__struct.h
[22.505s] -- Symlinking: /home/mk/dev_ws/install/xarm_msgs/include/xarm_msgs/xarm_msgs/srv/detail/plan_single_straight__type_support.h
[22.513s] -- Symlinking: /home/mk/dev_ws/install/xarm_msgs/include/xarm_msgs/xarm_msgs/srv/detail/robotiq_activate__functions.h
[22.521s] -- Symlinking: /home/mk/dev_ws/install/xarm_msgs/include/xarm_msgs/xarm_msgs/srv/detail/robotiq_activate__struct.h
[22.529s] -- Symlinking: /home/mk/dev_ws/install/xarm_msgs/include/xarm_msgs/xarm_msgs/srv/detail/robotiq_activate__type_support.h
[22.536s] -- Symlinking: /home/mk/dev_ws/install/xarm_msgs/include/xarm_msgs/xarm_msgs/srv/detail/robotiq_get_status__functions.h
[22.544s] -- Symlinking: /home/mk/dev_ws/install/xarm_msgs/include/xarm_msgs/xarm_msgs/srv/detail/robotiq_get_status__struct.h
[22.552s] -- Symlinking: /home/mk/dev_ws/install/xarm_msgs/include/xarm_msgs/xarm_msgs/srv/detail/robotiq_get_status__type_support.h
[22.560s] -- Symlinking: /home/mk/dev_ws/install/xarm_msgs/include/xarm_msgs/xarm_msgs/srv/detail/robotiq_move__functions.h
[22.568s] -- Symlinking: /home/mk/dev_ws/install/xarm_msgs/include/xarm_msgs/xarm_msgs/srv/detail/robotiq_move__struct.h
[22.576s] -- Symlinking: /home/mk/dev_ws/install/xarm_msgs/include/xarm_msgs/xarm_msgs/srv/detail/robotiq_move__type_support.h
[22.584s] -- Symlinking: /home/mk/dev_ws/install/xarm_msgs/include/xarm_msgs/xarm_msgs/srv/detail/robotiq_reset__functions.h
[22.592s] -- Symlinking: /home/mk/dev_ws/install/xarm_msgs/include/xarm_msgs/xarm_msgs/srv/detail/robotiq_reset__struct.h
[22.600s] -- Symlinking: /home/mk/dev_ws/install/xarm_msgs/include/xarm_msgs/xarm_msgs/srv/detail/robotiq_reset__type_support.h
[22.608s] -- Symlinking: /home/mk/dev_ws/install/xarm_msgs/include/xarm_msgs/xarm_msgs/srv/detail/set_analog_io__functions.h
[22.616s] -- Symlinking: /home/mk/dev_ws/install/xarm_msgs/include/xarm_msgs/xarm_msgs/srv/detail/set_analog_io__struct.h
[22.624s] -- Symlinking: /home/mk/dev_ws/install/xarm_msgs/include/xarm_msgs/xarm_msgs/srv/detail/set_analog_io__type_support.h
[22.632s] -- Symlinking: /home/mk/dev_ws/install/xarm_msgs/include/xarm_msgs/xarm_msgs/srv/detail/set_digital_io__functions.h
[22.640s] -- Symlinking: /home/mk/dev_ws/install/xarm_msgs/include/xarm_msgs/xarm_msgs/srv/detail/set_digital_io__struct.h
[22.648s] -- Symlinking: /home/mk/dev_ws/install/xarm_msgs/include/xarm_msgs/xarm_msgs/srv/detail/set_digital_io__type_support.h
[22.656s] -- Symlinking: /home/mk/dev_ws/install/xarm_msgs/include/xarm_msgs/xarm_msgs/srv/detail/set_float32__functions.h
[22.665s] -- Symlinking: /home/mk/dev_ws/install/xarm_msgs/include/xarm_msgs/xarm_msgs/srv/detail/set_float32__struct.h
[22.670s] -- Symlinking: /home/mk/dev_ws/install/xarm_msgs/include/xarm_msgs/xarm_msgs/srv/detail/set_float32__type_support.h
[22.675s] -- Symlinking: /home/mk/dev_ws/install/xarm_msgs/include/xarm_msgs/xarm_msgs/srv/detail/set_float32_list__functions.h
[22.680s] -- Symlinking: /home/mk/dev_ws/install/xarm_msgs/include/xarm_msgs/xarm_msgs/srv/detail/set_float32_list__struct.h
[22.689s] -- Symlinking: /home/mk/dev_ws/install/xarm_msgs/include/xarm_msgs/xarm_msgs/srv/detail/set_float32_list__type_support.h
[22.697s] -- Symlinking: /home/mk/dev_ws/install/xarm_msgs/include/xarm_msgs/xarm_msgs/srv/detail/set_int16__functions.h
[22.705s] -- Symlinking: /home/mk/dev_ws/install/xarm_msgs/include/xarm_msgs/xarm_msgs/srv/detail/set_int16__struct.h
[22.711s] -- Symlinking: /home/mk/dev_ws/install/xarm_msgs/include/xarm_msgs/xarm_msgs/srv/detail/set_int16__type_support.h
[22.716s] -- Symlinking: /home/mk/dev_ws/install/xarm_msgs/include/xarm_msgs/xarm_msgs/srv/detail/set_int16_by_id__functions.h
[22.721s] -- Symlinking: /home/mk/dev_ws/install/xarm_msgs/include/xarm_msgs/xarm_msgs/srv/detail/set_int16_by_id__struct.h
[22.729s] -- Symlinking: /home/mk/dev_ws/install/xarm_msgs/include/xarm_msgs/xarm_msgs/srv/detail/set_int16_by_id__type_support.h
[22.734s] -- Symlinking: /home/mk/dev_ws/install/xarm_msgs/include/xarm_msgs/xarm_msgs/srv/detail/set_int16_list__functions.h
[22.739s] -- Symlinking: /home/mk/dev_ws/install/xarm_msgs/include/xarm_msgs/xarm_msgs/srv/detail/set_int16_list__struct.h
[22.745s] -- Symlinking: /home/mk/dev_ws/install/xarm_msgs/include/xarm_msgs/xarm_msgs/srv/detail/set_int16_list__type_support.h
[22.751s] -- Symlinking: /home/mk/dev_ws/install/xarm_msgs/include/xarm_msgs/xarm_msgs/srv/detail/set_int32__functions.h
[22.756s] -- Symlinking: /home/mk/dev_ws/install/xarm_msgs/include/xarm_msgs/xarm_msgs/srv/detail/set_int32__struct.h
[22.762s] -- Symlinking: /home/mk/dev_ws/install/xarm_msgs/include/xarm_msgs/xarm_msgs/srv/detail/set_int32__type_support.h
[22.767s] -- Symlinking: /home/mk/dev_ws/install/xarm_msgs/include/xarm_msgs/xarm_msgs/srv/detail/set_int32_by_type__functions.h
[22.773s] -- Symlinking: /home/mk/dev_ws/install/xarm_msgs/include/xarm_msgs/xarm_msgs/srv/detail/set_int32_by_type__struct.h
[22.778s] -- Symlinking: /home/mk/dev_ws/install/xarm_msgs/include/xarm_msgs/xarm_msgs/srv/detail/set_int32_by_type__type_support.h
[22.784s] -- Symlinking: /home/mk/dev_ws/install/xarm_msgs/include/xarm_msgs/xarm_msgs/srv/detail/set_modbus_timeout__functions.h
[22.789s] -- Symlinking: /home/mk/dev_ws/install/xarm_msgs/include/xarm_msgs/xarm_msgs/srv/detail/set_modbus_timeout__struct.h
[22.795s] -- Symlinking: /home/mk/dev_ws/install/xarm_msgs/include/xarm_msgs/xarm_msgs/srv/detail/set_modbus_timeout__type_support.h
[22.800s] -- Symlinking: /home/mk/dev_ws/install/xarm_msgs/include/xarm_msgs/xarm_msgs/srv/detail/set_tcp_load__functions.h
[22.806s] -- Symlinking: /home/mk/dev_ws/install/xarm_msgs/include/xarm_msgs/xarm_msgs/srv/detail/set_tcp_load__struct.h
[22.811s] -- Symlinking: /home/mk/dev_ws/install/xarm_msgs/include/xarm_msgs/xarm_msgs/srv/detail/set_tcp_load__type_support.h
[22.818s] -- Symlinking: /home/mk/dev_ws/install/xarm_msgs/include/xarm_msgs/xarm_msgs/srv/detail/traj_ctrl__functions.h
[22.823s] -- Symlinking: /home/mk/dev_ws/install/xarm_msgs/include/xarm_msgs/xarm_msgs/srv/detail/traj_ctrl__struct.h
[22.829s] -- Symlinking: /home/mk/dev_ws/install/xarm_msgs/include/xarm_msgs/xarm_msgs/srv/detail/traj_ctrl__type_support.h
[22.834s] -- Symlinking: /home/mk/dev_ws/install/xarm_msgs/include/xarm_msgs/xarm_msgs/srv/detail/traj_play__functions.h
[22.840s] -- Symlinking: /home/mk/dev_ws/install/xarm_msgs/include/xarm_msgs/xarm_msgs/srv/detail/traj_play__struct.h
[22.845s] -- Symlinking: /home/mk/dev_ws/install/xarm_msgs/include/xarm_msgs/xarm_msgs/srv/detail/traj_play__type_support.h
[22.853s] -- Symlinking: /home/mk/dev_ws/install/xarm_msgs/include/xarm_msgs/xarm_msgs/srv/detail/vacuum_gripper_ctrl__functions.h
[22.861s] -- Symlinking: /home/mk/dev_ws/install/xarm_msgs/include/xarm_msgs/xarm_msgs/srv/detail/vacuum_gripper_ctrl__struct.h
[22.868s] -- Symlinking: /home/mk/dev_ws/install/xarm_msgs/include/xarm_msgs/xarm_msgs/srv/detail/vacuum_gripper_ctrl__type_support.h
[22.874s] -- Symlinking: /home/mk/dev_ws/install/xarm_msgs/include/xarm_msgs/xarm_msgs/srv/ft_cali_load.h
[22.879s] -- Symlinking: /home/mk/dev_ws/install/xarm_msgs/include/xarm_msgs/xarm_msgs/srv/ft_force_config.h
[22.885s] -- Symlinking: /home/mk/dev_ws/install/xarm_msgs/include/xarm_msgs/xarm_msgs/srv/ft_force_pid.h
[22.890s] -- Symlinking: /home/mk/dev_ws/install/xarm_msgs/include/xarm_msgs/xarm_msgs/srv/ft_impedance.h
[22.898s] -- Symlinking: /home/mk/dev_ws/install/xarm_msgs/include/xarm_msgs/xarm_msgs/srv/get_analog_io.h
[22.907s] -- Symlinking: /home/mk/dev_ws/install/xarm_msgs/include/xarm_msgs/xarm_msgs/srv/get_digital_io.h
[22.912s] -- Symlinking: /home/mk/dev_ws/install/xarm_msgs/include/xarm_msgs/xarm_msgs/srv/get_float32.h
[22.917s] -- Symlinking: /home/mk/dev_ws/install/xarm_msgs/include/xarm_msgs/xarm_msgs/srv/get_float32_list.h
[22.923s] -- Symlinking: /home/mk/dev_ws/install/xarm_msgs/include/xarm_msgs/xarm_msgs/srv/get_int16.h
[22.928s] -- Symlinking: /home/mk/dev_ws/install/xarm_msgs/include/xarm_msgs/xarm_msgs/srv/get_int16_list.h
[22.934s] -- Symlinking: /home/mk/dev_ws/install/xarm_msgs/include/xarm_msgs/xarm_msgs/srv/get_int32.h
[22.942s] -- Symlinking: /home/mk/dev_ws/install/xarm_msgs/include/xarm_msgs/xarm_msgs/srv/get_int32_by_type.h
[22.950s] -- Symlinking: /home/mk/dev_ws/install/xarm_msgs/include/xarm_msgs/xarm_msgs/srv/get_set_modbus_data.h
[22.956s] -- Symlinking: /home/mk/dev_ws/install/xarm_msgs/include/xarm_msgs/xarm_msgs/srv/gripper_move.h
[22.964s] -- Symlinking: /home/mk/dev_ws/install/xarm_msgs/include/xarm_msgs/xarm_msgs/srv/iden_load.h
[22.969s] -- Symlinking: /home/mk/dev_ws/install/xarm_msgs/include/xarm_msgs/xarm_msgs/srv/linear_track_back_origin.h
[22.975s] -- Symlinking: /home/mk/dev_ws/install/xarm_msgs/include/xarm_msgs/xarm_msgs/srv/linear_track_set_pos.h
[22.980s] -- Symlinking: /home/mk/dev_ws/install/xarm_msgs/include/xarm_msgs/xarm_msgs/srv/move_cartesian.h
[22.986s] -- Symlinking: /home/mk/dev_ws/install/xarm_msgs/include/xarm_msgs/xarm_msgs/srv/move_circle.h
[22.991s] -- Symlinking: /home/mk/dev_ws/install/xarm_msgs/include/xarm_msgs/xarm_msgs/srv/move_home.h
[22.997s] -- Symlinking: /home/mk/dev_ws/install/xarm_msgs/include/xarm_msgs/xarm_msgs/srv/move_joint.h
[23.005s] -- Symlinking: /home/mk/dev_ws/install/xarm_msgs/include/xarm_msgs/xarm_msgs/srv/move_velocity.h
[23.013s] -- Symlinking: /home/mk/dev_ws/install/xarm_msgs/include/xarm_msgs/xarm_msgs/srv/plan_exec.h
[23.019s] -- Symlinking: /home/mk/dev_ws/install/xarm_msgs/include/xarm_msgs/xarm_msgs/srv/plan_joint.h
[23.024s] -- Symlinking: /home/mk/dev_ws/install/xarm_msgs/include/xarm_msgs/xarm_msgs/srv/plan_pose.h
[23.029s] -- Symlinking: /home/mk/dev_ws/install/xarm_msgs/include/xarm_msgs/xarm_msgs/srv/plan_single_straight.h
[23.035s] -- Symlinking: /home/mk/dev_ws/install/xarm_msgs/include/xarm_msgs/xarm_msgs/srv/robotiq_activate.h
[23.041s] -- Symlinking: /home/mk/dev_ws/install/xarm_msgs/include/xarm_msgs/xarm_msgs/srv/robotiq_get_status.h
[23.046s] -- Symlinking: /home/mk/dev_ws/install/xarm_msgs/include/xarm_msgs/xarm_msgs/srv/robotiq_move.h
[23.052s] -- Symlinking: /home/mk/dev_ws/install/xarm_msgs/include/xarm_msgs/xarm_msgs/srv/robotiq_reset.h
[23.057s] -- Symlinking: /home/mk/dev_ws/install/xarm_msgs/include/xarm_msgs/xarm_msgs/srv/set_analog_io.h
[23.063s] -- Symlinking: /home/mk/dev_ws/install/xarm_msgs/include/xarm_msgs/xarm_msgs/srv/set_digital_io.h
[23.069s] -- Symlinking: /home/mk/dev_ws/install/xarm_msgs/include/xarm_msgs/xarm_msgs/srv/set_float32.h
[23.074s] -- Symlinking: /home/mk/dev_ws/install/xarm_msgs/include/xarm_msgs/xarm_msgs/srv/set_float32_list.h
[23.083s] -- Symlinking: /home/mk/dev_ws/install/xarm_msgs/include/xarm_msgs/xarm_msgs/srv/set_int16.h
[23.088s] -- Symlinking: /home/mk/dev_ws/install/xarm_msgs/include/xarm_msgs/xarm_msgs/srv/set_int16_by_id.h
[23.093s] -- Symlinking: /home/mk/dev_ws/install/xarm_msgs/include/xarm_msgs/xarm_msgs/srv/set_int16_list.h
[23.099s] -- Symlinking: /home/mk/dev_ws/install/xarm_msgs/include/xarm_msgs/xarm_msgs/srv/set_int32.h
[23.104s] -- Symlinking: /home/mk/dev_ws/install/xarm_msgs/include/xarm_msgs/xarm_msgs/srv/set_int32_by_type.h
[23.110s] -- Symlinking: /home/mk/dev_ws/install/xarm_msgs/include/xarm_msgs/xarm_msgs/srv/set_modbus_timeout.h
[23.115s] -- Symlinking: /home/mk/dev_ws/install/xarm_msgs/include/xarm_msgs/xarm_msgs/srv/set_tcp_load.h
[23.121s] -- Symlinking: /home/mk/dev_ws/install/xarm_msgs/include/xarm_msgs/xarm_msgs/srv/traj_ctrl.h
[23.129s] -- Symlinking: /home/mk/dev_ws/install/xarm_msgs/include/xarm_msgs/xarm_msgs/srv/traj_play.h
[23.135s] -- Symlinking: /home/mk/dev_ws/install/xarm_msgs/include/xarm_msgs/xarm_msgs/srv/vacuum_gripper_ctrl.h
[23.140s] -- Symlinking: /home/mk/dev_ws/install/xarm_msgs/share/xarm_msgs/environment/library_path.sh
[23.146s] -- Symlinking: /home/mk/dev_ws/install/xarm_msgs/share/xarm_msgs/environment/library_path.dsv
[23.155s] -- Symlinking: /home/mk/dev_ws/install/xarm_msgs/include/xarm_msgs/xarm_msgs/msg/detail/cio_state__rosidl_typesupport_fastrtps_c.h
[23.160s] -- Symlinking: /home/mk/dev_ws/install/xarm_msgs/include/xarm_msgs/xarm_msgs/msg/detail/io_state__rosidl_typesupport_fastrtps_c.h
[23.166s] -- Symlinking: /home/mk/dev_ws/install/xarm_msgs/include/xarm_msgs/xarm_msgs/msg/detail/robot_msg__rosidl_typesupport_fastrtps_c.h
[23.174s] -- Symlinking: /home/mk/dev_ws/install/xarm_msgs/include/xarm_msgs/xarm_msgs/msg/rosidl_typesupport_fastrtps_c__visibility_control.h
[23.180s] -- Symlinking: /home/mk/dev_ws/install/xarm_msgs/include/xarm_msgs/xarm_msgs/srv/detail/bio_gripper_ctrl__rosidl_typesupport_fastrtps_c.h
[23.185s] -- Symlinking: /home/mk/dev_ws/install/xarm_msgs/include/xarm_msgs/xarm_msgs/srv/detail/bio_gripper_enable__rosidl_typesupport_fastrtps_c.h
[23.194s] -- Symlinking: /home/mk/dev_ws/install/xarm_msgs/include/xarm_msgs/xarm_msgs/srv/detail/call__rosidl_typesupport_fastrtps_c.h
[23.202s] -- Symlinking: /home/mk/dev_ws/install/xarm_msgs/include/xarm_msgs/xarm_msgs/srv/detail/ft_cali_load__rosidl_typesupport_fastrtps_c.h
[23.208s] -- Symlinking: /home/mk/dev_ws/install/xarm_msgs/include/xarm_msgs/xarm_msgs/srv/detail/ft_force_config__rosidl_typesupport_fastrtps_c.h
[23.213s] -- Symlinking: /home/mk/dev_ws/install/xarm_msgs/include/xarm_msgs/xarm_msgs/srv/detail/ft_force_pid__rosidl_typesupport_fastrtps_c.h
[23.219s] -- Symlinking: /home/mk/dev_ws/install/xarm_msgs/include/xarm_msgs/xarm_msgs/srv/detail/ft_impedance__rosidl_typesupport_fastrtps_c.h
[23.225s] -- Symlinking: /home/mk/dev_ws/install/xarm_msgs/include/xarm_msgs/xarm_msgs/srv/detail/get_analog_io__rosidl_typesupport_fastrtps_c.h
[23.233s] -- Symlinking: /home/mk/dev_ws/install/xarm_msgs/include/xarm_msgs/xarm_msgs/srv/detail/get_digital_io__rosidl_typesupport_fastrtps_c.h
[23.239s] -- Symlinking: /home/mk/dev_ws/install/xarm_msgs/include/xarm_msgs/xarm_msgs/srv/detail/get_float32__rosidl_typesupport_fastrtps_c.h
[23.244s] -- Symlinking: /home/mk/dev_ws/install/xarm_msgs/include/xarm_msgs/xarm_msgs/srv/detail/get_float32_list__rosidl_typesupport_fastrtps_c.h
[23.250s] -- Symlinking: /home/mk/dev_ws/install/xarm_msgs/include/xarm_msgs/xarm_msgs/srv/detail/get_int16__rosidl_typesupport_fastrtps_c.h
[23.259s] -- Symlinking: /home/mk/dev_ws/install/xarm_msgs/include/xarm_msgs/xarm_msgs/srv/detail/get_int16_list__rosidl_typesupport_fastrtps_c.h
[23.267s] -- Symlinking: /home/mk/dev_ws/install/xarm_msgs/include/xarm_msgs/xarm_msgs/srv/detail/get_int32__rosidl_typesupport_fastrtps_c.h
[23.276s] -- Symlinking: /home/mk/dev_ws/install/xarm_msgs/include/xarm_msgs/xarm_msgs/srv/detail/get_int32_by_type__rosidl_typesupport_fastrtps_c.h
[23.284s] -- Symlinking: /home/mk/dev_ws/install/xarm_msgs/include/xarm_msgs/xarm_msgs/srv/detail/get_set_modbus_data__rosidl_typesupport_fastrtps_c.h
[23.293s] -- Symlinking: /home/mk/dev_ws/install/xarm_msgs/include/xarm_msgs/xarm_msgs/srv/detail/gripper_move__rosidl_typesupport_fastrtps_c.h
[23.301s] -- Symlinking: /home/mk/dev_ws/install/xarm_msgs/include/xarm_msgs/xarm_msgs/srv/detail/iden_load__rosidl_typesupport_fastrtps_c.h
[23.309s] -- Symlinking: /home/mk/dev_ws/install/xarm_msgs/include/xarm_msgs/xarm_msgs/srv/detail/linear_track_back_origin__rosidl_typesupport_fastrtps_c.h
[23.317s] -- Symlinking: /home/mk/dev_ws/install/xarm_msgs/include/xarm_msgs/xarm_msgs/srv/detail/linear_track_set_pos__rosidl_typesupport_fastrtps_c.h
[23.325s] -- Symlinking: /home/mk/dev_ws/install/xarm_msgs/include/xarm_msgs/xarm_msgs/srv/detail/move_cartesian__rosidl_typesupport_fastrtps_c.h
[23.333s] -- Symlinking: /home/mk/dev_ws/install/xarm_msgs/include/xarm_msgs/xarm_msgs/srv/detail/move_circle__rosidl_typesupport_fastrtps_c.h
[23.342s] -- Symlinking: /home/mk/dev_ws/install/xarm_msgs/include/xarm_msgs/xarm_msgs/srv/detail/move_home__rosidl_typesupport_fastrtps_c.h
[23.350s] -- Symlinking: /home/mk/dev_ws/install/xarm_msgs/include/xarm_msgs/xarm_msgs/srv/detail/move_joint__rosidl_typesupport_fastrtps_c.h
[23.359s] -- Symlinking: /home/mk/dev_ws/install/xarm_msgs/include/xarm_msgs/xarm_msgs/srv/detail/move_velocity__rosidl_typesupport_fastrtps_c.h
[23.368s] -- Symlinking: /home/mk/dev_ws/install/xarm_msgs/include/xarm_msgs/xarm_msgs/srv/detail/plan_exec__rosidl_typesupport_fastrtps_c.h
[23.376s] -- Symlinking: /home/mk/dev_ws/install/xarm_msgs/include/xarm_msgs/xarm_msgs/srv/detail/plan_joint__rosidl_typesupport_fastrtps_c.h
[23.385s] -- Symlinking: /home/mk/dev_ws/install/xarm_msgs/include/xarm_msgs/xarm_msgs/srv/detail/plan_pose__rosidl_typesupport_fastrtps_c.h
[23.393s] -- Symlinking: /home/mk/dev_ws/install/xarm_msgs/include/xarm_msgs/xarm_msgs/srv/detail/plan_single_straight__rosidl_typesupport_fastrtps_c.h
[23.402s] -- Symlinking: /home/mk/dev_ws/install/xarm_msgs/include/xarm_msgs/xarm_msgs/srv/detail/robotiq_activate__rosidl_typesupport_fastrtps_c.h
[23.410s] -- Symlinking: /home/mk/dev_ws/install/xarm_msgs/include/xarm_msgs/xarm_msgs/srv/detail/robotiq_get_status__rosidl_typesupport_fastrtps_c.h
[23.419s] -- Symlinking: /home/mk/dev_ws/install/xarm_msgs/include/xarm_msgs/xarm_msgs/srv/detail/robotiq_move__rosidl_typesupport_fastrtps_c.h
[23.427s] -- Symlinking: /home/mk/dev_ws/install/xarm_msgs/include/xarm_msgs/xarm_msgs/srv/detail/robotiq_reset__rosidl_typesupport_fastrtps_c.h
[23.435s] -- Symlinking: /home/mk/dev_ws/install/xarm_msgs/include/xarm_msgs/xarm_msgs/srv/detail/set_analog_io__rosidl_typesupport_fastrtps_c.h
[23.444s] -- Symlinking: /home/mk/dev_ws/install/xarm_msgs/include/xarm_msgs/xarm_msgs/srv/detail/set_digital_io__rosidl_typesupport_fastrtps_c.h
[23.453s] -- Symlinking: /home/mk/dev_ws/install/xarm_msgs/include/xarm_msgs/xarm_msgs/srv/detail/set_float32__rosidl_typesupport_fastrtps_c.h
[23.461s] -- Symlinking: /home/mk/dev_ws/install/xarm_msgs/include/xarm_msgs/xarm_msgs/srv/detail/set_float32_list__rosidl_typesupport_fastrtps_c.h
[23.470s] -- Symlinking: /home/mk/dev_ws/install/xarm_msgs/include/xarm_msgs/xarm_msgs/srv/detail/set_int16__rosidl_typesupport_fastrtps_c.h
[23.478s] -- Symlinking: /home/mk/dev_ws/install/xarm_msgs/include/xarm_msgs/xarm_msgs/srv/detail/set_int16_by_id__rosidl_typesupport_fastrtps_c.h
[23.486s] -- Symlinking: /home/mk/dev_ws/install/xarm_msgs/include/xarm_msgs/xarm_msgs/srv/detail/set_int16_list__rosidl_typesupport_fastrtps_c.h
[23.493s] -- Symlinking: /home/mk/dev_ws/install/xarm_msgs/include/xarm_msgs/xarm_msgs/srv/detail/set_int32__rosidl_typesupport_fastrtps_c.h
[23.499s] -- Symlinking: /home/mk/dev_ws/install/xarm_msgs/include/xarm_msgs/xarm_msgs/srv/detail/set_int32_by_type__rosidl_typesupport_fastrtps_c.h
[23.506s] -- Symlinking: /home/mk/dev_ws/install/xarm_msgs/include/xarm_msgs/xarm_msgs/srv/detail/set_modbus_timeout__rosidl_typesupport_fastrtps_c.h
[23.511s] -- Symlinking: /home/mk/dev_ws/install/xarm_msgs/include/xarm_msgs/xarm_msgs/srv/detail/set_tcp_load__rosidl_typesupport_fastrtps_c.h
[23.517s] -- Symlinking: /home/mk/dev_ws/install/xarm_msgs/include/xarm_msgs/xarm_msgs/srv/detail/traj_ctrl__rosidl_typesupport_fastrtps_c.h
[23.526s] -- Symlinking: /home/mk/dev_ws/install/xarm_msgs/include/xarm_msgs/xarm_msgs/srv/detail/traj_play__rosidl_typesupport_fastrtps_c.h
[23.532s] -- Symlinking: /home/mk/dev_ws/install/xarm_msgs/include/xarm_msgs/xarm_msgs/srv/detail/vacuum_gripper_ctrl__rosidl_typesupport_fastrtps_c.h
[23.542s] -- Symlinking: /home/mk/dev_ws/install/xarm_msgs/include/xarm_msgs/xarm_msgs/msg/cio_state.hpp
[23.549s] -- Symlinking: /home/mk/dev_ws/install/xarm_msgs/include/xarm_msgs/xarm_msgs/msg/detail/cio_state__builder.hpp
[23.554s] -- Symlinking: /home/mk/dev_ws/install/xarm_msgs/include/xarm_msgs/xarm_msgs/msg/detail/cio_state__struct.hpp
[23.562s] -- Symlinking: /home/mk/dev_ws/install/xarm_msgs/include/xarm_msgs/xarm_msgs/msg/detail/cio_state__traits.hpp
[23.571s] -- Symlinking: /home/mk/dev_ws/install/xarm_msgs/include/xarm_msgs/xarm_msgs/msg/detail/cio_state__type_support.hpp
[23.579s] -- Symlinking: /home/mk/dev_ws/install/xarm_msgs/include/xarm_msgs/xarm_msgs/msg/detail/io_state__builder.hpp
[23.587s] -- Symlinking: /home/mk/dev_ws/install/xarm_msgs/include/xarm_msgs/xarm_msgs/msg/detail/io_state__struct.hpp
[23.594s] -- Symlinking: /home/mk/dev_ws/install/xarm_msgs/include/xarm_msgs/xarm_msgs/msg/detail/io_state__traits.hpp
[23.602s] -- Symlinking: /home/mk/dev_ws/install/xarm_msgs/include/xarm_msgs/xarm_msgs/msg/detail/io_state__type_support.hpp
[23.608s] -- Symlinking: /home/mk/dev_ws/install/xarm_msgs/include/xarm_msgs/xarm_msgs/msg/detail/robot_msg__builder.hpp
[23.614s] -- Symlinking: /home/mk/dev_ws/install/xarm_msgs/include/xarm_msgs/xarm_msgs/msg/detail/robot_msg__struct.hpp
[23.620s] -- Symlinking: /home/mk/dev_ws/install/xarm_msgs/include/xarm_msgs/xarm_msgs/msg/detail/robot_msg__traits.hpp
[23.625s] -- Symlinking: /home/mk/dev_ws/install/xarm_msgs/include/xarm_msgs/xarm_msgs/msg/detail/robot_msg__type_support.hpp
[23.631s] -- Symlinking: /home/mk/dev_ws/install/xarm_msgs/include/xarm_msgs/xarm_msgs/msg/io_state.hpp
[23.637s] -- Symlinking: /home/mk/dev_ws/install/xarm_msgs/include/xarm_msgs/xarm_msgs/msg/robot_msg.hpp
[23.642s] -- Symlinking: /home/mk/dev_ws/install/xarm_msgs/include/xarm_msgs/xarm_msgs/msg/rosidl_generator_cpp__visibility_control.hpp
[23.648s] -- Symlinking: /home/mk/dev_ws/install/xarm_msgs/include/xarm_msgs/xarm_msgs/srv/bio_gripper_ctrl.hpp
[23.654s] -- Symlinking: /home/mk/dev_ws/install/xarm_msgs/include/xarm_msgs/xarm_msgs/srv/bio_gripper_enable.hpp
[23.660s] -- Symlinking: /home/mk/dev_ws/install/xarm_msgs/include/xarm_msgs/xarm_msgs/srv/call.hpp
[23.665s] -- Symlinking: /home/mk/dev_ws/install/xarm_msgs/include/xarm_msgs/xarm_msgs/srv/detail/bio_gripper_ctrl__builder.hpp
[23.671s] -- Symlinking: /home/mk/dev_ws/install/xarm_msgs/include/xarm_msgs/xarm_msgs/srv/detail/bio_gripper_ctrl__struct.hpp
[23.677s] -- Symlinking: /home/mk/dev_ws/install/xarm_msgs/include/xarm_msgs/xarm_msgs/srv/detail/bio_gripper_ctrl__traits.hpp
[23.683s] -- Symlinking: /home/mk/dev_ws/install/xarm_msgs/include/xarm_msgs/xarm_msgs/srv/detail/bio_gripper_ctrl__type_support.hpp
[23.689s] -- Symlinking: /home/mk/dev_ws/install/xarm_msgs/include/xarm_msgs/xarm_msgs/srv/detail/bio_gripper_enable__builder.hpp
[23.695s] -- Symlinking: /home/mk/dev_ws/install/xarm_msgs/include/xarm_msgs/xarm_msgs/srv/detail/bio_gripper_enable__struct.hpp
[23.700s] -- Symlinking: /home/mk/dev_ws/install/xarm_msgs/include/xarm_msgs/xarm_msgs/srv/detail/bio_gripper_enable__traits.hpp
[23.707s] -- Symlinking: /home/mk/dev_ws/install/xarm_msgs/include/xarm_msgs/xarm_msgs/srv/detail/bio_gripper_enable__type_support.hpp
[23.715s] -- Symlinking: /home/mk/dev_ws/install/xarm_msgs/include/xarm_msgs/xarm_msgs/srv/detail/call__builder.hpp
[23.721s] -- Symlinking: /home/mk/dev_ws/install/xarm_msgs/include/xarm_msgs/xarm_msgs/srv/detail/call__struct.hpp
[23.727s] -- Symlinking: /home/mk/dev_ws/install/xarm_msgs/include/xarm_msgs/xarm_msgs/srv/detail/call__traits.hpp
[23.736s] -- Symlinking: /home/mk/dev_ws/install/xarm_msgs/include/xarm_msgs/xarm_msgs/srv/detail/call__type_support.hpp
[23.744s] -- Symlinking: /home/mk/dev_ws/install/xarm_msgs/include/xarm_msgs/xarm_msgs/srv/detail/ft_cali_load__builder.hpp
[23.750s] -- Symlinking: /home/mk/dev_ws/install/xarm_msgs/include/xarm_msgs/xarm_msgs/srv/detail/ft_cali_load__struct.hpp
[23.756s] -- Symlinking: /home/mk/dev_ws/install/xarm_msgs/include/xarm_msgs/xarm_msgs/srv/detail/ft_cali_load__traits.hpp
[23.761s] -- Symlinking: /home/mk/dev_ws/install/xarm_msgs/include/xarm_msgs/xarm_msgs/srv/detail/ft_cali_load__type_support.hpp
[23.767s] -- Symlinking: /home/mk/dev_ws/install/xarm_msgs/include/xarm_msgs/xarm_msgs/srv/detail/ft_force_config__builder.hpp
[23.773s] -- Symlinking: /home/mk/dev_ws/install/xarm_msgs/include/xarm_msgs/xarm_msgs/srv/detail/ft_force_config__struct.hpp
[23.779s] -- Symlinking: /home/mk/dev_ws/install/xarm_msgs/include/xarm_msgs/xarm_msgs/srv/detail/ft_force_config__traits.hpp
[23.784s] -- Symlinking: /home/mk/dev_ws/install/xarm_msgs/include/xarm_msgs/xarm_msgs/srv/detail/ft_force_config__type_support.hpp
[23.790s] -- Symlinking: /home/mk/dev_ws/install/xarm_msgs/include/xarm_msgs/xarm_msgs/srv/detail/ft_force_pid__builder.hpp
[23.796s] -- Symlinking: /home/mk/dev_ws/install/xarm_msgs/include/xarm_msgs/xarm_msgs/srv/detail/ft_force_pid__struct.hpp
[23.800s] -- Symlinking: /home/mk/dev_ws/install/xarm_msgs/include/xarm_msgs/xarm_msgs/srv/detail/ft_force_pid__traits.hpp
[23.806s] -- Symlinking: /home/mk/dev_ws/install/xarm_msgs/include/xarm_msgs/xarm_msgs/srv/detail/ft_force_pid__type_support.hpp
[23.811s] -- Symlinking: /home/mk/dev_ws/install/xarm_msgs/include/xarm_msgs/xarm_msgs/srv/detail/ft_impedance__builder.hpp
[23.819s] -- Symlinking: /home/mk/dev_ws/install/xarm_msgs/include/xarm_msgs/xarm_msgs/srv/detail/ft_impedance__struct.hpp
[23.827s] -- Symlinking: /home/mk/dev_ws/install/xarm_msgs/include/xarm_msgs/xarm_msgs/srv/detail/ft_impedance__traits.hpp
[23.834s] -- Symlinking: /home/mk/dev_ws/install/xarm_msgs/include/xarm_msgs/xarm_msgs/srv/detail/ft_impedance__type_support.hpp
[23.842s] -- Symlinking: /home/mk/dev_ws/install/xarm_msgs/include/xarm_msgs/xarm_msgs/srv/detail/get_analog_io__builder.hpp
[23.850s] -- Symlinking: /home/mk/dev_ws/install/xarm_msgs/include/xarm_msgs/xarm_msgs/srv/detail/get_analog_io__struct.hpp
[23.858s] -- Symlinking: /home/mk/dev_ws/install/xarm_msgs/include/xarm_msgs/xarm_msgs/srv/detail/get_analog_io__traits.hpp
[23.863s] -- Symlinking: /home/mk/dev_ws/install/xarm_msgs/include/xarm_msgs/xarm_msgs/srv/detail/get_analog_io__type_support.hpp
[23.868s] -- Symlinking: /home/mk/dev_ws/install/xarm_msgs/include/xarm_msgs/xarm_msgs/srv/detail/get_digital_io__builder.hpp
[23.873s] -- Symlinking: /home/mk/dev_ws/install/xarm_msgs/include/xarm_msgs/xarm_msgs/srv/detail/get_digital_io__struct.hpp
[23.881s] -- Symlinking: /home/mk/dev_ws/install/xarm_msgs/include/xarm_msgs/xarm_msgs/srv/detail/get_digital_io__traits.hpp
[23.887s] -- Symlinking: /home/mk/dev_ws/install/xarm_msgs/include/xarm_msgs/xarm_msgs/srv/detail/get_digital_io__type_support.hpp
[23.891s] -- Symlinking: /home/mk/dev_ws/install/xarm_msgs/include/xarm_msgs/xarm_msgs/srv/detail/get_float32__builder.hpp
[23.896s] -- Symlinking: /home/mk/dev_ws/install/xarm_msgs/include/xarm_msgs/xarm_msgs/srv/detail/get_float32__struct.hpp
[23.901s] -- Symlinking: /home/mk/dev_ws/install/xarm_msgs/include/xarm_msgs/xarm_msgs/srv/detail/get_float32__traits.hpp
[23.906s] -- Symlinking: /home/mk/dev_ws/install/xarm_msgs/include/xarm_msgs/xarm_msgs/srv/detail/get_float32__type_support.hpp
[23.914s] -- Symlinking: /home/mk/dev_ws/install/xarm_msgs/include/xarm_msgs/xarm_msgs/srv/detail/get_float32_list__builder.hpp
[23.921s] -- Symlinking: /home/mk/dev_ws/install/xarm_msgs/include/xarm_msgs/xarm_msgs/srv/detail/get_float32_list__struct.hpp
[23.927s] -- Symlinking: /home/mk/dev_ws/install/xarm_msgs/include/xarm_msgs/xarm_msgs/srv/detail/get_float32_list__traits.hpp
[23.932s] -- Symlinking: /home/mk/dev_ws/install/xarm_msgs/include/xarm_msgs/xarm_msgs/srv/detail/get_float32_list__type_support.hpp
[23.940s] -- Symlinking: /home/mk/dev_ws/install/xarm_msgs/include/xarm_msgs/xarm_msgs/srv/detail/get_int16__builder.hpp
[23.947s] -- Symlinking: /home/mk/dev_ws/install/xarm_msgs/include/xarm_msgs/xarm_msgs/srv/detail/get_int16__struct.hpp
[23.955s] -- Symlinking: /home/mk/dev_ws/install/xarm_msgs/include/xarm_msgs/xarm_msgs/srv/detail/get_int16__traits.hpp
[23.962s] -- Symlinking: /home/mk/dev_ws/install/xarm_msgs/include/xarm_msgs/xarm_msgs/srv/detail/get_int16__type_support.hpp
[23.969s] -- Symlinking: /home/mk/dev_ws/install/xarm_msgs/include/xarm_msgs/xarm_msgs/srv/detail/get_int16_list__builder.hpp
[23.977s] -- Symlinking: /home/mk/dev_ws/install/xarm_msgs/include/xarm_msgs/xarm_msgs/srv/detail/get_int16_list__struct.hpp
[23.985s] -- Symlinking: /home/mk/dev_ws/install/xarm_msgs/include/xarm_msgs/xarm_msgs/srv/detail/get_int16_list__traits.hpp
[23.993s] -- Symlinking: /home/mk/dev_ws/install/xarm_msgs/include/xarm_msgs/xarm_msgs/srv/detail/get_int16_list__type_support.hpp
[24.001s] -- Symlinking: /home/mk/dev_ws/install/xarm_msgs/include/xarm_msgs/xarm_msgs/srv/detail/get_int32__builder.hpp
[24.009s] -- Symlinking: /home/mk/dev_ws/install/xarm_msgs/include/xarm_msgs/xarm_msgs/srv/detail/get_int32__struct.hpp
[24.018s] -- Symlinking: /home/mk/dev_ws/install/xarm_msgs/include/xarm_msgs/xarm_msgs/srv/detail/get_int32__traits.hpp
[24.024s] -- Symlinking: /home/mk/dev_ws/install/xarm_msgs/include/xarm_msgs/xarm_msgs/srv/detail/get_int32__type_support.hpp
[24.031s] -- Symlinking: /home/mk/dev_ws/install/xarm_msgs/include/xarm_msgs/xarm_msgs/srv/detail/get_int32_by_type__builder.hpp
[24.038s] -- Symlinking: /home/mk/dev_ws/install/xarm_msgs/include/xarm_msgs/xarm_msgs/srv/detail/get_int32_by_type__struct.hpp
[24.045s] -- Symlinking: /home/mk/dev_ws/install/xarm_msgs/include/xarm_msgs/xarm_msgs/srv/detail/get_int32_by_type__traits.hpp
[24.050s] -- Symlinking: /home/mk/dev_ws/install/xarm_msgs/include/xarm_msgs/xarm_msgs/srv/detail/get_int32_by_type__type_support.hpp
[24.058s] -- Symlinking: /home/mk/dev_ws/install/xarm_msgs/include/xarm_msgs/xarm_msgs/srv/detail/get_set_modbus_data__builder.hpp
[24.065s] -- Symlinking: /home/mk/dev_ws/install/xarm_msgs/include/xarm_msgs/xarm_msgs/srv/detail/get_set_modbus_data__struct.hpp
[24.073s] -- Symlinking: /home/mk/dev_ws/install/xarm_msgs/include/xarm_msgs/xarm_msgs/srv/detail/get_set_modbus_data__traits.hpp
[24.080s] -- Symlinking: /home/mk/dev_ws/install/xarm_msgs/include/xarm_msgs/xarm_msgs/srv/detail/get_set_modbus_data__type_support.hpp
[24.087s] -- Symlinking: /home/mk/dev_ws/install/xarm_msgs/include/xarm_msgs/xarm_msgs/srv/detail/gripper_move__builder.hpp
[24.095s] -- Symlinking: /home/mk/dev_ws/install/xarm_msgs/include/xarm_msgs/xarm_msgs/srv/detail/gripper_move__struct.hpp
[24.101s] -- Symlinking: /home/mk/dev_ws/install/xarm_msgs/include/xarm_msgs/xarm_msgs/srv/detail/gripper_move__traits.hpp
[24.107s] -- Symlinking: /home/mk/dev_ws/install/xarm_msgs/include/xarm_msgs/xarm_msgs/srv/detail/gripper_move__type_support.hpp
[24.115s] -- Symlinking: /home/mk/dev_ws/install/xarm_msgs/include/xarm_msgs/xarm_msgs/srv/detail/iden_load__builder.hpp
[24.123s] -- Symlinking: /home/mk/dev_ws/install/xarm_msgs/include/xarm_msgs/xarm_msgs/srv/detail/iden_load__struct.hpp
[24.128s] -- Symlinking: /home/mk/dev_ws/install/xarm_msgs/include/xarm_msgs/xarm_msgs/srv/detail/iden_load__traits.hpp
[24.136s] -- Symlinking: /home/mk/dev_ws/install/xarm_msgs/include/xarm_msgs/xarm_msgs/srv/detail/iden_load__type_support.hpp
[24.143s] -- Symlinking: /home/mk/dev_ws/install/xarm_msgs/include/xarm_msgs/xarm_msgs/srv/detail/linear_track_back_origin__builder.hpp
[24.151s] -- Symlinking: /home/mk/dev_ws/install/xarm_msgs/include/xarm_msgs/xarm_msgs/srv/detail/linear_track_back_origin__struct.hpp
[24.156s] -- Symlinking: /home/mk/dev_ws/install/xarm_msgs/include/xarm_msgs/xarm_msgs/srv/detail/linear_track_back_origin__traits.hpp
[24.163s] -- Symlinking: /home/mk/dev_ws/install/xarm_msgs/include/xarm_msgs/xarm_msgs/srv/detail/linear_track_back_origin__type_support.hpp
[24.171s] -- Symlinking: /home/mk/dev_ws/install/xarm_msgs/include/xarm_msgs/xarm_msgs/srv/detail/linear_track_set_pos__builder.hpp
[24.177s] -- Symlinking: /home/mk/dev_ws/install/xarm_msgs/include/xarm_msgs/xarm_msgs/srv/detail/linear_track_set_pos__struct.hpp
[24.185s] -- Symlinking: /home/mk/dev_ws/install/xarm_msgs/include/xarm_msgs/xarm_msgs/srv/detail/linear_track_set_pos__traits.hpp
[24.191s] -- Symlinking: /home/mk/dev_ws/install/xarm_msgs/include/xarm_msgs/xarm_msgs/srv/detail/linear_track_set_pos__type_support.hpp
[24.196s] -- Symlinking: /home/mk/dev_ws/install/xarm_msgs/include/xarm_msgs/xarm_msgs/srv/detail/move_cartesian__builder.hpp
[24.203s] -- Symlinking: /home/mk/dev_ws/install/xarm_msgs/include/xarm_msgs/xarm_msgs/srv/detail/move_cartesian__struct.hpp
[24.208s] -- Symlinking: /home/mk/dev_ws/install/xarm_msgs/include/xarm_msgs/xarm_msgs/srv/detail/move_cartesian__traits.hpp
[24.213s] -- Symlinking: /home/mk/dev_ws/install/xarm_msgs/include/xarm_msgs/xarm_msgs/srv/detail/move_cartesian__type_support.hpp
[24.220s] -- Symlinking: /home/mk/dev_ws/install/xarm_msgs/include/xarm_msgs/xarm_msgs/srv/detail/move_circle__builder.hpp
[24.226s] -- Symlinking: /home/mk/dev_ws/install/xarm_msgs/include/xarm_msgs/xarm_msgs/srv/detail/move_circle__struct.hpp
[24.231s] -- Symlinking: /home/mk/dev_ws/install/xarm_msgs/include/xarm_msgs/xarm_msgs/srv/detail/move_circle__traits.hpp
[24.238s] -- Symlinking: /home/mk/dev_ws/install/xarm_msgs/include/xarm_msgs/xarm_msgs/srv/detail/move_circle__type_support.hpp
[24.245s] -- Symlinking: /home/mk/dev_ws/install/xarm_msgs/include/xarm_msgs/xarm_msgs/srv/detail/move_home__builder.hpp
[24.252s] -- Symlinking: /home/mk/dev_ws/install/xarm_msgs/include/xarm_msgs/xarm_msgs/srv/detail/move_home__struct.hpp
[24.257s] -- Symlinking: /home/mk/dev_ws/install/xarm_msgs/include/xarm_msgs/xarm_msgs/srv/detail/move_home__traits.hpp
[24.264s] -- Symlinking: /home/mk/dev_ws/install/xarm_msgs/include/xarm_msgs/xarm_msgs/srv/detail/move_home__type_support.hpp
[24.269s] -- Symlinking: /home/mk/dev_ws/install/xarm_msgs/include/xarm_msgs/xarm_msgs/srv/detail/move_joint__builder.hpp
[24.275s] -- Symlinking: /home/mk/dev_ws/install/xarm_msgs/include/xarm_msgs/xarm_msgs/srv/detail/move_joint__struct.hpp
[24.282s] -- Symlinking: /home/mk/dev_ws/install/xarm_msgs/include/xarm_msgs/xarm_msgs/srv/detail/move_joint__traits.hpp
[24.287s] -- Symlinking: /home/mk/dev_ws/install/xarm_msgs/include/xarm_msgs/xarm_msgs/srv/detail/move_joint__type_support.hpp
[24.293s] -- Symlinking: /home/mk/dev_ws/install/xarm_msgs/include/xarm_msgs/xarm_msgs/srv/detail/move_velocity__builder.hpp
[24.299s] -- Symlinking: /home/mk/dev_ws/install/xarm_msgs/include/xarm_msgs/xarm_msgs/srv/detail/move_velocity__struct.hpp
[24.305s] -- Symlinking: /home/mk/dev_ws/install/xarm_msgs/include/xarm_msgs/xarm_msgs/srv/detail/move_velocity__traits.hpp
[24.310s] -- Symlinking: /home/mk/dev_ws/install/xarm_msgs/include/xarm_msgs/xarm_msgs/srv/detail/move_velocity__type_support.hpp
[24.315s] -- Symlinking: /home/mk/dev_ws/install/xarm_msgs/include/xarm_msgs/xarm_msgs/srv/detail/plan_exec__builder.hpp
[24.319s] -- Symlinking: /home/mk/dev_ws/install/xarm_msgs/include/xarm_msgs/xarm_msgs/srv/detail/plan_exec__struct.hpp
[24.326s] -- Symlinking: /home/mk/dev_ws/install/xarm_msgs/include/xarm_msgs/xarm_msgs/srv/detail/plan_exec__traits.hpp
[24.332s] -- Symlinking: /home/mk/dev_ws/install/xarm_msgs/include/xarm_msgs/xarm_msgs/srv/detail/plan_exec__type_support.hpp
[24.338s] -- Symlinking: /home/mk/dev_ws/install/xarm_msgs/include/xarm_msgs/xarm_msgs/srv/detail/plan_joint__builder.hpp
[24.345s] -- Symlinking: /home/mk/dev_ws/install/xarm_msgs/include/xarm_msgs/xarm_msgs/srv/detail/plan_joint__struct.hpp
[24.351s] -- Symlinking: /home/mk/dev_ws/install/xarm_msgs/include/xarm_msgs/xarm_msgs/srv/detail/plan_joint__traits.hpp
[24.357s] -- Symlinking: /home/mk/dev_ws/install/xarm_msgs/include/xarm_msgs/xarm_msgs/srv/detail/plan_joint__type_support.hpp
[24.364s] -- Symlinking: /home/mk/dev_ws/install/xarm_msgs/include/xarm_msgs/xarm_msgs/srv/detail/plan_pose__builder.hpp
[24.369s] -- Symlinking: /home/mk/dev_ws/install/xarm_msgs/include/xarm_msgs/xarm_msgs/srv/detail/plan_pose__struct.hpp
[24.374s] -- Symlinking: /home/mk/dev_ws/install/xarm_msgs/include/xarm_msgs/xarm_msgs/srv/detail/plan_pose__traits.hpp
[24.379s] -- Symlinking: /home/mk/dev_ws/install/xarm_msgs/include/xarm_msgs/xarm_msgs/srv/detail/plan_pose__type_support.hpp
[24.386s] -- Symlinking: /home/mk/dev_ws/install/xarm_msgs/include/xarm_msgs/xarm_msgs/srv/detail/plan_single_straight__builder.hpp
[24.392s] -- Symlinking: /home/mk/dev_ws/install/xarm_msgs/include/xarm_msgs/xarm_msgs/srv/detail/plan_single_straight__struct.hpp
[24.397s] -- Symlinking: /home/mk/dev_ws/install/xarm_msgs/include/xarm_msgs/xarm_msgs/srv/detail/plan_single_straight__traits.hpp
[24.401s] -- Symlinking: /home/mk/dev_ws/install/xarm_msgs/include/xarm_msgs/xarm_msgs/srv/detail/plan_single_straight__type_support.hpp
[24.407s] -- Symlinking: /home/mk/dev_ws/install/xarm_msgs/include/xarm_msgs/xarm_msgs/srv/detail/robotiq_activate__builder.hpp
[24.413s] -- Symlinking: /home/mk/dev_ws/install/xarm_msgs/include/xarm_msgs/xarm_msgs/srv/detail/robotiq_activate__struct.hpp
[24.418s] -- Symlinking: /home/mk/dev_ws/install/xarm_msgs/include/xarm_msgs/xarm_msgs/srv/detail/robotiq_activate__traits.hpp
[24.422s] -- Symlinking: /home/mk/dev_ws/install/xarm_msgs/include/xarm_msgs/xarm_msgs/srv/detail/robotiq_activate__type_support.hpp
[24.428s] -- Symlinking: /home/mk/dev_ws/install/xarm_msgs/include/xarm_msgs/xarm_msgs/srv/detail/robotiq_get_status__builder.hpp
[24.433s] -- Symlinking: /home/mk/dev_ws/install/xarm_msgs/include/xarm_msgs/xarm_msgs/srv/detail/robotiq_get_status__struct.hpp
[24.439s] -- Symlinking: /home/mk/dev_ws/install/xarm_msgs/include/xarm_msgs/xarm_msgs/srv/detail/robotiq_get_status__traits.hpp
[24.446s] -- Symlinking: /home/mk/dev_ws/install/xarm_msgs/include/xarm_msgs/xarm_msgs/srv/detail/robotiq_get_status__type_support.hpp
[24.451s] -- Symlinking: /home/mk/dev_ws/install/xarm_msgs/include/xarm_msgs/xarm_msgs/srv/detail/robotiq_move__builder.hpp
[24.456s] -- Symlinking: /home/mk/dev_ws/install/xarm_msgs/include/xarm_msgs/xarm_msgs/srv/detail/robotiq_move__struct.hpp
[24.461s] -- Symlinking: /home/mk/dev_ws/install/xarm_msgs/include/xarm_msgs/xarm_msgs/srv/detail/robotiq_move__traits.hpp
[24.468s] -- Symlinking: /home/mk/dev_ws/install/xarm_msgs/include/xarm_msgs/xarm_msgs/srv/detail/robotiq_move__type_support.hpp
[24.473s] -- Symlinking: /home/mk/dev_ws/install/xarm_msgs/include/xarm_msgs/xarm_msgs/srv/detail/robotiq_reset__builder.hpp
[24.479s] -- Symlinking: /home/mk/dev_ws/install/xarm_msgs/include/xarm_msgs/xarm_msgs/srv/detail/robotiq_reset__struct.hpp
[24.484s] -- Symlinking: /home/mk/dev_ws/install/xarm_msgs/include/xarm_msgs/xarm_msgs/srv/detail/robotiq_reset__traits.hpp
[24.490s] -- Symlinking: /home/mk/dev_ws/install/xarm_msgs/include/xarm_msgs/xarm_msgs/srv/detail/robotiq_reset__type_support.hpp
[24.496s] -- Symlinking: /home/mk/dev_ws/install/xarm_msgs/include/xarm_msgs/xarm_msgs/srv/detail/set_analog_io__builder.hpp
[24.502s] -- Symlinking: /home/mk/dev_ws/install/xarm_msgs/include/xarm_msgs/xarm_msgs/srv/detail/set_analog_io__struct.hpp
[24.508s] -- Symlinking: /home/mk/dev_ws/install/xarm_msgs/include/xarm_msgs/xarm_msgs/srv/detail/set_analog_io__traits.hpp
[24.514s] -- Symlinking: /home/mk/dev_ws/install/xarm_msgs/include/xarm_msgs/xarm_msgs/srv/detail/set_analog_io__type_support.hpp
[24.520s] -- Symlinking: /home/mk/dev_ws/install/xarm_msgs/include/xarm_msgs/xarm_msgs/srv/detail/set_digital_io__builder.hpp
[24.525s] -- Symlinking: /home/mk/dev_ws/install/xarm_msgs/include/xarm_msgs/xarm_msgs/srv/detail/set_digital_io__struct.hpp
[24.531s] -- Symlinking: /home/mk/dev_ws/install/xarm_msgs/include/xarm_msgs/xarm_msgs/srv/detail/set_digital_io__traits.hpp
[24.537s] -- Symlinking: /home/mk/dev_ws/install/xarm_msgs/include/xarm_msgs/xarm_msgs/srv/detail/set_digital_io__type_support.hpp
[24.544s] -- Symlinking: /home/mk/dev_ws/install/xarm_msgs/include/xarm_msgs/xarm_msgs/srv/detail/set_float32__builder.hpp
[24.550s] -- Symlinking: /home/mk/dev_ws/install/xarm_msgs/include/xarm_msgs/xarm_msgs/srv/detail/set_float32__struct.hpp
[24.556s] -- Symlinking: /home/mk/dev_ws/install/xarm_msgs/include/xarm_msgs/xarm_msgs/srv/detail/set_float32__traits.hpp
[24.562s] -- Symlinking: /home/mk/dev_ws/install/xarm_msgs/include/xarm_msgs/xarm_msgs/srv/detail/set_float32__type_support.hpp
[24.568s] -- Symlinking: /home/mk/dev_ws/install/xarm_msgs/include/xarm_msgs/xarm_msgs/srv/detail/set_float32_list__builder.hpp
[24.574s] -- Symlinking: /home/mk/dev_ws/install/xarm_msgs/include/xarm_msgs/xarm_msgs/srv/detail/set_float32_list__struct.hpp
[24.581s] -- Symlinking: /home/mk/dev_ws/install/xarm_msgs/include/xarm_msgs/xarm_msgs/srv/detail/set_float32_list__traits.hpp
[24.586s] -- Symlinking: /home/mk/dev_ws/install/xarm_msgs/include/xarm_msgs/xarm_msgs/srv/detail/set_float32_list__type_support.hpp
[24.591s] -- Symlinking: /home/mk/dev_ws/install/xarm_msgs/include/xarm_msgs/xarm_msgs/srv/detail/set_int16__builder.hpp
[24.597s] -- Symlinking: /home/mk/dev_ws/install/xarm_msgs/include/xarm_msgs/xarm_msgs/srv/detail/set_int16__struct.hpp
[24.602s] -- Symlinking: /home/mk/dev_ws/install/xarm_msgs/include/xarm_msgs/xarm_msgs/srv/detail/set_int16__traits.hpp
[24.606s] -- Symlinking: /home/mk/dev_ws/install/xarm_msgs/include/xarm_msgs/xarm_msgs/srv/detail/set_int16__type_support.hpp
[24.612s] -- Symlinking: /home/mk/dev_ws/install/xarm_msgs/include/xarm_msgs/xarm_msgs/srv/detail/set_int16_by_id__builder.hpp
[24.617s] -- Symlinking: /home/mk/dev_ws/install/xarm_msgs/include/xarm_msgs/xarm_msgs/srv/detail/set_int16_by_id__struct.hpp
[24.622s] -- Symlinking: /home/mk/dev_ws/install/xarm_msgs/include/xarm_msgs/xarm_msgs/srv/detail/set_int16_by_id__traits.hpp
[24.628s] -- Symlinking: /home/mk/dev_ws/install/xarm_msgs/include/xarm_msgs/xarm_msgs/srv/detail/set_int16_by_id__type_support.hpp
[24.633s] -- Symlinking: /home/mk/dev_ws/install/xarm_msgs/include/xarm_msgs/xarm_msgs/srv/detail/set_int16_list__builder.hpp
[24.639s] -- Symlinking: /home/mk/dev_ws/install/xarm_msgs/include/xarm_msgs/xarm_msgs/srv/detail/set_int16_list__struct.hpp
[24.644s] -- Symlinking: /home/mk/dev_ws/install/xarm_msgs/include/xarm_msgs/xarm_msgs/srv/detail/set_int16_list__traits.hpp
[24.649s] -- Symlinking: /home/mk/dev_ws/install/xarm_msgs/include/xarm_msgs/xarm_msgs/srv/detail/set_int16_list__type_support.hpp
[24.653s] -- Symlinking: /home/mk/dev_ws/install/xarm_msgs/include/xarm_msgs/xarm_msgs/srv/detail/set_int32__builder.hpp
[24.659s] -- Symlinking: /home/mk/dev_ws/install/xarm_msgs/include/xarm_msgs/xarm_msgs/srv/detail/set_int32__struct.hpp
[24.666s] -- Symlinking: /home/mk/dev_ws/install/xarm_msgs/include/xarm_msgs/xarm_msgs/srv/detail/set_int32__traits.hpp
[24.671s] -- Symlinking: /home/mk/dev_ws/install/xarm_msgs/include/xarm_msgs/xarm_msgs/srv/detail/set_int32__type_support.hpp
[24.678s] -- Symlinking: /home/mk/dev_ws/install/xarm_msgs/include/xarm_msgs/xarm_msgs/srv/detail/set_int32_by_type__builder.hpp
[24.683s] -- Symlinking: /home/mk/dev_ws/install/xarm_msgs/include/xarm_msgs/xarm_msgs/srv/detail/set_int32_by_type__struct.hpp
[24.688s] -- Symlinking: /home/mk/dev_ws/install/xarm_msgs/include/xarm_msgs/xarm_msgs/srv/detail/set_int32_by_type__traits.hpp
[24.694s] -- Symlinking: /home/mk/dev_ws/install/xarm_msgs/include/xarm_msgs/xarm_msgs/srv/detail/set_int32_by_type__type_support.hpp
[24.701s] -- Symlinking: /home/mk/dev_ws/install/xarm_msgs/include/xarm_msgs/xarm_msgs/srv/detail/set_modbus_timeout__builder.hpp
[24.706s] -- Symlinking: /home/mk/dev_ws/install/xarm_msgs/include/xarm_msgs/xarm_msgs/srv/detail/set_modbus_timeout__struct.hpp
[24.713s] -- Symlinking: /home/mk/dev_ws/install/xarm_msgs/include/xarm_msgs/xarm_msgs/srv/detail/set_modbus_timeout__traits.hpp
[24.718s] -- Symlinking: /home/mk/dev_ws/install/xarm_msgs/include/xarm_msgs/xarm_msgs/srv/detail/set_modbus_timeout__type_support.hpp
[24.723s] -- Symlinking: /home/mk/dev_ws/install/xarm_msgs/include/xarm_msgs/xarm_msgs/srv/detail/set_tcp_load__builder.hpp
[24.727s] -- Symlinking: /home/mk/dev_ws/install/xarm_msgs/include/xarm_msgs/xarm_msgs/srv/detail/set_tcp_load__struct.hpp
[24.732s] -- Symlinking: /home/mk/dev_ws/install/xarm_msgs/include/xarm_msgs/xarm_msgs/srv/detail/set_tcp_load__traits.hpp
[24.738s] -- Symlinking: /home/mk/dev_ws/install/xarm_msgs/include/xarm_msgs/xarm_msgs/srv/detail/set_tcp_load__type_support.hpp
[24.743s] -- Symlinking: /home/mk/dev_ws/install/xarm_msgs/include/xarm_msgs/xarm_msgs/srv/detail/traj_ctrl__builder.hpp
[24.747s] -- Symlinking: /home/mk/dev_ws/install/xarm_msgs/include/xarm_msgs/xarm_msgs/srv/detail/traj_ctrl__struct.hpp
[24.754s] -- Symlinking: /home/mk/dev_ws/install/xarm_msgs/include/xarm_msgs/xarm_msgs/srv/detail/traj_ctrl__traits.hpp
[24.759s] -- Symlinking: /home/mk/dev_ws/install/xarm_msgs/include/xarm_msgs/xarm_msgs/srv/detail/traj_ctrl__type_support.hpp
[24.763s] -- Symlinking: /home/mk/dev_ws/install/xarm_msgs/include/xarm_msgs/xarm_msgs/srv/detail/traj_play__builder.hpp
[24.770s] -- Symlinking: /home/mk/dev_ws/install/xarm_msgs/include/xarm_msgs/xarm_msgs/srv/detail/traj_play__struct.hpp
[24.774s] -- Symlinking: /home/mk/dev_ws/install/xarm_msgs/include/xarm_msgs/xarm_msgs/srv/detail/traj_play__traits.hpp
[24.779s] -- Symlinking: /home/mk/dev_ws/install/xarm_msgs/include/xarm_msgs/xarm_msgs/srv/detail/traj_play__type_support.hpp
[24.784s] -- Symlinking: /home/mk/dev_ws/install/xarm_msgs/include/xarm_msgs/xarm_msgs/srv/detail/vacuum_gripper_ctrl__builder.hpp
[24.790s] -- Symlinking: /home/mk/dev_ws/install/xarm_msgs/include/xarm_msgs/xarm_msgs/srv/detail/vacuum_gripper_ctrl__struct.hpp
[24.797s] -- Symlinking: /home/mk/dev_ws/install/xarm_msgs/include/xarm_msgs/xarm_msgs/srv/detail/vacuum_gripper_ctrl__traits.hpp
[24.801s] -- Symlinking: /home/mk/dev_ws/install/xarm_msgs/include/xarm_msgs/xarm_msgs/srv/detail/vacuum_gripper_ctrl__type_support.hpp
[24.807s] -- Symlinking: /home/mk/dev_ws/install/xarm_msgs/include/xarm_msgs/xarm_msgs/srv/ft_cali_load.hpp
[24.812s] -- Symlinking: /home/mk/dev_ws/install/xarm_msgs/include/xarm_msgs/xarm_msgs/srv/ft_force_config.hpp
[24.817s] -- Symlinking: /home/mk/dev_ws/install/xarm_msgs/include/xarm_msgs/xarm_msgs/srv/ft_force_pid.hpp
[24.822s] -- Symlinking: /home/mk/dev_ws/install/xarm_msgs/include/xarm_msgs/xarm_msgs/srv/ft_impedance.hpp
[24.829s] -- Symlinking: /home/mk/dev_ws/install/xarm_msgs/include/xarm_msgs/xarm_msgs/srv/get_analog_io.hpp
[24.834s] -- Symlinking: /home/mk/dev_ws/install/xarm_msgs/include/xarm_msgs/xarm_msgs/srv/get_digital_io.hpp
[24.839s] -- Symlinking: /home/mk/dev_ws/install/xarm_msgs/include/xarm_msgs/xarm_msgs/srv/get_float32.hpp
[24.843s] -- Symlinking: /home/mk/dev_ws/install/xarm_msgs/include/xarm_msgs/xarm_msgs/srv/get_float32_list.hpp
[24.848s] -- Symlinking: /home/mk/dev_ws/install/xarm_msgs/include/xarm_msgs/xarm_msgs/srv/get_int16.hpp
[24.852s] -- Symlinking: /home/mk/dev_ws/install/xarm_msgs/include/xarm_msgs/xarm_msgs/srv/get_int16_list.hpp
[24.858s] -- Symlinking: /home/mk/dev_ws/install/xarm_msgs/include/xarm_msgs/xarm_msgs/srv/get_int32.hpp
[24.862s] -- Symlinking: /home/mk/dev_ws/install/xarm_msgs/include/xarm_msgs/xarm_msgs/srv/get_int32_by_type.hpp
[24.869s] -- Symlinking: /home/mk/dev_ws/install/xarm_msgs/include/xarm_msgs/xarm_msgs/srv/get_set_modbus_data.hpp
[24.875s] -- Symlinking: /home/mk/dev_ws/install/xarm_msgs/include/xarm_msgs/xarm_msgs/srv/gripper_move.hpp
[24.880s] -- Symlinking: /home/mk/dev_ws/install/xarm_msgs/include/xarm_msgs/xarm_msgs/srv/iden_load.hpp
[24.887s] -- Symlinking: /home/mk/dev_ws/install/xarm_msgs/include/xarm_msgs/xarm_msgs/srv/linear_track_back_origin.hpp
[24.892s] -- Symlinking: /home/mk/dev_ws/install/xarm_msgs/include/xarm_msgs/xarm_msgs/srv/linear_track_set_pos.hpp
[24.897s] -- Symlinking: /home/mk/dev_ws/install/xarm_msgs/include/xarm_msgs/xarm_msgs/srv/move_cartesian.hpp
[24.902s] -- Symlinking: /home/mk/dev_ws/install/xarm_msgs/include/xarm_msgs/xarm_msgs/srv/move_circle.hpp
[24.908s] -- Symlinking: /home/mk/dev_ws/install/xarm_msgs/include/xarm_msgs/xarm_msgs/srv/move_home.hpp
[24.913s] -- Symlinking: /home/mk/dev_ws/install/xarm_msgs/include/xarm_msgs/xarm_msgs/srv/move_joint.hpp
[24.918s] -- Symlinking: /home/mk/dev_ws/install/xarm_msgs/include/xarm_msgs/xarm_msgs/srv/move_velocity.hpp
[24.922s] -- Symlinking: /home/mk/dev_ws/install/xarm_msgs/include/xarm_msgs/xarm_msgs/srv/plan_exec.hpp
[24.929s] -- Symlinking: /home/mk/dev_ws/install/xarm_msgs/include/xarm_msgs/xarm_msgs/srv/plan_joint.hpp
[24.933s] -- Symlinking: /home/mk/dev_ws/install/xarm_msgs/include/xarm_msgs/xarm_msgs/srv/plan_pose.hpp
[24.939s] -- Symlinking: /home/mk/dev_ws/install/xarm_msgs/include/xarm_msgs/xarm_msgs/srv/plan_single_straight.hpp
[24.944s] -- Symlinking: /home/mk/dev_ws/install/xarm_msgs/include/xarm_msgs/xarm_msgs/srv/robotiq_activate.hpp
[24.950s] -- Symlinking: /home/mk/dev_ws/install/xarm_msgs/include/xarm_msgs/xarm_msgs/srv/robotiq_get_status.hpp
[24.957s] -- Symlinking: /home/mk/dev_ws/install/xarm_msgs/include/xarm_msgs/xarm_msgs/srv/robotiq_move.hpp
[24.962s] -- Symlinking: /home/mk/dev_ws/install/xarm_msgs/include/xarm_msgs/xarm_msgs/srv/robotiq_reset.hpp
[24.968s] -- Symlinking: /home/mk/dev_ws/install/xarm_msgs/include/xarm_msgs/xarm_msgs/srv/set_analog_io.hpp
[24.973s] -- Symlinking: /home/mk/dev_ws/install/xarm_msgs/include/xarm_msgs/xarm_msgs/srv/set_digital_io.hpp
[24.977s] -- Symlinking: /home/mk/dev_ws/install/xarm_msgs/include/xarm_msgs/xarm_msgs/srv/set_float32.hpp
[24.982s] -- Symlinking: /home/mk/dev_ws/install/xarm_msgs/include/xarm_msgs/xarm_msgs/srv/set_float32_list.hpp
[24.987s] -- Symlinking: /home/mk/dev_ws/install/xarm_msgs/include/xarm_msgs/xarm_msgs/srv/set_int16.hpp
[24.993s] -- Symlinking: /home/mk/dev_ws/install/xarm_msgs/include/xarm_msgs/xarm_msgs/srv/set_int16_by_id.hpp
[24.998s] -- Symlinking: /home/mk/dev_ws/install/xarm_msgs/include/xarm_msgs/xarm_msgs/srv/set_int16_list.hpp
[25.002s] -- Symlinking: /home/mk/dev_ws/install/xarm_msgs/include/xarm_msgs/xarm_msgs/srv/set_int32.hpp
[25.007s] -- Symlinking: /home/mk/dev_ws/install/xarm_msgs/include/xarm_msgs/xarm_msgs/srv/set_int32_by_type.hpp
[25.012s] -- Symlinking: /home/mk/dev_ws/install/xarm_msgs/include/xarm_msgs/xarm_msgs/srv/set_modbus_timeout.hpp
[25.018s] -- Symlinking: /home/mk/dev_ws/install/xarm_msgs/include/xarm_msgs/xarm_msgs/srv/set_tcp_load.hpp
[25.022s] -- Symlinking: /home/mk/dev_ws/install/xarm_msgs/include/xarm_msgs/xarm_msgs/srv/traj_ctrl.hpp
[25.027s] -- Symlinking: /home/mk/dev_ws/install/xarm_msgs/include/xarm_msgs/xarm_msgs/srv/traj_play.hpp
[25.032s] -- Symlinking: /home/mk/dev_ws/install/xarm_msgs/include/xarm_msgs/xarm_msgs/srv/vacuum_gripper_ctrl.hpp
[25.038s] -- Symlinking: /home/mk/dev_ws/install/xarm_msgs/include/xarm_msgs/xarm_msgs/msg/detail/cio_state__rosidl_typesupport_fastrtps_cpp.hpp
[25.044s] -- Symlinking: /home/mk/dev_ws/install/xarm_msgs/include/xarm_msgs/xarm_msgs/msg/detail/io_state__rosidl_typesupport_fastrtps_cpp.hpp
[25.050s] -- Symlinking: /home/mk/dev_ws/install/xarm_msgs/include/xarm_msgs/xarm_msgs/msg/detail/robot_msg__rosidl_typesupport_fastrtps_cpp.hpp
[25.056s] -- Symlinking: /home/mk/dev_ws/install/xarm_msgs/include/xarm_msgs/xarm_msgs/msg/rosidl_typesupport_fastrtps_cpp__visibility_control.h
[25.061s] -- Symlinking: /home/mk/dev_ws/install/xarm_msgs/include/xarm_msgs/xarm_msgs/srv/detail/bio_gripper_ctrl__rosidl_typesupport_fastrtps_cpp.hpp
[25.066s] -- Symlinking: /home/mk/dev_ws/install/xarm_msgs/include/xarm_msgs/xarm_msgs/srv/detail/bio_gripper_enable__rosidl_typesupport_fastrtps_cpp.hpp
[25.072s] -- Symlinking: /home/mk/dev_ws/install/xarm_msgs/include/xarm_msgs/xarm_msgs/srv/detail/call__rosidl_typesupport_fastrtps_cpp.hpp
[25.078s] -- Symlinking: /home/mk/dev_ws/install/xarm_msgs/include/xarm_msgs/xarm_msgs/srv/detail/ft_cali_load__rosidl_typesupport_fastrtps_cpp.hpp
[25.082s] -- Symlinking: /home/mk/dev_ws/install/xarm_msgs/include/xarm_msgs/xarm_msgs/srv/detail/ft_force_config__rosidl_typesupport_fastrtps_cpp.hpp
[25.088s] -- Symlinking: /home/mk/dev_ws/install/xarm_msgs/include/xarm_msgs/xarm_msgs/srv/detail/ft_force_pid__rosidl_typesupport_fastrtps_cpp.hpp
[25.093s] -- Symlinking: /home/mk/dev_ws/install/xarm_msgs/include/xarm_msgs/xarm_msgs/srv/detail/ft_impedance__rosidl_typesupport_fastrtps_cpp.hpp
[25.098s] -- Symlinking: /home/mk/dev_ws/install/xarm_msgs/include/xarm_msgs/xarm_msgs/srv/detail/get_analog_io__rosidl_typesupport_fastrtps_cpp.hpp
[25.103s] -- Symlinking: /home/mk/dev_ws/install/xarm_msgs/include/xarm_msgs/xarm_msgs/srv/detail/get_digital_io__rosidl_typesupport_fastrtps_cpp.hpp
[25.108s] -- Symlinking: /home/mk/dev_ws/install/xarm_msgs/include/xarm_msgs/xarm_msgs/srv/detail/get_float32__rosidl_typesupport_fastrtps_cpp.hpp
[25.114s] -- Symlinking: /home/mk/dev_ws/install/xarm_msgs/include/xarm_msgs/xarm_msgs/srv/detail/get_float32_list__rosidl_typesupport_fastrtps_cpp.hpp
[25.120s] -- Symlinking: /home/mk/dev_ws/install/xarm_msgs/include/xarm_msgs/xarm_msgs/srv/detail/get_int16__rosidl_typesupport_fastrtps_cpp.hpp
[25.125s] -- Symlinking: /home/mk/dev_ws/install/xarm_msgs/include/xarm_msgs/xarm_msgs/srv/detail/get_int16_list__rosidl_typesupport_fastrtps_cpp.hpp
[25.131s] -- Symlinking: /home/mk/dev_ws/install/xarm_msgs/include/xarm_msgs/xarm_msgs/srv/detail/get_int32__rosidl_typesupport_fastrtps_cpp.hpp
[25.137s] -- Symlinking: /home/mk/dev_ws/install/xarm_msgs/include/xarm_msgs/xarm_msgs/srv/detail/get_int32_by_type__rosidl_typesupport_fastrtps_cpp.hpp
[25.143s] -- Symlinking: /home/mk/dev_ws/install/xarm_msgs/include/xarm_msgs/xarm_msgs/srv/detail/get_set_modbus_data__rosidl_typesupport_fastrtps_cpp.hpp
[25.149s] -- Symlinking: /home/mk/dev_ws/install/xarm_msgs/include/xarm_msgs/xarm_msgs/srv/detail/gripper_move__rosidl_typesupport_fastrtps_cpp.hpp
[25.154s] -- Symlinking: /home/mk/dev_ws/install/xarm_msgs/include/xarm_msgs/xarm_msgs/srv/detail/iden_load__rosidl_typesupport_fastrtps_cpp.hpp
[25.159s] -- Symlinking: /home/mk/dev_ws/install/xarm_msgs/include/xarm_msgs/xarm_msgs/srv/detail/linear_track_back_origin__rosidl_typesupport_fastrtps_cpp.hpp
[25.165s] -- Symlinking: /home/mk/dev_ws/install/xarm_msgs/include/xarm_msgs/xarm_msgs/srv/detail/linear_track_set_pos__rosidl_typesupport_fastrtps_cpp.hpp
[25.172s] -- Symlinking: /home/mk/dev_ws/install/xarm_msgs/include/xarm_msgs/xarm_msgs/srv/detail/move_cartesian__rosidl_typesupport_fastrtps_cpp.hpp
[25.176s] -- Symlinking: /home/mk/dev_ws/install/xarm_msgs/include/xarm_msgs/xarm_msgs/srv/detail/move_circle__rosidl_typesupport_fastrtps_cpp.hpp
[25.183s] -- Symlinking: /home/mk/dev_ws/install/xarm_msgs/include/xarm_msgs/xarm_msgs/srv/detail/move_home__rosidl_typesupport_fastrtps_cpp.hpp
[25.190s] -- Symlinking: /home/mk/dev_ws/install/xarm_msgs/include/xarm_msgs/xarm_msgs/srv/detail/move_joint__rosidl_typesupport_fastrtps_cpp.hpp
[25.196s] -- Symlinking: /home/mk/dev_ws/install/xarm_msgs/include/xarm_msgs/xarm_msgs/srv/detail/move_velocity__rosidl_typesupport_fastrtps_cpp.hpp
[25.202s] -- Symlinking: /home/mk/dev_ws/install/xarm_msgs/include/xarm_msgs/xarm_msgs/srv/detail/plan_exec__rosidl_typesupport_fastrtps_cpp.hpp
[25.207s] -- Symlinking: /home/mk/dev_ws/install/xarm_msgs/include/xarm_msgs/xarm_msgs/srv/detail/plan_joint__rosidl_typesupport_fastrtps_cpp.hpp
[25.213s] -- Symlinking: /home/mk/dev_ws/install/xarm_msgs/include/xarm_msgs/xarm_msgs/srv/detail/plan_pose__rosidl_typesupport_fastrtps_cpp.hpp
[25.219s] -- Symlinking: /home/mk/dev_ws/install/xarm_msgs/include/xarm_msgs/xarm_msgs/srv/detail/plan_single_straight__rosidl_typesupport_fastrtps_cpp.hpp
[25.226s] -- Symlinking: /home/mk/dev_ws/install/xarm_msgs/include/xarm_msgs/xarm_msgs/srv/detail/robotiq_activate__rosidl_typesupport_fastrtps_cpp.hpp
[25.232s] -- Symlinking: /home/mk/dev_ws/install/xarm_msgs/include/xarm_msgs/xarm_msgs/srv/detail/robotiq_get_status__rosidl_typesupport_fastrtps_cpp.hpp
[25.236s] -- Symlinking: /home/mk/dev_ws/install/xarm_msgs/include/xarm_msgs/xarm_msgs/srv/detail/robotiq_move__rosidl_typesupport_fastrtps_cpp.hpp
[25.240s] -- Symlinking: /home/mk/dev_ws/install/xarm_msgs/include/xarm_msgs/xarm_msgs/srv/detail/robotiq_reset__rosidl_typesupport_fastrtps_cpp.hpp
[25.246s] -- Symlinking: /home/mk/dev_ws/install/xarm_msgs/include/xarm_msgs/xarm_msgs/srv/detail/set_analog_io__rosidl_typesupport_fastrtps_cpp.hpp
[25.252s] -- Symlinking: /home/mk/dev_ws/install/xarm_msgs/include/xarm_msgs/xarm_msgs/srv/detail/set_digital_io__rosidl_typesupport_fastrtps_cpp.hpp
[25.259s] -- Symlinking: /home/mk/dev_ws/install/xarm_msgs/include/xarm_msgs/xarm_msgs/srv/detail/set_float32__rosidl_typesupport_fastrtps_cpp.hpp
[25.265s] -- Symlinking: /home/mk/dev_ws/install/xarm_msgs/include/xarm_msgs/xarm_msgs/srv/detail/set_float32_list__rosidl_typesupport_fastrtps_cpp.hpp
[25.271s] -- Symlinking: /home/mk/dev_ws/install/xarm_msgs/include/xarm_msgs/xarm_msgs/srv/detail/set_int16__rosidl_typesupport_fastrtps_cpp.hpp
[25.276s] -- Symlinking: /home/mk/dev_ws/install/xarm_msgs/include/xarm_msgs/xarm_msgs/srv/detail/set_int16_by_id__rosidl_typesupport_fastrtps_cpp.hpp
[25.283s] -- Symlinking: /home/mk/dev_ws/install/xarm_msgs/include/xarm_msgs/xarm_msgs/srv/detail/set_int16_list__rosidl_typesupport_fastrtps_cpp.hpp
[25.289s] -- Symlinking: /home/mk/dev_ws/install/xarm_msgs/include/xarm_msgs/xarm_msgs/srv/detail/set_int32__rosidl_typesupport_fastrtps_cpp.hpp
[25.295s] -- Symlinking: /home/mk/dev_ws/install/xarm_msgs/include/xarm_msgs/xarm_msgs/srv/detail/set_int32_by_type__rosidl_typesupport_fastrtps_cpp.hpp
[25.299s] -- Symlinking: /home/mk/dev_ws/install/xarm_msgs/include/xarm_msgs/xarm_msgs/srv/detail/set_modbus_timeout__rosidl_typesupport_fastrtps_cpp.hpp
[25.304s] -- Symlinking: /home/mk/dev_ws/install/xarm_msgs/include/xarm_msgs/xarm_msgs/srv/detail/set_tcp_load__rosidl_typesupport_fastrtps_cpp.hpp
[25.308s] -- Symlinking: /home/mk/dev_ws/install/xarm_msgs/include/xarm_msgs/xarm_msgs/srv/detail/traj_ctrl__rosidl_typesupport_fastrtps_cpp.hpp
[25.314s] -- Symlinking: /home/mk/dev_ws/install/xarm_msgs/include/xarm_msgs/xarm_msgs/srv/detail/traj_play__rosidl_typesupport_fastrtps_cpp.hpp
[25.319s] -- Symlinking: /home/mk/dev_ws/install/xarm_msgs/include/xarm_msgs/xarm_msgs/srv/detail/vacuum_gripper_ctrl__rosidl_typesupport_fastrtps_cpp.hpp
[25.326s] -- Symlinking: /home/mk/dev_ws/install/xarm_msgs/include/xarm_msgs/xarm_msgs/msg/detail/cio_state__rosidl_typesupport_introspection_c.h
[25.332s] -- Symlinking: /home/mk/dev_ws/install/xarm_msgs/include/xarm_msgs/xarm_msgs/msg/detail/io_state__rosidl_typesupport_introspection_c.h
[25.338s] -- Symlinking: /home/mk/dev_ws/install/xarm_msgs/include/xarm_msgs/xarm_msgs/msg/detail/robot_msg__rosidl_typesupport_introspection_c.h
[25.345s] -- Symlinking: /home/mk/dev_ws/install/xarm_msgs/include/xarm_msgs/xarm_msgs/msg/rosidl_typesupport_introspection_c__visibility_control.h
[25.350s] -- Symlinking: /home/mk/dev_ws/install/xarm_msgs/include/xarm_msgs/xarm_msgs/srv/detail/bio_gripper_ctrl__rosidl_typesupport_introspection_c.h
[25.355s] -- Symlinking: /home/mk/dev_ws/install/xarm_msgs/include/xarm_msgs/xarm_msgs/srv/detail/bio_gripper_enable__rosidl_typesupport_introspection_c.h
[25.360s] -- Symlinking: /home/mk/dev_ws/install/xarm_msgs/include/xarm_msgs/xarm_msgs/srv/detail/call__rosidl_typesupport_introspection_c.h
[25.365s] -- Symlinking: /home/mk/dev_ws/install/xarm_msgs/include/xarm_msgs/xarm_msgs/srv/detail/ft_cali_load__rosidl_typesupport_introspection_c.h
[25.372s] -- Symlinking: /home/mk/dev_ws/install/xarm_msgs/include/xarm_msgs/xarm_msgs/srv/detail/ft_force_config__rosidl_typesupport_introspection_c.h
[25.377s] -- Symlinking: /home/mk/dev_ws/install/xarm_msgs/include/xarm_msgs/xarm_msgs/srv/detail/ft_force_pid__rosidl_typesupport_introspection_c.h
[25.383s] -- Symlinking: /home/mk/dev_ws/install/xarm_msgs/include/xarm_msgs/xarm_msgs/srv/detail/ft_impedance__rosidl_typesupport_introspection_c.h
[25.389s] -- Symlinking: /home/mk/dev_ws/install/xarm_msgs/include/xarm_msgs/xarm_msgs/srv/detail/get_analog_io__rosidl_typesupport_introspection_c.h
[25.393s] -- Symlinking: /home/mk/dev_ws/install/xarm_msgs/include/xarm_msgs/xarm_msgs/srv/detail/get_digital_io__rosidl_typesupport_introspection_c.h
[25.398s] -- Symlinking: /home/mk/dev_ws/install/xarm_msgs/include/xarm_msgs/xarm_msgs/srv/detail/get_float32__rosidl_typesupport_introspection_c.h
[25.404s] -- Symlinking: /home/mk/dev_ws/install/xarm_msgs/include/xarm_msgs/xarm_msgs/srv/detail/get_float32_list__rosidl_typesupport_introspection_c.h
[25.410s] -- Symlinking: /home/mk/dev_ws/install/xarm_msgs/include/xarm_msgs/xarm_msgs/srv/detail/get_int16__rosidl_typesupport_introspection_c.h
[25.415s] -- Symlinking: /home/mk/dev_ws/install/xarm_msgs/include/xarm_msgs/xarm_msgs/srv/detail/get_int16_list__rosidl_typesupport_introspection_c.h
[25.419s] -- Symlinking: /home/mk/dev_ws/install/xarm_msgs/include/xarm_msgs/xarm_msgs/srv/detail/get_int32__rosidl_typesupport_introspection_c.h
[25.424s] -- Symlinking: /home/mk/dev_ws/install/xarm_msgs/include/xarm_msgs/xarm_msgs/srv/detail/get_int32_by_type__rosidl_typesupport_introspection_c.h
[25.431s] -- Symlinking: /home/mk/dev_ws/install/xarm_msgs/include/xarm_msgs/xarm_msgs/srv/detail/get_set_modbus_data__rosidl_typesupport_introspection_c.h
[25.436s] -- Symlinking: /home/mk/dev_ws/install/xarm_msgs/include/xarm_msgs/xarm_msgs/srv/detail/gripper_move__rosidl_typesupport_introspection_c.h
[25.443s] -- Symlinking: /home/mk/dev_ws/install/xarm_msgs/include/xarm_msgs/xarm_msgs/srv/detail/iden_load__rosidl_typesupport_introspection_c.h
[25.450s] -- Symlinking: /home/mk/dev_ws/install/xarm_msgs/include/xarm_msgs/xarm_msgs/srv/detail/linear_track_back_origin__rosidl_typesupport_introspection_c.h
[25.456s] -- Symlinking: /home/mk/dev_ws/install/xarm_msgs/include/xarm_msgs/xarm_msgs/srv/detail/linear_track_set_pos__rosidl_typesupport_introspection_c.h
[25.463s] -- Symlinking: /home/mk/dev_ws/install/xarm_msgs/include/xarm_msgs/xarm_msgs/srv/detail/move_cartesian__rosidl_typesupport_introspection_c.h
[25.469s] -- Symlinking: /home/mk/dev_ws/install/xarm_msgs/include/xarm_msgs/xarm_msgs/srv/detail/move_circle__rosidl_typesupport_introspection_c.h
[25.475s] -- Symlinking: /home/mk/dev_ws/install/xarm_msgs/include/xarm_msgs/xarm_msgs/srv/detail/move_home__rosidl_typesupport_introspection_c.h
[25.480s] -- Symlinking: /home/mk/dev_ws/install/xarm_msgs/include/xarm_msgs/xarm_msgs/srv/detail/move_joint__rosidl_typesupport_introspection_c.h
[25.485s] -- Symlinking: /home/mk/dev_ws/install/xarm_msgs/include/xarm_msgs/xarm_msgs/srv/detail/move_velocity__rosidl_typesupport_introspection_c.h
[25.491s] -- Symlinking: /home/mk/dev_ws/install/xarm_msgs/include/xarm_msgs/xarm_msgs/srv/detail/plan_exec__rosidl_typesupport_introspection_c.h
[25.496s] -- Symlinking: /home/mk/dev_ws/install/xarm_msgs/include/xarm_msgs/xarm_msgs/srv/detail/plan_joint__rosidl_typesupport_introspection_c.h
[25.501s] -- Symlinking: /home/mk/dev_ws/install/xarm_msgs/include/xarm_msgs/xarm_msgs/srv/detail/plan_pose__rosidl_typesupport_introspection_c.h
[25.505s] -- Symlinking: /home/mk/dev_ws/install/xarm_msgs/include/xarm_msgs/xarm_msgs/srv/detail/plan_single_straight__rosidl_typesupport_introspection_c.h
[25.511s] -- Symlinking: /home/mk/dev_ws/install/xarm_msgs/include/xarm_msgs/xarm_msgs/srv/detail/robotiq_activate__rosidl_typesupport_introspection_c.h
[25.516s] -- Symlinking: /home/mk/dev_ws/install/xarm_msgs/include/xarm_msgs/xarm_msgs/srv/detail/robotiq_get_status__rosidl_typesupport_introspection_c.h
[25.521s] -- Symlinking: /home/mk/dev_ws/install/xarm_msgs/include/xarm_msgs/xarm_msgs/srv/detail/robotiq_move__rosidl_typesupport_introspection_c.h
[25.525s] -- Symlinking: /home/mk/dev_ws/install/xarm_msgs/include/xarm_msgs/xarm_msgs/srv/detail/robotiq_reset__rosidl_typesupport_introspection_c.h
[25.531s] -- Symlinking: /home/mk/dev_ws/install/xarm_msgs/include/xarm_msgs/xarm_msgs/srv/detail/set_analog_io__rosidl_typesupport_introspection_c.h
[25.536s] -- Symlinking: /home/mk/dev_ws/install/xarm_msgs/include/xarm_msgs/xarm_msgs/srv/detail/set_digital_io__rosidl_typesupport_introspection_c.h
[25.542s] -- Symlinking: /home/mk/dev_ws/install/xarm_msgs/include/xarm_msgs/xarm_msgs/srv/detail/set_float32__rosidl_typesupport_introspection_c.h
[25.549s] -- Symlinking: /home/mk/dev_ws/install/xarm_msgs/include/xarm_msgs/xarm_msgs/srv/detail/set_float32_list__rosidl_typesupport_introspection_c.h
[25.554s] -- Symlinking: /home/mk/dev_ws/install/xarm_msgs/include/xarm_msgs/xarm_msgs/srv/detail/set_int16__rosidl_typesupport_introspection_c.h
[25.560s] -- Symlinking: /home/mk/dev_ws/install/xarm_msgs/include/xarm_msgs/xarm_msgs/srv/detail/set_int16_by_id__rosidl_typesupport_introspection_c.h
[25.565s] -- Symlinking: /home/mk/dev_ws/install/xarm_msgs/include/xarm_msgs/xarm_msgs/srv/detail/set_int16_list__rosidl_typesupport_introspection_c.h
[25.572s] -- Symlinking: /home/mk/dev_ws/install/xarm_msgs/include/xarm_msgs/xarm_msgs/srv/detail/set_int32__rosidl_typesupport_introspection_c.h
[25.577s] -- Symlinking: /home/mk/dev_ws/install/xarm_msgs/include/xarm_msgs/xarm_msgs/srv/detail/set_int32_by_type__rosidl_typesupport_introspection_c.h
[25.583s] -- Symlinking: /home/mk/dev_ws/install/xarm_msgs/include/xarm_msgs/xarm_msgs/srv/detail/set_modbus_timeout__rosidl_typesupport_introspection_c.h
[25.589s] -- Symlinking: /home/mk/dev_ws/install/xarm_msgs/include/xarm_msgs/xarm_msgs/srv/detail/set_tcp_load__rosidl_typesupport_introspection_c.h
[25.594s] -- Symlinking: /home/mk/dev_ws/install/xarm_msgs/include/xarm_msgs/xarm_msgs/srv/detail/traj_ctrl__rosidl_typesupport_introspection_c.h
[25.600s] -- Symlinking: /home/mk/dev_ws/install/xarm_msgs/include/xarm_msgs/xarm_msgs/srv/detail/traj_play__rosidl_typesupport_introspection_c.h
[25.604s] -- Symlinking: /home/mk/dev_ws/install/xarm_msgs/include/xarm_msgs/xarm_msgs/srv/detail/vacuum_gripper_ctrl__rosidl_typesupport_introspection_c.h
[25.611s] -- Symlinking: /home/mk/dev_ws/install/xarm_msgs/include/xarm_msgs/xarm_msgs/msg/detail/cio_state__rosidl_typesupport_introspection_cpp.hpp
[25.617s] -- Symlinking: /home/mk/dev_ws/install/xarm_msgs/include/xarm_msgs/xarm_msgs/msg/detail/io_state__rosidl_typesupport_introspection_cpp.hpp
[25.622s] -- Symlinking: /home/mk/dev_ws/install/xarm_msgs/include/xarm_msgs/xarm_msgs/msg/detail/robot_msg__rosidl_typesupport_introspection_cpp.hpp
[25.628s] -- Symlinking: /home/mk/dev_ws/install/xarm_msgs/include/xarm_msgs/xarm_msgs/srv/detail/bio_gripper_ctrl__rosidl_typesupport_introspection_cpp.hpp
[25.633s] -- Symlinking: /home/mk/dev_ws/install/xarm_msgs/include/xarm_msgs/xarm_msgs/srv/detail/bio_gripper_enable__rosidl_typesupport_introspection_cpp.hpp
[25.639s] -- Symlinking: /home/mk/dev_ws/install/xarm_msgs/include/xarm_msgs/xarm_msgs/srv/detail/call__rosidl_typesupport_introspection_cpp.hpp
[25.644s] -- Symlinking: /home/mk/dev_ws/install/xarm_msgs/include/xarm_msgs/xarm_msgs/srv/detail/ft_cali_load__rosidl_typesupport_introspection_cpp.hpp
[25.650s] -- Symlinking: /home/mk/dev_ws/install/xarm_msgs/include/xarm_msgs/xarm_msgs/srv/detail/ft_force_config__rosidl_typesupport_introspection_cpp.hpp
[25.657s] -- Symlinking: /home/mk/dev_ws/install/xarm_msgs/include/xarm_msgs/xarm_msgs/srv/detail/ft_force_pid__rosidl_typesupport_introspection_cpp.hpp
[25.662s] -- Symlinking: /home/mk/dev_ws/install/xarm_msgs/include/xarm_msgs/xarm_msgs/srv/detail/ft_impedance__rosidl_typesupport_introspection_cpp.hpp
[25.668s] -- Symlinking: /home/mk/dev_ws/install/xarm_msgs/include/xarm_msgs/xarm_msgs/srv/detail/get_analog_io__rosidl_typesupport_introspection_cpp.hpp
[25.673s] -- Symlinking: /home/mk/dev_ws/install/xarm_msgs/include/xarm_msgs/xarm_msgs/srv/detail/get_digital_io__rosidl_typesupport_introspection_cpp.hpp
[25.679s] -- Symlinking: /home/mk/dev_ws/install/xarm_msgs/include/xarm_msgs/xarm_msgs/srv/detail/get_float32__rosidl_typesupport_introspection_cpp.hpp
[25.684s] -- Symlinking: /home/mk/dev_ws/install/xarm_msgs/include/xarm_msgs/xarm_msgs/srv/detail/get_float32_list__rosidl_typesupport_introspection_cpp.hpp
[25.691s] -- Symlinking: /home/mk/dev_ws/install/xarm_msgs/include/xarm_msgs/xarm_msgs/srv/detail/get_int16__rosidl_typesupport_introspection_cpp.hpp
[25.697s] -- Symlinking: /home/mk/dev_ws/install/xarm_msgs/include/xarm_msgs/xarm_msgs/srv/detail/get_int16_list__rosidl_typesupport_introspection_cpp.hpp
[25.703s] -- Symlinking: /home/mk/dev_ws/install/xarm_msgs/include/xarm_msgs/xarm_msgs/srv/detail/get_int32__rosidl_typesupport_introspection_cpp.hpp
[25.709s] -- Symlinking: /home/mk/dev_ws/install/xarm_msgs/include/xarm_msgs/xarm_msgs/srv/detail/get_int32_by_type__rosidl_typesupport_introspection_cpp.hpp
[25.715s] -- Symlinking: /home/mk/dev_ws/install/xarm_msgs/include/xarm_msgs/xarm_msgs/srv/detail/get_set_modbus_data__rosidl_typesupport_introspection_cpp.hpp
[25.720s] -- Symlinking: /home/mk/dev_ws/install/xarm_msgs/include/xarm_msgs/xarm_msgs/srv/detail/gripper_move__rosidl_typesupport_introspection_cpp.hpp
[25.725s] -- Symlinking: /home/mk/dev_ws/install/xarm_msgs/include/xarm_msgs/xarm_msgs/srv/detail/iden_load__rosidl_typesupport_introspection_cpp.hpp
[25.732s] -- Symlinking: /home/mk/dev_ws/install/xarm_msgs/include/xarm_msgs/xarm_msgs/srv/detail/linear_track_back_origin__rosidl_typesupport_introspection_cpp.hpp
[25.736s] -- Symlinking: /home/mk/dev_ws/install/xarm_msgs/include/xarm_msgs/xarm_msgs/srv/detail/linear_track_set_pos__rosidl_typesupport_introspection_cpp.hpp
[25.741s] -- Symlinking: /home/mk/dev_ws/install/xarm_msgs/include/xarm_msgs/xarm_msgs/srv/detail/move_cartesian__rosidl_typesupport_introspection_cpp.hpp
[25.745s] -- Symlinking: /home/mk/dev_ws/install/xarm_msgs/include/xarm_msgs/xarm_msgs/srv/detail/move_circle__rosidl_typesupport_introspection_cpp.hpp
[25.752s] -- Symlinking: /home/mk/dev_ws/install/xarm_msgs/include/xarm_msgs/xarm_msgs/srv/detail/move_home__rosidl_typesupport_introspection_cpp.hpp
[25.758s] -- Symlinking: /home/mk/dev_ws/install/xarm_msgs/include/xarm_msgs/xarm_msgs/srv/detail/move_joint__rosidl_typesupport_introspection_cpp.hpp
[25.764s] -- Symlinking: /home/mk/dev_ws/install/xarm_msgs/include/xarm_msgs/xarm_msgs/srv/detail/move_velocity__rosidl_typesupport_introspection_cpp.hpp
[25.770s] -- Symlinking: /home/mk/dev_ws/install/xarm_msgs/include/xarm_msgs/xarm_msgs/srv/detail/plan_exec__rosidl_typesupport_introspection_cpp.hpp
[25.776s] -- Symlinking: /home/mk/dev_ws/install/xarm_msgs/include/xarm_msgs/xarm_msgs/srv/detail/plan_joint__rosidl_typesupport_introspection_cpp.hpp
[25.781s] -- Symlinking: /home/mk/dev_ws/install/xarm_msgs/include/xarm_msgs/xarm_msgs/srv/detail/plan_pose__rosidl_typesupport_introspection_cpp.hpp
[25.785s] -- Symlinking: /home/mk/dev_ws/install/xarm_msgs/include/xarm_msgs/xarm_msgs/srv/detail/plan_single_straight__rosidl_typesupport_introspection_cpp.hpp
[25.792s] -- Symlinking: /home/mk/dev_ws/install/xarm_msgs/include/xarm_msgs/xarm_msgs/srv/detail/robotiq_activate__rosidl_typesupport_introspection_cpp.hpp
[25.797s] -- Symlinking: /home/mk/dev_ws/install/xarm_msgs/include/xarm_msgs/xarm_msgs/srv/detail/robotiq_get_status__rosidl_typesupport_introspection_cpp.hpp
[25.802s] -- Symlinking: /home/mk/dev_ws/install/xarm_msgs/include/xarm_msgs/xarm_msgs/srv/detail/robotiq_move__rosidl_typesupport_introspection_cpp.hpp
[25.807s] -- Symlinking: /home/mk/dev_ws/install/xarm_msgs/include/xarm_msgs/xarm_msgs/srv/detail/robotiq_reset__rosidl_typesupport_introspection_cpp.hpp
[25.814s] -- Symlinking: /home/mk/dev_ws/install/xarm_msgs/include/xarm_msgs/xarm_msgs/srv/detail/set_analog_io__rosidl_typesupport_introspection_cpp.hpp
[25.819s] -- Symlinking: /home/mk/dev_ws/install/xarm_msgs/include/xarm_msgs/xarm_msgs/srv/detail/set_digital_io__rosidl_typesupport_introspection_cpp.hpp
[25.825s] -- Symlinking: /home/mk/dev_ws/install/xarm_msgs/include/xarm_msgs/xarm_msgs/srv/detail/set_float32__rosidl_typesupport_introspection_cpp.hpp
[25.831s] -- Symlinking: /home/mk/dev_ws/install/xarm_msgs/include/xarm_msgs/xarm_msgs/srv/detail/set_float32_list__rosidl_typesupport_introspection_cpp.hpp
[25.836s] -- Symlinking: /home/mk/dev_ws/install/xarm_msgs/include/xarm_msgs/xarm_msgs/srv/detail/set_int16__rosidl_typesupport_introspection_cpp.hpp
[25.842s] -- Symlinking: /home/mk/dev_ws/install/xarm_msgs/include/xarm_msgs/xarm_msgs/srv/detail/set_int16_by_id__rosidl_typesupport_introspection_cpp.hpp
[25.847s] -- Symlinking: /home/mk/dev_ws/install/xarm_msgs/include/xarm_msgs/xarm_msgs/srv/detail/set_int16_list__rosidl_typesupport_introspection_cpp.hpp
[25.853s] -- Symlinking: /home/mk/dev_ws/install/xarm_msgs/include/xarm_msgs/xarm_msgs/srv/detail/set_int32__rosidl_typesupport_introspection_cpp.hpp
[25.858s] -- Symlinking: /home/mk/dev_ws/install/xarm_msgs/include/xarm_msgs/xarm_msgs/srv/detail/set_int32_by_type__rosidl_typesupport_introspection_cpp.hpp
[25.863s] -- Symlinking: /home/mk/dev_ws/install/xarm_msgs/include/xarm_msgs/xarm_msgs/srv/detail/set_modbus_timeout__rosidl_typesupport_introspection_cpp.hpp
[25.870s] -- Symlinking: /home/mk/dev_ws/install/xarm_msgs/include/xarm_msgs/xarm_msgs/srv/detail/set_tcp_load__rosidl_typesupport_introspection_cpp.hpp
[25.877s] -- Symlinking: /home/mk/dev_ws/install/xarm_msgs/include/xarm_msgs/xarm_msgs/srv/detail/traj_ctrl__rosidl_typesupport_introspection_cpp.hpp
[25.883s] -- Symlinking: /home/mk/dev_ws/install/xarm_msgs/include/xarm_msgs/xarm_msgs/srv/detail/traj_play__rosidl_typesupport_introspection_cpp.hpp
[25.889s] -- Symlinking: /home/mk/dev_ws/install/xarm_msgs/include/xarm_msgs/xarm_msgs/srv/detail/vacuum_gripper_ctrl__rosidl_typesupport_introspection_cpp.hpp
[25.895s] -- Symlinking: /home/mk/dev_ws/install/xarm_msgs/share/xarm_msgs/environment/pythonpath.sh
[25.901s] -- Symlinking: /home/mk/dev_ws/install/xarm_msgs/share/xarm_msgs/environment/pythonpath.dsv
[25.907s] -- Symlinking: /home/mk/dev_ws/install/xarm_msgs/local/lib/python3.10/dist-packages/xarm_msgs-0.0.0-py3.10.egg-info/PKG-INFO
[25.913s] -- Symlinking: /home/mk/dev_ws/install/xarm_msgs/local/lib/python3.10/dist-packages/xarm_msgs-0.0.0-py3.10.egg-info/SOURCES.txt
[25.920s] -- Symlinking: /home/mk/dev_ws/install/xarm_msgs/local/lib/python3.10/dist-packages/xarm_msgs-0.0.0-py3.10.egg-info/dependency_links.txt
[25.925s] -- Symlinking: /home/mk/dev_ws/install/xarm_msgs/local/lib/python3.10/dist-packages/xarm_msgs-0.0.0-py3.10.egg-info/top_level.txt
[25.933s] -- Symlinking: /home/mk/dev_ws/install/xarm_msgs/local/lib/python3.10/dist-packages/xarm_msgs/__init__.py
[25.938s] -- Symlinking: /home/mk/dev_ws/install/xarm_msgs/local/lib/python3.10/dist-packages/xarm_msgs/_xarm_msgs_s.ep.rosidl_typesupport_c.c
[25.943s] -- Symlinking: /home/mk/dev_ws/install/xarm_msgs/local/lib/python3.10/dist-packages/xarm_msgs/_xarm_msgs_s.ep.rosidl_typesupport_fastrtps_c.c
[25.947s] -- Symlinking: /home/mk/dev_ws/install/xarm_msgs/local/lib/python3.10/dist-packages/xarm_msgs/_xarm_msgs_s.ep.rosidl_typesupport_introspection_c.c
[25.953s] -- Symlinking: /home/mk/dev_ws/install/xarm_msgs/local/lib/python3.10/dist-packages/xarm_msgs/libxarm_msgs__rosidl_generator_py.so
[25.959s] -- Symlinking: /home/mk/dev_ws/install/xarm_msgs/local/lib/python3.10/dist-packages/xarm_msgs/msg/__init__.py
[25.964s] -- Symlinking: /home/mk/dev_ws/install/xarm_msgs/local/lib/python3.10/dist-packages/xarm_msgs/msg/_cio_state.py
[25.970s] -- Symlinking: /home/mk/dev_ws/install/xarm_msgs/local/lib/python3.10/dist-packages/xarm_msgs/msg/_cio_state_s.c
[25.976s] -- Symlinking: /home/mk/dev_ws/install/xarm_msgs/local/lib/python3.10/dist-packages/xarm_msgs/msg/_io_state.py
[25.982s] -- Symlinking: /home/mk/dev_ws/install/xarm_msgs/local/lib/python3.10/dist-packages/xarm_msgs/msg/_io_state_s.c
[25.988s] -- Symlinking: /home/mk/dev_ws/install/xarm_msgs/local/lib/python3.10/dist-packages/xarm_msgs/msg/_robot_msg.py
[25.994s] -- Symlinking: /home/mk/dev_ws/install/xarm_msgs/local/lib/python3.10/dist-packages/xarm_msgs/msg/_robot_msg_s.c
[25.999s] -- Symlinking: /home/mk/dev_ws/install/xarm_msgs/local/lib/python3.10/dist-packages/xarm_msgs/srv/__init__.py
[26.004s] -- Symlinking: /home/mk/dev_ws/install/xarm_msgs/local/lib/python3.10/dist-packages/xarm_msgs/srv/_bio_gripper_ctrl.py
[26.010s] -- Symlinking: /home/mk/dev_ws/install/xarm_msgs/local/lib/python3.10/dist-packages/xarm_msgs/srv/_bio_gripper_ctrl_s.c
[26.016s] -- Symlinking: /home/mk/dev_ws/install/xarm_msgs/local/lib/python3.10/dist-packages/xarm_msgs/srv/_bio_gripper_enable.py
[26.020s] -- Symlinking: /home/mk/dev_ws/install/xarm_msgs/local/lib/python3.10/dist-packages/xarm_msgs/srv/_bio_gripper_enable_s.c
[26.025s] -- Symlinking: /home/mk/dev_ws/install/xarm_msgs/local/lib/python3.10/dist-packages/xarm_msgs/srv/_call.py
[26.031s] -- Symlinking: /home/mk/dev_ws/install/xarm_msgs/local/lib/python3.10/dist-packages/xarm_msgs/srv/_call_s.c
[26.037s] -- Symlinking: /home/mk/dev_ws/install/xarm_msgs/local/lib/python3.10/dist-packages/xarm_msgs/srv/_ft_cali_load.py
[26.042s] -- Symlinking: /home/mk/dev_ws/install/xarm_msgs/local/lib/python3.10/dist-packages/xarm_msgs/srv/_ft_cali_load_s.c
[26.047s] -- Symlinking: /home/mk/dev_ws/install/xarm_msgs/local/lib/python3.10/dist-packages/xarm_msgs/srv/_ft_force_config.py
[26.053s] -- Symlinking: /home/mk/dev_ws/install/xarm_msgs/local/lib/python3.10/dist-packages/xarm_msgs/srv/_ft_force_config_s.c
[26.058s] -- Symlinking: /home/mk/dev_ws/install/xarm_msgs/local/lib/python3.10/dist-packages/xarm_msgs/srv/_ft_force_pid.py
[26.063s] -- Symlinking: /home/mk/dev_ws/install/xarm_msgs/local/lib/python3.10/dist-packages/xarm_msgs/srv/_ft_force_pid_s.c
[26.068s] -- Symlinking: /home/mk/dev_ws/install/xarm_msgs/local/lib/python3.10/dist-packages/xarm_msgs/srv/_ft_impedance.py
[26.073s] -- Symlinking: /home/mk/dev_ws/install/xarm_msgs/local/lib/python3.10/dist-packages/xarm_msgs/srv/_ft_impedance_s.c
[26.078s] -- Symlinking: /home/mk/dev_ws/install/xarm_msgs/local/lib/python3.10/dist-packages/xarm_msgs/srv/_get_analog_io.py
[26.083s] -- Symlinking: /home/mk/dev_ws/install/xarm_msgs/local/lib/python3.10/dist-packages/xarm_msgs/srv/_get_analog_io_s.c
[26.089s] -- Symlinking: /home/mk/dev_ws/install/xarm_msgs/local/lib/python3.10/dist-packages/xarm_msgs/srv/_get_digital_io.py
[26.095s] -- Symlinking: /home/mk/dev_ws/install/xarm_msgs/local/lib/python3.10/dist-packages/xarm_msgs/srv/_get_digital_io_s.c
[26.099s] -- Symlinking: /home/mk/dev_ws/install/xarm_msgs/local/lib/python3.10/dist-packages/xarm_msgs/srv/_get_float32.py
[26.105s] -- Symlinking: /home/mk/dev_ws/install/xarm_msgs/local/lib/python3.10/dist-packages/xarm_msgs/srv/_get_float32_list.py
[26.111s] -- Symlinking: /home/mk/dev_ws/install/xarm_msgs/local/lib/python3.10/dist-packages/xarm_msgs/srv/_get_float32_list_s.c
[26.116s] -- Symlinking: /home/mk/dev_ws/install/xarm_msgs/local/lib/python3.10/dist-packages/xarm_msgs/srv/_get_float32_s.c
[26.122s] -- Symlinking: /home/mk/dev_ws/install/xarm_msgs/local/lib/python3.10/dist-packages/xarm_msgs/srv/_get_int16.py
[26.128s] -- Symlinking: /home/mk/dev_ws/install/xarm_msgs/local/lib/python3.10/dist-packages/xarm_msgs/srv/_get_int16_list.py
[26.134s] -- Symlinking: /home/mk/dev_ws/install/xarm_msgs/local/lib/python3.10/dist-packages/xarm_msgs/srv/_get_int16_list_s.c
[26.139s] -- Symlinking: /home/mk/dev_ws/install/xarm_msgs/local/lib/python3.10/dist-packages/xarm_msgs/srv/_get_int16_s.c
[26.143s] -- Symlinking: /home/mk/dev_ws/install/xarm_msgs/local/lib/python3.10/dist-packages/xarm_msgs/srv/_get_int32.py
[26.149s] -- Symlinking: /home/mk/dev_ws/install/xarm_msgs/local/lib/python3.10/dist-packages/xarm_msgs/srv/_get_int32_by_type.py
[26.155s] -- Symlinking: /home/mk/dev_ws/install/xarm_msgs/local/lib/python3.10/dist-packages/xarm_msgs/srv/_get_int32_by_type_s.c
[26.160s] -- Symlinking: /home/mk/dev_ws/install/xarm_msgs/local/lib/python3.10/dist-packages/xarm_msgs/srv/_get_int32_s.c
[26.166s] -- Symlinking: /home/mk/dev_ws/install/xarm_msgs/local/lib/python3.10/dist-packages/xarm_msgs/srv/_get_set_modbus_data.py
[26.173s] -- Symlinking: /home/mk/dev_ws/install/xarm_msgs/local/lib/python3.10/dist-packages/xarm_msgs/srv/_get_set_modbus_data_s.c
[26.178s] -- Symlinking: /home/mk/dev_ws/install/xarm_msgs/local/lib/python3.10/dist-packages/xarm_msgs/srv/_gripper_move.py
[26.183s] -- Symlinking: /home/mk/dev_ws/install/xarm_msgs/local/lib/python3.10/dist-packages/xarm_msgs/srv/_gripper_move_s.c
[26.189s] -- Symlinking: /home/mk/dev_ws/install/xarm_msgs/local/lib/python3.10/dist-packages/xarm_msgs/srv/_iden_load.py
[26.194s] -- Symlinking: /home/mk/dev_ws/install/xarm_msgs/local/lib/python3.10/dist-packages/xarm_msgs/srv/_iden_load_s.c
[26.199s] -- Symlinking: /home/mk/dev_ws/install/xarm_msgs/local/lib/python3.10/dist-packages/xarm_msgs/srv/_linear_track_back_origin.py
[26.203s] -- Symlinking: /home/mk/dev_ws/install/xarm_msgs/local/lib/python3.10/dist-packages/xarm_msgs/srv/_linear_track_back_origin_s.c
[26.209s] -- Symlinking: /home/mk/dev_ws/install/xarm_msgs/local/lib/python3.10/dist-packages/xarm_msgs/srv/_linear_track_set_pos.py
[26.214s] -- Symlinking: /home/mk/dev_ws/install/xarm_msgs/local/lib/python3.10/dist-packages/xarm_msgs/srv/_linear_track_set_pos_s.c
[26.219s] -- Symlinking: /home/mk/dev_ws/install/xarm_msgs/local/lib/python3.10/dist-packages/xarm_msgs/srv/_move_cartesian.py
[26.223s] -- Symlinking: /home/mk/dev_ws/install/xarm_msgs/local/lib/python3.10/dist-packages/xarm_msgs/srv/_move_cartesian_s.c
[26.228s] -- Symlinking: /home/mk/dev_ws/install/xarm_msgs/local/lib/python3.10/dist-packages/xarm_msgs/srv/_move_circle.py
[26.233s] -- Symlinking: /home/mk/dev_ws/install/xarm_msgs/local/lib/python3.10/dist-packages/xarm_msgs/srv/_move_circle_s.c
[26.238s] -- Symlinking: /home/mk/dev_ws/install/xarm_msgs/local/lib/python3.10/dist-packages/xarm_msgs/srv/_move_home.py
[26.243s] -- Symlinking: /home/mk/dev_ws/install/xarm_msgs/local/lib/python3.10/dist-packages/xarm_msgs/srv/_move_home_s.c
[26.248s] -- Symlinking: /home/mk/dev_ws/install/xarm_msgs/local/lib/python3.10/dist-packages/xarm_msgs/srv/_move_joint.py
[26.255s] -- Symlinking: /home/mk/dev_ws/install/xarm_msgs/local/lib/python3.10/dist-packages/xarm_msgs/srv/_move_joint_s.c
[26.259s] -- Symlinking: /home/mk/dev_ws/install/xarm_msgs/local/lib/python3.10/dist-packages/xarm_msgs/srv/_move_velocity.py
[26.264s] -- Symlinking: /home/mk/dev_ws/install/xarm_msgs/local/lib/python3.10/dist-packages/xarm_msgs/srv/_move_velocity_s.c
[26.269s] -- Symlinking: /home/mk/dev_ws/install/xarm_msgs/local/lib/python3.10/dist-packages/xarm_msgs/srv/_plan_exec.py
[26.274s] -- Symlinking: /home/mk/dev_ws/install/xarm_msgs/local/lib/python3.10/dist-packages/xarm_msgs/srv/_plan_exec_s.c
[26.279s] -- Symlinking: /home/mk/dev_ws/install/xarm_msgs/local/lib/python3.10/dist-packages/xarm_msgs/srv/_plan_joint.py
[26.283s] -- Symlinking: /home/mk/dev_ws/install/xarm_msgs/local/lib/python3.10/dist-packages/xarm_msgs/srv/_plan_joint_s.c
[26.288s] -- Symlinking: /home/mk/dev_ws/install/xarm_msgs/local/lib/python3.10/dist-packages/xarm_msgs/srv/_plan_pose.py
[26.295s] -- Symlinking: /home/mk/dev_ws/install/xarm_msgs/local/lib/python3.10/dist-packages/xarm_msgs/srv/_plan_pose_s.c
[26.300s] -- Symlinking: /home/mk/dev_ws/install/xarm_msgs/local/lib/python3.10/dist-packages/xarm_msgs/srv/_plan_single_straight.py
[26.304s] -- Symlinking: /home/mk/dev_ws/install/xarm_msgs/local/lib/python3.10/dist-packages/xarm_msgs/srv/_plan_single_straight_s.c
[26.311s] -- Symlinking: /home/mk/dev_ws/install/xarm_msgs/local/lib/python3.10/dist-packages/xarm_msgs/srv/_robotiq_activate.py
[26.317s] -- Symlinking: /home/mk/dev_ws/install/xarm_msgs/local/lib/python3.10/dist-packages/xarm_msgs/srv/_robotiq_activate_s.c
[26.323s] -- Symlinking: /home/mk/dev_ws/install/xarm_msgs/local/lib/python3.10/dist-packages/xarm_msgs/srv/_robotiq_get_status.py
[26.329s] -- Symlinking: /home/mk/dev_ws/install/xarm_msgs/local/lib/python3.10/dist-packages/xarm_msgs/srv/_robotiq_get_status_s.c
[26.336s] -- Symlinking: /home/mk/dev_ws/install/xarm_msgs/local/lib/python3.10/dist-packages/xarm_msgs/srv/_robotiq_move.py
[26.342s] -- Symlinking: /home/mk/dev_ws/install/xarm_msgs/local/lib/python3.10/dist-packages/xarm_msgs/srv/_robotiq_move_s.c
[26.348s] -- Symlinking: /home/mk/dev_ws/install/xarm_msgs/local/lib/python3.10/dist-packages/xarm_msgs/srv/_robotiq_reset.py
[26.355s] -- Symlinking: /home/mk/dev_ws/install/xarm_msgs/local/lib/python3.10/dist-packages/xarm_msgs/srv/_robotiq_reset_s.c
[26.360s] -- Symlinking: /home/mk/dev_ws/install/xarm_msgs/local/lib/python3.10/dist-packages/xarm_msgs/srv/_set_analog_io.py
[26.367s] -- Symlinking: /home/mk/dev_ws/install/xarm_msgs/local/lib/python3.10/dist-packages/xarm_msgs/srv/_set_analog_io_s.c
[26.372s] -- Symlinking: /home/mk/dev_ws/install/xarm_msgs/local/lib/python3.10/dist-packages/xarm_msgs/srv/_set_digital_io.py
[26.378s] -- Symlinking: /home/mk/dev_ws/install/xarm_msgs/local/lib/python3.10/dist-packages/xarm_msgs/srv/_set_digital_io_s.c
[26.384s] -- Symlinking: /home/mk/dev_ws/install/xarm_msgs/local/lib/python3.10/dist-packages/xarm_msgs/srv/_set_float32.py
[26.390s] -- Symlinking: /home/mk/dev_ws/install/xarm_msgs/local/lib/python3.10/dist-packages/xarm_msgs/srv/_set_float32_list.py
[26.395s] -- Symlinking: /home/mk/dev_ws/install/xarm_msgs/local/lib/python3.10/dist-packages/xarm_msgs/srv/_set_float32_list_s.c
[26.400s] -- Symlinking: /home/mk/dev_ws/install/xarm_msgs/local/lib/python3.10/dist-packages/xarm_msgs/srv/_set_float32_s.c
[26.405s] -- Symlinking: /home/mk/dev_ws/install/xarm_msgs/local/lib/python3.10/dist-packages/xarm_msgs/srv/_set_int16.py
[26.410s] -- Symlinking: /home/mk/dev_ws/install/xarm_msgs/local/lib/python3.10/dist-packages/xarm_msgs/srv/_set_int16_by_id.py
[26.417s] -- Symlinking: /home/mk/dev_ws/install/xarm_msgs/local/lib/python3.10/dist-packages/xarm_msgs/srv/_set_int16_by_id_s.c
[26.421s] -- Symlinking: /home/mk/dev_ws/install/xarm_msgs/local/lib/python3.10/dist-packages/xarm_msgs/srv/_set_int16_list.py
[26.426s] -- Symlinking: /home/mk/dev_ws/install/xarm_msgs/local/lib/python3.10/dist-packages/xarm_msgs/srv/_set_int16_list_s.c
[26.431s] -- Symlinking: /home/mk/dev_ws/install/xarm_msgs/local/lib/python3.10/dist-packages/xarm_msgs/srv/_set_int16_s.c
[26.437s] -- Symlinking: /home/mk/dev_ws/install/xarm_msgs/local/lib/python3.10/dist-packages/xarm_msgs/srv/_set_int32.py
[26.442s] -- Symlinking: /home/mk/dev_ws/install/xarm_msgs/local/lib/python3.10/dist-packages/xarm_msgs/srv/_set_int32_by_type.py
[26.448s] -- Symlinking: /home/mk/dev_ws/install/xarm_msgs/local/lib/python3.10/dist-packages/xarm_msgs/srv/_set_int32_by_type_s.c
[26.454s] -- Symlinking: /home/mk/dev_ws/install/xarm_msgs/local/lib/python3.10/dist-packages/xarm_msgs/srv/_set_int32_s.c
[26.459s] -- Symlinking: /home/mk/dev_ws/install/xarm_msgs/local/lib/python3.10/dist-packages/xarm_msgs/srv/_set_modbus_timeout.py
[26.465s] -- Symlinking: /home/mk/dev_ws/install/xarm_msgs/local/lib/python3.10/dist-packages/xarm_msgs/srv/_set_modbus_timeout_s.c
[26.470s] -- Symlinking: /home/mk/dev_ws/install/xarm_msgs/local/lib/python3.10/dist-packages/xarm_msgs/srv/_set_tcp_load.py
[26.476s] -- Symlinking: /home/mk/dev_ws/install/xarm_msgs/local/lib/python3.10/dist-packages/xarm_msgs/srv/_set_tcp_load_s.c
[26.482s] -- Symlinking: /home/mk/dev_ws/install/xarm_msgs/local/lib/python3.10/dist-packages/xarm_msgs/srv/_traj_ctrl.py
[26.488s] -- Symlinking: /home/mk/dev_ws/install/xarm_msgs/local/lib/python3.10/dist-packages/xarm_msgs/srv/_traj_ctrl_s.c
[26.494s] -- Symlinking: /home/mk/dev_ws/install/xarm_msgs/local/lib/python3.10/dist-packages/xarm_msgs/srv/_traj_play.py
[26.499s] -- Symlinking: /home/mk/dev_ws/install/xarm_msgs/local/lib/python3.10/dist-packages/xarm_msgs/srv/_traj_play_s.c
[26.505s] -- Symlinking: /home/mk/dev_ws/install/xarm_msgs/local/lib/python3.10/dist-packages/xarm_msgs/srv/_vacuum_gripper_ctrl.py
[26.510s] -- Symlinking: /home/mk/dev_ws/install/xarm_msgs/local/lib/python3.10/dist-packages/xarm_msgs/srv/_vacuum_gripper_ctrl_s.c
[26.517s] -- Symlinking: /home/mk/dev_ws/install/xarm_msgs/local/lib/python3.10/dist-packages/xarm_msgs/xarm_msgs_s__rosidl_typesupport_c.cpython-310-x86_64-linux-gnu.so
[26.523s] -- Symlinking: /home/mk/dev_ws/install/xarm_msgs/local/lib/python3.10/dist-packages/xarm_msgs/xarm_msgs_s__rosidl_typesupport_fastrtps_c.cpython-310-x86_64-linux-gnu.so
[26.527s] -- Symlinking: /home/mk/dev_ws/install/xarm_msgs/local/lib/python3.10/dist-packages/xarm_msgs/xarm_msgs_s__rosidl_typesupport_introspection_c.cpython-310-x86_64-linux-gnu.so
[26.534s] -- Up-to-date symlink: /home/mk/dev_ws/install/xarm_msgs/local/lib/python3.10/dist-packages/xarm_msgs/xarm_msgs_s__rosidl_typesupport_fastrtps_c.cpython-310-x86_64-linux-gnu.so
[26.534s] -- Up-to-date symlink: /home/mk/dev_ws/install/xarm_msgs/local/lib/python3.10/dist-packages/xarm_msgs/xarm_msgs_s__rosidl_typesupport_introspection_c.cpython-310-x86_64-linux-gnu.so
[26.534s] -- Up-to-date symlink: /home/mk/dev_ws/install/xarm_msgs/local/lib/python3.10/dist-packages/xarm_msgs/xarm_msgs_s__rosidl_typesupport_c.cpython-310-x86_64-linux-gnu.so
[26.534s] -- Symlinking: /home/mk/dev_ws/install/xarm_msgs/share/ament_index/resource_index/rust_packages/xarm_msgs
[26.540s] -- Symlinking: /home/mk/dev_ws/install/xarm_msgs/share/xarm_msgs/rust/Cargo.toml
[26.545s] -- Symlinking: /home/mk/dev_ws/install/xarm_msgs/share/xarm_msgs/rust/build.rs
[26.552s] -- Symlinking: /home/mk/dev_ws/install/xarm_msgs/share/xarm_msgs/rust/src/lib.rs
[26.557s] -- Symlinking: /home/mk/dev_ws/install/xarm_msgs/share/xarm_msgs/rust/src/msg.rs
[26.563s] -- Symlinking: /home/mk/dev_ws/install/xarm_msgs/share/xarm_msgs/rust/src/msg/rmw.rs
[26.569s] -- Symlinking: /home/mk/dev_ws/install/xarm_msgs/share/xarm_msgs/rust/src/srv.rs
[26.574s] -- Symlinking: /home/mk/dev_ws/install/xarm_msgs/share/xarm_msgs/rust/src/srv/rmw.rs
[26.578s] -- Symlinking: /home/mk/dev_ws/install/xarm_msgs/share/xarm_msgs/msg/RobotMsg.idl
[26.585s] -- Symlinking: /home/mk/dev_ws/install/xarm_msgs/share/xarm_msgs/msg/IOState.idl
[26.590s] -- Symlinking: /home/mk/dev_ws/install/xarm_msgs/share/xarm_msgs/msg/CIOState.idl
[26.595s] -- Symlinking: /home/mk/dev_ws/install/xarm_msgs/share/xarm_msgs/srv/BioGripperCtrl.idl
[26.600s] -- Symlinking: /home/mk/dev_ws/install/xarm_msgs/share/xarm_msgs/srv/BioGripperEnable.idl
[26.607s] -- Symlinking: /home/mk/dev_ws/install/xarm_msgs/share/xarm_msgs/srv/Call.idl
[26.611s] -- Symlinking: /home/mk/dev_ws/install/xarm_msgs/share/xarm_msgs/srv/GetAnalogIO.idl
[26.617s] -- Symlinking: /home/mk/dev_ws/install/xarm_msgs/share/xarm_msgs/srv/GetDigitalIO.idl
[26.624s] -- Symlinking: /home/mk/dev_ws/install/xarm_msgs/share/xarm_msgs/srv/GetFloat32.idl
[26.630s] -- Symlinking: /home/mk/dev_ws/install/xarm_msgs/share/xarm_msgs/srv/GetFloat32List.idl
[26.636s] -- Symlinking: /home/mk/dev_ws/install/xarm_msgs/share/xarm_msgs/srv/GetInt16.idl
[26.640s] -- Symlinking: /home/mk/dev_ws/install/xarm_msgs/share/xarm_msgs/srv/GetInt16List.idl
[26.646s] -- Symlinking: /home/mk/dev_ws/install/xarm_msgs/share/xarm_msgs/srv/GetInt32.idl
[26.651s] -- Symlinking: /home/mk/dev_ws/install/xarm_msgs/share/xarm_msgs/srv/GetInt32ByType.idl
[26.656s] -- Symlinking: /home/mk/dev_ws/install/xarm_msgs/share/xarm_msgs/srv/GetSetModbusData.idl
[26.663s] -- Symlinking: /home/mk/dev_ws/install/xarm_msgs/share/xarm_msgs/srv/GripperMove.idl
[26.669s] -- Symlinking: /home/mk/dev_ws/install/xarm_msgs/share/xarm_msgs/srv/MoveCartesian.idl
[26.674s] -- Symlinking: /home/mk/dev_ws/install/xarm_msgs/share/xarm_msgs/srv/MoveCircle.idl
[26.679s] -- Symlinking: /home/mk/dev_ws/install/xarm_msgs/share/xarm_msgs/srv/MoveHome.idl
[26.685s] -- Symlinking: /home/mk/dev_ws/install/xarm_msgs/share/xarm_msgs/srv/MoveJoint.idl
[26.690s] -- Symlinking: /home/mk/dev_ws/install/xarm_msgs/share/xarm_msgs/srv/MoveVelocity.idl
[26.695s] -- Symlinking: /home/mk/dev_ws/install/xarm_msgs/share/xarm_msgs/srv/RobotiqActivate.idl
[26.700s] -- Symlinking: /home/mk/dev_ws/install/xarm_msgs/share/xarm_msgs/srv/RobotiqGetStatus.idl
[26.706s] -- Symlinking: /home/mk/dev_ws/install/xarm_msgs/share/xarm_msgs/srv/RobotiqMove.idl
[26.712s] -- Symlinking: /home/mk/dev_ws/install/xarm_msgs/share/xarm_msgs/srv/RobotiqReset.idl
[26.718s] -- Symlinking: /home/mk/dev_ws/install/xarm_msgs/share/xarm_msgs/srv/SetAnalogIO.idl
[26.725s] -- Symlinking: /home/mk/dev_ws/install/xarm_msgs/share/xarm_msgs/srv/SetDigitalIO.idl
[26.730s] -- Symlinking: /home/mk/dev_ws/install/xarm_msgs/share/xarm_msgs/srv/SetFloat32.idl
[26.736s] -- Symlinking: /home/mk/dev_ws/install/xarm_msgs/share/xarm_msgs/srv/SetFloat32List.idl
[26.743s] -- Symlinking: /home/mk/dev_ws/install/xarm_msgs/share/xarm_msgs/srv/SetInt16.idl
[26.749s] -- Symlinking: /home/mk/dev_ws/install/xarm_msgs/share/xarm_msgs/srv/SetInt16ById.idl
[26.756s] -- Symlinking: /home/mk/dev_ws/install/xarm_msgs/share/xarm_msgs/srv/SetInt16List.idl
[26.761s] -- Symlinking: /home/mk/dev_ws/install/xarm_msgs/share/xarm_msgs/srv/SetInt32.idl
[26.767s] -- Symlinking: /home/mk/dev_ws/install/xarm_msgs/share/xarm_msgs/srv/SetInt32ByType.idl
[26.773s] -- Symlinking: /home/mk/dev_ws/install/xarm_msgs/share/xarm_msgs/srv/TrajCtrl.idl
[26.779s] -- Symlinking: /home/mk/dev_ws/install/xarm_msgs/share/xarm_msgs/srv/TrajPlay.idl
[26.785s] -- Symlinking: /home/mk/dev_ws/install/xarm_msgs/share/xarm_msgs/srv/VacuumGripperCtrl.idl
[26.790s] -- Symlinking: /home/mk/dev_ws/install/xarm_msgs/share/xarm_msgs/srv/SetTcpLoad.idl
[26.795s] -- Symlinking: /home/mk/dev_ws/install/xarm_msgs/share/xarm_msgs/srv/SetModbusTimeout.idl
[26.801s] -- Symlinking: /home/mk/dev_ws/install/xarm_msgs/share/xarm_msgs/srv/IdenLoad.idl
[26.808s] -- Symlinking: /home/mk/dev_ws/install/xarm_msgs/share/xarm_msgs/srv/FtCaliLoad.idl
[26.813s] -- Symlinking: /home/mk/dev_ws/install/xarm_msgs/share/xarm_msgs/srv/FtForceConfig.idl
[26.818s] -- Symlinking: /home/mk/dev_ws/install/xarm_msgs/share/xarm_msgs/srv/FtForcePid.idl
[26.825s] -- Symlinking: /home/mk/dev_ws/install/xarm_msgs/share/xarm_msgs/srv/FtImpedance.idl
[26.830s] -- Symlinking: /home/mk/dev_ws/install/xarm_msgs/share/xarm_msgs/srv/LinearTrackBackOrigin.idl
[26.835s] -- Symlinking: /home/mk/dev_ws/install/xarm_msgs/share/xarm_msgs/srv/LinearTrackSetPos.idl
[26.839s] -- Symlinking: /home/mk/dev_ws/install/xarm_msgs/share/xarm_msgs/srv/PlanExec.idl
[26.845s] -- Symlinking: /home/mk/dev_ws/install/xarm_msgs/share/xarm_msgs/srv/PlanJoint.idl
[26.852s] -- Symlinking: /home/mk/dev_ws/install/xarm_msgs/share/xarm_msgs/srv/PlanPose.idl
[26.858s] -- Symlinking: /home/mk/dev_ws/install/xarm_msgs/share/xarm_msgs/srv/PlanSingleStraight.idl
[26.863s] -- Symlinking: /home/mk/dev_ws/install/xarm_msgs/share/xarm_msgs/msg/RobotMsg.msg
[26.869s] -- Symlinking: /home/mk/dev_ws/install/xarm_msgs/share/xarm_msgs/msg/IOState.msg
[26.873s] -- Symlinking: /home/mk/dev_ws/install/xarm_msgs/share/xarm_msgs/msg/CIOState.msg
[26.878s] -- Symlinking: /home/mk/dev_ws/install/xarm_msgs/share/xarm_msgs/srv/BioGripperCtrl.srv
[26.883s] -- Symlinking: /home/mk/dev_ws/install/xarm_msgs/share/xarm_msgs/srv/BioGripperCtrl_Request.msg
[26.889s] -- Symlinking: /home/mk/dev_ws/install/xarm_msgs/share/xarm_msgs/srv/BioGripperCtrl_Response.msg
[26.894s] -- Symlinking: /home/mk/dev_ws/install/xarm_msgs/share/xarm_msgs/srv/BioGripperEnable.srv
[26.899s] -- Symlinking: /home/mk/dev_ws/install/xarm_msgs/share/xarm_msgs/srv/BioGripperEnable_Request.msg
[26.904s] -- Symlinking: /home/mk/dev_ws/install/xarm_msgs/share/xarm_msgs/srv/BioGripperEnable_Response.msg
[26.909s] -- Symlinking: /home/mk/dev_ws/install/xarm_msgs/share/xarm_msgs/srv/Call.srv
[26.914s] -- Symlinking: /home/mk/dev_ws/install/xarm_msgs/share/xarm_msgs/srv/Call_Request.msg
[26.919s] -- Symlinking: /home/mk/dev_ws/install/xarm_msgs/share/xarm_msgs/srv/Call_Response.msg
[26.925s] -- Symlinking: /home/mk/dev_ws/install/xarm_msgs/share/xarm_msgs/srv/GetAnalogIO.srv
[26.930s] -- Symlinking: /home/mk/dev_ws/install/xarm_msgs/share/xarm_msgs/srv/GetAnalogIO_Request.msg
[26.935s] -- Symlinking: /home/mk/dev_ws/install/xarm_msgs/share/xarm_msgs/srv/GetAnalogIO_Response.msg
[26.939s] -- Symlinking: /home/mk/dev_ws/install/xarm_msgs/share/xarm_msgs/srv/GetDigitalIO.srv
[26.944s] -- Symlinking: /home/mk/dev_ws/install/xarm_msgs/share/xarm_msgs/srv/GetDigitalIO_Request.msg
[26.949s] -- Symlinking: /home/mk/dev_ws/install/xarm_msgs/share/xarm_msgs/srv/GetDigitalIO_Response.msg
[26.954s] -- Symlinking: /home/mk/dev_ws/install/xarm_msgs/share/xarm_msgs/srv/GetFloat32.srv
[26.959s] -- Symlinking: /home/mk/dev_ws/install/xarm_msgs/share/xarm_msgs/srv/GetFloat32_Request.msg
[26.965s] -- Symlinking: /home/mk/dev_ws/install/xarm_msgs/share/xarm_msgs/srv/GetFloat32_Response.msg
[26.969s] -- Symlinking: /home/mk/dev_ws/install/xarm_msgs/share/xarm_msgs/srv/GetFloat32List.srv
[26.975s] -- Symlinking: /home/mk/dev_ws/install/xarm_msgs/share/xarm_msgs/srv/GetFloat32List_Request.msg
[26.979s] -- Symlinking: /home/mk/dev_ws/install/xarm_msgs/share/xarm_msgs/srv/GetFloat32List_Response.msg
[26.986s] -- Symlinking: /home/mk/dev_ws/install/xarm_msgs/share/xarm_msgs/srv/GetInt16.srv
[26.991s] -- Symlinking: /home/mk/dev_ws/install/xarm_msgs/share/xarm_msgs/srv/GetInt16_Request.msg
[26.997s] -- Symlinking: /home/mk/dev_ws/install/xarm_msgs/share/xarm_msgs/srv/GetInt16_Response.msg
[27.003s] -- Symlinking: /home/mk/dev_ws/install/xarm_msgs/share/xarm_msgs/srv/GetInt16List.srv
[27.008s] -- Symlinking: /home/mk/dev_ws/install/xarm_msgs/share/xarm_msgs/srv/GetInt16List_Request.msg
[27.013s] -- Symlinking: /home/mk/dev_ws/install/xarm_msgs/share/xarm_msgs/srv/GetInt16List_Response.msg
[27.018s] -- Symlinking: /home/mk/dev_ws/install/xarm_msgs/share/xarm_msgs/srv/GetInt32.srv
[27.023s] -- Symlinking: /home/mk/dev_ws/install/xarm_msgs/share/xarm_msgs/srv/GetInt32_Request.msg
[27.028s] -- Symlinking: /home/mk/dev_ws/install/xarm_msgs/share/xarm_msgs/srv/GetInt32_Response.msg
[27.033s] -- Symlinking: /home/mk/dev_ws/install/xarm_msgs/share/xarm_msgs/srv/GetInt32ByType.srv
[27.038s] -- Symlinking: /home/mk/dev_ws/install/xarm_msgs/share/xarm_msgs/srv/GetInt32ByType_Request.msg
[27.043s] -- Symlinking: /home/mk/dev_ws/install/xarm_msgs/share/xarm_msgs/srv/GetInt32ByType_Response.msg
[27.049s] -- Symlinking: /home/mk/dev_ws/install/xarm_msgs/share/xarm_msgs/srv/GetSetModbusData.srv
[27.053s] -- Symlinking: /home/mk/dev_ws/install/xarm_msgs/share/xarm_msgs/srv/GetSetModbusData_Request.msg
[27.059s] -- Symlinking: /home/mk/dev_ws/install/xarm_msgs/share/xarm_msgs/srv/GetSetModbusData_Response.msg
[27.065s] -- Symlinking: /home/mk/dev_ws/install/xarm_msgs/share/xarm_msgs/srv/GripperMove.srv
[27.071s] -- Symlinking: /home/mk/dev_ws/install/xarm_msgs/share/xarm_msgs/srv/GripperMove_Request.msg
[27.077s] -- Symlinking: /home/mk/dev_ws/install/xarm_msgs/share/xarm_msgs/srv/GripperMove_Response.msg
[27.083s] -- Symlinking: /home/mk/dev_ws/install/xarm_msgs/share/xarm_msgs/srv/MoveCartesian.srv
[27.088s] -- Symlinking: /home/mk/dev_ws/install/xarm_msgs/share/xarm_msgs/srv/MoveCartesian_Request.msg
[27.093s] -- Symlinking: /home/mk/dev_ws/install/xarm_msgs/share/xarm_msgs/srv/MoveCartesian_Response.msg
[27.099s] -- Symlinking: /home/mk/dev_ws/install/xarm_msgs/share/xarm_msgs/srv/MoveCircle.srv
[27.105s] -- Symlinking: /home/mk/dev_ws/install/xarm_msgs/share/xarm_msgs/srv/MoveCircle_Request.msg
[27.110s] -- Symlinking: /home/mk/dev_ws/install/xarm_msgs/share/xarm_msgs/srv/MoveCircle_Response.msg
[27.115s] -- Symlinking: /home/mk/dev_ws/install/xarm_msgs/share/xarm_msgs/srv/MoveHome.srv
[27.120s] -- Symlinking: /home/mk/dev_ws/install/xarm_msgs/share/xarm_msgs/srv/MoveHome_Request.msg
[27.126s] -- Symlinking: /home/mk/dev_ws/install/xarm_msgs/share/xarm_msgs/srv/MoveHome_Response.msg
[27.132s] -- Symlinking: /home/mk/dev_ws/install/xarm_msgs/share/xarm_msgs/srv/MoveJoint.srv
[27.138s] -- Symlinking: /home/mk/dev_ws/install/xarm_msgs/share/xarm_msgs/srv/MoveJoint_Request.msg
[27.143s] -- Symlinking: /home/mk/dev_ws/install/xarm_msgs/share/xarm_msgs/srv/MoveJoint_Response.msg
[27.148s] -- Symlinking: /home/mk/dev_ws/install/xarm_msgs/share/xarm_msgs/srv/MoveVelocity.srv
[27.153s] -- Symlinking: /home/mk/dev_ws/install/xarm_msgs/share/xarm_msgs/srv/MoveVelocity_Request.msg
[27.158s] -- Symlinking: /home/mk/dev_ws/install/xarm_msgs/share/xarm_msgs/srv/MoveVelocity_Response.msg
[27.164s] -- Symlinking: /home/mk/dev_ws/install/xarm_msgs/share/xarm_msgs/srv/RobotiqActivate.srv
[27.169s] -- Symlinking: /home/mk/dev_ws/install/xarm_msgs/share/xarm_msgs/srv/RobotiqActivate_Request.msg
[27.174s] -- Symlinking: /home/mk/dev_ws/install/xarm_msgs/share/xarm_msgs/srv/RobotiqActivate_Response.msg
[27.180s] -- Symlinking: /home/mk/dev_ws/install/xarm_msgs/share/xarm_msgs/srv/RobotiqGetStatus.srv
[27.186s] -- Symlinking: /home/mk/dev_ws/install/xarm_msgs/share/xarm_msgs/srv/RobotiqGetStatus_Request.msg
[27.192s] -- Symlinking: /home/mk/dev_ws/install/xarm_msgs/share/xarm_msgs/srv/RobotiqGetStatus_Response.msg
[27.198s] -- Symlinking: /home/mk/dev_ws/install/xarm_msgs/share/xarm_msgs/srv/RobotiqMove.srv
[27.204s] -- Symlinking: /home/mk/dev_ws/install/xarm_msgs/share/xarm_msgs/srv/RobotiqMove_Request.msg
[27.209s] -- Symlinking: /home/mk/dev_ws/install/xarm_msgs/share/xarm_msgs/srv/RobotiqMove_Response.msg
[27.214s] -- Symlinking: /home/mk/dev_ws/install/xarm_msgs/share/xarm_msgs/srv/RobotiqReset.srv
[27.220s] -- Symlinking: /home/mk/dev_ws/install/xarm_msgs/share/xarm_msgs/srv/RobotiqReset_Request.msg
[27.226s] -- Symlinking: /home/mk/dev_ws/install/xarm_msgs/share/xarm_msgs/srv/RobotiqReset_Response.msg
[27.231s] -- Symlinking: /home/mk/dev_ws/install/xarm_msgs/share/xarm_msgs/srv/SetAnalogIO.srv
[27.236s] -- Symlinking: /home/mk/dev_ws/install/xarm_msgs/share/xarm_msgs/srv/SetAnalogIO_Request.msg
[27.242s] -- Symlinking: /home/mk/dev_ws/install/xarm_msgs/share/xarm_msgs/srv/SetAnalogIO_Response.msg
[27.248s] -- Symlinking: /home/mk/dev_ws/install/xarm_msgs/share/xarm_msgs/srv/SetDigitalIO.srv
[27.253s] -- Symlinking: /home/mk/dev_ws/install/xarm_msgs/share/xarm_msgs/srv/SetDigitalIO_Request.msg
[27.259s] -- Symlinking: /home/mk/dev_ws/install/xarm_msgs/share/xarm_msgs/srv/SetDigitalIO_Response.msg
[27.265s] -- Symlinking: /home/mk/dev_ws/install/xarm_msgs/share/xarm_msgs/srv/SetFloat32.srv
[27.272s] -- Symlinking: /home/mk/dev_ws/install/xarm_msgs/share/xarm_msgs/srv/SetFloat32_Request.msg
[27.278s] -- Symlinking: /home/mk/dev_ws/install/xarm_msgs/share/xarm_msgs/srv/SetFloat32_Response.msg
[27.284s] -- Symlinking: /home/mk/dev_ws/install/xarm_msgs/share/xarm_msgs/srv/SetFloat32List.srv
[27.289s] -- Symlinking: /home/mk/dev_ws/install/xarm_msgs/share/xarm_msgs/srv/SetFloat32List_Request.msg
[27.295s] -- Symlinking: /home/mk/dev_ws/install/xarm_msgs/share/xarm_msgs/srv/SetFloat32List_Response.msg
[27.301s] -- Symlinking: /home/mk/dev_ws/install/xarm_msgs/share/xarm_msgs/srv/SetInt16.srv
[27.307s] -- Symlinking: /home/mk/dev_ws/install/xarm_msgs/share/xarm_msgs/srv/SetInt16_Request.msg
[27.313s] -- Symlinking: /home/mk/dev_ws/install/xarm_msgs/share/xarm_msgs/srv/SetInt16_Response.msg
[27.319s] -- Symlinking: /home/mk/dev_ws/install/xarm_msgs/share/xarm_msgs/srv/SetInt16ById.srv
[27.325s] -- Symlinking: /home/mk/dev_ws/install/xarm_msgs/share/xarm_msgs/srv/SetInt16ById_Request.msg
[27.329s] -- Symlinking: /home/mk/dev_ws/install/xarm_msgs/share/xarm_msgs/srv/SetInt16ById_Response.msg
[27.334s] -- Symlinking: /home/mk/dev_ws/install/xarm_msgs/share/xarm_msgs/srv/SetInt16List.srv
[27.340s] -- Symlinking: /home/mk/dev_ws/install/xarm_msgs/share/xarm_msgs/srv/SetInt16List_Request.msg
[27.345s] -- Symlinking: /home/mk/dev_ws/install/xarm_msgs/share/xarm_msgs/srv/SetInt16List_Response.msg
[27.352s] -- Symlinking: /home/mk/dev_ws/install/xarm_msgs/share/xarm_msgs/srv/SetInt32.srv
[27.358s] -- Symlinking: /home/mk/dev_ws/install/xarm_msgs/share/xarm_msgs/srv/SetInt32_Request.msg
[27.364s] -- Symlinking: /home/mk/dev_ws/install/xarm_msgs/share/xarm_msgs/srv/SetInt32_Response.msg
[27.370s] -- Symlinking: /home/mk/dev_ws/install/xarm_msgs/share/xarm_msgs/srv/SetInt32ByType.srv
[27.375s] -- Symlinking: /home/mk/dev_ws/install/xarm_msgs/share/xarm_msgs/srv/SetInt32ByType_Request.msg
[27.380s] -- Symlinking: /home/mk/dev_ws/install/xarm_msgs/share/xarm_msgs/srv/SetInt32ByType_Response.msg
[27.385s] -- Symlinking: /home/mk/dev_ws/install/xarm_msgs/share/xarm_msgs/srv/TrajCtrl.srv
[27.391s] -- Symlinking: /home/mk/dev_ws/install/xarm_msgs/share/xarm_msgs/srv/TrajCtrl_Request.msg
[27.395s] -- Symlinking: /home/mk/dev_ws/install/xarm_msgs/share/xarm_msgs/srv/TrajCtrl_Response.msg
[27.400s] -- Symlinking: /home/mk/dev_ws/install/xarm_msgs/share/xarm_msgs/srv/TrajPlay.srv
[27.405s] -- Symlinking: /home/mk/dev_ws/install/xarm_msgs/share/xarm_msgs/srv/TrajPlay_Request.msg
[27.411s] -- Symlinking: /home/mk/dev_ws/install/xarm_msgs/share/xarm_msgs/srv/TrajPlay_Response.msg
[27.416s] -- Symlinking: /home/mk/dev_ws/install/xarm_msgs/share/xarm_msgs/srv/VacuumGripperCtrl.srv
[27.421s] -- Symlinking: /home/mk/dev_ws/install/xarm_msgs/share/xarm_msgs/srv/VacuumGripperCtrl_Request.msg
[27.426s] -- Symlinking: /home/mk/dev_ws/install/xarm_msgs/share/xarm_msgs/srv/VacuumGripperCtrl_Response.msg
[27.432s] -- Symlinking: /home/mk/dev_ws/install/xarm_msgs/share/xarm_msgs/srv/SetTcpLoad.srv
[27.436s] -- Symlinking: /home/mk/dev_ws/install/xarm_msgs/share/xarm_msgs/srv/SetTcpLoad_Request.msg
[27.441s] -- Symlinking: /home/mk/dev_ws/install/xarm_msgs/share/xarm_msgs/srv/SetTcpLoad_Response.msg
[27.445s] -- Symlinking: /home/mk/dev_ws/install/xarm_msgs/share/xarm_msgs/srv/SetModbusTimeout.srv
[27.450s] -- Symlinking: /home/mk/dev_ws/install/xarm_msgs/share/xarm_msgs/srv/SetModbusTimeout_Request.msg
[27.456s] -- Symlinking: /home/mk/dev_ws/install/xarm_msgs/share/xarm_msgs/srv/SetModbusTimeout_Response.msg
[27.461s] -- Symlinking: /home/mk/dev_ws/install/xarm_msgs/share/xarm_msgs/srv/IdenLoad.srv
[27.465s] -- Symlinking: /home/mk/dev_ws/install/xarm_msgs/share/xarm_msgs/srv/IdenLoad_Request.msg
[27.470s] -- Symlinking: /home/mk/dev_ws/install/xarm_msgs/share/xarm_msgs/srv/IdenLoad_Response.msg
[27.475s] -- Symlinking: /home/mk/dev_ws/install/xarm_msgs/share/xarm_msgs/srv/FtCaliLoad.srv
[27.480s] -- Symlinking: /home/mk/dev_ws/install/xarm_msgs/share/xarm_msgs/srv/FtCaliLoad_Request.msg
[27.486s] -- Symlinking: /home/mk/dev_ws/install/xarm_msgs/share/xarm_msgs/srv/FtCaliLoad_Response.msg
[27.491s] -- Symlinking: /home/mk/dev_ws/install/xarm_msgs/share/xarm_msgs/srv/FtForceConfig.srv
[27.495s] -- Symlinking: /home/mk/dev_ws/install/xarm_msgs/share/xarm_msgs/srv/FtForceConfig_Request.msg
[27.500s] -- Symlinking: /home/mk/dev_ws/install/xarm_msgs/share/xarm_msgs/srv/FtForceConfig_Response.msg
[27.507s] -- Symlinking: /home/mk/dev_ws/install/xarm_msgs/share/xarm_msgs/srv/FtForcePid.srv
[27.512s] -- Symlinking: /home/mk/dev_ws/install/xarm_msgs/share/xarm_msgs/srv/FtForcePid_Request.msg
[27.516s] -- Symlinking: /home/mk/dev_ws/install/xarm_msgs/share/xarm_msgs/srv/FtForcePid_Response.msg
[27.521s] -- Symlinking: /home/mk/dev_ws/install/xarm_msgs/share/xarm_msgs/srv/FtImpedance.srv
[27.526s] -- Symlinking: /home/mk/dev_ws/install/xarm_msgs/share/xarm_msgs/srv/FtImpedance_Request.msg
[27.530s] -- Symlinking: /home/mk/dev_ws/install/xarm_msgs/share/xarm_msgs/srv/FtImpedance_Response.msg
[27.535s] -- Symlinking: /home/mk/dev_ws/install/xarm_msgs/share/xarm_msgs/srv/LinearTrackBackOrigin.srv
[27.540s] -- Symlinking: /home/mk/dev_ws/install/xarm_msgs/share/xarm_msgs/srv/LinearTrackBackOrigin_Request.msg
[27.547s] -- Symlinking: /home/mk/dev_ws/install/xarm_msgs/share/xarm_msgs/srv/LinearTrackBackOrigin_Response.msg
[27.553s] -- Symlinking: /home/mk/dev_ws/install/xarm_msgs/share/xarm_msgs/srv/LinearTrackSetPos.srv
[27.557s] -- Symlinking: /home/mk/dev_ws/install/xarm_msgs/share/xarm_msgs/srv/LinearTrackSetPos_Request.msg
[27.561s] -- Symlinking: /home/mk/dev_ws/install/xarm_msgs/share/xarm_msgs/srv/LinearTrackSetPos_Response.msg
[27.567s] -- Symlinking: /home/mk/dev_ws/install/xarm_msgs/share/xarm_msgs/srv/PlanExec.srv
[27.573s] -- Symlinking: /home/mk/dev_ws/install/xarm_msgs/share/xarm_msgs/srv/PlanExec_Request.msg
[27.578s] -- Symlinking: /home/mk/dev_ws/install/xarm_msgs/share/xarm_msgs/srv/PlanExec_Response.msg
[27.583s] -- Symlinking: /home/mk/dev_ws/install/xarm_msgs/share/xarm_msgs/srv/PlanJoint.srv
[27.589s] -- Symlinking: /home/mk/dev_ws/install/xarm_msgs/share/xarm_msgs/srv/PlanJoint_Request.msg
[27.594s] -- Symlinking: /home/mk/dev_ws/install/xarm_msgs/share/xarm_msgs/srv/PlanJoint_Response.msg
[27.600s] -- Symlinking: /home/mk/dev_ws/install/xarm_msgs/share/xarm_msgs/srv/PlanPose.srv
[27.604s] -- Symlinking: /home/mk/dev_ws/install/xarm_msgs/share/xarm_msgs/srv/PlanPose_Request.msg
[27.609s] -- Symlinking: /home/mk/dev_ws/install/xarm_msgs/share/xarm_msgs/srv/PlanPose_Response.msg
[27.614s] -- Symlinking: /home/mk/dev_ws/install/xarm_msgs/share/xarm_msgs/srv/PlanSingleStraight.srv
[27.620s] -- Symlinking: /home/mk/dev_ws/install/xarm_msgs/share/xarm_msgs/srv/PlanSingleStraight_Request.msg
[27.626s] -- Symlinking: /home/mk/dev_ws/install/xarm_msgs/share/xarm_msgs/srv/PlanSingleStraight_Response.msg
[27.630s] -- Symlinking: /home/mk/dev_ws/install/xarm_msgs/share/ament_index/resource_index/package_run_dependencies/xarm_msgs
[27.635s] -- Symlinking: /home/mk/dev_ws/install/xarm_msgs/share/ament_index/resource_index/parent_prefix_path/xarm_msgs
[27.641s] -- Symlinking: /home/mk/dev_ws/install/xarm_msgs/share/xarm_msgs/environment/ament_prefix_path.sh
[27.648s] -- Symlinking: /home/mk/dev_ws/install/xarm_msgs/share/xarm_msgs/environment/ament_prefix_path.dsv
[27.652s] -- Symlinking: /home/mk/dev_ws/install/xarm_msgs/share/xarm_msgs/environment/path.sh
[27.658s] -- Symlinking: /home/mk/dev_ws/install/xarm_msgs/share/xarm_msgs/environment/path.dsv
[27.663s] -- Symlinking: /home/mk/dev_ws/install/xarm_msgs/share/xarm_msgs/local_setup.bash
[27.669s] -- Symlinking: /home/mk/dev_ws/install/xarm_msgs/share/xarm_msgs/local_setup.sh
[27.675s] -- Symlinking: /home/mk/dev_ws/install/xarm_msgs/share/xarm_msgs/local_setup.zsh
[27.680s] -- Symlinking: /home/mk/dev_ws/install/xarm_msgs/share/xarm_msgs/local_setup.dsv
[27.685s] -- Symlinking: /home/mk/dev_ws/install/xarm_msgs/share/xarm_msgs/package.dsv
[27.690s] -- Symlinking: /home/mk/dev_ws/install/xarm_msgs/share/ament_index/resource_index/packages/xarm_msgs
[27.695s] -- Symlinking: /home/mk/dev_ws/install/xarm_msgs/share/xarm_msgs/cmake/rosidl_cmake-extras.cmake
[27.701s] -- Symlinking: /home/mk/dev_ws/install/xarm_msgs/share/xarm_msgs/cmake/ament_cmake_export_dependencies-extras.cmake
[27.706s] -- Symlinking: /home/mk/dev_ws/install/xarm_msgs/share/xarm_msgs/cmake/ament_cmake_export_include_directories-extras.cmake
[27.712s] -- Symlinking: /home/mk/dev_ws/install/xarm_msgs/share/xarm_msgs/cmake/ament_cmake_export_libraries-extras.cmake
[27.717s] -- Symlinking: /home/mk/dev_ws/install/xarm_msgs/share/xarm_msgs/cmake/ament_cmake_export_targets-extras.cmake
[27.723s] -- Symlinking: /home/mk/dev_ws/install/xarm_msgs/share/xarm_msgs/cmake/rosidl_cmake_export_typesupport_targets-extras.cmake
[27.729s] -- Symlinking: /home/mk/dev_ws/install/xarm_msgs/share/xarm_msgs/cmake/rosidl_cmake_export_typesupport_libraries-extras.cmake
[27.735s] -- Symlinking: /home/mk/dev_ws/install/xarm_msgs/share/xarm_msgs/cmake/xarm_msgsConfig.cmake
[27.739s] -- Symlinking: /home/mk/dev_ws/install/xarm_msgs/share/xarm_msgs/cmake/xarm_msgsConfig-version.cmake
[27.744s] -- Symlinking: /home/mk/dev_ws/install/xarm_msgs/share/xarm_msgs/package.xml
[27.749s] -- Installing: /home/mk/dev_ws/install/xarm_msgs/lib/libxarm_msgs__rosidl_generator_c.so
[27.750s] -- Set runtime path of "/home/mk/dev_ws/install/xarm_msgs/lib/libxarm_msgs__rosidl_generator_c.so" to ""
[27.750s] -- Installing: /home/mk/dev_ws/install/xarm_msgs/lib/libxarm_msgs__rosidl_typesupport_fastrtps_c.so
[27.750s] -- Set runtime path of "/home/mk/dev_ws/install/xarm_msgs/lib/libxarm_msgs__rosidl_typesupport_fastrtps_c.so" to ""
[27.750s] -- Installing: /home/mk/dev_ws/install/xarm_msgs/lib/libxarm_msgs__rosidl_typesupport_fastrtps_cpp.so
[27.751s] -- Set runtime path of "/home/mk/dev_ws/install/xarm_msgs/lib/libxarm_msgs__rosidl_typesupport_fastrtps_cpp.so" to ""
[27.751s] -- Installing: /home/mk/dev_ws/install/xarm_msgs/lib/libxarm_msgs__rosidl_typesupport_introspection_c.so
[27.751s] -- Set runtime path of "/home/mk/dev_ws/install/xarm_msgs/lib/libxarm_msgs__rosidl_typesupport_introspection_c.so" to ""
[27.751s] -- Installing: /home/mk/dev_ws/install/xarm_msgs/lib/libxarm_msgs__rosidl_typesupport_c.so
[27.751s] -- Set runtime path of "/home/mk/dev_ws/install/xarm_msgs/lib/libxarm_msgs__rosidl_typesupport_c.so" to ""
[27.751s] -- Installing: /home/mk/dev_ws/install/xarm_msgs/lib/libxarm_msgs__rosidl_typesupport_introspection_cpp.so
[27.752s] -- Set runtime path of "/home/mk/dev_ws/install/xarm_msgs/lib/libxarm_msgs__rosidl_typesupport_introspection_cpp.so" to ""
[27.752s] -- Installing: /home/mk/dev_ws/install/xarm_msgs/lib/libxarm_msgs__rosidl_typesupport_cpp.so
[27.752s] -- Set runtime path of "/home/mk/dev_ws/install/xarm_msgs/lib/libxarm_msgs__rosidl_typesupport_cpp.so" to ""
[27.821s] Listing '/home/mk/dev_ws/install/xarm_msgs/local/lib/python3.10/dist-packages/xarm_msgs'...
[27.821s] Compiling '/home/mk/dev_ws/install/xarm_msgs/local/lib/python3.10/dist-packages/xarm_msgs/__init__.py'...
[27.822s] Listing '/home/mk/dev_ws/install/xarm_msgs/local/lib/python3.10/dist-packages/xarm_msgs/msg'...
[27.822s] Compiling '/home/mk/dev_ws/install/xarm_msgs/local/lib/python3.10/dist-packages/xarm_msgs/msg/__init__.py'...
[27.822s] Compiling '/home/mk/dev_ws/install/xarm_msgs/local/lib/python3.10/dist-packages/xarm_msgs/msg/_cio_state.py'...
[27.822s] Compiling '/home/mk/dev_ws/install/xarm_msgs/local/lib/python3.10/dist-packages/xarm_msgs/msg/_io_state.py'...
[27.822s] Compiling '/home/mk/dev_ws/install/xarm_msgs/local/lib/python3.10/dist-packages/xarm_msgs/msg/_robot_msg.py'...
[27.822s] Listing '/home/mk/dev_ws/install/xarm_msgs/local/lib/python3.10/dist-packages/xarm_msgs/srv'...
[27.822s] Compiling '/home/mk/dev_ws/install/xarm_msgs/local/lib/python3.10/dist-packages/xarm_msgs/srv/__init__.py'...
[27.822s] Compiling '/home/mk/dev_ws/install/xarm_msgs/local/lib/python3.10/dist-packages/xarm_msgs/srv/_bio_gripper_ctrl.py'...
[27.822s] Compiling '/home/mk/dev_ws/install/xarm_msgs/local/lib/python3.10/dist-packages/xarm_msgs/srv/_bio_gripper_enable.py'...
[27.822s] Compiling '/home/mk/dev_ws/install/xarm_msgs/local/lib/python3.10/dist-packages/xarm_msgs/srv/_call.py'...
[27.822s] Compiling '/home/mk/dev_ws/install/xarm_msgs/local/lib/python3.10/dist-packages/xarm_msgs/srv/_ft_cali_load.py'...
[27.822s] Compiling '/home/mk/dev_ws/install/xarm_msgs/local/lib/python3.10/dist-packages/xarm_msgs/srv/_ft_force_config.py'...
[27.822s] Compiling '/home/mk/dev_ws/install/xarm_msgs/local/lib/python3.10/dist-packages/xarm_msgs/srv/_ft_force_pid.py'...
[27.822s] Compiling '/home/mk/dev_ws/install/xarm_msgs/local/lib/python3.10/dist-packages/xarm_msgs/srv/_ft_impedance.py'...
[27.822s] Compiling '/home/mk/dev_ws/install/xarm_msgs/local/lib/python3.10/dist-packages/xarm_msgs/srv/_get_analog_io.py'...
[27.822s] Compiling '/home/mk/dev_ws/install/xarm_msgs/local/lib/python3.10/dist-packages/xarm_msgs/srv/_get_digital_io.py'...
[27.822s] Compiling '/home/mk/dev_ws/install/xarm_msgs/local/lib/python3.10/dist-packages/xarm_msgs/srv/_get_float32.py'...
[27.822s] Compiling '/home/mk/dev_ws/install/xarm_msgs/local/lib/python3.10/dist-packages/xarm_msgs/srv/_get_float32_list.py'...
[27.822s] Compiling '/home/mk/dev_ws/install/xarm_msgs/local/lib/python3.10/dist-packages/xarm_msgs/srv/_get_int16.py'...
[27.822s] Compiling '/home/mk/dev_ws/install/xarm_msgs/local/lib/python3.10/dist-packages/xarm_msgs/srv/_get_int16_list.py'...
[27.822s] Compiling '/home/mk/dev_ws/install/xarm_msgs/local/lib/python3.10/dist-packages/xarm_msgs/srv/_get_int32.py'...
[27.822s] Compiling '/home/mk/dev_ws/install/xarm_msgs/local/lib/python3.10/dist-packages/xarm_msgs/srv/_get_int32_by_type.py'...
[27.822s] Compiling '/home/mk/dev_ws/install/xarm_msgs/local/lib/python3.10/dist-packages/xarm_msgs/srv/_get_set_modbus_data.py'...
[27.822s] Compiling '/home/mk/dev_ws/install/xarm_msgs/local/lib/python3.10/dist-packages/xarm_msgs/srv/_gripper_move.py'...
[27.822s] Compiling '/home/mk/dev_ws/install/xarm_msgs/local/lib/python3.10/dist-packages/xarm_msgs/srv/_iden_load.py'...
[27.822s] Compiling '/home/mk/dev_ws/install/xarm_msgs/local/lib/python3.10/dist-packages/xarm_msgs/srv/_linear_track_back_origin.py'...
[27.822s] Compiling '/home/mk/dev_ws/install/xarm_msgs/local/lib/python3.10/dist-packages/xarm_msgs/srv/_linear_track_set_pos.py'...
[27.822s] Compiling '/home/mk/dev_ws/install/xarm_msgs/local/lib/python3.10/dist-packages/xarm_msgs/srv/_move_cartesian.py'...
[27.822s] Compiling '/home/mk/dev_ws/install/xarm_msgs/local/lib/python3.10/dist-packages/xarm_msgs/srv/_move_circle.py'...
[27.822s] Compiling '/home/mk/dev_ws/install/xarm_msgs/local/lib/python3.10/dist-packages/xarm_msgs/srv/_move_home.py'...
[27.822s] Compiling '/home/mk/dev_ws/install/xarm_msgs/local/lib/python3.10/dist-packages/xarm_msgs/srv/_move_joint.py'...
[27.822s] Compiling '/home/mk/dev_ws/install/xarm_msgs/local/lib/python3.10/dist-packages/xarm_msgs/srv/_move_velocity.py'...
[27.822s] Compiling '/home/mk/dev_ws/install/xarm_msgs/local/lib/python3.10/dist-packages/xarm_msgs/srv/_plan_exec.py'...
[27.822s] Compiling '/home/mk/dev_ws/install/xarm_msgs/local/lib/python3.10/dist-packages/xarm_msgs/srv/_plan_joint.py'...
[27.822s] Compiling '/home/mk/dev_ws/install/xarm_msgs/local/lib/python3.10/dist-packages/xarm_msgs/srv/_plan_pose.py'...
[27.822s] Compiling '/home/mk/dev_ws/install/xarm_msgs/local/lib/python3.10/dist-packages/xarm_msgs/srv/_plan_single_straight.py'...
[27.822s] Compiling '/home/mk/dev_ws/install/xarm_msgs/local/lib/python3.10/dist-packages/xarm_msgs/srv/_robotiq_activate.py'...
[27.822s] Compiling '/home/mk/dev_ws/install/xarm_msgs/local/lib/python3.10/dist-packages/xarm_msgs/srv/_robotiq_get_status.py'...
[27.822s] Compiling '/home/mk/dev_ws/install/xarm_msgs/local/lib/python3.10/dist-packages/xarm_msgs/srv/_robotiq_move.py'...
[27.822s] Compiling '/home/mk/dev_ws/install/xarm_msgs/local/lib/python3.10/dist-packages/xarm_msgs/srv/_robotiq_reset.py'...
[27.822s] Compiling '/home/mk/dev_ws/install/xarm_msgs/local/lib/python3.10/dist-packages/xarm_msgs/srv/_set_analog_io.py'...
[27.822s] Compiling '/home/mk/dev_ws/install/xarm_msgs/local/lib/python3.10/dist-packages/xarm_msgs/srv/_set_digital_io.py'...
[27.822s] Compiling '/home/mk/dev_ws/install/xarm_msgs/local/lib/python3.10/dist-packages/xarm_msgs/srv/_set_float32.py'...
[27.823s] Compiling '/home/mk/dev_ws/install/xarm_msgs/local/lib/python3.10/dist-packages/xarm_msgs/srv/_set_float32_list.py'...
[27.823s] Compiling '/home/mk/dev_ws/install/xarm_msgs/local/lib/python3.10/dist-packages/xarm_msgs/srv/_set_int16.py'...
[27.823s] Compiling '/home/mk/dev_ws/install/xarm_msgs/local/lib/python3.10/dist-packages/xarm_msgs/srv/_set_int16_by_id.py'...
[27.823s] Compiling '/home/mk/dev_ws/install/xarm_msgs/local/lib/python3.10/dist-packages/xarm_msgs/srv/_set_int16_list.py'...
[27.823s] Compiling '/home/mk/dev_ws/install/xarm_msgs/local/lib/python3.10/dist-packages/xarm_msgs/srv/_set_int32.py'...
[27.823s] Compiling '/home/mk/dev_ws/install/xarm_msgs/local/lib/python3.10/dist-packages/xarm_msgs/srv/_set_int32_by_type.py'...
[27.823s] Compiling '/home/mk/dev_ws/install/xarm_msgs/local/lib/python3.10/dist-packages/xarm_msgs/srv/_set_modbus_timeout.py'...
[27.823s] Compiling '/home/mk/dev_ws/install/xarm_msgs/local/lib/python3.10/dist-packages/xarm_msgs/srv/_set_tcp_load.py'...
[27.823s] Compiling '/home/mk/dev_ws/install/xarm_msgs/local/lib/python3.10/dist-packages/xarm_msgs/srv/_traj_ctrl.py'...
[27.823s] Compiling '/home/mk/dev_ws/install/xarm_msgs/local/lib/python3.10/dist-packages/xarm_msgs/srv/_traj_play.py'...
[27.823s] Compiling '/home/mk/dev_ws/install/xarm_msgs/local/lib/python3.10/dist-packages/xarm_msgs/srv/_vacuum_gripper_ctrl.py'...
[27.824s] -- Installing: /home/mk/dev_ws/install/xarm_msgs/lib/libxarm_msgs__rosidl_generator_py.so
[27.825s] -- Set runtime path of "/home/mk/dev_ws/install/xarm_msgs/lib/libxarm_msgs__rosidl_generator_py.so" to ""
[27.825s] -- Installing: /home/mk/dev_ws/install/xarm_msgs/share/xarm_msgs/cmake/export_xarm_msgs__rosidl_generator_cExport.cmake
[27.825s] -- Installing: /home/mk/dev_ws/install/xarm_msgs/share/xarm_msgs/cmake/export_xarm_msgs__rosidl_generator_cExport-noconfig.cmake
[27.825s] -- Installing: /home/mk/dev_ws/install/xarm_msgs/share/xarm_msgs/cmake/export_xarm_msgs__rosidl_typesupport_fastrtps_cExport.cmake
[27.825s] -- Installing: /home/mk/dev_ws/install/xarm_msgs/share/xarm_msgs/cmake/export_xarm_msgs__rosidl_typesupport_fastrtps_cExport-noconfig.cmake
[27.825s] -- Installing: /home/mk/dev_ws/install/xarm_msgs/share/xarm_msgs/cmake/export_xarm_msgs__rosidl_generator_cppExport.cmake
[27.825s] -- Installing: /home/mk/dev_ws/install/xarm_msgs/share/xarm_msgs/cmake/export_xarm_msgs__rosidl_typesupport_fastrtps_cppExport.cmake
[27.825s] -- Installing: /home/mk/dev_ws/install/xarm_msgs/share/xarm_msgs/cmake/export_xarm_msgs__rosidl_typesupport_fastrtps_cppExport-noconfig.cmake
[27.825s] -- Installing: /home/mk/dev_ws/install/xarm_msgs/share/xarm_msgs/cmake/xarm_msgs__rosidl_typesupport_introspection_cExport.cmake
[27.825s] -- Installing: /home/mk/dev_ws/install/xarm_msgs/share/xarm_msgs/cmake/xarm_msgs__rosidl_typesupport_introspection_cExport-noconfig.cmake
[27.825s] -- Installing: /home/mk/dev_ws/install/xarm_msgs/share/xarm_msgs/cmake/xarm_msgs__rosidl_typesupport_cExport.cmake
[27.825s] -- Installing: /home/mk/dev_ws/install/xarm_msgs/share/xarm_msgs/cmake/xarm_msgs__rosidl_typesupport_cExport-noconfig.cmake
[27.825s] -- Installing: /home/mk/dev_ws/install/xarm_msgs/share/xarm_msgs/cmake/xarm_msgs__rosidl_typesupport_introspection_cppExport.cmake
[27.825s] -- Installing: /home/mk/dev_ws/install/xarm_msgs/share/xarm_msgs/cmake/xarm_msgs__rosidl_typesupport_introspection_cppExport-noconfig.cmake
[27.825s] -- Installing: /home/mk/dev_ws/install/xarm_msgs/share/xarm_msgs/cmake/xarm_msgs__rosidl_typesupport_cppExport.cmake
[27.825s] -- Installing: /home/mk/dev_ws/install/xarm_msgs/share/xarm_msgs/cmake/xarm_msgs__rosidl_typesupport_cppExport-noconfig.cmake
[27.825s] -- Installing: /home/mk/dev_ws/install/xarm_msgs/share/xarm_msgs/cmake/export_xarm_msgs__rosidl_generator_pyExport.cmake
[27.826s] -- Installing: /home/mk/dev_ws/install/xarm_msgs/share/xarm_msgs/cmake/export_xarm_msgs__rosidl_generator_pyExport-noconfig.cmake
[27.827s] Invoked command in '/home/mk/dev_ws/build/xarm_msgs' returned '0': CMAKE_PREFIX_PATH=/opt/ros/humble /usr/bin/cmake --install /home/mk/dev_ws/build/xarm_msgs
