[0.056s] DEBUG:colcon:Command line arguments: ['/usr/bin/colcon', 'build', '--symlink-install']
[0.056s] DEBUG:colcon:Parsed command line arguments: Namespace(log_base=None, log_level=None, verb_name='build', build_base='build', install_base='install', merge_install=False, symlink_install=True, test_result_base=None, continue_on_error=False, executor='parallel', parallel_workers=20, event_handlers=None, ignore_user_meta=False, metas=['./colcon.meta'], base_paths=['.'], packages_ignore=None, packages_ignore_regex=None, paths=None, packages_up_to=None, packages_up_to_regex=None, packages_above=None, packages_above_and_dependencies=None, packages_above_depth=None, packages_select_by_dep=None, packages_skip_by_dep=None, packages_skip_up_to=None, packages_select_build_failed=False, packages_skip_build_finished=False, packages_select_test_failures=False, packages_skip_test_passed=False, packages_select=None, packages_skip=None, packages_select_regex=None, packages_skip_regex=None, packages_start=None, packages_end=None, allow_overriding=[], cmake_args=None, cmake_target=None, cmake_target_skip_unavailable=False, cmake_clean_cache=False, cmake_clean_first=False, cmake_force_configure=False, ament_cmake_args=None, catkin_cmake_args=None, catkin_skip_building_tests=False, mixin_files=None, mixin=None, verb_parser=<colcon_mixin.mixin.mixin_argument.MixinArgumentDecorator object at 0x7ddac7c319c0>, verb_extension=<colcon_core.verb.build.BuildVerb object at 0x7ddac7c31330>, main=<bound method BuildVerb.main of <colcon_core.verb.build.BuildVerb object at 0x7ddac7c31330>>, mixin_verb=('build',))
[0.149s] Level 1:colcon.colcon_core.package_discovery:discover_packages(colcon_meta) check parameters
[0.149s] Level 1:colcon.colcon_core.package_discovery:discover_packages(recursive) check parameters
[0.150s] Level 1:colcon.colcon_core.package_discovery:discover_packages(ignore) check parameters
[0.150s] Level 1:colcon.colcon_core.package_discovery:discover_packages(path) check parameters
[0.150s] Level 1:colcon.colcon_core.package_discovery:discover_packages(colcon_meta) discover
[0.150s] Level 1:colcon.colcon_core.package_discovery:discover_packages(recursive) discover
[0.150s] INFO:colcon.colcon_core.package_discovery:Crawling recursively for packages in '/home/mk/dev_ws'
[0.150s] Level 1:colcon.colcon_core.package_identification:_identify(.) by extensions ['ignore', 'ignore_ament_install']
[0.150s] Level 1:colcon.colcon_core.package_identification:_identify(.) by extension 'ignore'
[0.150s] Level 1:colcon.colcon_core.package_identification:_identify(.) by extension 'ignore_ament_install'
[0.150s] Level 1:colcon.colcon_core.package_identification:_identify(.) by extensions ['colcon_pkg']
[0.150s] Level 1:colcon.colcon_core.package_identification:_identify(.) by extension 'colcon_pkg'
[0.150s] Level 1:colcon.colcon_core.package_identification:_identify(.) by extensions ['colcon_meta']
[0.150s] Level 1:colcon.colcon_core.package_identification:_identify(.) by extension 'colcon_meta'
[0.150s] Level 1:colcon.colcon_core.package_identification:_identify(.) by extensions ['ros']
[0.150s] Level 1:colcon.colcon_core.package_identification:_identify(.) by extension 'ros'
[0.169s] Level 1:colcon.colcon_core.package_identification:_identify(.) by extensions ['cmake', 'python']
[0.169s] Level 1:colcon.colcon_core.package_identification:_identify(.) by extension 'cmake'
[0.169s] Level 1:colcon.colcon_core.package_identification:_identify(.) by extension 'python'
[0.169s] Level 1:colcon.colcon_core.package_identification:_identify(.) by extensions ['python_setup_py']
[0.169s] Level 1:colcon.colcon_core.package_identification:_identify(.) by extension 'python_setup_py'
[0.169s] Level 1:colcon.colcon_core.package_identification:_identify(_imgs) by extensions ['ignore', 'ignore_ament_install']
[0.169s] Level 1:colcon.colcon_core.package_identification:_identify(_imgs) by extension 'ignore'
[0.169s] Level 1:colcon.colcon_core.package_identification:_identify(_imgs) by extension 'ignore_ament_install'
[0.169s] Level 1:colcon.colcon_core.package_identification:_identify(_imgs) by extensions ['colcon_pkg']
[0.169s] Level 1:colcon.colcon_core.package_identification:_identify(_imgs) by extension 'colcon_pkg'
[0.169s] Level 1:colcon.colcon_core.package_identification:_identify(_imgs) by extensions ['colcon_meta']
[0.169s] Level 1:colcon.colcon_core.package_identification:_identify(_imgs) by extension 'colcon_meta'
[0.169s] Level 1:colcon.colcon_core.package_identification:_identify(_imgs) by extensions ['ros']
[0.169s] Level 1:colcon.colcon_core.package_identification:_identify(_imgs) by extension 'ros'
[0.170s] Level 1:colcon.colcon_core.package_identification:_identify(_imgs) by extensions ['cmake', 'python']
[0.170s] Level 1:colcon.colcon_core.package_identification:_identify(_imgs) by extension 'cmake'
[0.170s] Level 1:colcon.colcon_core.package_identification:_identify(_imgs) by extension 'python'
[0.170s] Level 1:colcon.colcon_core.package_identification:_identify(_imgs) by extensions ['python_setup_py']
[0.170s] Level 1:colcon.colcon_core.package_identification:_identify(_imgs) by extension 'python_setup_py'
[0.170s] Level 1:colcon.colcon_core.package_identification:_identify(_sh) by extensions ['ignore', 'ignore_ament_install']
[0.170s] Level 1:colcon.colcon_core.package_identification:_identify(_sh) by extension 'ignore'
[0.170s] Level 1:colcon.colcon_core.package_identification:_identify(_sh) by extension 'ignore_ament_install'
[0.170s] Level 1:colcon.colcon_core.package_identification:_identify(_sh) by extensions ['colcon_pkg']
[0.170s] Level 1:colcon.colcon_core.package_identification:_identify(_sh) by extension 'colcon_pkg'
[0.170s] Level 1:colcon.colcon_core.package_identification:_identify(_sh) by extensions ['colcon_meta']
[0.170s] Level 1:colcon.colcon_core.package_identification:_identify(_sh) by extension 'colcon_meta'
[0.170s] Level 1:colcon.colcon_core.package_identification:_identify(_sh) by extensions ['ros']
[0.170s] Level 1:colcon.colcon_core.package_identification:_identify(_sh) by extension 'ros'
[0.170s] Level 1:colcon.colcon_core.package_identification:_identify(_sh) by extensions ['cmake', 'python']
[0.170s] Level 1:colcon.colcon_core.package_identification:_identify(_sh) by extension 'cmake'
[0.170s] Level 1:colcon.colcon_core.package_identification:_identify(_sh) by extension 'python'
[0.170s] Level 1:colcon.colcon_core.package_identification:_identify(_sh) by extensions ['python_setup_py']
[0.170s] Level 1:colcon.colcon_core.package_identification:_identify(_sh) by extension 'python_setup_py'
[0.170s] Level 1:colcon.colcon_core.package_identification:_identify(build) by extensions ['ignore', 'ignore_ament_install']
[0.170s] Level 1:colcon.colcon_core.package_identification:_identify(build) by extension 'ignore'
[0.170s] Level 1:colcon.colcon_core.package_identification:_identify(build) ignored
[0.170s] Level 1:colcon.colcon_core.package_identification:_identify(install) by extensions ['ignore', 'ignore_ament_install']
[0.170s] Level 1:colcon.colcon_core.package_identification:_identify(install) by extension 'ignore'
[0.170s] Level 1:colcon.colcon_core.package_identification:_identify(install) ignored
[0.170s] Level 1:colcon.colcon_core.package_identification:_identify(log) by extensions ['ignore', 'ignore_ament_install']
[0.170s] Level 1:colcon.colcon_core.package_identification:_identify(log) by extension 'ignore'
[0.170s] Level 1:colcon.colcon_core.package_identification:_identify(log) ignored
[0.170s] Level 1:colcon.colcon_core.package_identification:_identify(ros2_nexus) by extensions ['ignore', 'ignore_ament_install']
[0.170s] Level 1:colcon.colcon_core.package_identification:_identify(ros2_nexus) by extension 'ignore'
[0.170s] Level 1:colcon.colcon_core.package_identification:_identify(ros2_nexus) by extension 'ignore_ament_install'
[0.170s] Level 1:colcon.colcon_core.package_identification:_identify(ros2_nexus) by extensions ['colcon_pkg']
[0.170s] Level 1:colcon.colcon_core.package_identification:_identify(ros2_nexus) by extension 'colcon_pkg'
[0.170s] Level 1:colcon.colcon_core.package_identification:_identify(ros2_nexus) by extensions ['colcon_meta']
[0.170s] Level 1:colcon.colcon_core.package_identification:_identify(ros2_nexus) by extension 'colcon_meta'
[0.170s] Level 1:colcon.colcon_core.package_identification:_identify(ros2_nexus) by extensions ['ros']
[0.170s] Level 1:colcon.colcon_core.package_identification:_identify(ros2_nexus) by extension 'ros'
[0.170s] Level 1:colcon.colcon_core.package_identification:_identify(ros2_nexus) by extensions ['cmake', 'python']
[0.170s] Level 1:colcon.colcon_core.package_identification:_identify(ros2_nexus) by extension 'cmake'
[0.170s] Level 1:colcon.colcon_core.package_identification:_identify(ros2_nexus) by extension 'python'
[0.170s] Level 1:colcon.colcon_core.package_identification:_identify(ros2_nexus) by extensions ['python_setup_py']
[0.170s] Level 1:colcon.colcon_core.package_identification:_identify(ros2_nexus) by extension 'python_setup_py'
[0.171s] Level 1:colcon.colcon_core.package_identification:_identify(ros2_nexus/__pycache__) by extensions ['ignore', 'ignore_ament_install']
[0.171s] Level 1:colcon.colcon_core.package_identification:_identify(ros2_nexus/__pycache__) by extension 'ignore'
[0.171s] Level 1:colcon.colcon_core.package_identification:_identify(ros2_nexus/__pycache__) by extension 'ignore_ament_install'
[0.171s] Level 1:colcon.colcon_core.package_identification:_identify(ros2_nexus/__pycache__) by extensions ['colcon_pkg']
[0.171s] Level 1:colcon.colcon_core.package_identification:_identify(ros2_nexus/__pycache__) by extension 'colcon_pkg'
[0.171s] Level 1:colcon.colcon_core.package_identification:_identify(ros2_nexus/__pycache__) by extensions ['colcon_meta']
[0.171s] Level 1:colcon.colcon_core.package_identification:_identify(ros2_nexus/__pycache__) by extension 'colcon_meta'
[0.171s] Level 1:colcon.colcon_core.package_identification:_identify(ros2_nexus/__pycache__) by extensions ['ros']
[0.171s] Level 1:colcon.colcon_core.package_identification:_identify(ros2_nexus/__pycache__) by extension 'ros'
[0.171s] Level 1:colcon.colcon_core.package_identification:_identify(ros2_nexus/__pycache__) by extensions ['cmake', 'python']
[0.171s] Level 1:colcon.colcon_core.package_identification:_identify(ros2_nexus/__pycache__) by extension 'cmake'
[0.171s] Level 1:colcon.colcon_core.package_identification:_identify(ros2_nexus/__pycache__) by extension 'python'
[0.171s] Level 1:colcon.colcon_core.package_identification:_identify(ros2_nexus/__pycache__) by extensions ['python_setup_py']
[0.171s] Level 1:colcon.colcon_core.package_identification:_identify(ros2_nexus/__pycache__) by extension 'python_setup_py'
[0.171s] Level 1:colcon.colcon_core.package_identification:_identify(src) by extensions ['ignore', 'ignore_ament_install']
[0.171s] Level 1:colcon.colcon_core.package_identification:_identify(src) by extension 'ignore'
[0.171s] Level 1:colcon.colcon_core.package_identification:_identify(src) by extension 'ignore_ament_install'
[0.171s] Level 1:colcon.colcon_core.package_identification:_identify(src) by extensions ['colcon_pkg']
[0.171s] Level 1:colcon.colcon_core.package_identification:_identify(src) by extension 'colcon_pkg'
[0.171s] Level 1:colcon.colcon_core.package_identification:_identify(src) by extensions ['colcon_meta']
[0.171s] Level 1:colcon.colcon_core.package_identification:_identify(src) by extension 'colcon_meta'
[0.171s] Level 1:colcon.colcon_core.package_identification:_identify(src) by extensions ['ros']
[0.171s] Level 1:colcon.colcon_core.package_identification:_identify(src) by extension 'ros'
[0.171s] Level 1:colcon.colcon_core.package_identification:_identify(src) by extensions ['cmake', 'python']
[0.171s] Level 1:colcon.colcon_core.package_identification:_identify(src) by extension 'cmake'
[0.171s] Level 1:colcon.colcon_core.package_identification:_identify(src) by extension 'python'
[0.171s] Level 1:colcon.colcon_core.package_identification:_identify(src) by extensions ['python_setup_py']
[0.171s] Level 1:colcon.colcon_core.package_identification:_identify(src) by extension 'python_setup_py'
[0.171s] Level 1:colcon.colcon_core.package_identification:_identify(src/collision_check) by extensions ['ignore', 'ignore_ament_install']
[0.171s] Level 1:colcon.colcon_core.package_identification:_identify(src/collision_check) by extension 'ignore'
[0.171s] Level 1:colcon.colcon_core.package_identification:_identify(src/collision_check) by extension 'ignore_ament_install'
[0.171s] Level 1:colcon.colcon_core.package_identification:_identify(src/collision_check) by extensions ['colcon_pkg']
[0.171s] Level 1:colcon.colcon_core.package_identification:_identify(src/collision_check) by extension 'colcon_pkg'
[0.171s] Level 1:colcon.colcon_core.package_identification:_identify(src/collision_check) by extensions ['colcon_meta']
[0.171s] Level 1:colcon.colcon_core.package_identification:_identify(src/collision_check) by extension 'colcon_meta'
[0.171s] Level 1:colcon.colcon_core.package_identification:_identify(src/collision_check) by extensions ['ros']
[0.171s] Level 1:colcon.colcon_core.package_identification:_identify(src/collision_check) by extension 'ros'
[0.172s] DEBUG:colcon.colcon_core.package_identification:Package 'src/collision_check' with type 'ros.ament_python' and name 'collision_check'
[0.172s] Level 1:colcon.colcon_core.package_identification:_identify(src/dashboard_monitoring) by extensions ['ignore', 'ignore_ament_install']
[0.173s] Level 1:colcon.colcon_core.package_identification:_identify(src/dashboard_monitoring) by extension 'ignore'
[0.173s] Level 1:colcon.colcon_core.package_identification:_identify(src/dashboard_monitoring) by extension 'ignore_ament_install'
[0.173s] Level 1:colcon.colcon_core.package_identification:_identify(src/dashboard_monitoring) by extensions ['colcon_pkg']
[0.173s] Level 1:colcon.colcon_core.package_identification:_identify(src/dashboard_monitoring) by extension 'colcon_pkg'
[0.173s] Level 1:colcon.colcon_core.package_identification:_identify(src/dashboard_monitoring) by extensions ['colcon_meta']
[0.173s] Level 1:colcon.colcon_core.package_identification:_identify(src/dashboard_monitoring) by extension 'colcon_meta'
[0.173s] Level 1:colcon.colcon_core.package_identification:_identify(src/dashboard_monitoring) by extensions ['ros']
[0.173s] Level 1:colcon.colcon_core.package_identification:_identify(src/dashboard_monitoring) by extension 'ros'
[0.173s] Level 1:colcon.colcon_core.package_identification:_identify(src/dashboard_monitoring) by extensions ['cmake', 'python']
[0.173s] Level 1:colcon.colcon_core.package_identification:_identify(src/dashboard_monitoring) by extension 'cmake'
[0.173s] Level 1:colcon.colcon_core.package_identification:_identify(src/dashboard_monitoring) by extension 'python'
[0.173s] Level 1:colcon.colcon_core.package_identification:_identify(src/dashboard_monitoring) by extensions ['python_setup_py']
[0.173s] Level 1:colcon.colcon_core.package_identification:_identify(src/dashboard_monitoring) by extension 'python_setup_py'
[0.173s] Level 1:colcon.colcon_core.package_identification:_identify(src/dashboard_monitoring/__pycache__) by extensions ['ignore', 'ignore_ament_install']
[0.173s] Level 1:colcon.colcon_core.package_identification:_identify(src/dashboard_monitoring/__pycache__) by extension 'ignore'
[0.173s] Level 1:colcon.colcon_core.package_identification:_identify(src/dashboard_monitoring/__pycache__) by extension 'ignore_ament_install'
[0.173s] Level 1:colcon.colcon_core.package_identification:_identify(src/dashboard_monitoring/__pycache__) by extensions ['colcon_pkg']
[0.173s] Level 1:colcon.colcon_core.package_identification:_identify(src/dashboard_monitoring/__pycache__) by extension 'colcon_pkg'
[0.173s] Level 1:colcon.colcon_core.package_identification:_identify(src/dashboard_monitoring/__pycache__) by extensions ['colcon_meta']
[0.173s] Level 1:colcon.colcon_core.package_identification:_identify(src/dashboard_monitoring/__pycache__) by extension 'colcon_meta'
[0.173s] Level 1:colcon.colcon_core.package_identification:_identify(src/dashboard_monitoring/__pycache__) by extensions ['ros']
[0.173s] Level 1:colcon.colcon_core.package_identification:_identify(src/dashboard_monitoring/__pycache__) by extension 'ros'
[0.173s] Level 1:colcon.colcon_core.package_identification:_identify(src/dashboard_monitoring/__pycache__) by extensions ['cmake', 'python']
[0.173s] Level 1:colcon.colcon_core.package_identification:_identify(src/dashboard_monitoring/__pycache__) by extension 'cmake'
[0.173s] Level 1:colcon.colcon_core.package_identification:_identify(src/dashboard_monitoring/__pycache__) by extension 'python'
[0.173s] Level 1:colcon.colcon_core.package_identification:_identify(src/dashboard_monitoring/__pycache__) by extensions ['python_setup_py']
[0.173s] Level 1:colcon.colcon_core.package_identification:_identify(src/dashboard_monitoring/__pycache__) by extension 'python_setup_py'
[0.173s] Level 1:colcon.colcon_core.package_identification:_identify(src/dashboard_monitoring/videos) by extensions ['ignore', 'ignore_ament_install']
[0.173s] Level 1:colcon.colcon_core.package_identification:_identify(src/dashboard_monitoring/videos) by extension 'ignore'
[0.173s] Level 1:colcon.colcon_core.package_identification:_identify(src/dashboard_monitoring/videos) by extension 'ignore_ament_install'
[0.173s] Level 1:colcon.colcon_core.package_identification:_identify(src/dashboard_monitoring/videos) by extensions ['colcon_pkg']
[0.173s] Level 1:colcon.colcon_core.package_identification:_identify(src/dashboard_monitoring/videos) by extension 'colcon_pkg'
[0.173s] Level 1:colcon.colcon_core.package_identification:_identify(src/dashboard_monitoring/videos) by extensions ['colcon_meta']
[0.173s] Level 1:colcon.colcon_core.package_identification:_identify(src/dashboard_monitoring/videos) by extension 'colcon_meta'
[0.173s] Level 1:colcon.colcon_core.package_identification:_identify(src/dashboard_monitoring/videos) by extensions ['ros']
[0.173s] Level 1:colcon.colcon_core.package_identification:_identify(src/dashboard_monitoring/videos) by extension 'ros'
[0.173s] Level 1:colcon.colcon_core.package_identification:_identify(src/dashboard_monitoring/videos) by extensions ['cmake', 'python']
[0.173s] Level 1:colcon.colcon_core.package_identification:_identify(src/dashboard_monitoring/videos) by extension 'cmake'
[0.173s] Level 1:colcon.colcon_core.package_identification:_identify(src/dashboard_monitoring/videos) by extension 'python'
[0.173s] Level 1:colcon.colcon_core.package_identification:_identify(src/dashboard_monitoring/videos) by extensions ['python_setup_py']
[0.173s] Level 1:colcon.colcon_core.package_identification:_identify(src/dashboard_monitoring/videos) by extension 'python_setup_py'
[0.173s] Level 1:colcon.colcon_core.package_identification:_identify(src/dashboard_monitoring/views) by extensions ['ignore', 'ignore_ament_install']
[0.173s] Level 1:colcon.colcon_core.package_identification:_identify(src/dashboard_monitoring/views) by extension 'ignore'
[0.173s] Level 1:colcon.colcon_core.package_identification:_identify(src/dashboard_monitoring/views) by extension 'ignore_ament_install'
[0.173s] Level 1:colcon.colcon_core.package_identification:_identify(src/dashboard_monitoring/views) by extensions ['colcon_pkg']
[0.173s] Level 1:colcon.colcon_core.package_identification:_identify(src/dashboard_monitoring/views) by extension 'colcon_pkg'
[0.173s] Level 1:colcon.colcon_core.package_identification:_identify(src/dashboard_monitoring/views) by extensions ['colcon_meta']
[0.173s] Level 1:colcon.colcon_core.package_identification:_identify(src/dashboard_monitoring/views) by extension 'colcon_meta'
[0.174s] Level 1:colcon.colcon_core.package_identification:_identify(src/dashboard_monitoring/views) by extensions ['ros']
[0.174s] Level 1:colcon.colcon_core.package_identification:_identify(src/dashboard_monitoring/views) by extension 'ros'
[0.174s] Level 1:colcon.colcon_core.package_identification:_identify(src/dashboard_monitoring/views) by extensions ['cmake', 'python']
[0.174s] Level 1:colcon.colcon_core.package_identification:_identify(src/dashboard_monitoring/views) by extension 'cmake'
[0.174s] Level 1:colcon.colcon_core.package_identification:_identify(src/dashboard_monitoring/views) by extension 'python'
[0.174s] Level 1:colcon.colcon_core.package_identification:_identify(src/dashboard_monitoring/views) by extensions ['python_setup_py']
[0.174s] Level 1:colcon.colcon_core.package_identification:_identify(src/dashboard_monitoring/views) by extension 'python_setup_py'
[0.174s] Level 1:colcon.colcon_core.package_identification:_identify(src/gaze_control) by extensions ['ignore', 'ignore_ament_install']
[0.174s] Level 1:colcon.colcon_core.package_identification:_identify(src/gaze_control) by extension 'ignore'
[0.174s] Level 1:colcon.colcon_core.package_identification:_identify(src/gaze_control) by extension 'ignore_ament_install'
[0.174s] Level 1:colcon.colcon_core.package_identification:_identify(src/gaze_control) by extensions ['colcon_pkg']
[0.174s] Level 1:colcon.colcon_core.package_identification:_identify(src/gaze_control) by extension 'colcon_pkg'
[0.174s] Level 1:colcon.colcon_core.package_identification:_identify(src/gaze_control) by extensions ['colcon_meta']
[0.174s] Level 1:colcon.colcon_core.package_identification:_identify(src/gaze_control) by extension 'colcon_meta'
[0.174s] Level 1:colcon.colcon_core.package_identification:_identify(src/gaze_control) by extensions ['ros']
[0.174s] Level 1:colcon.colcon_core.package_identification:_identify(src/gaze_control) by extension 'ros'
[0.174s] DEBUG:colcon.colcon_core.package_identification:Package 'src/gaze_control' with type 'ros.ament_python' and name 'gaze_control'
[0.174s] Level 1:colcon.colcon_core.package_identification:_identify(src/motion_sequence) by extensions ['ignore', 'ignore_ament_install']
[0.174s] Level 1:colcon.colcon_core.package_identification:_identify(src/motion_sequence) by extension 'ignore'
[0.174s] Level 1:colcon.colcon_core.package_identification:_identify(src/motion_sequence) by extension 'ignore_ament_install'
[0.174s] Level 1:colcon.colcon_core.package_identification:_identify(src/motion_sequence) by extensions ['colcon_pkg']
[0.174s] Level 1:colcon.colcon_core.package_identification:_identify(src/motion_sequence) by extension 'colcon_pkg'
[0.174s] Level 1:colcon.colcon_core.package_identification:_identify(src/motion_sequence) by extensions ['colcon_meta']
[0.174s] Level 1:colcon.colcon_core.package_identification:_identify(src/motion_sequence) by extension 'colcon_meta'
[0.174s] Level 1:colcon.colcon_core.package_identification:_identify(src/motion_sequence) by extensions ['ros']
[0.174s] Level 1:colcon.colcon_core.package_identification:_identify(src/motion_sequence) by extension 'ros'
[0.175s] DEBUG:colcon.colcon_core.package_identification:Package 'src/motion_sequence' with type 'ros.ament_python' and name 'motion_sequence'
[0.175s] Level 1:colcon.colcon_core.package_identification:_identify(src/move_to_coordinator) by extensions ['ignore', 'ignore_ament_install']
[0.175s] Level 1:colcon.colcon_core.package_identification:_identify(src/move_to_coordinator) by extension 'ignore'
[0.175s] Level 1:colcon.colcon_core.package_identification:_identify(src/move_to_coordinator) by extension 'ignore_ament_install'
[0.175s] Level 1:colcon.colcon_core.package_identification:_identify(src/move_to_coordinator) by extensions ['colcon_pkg']
[0.175s] Level 1:colcon.colcon_core.package_identification:_identify(src/move_to_coordinator) by extension 'colcon_pkg'
[0.175s] Level 1:colcon.colcon_core.package_identification:_identify(src/move_to_coordinator) by extensions ['colcon_meta']
[0.175s] Level 1:colcon.colcon_core.package_identification:_identify(src/move_to_coordinator) by extension 'colcon_meta'
[0.175s] Level 1:colcon.colcon_core.package_identification:_identify(src/move_to_coordinator) by extensions ['ros']
[0.175s] Level 1:colcon.colcon_core.package_identification:_identify(src/move_to_coordinator) by extension 'ros'
[0.175s] DEBUG:colcon.colcon_core.package_identification:Package 'src/move_to_coordinator' with type 'ros.ament_python' and name 'move_to_coordinator'
[0.175s] Level 1:colcon.colcon_core.package_identification:_identify(src/my_3d_vision_bringup) by extensions ['ignore', 'ignore_ament_install']
[0.175s] Level 1:colcon.colcon_core.package_identification:_identify(src/my_3d_vision_bringup) by extension 'ignore'
[0.175s] Level 1:colcon.colcon_core.package_identification:_identify(src/my_3d_vision_bringup) by extension 'ignore_ament_install'
[0.175s] Level 1:colcon.colcon_core.package_identification:_identify(src/my_3d_vision_bringup) by extensions ['colcon_pkg']
[0.175s] Level 1:colcon.colcon_core.package_identification:_identify(src/my_3d_vision_bringup) by extension 'colcon_pkg'
[0.175s] Level 1:colcon.colcon_core.package_identification:_identify(src/my_3d_vision_bringup) by extensions ['colcon_meta']
[0.175s] Level 1:colcon.colcon_core.package_identification:_identify(src/my_3d_vision_bringup) by extension 'colcon_meta'
[0.176s] Level 1:colcon.colcon_core.package_identification:_identify(src/my_3d_vision_bringup) by extensions ['ros']
[0.176s] Level 1:colcon.colcon_core.package_identification:_identify(src/my_3d_vision_bringup) by extension 'ros'
[0.176s] DEBUG:colcon.colcon_core.package_identification:Package 'src/my_3d_vision_bringup' with type 'ros.ament_cmake' and name 'my_3d_vision_bringup'
[0.176s] Level 1:colcon.colcon_core.package_identification:_identify(src/robot_control_web_ui) by extensions ['ignore', 'ignore_ament_install']
[0.176s] Level 1:colcon.colcon_core.package_identification:_identify(src/robot_control_web_ui) by extension 'ignore'
[0.176s] Level 1:colcon.colcon_core.package_identification:_identify(src/robot_control_web_ui) by extension 'ignore_ament_install'
[0.176s] Level 1:colcon.colcon_core.package_identification:_identify(src/robot_control_web_ui) by extensions ['colcon_pkg']
[0.176s] Level 1:colcon.colcon_core.package_identification:_identify(src/robot_control_web_ui) by extension 'colcon_pkg'
[0.176s] Level 1:colcon.colcon_core.package_identification:_identify(src/robot_control_web_ui) by extensions ['colcon_meta']
[0.176s] Level 1:colcon.colcon_core.package_identification:_identify(src/robot_control_web_ui) by extension 'colcon_meta'
[0.176s] Level 1:colcon.colcon_core.package_identification:_identify(src/robot_control_web_ui) by extensions ['ros']
[0.176s] Level 1:colcon.colcon_core.package_identification:_identify(src/robot_control_web_ui) by extension 'ros'
[0.176s] Level 1:colcon.colcon_core.package_identification:_identify(src/robot_control_web_ui) by extensions ['cmake', 'python']
[0.176s] Level 1:colcon.colcon_core.package_identification:_identify(src/robot_control_web_ui) by extension 'cmake'
[0.176s] Level 1:colcon.colcon_core.package_identification:_identify(src/robot_control_web_ui) by extension 'python'
[0.176s] Level 1:colcon.colcon_core.package_identification:_identify(src/robot_control_web_ui) by extensions ['python_setup_py']
[0.176s] Level 1:colcon.colcon_core.package_identification:_identify(src/robot_control_web_ui) by extension 'python_setup_py'
[0.176s] Level 1:colcon.colcon_core.package_identification:_identify(src/robot_motion_handler_movegroup) by extensions ['ignore', 'ignore_ament_install']
[0.176s] Level 1:colcon.colcon_core.package_identification:_identify(src/robot_motion_handler_movegroup) by extension 'ignore'
[0.176s] Level 1:colcon.colcon_core.package_identification:_identify(src/robot_motion_handler_movegroup) by extension 'ignore_ament_install'
[0.176s] Level 1:colcon.colcon_core.package_identification:_identify(src/robot_motion_handler_movegroup) by extensions ['colcon_pkg']
[0.176s] Level 1:colcon.colcon_core.package_identification:_identify(src/robot_motion_handler_movegroup) by extension 'colcon_pkg'
[0.176s] Level 1:colcon.colcon_core.package_identification:_identify(src/robot_motion_handler_movegroup) by extensions ['colcon_meta']
[0.176s] Level 1:colcon.colcon_core.package_identification:_identify(src/robot_motion_handler_movegroup) by extension 'colcon_meta'
[0.176s] Level 1:colcon.colcon_core.package_identification:_identify(src/robot_motion_handler_movegroup) by extensions ['ros']
[0.176s] Level 1:colcon.colcon_core.package_identification:_identify(src/robot_motion_handler_movegroup) by extension 'ros'
[0.177s] DEBUG:colcon.colcon_core.package_identification:Package 'src/robot_motion_handler_movegroup' with type 'ros.ament_python' and name 'robot_motion_handler_movegroup'
[0.177s] Level 1:colcon.colcon_core.package_identification:_identify(src/ros2_whisper) by extensions ['ignore', 'ignore_ament_install']
[0.177s] Level 1:colcon.colcon_core.package_identification:_identify(src/ros2_whisper) by extension 'ignore'
[0.177s] Level 1:colcon.colcon_core.package_identification:_identify(src/ros2_whisper) by extension 'ignore_ament_install'
[0.177s] Level 1:colcon.colcon_core.package_identification:_identify(src/ros2_whisper) by extensions ['colcon_pkg']
[0.177s] Level 1:colcon.colcon_core.package_identification:_identify(src/ros2_whisper) by extension 'colcon_pkg'
[0.177s] Level 1:colcon.colcon_core.package_identification:_identify(src/ros2_whisper) by extensions ['colcon_meta']
[0.177s] Level 1:colcon.colcon_core.package_identification:_identify(src/ros2_whisper) by extension 'colcon_meta'
[0.177s] Level 1:colcon.colcon_core.package_identification:_identify(src/ros2_whisper) by extensions ['ros']
[0.177s] Level 1:colcon.colcon_core.package_identification:_identify(src/ros2_whisper) by extension 'ros'
[0.177s] Level 1:colcon.colcon_core.package_identification:_identify(src/ros2_whisper) by extensions ['cmake', 'python']
[0.177s] Level 1:colcon.colcon_core.package_identification:_identify(src/ros2_whisper) by extension 'cmake'
[0.177s] Level 1:colcon.colcon_core.package_identification:_identify(src/ros2_whisper) by extension 'python'
[0.177s] Level 1:colcon.colcon_core.package_identification:_identify(src/ros2_whisper) by extensions ['python_setup_py']
[0.177s] Level 1:colcon.colcon_core.package_identification:_identify(src/ros2_whisper) by extension 'python_setup_py'
[0.177s] Level 1:colcon.colcon_core.package_identification:_identify(src/ros2_whisper/audio_listener) by extensions ['ignore', 'ignore_ament_install']
[0.177s] Level 1:colcon.colcon_core.package_identification:_identify(src/ros2_whisper/audio_listener) by extension 'ignore'
[0.177s] Level 1:colcon.colcon_core.package_identification:_identify(src/ros2_whisper/audio_listener) by extension 'ignore_ament_install'
[0.177s] Level 1:colcon.colcon_core.package_identification:_identify(src/ros2_whisper/audio_listener) by extensions ['colcon_pkg']
[0.177s] Level 1:colcon.colcon_core.package_identification:_identify(src/ros2_whisper/audio_listener) by extension 'colcon_pkg'
[0.177s] Level 1:colcon.colcon_core.package_identification:_identify(src/ros2_whisper/audio_listener) by extensions ['colcon_meta']
[0.177s] Level 1:colcon.colcon_core.package_identification:_identify(src/ros2_whisper/audio_listener) by extension 'colcon_meta'
[0.177s] Level 1:colcon.colcon_core.package_identification:_identify(src/ros2_whisper/audio_listener) by extensions ['ros']
[0.177s] Level 1:colcon.colcon_core.package_identification:_identify(src/ros2_whisper/audio_listener) by extension 'ros'
[0.177s] DEBUG:colcon.colcon_core.package_identification:Package 'src/ros2_whisper/audio_listener' with type 'ros.ament_python' and name 'audio_listener'
[0.177s] Level 1:colcon.colcon_core.package_identification:_identify(src/ros2_whisper/doc) by extensions ['ignore', 'ignore_ament_install']
[0.178s] Level 1:colcon.colcon_core.package_identification:_identify(src/ros2_whisper/doc) by extension 'ignore'
[0.178s] Level 1:colcon.colcon_core.package_identification:_identify(src/ros2_whisper/doc) by extension 'ignore_ament_install'
[0.178s] Level 1:colcon.colcon_core.package_identification:_identify(src/ros2_whisper/doc) by extensions ['colcon_pkg']
[0.178s] Level 1:colcon.colcon_core.package_identification:_identify(src/ros2_whisper/doc) by extension 'colcon_pkg'
[0.178s] Level 1:colcon.colcon_core.package_identification:_identify(src/ros2_whisper/doc) by extensions ['colcon_meta']
[0.178s] Level 1:colcon.colcon_core.package_identification:_identify(src/ros2_whisper/doc) by extension 'colcon_meta'
[0.178s] Level 1:colcon.colcon_core.package_identification:_identify(src/ros2_whisper/doc) by extensions ['ros']
[0.178s] Level 1:colcon.colcon_core.package_identification:_identify(src/ros2_whisper/doc) by extension 'ros'
[0.178s] Level 1:colcon.colcon_core.package_identification:_identify(src/ros2_whisper/doc) by extensions ['cmake', 'python']
[0.178s] Level 1:colcon.colcon_core.package_identification:_identify(src/ros2_whisper/doc) by extension 'cmake'
[0.178s] Level 1:colcon.colcon_core.package_identification:_identify(src/ros2_whisper/doc) by extension 'python'
[0.178s] Level 1:colcon.colcon_core.package_identification:_identify(src/ros2_whisper/doc) by extensions ['python_setup_py']
[0.178s] Level 1:colcon.colcon_core.package_identification:_identify(src/ros2_whisper/doc) by extension 'python_setup_py'
[0.178s] Level 1:colcon.colcon_core.package_identification:_identify(src/ros2_whisper/transcript_manager) by extensions ['ignore', 'ignore_ament_install']
[0.178s] Level 1:colcon.colcon_core.package_identification:_identify(src/ros2_whisper/transcript_manager) by extension 'ignore'
[0.178s] Level 1:colcon.colcon_core.package_identification:_identify(src/ros2_whisper/transcript_manager) by extension 'ignore_ament_install'
[0.178s] Level 1:colcon.colcon_core.package_identification:_identify(src/ros2_whisper/transcript_manager) by extensions ['colcon_pkg']
[0.178s] Level 1:colcon.colcon_core.package_identification:_identify(src/ros2_whisper/transcript_manager) by extension 'colcon_pkg'
[0.178s] Level 1:colcon.colcon_core.package_identification:_identify(src/ros2_whisper/transcript_manager) by extensions ['colcon_meta']
[0.178s] Level 1:colcon.colcon_core.package_identification:_identify(src/ros2_whisper/transcript_manager) by extension 'colcon_meta'
[0.178s] Level 1:colcon.colcon_core.package_identification:_identify(src/ros2_whisper/transcript_manager) by extensions ['ros']
[0.178s] Level 1:colcon.colcon_core.package_identification:_identify(src/ros2_whisper/transcript_manager) by extension 'ros'
[0.178s] DEBUG:colcon.colcon_core.package_identification:Package 'src/ros2_whisper/transcript_manager' with type 'ros.ament_cmake' and name 'transcript_manager'
[0.178s] Level 1:colcon.colcon_core.package_identification:_identify(src/ros2_whisper/whisper_bringup) by extensions ['ignore', 'ignore_ament_install']
[0.178s] Level 1:colcon.colcon_core.package_identification:_identify(src/ros2_whisper/whisper_bringup) by extension 'ignore'
[0.179s] Level 1:colcon.colcon_core.package_identification:_identify(src/ros2_whisper/whisper_bringup) by extension 'ignore_ament_install'
[0.179s] Level 1:colcon.colcon_core.package_identification:_identify(src/ros2_whisper/whisper_bringup) by extensions ['colcon_pkg']
[0.179s] Level 1:colcon.colcon_core.package_identification:_identify(src/ros2_whisper/whisper_bringup) by extension 'colcon_pkg'
[0.179s] Level 1:colcon.colcon_core.package_identification:_identify(src/ros2_whisper/whisper_bringup) by extensions ['colcon_meta']
[0.179s] Level 1:colcon.colcon_core.package_identification:_identify(src/ros2_whisper/whisper_bringup) by extension 'colcon_meta'
[0.179s] Level 1:colcon.colcon_core.package_identification:_identify(src/ros2_whisper/whisper_bringup) by extensions ['ros']
[0.179s] Level 1:colcon.colcon_core.package_identification:_identify(src/ros2_whisper/whisper_bringup) by extension 'ros'
[0.179s] DEBUG:colcon.colcon_core.package_identification:Package 'src/ros2_whisper/whisper_bringup' with type 'ros.ament_cmake' and name 'whisper_bringup'
[0.179s] Level 1:colcon.colcon_core.package_identification:_identify(src/ros2_whisper/whisper_cpp_vendor) by extensions ['ignore', 'ignore_ament_install']
[0.179s] Level 1:colcon.colcon_core.package_identification:_identify(src/ros2_whisper/whisper_cpp_vendor) by extension 'ignore'
[0.179s] Level 1:colcon.colcon_core.package_identification:_identify(src/ros2_whisper/whisper_cpp_vendor) by extension 'ignore_ament_install'
[0.179s] Level 1:colcon.colcon_core.package_identification:_identify(src/ros2_whisper/whisper_cpp_vendor) by extensions ['colcon_pkg']
[0.179s] Level 1:colcon.colcon_core.package_identification:_identify(src/ros2_whisper/whisper_cpp_vendor) by extension 'colcon_pkg'
[0.179s] Level 1:colcon.colcon_core.package_identification:_identify(src/ros2_whisper/whisper_cpp_vendor) by extensions ['colcon_meta']
[0.179s] Level 1:colcon.colcon_core.package_identification:_identify(src/ros2_whisper/whisper_cpp_vendor) by extension 'colcon_meta'
[0.179s] Level 1:colcon.colcon_core.package_identification:_identify(src/ros2_whisper/whisper_cpp_vendor) by extensions ['ros']
[0.179s] Level 1:colcon.colcon_core.package_identification:_identify(src/ros2_whisper/whisper_cpp_vendor) by extension 'ros'
[0.179s] DEBUG:colcon.colcon_core.package_identification:Package 'src/ros2_whisper/whisper_cpp_vendor' with type 'ros.ament_cmake' and name 'whisper_cpp_vendor'
[0.179s] Level 1:colcon.colcon_core.package_identification:_identify(src/ros2_whisper/whisper_demos) by extensions ['ignore', 'ignore_ament_install']
[0.179s] Level 1:colcon.colcon_core.package_identification:_identify(src/ros2_whisper/whisper_demos) by extension 'ignore'
[0.179s] Level 1:colcon.colcon_core.package_identification:_identify(src/ros2_whisper/whisper_demos) by extension 'ignore_ament_install'
[0.179s] Level 1:colcon.colcon_core.package_identification:_identify(src/ros2_whisper/whisper_demos) by extensions ['colcon_pkg']
[0.179s] Level 1:colcon.colcon_core.package_identification:_identify(src/ros2_whisper/whisper_demos) by extension 'colcon_pkg'
[0.179s] Level 1:colcon.colcon_core.package_identification:_identify(src/ros2_whisper/whisper_demos) by extensions ['colcon_meta']
[0.179s] Level 1:colcon.colcon_core.package_identification:_identify(src/ros2_whisper/whisper_demos) by extension 'colcon_meta'
[0.179s] Level 1:colcon.colcon_core.package_identification:_identify(src/ros2_whisper/whisper_demos) by extensions ['ros']
[0.179s] Level 1:colcon.colcon_core.package_identification:_identify(src/ros2_whisper/whisper_demos) by extension 'ros'
[0.180s] DEBUG:colcon.colcon_core.package_identification:Package 'src/ros2_whisper/whisper_demos' with type 'ros.ament_python' and name 'whisper_demos'
[0.180s] Level 1:colcon.colcon_core.package_identification:_identify(src/ros2_whisper/whisper_idl) by extensions ['ignore', 'ignore_ament_install']
[0.180s] Level 1:colcon.colcon_core.package_identification:_identify(src/ros2_whisper/whisper_idl) by extension 'ignore'
[0.180s] Level 1:colcon.colcon_core.package_identification:_identify(src/ros2_whisper/whisper_idl) by extension 'ignore_ament_install'
[0.180s] Level 1:colcon.colcon_core.package_identification:_identify(src/ros2_whisper/whisper_idl) by extensions ['colcon_pkg']
[0.180s] Level 1:colcon.colcon_core.package_identification:_identify(src/ros2_whisper/whisper_idl) by extension 'colcon_pkg'
[0.180s] Level 1:colcon.colcon_core.package_identification:_identify(src/ros2_whisper/whisper_idl) by extensions ['colcon_meta']
[0.180s] Level 1:colcon.colcon_core.package_identification:_identify(src/ros2_whisper/whisper_idl) by extension 'colcon_meta'
[0.180s] Level 1:colcon.colcon_core.package_identification:_identify(src/ros2_whisper/whisper_idl) by extensions ['ros']
[0.180s] Level 1:colcon.colcon_core.package_identification:_identify(src/ros2_whisper/whisper_idl) by extension 'ros'
[0.180s] DEBUG:colcon.colcon_core.package_identification:Package 'src/ros2_whisper/whisper_idl' with type 'ros.ament_cmake' and name 'whisper_idl'
[0.180s] Level 1:colcon.colcon_core.package_identification:_identify(src/ros2_whisper/whisper_server) by extensions ['ignore', 'ignore_ament_install']
[0.180s] Level 1:colcon.colcon_core.package_identification:_identify(src/ros2_whisper/whisper_server) by extension 'ignore'
[0.180s] Level 1:colcon.colcon_core.package_identification:_identify(src/ros2_whisper/whisper_server) by extension 'ignore_ament_install'
[0.180s] Level 1:colcon.colcon_core.package_identification:_identify(src/ros2_whisper/whisper_server) by extensions ['colcon_pkg']
[0.180s] Level 1:colcon.colcon_core.package_identification:_identify(src/ros2_whisper/whisper_server) by extension 'colcon_pkg'
[0.180s] Level 1:colcon.colcon_core.package_identification:_identify(src/ros2_whisper/whisper_server) by extensions ['colcon_meta']
[0.180s] Level 1:colcon.colcon_core.package_identification:_identify(src/ros2_whisper/whisper_server) by extension 'colcon_meta'
[0.180s] Level 1:colcon.colcon_core.package_identification:_identify(src/ros2_whisper/whisper_server) by extensions ['ros']
[0.180s] Level 1:colcon.colcon_core.package_identification:_identify(src/ros2_whisper/whisper_server) by extension 'ros'
[0.181s] DEBUG:colcon.colcon_core.package_identification:Package 'src/ros2_whisper/whisper_server' with type 'ros.ament_cmake' and name 'whisper_server'
[0.181s] Level 1:colcon.colcon_core.package_identification:_identify(src/ros2_whisper/whisper_util) by extensions ['ignore', 'ignore_ament_install']
[0.181s] Level 1:colcon.colcon_core.package_identification:_identify(src/ros2_whisper/whisper_util) by extension 'ignore'
[0.181s] Level 1:colcon.colcon_core.package_identification:_identify(src/ros2_whisper/whisper_util) by extension 'ignore_ament_install'
[0.181s] Level 1:colcon.colcon_core.package_identification:_identify(src/ros2_whisper/whisper_util) by extensions ['colcon_pkg']
[0.181s] Level 1:colcon.colcon_core.package_identification:_identify(src/ros2_whisper/whisper_util) by extension 'colcon_pkg'
[0.181s] Level 1:colcon.colcon_core.package_identification:_identify(src/ros2_whisper/whisper_util) by extensions ['colcon_meta']
[0.181s] Level 1:colcon.colcon_core.package_identification:_identify(src/ros2_whisper/whisper_util) by extension 'colcon_meta'
[0.181s] Level 1:colcon.colcon_core.package_identification:_identify(src/ros2_whisper/whisper_util) by extensions ['ros']
[0.181s] Level 1:colcon.colcon_core.package_identification:_identify(src/ros2_whisper/whisper_util) by extension 'ros'
[0.181s] DEBUG:colcon.colcon_core.package_identification:Package 'src/ros2_whisper/whisper_util' with type 'ros.ament_cmake' and name 'whisper_util'
[0.181s] Level 1:colcon.colcon_core.package_identification:_identify(src/rviz_marker_static_scene_objects) by extensions ['ignore', 'ignore_ament_install']
[0.181s] Level 1:colcon.colcon_core.package_identification:_identify(src/rviz_marker_static_scene_objects) by extension 'ignore'
[0.182s] Level 1:colcon.colcon_core.package_identification:_identify(src/rviz_marker_static_scene_objects) by extension 'ignore_ament_install'
[0.182s] Level 1:colcon.colcon_core.package_identification:_identify(src/rviz_marker_static_scene_objects) by extensions ['colcon_pkg']
[0.182s] Level 1:colcon.colcon_core.package_identification:_identify(src/rviz_marker_static_scene_objects) by extension 'colcon_pkg'
[0.182s] Level 1:colcon.colcon_core.package_identification:_identify(src/rviz_marker_static_scene_objects) by extensions ['colcon_meta']
[0.182s] Level 1:colcon.colcon_core.package_identification:_identify(src/rviz_marker_static_scene_objects) by extension 'colcon_meta'
[0.182s] Level 1:colcon.colcon_core.package_identification:_identify(src/rviz_marker_static_scene_objects) by extensions ['ros']
[0.182s] Level 1:colcon.colcon_core.package_identification:_identify(src/rviz_marker_static_scene_objects) by extension 'ros'
[0.182s] DEBUG:colcon.colcon_core.package_identification:Package 'src/rviz_marker_static_scene_objects' with type 'ros.ament_python' and name 'rviz_marker_static_scene_objects'
[0.182s] Level 1:colcon.colcon_core.package_identification:_identify(src/rviz_robot_control_panel) by extensions ['ignore', 'ignore_ament_install']
[0.182s] Level 1:colcon.colcon_core.package_identification:_identify(src/rviz_robot_control_panel) by extension 'ignore'
[0.182s] Level 1:colcon.colcon_core.package_identification:_identify(src/rviz_robot_control_panel) by extension 'ignore_ament_install'
[0.182s] Level 1:colcon.colcon_core.package_identification:_identify(src/rviz_robot_control_panel) by extensions ['colcon_pkg']
[0.182s] Level 1:colcon.colcon_core.package_identification:_identify(src/rviz_robot_control_panel) by extension 'colcon_pkg'
[0.182s] Level 1:colcon.colcon_core.package_identification:_identify(src/rviz_robot_control_panel) by extensions ['colcon_meta']
[0.182s] Level 1:colcon.colcon_core.package_identification:_identify(src/rviz_robot_control_panel) by extension 'colcon_meta'
[0.182s] Level 1:colcon.colcon_core.package_identification:_identify(src/rviz_robot_control_panel) by extensions ['ros']
[0.182s] Level 1:colcon.colcon_core.package_identification:_identify(src/rviz_robot_control_panel) by extension 'ros'
[0.183s] DEBUG:colcon.colcon_core.package_identification:Package 'src/rviz_robot_control_panel' with type 'ros.ament_cmake' and name 'rviz_robot_control_panel'
[0.183s] Level 1:colcon.colcon_core.package_identification:_identify(src/rviz_servo_status_overlay) by extensions ['ignore', 'ignore_ament_install']
[0.183s] Level 1:colcon.colcon_core.package_identification:_identify(src/rviz_servo_status_overlay) by extension 'ignore'
[0.183s] Level 1:colcon.colcon_core.package_identification:_identify(src/rviz_servo_status_overlay) by extension 'ignore_ament_install'
[0.183s] Level 1:colcon.colcon_core.package_identification:_identify(src/rviz_servo_status_overlay) by extensions ['colcon_pkg']
[0.183s] Level 1:colcon.colcon_core.package_identification:_identify(src/rviz_servo_status_overlay) by extension 'colcon_pkg'
[0.183s] Level 1:colcon.colcon_core.package_identification:_identify(src/rviz_servo_status_overlay) by extensions ['colcon_meta']
[0.183s] Level 1:colcon.colcon_core.package_identification:_identify(src/rviz_servo_status_overlay) by extension 'colcon_meta'
[0.183s] Level 1:colcon.colcon_core.package_identification:_identify(src/rviz_servo_status_overlay) by extensions ['ros']
[0.183s] Level 1:colcon.colcon_core.package_identification:_identify(src/rviz_servo_status_overlay) by extension 'ros'
[0.183s] DEBUG:colcon.colcon_core.package_identification:Package 'src/rviz_servo_status_overlay' with type 'ros.ament_python' and name 'rviz_servo_status_overlay'
[0.183s] Level 1:colcon.colcon_core.package_identification:_identify(src/voice_command_listener) by extensions ['ignore', 'ignore_ament_install']
[0.183s] Level 1:colcon.colcon_core.package_identification:_identify(src/voice_command_listener) by extension 'ignore'
[0.183s] Level 1:colcon.colcon_core.package_identification:_identify(src/voice_command_listener) by extension 'ignore_ament_install'
[0.183s] Level 1:colcon.colcon_core.package_identification:_identify(src/voice_command_listener) by extensions ['colcon_pkg']
[0.183s] Level 1:colcon.colcon_core.package_identification:_identify(src/voice_command_listener) by extension 'colcon_pkg'
[0.183s] Level 1:colcon.colcon_core.package_identification:_identify(src/voice_command_listener) by extensions ['colcon_meta']
[0.183s] Level 1:colcon.colcon_core.package_identification:_identify(src/voice_command_listener) by extension 'colcon_meta'
[0.183s] Level 1:colcon.colcon_core.package_identification:_identify(src/voice_command_listener) by extensions ['ros']
[0.183s] Level 1:colcon.colcon_core.package_identification:_identify(src/voice_command_listener) by extension 'ros'
[0.184s] DEBUG:colcon.colcon_core.package_identification:Package 'src/voice_command_listener' with type 'ros.ament_python' and name 'voice_command_listener'
[0.184s] Level 1:colcon.colcon_core.package_identification:_identify(src/xarm_ros2) by extensions ['ignore', 'ignore_ament_install']
[0.184s] Level 1:colcon.colcon_core.package_identification:_identify(src/xarm_ros2) by extension 'ignore'
[0.184s] Level 1:colcon.colcon_core.package_identification:_identify(src/xarm_ros2) by extension 'ignore_ament_install'
[0.184s] Level 1:colcon.colcon_core.package_identification:_identify(src/xarm_ros2) by extensions ['colcon_pkg']
[0.184s] Level 1:colcon.colcon_core.package_identification:_identify(src/xarm_ros2) by extension 'colcon_pkg'
[0.184s] Level 1:colcon.colcon_core.package_identification:_identify(src/xarm_ros2) by extensions ['colcon_meta']
[0.184s] Level 1:colcon.colcon_core.package_identification:_identify(src/xarm_ros2) by extension 'colcon_meta'
[0.184s] Level 1:colcon.colcon_core.package_identification:_identify(src/xarm_ros2) by extensions ['ros']
[0.184s] Level 1:colcon.colcon_core.package_identification:_identify(src/xarm_ros2) by extension 'ros'
[0.184s] Level 1:colcon.colcon_core.package_identification:_identify(src/xarm_ros2) by extensions ['cmake', 'python']
[0.184s] Level 1:colcon.colcon_core.package_identification:_identify(src/xarm_ros2) by extension 'cmake'
[0.184s] Level 1:colcon.colcon_core.package_identification:_identify(src/xarm_ros2) by extension 'python'
[0.184s] Level 1:colcon.colcon_core.package_identification:_identify(src/xarm_ros2) by extensions ['python_setup_py']
[0.184s] Level 1:colcon.colcon_core.package_identification:_identify(src/xarm_ros2) by extension 'python_setup_py'
[0.184s] Level 1:colcon.colcon_core.package_identification:_identify(src/xarm_ros2/demo) by extensions ['ignore', 'ignore_ament_install']
[0.184s] Level 1:colcon.colcon_core.package_identification:_identify(src/xarm_ros2/demo) by extension 'ignore'
[0.184s] Level 1:colcon.colcon_core.package_identification:_identify(src/xarm_ros2/demo) by extension 'ignore_ament_install'
[0.184s] Level 1:colcon.colcon_core.package_identification:_identify(src/xarm_ros2/demo) by extensions ['colcon_pkg']
[0.184s] Level 1:colcon.colcon_core.package_identification:_identify(src/xarm_ros2/demo) by extension 'colcon_pkg'
[0.184s] Level 1:colcon.colcon_core.package_identification:_identify(src/xarm_ros2/demo) by extensions ['colcon_meta']
[0.184s] Level 1:colcon.colcon_core.package_identification:_identify(src/xarm_ros2/demo) by extension 'colcon_meta'
[0.184s] Level 1:colcon.colcon_core.package_identification:_identify(src/xarm_ros2/demo) by extensions ['ros']
[0.184s] Level 1:colcon.colcon_core.package_identification:_identify(src/xarm_ros2/demo) by extension 'ros'
[0.184s] Level 1:colcon.colcon_core.package_identification:_identify(src/xarm_ros2/demo) by extensions ['cmake', 'python']
[0.184s] Level 1:colcon.colcon_core.package_identification:_identify(src/xarm_ros2/demo) by extension 'cmake'
[0.184s] Level 1:colcon.colcon_core.package_identification:_identify(src/xarm_ros2/demo) by extension 'python'
[0.184s] Level 1:colcon.colcon_core.package_identification:_identify(src/xarm_ros2/demo) by extensions ['python_setup_py']
[0.184s] Level 1:colcon.colcon_core.package_identification:_identify(src/xarm_ros2/demo) by extension 'python_setup_py'
[0.184s] Level 1:colcon.colcon_core.package_identification:_identify(src/xarm_ros2/demo/mbot_demo) by extensions ['ignore', 'ignore_ament_install']
[0.184s] Level 1:colcon.colcon_core.package_identification:_identify(src/xarm_ros2/demo/mbot_demo) by extension 'ignore'
[0.184s] Level 1:colcon.colcon_core.package_identification:_identify(src/xarm_ros2/demo/mbot_demo) by extension 'ignore_ament_install'
[0.184s] Level 1:colcon.colcon_core.package_identification:_identify(src/xarm_ros2/demo/mbot_demo) by extensions ['colcon_pkg']
[0.184s] Level 1:colcon.colcon_core.package_identification:_identify(src/xarm_ros2/demo/mbot_demo) by extension 'colcon_pkg'
[0.184s] Level 1:colcon.colcon_core.package_identification:_identify(src/xarm_ros2/demo/mbot_demo) by extensions ['colcon_meta']
[0.184s] Level 1:colcon.colcon_core.package_identification:_identify(src/xarm_ros2/demo/mbot_demo) by extension 'colcon_meta'
[0.184s] Level 1:colcon.colcon_core.package_identification:_identify(src/xarm_ros2/demo/mbot_demo) by extensions ['ros']
[0.184s] Level 1:colcon.colcon_core.package_identification:_identify(src/xarm_ros2/demo/mbot_demo) by extension 'ros'
[0.185s] DEBUG:colcon.colcon_core.package_identification:Package 'src/xarm_ros2/demo/mbot_demo' with type 'ros.ament_cmake' and name 'mbot_demo'
[0.185s] Level 1:colcon.colcon_core.package_identification:_identify(src/xarm_ros2/thirdparty) by extensions ['ignore', 'ignore_ament_install']
[0.185s] Level 1:colcon.colcon_core.package_identification:_identify(src/xarm_ros2/thirdparty) by extension 'ignore'
[0.185s] Level 1:colcon.colcon_core.package_identification:_identify(src/xarm_ros2/thirdparty) by extension 'ignore_ament_install'
[0.185s] Level 1:colcon.colcon_core.package_identification:_identify(src/xarm_ros2/thirdparty) by extensions ['colcon_pkg']
[0.185s] Level 1:colcon.colcon_core.package_identification:_identify(src/xarm_ros2/thirdparty) by extension 'colcon_pkg'
[0.185s] Level 1:colcon.colcon_core.package_identification:_identify(src/xarm_ros2/thirdparty) by extensions ['colcon_meta']
[0.185s] Level 1:colcon.colcon_core.package_identification:_identify(src/xarm_ros2/thirdparty) by extension 'colcon_meta'
[0.185s] Level 1:colcon.colcon_core.package_identification:_identify(src/xarm_ros2/thirdparty) by extensions ['ros']
[0.185s] Level 1:colcon.colcon_core.package_identification:_identify(src/xarm_ros2/thirdparty) by extension 'ros'
[0.185s] Level 1:colcon.colcon_core.package_identification:_identify(src/xarm_ros2/thirdparty) by extensions ['cmake', 'python']
[0.185s] Level 1:colcon.colcon_core.package_identification:_identify(src/xarm_ros2/thirdparty) by extension 'cmake'
[0.185s] Level 1:colcon.colcon_core.package_identification:_identify(src/xarm_ros2/thirdparty) by extension 'python'
[0.185s] Level 1:colcon.colcon_core.package_identification:_identify(src/xarm_ros2/thirdparty) by extensions ['python_setup_py']
[0.185s] Level 1:colcon.colcon_core.package_identification:_identify(src/xarm_ros2/thirdparty) by extension 'python_setup_py'
[0.185s] Level 1:colcon.colcon_core.package_identification:_identify(src/xarm_ros2/thirdparty/realsense_gazebo_plugin) by extensions ['ignore', 'ignore_ament_install']
[0.185s] Level 1:colcon.colcon_core.package_identification:_identify(src/xarm_ros2/thirdparty/realsense_gazebo_plugin) by extension 'ignore'
[0.185s] Level 1:colcon.colcon_core.package_identification:_identify(src/xarm_ros2/thirdparty/realsense_gazebo_plugin) by extension 'ignore_ament_install'
[0.185s] Level 1:colcon.colcon_core.package_identification:_identify(src/xarm_ros2/thirdparty/realsense_gazebo_plugin) by extensions ['colcon_pkg']
[0.185s] Level 1:colcon.colcon_core.package_identification:_identify(src/xarm_ros2/thirdparty/realsense_gazebo_plugin) by extension 'colcon_pkg'
[0.185s] Level 1:colcon.colcon_core.package_identification:_identify(src/xarm_ros2/thirdparty/realsense_gazebo_plugin) by extensions ['colcon_meta']
[0.185s] Level 1:colcon.colcon_core.package_identification:_identify(src/xarm_ros2/thirdparty/realsense_gazebo_plugin) by extension 'colcon_meta'
[0.185s] Level 1:colcon.colcon_core.package_identification:_identify(src/xarm_ros2/thirdparty/realsense_gazebo_plugin) by extensions ['ros']
[0.185s] Level 1:colcon.colcon_core.package_identification:_identify(src/xarm_ros2/thirdparty/realsense_gazebo_plugin) by extension 'ros'
[0.186s] DEBUG:colcon.colcon_core.package_identification:Package 'src/xarm_ros2/thirdparty/realsense_gazebo_plugin' with type 'ros.ament_cmake' and name 'realsense_gazebo_plugin'
[0.186s] Level 1:colcon.colcon_core.package_identification:_identify(src/xarm_ros2/uf_ros_lib) by extensions ['ignore', 'ignore_ament_install']
[0.186s] Level 1:colcon.colcon_core.package_identification:_identify(src/xarm_ros2/uf_ros_lib) by extension 'ignore'
[0.186s] Level 1:colcon.colcon_core.package_identification:_identify(src/xarm_ros2/uf_ros_lib) by extension 'ignore_ament_install'
[0.186s] Level 1:colcon.colcon_core.package_identification:_identify(src/xarm_ros2/uf_ros_lib) by extensions ['colcon_pkg']
[0.186s] Level 1:colcon.colcon_core.package_identification:_identify(src/xarm_ros2/uf_ros_lib) by extension 'colcon_pkg'
[0.186s] Level 1:colcon.colcon_core.package_identification:_identify(src/xarm_ros2/uf_ros_lib) by extensions ['colcon_meta']
[0.186s] Level 1:colcon.colcon_core.package_identification:_identify(src/xarm_ros2/uf_ros_lib) by extension 'colcon_meta'
[0.186s] Level 1:colcon.colcon_core.package_identification:_identify(src/xarm_ros2/uf_ros_lib) by extensions ['ros']
[0.186s] Level 1:colcon.colcon_core.package_identification:_identify(src/xarm_ros2/uf_ros_lib) by extension 'ros'
[0.186s] DEBUG:colcon.colcon_core.package_identification:Package 'src/xarm_ros2/uf_ros_lib' with type 'ros.ament_python' and name 'uf_ros_lib'
[0.186s] Level 1:colcon.colcon_core.package_identification:_identify(src/xarm_ros2/xarm_api) by extensions ['ignore', 'ignore_ament_install']
[0.186s] Level 1:colcon.colcon_core.package_identification:_identify(src/xarm_ros2/xarm_api) by extension 'ignore'
[0.186s] Level 1:colcon.colcon_core.package_identification:_identify(src/xarm_ros2/xarm_api) by extension 'ignore_ament_install'
[0.186s] Level 1:colcon.colcon_core.package_identification:_identify(src/xarm_ros2/xarm_api) by extensions ['colcon_pkg']
[0.186s] Level 1:colcon.colcon_core.package_identification:_identify(src/xarm_ros2/xarm_api) by extension 'colcon_pkg'
[0.186s] Level 1:colcon.colcon_core.package_identification:_identify(src/xarm_ros2/xarm_api) by extensions ['colcon_meta']
[0.186s] Level 1:colcon.colcon_core.package_identification:_identify(src/xarm_ros2/xarm_api) by extension 'colcon_meta'
[0.186s] Level 1:colcon.colcon_core.package_identification:_identify(src/xarm_ros2/xarm_api) by extensions ['ros']
[0.186s] Level 1:colcon.colcon_core.package_identification:_identify(src/xarm_ros2/xarm_api) by extension 'ros'
[0.187s] DEBUG:colcon.colcon_core.package_identification:Package 'src/xarm_ros2/xarm_api' with type 'ros.ament_cmake' and name 'xarm_api'
[0.187s] Level 1:colcon.colcon_core.package_identification:_identify(src/xarm_ros2/xarm_controller) by extensions ['ignore', 'ignore_ament_install']
[0.187s] Level 1:colcon.colcon_core.package_identification:_identify(src/xarm_ros2/xarm_controller) by extension 'ignore'
[0.187s] Level 1:colcon.colcon_core.package_identification:_identify(src/xarm_ros2/xarm_controller) by extension 'ignore_ament_install'
[0.187s] Level 1:colcon.colcon_core.package_identification:_identify(src/xarm_ros2/xarm_controller) by extensions ['colcon_pkg']
[0.187s] Level 1:colcon.colcon_core.package_identification:_identify(src/xarm_ros2/xarm_controller) by extension 'colcon_pkg'
[0.187s] Level 1:colcon.colcon_core.package_identification:_identify(src/xarm_ros2/xarm_controller) by extensions ['colcon_meta']
[0.187s] Level 1:colcon.colcon_core.package_identification:_identify(src/xarm_ros2/xarm_controller) by extension 'colcon_meta'
[0.187s] Level 1:colcon.colcon_core.package_identification:_identify(src/xarm_ros2/xarm_controller) by extensions ['ros']
[0.187s] Level 1:colcon.colcon_core.package_identification:_identify(src/xarm_ros2/xarm_controller) by extension 'ros'
[0.188s] DEBUG:colcon.colcon_core.package_identification:Package 'src/xarm_ros2/xarm_controller' with type 'ros.ament_cmake' and name 'xarm_controller'
[0.188s] Level 1:colcon.colcon_core.package_identification:_identify(src/xarm_ros2/xarm_description) by extensions ['ignore', 'ignore_ament_install']
[0.188s] Level 1:colcon.colcon_core.package_identification:_identify(src/xarm_ros2/xarm_description) by extension 'ignore'
[0.188s] Level 1:colcon.colcon_core.package_identification:_identify(src/xarm_ros2/xarm_description) by extension 'ignore_ament_install'
[0.188s] Level 1:colcon.colcon_core.package_identification:_identify(src/xarm_ros2/xarm_description) by extensions ['colcon_pkg']
[0.188s] Level 1:colcon.colcon_core.package_identification:_identify(src/xarm_ros2/xarm_description) by extension 'colcon_pkg'
[0.188s] Level 1:colcon.colcon_core.package_identification:_identify(src/xarm_ros2/xarm_description) by extensions ['colcon_meta']
[0.188s] Level 1:colcon.colcon_core.package_identification:_identify(src/xarm_ros2/xarm_description) by extension 'colcon_meta'
[0.188s] Level 1:colcon.colcon_core.package_identification:_identify(src/xarm_ros2/xarm_description) by extensions ['ros']
[0.188s] Level 1:colcon.colcon_core.package_identification:_identify(src/xarm_ros2/xarm_description) by extension 'ros'
[0.188s] DEBUG:colcon.colcon_core.package_identification:Package 'src/xarm_ros2/xarm_description' with type 'ros.ament_cmake' and name 'xarm_description'
[0.188s] Level 1:colcon.colcon_core.package_identification:_identify(src/xarm_ros2/xarm_gazebo) by extensions ['ignore', 'ignore_ament_install']
[0.188s] Level 1:colcon.colcon_core.package_identification:_identify(src/xarm_ros2/xarm_gazebo) by extension 'ignore'
[0.188s] Level 1:colcon.colcon_core.package_identification:_identify(src/xarm_ros2/xarm_gazebo) by extension 'ignore_ament_install'
[0.188s] Level 1:colcon.colcon_core.package_identification:_identify(src/xarm_ros2/xarm_gazebo) by extensions ['colcon_pkg']
[0.188s] Level 1:colcon.colcon_core.package_identification:_identify(src/xarm_ros2/xarm_gazebo) by extension 'colcon_pkg'
[0.188s] Level 1:colcon.colcon_core.package_identification:_identify(src/xarm_ros2/xarm_gazebo) by extensions ['colcon_meta']
[0.188s] Level 1:colcon.colcon_core.package_identification:_identify(src/xarm_ros2/xarm_gazebo) by extension 'colcon_meta'
[0.188s] Level 1:colcon.colcon_core.package_identification:_identify(src/xarm_ros2/xarm_gazebo) by extensions ['ros']
[0.188s] Level 1:colcon.colcon_core.package_identification:_identify(src/xarm_ros2/xarm_gazebo) by extension 'ros'
[0.189s] DEBUG:colcon.colcon_core.package_identification:Package 'src/xarm_ros2/xarm_gazebo' with type 'ros.ament_cmake' and name 'xarm_gazebo'
[0.189s] Level 1:colcon.colcon_core.package_identification:_identify(src/xarm_ros2/xarm_moveit_config) by extensions ['ignore', 'ignore_ament_install']
[0.189s] Level 1:colcon.colcon_core.package_identification:_identify(src/xarm_ros2/xarm_moveit_config) by extension 'ignore'
[0.189s] Level 1:colcon.colcon_core.package_identification:_identify(src/xarm_ros2/xarm_moveit_config) by extension 'ignore_ament_install'
[0.189s] Level 1:colcon.colcon_core.package_identification:_identify(src/xarm_ros2/xarm_moveit_config) by extensions ['colcon_pkg']
[0.189s] Level 1:colcon.colcon_core.package_identification:_identify(src/xarm_ros2/xarm_moveit_config) by extension 'colcon_pkg'
[0.189s] Level 1:colcon.colcon_core.package_identification:_identify(src/xarm_ros2/xarm_moveit_config) by extensions ['colcon_meta']
[0.189s] Level 1:colcon.colcon_core.package_identification:_identify(src/xarm_ros2/xarm_moveit_config) by extension 'colcon_meta'
[0.189s] Level 1:colcon.colcon_core.package_identification:_identify(src/xarm_ros2/xarm_moveit_config) by extensions ['ros']
[0.189s] Level 1:colcon.colcon_core.package_identification:_identify(src/xarm_ros2/xarm_moveit_config) by extension 'ros'
[0.189s] DEBUG:colcon.colcon_core.package_identification:Package 'src/xarm_ros2/xarm_moveit_config' with type 'ros.ament_cmake' and name 'xarm_moveit_config'
[0.190s] Level 1:colcon.colcon_core.package_identification:_identify(src/xarm_ros2/xarm_moveit_servo) by extensions ['ignore', 'ignore_ament_install']
[0.190s] Level 1:colcon.colcon_core.package_identification:_identify(src/xarm_ros2/xarm_moveit_servo) by extension 'ignore'
[0.190s] Level 1:colcon.colcon_core.package_identification:_identify(src/xarm_ros2/xarm_moveit_servo) by extension 'ignore_ament_install'
[0.190s] Level 1:colcon.colcon_core.package_identification:_identify(src/xarm_ros2/xarm_moveit_servo) by extensions ['colcon_pkg']
[0.190s] Level 1:colcon.colcon_core.package_identification:_identify(src/xarm_ros2/xarm_moveit_servo) by extension 'colcon_pkg'
[0.190s] Level 1:colcon.colcon_core.package_identification:_identify(src/xarm_ros2/xarm_moveit_servo) by extensions ['colcon_meta']
[0.190s] Level 1:colcon.colcon_core.package_identification:_identify(src/xarm_ros2/xarm_moveit_servo) by extension 'colcon_meta'
[0.190s] Level 1:colcon.colcon_core.package_identification:_identify(src/xarm_ros2/xarm_moveit_servo) by extensions ['ros']
[0.190s] Level 1:colcon.colcon_core.package_identification:_identify(src/xarm_ros2/xarm_moveit_servo) by extension 'ros'
[0.190s] DEBUG:colcon.colcon_core.package_identification:Package 'src/xarm_ros2/xarm_moveit_servo' with type 'ros.ament_cmake' and name 'xarm_moveit_servo'
[0.191s] Level 1:colcon.colcon_core.package_identification:_identify(src/xarm_ros2/xarm_msgs) by extensions ['ignore', 'ignore_ament_install']
[0.191s] Level 1:colcon.colcon_core.package_identification:_identify(src/xarm_ros2/xarm_msgs) by extension 'ignore'
[0.191s] Level 1:colcon.colcon_core.package_identification:_identify(src/xarm_ros2/xarm_msgs) by extension 'ignore_ament_install'
[0.191s] Level 1:colcon.colcon_core.package_identification:_identify(src/xarm_ros2/xarm_msgs) by extensions ['colcon_pkg']
[0.191s] Level 1:colcon.colcon_core.package_identification:_identify(src/xarm_ros2/xarm_msgs) by extension 'colcon_pkg'
[0.191s] Level 1:colcon.colcon_core.package_identification:_identify(src/xarm_ros2/xarm_msgs) by extensions ['colcon_meta']
[0.191s] Level 1:colcon.colcon_core.package_identification:_identify(src/xarm_ros2/xarm_msgs) by extension 'colcon_meta'
[0.191s] Level 1:colcon.colcon_core.package_identification:_identify(src/xarm_ros2/xarm_msgs) by extensions ['ros']
[0.191s] Level 1:colcon.colcon_core.package_identification:_identify(src/xarm_ros2/xarm_msgs) by extension 'ros'
[0.191s] DEBUG:colcon.colcon_core.package_identification:Package 'src/xarm_ros2/xarm_msgs' with type 'ros.ament_cmake' and name 'xarm_msgs'
[0.191s] Level 1:colcon.colcon_core.package_identification:_identify(src/xarm_ros2/xarm_planner) by extensions ['ignore', 'ignore_ament_install']
[0.191s] Level 1:colcon.colcon_core.package_identification:_identify(src/xarm_ros2/xarm_planner) by extension 'ignore'
[0.191s] Level 1:colcon.colcon_core.package_identification:_identify(src/xarm_ros2/xarm_planner) by extension 'ignore_ament_install'
[0.191s] Level 1:colcon.colcon_core.package_identification:_identify(src/xarm_ros2/xarm_planner) by extensions ['colcon_pkg']
[0.191s] Level 1:colcon.colcon_core.package_identification:_identify(src/xarm_ros2/xarm_planner) by extension 'colcon_pkg'
[0.191s] Level 1:colcon.colcon_core.package_identification:_identify(src/xarm_ros2/xarm_planner) by extensions ['colcon_meta']
[0.191s] Level 1:colcon.colcon_core.package_identification:_identify(src/xarm_ros2/xarm_planner) by extension 'colcon_meta'
[0.191s] Level 1:colcon.colcon_core.package_identification:_identify(src/xarm_ros2/xarm_planner) by extensions ['ros']
[0.191s] Level 1:colcon.colcon_core.package_identification:_identify(src/xarm_ros2/xarm_planner) by extension 'ros'
[0.192s] DEBUG:colcon.colcon_core.package_identification:Package 'src/xarm_ros2/xarm_planner' with type 'ros.ament_cmake' and name 'xarm_planner'
[0.192s] Level 1:colcon.colcon_core.package_identification:_identify(src/xarm_ros2/xarm_sdk) by extensions ['ignore', 'ignore_ament_install']
[0.192s] Level 1:colcon.colcon_core.package_identification:_identify(src/xarm_ros2/xarm_sdk) by extension 'ignore'
[0.192s] Level 1:colcon.colcon_core.package_identification:_identify(src/xarm_ros2/xarm_sdk) by extension 'ignore_ament_install'
[0.192s] Level 1:colcon.colcon_core.package_identification:_identify(src/xarm_ros2/xarm_sdk) by extensions ['colcon_pkg']
[0.192s] Level 1:colcon.colcon_core.package_identification:_identify(src/xarm_ros2/xarm_sdk) by extension 'colcon_pkg'
[0.192s] Level 1:colcon.colcon_core.package_identification:_identify(src/xarm_ros2/xarm_sdk) by extensions ['colcon_meta']
[0.192s] Level 1:colcon.colcon_core.package_identification:_identify(src/xarm_ros2/xarm_sdk) by extension 'colcon_meta'
[0.192s] Level 1:colcon.colcon_core.package_identification:_identify(src/xarm_ros2/xarm_sdk) by extensions ['ros']
[0.192s] Level 1:colcon.colcon_core.package_identification:_identify(src/xarm_ros2/xarm_sdk) by extension 'ros'
[0.192s] DEBUG:colcon.colcon_core.package_identification:Package 'src/xarm_ros2/xarm_sdk' with type 'ros.ament_cmake' and name 'xarm_sdk'
[0.192s] Level 1:colcon.colcon_core.package_identification:_identify(src/yolo_object_detector) by extensions ['ignore', 'ignore_ament_install']
[0.192s] Level 1:colcon.colcon_core.package_identification:_identify(src/yolo_object_detector) by extension 'ignore'
[0.192s] Level 1:colcon.colcon_core.package_identification:_identify(src/yolo_object_detector) by extension 'ignore_ament_install'
[0.192s] Level 1:colcon.colcon_core.package_identification:_identify(src/yolo_object_detector) by extensions ['colcon_pkg']
[0.192s] Level 1:colcon.colcon_core.package_identification:_identify(src/yolo_object_detector) by extension 'colcon_pkg'
[0.192s] Level 1:colcon.colcon_core.package_identification:_identify(src/yolo_object_detector) by extensions ['colcon_meta']
[0.192s] Level 1:colcon.colcon_core.package_identification:_identify(src/yolo_object_detector) by extension 'colcon_meta'
[0.192s] Level 1:colcon.colcon_core.package_identification:_identify(src/yolo_object_detector) by extensions ['ros']
[0.192s] Level 1:colcon.colcon_core.package_identification:_identify(src/yolo_object_detector) by extension 'ros'
[0.193s] DEBUG:colcon.colcon_core.package_identification:Package 'src/yolo_object_detector' with type 'ros.ament_python' and name 'yolo_object_detector'
[0.193s] Level 1:colcon.colcon_core.package_identification:_identify(src/zed-ros2-interfaces) by extensions ['ignore', 'ignore_ament_install']
[0.193s] Level 1:colcon.colcon_core.package_identification:_identify(src/zed-ros2-interfaces) by extension 'ignore'
[0.193s] Level 1:colcon.colcon_core.package_identification:_identify(src/zed-ros2-interfaces) by extension 'ignore_ament_install'
[0.193s] Level 1:colcon.colcon_core.package_identification:_identify(src/zed-ros2-interfaces) by extensions ['colcon_pkg']
[0.193s] Level 1:colcon.colcon_core.package_identification:_identify(src/zed-ros2-interfaces) by extension 'colcon_pkg'
[0.193s] Level 1:colcon.colcon_core.package_identification:_identify(src/zed-ros2-interfaces) by extensions ['colcon_meta']
[0.193s] Level 1:colcon.colcon_core.package_identification:_identify(src/zed-ros2-interfaces) by extension 'colcon_meta'
[0.193s] Level 1:colcon.colcon_core.package_identification:_identify(src/zed-ros2-interfaces) by extensions ['ros']
[0.193s] Level 1:colcon.colcon_core.package_identification:_identify(src/zed-ros2-interfaces) by extension 'ros'
[0.193s] DEBUG:colcon.colcon_core.package_identification:Package 'src/zed-ros2-interfaces' with type 'ros.ament_cmake' and name 'zed_interfaces'
[0.193s] Level 1:colcon.colcon_core.package_identification:_identify(src/zed-ros2-wrapper) by extensions ['ignore', 'ignore_ament_install']
[0.193s] Level 1:colcon.colcon_core.package_identification:_identify(src/zed-ros2-wrapper) by extension 'ignore'
[0.193s] Level 1:colcon.colcon_core.package_identification:_identify(src/zed-ros2-wrapper) by extension 'ignore_ament_install'
[0.193s] Level 1:colcon.colcon_core.package_identification:_identify(src/zed-ros2-wrapper) by extensions ['colcon_pkg']
[0.194s] Level 1:colcon.colcon_core.package_identification:_identify(src/zed-ros2-wrapper) by extension 'colcon_pkg'
[0.194s] Level 1:colcon.colcon_core.package_identification:_identify(src/zed-ros2-wrapper) by extensions ['colcon_meta']
[0.194s] Level 1:colcon.colcon_core.package_identification:_identify(src/zed-ros2-wrapper) by extension 'colcon_meta'
[0.194s] Level 1:colcon.colcon_core.package_identification:_identify(src/zed-ros2-wrapper) by extensions ['ros']
[0.194s] Level 1:colcon.colcon_core.package_identification:_identify(src/zed-ros2-wrapper) by extension 'ros'
[0.194s] Level 1:colcon.colcon_core.package_identification:_identify(src/zed-ros2-wrapper) by extensions ['cmake', 'python']
[0.194s] Level 1:colcon.colcon_core.package_identification:_identify(src/zed-ros2-wrapper) by extension 'cmake'
[0.194s] Level 1:colcon.colcon_core.package_identification:_identify(src/zed-ros2-wrapper) by extension 'python'
[0.194s] Level 1:colcon.colcon_core.package_identification:_identify(src/zed-ros2-wrapper) by extensions ['python_setup_py']
[0.194s] Level 1:colcon.colcon_core.package_identification:_identify(src/zed-ros2-wrapper) by extension 'python_setup_py'
[0.194s] Level 1:colcon.colcon_core.package_identification:_identify(src/zed-ros2-wrapper/docker) by extensions ['ignore', 'ignore_ament_install']
[0.194s] Level 1:colcon.colcon_core.package_identification:_identify(src/zed-ros2-wrapper/docker) by extension 'ignore'
[0.194s] Level 1:colcon.colcon_core.package_identification:_identify(src/zed-ros2-wrapper/docker) by extension 'ignore_ament_install'
[0.194s] Level 1:colcon.colcon_core.package_identification:_identify(src/zed-ros2-wrapper/docker) by extensions ['colcon_pkg']
[0.194s] Level 1:colcon.colcon_core.package_identification:_identify(src/zed-ros2-wrapper/docker) by extension 'colcon_pkg'
[0.194s] Level 1:colcon.colcon_core.package_identification:_identify(src/zed-ros2-wrapper/docker) by extensions ['colcon_meta']
[0.194s] Level 1:colcon.colcon_core.package_identification:_identify(src/zed-ros2-wrapper/docker) by extension 'colcon_meta'
[0.194s] Level 1:colcon.colcon_core.package_identification:_identify(src/zed-ros2-wrapper/docker) by extensions ['ros']
[0.194s] Level 1:colcon.colcon_core.package_identification:_identify(src/zed-ros2-wrapper/docker) by extension 'ros'
[0.194s] Level 1:colcon.colcon_core.package_identification:_identify(src/zed-ros2-wrapper/docker) by extensions ['cmake', 'python']
[0.194s] Level 1:colcon.colcon_core.package_identification:_identify(src/zed-ros2-wrapper/docker) by extension 'cmake'
[0.194s] Level 1:colcon.colcon_core.package_identification:_identify(src/zed-ros2-wrapper/docker) by extension 'python'
[0.194s] Level 1:colcon.colcon_core.package_identification:_identify(src/zed-ros2-wrapper/docker) by extensions ['python_setup_py']
[0.194s] Level 1:colcon.colcon_core.package_identification:_identify(src/zed-ros2-wrapper/docker) by extension 'python_setup_py'
[0.194s] Level 1:colcon.colcon_core.package_identification:_identify(src/zed-ros2-wrapper/images) by extensions ['ignore', 'ignore_ament_install']
[0.194s] Level 1:colcon.colcon_core.package_identification:_identify(src/zed-ros2-wrapper/images) by extension 'ignore'
[0.194s] Level 1:colcon.colcon_core.package_identification:_identify(src/zed-ros2-wrapper/images) by extension 'ignore_ament_install'
[0.194s] Level 1:colcon.colcon_core.package_identification:_identify(src/zed-ros2-wrapper/images) by extensions ['colcon_pkg']
[0.194s] Level 1:colcon.colcon_core.package_identification:_identify(src/zed-ros2-wrapper/images) by extension 'colcon_pkg'
[0.194s] Level 1:colcon.colcon_core.package_identification:_identify(src/zed-ros2-wrapper/images) by extensions ['colcon_meta']
[0.194s] Level 1:colcon.colcon_core.package_identification:_identify(src/zed-ros2-wrapper/images) by extension 'colcon_meta'
[0.194s] Level 1:colcon.colcon_core.package_identification:_identify(src/zed-ros2-wrapper/images) by extensions ['ros']
[0.194s] Level 1:colcon.colcon_core.package_identification:_identify(src/zed-ros2-wrapper/images) by extension 'ros'
[0.194s] Level 1:colcon.colcon_core.package_identification:_identify(src/zed-ros2-wrapper/images) by extensions ['cmake', 'python']
[0.194s] Level 1:colcon.colcon_core.package_identification:_identify(src/zed-ros2-wrapper/images) by extension 'cmake'
[0.194s] Level 1:colcon.colcon_core.package_identification:_identify(src/zed-ros2-wrapper/images) by extension 'python'
[0.194s] Level 1:colcon.colcon_core.package_identification:_identify(src/zed-ros2-wrapper/images) by extensions ['python_setup_py']
[0.194s] Level 1:colcon.colcon_core.package_identification:_identify(src/zed-ros2-wrapper/images) by extension 'python_setup_py'
[0.194s] Level 1:colcon.colcon_core.package_identification:_identify(src/zed-ros2-wrapper/zed_components) by extensions ['ignore', 'ignore_ament_install']
[0.194s] Level 1:colcon.colcon_core.package_identification:_identify(src/zed-ros2-wrapper/zed_components) by extension 'ignore'
[0.194s] Level 1:colcon.colcon_core.package_identification:_identify(src/zed-ros2-wrapper/zed_components) by extension 'ignore_ament_install'
[0.194s] Level 1:colcon.colcon_core.package_identification:_identify(src/zed-ros2-wrapper/zed_components) by extensions ['colcon_pkg']
[0.194s] Level 1:colcon.colcon_core.package_identification:_identify(src/zed-ros2-wrapper/zed_components) by extension 'colcon_pkg'
[0.194s] Level 1:colcon.colcon_core.package_identification:_identify(src/zed-ros2-wrapper/zed_components) by extensions ['colcon_meta']
[0.194s] Level 1:colcon.colcon_core.package_identification:_identify(src/zed-ros2-wrapper/zed_components) by extension 'colcon_meta'
[0.194s] Level 1:colcon.colcon_core.package_identification:_identify(src/zed-ros2-wrapper/zed_components) by extensions ['ros']
[0.194s] Level 1:colcon.colcon_core.package_identification:_identify(src/zed-ros2-wrapper/zed_components) by extension 'ros'
[0.195s] DEBUG:colcon.colcon_core.package_identification:Package 'src/zed-ros2-wrapper/zed_components' with type 'ros.ament_cmake' and name 'zed_components'
[0.195s] Level 1:colcon.colcon_core.package_identification:_identify(src/zed-ros2-wrapper/zed_ros2) by extensions ['ignore', 'ignore_ament_install']
[0.195s] Level 1:colcon.colcon_core.package_identification:_identify(src/zed-ros2-wrapper/zed_ros2) by extension 'ignore'
[0.195s] Level 1:colcon.colcon_core.package_identification:_identify(src/zed-ros2-wrapper/zed_ros2) by extension 'ignore_ament_install'
[0.195s] Level 1:colcon.colcon_core.package_identification:_identify(src/zed-ros2-wrapper/zed_ros2) by extensions ['colcon_pkg']
[0.195s] Level 1:colcon.colcon_core.package_identification:_identify(src/zed-ros2-wrapper/zed_ros2) by extension 'colcon_pkg'
[0.195s] Level 1:colcon.colcon_core.package_identification:_identify(src/zed-ros2-wrapper/zed_ros2) by extensions ['colcon_meta']
[0.195s] Level 1:colcon.colcon_core.package_identification:_identify(src/zed-ros2-wrapper/zed_ros2) by extension 'colcon_meta'
[0.195s] Level 1:colcon.colcon_core.package_identification:_identify(src/zed-ros2-wrapper/zed_ros2) by extensions ['ros']
[0.195s] Level 1:colcon.colcon_core.package_identification:_identify(src/zed-ros2-wrapper/zed_ros2) by extension 'ros'
[0.196s] DEBUG:colcon.colcon_core.package_identification:Package 'src/zed-ros2-wrapper/zed_ros2' with type 'ros.ament_cmake' and name 'zed_ros2'
[0.196s] Level 1:colcon.colcon_core.package_identification:_identify(src/zed-ros2-wrapper/zed_wrapper) by extensions ['ignore', 'ignore_ament_install']
[0.196s] Level 1:colcon.colcon_core.package_identification:_identify(src/zed-ros2-wrapper/zed_wrapper) by extension 'ignore'
[0.196s] Level 1:colcon.colcon_core.package_identification:_identify(src/zed-ros2-wrapper/zed_wrapper) by extension 'ignore_ament_install'
[0.196s] Level 1:colcon.colcon_core.package_identification:_identify(src/zed-ros2-wrapper/zed_wrapper) by extensions ['colcon_pkg']
[0.196s] Level 1:colcon.colcon_core.package_identification:_identify(src/zed-ros2-wrapper/zed_wrapper) by extension 'colcon_pkg'
[0.196s] Level 1:colcon.colcon_core.package_identification:_identify(src/zed-ros2-wrapper/zed_wrapper) by extensions ['colcon_meta']
[0.196s] Level 1:colcon.colcon_core.package_identification:_identify(src/zed-ros2-wrapper/zed_wrapper) by extension 'colcon_meta'
[0.196s] Level 1:colcon.colcon_core.package_identification:_identify(src/zed-ros2-wrapper/zed_wrapper) by extensions ['ros']
[0.196s] Level 1:colcon.colcon_core.package_identification:_identify(src/zed-ros2-wrapper/zed_wrapper) by extension 'ros'
[0.196s] DEBUG:colcon.colcon_core.package_identification:Package 'src/zed-ros2-wrapper/zed_wrapper' with type 'ros.ament_cmake' and name 'zed_wrapper'
[0.196s] Level 1:colcon.colcon_core.package_discovery:discover_packages(recursive) using defaults
[0.196s] Level 1:colcon.colcon_core.package_discovery:discover_packages(ignore) discover
[0.196s] Level 1:colcon.colcon_core.package_discovery:discover_packages(ignore) using defaults
[0.196s] Level 1:colcon.colcon_core.package_discovery:discover_packages(path) discover
[0.196s] Level 1:colcon.colcon_core.package_discovery:discover_packages(path) using defaults
[0.211s] Level 1:colcon.colcon_core.package_discovery:discover_packages(prefix_path) check parameters
[0.211s] Level 1:colcon.colcon_core.package_discovery:discover_packages(prefix_path) discover
[0.213s] DEBUG:colcon.colcon_installed_package_information.package_discovery:Found 35 installed packages in /home/mk/dev_ws/install
[0.214s] DEBUG:colcon.colcon_installed_package_information.package_discovery:Found 365 installed packages in /opt/ros/humble
[0.215s] Level 1:colcon.colcon_core.package_discovery:discover_packages(prefix_path) using defaults
[0.235s] Level 5:colcon.colcon_core.verb:set package 'audio_listener' build argument 'cmake_args' from command line to 'None'
[0.235s] Level 5:colcon.colcon_core.verb:set package 'audio_listener' build argument 'cmake_target' from command line to 'None'
[0.235s] Level 5:colcon.colcon_core.verb:set package 'audio_listener' build argument 'cmake_target_skip_unavailable' from command line to 'False'
[0.235s] Level 5:colcon.colcon_core.verb:set package 'audio_listener' build argument 'cmake_clean_cache' from command line to 'False'
[0.235s] Level 5:colcon.colcon_core.verb:set package 'audio_listener' build argument 'cmake_clean_first' from command line to 'False'
[0.235s] Level 5:colcon.colcon_core.verb:set package 'audio_listener' build argument 'cmake_force_configure' from command line to 'False'
[0.235s] Level 5:colcon.colcon_core.verb:set package 'audio_listener' build argument 'ament_cmake_args' from command line to 'None'
[0.235s] Level 5:colcon.colcon_core.verb:set package 'audio_listener' build argument 'catkin_cmake_args' from command line to 'None'
[0.235s] Level 5:colcon.colcon_core.verb:set package 'audio_listener' build argument 'catkin_skip_building_tests' from command line to 'False'
[0.235s] DEBUG:colcon.colcon_core.verb:Building package 'audio_listener' with the following arguments: {'ament_cmake_args': None, 'build_base': '/home/mk/dev_ws/build/audio_listener', 'catkin_cmake_args': None, 'catkin_skip_building_tests': False, 'cmake_args': None, 'cmake_clean_cache': False, 'cmake_clean_first': False, 'cmake_force_configure': False, 'cmake_target': None, 'cmake_target_skip_unavailable': False, 'install_base': '/home/mk/dev_ws/install/audio_listener', 'merge_install': False, 'path': '/home/mk/dev_ws/src/ros2_whisper/audio_listener', 'symlink_install': True, 'test_result_base': None}
[0.235s] Level 5:colcon.colcon_core.verb:set package 'collision_check' build argument 'cmake_args' from command line to 'None'
[0.235s] Level 5:colcon.colcon_core.verb:set package 'collision_check' build argument 'cmake_target' from command line to 'None'
[0.235s] Level 5:colcon.colcon_core.verb:set package 'collision_check' build argument 'cmake_target_skip_unavailable' from command line to 'False'
[0.235s] Level 5:colcon.colcon_core.verb:set package 'collision_check' build argument 'cmake_clean_cache' from command line to 'False'
[0.235s] Level 5:colcon.colcon_core.verb:set package 'collision_check' build argument 'cmake_clean_first' from command line to 'False'
[0.235s] Level 5:colcon.colcon_core.verb:set package 'collision_check' build argument 'cmake_force_configure' from command line to 'False'
[0.235s] Level 5:colcon.colcon_core.verb:set package 'collision_check' build argument 'ament_cmake_args' from command line to 'None'
[0.235s] Level 5:colcon.colcon_core.verb:set package 'collision_check' build argument 'catkin_cmake_args' from command line to 'None'
[0.236s] Level 5:colcon.colcon_core.verb:set package 'collision_check' build argument 'catkin_skip_building_tests' from command line to 'False'
[0.236s] DEBUG:colcon.colcon_core.verb:Building package 'collision_check' with the following arguments: {'ament_cmake_args': None, 'build_base': '/home/mk/dev_ws/build/collision_check', 'catkin_cmake_args': None, 'catkin_skip_building_tests': False, 'cmake_args': None, 'cmake_clean_cache': False, 'cmake_clean_first': False, 'cmake_force_configure': False, 'cmake_target': None, 'cmake_target_skip_unavailable': False, 'install_base': '/home/mk/dev_ws/install/collision_check', 'merge_install': False, 'path': '/home/mk/dev_ws/src/collision_check', 'symlink_install': True, 'test_result_base': None}
[0.236s] Level 5:colcon.colcon_core.verb:set package 'gaze_control' build argument 'cmake_args' from command line to 'None'
[0.236s] Level 5:colcon.colcon_core.verb:set package 'gaze_control' build argument 'cmake_target' from command line to 'None'
[0.236s] Level 5:colcon.colcon_core.verb:set package 'gaze_control' build argument 'cmake_target_skip_unavailable' from command line to 'False'
[0.236s] Level 5:colcon.colcon_core.verb:set package 'gaze_control' build argument 'cmake_clean_cache' from command line to 'False'
[0.236s] Level 5:colcon.colcon_core.verb:set package 'gaze_control' build argument 'cmake_clean_first' from command line to 'False'
[0.236s] Level 5:colcon.colcon_core.verb:set package 'gaze_control' build argument 'cmake_force_configure' from command line to 'False'
[0.236s] Level 5:colcon.colcon_core.verb:set package 'gaze_control' build argument 'ament_cmake_args' from command line to 'None'
[0.236s] Level 5:colcon.colcon_core.verb:set package 'gaze_control' build argument 'catkin_cmake_args' from command line to 'None'
[0.236s] Level 5:colcon.colcon_core.verb:set package 'gaze_control' build argument 'catkin_skip_building_tests' from command line to 'False'
[0.236s] DEBUG:colcon.colcon_core.verb:Building package 'gaze_control' with the following arguments: {'ament_cmake_args': None, 'build_base': '/home/mk/dev_ws/build/gaze_control', 'catkin_cmake_args': None, 'catkin_skip_building_tests': False, 'cmake_args': None, 'cmake_clean_cache': False, 'cmake_clean_first': False, 'cmake_force_configure': False, 'cmake_target': None, 'cmake_target_skip_unavailable': False, 'install_base': '/home/mk/dev_ws/install/gaze_control', 'merge_install': False, 'path': '/home/mk/dev_ws/src/gaze_control', 'symlink_install': True, 'test_result_base': None}
[0.236s] Level 5:colcon.colcon_core.verb:set package 'mbot_demo' build argument 'cmake_args' from command line to 'None'
[0.236s] Level 5:colcon.colcon_core.verb:set package 'mbot_demo' build argument 'cmake_target' from command line to 'None'
[0.236s] Level 5:colcon.colcon_core.verb:set package 'mbot_demo' build argument 'cmake_target_skip_unavailable' from command line to 'False'
[0.236s] Level 5:colcon.colcon_core.verb:set package 'mbot_demo' build argument 'cmake_clean_cache' from command line to 'False'
[0.236s] Level 5:colcon.colcon_core.verb:set package 'mbot_demo' build argument 'cmake_clean_first' from command line to 'False'
[0.236s] Level 5:colcon.colcon_core.verb:set package 'mbot_demo' build argument 'cmake_force_configure' from command line to 'False'
[0.236s] Level 5:colcon.colcon_core.verb:set package 'mbot_demo' build argument 'ament_cmake_args' from command line to 'None'
[0.236s] Level 5:colcon.colcon_core.verb:set package 'mbot_demo' build argument 'catkin_cmake_args' from command line to 'None'
[0.236s] Level 5:colcon.colcon_core.verb:set package 'mbot_demo' build argument 'catkin_skip_building_tests' from command line to 'False'
[0.236s] DEBUG:colcon.colcon_core.verb:Building package 'mbot_demo' with the following arguments: {'ament_cmake_args': None, 'build_base': '/home/mk/dev_ws/build/mbot_demo', 'catkin_cmake_args': None, 'catkin_skip_building_tests': False, 'cmake_args': None, 'cmake_clean_cache': False, 'cmake_clean_first': False, 'cmake_force_configure': False, 'cmake_target': None, 'cmake_target_skip_unavailable': False, 'install_base': '/home/mk/dev_ws/install/mbot_demo', 'merge_install': False, 'path': '/home/mk/dev_ws/src/xarm_ros2/demo/mbot_demo', 'symlink_install': True, 'test_result_base': None}
[0.236s] Level 5:colcon.colcon_core.verb:set package 'my_3d_vision_bringup' build argument 'cmake_args' from command line to 'None'
[0.236s] Level 5:colcon.colcon_core.verb:set package 'my_3d_vision_bringup' build argument 'cmake_target' from command line to 'None'
[0.236s] Level 5:colcon.colcon_core.verb:set package 'my_3d_vision_bringup' build argument 'cmake_target_skip_unavailable' from command line to 'False'
[0.236s] Level 5:colcon.colcon_core.verb:set package 'my_3d_vision_bringup' build argument 'cmake_clean_cache' from command line to 'False'
[0.236s] Level 5:colcon.colcon_core.verb:set package 'my_3d_vision_bringup' build argument 'cmake_clean_first' from command line to 'False'
[0.236s] Level 5:colcon.colcon_core.verb:set package 'my_3d_vision_bringup' build argument 'cmake_force_configure' from command line to 'False'
[0.236s] Level 5:colcon.colcon_core.verb:set package 'my_3d_vision_bringup' build argument 'ament_cmake_args' from command line to 'None'
[0.236s] Level 5:colcon.colcon_core.verb:set package 'my_3d_vision_bringup' build argument 'catkin_cmake_args' from command line to 'None'
[0.236s] Level 5:colcon.colcon_core.verb:set package 'my_3d_vision_bringup' build argument 'catkin_skip_building_tests' from command line to 'False'
[0.236s] DEBUG:colcon.colcon_core.verb:Building package 'my_3d_vision_bringup' with the following arguments: {'ament_cmake_args': None, 'build_base': '/home/mk/dev_ws/build/my_3d_vision_bringup', 'catkin_cmake_args': None, 'catkin_skip_building_tests': False, 'cmake_args': None, 'cmake_clean_cache': False, 'cmake_clean_first': False, 'cmake_force_configure': False, 'cmake_target': None, 'cmake_target_skip_unavailable': False, 'install_base': '/home/mk/dev_ws/install/my_3d_vision_bringup', 'merge_install': False, 'path': '/home/mk/dev_ws/src/my_3d_vision_bringup', 'symlink_install': True, 'test_result_base': None}
[0.236s] Level 5:colcon.colcon_core.verb:set package 'realsense_gazebo_plugin' build argument 'cmake_args' from command line to 'None'
[0.236s] Level 5:colcon.colcon_core.verb:set package 'realsense_gazebo_plugin' build argument 'cmake_target' from command line to 'None'
[0.236s] Level 5:colcon.colcon_core.verb:set package 'realsense_gazebo_plugin' build argument 'cmake_target_skip_unavailable' from command line to 'False'
[0.236s] Level 5:colcon.colcon_core.verb:set package 'realsense_gazebo_plugin' build argument 'cmake_clean_cache' from command line to 'False'
[0.236s] Level 5:colcon.colcon_core.verb:set package 'realsense_gazebo_plugin' build argument 'cmake_clean_first' from command line to 'False'
[0.236s] Level 5:colcon.colcon_core.verb:set package 'realsense_gazebo_plugin' build argument 'cmake_force_configure' from command line to 'False'
[0.236s] Level 5:colcon.colcon_core.verb:set package 'realsense_gazebo_plugin' build argument 'ament_cmake_args' from command line to 'None'
[0.236s] Level 5:colcon.colcon_core.verb:set package 'realsense_gazebo_plugin' build argument 'catkin_cmake_args' from command line to 'None'
[0.236s] Level 5:colcon.colcon_core.verb:set package 'realsense_gazebo_plugin' build argument 'catkin_skip_building_tests' from command line to 'False'
[0.236s] DEBUG:colcon.colcon_core.verb:Building package 'realsense_gazebo_plugin' with the following arguments: {'ament_cmake_args': None, 'build_base': '/home/mk/dev_ws/build/realsense_gazebo_plugin', 'catkin_cmake_args': None, 'catkin_skip_building_tests': False, 'cmake_args': None, 'cmake_clean_cache': False, 'cmake_clean_first': False, 'cmake_force_configure': False, 'cmake_target': None, 'cmake_target_skip_unavailable': False, 'install_base': '/home/mk/dev_ws/install/realsense_gazebo_plugin', 'merge_install': False, 'path': '/home/mk/dev_ws/src/xarm_ros2/thirdparty/realsense_gazebo_plugin', 'symlink_install': True, 'test_result_base': None}
[0.236s] Level 5:colcon.colcon_core.verb:set package 'robot_motion_handler_movegroup' build argument 'cmake_args' from command line to 'None'
[0.236s] Level 5:colcon.colcon_core.verb:set package 'robot_motion_handler_movegroup' build argument 'cmake_target' from command line to 'None'
[0.237s] Level 5:colcon.colcon_core.verb:set package 'robot_motion_handler_movegroup' build argument 'cmake_target_skip_unavailable' from command line to 'False'
[0.237s] Level 5:colcon.colcon_core.verb:set package 'robot_motion_handler_movegroup' build argument 'cmake_clean_cache' from command line to 'False'
[0.237s] Level 5:colcon.colcon_core.verb:set package 'robot_motion_handler_movegroup' build argument 'cmake_clean_first' from command line to 'False'
[0.237s] Level 5:colcon.colcon_core.verb:set package 'robot_motion_handler_movegroup' build argument 'cmake_force_configure' from command line to 'False'
[0.237s] Level 5:colcon.colcon_core.verb:set package 'robot_motion_handler_movegroup' build argument 'ament_cmake_args' from command line to 'None'
[0.237s] Level 5:colcon.colcon_core.verb:set package 'robot_motion_handler_movegroup' build argument 'catkin_cmake_args' from command line to 'None'
[0.237s] Level 5:colcon.colcon_core.verb:set package 'robot_motion_handler_movegroup' build argument 'catkin_skip_building_tests' from command line to 'False'
[0.237s] DEBUG:colcon.colcon_core.verb:Building package 'robot_motion_handler_movegroup' with the following arguments: {'ament_cmake_args': None, 'build_base': '/home/mk/dev_ws/build/robot_motion_handler_movegroup', 'catkin_cmake_args': None, 'catkin_skip_building_tests': False, 'cmake_args': None, 'cmake_clean_cache': False, 'cmake_clean_first': False, 'cmake_force_configure': False, 'cmake_target': None, 'cmake_target_skip_unavailable': False, 'install_base': '/home/mk/dev_ws/install/robot_motion_handler_movegroup', 'merge_install': False, 'path': '/home/mk/dev_ws/src/robot_motion_handler_movegroup', 'symlink_install': True, 'test_result_base': None}
[0.237s] Level 5:colcon.colcon_core.verb:set package 'rviz_marker_static_scene_objects' build argument 'cmake_args' from command line to 'None'
[0.237s] Level 5:colcon.colcon_core.verb:set package 'rviz_marker_static_scene_objects' build argument 'cmake_target' from command line to 'None'
[0.237s] Level 5:colcon.colcon_core.verb:set package 'rviz_marker_static_scene_objects' build argument 'cmake_target_skip_unavailable' from command line to 'False'
[0.237s] Level 5:colcon.colcon_core.verb:set package 'rviz_marker_static_scene_objects' build argument 'cmake_clean_cache' from command line to 'False'
[0.237s] Level 5:colcon.colcon_core.verb:set package 'rviz_marker_static_scene_objects' build argument 'cmake_clean_first' from command line to 'False'
[0.237s] Level 5:colcon.colcon_core.verb:set package 'rviz_marker_static_scene_objects' build argument 'cmake_force_configure' from command line to 'False'
[0.237s] Level 5:colcon.colcon_core.verb:set package 'rviz_marker_static_scene_objects' build argument 'ament_cmake_args' from command line to 'None'
[0.237s] Level 5:colcon.colcon_core.verb:set package 'rviz_marker_static_scene_objects' build argument 'catkin_cmake_args' from command line to 'None'
[0.237s] Level 5:colcon.colcon_core.verb:set package 'rviz_marker_static_scene_objects' build argument 'catkin_skip_building_tests' from command line to 'False'
[0.237s] DEBUG:colcon.colcon_core.verb:Building package 'rviz_marker_static_scene_objects' with the following arguments: {'ament_cmake_args': None, 'build_base': '/home/mk/dev_ws/build/rviz_marker_static_scene_objects', 'catkin_cmake_args': None, 'catkin_skip_building_tests': False, 'cmake_args': None, 'cmake_clean_cache': False, 'cmake_clean_first': False, 'cmake_force_configure': False, 'cmake_target': None, 'cmake_target_skip_unavailable': False, 'install_base': '/home/mk/dev_ws/install/rviz_marker_static_scene_objects', 'merge_install': False, 'path': '/home/mk/dev_ws/src/rviz_marker_static_scene_objects', 'symlink_install': True, 'test_result_base': None}
[0.237s] Level 5:colcon.colcon_core.verb:set package 'rviz_servo_status_overlay' build argument 'cmake_args' from command line to 'None'
[0.237s] Level 5:colcon.colcon_core.verb:set package 'rviz_servo_status_overlay' build argument 'cmake_target' from command line to 'None'
[0.237s] Level 5:colcon.colcon_core.verb:set package 'rviz_servo_status_overlay' build argument 'cmake_target_skip_unavailable' from command line to 'False'
[0.237s] Level 5:colcon.colcon_core.verb:set package 'rviz_servo_status_overlay' build argument 'cmake_clean_cache' from command line to 'False'
[0.237s] Level 5:colcon.colcon_core.verb:set package 'rviz_servo_status_overlay' build argument 'cmake_clean_first' from command line to 'False'
[0.237s] Level 5:colcon.colcon_core.verb:set package 'rviz_servo_status_overlay' build argument 'cmake_force_configure' from command line to 'False'
[0.237s] Level 5:colcon.colcon_core.verb:set package 'rviz_servo_status_overlay' build argument 'ament_cmake_args' from command line to 'None'
[0.237s] Level 5:colcon.colcon_core.verb:set package 'rviz_servo_status_overlay' build argument 'catkin_cmake_args' from command line to 'None'
[0.237s] Level 5:colcon.colcon_core.verb:set package 'rviz_servo_status_overlay' build argument 'catkin_skip_building_tests' from command line to 'False'
[0.237s] DEBUG:colcon.colcon_core.verb:Building package 'rviz_servo_status_overlay' with the following arguments: {'ament_cmake_args': None, 'build_base': '/home/mk/dev_ws/build/rviz_servo_status_overlay', 'catkin_cmake_args': None, 'catkin_skip_building_tests': False, 'cmake_args': None, 'cmake_clean_cache': False, 'cmake_clean_first': False, 'cmake_force_configure': False, 'cmake_target': None, 'cmake_target_skip_unavailable': False, 'install_base': '/home/mk/dev_ws/install/rviz_servo_status_overlay', 'merge_install': False, 'path': '/home/mk/dev_ws/src/rviz_servo_status_overlay', 'symlink_install': True, 'test_result_base': None}
[0.237s] Level 5:colcon.colcon_core.verb:set package 'uf_ros_lib' build argument 'cmake_args' from command line to 'None'
[0.237s] Level 5:colcon.colcon_core.verb:set package 'uf_ros_lib' build argument 'cmake_target' from command line to 'None'
[0.237s] Level 5:colcon.colcon_core.verb:set package 'uf_ros_lib' build argument 'cmake_target_skip_unavailable' from command line to 'False'
[0.237s] Level 5:colcon.colcon_core.verb:set package 'uf_ros_lib' build argument 'cmake_clean_cache' from command line to 'False'
[0.237s] Level 5:colcon.colcon_core.verb:set package 'uf_ros_lib' build argument 'cmake_clean_first' from command line to 'False'
[0.237s] Level 5:colcon.colcon_core.verb:set package 'uf_ros_lib' build argument 'cmake_force_configure' from command line to 'False'
[0.237s] Level 5:colcon.colcon_core.verb:set package 'uf_ros_lib' build argument 'ament_cmake_args' from command line to 'None'
[0.237s] Level 5:colcon.colcon_core.verb:set package 'uf_ros_lib' build argument 'catkin_cmake_args' from command line to 'None'
[0.237s] Level 5:colcon.colcon_core.verb:set package 'uf_ros_lib' build argument 'catkin_skip_building_tests' from command line to 'False'
[0.237s] DEBUG:colcon.colcon_core.verb:Building package 'uf_ros_lib' with the following arguments: {'ament_cmake_args': None, 'build_base': '/home/mk/dev_ws/build/uf_ros_lib', 'catkin_cmake_args': None, 'catkin_skip_building_tests': False, 'cmake_args': None, 'cmake_clean_cache': False, 'cmake_clean_first': False, 'cmake_force_configure': False, 'cmake_target': None, 'cmake_target_skip_unavailable': False, 'install_base': '/home/mk/dev_ws/install/uf_ros_lib', 'merge_install': False, 'path': '/home/mk/dev_ws/src/xarm_ros2/uf_ros_lib', 'symlink_install': True, 'test_result_base': None}
[0.237s] Level 5:colcon.colcon_core.verb:set package 'whisper_cpp_vendor' build argument 'cmake_args' from command line to 'None'
[0.237s] Level 5:colcon.colcon_core.verb:set package 'whisper_cpp_vendor' build argument 'cmake_target' from command line to 'None'
[0.237s] Level 5:colcon.colcon_core.verb:set package 'whisper_cpp_vendor' build argument 'cmake_target_skip_unavailable' from command line to 'False'
[0.237s] Level 5:colcon.colcon_core.verb:set package 'whisper_cpp_vendor' build argument 'cmake_clean_cache' from command line to 'False'
[0.237s] Level 5:colcon.colcon_core.verb:set package 'whisper_cpp_vendor' build argument 'cmake_clean_first' from command line to 'False'
[0.237s] Level 5:colcon.colcon_core.verb:set package 'whisper_cpp_vendor' build argument 'cmake_force_configure' from command line to 'False'
[0.237s] Level 5:colcon.colcon_core.verb:set package 'whisper_cpp_vendor' build argument 'ament_cmake_args' from command line to 'None'
[0.237s] Level 5:colcon.colcon_core.verb:set package 'whisper_cpp_vendor' build argument 'catkin_cmake_args' from command line to 'None'
[0.237s] Level 5:colcon.colcon_core.verb:set package 'whisper_cpp_vendor' build argument 'catkin_skip_building_tests' from command line to 'False'
[0.237s] DEBUG:colcon.colcon_core.verb:Building package 'whisper_cpp_vendor' with the following arguments: {'ament_cmake_args': None, 'build_base': '/home/mk/dev_ws/build/whisper_cpp_vendor', 'catkin_cmake_args': None, 'catkin_skip_building_tests': False, 'cmake_args': None, 'cmake_clean_cache': False, 'cmake_clean_first': False, 'cmake_force_configure': False, 'cmake_target': None, 'cmake_target_skip_unavailable': False, 'install_base': '/home/mk/dev_ws/install/whisper_cpp_vendor', 'merge_install': False, 'path': '/home/mk/dev_ws/src/ros2_whisper/whisper_cpp_vendor', 'symlink_install': True, 'test_result_base': None}
[0.238s] Level 5:colcon.colcon_core.verb:set package 'whisper_idl' build argument 'cmake_args' from command line to 'None'
[0.238s] Level 5:colcon.colcon_core.verb:set package 'whisper_idl' build argument 'cmake_target' from command line to 'None'
[0.238s] Level 5:colcon.colcon_core.verb:set package 'whisper_idl' build argument 'cmake_target_skip_unavailable' from command line to 'False'
[0.238s] Level 5:colcon.colcon_core.verb:set package 'whisper_idl' build argument 'cmake_clean_cache' from command line to 'False'
[0.238s] Level 5:colcon.colcon_core.verb:set package 'whisper_idl' build argument 'cmake_clean_first' from command line to 'False'
[0.238s] Level 5:colcon.colcon_core.verb:set package 'whisper_idl' build argument 'cmake_force_configure' from command line to 'False'
[0.238s] Level 5:colcon.colcon_core.verb:set package 'whisper_idl' build argument 'ament_cmake_args' from command line to 'None'
[0.238s] Level 5:colcon.colcon_core.verb:set package 'whisper_idl' build argument 'catkin_cmake_args' from command line to 'None'
[0.238s] Level 5:colcon.colcon_core.verb:set package 'whisper_idl' build argument 'catkin_skip_building_tests' from command line to 'False'
[0.238s] DEBUG:colcon.colcon_core.verb:Building package 'whisper_idl' with the following arguments: {'ament_cmake_args': None, 'build_base': '/home/mk/dev_ws/build/whisper_idl', 'catkin_cmake_args': None, 'catkin_skip_building_tests': False, 'cmake_args': None, 'cmake_clean_cache': False, 'cmake_clean_first': False, 'cmake_force_configure': False, 'cmake_target': None, 'cmake_target_skip_unavailable': False, 'install_base': '/home/mk/dev_ws/install/whisper_idl', 'merge_install': False, 'path': '/home/mk/dev_ws/src/ros2_whisper/whisper_idl', 'symlink_install': True, 'test_result_base': None}
[0.238s] Level 5:colcon.colcon_core.verb:set package 'xarm_description' build argument 'cmake_args' from command line to 'None'
[0.238s] Level 5:colcon.colcon_core.verb:set package 'xarm_description' build argument 'cmake_target' from command line to 'None'
[0.238s] Level 5:colcon.colcon_core.verb:set package 'xarm_description' build argument 'cmake_target_skip_unavailable' from command line to 'False'
[0.238s] Level 5:colcon.colcon_core.verb:set package 'xarm_description' build argument 'cmake_clean_cache' from command line to 'False'
[0.238s] Level 5:colcon.colcon_core.verb:set package 'xarm_description' build argument 'cmake_clean_first' from command line to 'False'
[0.238s] Level 5:colcon.colcon_core.verb:set package 'xarm_description' build argument 'cmake_force_configure' from command line to 'False'
[0.238s] Level 5:colcon.colcon_core.verb:set package 'xarm_description' build argument 'ament_cmake_args' from command line to 'None'
[0.238s] Level 5:colcon.colcon_core.verb:set package 'xarm_description' build argument 'catkin_cmake_args' from command line to 'None'
[0.238s] Level 5:colcon.colcon_core.verb:set package 'xarm_description' build argument 'catkin_skip_building_tests' from command line to 'False'
[0.238s] DEBUG:colcon.colcon_core.verb:Building package 'xarm_description' with the following arguments: {'ament_cmake_args': None, 'build_base': '/home/mk/dev_ws/build/xarm_description', 'catkin_cmake_args': None, 'catkin_skip_building_tests': False, 'cmake_args': None, 'cmake_clean_cache': False, 'cmake_clean_first': False, 'cmake_force_configure': False, 'cmake_target': None, 'cmake_target_skip_unavailable': False, 'install_base': '/home/mk/dev_ws/install/xarm_description', 'merge_install': False, 'path': '/home/mk/dev_ws/src/xarm_ros2/xarm_description', 'symlink_install': True, 'test_result_base': None}
[0.238s] Level 5:colcon.colcon_core.verb:set package 'xarm_msgs' build argument 'cmake_args' from command line to 'None'
[0.238s] Level 5:colcon.colcon_core.verb:set package 'xarm_msgs' build argument 'cmake_target' from command line to 'None'
[0.238s] Level 5:colcon.colcon_core.verb:set package 'xarm_msgs' build argument 'cmake_target_skip_unavailable' from command line to 'False'
[0.238s] Level 5:colcon.colcon_core.verb:set package 'xarm_msgs' build argument 'cmake_clean_cache' from command line to 'False'
[0.238s] Level 5:colcon.colcon_core.verb:set package 'xarm_msgs' build argument 'cmake_clean_first' from command line to 'False'
[0.238s] Level 5:colcon.colcon_core.verb:set package 'xarm_msgs' build argument 'cmake_force_configure' from command line to 'False'
[0.238s] Level 5:colcon.colcon_core.verb:set package 'xarm_msgs' build argument 'ament_cmake_args' from command line to 'None'
[0.238s] Level 5:colcon.colcon_core.verb:set package 'xarm_msgs' build argument 'catkin_cmake_args' from command line to 'None'
[0.238s] Level 5:colcon.colcon_core.verb:set package 'xarm_msgs' build argument 'catkin_skip_building_tests' from command line to 'False'
[0.238s] DEBUG:colcon.colcon_core.verb:Building package 'xarm_msgs' with the following arguments: {'ament_cmake_args': None, 'build_base': '/home/mk/dev_ws/build/xarm_msgs', 'catkin_cmake_args': None, 'catkin_skip_building_tests': False, 'cmake_args': None, 'cmake_clean_cache': False, 'cmake_clean_first': False, 'cmake_force_configure': False, 'cmake_target': None, 'cmake_target_skip_unavailable': False, 'install_base': '/home/mk/dev_ws/install/xarm_msgs', 'merge_install': False, 'path': '/home/mk/dev_ws/src/xarm_ros2/xarm_msgs', 'symlink_install': True, 'test_result_base': None}
[0.238s] Level 5:colcon.colcon_core.verb:set package 'xarm_sdk' build argument 'cmake_args' from command line to 'None'
[0.238s] Level 5:colcon.colcon_core.verb:set package 'xarm_sdk' build argument 'cmake_target' from command line to 'None'
[0.238s] Level 5:colcon.colcon_core.verb:set package 'xarm_sdk' build argument 'cmake_target_skip_unavailable' from command line to 'False'
[0.238s] Level 5:colcon.colcon_core.verb:set package 'xarm_sdk' build argument 'cmake_clean_cache' from command line to 'False'
[0.238s] Level 5:colcon.colcon_core.verb:set package 'xarm_sdk' build argument 'cmake_clean_first' from command line to 'False'
[0.238s] Level 5:colcon.colcon_core.verb:set package 'xarm_sdk' build argument 'cmake_force_configure' from command line to 'False'
[0.238s] Level 5:colcon.colcon_core.verb:set package 'xarm_sdk' build argument 'ament_cmake_args' from command line to 'None'
[0.238s] Level 5:colcon.colcon_core.verb:set package 'xarm_sdk' build argument 'catkin_cmake_args' from command line to 'None'
[0.238s] Level 5:colcon.colcon_core.verb:set package 'xarm_sdk' build argument 'catkin_skip_building_tests' from command line to 'False'
[0.238s] DEBUG:colcon.colcon_core.verb:Building package 'xarm_sdk' with the following arguments: {'ament_cmake_args': None, 'build_base': '/home/mk/dev_ws/build/xarm_sdk', 'catkin_cmake_args': None, 'catkin_skip_building_tests': False, 'cmake_args': None, 'cmake_clean_cache': False, 'cmake_clean_first': False, 'cmake_force_configure': False, 'cmake_target': None, 'cmake_target_skip_unavailable': False, 'install_base': '/home/mk/dev_ws/install/xarm_sdk', 'merge_install': False, 'path': '/home/mk/dev_ws/src/xarm_ros2/xarm_sdk', 'symlink_install': True, 'test_result_base': None}
[0.238s] Level 5:colcon.colcon_core.verb:set package 'yolo_object_detector' build argument 'cmake_args' from command line to 'None'
[0.238s] Level 5:colcon.colcon_core.verb:set package 'yolo_object_detector' build argument 'cmake_target' from command line to 'None'
[0.238s] Level 5:colcon.colcon_core.verb:set package 'yolo_object_detector' build argument 'cmake_target_skip_unavailable' from command line to 'False'
[0.238s] Level 5:colcon.colcon_core.verb:set package 'yolo_object_detector' build argument 'cmake_clean_cache' from command line to 'False'
[0.238s] Level 5:colcon.colcon_core.verb:set package 'yolo_object_detector' build argument 'cmake_clean_first' from command line to 'False'
[0.238s] Level 5:colcon.colcon_core.verb:set package 'yolo_object_detector' build argument 'cmake_force_configure' from command line to 'False'
[0.238s] Level 5:colcon.colcon_core.verb:set package 'yolo_object_detector' build argument 'ament_cmake_args' from command line to 'None'
[0.238s] Level 5:colcon.colcon_core.verb:set package 'yolo_object_detector' build argument 'catkin_cmake_args' from command line to 'None'
[0.238s] Level 5:colcon.colcon_core.verb:set package 'yolo_object_detector' build argument 'catkin_skip_building_tests' from command line to 'False'
[0.238s] DEBUG:colcon.colcon_core.verb:Building package 'yolo_object_detector' with the following arguments: {'ament_cmake_args': None, 'build_base': '/home/mk/dev_ws/build/yolo_object_detector', 'catkin_cmake_args': None, 'catkin_skip_building_tests': False, 'cmake_args': None, 'cmake_clean_cache': False, 'cmake_clean_first': False, 'cmake_force_configure': False, 'cmake_target': None, 'cmake_target_skip_unavailable': False, 'install_base': '/home/mk/dev_ws/install/yolo_object_detector', 'merge_install': False, 'path': '/home/mk/dev_ws/src/yolo_object_detector', 'symlink_install': True, 'test_result_base': None}
[0.239s] Level 5:colcon.colcon_core.verb:set package 'zed_interfaces' build argument 'cmake_args' from command line to 'None'
[0.239s] Level 5:colcon.colcon_core.verb:set package 'zed_interfaces' build argument 'cmake_target' from command line to 'None'
[0.239s] Level 5:colcon.colcon_core.verb:set package 'zed_interfaces' build argument 'cmake_target_skip_unavailable' from command line to 'False'
[0.239s] Level 5:colcon.colcon_core.verb:set package 'zed_interfaces' build argument 'cmake_clean_cache' from command line to 'False'
[0.239s] Level 5:colcon.colcon_core.verb:set package 'zed_interfaces' build argument 'cmake_clean_first' from command line to 'False'
[0.239s] Level 5:colcon.colcon_core.verb:set package 'zed_interfaces' build argument 'cmake_force_configure' from command line to 'False'
[0.239s] Level 5:colcon.colcon_core.verb:set package 'zed_interfaces' build argument 'ament_cmake_args' from command line to 'None'
[0.239s] Level 5:colcon.colcon_core.verb:set package 'zed_interfaces' build argument 'catkin_cmake_args' from command line to 'None'
[0.239s] Level 5:colcon.colcon_core.verb:set package 'zed_interfaces' build argument 'catkin_skip_building_tests' from command line to 'False'
[0.239s] DEBUG:colcon.colcon_core.verb:Building package 'zed_interfaces' with the following arguments: {'ament_cmake_args': None, 'build_base': '/home/mk/dev_ws/build/zed_interfaces', 'catkin_cmake_args': None, 'catkin_skip_building_tests': False, 'cmake_args': None, 'cmake_clean_cache': False, 'cmake_clean_first': False, 'cmake_force_configure': False, 'cmake_target': None, 'cmake_target_skip_unavailable': False, 'install_base': '/home/mk/dev_ws/install/zed_interfaces', 'merge_install': False, 'path': '/home/mk/dev_ws/src/zed-ros2-interfaces', 'symlink_install': True, 'test_result_base': None}
[0.239s] Level 5:colcon.colcon_core.verb:set package 'motion_sequence' build argument 'cmake_args' from command line to 'None'
[0.239s] Level 5:colcon.colcon_core.verb:set package 'motion_sequence' build argument 'cmake_target' from command line to 'None'
[0.239s] Level 5:colcon.colcon_core.verb:set package 'motion_sequence' build argument 'cmake_target_skip_unavailable' from command line to 'False'
[0.239s] Level 5:colcon.colcon_core.verb:set package 'motion_sequence' build argument 'cmake_clean_cache' from command line to 'False'
[0.239s] Level 5:colcon.colcon_core.verb:set package 'motion_sequence' build argument 'cmake_clean_first' from command line to 'False'
[0.239s] Level 5:colcon.colcon_core.verb:set package 'motion_sequence' build argument 'cmake_force_configure' from command line to 'False'
[0.239s] Level 5:colcon.colcon_core.verb:set package 'motion_sequence' build argument 'ament_cmake_args' from command line to 'None'
[0.239s] Level 5:colcon.colcon_core.verb:set package 'motion_sequence' build argument 'catkin_cmake_args' from command line to 'None'
[0.239s] Level 5:colcon.colcon_core.verb:set package 'motion_sequence' build argument 'catkin_skip_building_tests' from command line to 'False'
[0.239s] DEBUG:colcon.colcon_core.verb:Building package 'motion_sequence' with the following arguments: {'ament_cmake_args': None, 'build_base': '/home/mk/dev_ws/build/motion_sequence', 'catkin_cmake_args': None, 'catkin_skip_building_tests': False, 'cmake_args': None, 'cmake_clean_cache': False, 'cmake_clean_first': False, 'cmake_force_configure': False, 'cmake_target': None, 'cmake_target_skip_unavailable': False, 'install_base': '/home/mk/dev_ws/install/motion_sequence', 'merge_install': False, 'path': '/home/mk/dev_ws/src/motion_sequence', 'symlink_install': True, 'test_result_base': None}
[0.239s] Level 5:colcon.colcon_core.verb:set package 'move_to_coordinator' build argument 'cmake_args' from command line to 'None'
[0.239s] Level 5:colcon.colcon_core.verb:set package 'move_to_coordinator' build argument 'cmake_target' from command line to 'None'
[0.239s] Level 5:colcon.colcon_core.verb:set package 'move_to_coordinator' build argument 'cmake_target_skip_unavailable' from command line to 'False'
[0.239s] Level 5:colcon.colcon_core.verb:set package 'move_to_coordinator' build argument 'cmake_clean_cache' from command line to 'False'
[0.239s] Level 5:colcon.colcon_core.verb:set package 'move_to_coordinator' build argument 'cmake_clean_first' from command line to 'False'
[0.239s] Level 5:colcon.colcon_core.verb:set package 'move_to_coordinator' build argument 'cmake_force_configure' from command line to 'False'
[0.239s] Level 5:colcon.colcon_core.verb:set package 'move_to_coordinator' build argument 'ament_cmake_args' from command line to 'None'
[0.239s] Level 5:colcon.colcon_core.verb:set package 'move_to_coordinator' build argument 'catkin_cmake_args' from command line to 'None'
[0.239s] Level 5:colcon.colcon_core.verb:set package 'move_to_coordinator' build argument 'catkin_skip_building_tests' from command line to 'False'
[0.239s] DEBUG:colcon.colcon_core.verb:Building package 'move_to_coordinator' with the following arguments: {'ament_cmake_args': None, 'build_base': '/home/mk/dev_ws/build/move_to_coordinator', 'catkin_cmake_args': None, 'catkin_skip_building_tests': False, 'cmake_args': None, 'cmake_clean_cache': False, 'cmake_clean_first': False, 'cmake_force_configure': False, 'cmake_target': None, 'cmake_target_skip_unavailable': False, 'install_base': '/home/mk/dev_ws/install/move_to_coordinator', 'merge_install': False, 'path': '/home/mk/dev_ws/src/move_to_coordinator', 'symlink_install': True, 'test_result_base': None}
[0.239s] Level 5:colcon.colcon_core.verb:set package 'rviz_robot_control_panel' build argument 'cmake_args' from command line to 'None'
[0.239s] Level 5:colcon.colcon_core.verb:set package 'rviz_robot_control_panel' build argument 'cmake_target' from command line to 'None'
[0.239s] Level 5:colcon.colcon_core.verb:set package 'rviz_robot_control_panel' build argument 'cmake_target_skip_unavailable' from command line to 'False'
[0.239s] Level 5:colcon.colcon_core.verb:set package 'rviz_robot_control_panel' build argument 'cmake_clean_cache' from command line to 'False'
[0.239s] Level 5:colcon.colcon_core.verb:set package 'rviz_robot_control_panel' build argument 'cmake_clean_first' from command line to 'False'
[0.239s] Level 5:colcon.colcon_core.verb:set package 'rviz_robot_control_panel' build argument 'cmake_force_configure' from command line to 'False'
[0.239s] Level 5:colcon.colcon_core.verb:set package 'rviz_robot_control_panel' build argument 'ament_cmake_args' from command line to 'None'
[0.239s] Level 5:colcon.colcon_core.verb:set package 'rviz_robot_control_panel' build argument 'catkin_cmake_args' from command line to 'None'
[0.239s] Level 5:colcon.colcon_core.verb:set package 'rviz_robot_control_panel' build argument 'catkin_skip_building_tests' from command line to 'False'
[0.239s] DEBUG:colcon.colcon_core.verb:Building package 'rviz_robot_control_panel' with the following arguments: {'ament_cmake_args': None, 'build_base': '/home/mk/dev_ws/build/rviz_robot_control_panel', 'catkin_cmake_args': None, 'catkin_skip_building_tests': False, 'cmake_args': None, 'cmake_clean_cache': False, 'cmake_clean_first': False, 'cmake_force_configure': False, 'cmake_target': None, 'cmake_target_skip_unavailable': False, 'install_base': '/home/mk/dev_ws/install/rviz_robot_control_panel', 'merge_install': False, 'path': '/home/mk/dev_ws/src/rviz_robot_control_panel', 'symlink_install': True, 'test_result_base': None}
[0.239s] Level 5:colcon.colcon_core.verb:set package 'voice_command_listener' build argument 'cmake_args' from command line to 'None'
[0.239s] Level 5:colcon.colcon_core.verb:set package 'voice_command_listener' build argument 'cmake_target' from command line to 'None'
[0.239s] Level 5:colcon.colcon_core.verb:set package 'voice_command_listener' build argument 'cmake_target_skip_unavailable' from command line to 'False'
[0.239s] Level 5:colcon.colcon_core.verb:set package 'voice_command_listener' build argument 'cmake_clean_cache' from command line to 'False'
[0.239s] Level 5:colcon.colcon_core.verb:set package 'voice_command_listener' build argument 'cmake_clean_first' from command line to 'False'
[0.239s] Level 5:colcon.colcon_core.verb:set package 'voice_command_listener' build argument 'cmake_force_configure' from command line to 'False'
[0.239s] Level 5:colcon.colcon_core.verb:set package 'voice_command_listener' build argument 'ament_cmake_args' from command line to 'None'
[0.239s] Level 5:colcon.colcon_core.verb:set package 'voice_command_listener' build argument 'catkin_cmake_args' from command line to 'None'
[0.239s] Level 5:colcon.colcon_core.verb:set package 'voice_command_listener' build argument 'catkin_skip_building_tests' from command line to 'False'
[0.239s] DEBUG:colcon.colcon_core.verb:Building package 'voice_command_listener' with the following arguments: {'ament_cmake_args': None, 'build_base': '/home/mk/dev_ws/build/voice_command_listener', 'catkin_cmake_args': None, 'catkin_skip_building_tests': False, 'cmake_args': None, 'cmake_clean_cache': False, 'cmake_clean_first': False, 'cmake_force_configure': False, 'cmake_target': None, 'cmake_target_skip_unavailable': False, 'install_base': '/home/mk/dev_ws/install/voice_command_listener', 'merge_install': False, 'path': '/home/mk/dev_ws/src/voice_command_listener', 'symlink_install': True, 'test_result_base': None}
[0.240s] Level 5:colcon.colcon_core.verb:set package 'whisper_util' build argument 'cmake_args' from command line to 'None'
[0.240s] Level 5:colcon.colcon_core.verb:set package 'whisper_util' build argument 'cmake_target' from command line to 'None'
[0.240s] Level 5:colcon.colcon_core.verb:set package 'whisper_util' build argument 'cmake_target_skip_unavailable' from command line to 'False'
[0.240s] Level 5:colcon.colcon_core.verb:set package 'whisper_util' build argument 'cmake_clean_cache' from command line to 'False'
[0.240s] Level 5:colcon.colcon_core.verb:set package 'whisper_util' build argument 'cmake_clean_first' from command line to 'False'
[0.240s] Level 5:colcon.colcon_core.verb:set package 'whisper_util' build argument 'cmake_force_configure' from command line to 'False'
[0.240s] Level 5:colcon.colcon_core.verb:set package 'whisper_util' build argument 'ament_cmake_args' from command line to 'None'
[0.240s] Level 5:colcon.colcon_core.verb:set package 'whisper_util' build argument 'catkin_cmake_args' from command line to 'None'
[0.240s] Level 5:colcon.colcon_core.verb:set package 'whisper_util' build argument 'catkin_skip_building_tests' from command line to 'False'
[0.240s] DEBUG:colcon.colcon_core.verb:Building package 'whisper_util' with the following arguments: {'ament_cmake_args': None, 'build_base': '/home/mk/dev_ws/build/whisper_util', 'catkin_cmake_args': None, 'catkin_skip_building_tests': False, 'cmake_args': None, 'cmake_clean_cache': False, 'cmake_clean_first': False, 'cmake_force_configure': False, 'cmake_target': None, 'cmake_target_skip_unavailable': False, 'install_base': '/home/mk/dev_ws/install/whisper_util', 'merge_install': False, 'path': '/home/mk/dev_ws/src/ros2_whisper/whisper_util', 'symlink_install': True, 'test_result_base': None}
[0.240s] Level 5:colcon.colcon_core.verb:set package 'xarm_api' build argument 'cmake_args' from command line to 'None'
[0.240s] Level 5:colcon.colcon_core.verb:set package 'xarm_api' build argument 'cmake_target' from command line to 'None'
[0.240s] Level 5:colcon.colcon_core.verb:set package 'xarm_api' build argument 'cmake_target_skip_unavailable' from command line to 'False'
[0.240s] Level 5:colcon.colcon_core.verb:set package 'xarm_api' build argument 'cmake_clean_cache' from command line to 'False'
[0.240s] Level 5:colcon.colcon_core.verb:set package 'xarm_api' build argument 'cmake_clean_first' from command line to 'False'
[0.240s] Level 5:colcon.colcon_core.verb:set package 'xarm_api' build argument 'cmake_force_configure' from command line to 'False'
[0.240s] Level 5:colcon.colcon_core.verb:set package 'xarm_api' build argument 'ament_cmake_args' from command line to 'None'
[0.240s] Level 5:colcon.colcon_core.verb:set package 'xarm_api' build argument 'catkin_cmake_args' from command line to 'None'
[0.240s] Level 5:colcon.colcon_core.verb:set package 'xarm_api' build argument 'catkin_skip_building_tests' from command line to 'False'
[0.240s] DEBUG:colcon.colcon_core.verb:Building package 'xarm_api' with the following arguments: {'ament_cmake_args': None, 'build_base': '/home/mk/dev_ws/build/xarm_api', 'catkin_cmake_args': None, 'catkin_skip_building_tests': False, 'cmake_args': None, 'cmake_clean_cache': False, 'cmake_clean_first': False, 'cmake_force_configure': False, 'cmake_target': None, 'cmake_target_skip_unavailable': False, 'install_base': '/home/mk/dev_ws/install/xarm_api', 'merge_install': False, 'path': '/home/mk/dev_ws/src/xarm_ros2/xarm_api', 'symlink_install': True, 'test_result_base': None}
[0.240s] Level 5:colcon.colcon_core.verb:set package 'zed_components' build argument 'cmake_args' from command line to 'None'
[0.240s] Level 5:colcon.colcon_core.verb:set package 'zed_components' build argument 'cmake_target' from command line to 'None'
[0.240s] Level 5:colcon.colcon_core.verb:set package 'zed_components' build argument 'cmake_target_skip_unavailable' from command line to 'False'
[0.240s] Level 5:colcon.colcon_core.verb:set package 'zed_components' build argument 'cmake_clean_cache' from command line to 'False'
[0.240s] Level 5:colcon.colcon_core.verb:set package 'zed_components' build argument 'cmake_clean_first' from command line to 'False'
[0.240s] Level 5:colcon.colcon_core.verb:set package 'zed_components' build argument 'cmake_force_configure' from command line to 'False'
[0.240s] Level 5:colcon.colcon_core.verb:set package 'zed_components' build argument 'ament_cmake_args' from command line to 'None'
[0.240s] Level 5:colcon.colcon_core.verb:set package 'zed_components' build argument 'catkin_cmake_args' from command line to 'None'
[0.240s] Level 5:colcon.colcon_core.verb:set package 'zed_components' build argument 'catkin_skip_building_tests' from command line to 'False'
[0.240s] DEBUG:colcon.colcon_core.verb:Building package 'zed_components' with the following arguments: {'ament_cmake_args': None, 'build_base': '/home/mk/dev_ws/build/zed_components', 'catkin_cmake_args': None, 'catkin_skip_building_tests': False, 'cmake_args': None, 'cmake_clean_cache': False, 'cmake_clean_first': False, 'cmake_force_configure': False, 'cmake_target': None, 'cmake_target_skip_unavailable': False, 'install_base': '/home/mk/dev_ws/install/zed_components', 'merge_install': False, 'path': '/home/mk/dev_ws/src/zed-ros2-wrapper/zed_components', 'symlink_install': True, 'test_result_base': None}
[0.240s] Level 5:colcon.colcon_core.verb:set package 'transcript_manager' build argument 'cmake_args' from command line to 'None'
[0.240s] Level 5:colcon.colcon_core.verb:set package 'transcript_manager' build argument 'cmake_target' from command line to 'None'
[0.240s] Level 5:colcon.colcon_core.verb:set package 'transcript_manager' build argument 'cmake_target_skip_unavailable' from command line to 'False'
[0.240s] Level 5:colcon.colcon_core.verb:set package 'transcript_manager' build argument 'cmake_clean_cache' from command line to 'False'
[0.240s] Level 5:colcon.colcon_core.verb:set package 'transcript_manager' build argument 'cmake_clean_first' from command line to 'False'
[0.240s] Level 5:colcon.colcon_core.verb:set package 'transcript_manager' build argument 'cmake_force_configure' from command line to 'False'
[0.240s] Level 5:colcon.colcon_core.verb:set package 'transcript_manager' build argument 'ament_cmake_args' from command line to 'None'
[0.240s] Level 5:colcon.colcon_core.verb:set package 'transcript_manager' build argument 'catkin_cmake_args' from command line to 'None'
[0.240s] Level 5:colcon.colcon_core.verb:set package 'transcript_manager' build argument 'catkin_skip_building_tests' from command line to 'False'
[0.240s] DEBUG:colcon.colcon_core.verb:Building package 'transcript_manager' with the following arguments: {'ament_cmake_args': None, 'build_base': '/home/mk/dev_ws/build/transcript_manager', 'catkin_cmake_args': None, 'catkin_skip_building_tests': False, 'cmake_args': None, 'cmake_clean_cache': False, 'cmake_clean_first': False, 'cmake_force_configure': False, 'cmake_target': None, 'cmake_target_skip_unavailable': False, 'install_base': '/home/mk/dev_ws/install/transcript_manager', 'merge_install': False, 'path': '/home/mk/dev_ws/src/ros2_whisper/transcript_manager', 'symlink_install': True, 'test_result_base': None}
[0.240s] Level 5:colcon.colcon_core.verb:set package 'whisper_server' build argument 'cmake_args' from command line to 'None'
[0.240s] Level 5:colcon.colcon_core.verb:set package 'whisper_server' build argument 'cmake_target' from command line to 'None'
[0.240s] Level 5:colcon.colcon_core.verb:set package 'whisper_server' build argument 'cmake_target_skip_unavailable' from command line to 'False'
[0.240s] Level 5:colcon.colcon_core.verb:set package 'whisper_server' build argument 'cmake_clean_cache' from command line to 'False'
[0.240s] Level 5:colcon.colcon_core.verb:set package 'whisper_server' build argument 'cmake_clean_first' from command line to 'False'
[0.240s] Level 5:colcon.colcon_core.verb:set package 'whisper_server' build argument 'cmake_force_configure' from command line to 'False'
[0.240s] Level 5:colcon.colcon_core.verb:set package 'whisper_server' build argument 'ament_cmake_args' from command line to 'None'
[0.240s] Level 5:colcon.colcon_core.verb:set package 'whisper_server' build argument 'catkin_cmake_args' from command line to 'None'
[0.240s] Level 5:colcon.colcon_core.verb:set package 'whisper_server' build argument 'catkin_skip_building_tests' from command line to 'False'
[0.240s] DEBUG:colcon.colcon_core.verb:Building package 'whisper_server' with the following arguments: {'ament_cmake_args': None, 'build_base': '/home/mk/dev_ws/build/whisper_server', 'catkin_cmake_args': None, 'catkin_skip_building_tests': False, 'cmake_args': None, 'cmake_clean_cache': False, 'cmake_clean_first': False, 'cmake_force_configure': False, 'cmake_target': None, 'cmake_target_skip_unavailable': False, 'install_base': '/home/mk/dev_ws/install/whisper_server', 'merge_install': False, 'path': '/home/mk/dev_ws/src/ros2_whisper/whisper_server', 'symlink_install': True, 'test_result_base': None}
[0.241s] Level 5:colcon.colcon_core.verb:set package 'xarm_controller' build argument 'cmake_args' from command line to 'None'
[0.241s] Level 5:colcon.colcon_core.verb:set package 'xarm_controller' build argument 'cmake_target' from command line to 'None'
[0.241s] Level 5:colcon.colcon_core.verb:set package 'xarm_controller' build argument 'cmake_target_skip_unavailable' from command line to 'False'
[0.241s] Level 5:colcon.colcon_core.verb:set package 'xarm_controller' build argument 'cmake_clean_cache' from command line to 'False'
[0.241s] Level 5:colcon.colcon_core.verb:set package 'xarm_controller' build argument 'cmake_clean_first' from command line to 'False'
[0.241s] Level 5:colcon.colcon_core.verb:set package 'xarm_controller' build argument 'cmake_force_configure' from command line to 'False'
[0.241s] Level 5:colcon.colcon_core.verb:set package 'xarm_controller' build argument 'ament_cmake_args' from command line to 'None'
[0.241s] Level 5:colcon.colcon_core.verb:set package 'xarm_controller' build argument 'catkin_cmake_args' from command line to 'None'
[0.241s] Level 5:colcon.colcon_core.verb:set package 'xarm_controller' build argument 'catkin_skip_building_tests' from command line to 'False'
[0.241s] DEBUG:colcon.colcon_core.verb:Building package 'xarm_controller' with the following arguments: {'ament_cmake_args': None, 'build_base': '/home/mk/dev_ws/build/xarm_controller', 'catkin_cmake_args': None, 'catkin_skip_building_tests': False, 'cmake_args': None, 'cmake_clean_cache': False, 'cmake_clean_first': False, 'cmake_force_configure': False, 'cmake_target': None, 'cmake_target_skip_unavailable': False, 'install_base': '/home/mk/dev_ws/install/xarm_controller', 'merge_install': False, 'path': '/home/mk/dev_ws/src/xarm_ros2/xarm_controller', 'symlink_install': True, 'test_result_base': None}
[0.241s] Level 5:colcon.colcon_core.verb:set package 'zed_wrapper' build argument 'cmake_args' from command line to 'None'
[0.241s] Level 5:colcon.colcon_core.verb:set package 'zed_wrapper' build argument 'cmake_target' from command line to 'None'
[0.241s] Level 5:colcon.colcon_core.verb:set package 'zed_wrapper' build argument 'cmake_target_skip_unavailable' from command line to 'False'
[0.241s] Level 5:colcon.colcon_core.verb:set package 'zed_wrapper' build argument 'cmake_clean_cache' from command line to 'False'
[0.241s] Level 5:colcon.colcon_core.verb:set package 'zed_wrapper' build argument 'cmake_clean_first' from command line to 'False'
[0.241s] Level 5:colcon.colcon_core.verb:set package 'zed_wrapper' build argument 'cmake_force_configure' from command line to 'False'
[0.241s] Level 5:colcon.colcon_core.verb:set package 'zed_wrapper' build argument 'ament_cmake_args' from command line to 'None'
[0.241s] Level 5:colcon.colcon_core.verb:set package 'zed_wrapper' build argument 'catkin_cmake_args' from command line to 'None'
[0.241s] Level 5:colcon.colcon_core.verb:set package 'zed_wrapper' build argument 'catkin_skip_building_tests' from command line to 'False'
[0.241s] DEBUG:colcon.colcon_core.verb:Building package 'zed_wrapper' with the following arguments: {'ament_cmake_args': None, 'build_base': '/home/mk/dev_ws/build/zed_wrapper', 'catkin_cmake_args': None, 'catkin_skip_building_tests': False, 'cmake_args': None, 'cmake_clean_cache': False, 'cmake_clean_first': False, 'cmake_force_configure': False, 'cmake_target': None, 'cmake_target_skip_unavailable': False, 'install_base': '/home/mk/dev_ws/install/zed_wrapper', 'merge_install': False, 'path': '/home/mk/dev_ws/src/zed-ros2-wrapper/zed_wrapper', 'symlink_install': True, 'test_result_base': None}
[0.241s] Level 5:colcon.colcon_core.verb:set package 'whisper_bringup' build argument 'cmake_args' from command line to 'None'
[0.241s] Level 5:colcon.colcon_core.verb:set package 'whisper_bringup' build argument 'cmake_target' from command line to 'None'
[0.241s] Level 5:colcon.colcon_core.verb:set package 'whisper_bringup' build argument 'cmake_target_skip_unavailable' from command line to 'False'
[0.241s] Level 5:colcon.colcon_core.verb:set package 'whisper_bringup' build argument 'cmake_clean_cache' from command line to 'False'
[0.241s] Level 5:colcon.colcon_core.verb:set package 'whisper_bringup' build argument 'cmake_clean_first' from command line to 'False'
[0.241s] Level 5:colcon.colcon_core.verb:set package 'whisper_bringup' build argument 'cmake_force_configure' from command line to 'False'
[0.241s] Level 5:colcon.colcon_core.verb:set package 'whisper_bringup' build argument 'ament_cmake_args' from command line to 'None'
[0.241s] Level 5:colcon.colcon_core.verb:set package 'whisper_bringup' build argument 'catkin_cmake_args' from command line to 'None'
[0.241s] Level 5:colcon.colcon_core.verb:set package 'whisper_bringup' build argument 'catkin_skip_building_tests' from command line to 'False'
[0.241s] DEBUG:colcon.colcon_core.verb:Building package 'whisper_bringup' with the following arguments: {'ament_cmake_args': None, 'build_base': '/home/mk/dev_ws/build/whisper_bringup', 'catkin_cmake_args': None, 'catkin_skip_building_tests': False, 'cmake_args': None, 'cmake_clean_cache': False, 'cmake_clean_first': False, 'cmake_force_configure': False, 'cmake_target': None, 'cmake_target_skip_unavailable': False, 'install_base': '/home/mk/dev_ws/install/whisper_bringup', 'merge_install': False, 'path': '/home/mk/dev_ws/src/ros2_whisper/whisper_bringup', 'symlink_install': True, 'test_result_base': None}
[0.241s] Level 5:colcon.colcon_core.verb:set package 'whisper_demos' build argument 'cmake_args' from command line to 'None'
[0.241s] Level 5:colcon.colcon_core.verb:set package 'whisper_demos' build argument 'cmake_target' from command line to 'None'
[0.241s] Level 5:colcon.colcon_core.verb:set package 'whisper_demos' build argument 'cmake_target_skip_unavailable' from command line to 'False'
[0.241s] Level 5:colcon.colcon_core.verb:set package 'whisper_demos' build argument 'cmake_clean_cache' from command line to 'False'
[0.241s] Level 5:colcon.colcon_core.verb:set package 'whisper_demos' build argument 'cmake_clean_first' from command line to 'False'
[0.241s] Level 5:colcon.colcon_core.verb:set package 'whisper_demos' build argument 'cmake_force_configure' from command line to 'False'
[0.241s] Level 5:colcon.colcon_core.verb:set package 'whisper_demos' build argument 'ament_cmake_args' from command line to 'None'
[0.241s] Level 5:colcon.colcon_core.verb:set package 'whisper_demos' build argument 'catkin_cmake_args' from command line to 'None'
[0.241s] Level 5:colcon.colcon_core.verb:set package 'whisper_demos' build argument 'catkin_skip_building_tests' from command line to 'False'
[0.241s] DEBUG:colcon.colcon_core.verb:Building package 'whisper_demos' with the following arguments: {'ament_cmake_args': None, 'build_base': '/home/mk/dev_ws/build/whisper_demos', 'catkin_cmake_args': None, 'catkin_skip_building_tests': False, 'cmake_args': None, 'cmake_clean_cache': False, 'cmake_clean_first': False, 'cmake_force_configure': False, 'cmake_target': None, 'cmake_target_skip_unavailable': False, 'install_base': '/home/mk/dev_ws/install/whisper_demos', 'merge_install': False, 'path': '/home/mk/dev_ws/src/ros2_whisper/whisper_demos', 'symlink_install': True, 'test_result_base': None}
[0.241s] Level 5:colcon.colcon_core.verb:set package 'xarm_gazebo' build argument 'cmake_args' from command line to 'None'
[0.241s] Level 5:colcon.colcon_core.verb:set package 'xarm_gazebo' build argument 'cmake_target' from command line to 'None'
[0.241s] Level 5:colcon.colcon_core.verb:set package 'xarm_gazebo' build argument 'cmake_target_skip_unavailable' from command line to 'False'
[0.241s] Level 5:colcon.colcon_core.verb:set package 'xarm_gazebo' build argument 'cmake_clean_cache' from command line to 'False'
[0.241s] Level 5:colcon.colcon_core.verb:set package 'xarm_gazebo' build argument 'cmake_clean_first' from command line to 'False'
[0.241s] Level 5:colcon.colcon_core.verb:set package 'xarm_gazebo' build argument 'cmake_force_configure' from command line to 'False'
[0.241s] Level 5:colcon.colcon_core.verb:set package 'xarm_gazebo' build argument 'ament_cmake_args' from command line to 'None'
[0.241s] Level 5:colcon.colcon_core.verb:set package 'xarm_gazebo' build argument 'catkin_cmake_args' from command line to 'None'
[0.241s] Level 5:colcon.colcon_core.verb:set package 'xarm_gazebo' build argument 'catkin_skip_building_tests' from command line to 'False'
[0.241s] DEBUG:colcon.colcon_core.verb:Building package 'xarm_gazebo' with the following arguments: {'ament_cmake_args': None, 'build_base': '/home/mk/dev_ws/build/xarm_gazebo', 'catkin_cmake_args': None, 'catkin_skip_building_tests': False, 'cmake_args': None, 'cmake_clean_cache': False, 'cmake_clean_first': False, 'cmake_force_configure': False, 'cmake_target': None, 'cmake_target_skip_unavailable': False, 'install_base': '/home/mk/dev_ws/install/xarm_gazebo', 'merge_install': False, 'path': '/home/mk/dev_ws/src/xarm_ros2/xarm_gazebo', 'symlink_install': True, 'test_result_base': None}
[0.242s] Level 5:colcon.colcon_core.verb:set package 'zed_ros2' build argument 'cmake_args' from command line to 'None'
[0.242s] Level 5:colcon.colcon_core.verb:set package 'zed_ros2' build argument 'cmake_target' from command line to 'None'
[0.242s] Level 5:colcon.colcon_core.verb:set package 'zed_ros2' build argument 'cmake_target_skip_unavailable' from command line to 'False'
[0.242s] Level 5:colcon.colcon_core.verb:set package 'zed_ros2' build argument 'cmake_clean_cache' from command line to 'False'
[0.242s] Level 5:colcon.colcon_core.verb:set package 'zed_ros2' build argument 'cmake_clean_first' from command line to 'False'
[0.242s] Level 5:colcon.colcon_core.verb:set package 'zed_ros2' build argument 'cmake_force_configure' from command line to 'False'
[0.242s] Level 5:colcon.colcon_core.verb:set package 'zed_ros2' build argument 'ament_cmake_args' from command line to 'None'
[0.242s] Level 5:colcon.colcon_core.verb:set package 'zed_ros2' build argument 'catkin_cmake_args' from command line to 'None'
[0.242s] Level 5:colcon.colcon_core.verb:set package 'zed_ros2' build argument 'catkin_skip_building_tests' from command line to 'False'
[0.242s] DEBUG:colcon.colcon_core.verb:Building package 'zed_ros2' with the following arguments: {'ament_cmake_args': None, 'build_base': '/home/mk/dev_ws/build/zed_ros2', 'catkin_cmake_args': None, 'catkin_skip_building_tests': False, 'cmake_args': None, 'cmake_clean_cache': False, 'cmake_clean_first': False, 'cmake_force_configure': False, 'cmake_target': None, 'cmake_target_skip_unavailable': False, 'install_base': '/home/mk/dev_ws/install/zed_ros2', 'merge_install': False, 'path': '/home/mk/dev_ws/src/zed-ros2-wrapper/zed_ros2', 'symlink_install': True, 'test_result_base': None}
[0.242s] Level 5:colcon.colcon_core.verb:set package 'xarm_moveit_config' build argument 'cmake_args' from command line to 'None'
[0.242s] Level 5:colcon.colcon_core.verb:set package 'xarm_moveit_config' build argument 'cmake_target' from command line to 'None'
[0.242s] Level 5:colcon.colcon_core.verb:set package 'xarm_moveit_config' build argument 'cmake_target_skip_unavailable' from command line to 'False'
[0.242s] Level 5:colcon.colcon_core.verb:set package 'xarm_moveit_config' build argument 'cmake_clean_cache' from command line to 'False'
[0.242s] Level 5:colcon.colcon_core.verb:set package 'xarm_moveit_config' build argument 'cmake_clean_first' from command line to 'False'
[0.242s] Level 5:colcon.colcon_core.verb:set package 'xarm_moveit_config' build argument 'cmake_force_configure' from command line to 'False'
[0.242s] Level 5:colcon.colcon_core.verb:set package 'xarm_moveit_config' build argument 'ament_cmake_args' from command line to 'None'
[0.242s] Level 5:colcon.colcon_core.verb:set package 'xarm_moveit_config' build argument 'catkin_cmake_args' from command line to 'None'
[0.242s] Level 5:colcon.colcon_core.verb:set package 'xarm_moveit_config' build argument 'catkin_skip_building_tests' from command line to 'False'
[0.242s] DEBUG:colcon.colcon_core.verb:Building package 'xarm_moveit_config' with the following arguments: {'ament_cmake_args': None, 'build_base': '/home/mk/dev_ws/build/xarm_moveit_config', 'catkin_cmake_args': None, 'catkin_skip_building_tests': False, 'cmake_args': None, 'cmake_clean_cache': False, 'cmake_clean_first': False, 'cmake_force_configure': False, 'cmake_target': None, 'cmake_target_skip_unavailable': False, 'install_base': '/home/mk/dev_ws/install/xarm_moveit_config', 'merge_install': False, 'path': '/home/mk/dev_ws/src/xarm_ros2/xarm_moveit_config', 'symlink_install': True, 'test_result_base': None}
[0.242s] Level 5:colcon.colcon_core.verb:set package 'xarm_moveit_servo' build argument 'cmake_args' from command line to 'None'
[0.242s] Level 5:colcon.colcon_core.verb:set package 'xarm_moveit_servo' build argument 'cmake_target' from command line to 'None'
[0.242s] Level 5:colcon.colcon_core.verb:set package 'xarm_moveit_servo' build argument 'cmake_target_skip_unavailable' from command line to 'False'
[0.242s] Level 5:colcon.colcon_core.verb:set package 'xarm_moveit_servo' build argument 'cmake_clean_cache' from command line to 'False'
[0.242s] Level 5:colcon.colcon_core.verb:set package 'xarm_moveit_servo' build argument 'cmake_clean_first' from command line to 'False'
[0.242s] Level 5:colcon.colcon_core.verb:set package 'xarm_moveit_servo' build argument 'cmake_force_configure' from command line to 'False'
[0.242s] Level 5:colcon.colcon_core.verb:set package 'xarm_moveit_servo' build argument 'ament_cmake_args' from command line to 'None'
[0.242s] Level 5:colcon.colcon_core.verb:set package 'xarm_moveit_servo' build argument 'catkin_cmake_args' from command line to 'None'
[0.242s] Level 5:colcon.colcon_core.verb:set package 'xarm_moveit_servo' build argument 'catkin_skip_building_tests' from command line to 'False'
[0.242s] DEBUG:colcon.colcon_core.verb:Building package 'xarm_moveit_servo' with the following arguments: {'ament_cmake_args': None, 'build_base': '/home/mk/dev_ws/build/xarm_moveit_servo', 'catkin_cmake_args': None, 'catkin_skip_building_tests': False, 'cmake_args': None, 'cmake_clean_cache': False, 'cmake_clean_first': False, 'cmake_force_configure': False, 'cmake_target': None, 'cmake_target_skip_unavailable': False, 'install_base': '/home/mk/dev_ws/install/xarm_moveit_servo', 'merge_install': False, 'path': '/home/mk/dev_ws/src/xarm_ros2/xarm_moveit_servo', 'symlink_install': True, 'test_result_base': None}
[0.242s] Level 5:colcon.colcon_core.verb:set package 'xarm_planner' build argument 'cmake_args' from command line to 'None'
[0.242s] Level 5:colcon.colcon_core.verb:set package 'xarm_planner' build argument 'cmake_target' from command line to 'None'
[0.242s] Level 5:colcon.colcon_core.verb:set package 'xarm_planner' build argument 'cmake_target_skip_unavailable' from command line to 'False'
[0.242s] Level 5:colcon.colcon_core.verb:set package 'xarm_planner' build argument 'cmake_clean_cache' from command line to 'False'
[0.242s] Level 5:colcon.colcon_core.verb:set package 'xarm_planner' build argument 'cmake_clean_first' from command line to 'False'
[0.242s] Level 5:colcon.colcon_core.verb:set package 'xarm_planner' build argument 'cmake_force_configure' from command line to 'False'
[0.242s] Level 5:colcon.colcon_core.verb:set package 'xarm_planner' build argument 'ament_cmake_args' from command line to 'None'
[0.242s] Level 5:colcon.colcon_core.verb:set package 'xarm_planner' build argument 'catkin_cmake_args' from command line to 'None'
[0.242s] Level 5:colcon.colcon_core.verb:set package 'xarm_planner' build argument 'catkin_skip_building_tests' from command line to 'False'
[0.242s] DEBUG:colcon.colcon_core.verb:Building package 'xarm_planner' with the following arguments: {'ament_cmake_args': None, 'build_base': '/home/mk/dev_ws/build/xarm_planner', 'catkin_cmake_args': None, 'catkin_skip_building_tests': False, 'cmake_args': None, 'cmake_clean_cache': False, 'cmake_clean_first': False, 'cmake_force_configure': False, 'cmake_target': None, 'cmake_target_skip_unavailable': False, 'install_base': '/home/mk/dev_ws/install/xarm_planner', 'merge_install': False, 'path': '/home/mk/dev_ws/src/xarm_ros2/xarm_planner', 'symlink_install': True, 'test_result_base': None}
[0.242s] INFO:colcon.colcon_core.executor:Executing jobs using 'parallel' executor
[0.243s] DEBUG:colcon.colcon_parallel_executor.executor.parallel:run_until_complete
[0.243s] INFO:colcon.colcon_ros.task.ament_cmake.build:Building ROS package in '/home/mk/dev_ws/src/xarm_ros2/xarm_msgs' with build type 'ament_cmake'
[0.243s] INFO:colcon.colcon_cmake.task.cmake.build:Building CMake package in '/home/mk/dev_ws/src/xarm_ros2/xarm_msgs'
[0.245s] INFO:colcon.colcon_core.plugin_system:Skipping extension 'colcon_core.shell.bat': Not used on non-Windows systems
[0.245s] INFO:colcon.colcon_core.shell:Skip shell extension 'powershell' for command environment: Not usable outside of PowerShell
[0.245s] DEBUG:colcon.colcon_core.shell:Skip shell extension 'dsv' for command environment
[0.248s] INFO:colcon.colcon_ros.task.ament_cmake.build:Building ROS package in '/home/mk/dev_ws/src/ros2_whisper/whisper_idl' with build type 'ament_cmake'
[0.248s] INFO:colcon.colcon_cmake.task.cmake.build:Building CMake package in '/home/mk/dev_ws/src/ros2_whisper/whisper_idl'
[0.248s] INFO:colcon.colcon_core.shell:Skip shell extension 'powershell' for command environment: Not usable outside of PowerShell
[0.248s] DEBUG:colcon.colcon_core.shell:Skip shell extension 'dsv' for command environment
[0.250s] INFO:colcon.colcon_ros.task.ament_cmake.build:Building ROS package in '/home/mk/dev_ws/src/xarm_ros2/xarm_description' with build type 'ament_cmake'
[0.250s] INFO:colcon.colcon_cmake.task.cmake.build:Building CMake package in '/home/mk/dev_ws/src/xarm_ros2/xarm_description'
[0.250s] INFO:colcon.colcon_core.shell:Skip shell extension 'powershell' for command environment: Not usable outside of PowerShell
[0.250s] DEBUG:colcon.colcon_core.shell:Skip shell extension 'dsv' for command environment
[0.253s] INFO:colcon.colcon_ros.task.ament_cmake.build:Building ROS package in '/home/mk/dev_ws/src/xarm_ros2/xarm_sdk' with build type 'ament_cmake'
[0.253s] INFO:colcon.colcon_cmake.task.cmake.build:Building CMake package in '/home/mk/dev_ws/src/xarm_ros2/xarm_sdk'
[0.253s] INFO:colcon.colcon_core.shell:Skip shell extension 'powershell' for command environment: Not usable outside of PowerShell
[0.253s] DEBUG:colcon.colcon_core.shell:Skip shell extension 'dsv' for command environment
[0.255s] INFO:colcon.colcon_ros.task.ament_cmake.build:Building ROS package in '/home/mk/dev_ws/src/ros2_whisper/whisper_cpp_vendor' with build type 'ament_cmake'
[0.255s] INFO:colcon.colcon_cmake.task.cmake.build:Building CMake package in '/home/mk/dev_ws/src/ros2_whisper/whisper_cpp_vendor'
[0.255s] INFO:colcon.colcon_core.shell:Skip shell extension 'powershell' for command environment: Not usable outside of PowerShell
[0.255s] DEBUG:colcon.colcon_core.shell:Skip shell extension 'dsv' for command environment
[0.258s] INFO:colcon.colcon_ros.task.ament_python.build:Building ROS package in '/home/mk/dev_ws/src/xarm_ros2/uf_ros_lib' with build type 'ament_python'
[0.258s] Level 1:colcon.colcon_core.shell:create_environment_hook('uf_ros_lib', 'ament_prefix_path')
[0.258s] INFO:colcon.colcon_core.shell:Creating environment hook '/home/mk/dev_ws/install/uf_ros_lib/share/uf_ros_lib/hook/ament_prefix_path.ps1'
[0.258s] INFO:colcon.colcon_core.shell:Creating environment descriptor '/home/mk/dev_ws/install/uf_ros_lib/share/uf_ros_lib/hook/ament_prefix_path.dsv'
[0.258s] INFO:colcon.colcon_core.shell:Creating environment hook '/home/mk/dev_ws/install/uf_ros_lib/share/uf_ros_lib/hook/ament_prefix_path.sh'
[0.259s] INFO:colcon.colcon_core.shell:Skip shell extension 'powershell' for command environment: Not usable outside of PowerShell
[0.259s] DEBUG:colcon.colcon_core.shell:Skip shell extension 'dsv' for command environment
[0.261s] INFO:colcon.colcon_ros.task.ament_cmake.build:Building ROS package in '/home/mk/dev_ws/src/zed-ros2-interfaces' with build type 'ament_cmake'
[0.261s] INFO:colcon.colcon_cmake.task.cmake.build:Building CMake package in '/home/mk/dev_ws/src/zed-ros2-interfaces'
[0.261s] INFO:colcon.colcon_core.shell:Skip shell extension 'powershell' for command environment: Not usable outside of PowerShell
[0.261s] DEBUG:colcon.colcon_core.shell:Skip shell extension 'dsv' for command environment
[0.264s] INFO:colcon.colcon_ros.task.ament_python.build:Building ROS package in '/home/mk/dev_ws/src/ros2_whisper/audio_listener' with build type 'ament_python'
[0.264s] Level 1:colcon.colcon_core.shell:create_environment_hook('audio_listener', 'ament_prefix_path')
[0.264s] INFO:colcon.colcon_core.shell:Creating environment hook '/home/mk/dev_ws/install/audio_listener/share/audio_listener/hook/ament_prefix_path.ps1'
[0.264s] INFO:colcon.colcon_core.shell:Creating environment descriptor '/home/mk/dev_ws/install/audio_listener/share/audio_listener/hook/ament_prefix_path.dsv'
[0.264s] INFO:colcon.colcon_core.shell:Creating environment hook '/home/mk/dev_ws/install/audio_listener/share/audio_listener/hook/ament_prefix_path.sh'
[0.265s] INFO:colcon.colcon_core.shell:Skip shell extension 'powershell' for command environment: Not usable outside of PowerShell
[0.265s] DEBUG:colcon.colcon_core.shell:Skip shell extension 'dsv' for command environment
[0.267s] INFO:colcon.colcon_ros.task.ament_python.build:Building ROS package in '/home/mk/dev_ws/src/collision_check' with build type 'ament_python'
[0.267s] Level 1:colcon.colcon_core.shell:create_environment_hook('collision_check', 'ament_prefix_path')
[0.267s] INFO:colcon.colcon_core.shell:Creating environment hook '/home/mk/dev_ws/install/collision_check/share/collision_check/hook/ament_prefix_path.ps1'
[0.267s] INFO:colcon.colcon_core.shell:Creating environment descriptor '/home/mk/dev_ws/install/collision_check/share/collision_check/hook/ament_prefix_path.dsv'
[0.267s] INFO:colcon.colcon_core.shell:Creating environment hook '/home/mk/dev_ws/install/collision_check/share/collision_check/hook/ament_prefix_path.sh'
[0.268s] INFO:colcon.colcon_core.shell:Skip shell extension 'powershell' for command environment: Not usable outside of PowerShell
[0.268s] DEBUG:colcon.colcon_core.shell:Skip shell extension 'dsv' for command environment
[0.270s] INFO:colcon.colcon_ros.task.ament_python.build:Building ROS package in '/home/mk/dev_ws/src/gaze_control' with build type 'ament_python'
[0.270s] Level 1:colcon.colcon_core.shell:create_environment_hook('gaze_control', 'ament_prefix_path')
[0.270s] INFO:colcon.colcon_core.shell:Creating environment hook '/home/mk/dev_ws/install/gaze_control/share/gaze_control/hook/ament_prefix_path.ps1'
[0.270s] INFO:colcon.colcon_core.shell:Creating environment descriptor '/home/mk/dev_ws/install/gaze_control/share/gaze_control/hook/ament_prefix_path.dsv'
[0.270s] INFO:colcon.colcon_core.shell:Creating environment hook '/home/mk/dev_ws/install/gaze_control/share/gaze_control/hook/ament_prefix_path.sh'
[0.271s] INFO:colcon.colcon_core.shell:Skip shell extension 'powershell' for command environment: Not usable outside of PowerShell
[0.271s] DEBUG:colcon.colcon_core.shell:Skip shell extension 'dsv' for command environment
[0.273s] INFO:colcon.colcon_ros.task.ament_cmake.build:Building ROS package in '/home/mk/dev_ws/src/xarm_ros2/demo/mbot_demo' with build type 'ament_cmake'
[0.273s] INFO:colcon.colcon_cmake.task.cmake.build:Building CMake package in '/home/mk/dev_ws/src/xarm_ros2/demo/mbot_demo'
[0.273s] INFO:colcon.colcon_core.shell:Skip shell extension 'powershell' for command environment: Not usable outside of PowerShell
[0.273s] DEBUG:colcon.colcon_core.shell:Skip shell extension 'dsv' for command environment
[0.275s] INFO:colcon.colcon_ros.task.ament_cmake.build:Building ROS package in '/home/mk/dev_ws/src/my_3d_vision_bringup' with build type 'ament_cmake'
[0.275s] INFO:colcon.colcon_cmake.task.cmake.build:Building CMake package in '/home/mk/dev_ws/src/my_3d_vision_bringup'
[0.276s] INFO:colcon.colcon_core.shell:Skip shell extension 'powershell' for command environment: Not usable outside of PowerShell
[0.276s] DEBUG:colcon.colcon_core.shell:Skip shell extension 'dsv' for command environment
[0.278s] INFO:colcon.colcon_ros.task.ament_cmake.build:Building ROS package in '/home/mk/dev_ws/src/xarm_ros2/thirdparty/realsense_gazebo_plugin' with build type 'ament_cmake'
[0.278s] INFO:colcon.colcon_cmake.task.cmake.build:Building CMake package in '/home/mk/dev_ws/src/xarm_ros2/thirdparty/realsense_gazebo_plugin'
[0.278s] INFO:colcon.colcon_core.shell:Skip shell extension 'powershell' for command environment: Not usable outside of PowerShell
[0.278s] DEBUG:colcon.colcon_core.shell:Skip shell extension 'dsv' for command environment
[0.280s] INFO:colcon.colcon_ros.task.ament_python.build:Building ROS package in '/home/mk/dev_ws/src/robot_motion_handler_movegroup' with build type 'ament_python'
[0.280s] Level 1:colcon.colcon_core.shell:create_environment_hook('robot_motion_handler_movegroup', 'ament_prefix_path')
[0.280s] INFO:colcon.colcon_core.shell:Creating environment hook '/home/mk/dev_ws/install/robot_motion_handler_movegroup/share/robot_motion_handler_movegroup/hook/ament_prefix_path.ps1'
[0.281s] INFO:colcon.colcon_core.shell:Creating environment descriptor '/home/mk/dev_ws/install/robot_motion_handler_movegroup/share/robot_motion_handler_movegroup/hook/ament_prefix_path.dsv'
[0.281s] INFO:colcon.colcon_core.shell:Creating environment hook '/home/mk/dev_ws/install/robot_motion_handler_movegroup/share/robot_motion_handler_movegroup/hook/ament_prefix_path.sh'
[0.281s] INFO:colcon.colcon_core.shell:Skip shell extension 'powershell' for command environment: Not usable outside of PowerShell
[0.281s] DEBUG:colcon.colcon_core.shell:Skip shell extension 'dsv' for command environment
[0.283s] INFO:colcon.colcon_ros.task.ament_python.build:Building ROS package in '/home/mk/dev_ws/src/rviz_marker_static_scene_objects' with build type 'ament_python'
[0.283s] Level 1:colcon.colcon_core.shell:create_environment_hook('rviz_marker_static_scene_objects', 'ament_prefix_path')
[0.284s] INFO:colcon.colcon_core.shell:Creating environment hook '/home/mk/dev_ws/install/rviz_marker_static_scene_objects/share/rviz_marker_static_scene_objects/hook/ament_prefix_path.ps1'
[0.284s] INFO:colcon.colcon_core.shell:Creating environment descriptor '/home/mk/dev_ws/install/rviz_marker_static_scene_objects/share/rviz_marker_static_scene_objects/hook/ament_prefix_path.dsv'
[0.284s] INFO:colcon.colcon_core.shell:Creating environment hook '/home/mk/dev_ws/install/rviz_marker_static_scene_objects/share/rviz_marker_static_scene_objects/hook/ament_prefix_path.sh'
[0.284s] INFO:colcon.colcon_core.shell:Skip shell extension 'powershell' for command environment: Not usable outside of PowerShell
[0.284s] DEBUG:colcon.colcon_core.shell:Skip shell extension 'dsv' for command environment
[0.286s] INFO:colcon.colcon_ros.task.ament_python.build:Building ROS package in '/home/mk/dev_ws/src/rviz_servo_status_overlay' with build type 'ament_python'
[0.287s] Level 1:colcon.colcon_core.shell:create_environment_hook('rviz_servo_status_overlay', 'ament_prefix_path')
[0.287s] INFO:colcon.colcon_core.shell:Creating environment hook '/home/mk/dev_ws/install/rviz_servo_status_overlay/share/rviz_servo_status_overlay/hook/ament_prefix_path.ps1'
[0.287s] INFO:colcon.colcon_core.shell:Creating environment descriptor '/home/mk/dev_ws/install/rviz_servo_status_overlay/share/rviz_servo_status_overlay/hook/ament_prefix_path.dsv'
[0.287s] INFO:colcon.colcon_core.shell:Creating environment hook '/home/mk/dev_ws/install/rviz_servo_status_overlay/share/rviz_servo_status_overlay/hook/ament_prefix_path.sh'
[0.287s] INFO:colcon.colcon_core.shell:Skip shell extension 'powershell' for command environment: Not usable outside of PowerShell
[0.287s] DEBUG:colcon.colcon_core.shell:Skip shell extension 'dsv' for command environment
[0.290s] INFO:colcon.colcon_ros.task.ament_python.build:Building ROS package in '/home/mk/dev_ws/src/yolo_object_detector' with build type 'ament_python'
[0.290s] Level 1:colcon.colcon_core.shell:create_environment_hook('yolo_object_detector', 'ament_prefix_path')
[0.290s] INFO:colcon.colcon_core.shell:Creating environment hook '/home/mk/dev_ws/install/yolo_object_detector/share/yolo_object_detector/hook/ament_prefix_path.ps1'
[0.290s] INFO:colcon.colcon_core.shell:Creating environment descriptor '/home/mk/dev_ws/install/yolo_object_detector/share/yolo_object_detector/hook/ament_prefix_path.dsv'
[0.290s] INFO:colcon.colcon_core.shell:Creating environment hook '/home/mk/dev_ws/install/yolo_object_detector/share/yolo_object_detector/hook/ament_prefix_path.sh'
[0.290s] INFO:colcon.colcon_core.shell:Skip shell extension 'powershell' for command environment: Not usable outside of PowerShell
[0.291s] DEBUG:colcon.colcon_core.shell:Skip shell extension 'dsv' for command environment
[0.296s] DEBUG:colcon.colcon_core.event_handler.log_command:Invoking command in '/home/mk/dev_ws/build/xarm_msgs': CMAKE_PREFIX_PATH=${CMAKE_PREFIX_PATH}:/home/mk/dev_ws/install/yolo_object_detector:/home/mk/dev_ws/install/move_to_coordinator:/home/mk/dev_ws/install/motion_sequence:/home/mk/dev_ws/install/whisper_demos:/home/mk/dev_ws/install/voice_command_listener:/home/mk/dev_ws/install/uf_ros_lib:/home/mk/dev_ws/install/rviz_servo_status_overlay:/home/mk/dev_ws/install/rviz_marker_static_scene_objects:/home/mk/dev_ws/install/robot_motion_handler_movegroup:/home/mk/dev_ws/install/gaze_control:/home/mk/dev_ws/install/collision_check:/home/mk/dev_ws/install/audio_listener:/opt/ros/humble /usr/bin/cmake /home/mk/dev_ws/src/xarm_ros2/xarm_msgs -DAMENT_CMAKE_SYMLINK_INSTALL=1 -DCMAKE_INSTALL_PREFIX=/home/mk/dev_ws/install/xarm_msgs
[0.298s] DEBUG:colcon.colcon_core.event_handler.log_command:Invoking command in '/home/mk/dev_ws/build/whisper_idl': CMAKE_PREFIX_PATH=${CMAKE_PREFIX_PATH}:/home/mk/dev_ws/install/yolo_object_detector:/home/mk/dev_ws/install/move_to_coordinator:/home/mk/dev_ws/install/motion_sequence:/home/mk/dev_ws/install/whisper_demos:/home/mk/dev_ws/install/voice_command_listener:/home/mk/dev_ws/install/uf_ros_lib:/home/mk/dev_ws/install/rviz_servo_status_overlay:/home/mk/dev_ws/install/rviz_marker_static_scene_objects:/home/mk/dev_ws/install/robot_motion_handler_movegroup:/home/mk/dev_ws/install/gaze_control:/home/mk/dev_ws/install/collision_check:/home/mk/dev_ws/install/audio_listener:/opt/ros/humble /usr/bin/cmake /home/mk/dev_ws/src/ros2_whisper/whisper_idl -DAMENT_CMAKE_SYMLINK_INSTALL=1 -DCMAKE_INSTALL_PREFIX=/home/mk/dev_ws/install/whisper_idl
[0.299s] DEBUG:colcon.colcon_core.event_handler.log_command:Invoking command in '/home/mk/dev_ws/build/xarm_description': CMAKE_PREFIX_PATH=${CMAKE_PREFIX_PATH}:/home/mk/dev_ws/install/yolo_object_detector:/home/mk/dev_ws/install/move_to_coordinator:/home/mk/dev_ws/install/motion_sequence:/home/mk/dev_ws/install/whisper_demos:/home/mk/dev_ws/install/voice_command_listener:/home/mk/dev_ws/install/uf_ros_lib:/home/mk/dev_ws/install/rviz_servo_status_overlay:/home/mk/dev_ws/install/rviz_marker_static_scene_objects:/home/mk/dev_ws/install/robot_motion_handler_movegroup:/home/mk/dev_ws/install/gaze_control:/home/mk/dev_ws/install/collision_check:/home/mk/dev_ws/install/audio_listener:/opt/ros/humble /usr/bin/cmake /home/mk/dev_ws/src/xarm_ros2/xarm_description -DAMENT_CMAKE_SYMLINK_INSTALL=1 -DCMAKE_INSTALL_PREFIX=/home/mk/dev_ws/install/xarm_description
[0.300s] DEBUG:colcon.colcon_core.event_handler.log_command:Invoking command in '/home/mk/dev_ws/build/xarm_sdk': CMAKE_PREFIX_PATH=${CMAKE_PREFIX_PATH}:/home/mk/dev_ws/install/yolo_object_detector:/home/mk/dev_ws/install/move_to_coordinator:/home/mk/dev_ws/install/motion_sequence:/home/mk/dev_ws/install/whisper_demos:/home/mk/dev_ws/install/voice_command_listener:/home/mk/dev_ws/install/uf_ros_lib:/home/mk/dev_ws/install/rviz_servo_status_overlay:/home/mk/dev_ws/install/rviz_marker_static_scene_objects:/home/mk/dev_ws/install/robot_motion_handler_movegroup:/home/mk/dev_ws/install/gaze_control:/home/mk/dev_ws/install/collision_check:/home/mk/dev_ws/install/audio_listener:/opt/ros/humble /usr/bin/cmake /home/mk/dev_ws/src/xarm_ros2/xarm_sdk -DAMENT_CMAKE_SYMLINK_INSTALL=1 -DCMAKE_INSTALL_PREFIX=/home/mk/dev_ws/install/xarm_sdk
[0.301s] DEBUG:colcon.colcon_core.event_handler.log_command:Invoking command in '/home/mk/dev_ws/build/whisper_cpp_vendor': CMAKE_PREFIX_PATH=${CMAKE_PREFIX_PATH}:/home/mk/dev_ws/install/yolo_object_detector:/home/mk/dev_ws/install/move_to_coordinator:/home/mk/dev_ws/install/motion_sequence:/home/mk/dev_ws/install/whisper_demos:/home/mk/dev_ws/install/voice_command_listener:/home/mk/dev_ws/install/uf_ros_lib:/home/mk/dev_ws/install/rviz_servo_status_overlay:/home/mk/dev_ws/install/rviz_marker_static_scene_objects:/home/mk/dev_ws/install/robot_motion_handler_movegroup:/home/mk/dev_ws/install/gaze_control:/home/mk/dev_ws/install/collision_check:/home/mk/dev_ws/install/audio_listener:/opt/ros/humble /usr/bin/cmake /home/mk/dev_ws/src/ros2_whisper/whisper_cpp_vendor -DAMENT_CMAKE_SYMLINK_INSTALL=1 -DCMAKE_INSTALL_PREFIX=/home/mk/dev_ws/install/whisper_cpp_vendor
[0.456s] INFO:colcon.colcon_core.task.python.build:Building Python package in '/home/mk/dev_ws/src/xarm_ros2/uf_ros_lib'
[0.456s] INFO:colcon.colcon_core.shell:Skip shell extension 'powershell' for command environment: Not usable outside of PowerShell
[0.456s] DEBUG:colcon.colcon_core.shell:Skip shell extension 'dsv' for command environment
[0.463s] DEBUG:colcon.colcon_core.event_handler.log_command:Invoking command in '/home/mk/dev_ws/build/zed_interfaces': CMAKE_PREFIX_PATH=${CMAKE_PREFIX_PATH}:/home/mk/dev_ws/install/yolo_object_detector:/home/mk/dev_ws/install/move_to_coordinator:/home/mk/dev_ws/install/motion_sequence:/home/mk/dev_ws/install/whisper_demos:/home/mk/dev_ws/install/voice_command_listener:/home/mk/dev_ws/install/uf_ros_lib:/home/mk/dev_ws/install/rviz_servo_status_overlay:/home/mk/dev_ws/install/rviz_marker_static_scene_objects:/home/mk/dev_ws/install/robot_motion_handler_movegroup:/home/mk/dev_ws/install/gaze_control:/home/mk/dev_ws/install/collision_check:/home/mk/dev_ws/install/audio_listener:/opt/ros/humble /usr/bin/cmake /home/mk/dev_ws/src/zed-ros2-interfaces -DAMENT_CMAKE_SYMLINK_INSTALL=1 -DCMAKE_INSTALL_PREFIX=/home/mk/dev_ws/install/zed_interfaces
[0.619s] INFO:colcon.colcon_core.task.python.build:Building Python package in '/home/mk/dev_ws/src/ros2_whisper/audio_listener'
[0.619s] INFO:colcon.colcon_core.shell:Skip shell extension 'powershell' for command environment: Not usable outside of PowerShell
[0.619s] DEBUG:colcon.colcon_core.shell:Skip shell extension 'dsv' for command environment
[0.778s] INFO:colcon.colcon_core.task.python.build:Building Python package in '/home/mk/dev_ws/src/collision_check'
[0.778s] INFO:colcon.colcon_core.shell:Skip shell extension 'powershell' for command environment: Not usable outside of PowerShell
[0.778s] DEBUG:colcon.colcon_core.shell:Skip shell extension 'dsv' for command environment
[0.932s] INFO:colcon.colcon_core.task.python.build:Building Python package in '/home/mk/dev_ws/src/gaze_control'
[0.932s] INFO:colcon.colcon_core.shell:Skip shell extension 'powershell' for command environment: Not usable outside of PowerShell
[0.933s] DEBUG:colcon.colcon_core.shell:Skip shell extension 'dsv' for command environment
[0.937s] DEBUG:colcon.colcon_core.event_handler.log_command:Invoking command in '/home/mk/dev_ws/build/mbot_demo': CMAKE_PREFIX_PATH=${CMAKE_PREFIX_PATH}:/home/mk/dev_ws/install/yolo_object_detector:/home/mk/dev_ws/install/move_to_coordinator:/home/mk/dev_ws/install/motion_sequence:/home/mk/dev_ws/install/whisper_demos:/home/mk/dev_ws/install/voice_command_listener:/home/mk/dev_ws/install/uf_ros_lib:/home/mk/dev_ws/install/rviz_servo_status_overlay:/home/mk/dev_ws/install/rviz_marker_static_scene_objects:/home/mk/dev_ws/install/robot_motion_handler_movegroup:/home/mk/dev_ws/install/gaze_control:/home/mk/dev_ws/install/collision_check:/home/mk/dev_ws/install/audio_listener:/opt/ros/humble /usr/bin/cmake /home/mk/dev_ws/src/xarm_ros2/demo/mbot_demo -DAMENT_CMAKE_SYMLINK_INSTALL=1 -DCMAKE_INSTALL_PREFIX=/home/mk/dev_ws/install/mbot_demo
[0.938s] DEBUG:colcon.colcon_core.event_handler.log_command:Invoking command in '/home/mk/dev_ws/build/my_3d_vision_bringup': CMAKE_PREFIX_PATH=${CMAKE_PREFIX_PATH}:/home/mk/dev_ws/install/yolo_object_detector:/home/mk/dev_ws/install/move_to_coordinator:/home/mk/dev_ws/install/motion_sequence:/home/mk/dev_ws/install/whisper_demos:/home/mk/dev_ws/install/voice_command_listener:/home/mk/dev_ws/install/uf_ros_lib:/home/mk/dev_ws/install/rviz_servo_status_overlay:/home/mk/dev_ws/install/rviz_marker_static_scene_objects:/home/mk/dev_ws/install/robot_motion_handler_movegroup:/home/mk/dev_ws/install/gaze_control:/home/mk/dev_ws/install/collision_check:/home/mk/dev_ws/install/audio_listener:/opt/ros/humble /usr/bin/cmake /home/mk/dev_ws/src/my_3d_vision_bringup -DAMENT_CMAKE_SYMLINK_INSTALL=1 -DCMAKE_INSTALL_PREFIX=/home/mk/dev_ws/install/my_3d_vision_bringup
[0.940s] DEBUG:colcon.colcon_core.event_handler.log_command:Invoking command in '/home/mk/dev_ws/build/realsense_gazebo_plugin': CMAKE_PREFIX_PATH=${CMAKE_PREFIX_PATH}:/home/mk/dev_ws/install/yolo_object_detector:/home/mk/dev_ws/install/move_to_coordinator:/home/mk/dev_ws/install/motion_sequence:/home/mk/dev_ws/install/whisper_demos:/home/mk/dev_ws/install/voice_command_listener:/home/mk/dev_ws/install/uf_ros_lib:/home/mk/dev_ws/install/rviz_servo_status_overlay:/home/mk/dev_ws/install/rviz_marker_static_scene_objects:/home/mk/dev_ws/install/robot_motion_handler_movegroup:/home/mk/dev_ws/install/gaze_control:/home/mk/dev_ws/install/collision_check:/home/mk/dev_ws/install/audio_listener:/opt/ros/humble /usr/bin/cmake /home/mk/dev_ws/src/xarm_ros2/thirdparty/realsense_gazebo_plugin -DAMENT_CMAKE_SYMLINK_INSTALL=1 -DCMAKE_INSTALL_PREFIX=/home/mk/dev_ws/install/realsense_gazebo_plugin
[1.106s] INFO:colcon.colcon_core.task.python.build:Building Python package in '/home/mk/dev_ws/src/robot_motion_handler_movegroup'
[1.107s] INFO:colcon.colcon_core.shell:Skip shell extension 'powershell' for command environment: Not usable outside of PowerShell
[1.107s] DEBUG:colcon.colcon_core.shell:Skip shell extension 'dsv' for command environment
[1.267s] INFO:colcon.colcon_core.task.python.build:Building Python package in '/home/mk/dev_ws/src/rviz_marker_static_scene_objects'
[1.268s] INFO:colcon.colcon_core.shell:Skip shell extension 'powershell' for command environment: Not usable outside of PowerShell
[1.268s] DEBUG:colcon.colcon_core.shell:Skip shell extension 'dsv' for command environment
[1.428s] INFO:colcon.colcon_core.task.python.build:Building Python package in '/home/mk/dev_ws/src/rviz_servo_status_overlay'
[1.428s] INFO:colcon.colcon_core.shell:Skip shell extension 'powershell' for command environment: Not usable outside of PowerShell
[1.428s] DEBUG:colcon.colcon_core.shell:Skip shell extension 'dsv' for command environment
[1.590s] INFO:colcon.colcon_core.task.python.build:Building Python package in '/home/mk/dev_ws/src/yolo_object_detector'
[1.590s] INFO:colcon.colcon_core.shell:Skip shell extension 'powershell' for command environment: Not usable outside of PowerShell
[1.590s] DEBUG:colcon.colcon_core.shell:Skip shell extension 'dsv' for command environment
[1.595s] DEBUG:colcon.colcon_core.event_handler.log_command:Invoked command in '/home/mk/dev_ws/build/whisper_cpp_vendor' returned '0': CMAKE_PREFIX_PATH=${CMAKE_PREFIX_PATH}:/home/mk/dev_ws/install/yolo_object_detector:/home/mk/dev_ws/install/move_to_coordinator:/home/mk/dev_ws/install/motion_sequence:/home/mk/dev_ws/install/whisper_demos:/home/mk/dev_ws/install/voice_command_listener:/home/mk/dev_ws/install/uf_ros_lib:/home/mk/dev_ws/install/rviz_servo_status_overlay:/home/mk/dev_ws/install/rviz_marker_static_scene_objects:/home/mk/dev_ws/install/robot_motion_handler_movegroup:/home/mk/dev_ws/install/gaze_control:/home/mk/dev_ws/install/collision_check:/home/mk/dev_ws/install/audio_listener:/opt/ros/humble /usr/bin/cmake /home/mk/dev_ws/src/ros2_whisper/whisper_cpp_vendor -DAMENT_CMAKE_SYMLINK_INSTALL=1 -DCMAKE_INSTALL_PREFIX=/home/mk/dev_ws/install/whisper_cpp_vendor
[1.595s] DEBUG:colcon.colcon_core.event_handler.log_command:Invoking command in '/home/mk/dev_ws/build/whisper_cpp_vendor': CMAKE_PREFIX_PATH=${CMAKE_PREFIX_PATH}:/home/mk/dev_ws/install/yolo_object_detector:/home/mk/dev_ws/install/move_to_coordinator:/home/mk/dev_ws/install/motion_sequence:/home/mk/dev_ws/install/whisper_demos:/home/mk/dev_ws/install/voice_command_listener:/home/mk/dev_ws/install/uf_ros_lib:/home/mk/dev_ws/install/rviz_servo_status_overlay:/home/mk/dev_ws/install/rviz_marker_static_scene_objects:/home/mk/dev_ws/install/robot_motion_handler_movegroup:/home/mk/dev_ws/install/gaze_control:/home/mk/dev_ws/install/collision_check:/home/mk/dev_ws/install/audio_listener:/opt/ros/humble /usr/bin/cmake --build /home/mk/dev_ws/build/whisper_cpp_vendor -- -j20 -l20
[1.596s] DEBUG:colcon.colcon_core.event_handler.log_command:Invoked command in '/home/mk/dev_ws/build/xarm_sdk' returned '0': CMAKE_PREFIX_PATH=${CMAKE_PREFIX_PATH}:/home/mk/dev_ws/install/yolo_object_detector:/home/mk/dev_ws/install/move_to_coordinator:/home/mk/dev_ws/install/motion_sequence:/home/mk/dev_ws/install/whisper_demos:/home/mk/dev_ws/install/voice_command_listener:/home/mk/dev_ws/install/uf_ros_lib:/home/mk/dev_ws/install/rviz_servo_status_overlay:/home/mk/dev_ws/install/rviz_marker_static_scene_objects:/home/mk/dev_ws/install/robot_motion_handler_movegroup:/home/mk/dev_ws/install/gaze_control:/home/mk/dev_ws/install/collision_check:/home/mk/dev_ws/install/audio_listener:/opt/ros/humble /usr/bin/cmake /home/mk/dev_ws/src/xarm_ros2/xarm_sdk -DAMENT_CMAKE_SYMLINK_INSTALL=1 -DCMAKE_INSTALL_PREFIX=/home/mk/dev_ws/install/xarm_sdk
[1.596s] DEBUG:colcon.colcon_core.event_handler.log_command:Invoking command in '/home/mk/dev_ws/build/xarm_sdk': CMAKE_PREFIX_PATH=${CMAKE_PREFIX_PATH}:/home/mk/dev_ws/install/yolo_object_detector:/home/mk/dev_ws/install/move_to_coordinator:/home/mk/dev_ws/install/motion_sequence:/home/mk/dev_ws/install/whisper_demos:/home/mk/dev_ws/install/voice_command_listener:/home/mk/dev_ws/install/uf_ros_lib:/home/mk/dev_ws/install/rviz_servo_status_overlay:/home/mk/dev_ws/install/rviz_marker_static_scene_objects:/home/mk/dev_ws/install/robot_motion_handler_movegroup:/home/mk/dev_ws/install/gaze_control:/home/mk/dev_ws/install/collision_check:/home/mk/dev_ws/install/audio_listener:/opt/ros/humble /usr/bin/cmake --build /home/mk/dev_ws/build/xarm_sdk -- -j20 -l20
[1.597s] DEBUG:colcon.colcon_core.event_handler.log_command:Invoked command in '/home/mk/dev_ws/build/xarm_description' returned '0': CMAKE_PREFIX_PATH=${CMAKE_PREFIX_PATH}:/home/mk/dev_ws/install/yolo_object_detector:/home/mk/dev_ws/install/move_to_coordinator:/home/mk/dev_ws/install/motion_sequence:/home/mk/dev_ws/install/whisper_demos:/home/mk/dev_ws/install/voice_command_listener:/home/mk/dev_ws/install/uf_ros_lib:/home/mk/dev_ws/install/rviz_servo_status_overlay:/home/mk/dev_ws/install/rviz_marker_static_scene_objects:/home/mk/dev_ws/install/robot_motion_handler_movegroup:/home/mk/dev_ws/install/gaze_control:/home/mk/dev_ws/install/collision_check:/home/mk/dev_ws/install/audio_listener:/opt/ros/humble /usr/bin/cmake /home/mk/dev_ws/src/xarm_ros2/xarm_description -DAMENT_CMAKE_SYMLINK_INSTALL=1 -DCMAKE_INSTALL_PREFIX=/home/mk/dev_ws/install/xarm_description
[1.597s] DEBUG:colcon.colcon_core.event_handler.log_command:Invoking command in '/home/mk/dev_ws/build/xarm_description': CMAKE_PREFIX_PATH=${CMAKE_PREFIX_PATH}:/home/mk/dev_ws/install/yolo_object_detector:/home/mk/dev_ws/install/move_to_coordinator:/home/mk/dev_ws/install/motion_sequence:/home/mk/dev_ws/install/whisper_demos:/home/mk/dev_ws/install/voice_command_listener:/home/mk/dev_ws/install/uf_ros_lib:/home/mk/dev_ws/install/rviz_servo_status_overlay:/home/mk/dev_ws/install/rviz_marker_static_scene_objects:/home/mk/dev_ws/install/robot_motion_handler_movegroup:/home/mk/dev_ws/install/gaze_control:/home/mk/dev_ws/install/collision_check:/home/mk/dev_ws/install/audio_listener:/opt/ros/humble /usr/bin/cmake --build /home/mk/dev_ws/build/xarm_description -- -j20 -l20
[1.598s] DEBUG:colcon.colcon_core.event_handler.log_command:Invoked command in '/home/mk/dev_ws/build/whisper_idl' returned '0': CMAKE_PREFIX_PATH=${CMAKE_PREFIX_PATH}:/home/mk/dev_ws/install/yolo_object_detector:/home/mk/dev_ws/install/move_to_coordinator:/home/mk/dev_ws/install/motion_sequence:/home/mk/dev_ws/install/whisper_demos:/home/mk/dev_ws/install/voice_command_listener:/home/mk/dev_ws/install/uf_ros_lib:/home/mk/dev_ws/install/rviz_servo_status_overlay:/home/mk/dev_ws/install/rviz_marker_static_scene_objects:/home/mk/dev_ws/install/robot_motion_handler_movegroup:/home/mk/dev_ws/install/gaze_control:/home/mk/dev_ws/install/collision_check:/home/mk/dev_ws/install/audio_listener:/opt/ros/humble /usr/bin/cmake /home/mk/dev_ws/src/ros2_whisper/whisper_idl -DAMENT_CMAKE_SYMLINK_INSTALL=1 -DCMAKE_INSTALL_PREFIX=/home/mk/dev_ws/install/whisper_idl
[1.599s] DEBUG:colcon.colcon_core.event_handler.log_command:Invoking command in '/home/mk/dev_ws/build/whisper_idl': CMAKE_PREFIX_PATH=${CMAKE_PREFIX_PATH}:/home/mk/dev_ws/install/yolo_object_detector:/home/mk/dev_ws/install/move_to_coordinator:/home/mk/dev_ws/install/motion_sequence:/home/mk/dev_ws/install/whisper_demos:/home/mk/dev_ws/install/voice_command_listener:/home/mk/dev_ws/install/uf_ros_lib:/home/mk/dev_ws/install/rviz_servo_status_overlay:/home/mk/dev_ws/install/rviz_marker_static_scene_objects:/home/mk/dev_ws/install/robot_motion_handler_movegroup:/home/mk/dev_ws/install/gaze_control:/home/mk/dev_ws/install/collision_check:/home/mk/dev_ws/install/audio_listener:/opt/ros/humble /usr/bin/cmake --build /home/mk/dev_ws/build/whisper_idl -- -j20 -l20
[1.600s] DEBUG:colcon.colcon_core.event_handler.log_command:Invoked command in '/home/mk/dev_ws/build/mbot_demo' returned '0': CMAKE_PREFIX_PATH=${CMAKE_PREFIX_PATH}:/home/mk/dev_ws/install/yolo_object_detector:/home/mk/dev_ws/install/move_to_coordinator:/home/mk/dev_ws/install/motion_sequence:/home/mk/dev_ws/install/whisper_demos:/home/mk/dev_ws/install/voice_command_listener:/home/mk/dev_ws/install/uf_ros_lib:/home/mk/dev_ws/install/rviz_servo_status_overlay:/home/mk/dev_ws/install/rviz_marker_static_scene_objects:/home/mk/dev_ws/install/robot_motion_handler_movegroup:/home/mk/dev_ws/install/gaze_control:/home/mk/dev_ws/install/collision_check:/home/mk/dev_ws/install/audio_listener:/opt/ros/humble /usr/bin/cmake /home/mk/dev_ws/src/xarm_ros2/demo/mbot_demo -DAMENT_CMAKE_SYMLINK_INSTALL=1 -DCMAKE_INSTALL_PREFIX=/home/mk/dev_ws/install/mbot_demo
[1.601s] DEBUG:colcon.colcon_core.event_handler.log_command:Invoking command in '/home/mk/dev_ws/build/mbot_demo': CMAKE_PREFIX_PATH=${CMAKE_PREFIX_PATH}:/home/mk/dev_ws/install/yolo_object_detector:/home/mk/dev_ws/install/move_to_coordinator:/home/mk/dev_ws/install/motion_sequence:/home/mk/dev_ws/install/whisper_demos:/home/mk/dev_ws/install/voice_command_listener:/home/mk/dev_ws/install/uf_ros_lib:/home/mk/dev_ws/install/rviz_servo_status_overlay:/home/mk/dev_ws/install/rviz_marker_static_scene_objects:/home/mk/dev_ws/install/robot_motion_handler_movegroup:/home/mk/dev_ws/install/gaze_control:/home/mk/dev_ws/install/collision_check:/home/mk/dev_ws/install/audio_listener:/opt/ros/humble /usr/bin/cmake --build /home/mk/dev_ws/build/mbot_demo -- -j20 -l20
[1.605s] DEBUG:colcon.colcon_core.event_handler.log_command:Invoked command in '/home/mk/dev_ws/build/zed_interfaces' returned '0': CMAKE_PREFIX_PATH=${CMAKE_PREFIX_PATH}:/home/mk/dev_ws/install/yolo_object_detector:/home/mk/dev_ws/install/move_to_coordinator:/home/mk/dev_ws/install/motion_sequence:/home/mk/dev_ws/install/whisper_demos:/home/mk/dev_ws/install/voice_command_listener:/home/mk/dev_ws/install/uf_ros_lib:/home/mk/dev_ws/install/rviz_servo_status_overlay:/home/mk/dev_ws/install/rviz_marker_static_scene_objects:/home/mk/dev_ws/install/robot_motion_handler_movegroup:/home/mk/dev_ws/install/gaze_control:/home/mk/dev_ws/install/collision_check:/home/mk/dev_ws/install/audio_listener:/opt/ros/humble /usr/bin/cmake /home/mk/dev_ws/src/zed-ros2-interfaces -DAMENT_CMAKE_SYMLINK_INSTALL=1 -DCMAKE_INSTALL_PREFIX=/home/mk/dev_ws/install/zed_interfaces
[1.606s] DEBUG:colcon.colcon_core.event_handler.log_command:Invoking command in '/home/mk/dev_ws/build/zed_interfaces': CMAKE_PREFIX_PATH=${CMAKE_PREFIX_PATH}:/home/mk/dev_ws/install/yolo_object_detector:/home/mk/dev_ws/install/move_to_coordinator:/home/mk/dev_ws/install/motion_sequence:/home/mk/dev_ws/install/whisper_demos:/home/mk/dev_ws/install/voice_command_listener:/home/mk/dev_ws/install/uf_ros_lib:/home/mk/dev_ws/install/rviz_servo_status_overlay:/home/mk/dev_ws/install/rviz_marker_static_scene_objects:/home/mk/dev_ws/install/robot_motion_handler_movegroup:/home/mk/dev_ws/install/gaze_control:/home/mk/dev_ws/install/collision_check:/home/mk/dev_ws/install/audio_listener:/opt/ros/humble /usr/bin/cmake --build /home/mk/dev_ws/build/zed_interfaces -- -j20 -l20
[1.612s] DEBUG:colcon.colcon_core.event_handler.log_command:Invoked command in '/home/mk/dev_ws/build/xarm_msgs' returned '0': CMAKE_PREFIX_PATH=${CMAKE_PREFIX_PATH}:/home/mk/dev_ws/install/yolo_object_detector:/home/mk/dev_ws/install/move_to_coordinator:/home/mk/dev_ws/install/motion_sequence:/home/mk/dev_ws/install/whisper_demos:/home/mk/dev_ws/install/voice_command_listener:/home/mk/dev_ws/install/uf_ros_lib:/home/mk/dev_ws/install/rviz_servo_status_overlay:/home/mk/dev_ws/install/rviz_marker_static_scene_objects:/home/mk/dev_ws/install/robot_motion_handler_movegroup:/home/mk/dev_ws/install/gaze_control:/home/mk/dev_ws/install/collision_check:/home/mk/dev_ws/install/audio_listener:/opt/ros/humble /usr/bin/cmake /home/mk/dev_ws/src/xarm_ros2/xarm_msgs -DAMENT_CMAKE_SYMLINK_INSTALL=1 -DCMAKE_INSTALL_PREFIX=/home/mk/dev_ws/install/xarm_msgs
[1.616s] DEBUG:colcon.colcon_core.event_handler.log_command:Invoking command in '/home/mk/dev_ws/build/xarm_msgs': CMAKE_PREFIX_PATH=${CMAKE_PREFIX_PATH}:/home/mk/dev_ws/install/yolo_object_detector:/home/mk/dev_ws/install/move_to_coordinator:/home/mk/dev_ws/install/motion_sequence:/home/mk/dev_ws/install/whisper_demos:/home/mk/dev_ws/install/voice_command_listener:/home/mk/dev_ws/install/uf_ros_lib:/home/mk/dev_ws/install/rviz_servo_status_overlay:/home/mk/dev_ws/install/rviz_marker_static_scene_objects:/home/mk/dev_ws/install/robot_motion_handler_movegroup:/home/mk/dev_ws/install/gaze_control:/home/mk/dev_ws/install/collision_check:/home/mk/dev_ws/install/audio_listener:/opt/ros/humble /usr/bin/cmake --build /home/mk/dev_ws/build/xarm_msgs -- -j20 -l20
[1.628s] DEBUG:colcon.colcon_core.event_handler.log_command:Invoked command in '/home/mk/dev_ws/build/mbot_demo' returned '0': CMAKE_PREFIX_PATH=${CMAKE_PREFIX_PATH}:/home/mk/dev_ws/install/yolo_object_detector:/home/mk/dev_ws/install/move_to_coordinator:/home/mk/dev_ws/install/motion_sequence:/home/mk/dev_ws/install/whisper_demos:/home/mk/dev_ws/install/voice_command_listener:/home/mk/dev_ws/install/uf_ros_lib:/home/mk/dev_ws/install/rviz_servo_status_overlay:/home/mk/dev_ws/install/rviz_marker_static_scene_objects:/home/mk/dev_ws/install/robot_motion_handler_movegroup:/home/mk/dev_ws/install/gaze_control:/home/mk/dev_ws/install/collision_check:/home/mk/dev_ws/install/audio_listener:/opt/ros/humble /usr/bin/cmake --build /home/mk/dev_ws/build/mbot_demo -- -j20 -l20
[1.643s] DEBUG:colcon.colcon_core.event_handler.log_command:Invoking command in '/home/mk/dev_ws/build/mbot_demo': CMAKE_PREFIX_PATH=${CMAKE_PREFIX_PATH}:/home/mk/dev_ws/install/yolo_object_detector:/home/mk/dev_ws/install/move_to_coordinator:/home/mk/dev_ws/install/motion_sequence:/home/mk/dev_ws/install/whisper_demos:/home/mk/dev_ws/install/voice_command_listener:/home/mk/dev_ws/install/uf_ros_lib:/home/mk/dev_ws/install/rviz_servo_status_overlay:/home/mk/dev_ws/install/rviz_marker_static_scene_objects:/home/mk/dev_ws/install/robot_motion_handler_movegroup:/home/mk/dev_ws/install/gaze_control:/home/mk/dev_ws/install/collision_check:/home/mk/dev_ws/install/audio_listener:/opt/ros/humble /usr/bin/cmake --install /home/mk/dev_ws/build/mbot_demo
[1.644s] DEBUG:colcon.colcon_core.event_handler.log_command:Invoked command in '/home/mk/dev_ws/build/xarm_description' returned '0': CMAKE_PREFIX_PATH=${CMAKE_PREFIX_PATH}:/home/mk/dev_ws/install/yolo_object_detector:/home/mk/dev_ws/install/move_to_coordinator:/home/mk/dev_ws/install/motion_sequence:/home/mk/dev_ws/install/whisper_demos:/home/mk/dev_ws/install/voice_command_listener:/home/mk/dev_ws/install/uf_ros_lib:/home/mk/dev_ws/install/rviz_servo_status_overlay:/home/mk/dev_ws/install/rviz_marker_static_scene_objects:/home/mk/dev_ws/install/robot_motion_handler_movegroup:/home/mk/dev_ws/install/gaze_control:/home/mk/dev_ws/install/collision_check:/home/mk/dev_ws/install/audio_listener:/opt/ros/humble /usr/bin/cmake --build /home/mk/dev_ws/build/xarm_description -- -j20 -l20
[1.644s] DEBUG:colcon.colcon_core.event_handler.log_command:Invoking command in '/home/mk/dev_ws/build/xarm_description': CMAKE_PREFIX_PATH=${CMAKE_PREFIX_PATH}:/home/mk/dev_ws/install/yolo_object_detector:/home/mk/dev_ws/install/move_to_coordinator:/home/mk/dev_ws/install/motion_sequence:/home/mk/dev_ws/install/whisper_demos:/home/mk/dev_ws/install/voice_command_listener:/home/mk/dev_ws/install/uf_ros_lib:/home/mk/dev_ws/install/rviz_servo_status_overlay:/home/mk/dev_ws/install/rviz_marker_static_scene_objects:/home/mk/dev_ws/install/robot_motion_handler_movegroup:/home/mk/dev_ws/install/gaze_control:/home/mk/dev_ws/install/collision_check:/home/mk/dev_ws/install/audio_listener:/opt/ros/humble /usr/bin/cmake --install /home/mk/dev_ws/build/xarm_description
[1.667s] Level 1:colcon.colcon_core.environment:create_environment_scripts_only(mbot_demo)
[1.669s] Level 1:colcon.colcon_core.environment:checking '/home/mk/dev_ws/install/mbot_demo' for CMake module files
[1.672s] Level 1:colcon.colcon_core.environment:checking '/home/mk/dev_ws/install/mbot_demo' for CMake config files
[1.672s] Level 1:colcon.colcon_core.shell:create_environment_hook('mbot_demo', 'cmake_prefix_path')
[1.673s] INFO:colcon.colcon_core.shell:Creating environment hook '/home/mk/dev_ws/install/mbot_demo/share/mbot_demo/hook/cmake_prefix_path.ps1'
[1.673s] INFO:colcon.colcon_core.shell:Creating environment descriptor '/home/mk/dev_ws/install/mbot_demo/share/mbot_demo/hook/cmake_prefix_path.dsv'
[1.674s] INFO:colcon.colcon_core.shell:Creating environment hook '/home/mk/dev_ws/install/mbot_demo/share/mbot_demo/hook/cmake_prefix_path.sh'
[1.674s] Level 1:colcon.colcon_core.environment:checking '/home/mk/dev_ws/install/mbot_demo/bin'
[1.674s] Level 1:colcon.colcon_core.environment:checking '/home/mk/dev_ws/install/mbot_demo/lib/pkgconfig/mbot_demo.pc'
[1.675s] Level 1:colcon.colcon_core.environment:checking '/home/mk/dev_ws/install/mbot_demo/lib/python3.10/site-packages'
[1.675s] Level 1:colcon.colcon_core.environment:checking '/home/mk/dev_ws/install/mbot_demo/bin'
[1.679s] INFO:colcon.colcon_core.shell:Creating package script '/home/mk/dev_ws/install/mbot_demo/share/mbot_demo/package.ps1'
[1.680s] INFO:colcon.colcon_core.shell:Creating package descriptor '/home/mk/dev_ws/install/mbot_demo/share/mbot_demo/package.dsv'
[1.681s] INFO:colcon.colcon_core.shell:Creating package script '/home/mk/dev_ws/install/mbot_demo/share/mbot_demo/package.sh'
[1.678s] DEBUG:colcon.colcon_core.event_handler.log_command:Invoked command in '/home/mk/dev_ws/build/mbot_demo' returned '0': CMAKE_PREFIX_PATH=${CMAKE_PREFIX_PATH}:/home/mk/dev_ws/install/yolo_object_detector:/home/mk/dev_ws/install/move_to_coordinator:/home/mk/dev_ws/install/motion_sequence:/home/mk/dev_ws/install/whisper_demos:/home/mk/dev_ws/install/voice_command_listener:/home/mk/dev_ws/install/uf_ros_lib:/home/mk/dev_ws/install/rviz_servo_status_overlay:/home/mk/dev_ws/install/rviz_marker_static_scene_objects:/home/mk/dev_ws/install/robot_motion_handler_movegroup:/home/mk/dev_ws/install/gaze_control:/home/mk/dev_ws/install/collision_check:/home/mk/dev_ws/install/audio_listener:/opt/ros/humble /usr/bin/cmake --install /home/mk/dev_ws/build/mbot_demo
[1.686s] INFO:colcon.colcon_core.shell:Creating package script '/home/mk/dev_ws/install/mbot_demo/share/mbot_demo/package.bash'
[1.687s] INFO:colcon.colcon_core.shell:Creating package script '/home/mk/dev_ws/install/mbot_demo/share/mbot_demo/package.zsh'
[1.692s] Level 1:colcon.colcon_core.environment:create_file_with_runtime_dependencies(/home/mk/dev_ws/install/mbot_demo/share/colcon-core/packages/mbot_demo)
[1.693s] Level 1:colcon.colcon_core.environment:create_environment_scripts_only(mbot_demo)
[1.693s] Level 1:colcon.colcon_core.environment:checking '/home/mk/dev_ws/install/mbot_demo' for CMake module files
[1.694s] Level 1:colcon.colcon_core.environment:checking '/home/mk/dev_ws/install/mbot_demo' for CMake config files
[1.694s] Level 1:colcon.colcon_core.shell:create_environment_hook('mbot_demo', 'cmake_prefix_path')
[1.695s] INFO:colcon.colcon_core.shell:Creating environment hook '/home/mk/dev_ws/install/mbot_demo/share/mbot_demo/hook/cmake_prefix_path.ps1'
[1.701s] INFO:colcon.colcon_core.shell:Creating environment descriptor '/home/mk/dev_ws/install/mbot_demo/share/mbot_demo/hook/cmake_prefix_path.dsv'
[1.702s] INFO:colcon.colcon_core.shell:Creating environment hook '/home/mk/dev_ws/install/mbot_demo/share/mbot_demo/hook/cmake_prefix_path.sh'
[1.703s] Level 1:colcon.colcon_core.environment:checking '/home/mk/dev_ws/install/mbot_demo/bin'
[1.703s] Level 1:colcon.colcon_core.environment:checking '/home/mk/dev_ws/install/mbot_demo/lib/pkgconfig/mbot_demo.pc'
[1.703s] Level 1:colcon.colcon_core.environment:checking '/home/mk/dev_ws/install/mbot_demo/lib/python3.10/site-packages'
[1.703s] Level 1:colcon.colcon_core.environment:checking '/home/mk/dev_ws/install/mbot_demo/bin'
[1.704s] INFO:colcon.colcon_core.shell:Creating package script '/home/mk/dev_ws/install/mbot_demo/share/mbot_demo/package.ps1'
[1.705s] INFO:colcon.colcon_core.shell:Creating package descriptor '/home/mk/dev_ws/install/mbot_demo/share/mbot_demo/package.dsv'
[1.705s] INFO:colcon.colcon_core.shell:Creating package script '/home/mk/dev_ws/install/mbot_demo/share/mbot_demo/package.sh'
[1.706s] INFO:colcon.colcon_core.shell:Creating package script '/home/mk/dev_ws/install/mbot_demo/share/mbot_demo/package.bash'
[1.706s] INFO:colcon.colcon_core.shell:Creating package script '/home/mk/dev_ws/install/mbot_demo/share/mbot_demo/package.zsh'
[1.706s] Level 1:colcon.colcon_core.environment:create_file_with_runtime_dependencies(/home/mk/dev_ws/install/mbot_demo/share/colcon-core/packages/mbot_demo)
[1.708s] DEBUG:colcon.colcon_core.event_handler.log_command:Invoked command in '/home/mk/dev_ws/build/realsense_gazebo_plugin' returned '0': CMAKE_PREFIX_PATH=${CMAKE_PREFIX_PATH}:/home/mk/dev_ws/install/yolo_object_detector:/home/mk/dev_ws/install/move_to_coordinator:/home/mk/dev_ws/install/motion_sequence:/home/mk/dev_ws/install/whisper_demos:/home/mk/dev_ws/install/voice_command_listener:/home/mk/dev_ws/install/uf_ros_lib:/home/mk/dev_ws/install/rviz_servo_status_overlay:/home/mk/dev_ws/install/rviz_marker_static_scene_objects:/home/mk/dev_ws/install/robot_motion_handler_movegroup:/home/mk/dev_ws/install/gaze_control:/home/mk/dev_ws/install/collision_check:/home/mk/dev_ws/install/audio_listener:/opt/ros/humble /usr/bin/cmake /home/mk/dev_ws/src/xarm_ros2/thirdparty/realsense_gazebo_plugin -DAMENT_CMAKE_SYMLINK_INSTALL=1 -DCMAKE_INSTALL_PREFIX=/home/mk/dev_ws/install/realsense_gazebo_plugin
[1.713s] DEBUG:colcon.colcon_core.event_handler.log_command:Invoking command in '/home/mk/dev_ws/build/realsense_gazebo_plugin': CMAKE_PREFIX_PATH=${CMAKE_PREFIX_PATH}:/home/mk/dev_ws/install/yolo_object_detector:/home/mk/dev_ws/install/move_to_coordinator:/home/mk/dev_ws/install/motion_sequence:/home/mk/dev_ws/install/whisper_demos:/home/mk/dev_ws/install/voice_command_listener:/home/mk/dev_ws/install/uf_ros_lib:/home/mk/dev_ws/install/rviz_servo_status_overlay:/home/mk/dev_ws/install/rviz_marker_static_scene_objects:/home/mk/dev_ws/install/robot_motion_handler_movegroup:/home/mk/dev_ws/install/gaze_control:/home/mk/dev_ws/install/collision_check:/home/mk/dev_ws/install/audio_listener:/opt/ros/humble /usr/bin/cmake --build /home/mk/dev_ws/build/realsense_gazebo_plugin -- -j20 -l20
[1.714s] DEBUG:colcon.colcon_core.event_handler.log_command:Invoked command in '/home/mk/dev_ws/build/whisper_cpp_vendor' returned '0': CMAKE_PREFIX_PATH=${CMAKE_PREFIX_PATH}:/home/mk/dev_ws/install/yolo_object_detector:/home/mk/dev_ws/install/move_to_coordinator:/home/mk/dev_ws/install/motion_sequence:/home/mk/dev_ws/install/whisper_demos:/home/mk/dev_ws/install/voice_command_listener:/home/mk/dev_ws/install/uf_ros_lib:/home/mk/dev_ws/install/rviz_servo_status_overlay:/home/mk/dev_ws/install/rviz_marker_static_scene_objects:/home/mk/dev_ws/install/robot_motion_handler_movegroup:/home/mk/dev_ws/install/gaze_control:/home/mk/dev_ws/install/collision_check:/home/mk/dev_ws/install/audio_listener:/opt/ros/humble /usr/bin/cmake --build /home/mk/dev_ws/build/whisper_cpp_vendor -- -j20 -l20
[1.718s] DEBUG:colcon.colcon_core.event_handler.log_command:Invoking command in '/home/mk/dev_ws/build/whisper_cpp_vendor': CMAKE_PREFIX_PATH=${CMAKE_PREFIX_PATH}:/home/mk/dev_ws/install/yolo_object_detector:/home/mk/dev_ws/install/move_to_coordinator:/home/mk/dev_ws/install/motion_sequence:/home/mk/dev_ws/install/whisper_demos:/home/mk/dev_ws/install/voice_command_listener:/home/mk/dev_ws/install/uf_ros_lib:/home/mk/dev_ws/install/rviz_servo_status_overlay:/home/mk/dev_ws/install/rviz_marker_static_scene_objects:/home/mk/dev_ws/install/robot_motion_handler_movegroup:/home/mk/dev_ws/install/gaze_control:/home/mk/dev_ws/install/collision_check:/home/mk/dev_ws/install/audio_listener:/opt/ros/humble /usr/bin/cmake --install /home/mk/dev_ws/build/whisper_cpp_vendor
[1.720s] Level 1:colcon.colcon_core.environment:create_environment_scripts_only(xarm_description)
[1.720s] Level 1:colcon.colcon_core.environment:checking '/home/mk/dev_ws/install/xarm_description' for CMake module files
[1.721s] Level 1:colcon.colcon_core.environment:checking '/home/mk/dev_ws/install/xarm_description' for CMake config files
[1.720s] DEBUG:colcon.colcon_core.event_handler.log_command:Invoked command in '/home/mk/dev_ws/build/xarm_description' returned '0': CMAKE_PREFIX_PATH=${CMAKE_PREFIX_PATH}:/home/mk/dev_ws/install/yolo_object_detector:/home/mk/dev_ws/install/move_to_coordinator:/home/mk/dev_ws/install/motion_sequence:/home/mk/dev_ws/install/whisper_demos:/home/mk/dev_ws/install/voice_command_listener:/home/mk/dev_ws/install/uf_ros_lib:/home/mk/dev_ws/install/rviz_servo_status_overlay:/home/mk/dev_ws/install/rviz_marker_static_scene_objects:/home/mk/dev_ws/install/robot_motion_handler_movegroup:/home/mk/dev_ws/install/gaze_control:/home/mk/dev_ws/install/collision_check:/home/mk/dev_ws/install/audio_listener:/opt/ros/humble /usr/bin/cmake --install /home/mk/dev_ws/build/xarm_description
[1.725s] Level 1:colcon.colcon_core.shell:create_environment_hook('xarm_description', 'cmake_prefix_path')
[1.725s] INFO:colcon.colcon_core.shell:Creating environment hook '/home/mk/dev_ws/install/xarm_description/share/xarm_description/hook/cmake_prefix_path.ps1'
[1.726s] INFO:colcon.colcon_core.shell:Creating environment descriptor '/home/mk/dev_ws/install/xarm_description/share/xarm_description/hook/cmake_prefix_path.dsv'
[1.726s] INFO:colcon.colcon_core.shell:Creating environment hook '/home/mk/dev_ws/install/xarm_description/share/xarm_description/hook/cmake_prefix_path.sh'
[1.727s] Level 1:colcon.colcon_core.environment:checking '/home/mk/dev_ws/install/xarm_description/bin'
[1.727s] Level 1:colcon.colcon_core.environment:checking '/home/mk/dev_ws/install/xarm_description/lib/pkgconfig/xarm_description.pc'
[1.730s] Level 1:colcon.colcon_core.environment:checking '/home/mk/dev_ws/install/xarm_description/lib/python3.10/site-packages'
[1.730s] Level 1:colcon.colcon_core.environment:checking '/home/mk/dev_ws/install/xarm_description/bin'
[1.731s] INFO:colcon.colcon_core.shell:Creating package script '/home/mk/dev_ws/install/xarm_description/share/xarm_description/package.ps1'
[1.734s] INFO:colcon.colcon_core.shell:Creating package descriptor '/home/mk/dev_ws/install/xarm_description/share/xarm_description/package.dsv'
[1.735s] INFO:colcon.colcon_core.shell:Creating package script '/home/mk/dev_ws/install/xarm_description/share/xarm_description/package.sh'
[1.735s] INFO:colcon.colcon_core.shell:Creating package script '/home/mk/dev_ws/install/xarm_description/share/xarm_description/package.bash'
[1.735s] INFO:colcon.colcon_core.shell:Creating package script '/home/mk/dev_ws/install/xarm_description/share/xarm_description/package.zsh'
[1.736s] Level 1:colcon.colcon_core.environment:create_file_with_runtime_dependencies(/home/mk/dev_ws/install/xarm_description/share/colcon-core/packages/xarm_description)
[1.736s] Level 1:colcon.colcon_core.environment:create_environment_scripts_only(xarm_description)
[1.736s] Level 1:colcon.colcon_core.environment:checking '/home/mk/dev_ws/install/xarm_description' for CMake module files
[1.737s] Level 1:colcon.colcon_core.environment:checking '/home/mk/dev_ws/install/xarm_description' for CMake config files
[1.740s] Level 1:colcon.colcon_core.shell:create_environment_hook('xarm_description', 'cmake_prefix_path')
[1.740s] INFO:colcon.colcon_core.shell:Creating environment hook '/home/mk/dev_ws/install/xarm_description/share/xarm_description/hook/cmake_prefix_path.ps1'
[1.744s] INFO:colcon.colcon_core.shell:Creating environment descriptor '/home/mk/dev_ws/install/xarm_description/share/xarm_description/hook/cmake_prefix_path.dsv'
[1.744s] INFO:colcon.colcon_core.shell:Creating environment hook '/home/mk/dev_ws/install/xarm_description/share/xarm_description/hook/cmake_prefix_path.sh'
[1.745s] Level 1:colcon.colcon_core.environment:checking '/home/mk/dev_ws/install/xarm_description/bin'
[1.745s] Level 1:colcon.colcon_core.environment:checking '/home/mk/dev_ws/install/xarm_description/lib/pkgconfig/xarm_description.pc'
[1.745s] Level 1:colcon.colcon_core.environment:checking '/home/mk/dev_ws/install/xarm_description/lib/python3.10/site-packages'
[1.746s] Level 1:colcon.colcon_core.environment:checking '/home/mk/dev_ws/install/xarm_description/bin'
[1.746s] INFO:colcon.colcon_core.shell:Creating package script '/home/mk/dev_ws/install/xarm_description/share/xarm_description/package.ps1'
[1.746s] INFO:colcon.colcon_core.shell:Creating package descriptor '/home/mk/dev_ws/install/xarm_description/share/xarm_description/package.dsv'
[1.747s] INFO:colcon.colcon_core.shell:Creating package script '/home/mk/dev_ws/install/xarm_description/share/xarm_description/package.sh'
[1.747s] INFO:colcon.colcon_core.shell:Creating package script '/home/mk/dev_ws/install/xarm_description/share/xarm_description/package.bash'
[1.747s] INFO:colcon.colcon_core.shell:Creating package script '/home/mk/dev_ws/install/xarm_description/share/xarm_description/package.zsh'
[1.748s] Level 1:colcon.colcon_core.environment:create_file_with_runtime_dependencies(/home/mk/dev_ws/install/xarm_description/share/colcon-core/packages/xarm_description)
[1.753s] DEBUG:colcon.colcon_core.event_handler.log_command:Invoked command in '/home/mk/dev_ws/build/xarm_sdk' returned '0': CMAKE_PREFIX_PATH=${CMAKE_PREFIX_PATH}:/home/mk/dev_ws/install/yolo_object_detector:/home/mk/dev_ws/install/move_to_coordinator:/home/mk/dev_ws/install/motion_sequence:/home/mk/dev_ws/install/whisper_demos:/home/mk/dev_ws/install/voice_command_listener:/home/mk/dev_ws/install/uf_ros_lib:/home/mk/dev_ws/install/rviz_servo_status_overlay:/home/mk/dev_ws/install/rviz_marker_static_scene_objects:/home/mk/dev_ws/install/robot_motion_handler_movegroup:/home/mk/dev_ws/install/gaze_control:/home/mk/dev_ws/install/collision_check:/home/mk/dev_ws/install/audio_listener:/opt/ros/humble /usr/bin/cmake --build /home/mk/dev_ws/build/xarm_sdk -- -j20 -l20
[1.754s] DEBUG:colcon.colcon_core.event_handler.log_command:Invoking command in '/home/mk/dev_ws/build/xarm_sdk': CMAKE_PREFIX_PATH=${CMAKE_PREFIX_PATH}:/home/mk/dev_ws/install/yolo_object_detector:/home/mk/dev_ws/install/move_to_coordinator:/home/mk/dev_ws/install/motion_sequence:/home/mk/dev_ws/install/whisper_demos:/home/mk/dev_ws/install/voice_command_listener:/home/mk/dev_ws/install/uf_ros_lib:/home/mk/dev_ws/install/rviz_servo_status_overlay:/home/mk/dev_ws/install/rviz_marker_static_scene_objects:/home/mk/dev_ws/install/robot_motion_handler_movegroup:/home/mk/dev_ws/install/gaze_control:/home/mk/dev_ws/install/collision_check:/home/mk/dev_ws/install/audio_listener:/opt/ros/humble /usr/bin/cmake --install /home/mk/dev_ws/build/xarm_sdk
[1.760s] Level 1:colcon.colcon_core.environment:create_environment_scripts_only(whisper_cpp_vendor)
[1.760s] Level 1:colcon.colcon_core.environment:checking '/home/mk/dev_ws/install/whisper_cpp_vendor' for CMake module files
[1.763s] DEBUG:colcon.colcon_core.event_handler.log_command:Invoked command in '/home/mk/dev_ws/build/whisper_cpp_vendor' returned '0': CMAKE_PREFIX_PATH=${CMAKE_PREFIX_PATH}:/home/mk/dev_ws/install/yolo_object_detector:/home/mk/dev_ws/install/move_to_coordinator:/home/mk/dev_ws/install/motion_sequence:/home/mk/dev_ws/install/whisper_demos:/home/mk/dev_ws/install/voice_command_listener:/home/mk/dev_ws/install/uf_ros_lib:/home/mk/dev_ws/install/rviz_servo_status_overlay:/home/mk/dev_ws/install/rviz_marker_static_scene_objects:/home/mk/dev_ws/install/robot_motion_handler_movegroup:/home/mk/dev_ws/install/gaze_control:/home/mk/dev_ws/install/collision_check:/home/mk/dev_ws/install/audio_listener:/opt/ros/humble /usr/bin/cmake --install /home/mk/dev_ws/build/whisper_cpp_vendor
[1.764s] Level 1:colcon.colcon_core.environment:checking '/home/mk/dev_ws/install/whisper_cpp_vendor' for CMake config files
[1.764s] Level 1:colcon.colcon_core.shell:create_environment_hook('whisper_cpp_vendor', 'cmake_prefix_path')
[1.765s] INFO:colcon.colcon_core.shell:Creating environment hook '/home/mk/dev_ws/install/whisper_cpp_vendor/share/whisper_cpp_vendor/hook/cmake_prefix_path.ps1'
[1.765s] INFO:colcon.colcon_core.shell:Creating environment descriptor '/home/mk/dev_ws/install/whisper_cpp_vendor/share/whisper_cpp_vendor/hook/cmake_prefix_path.dsv'
[1.766s] INFO:colcon.colcon_core.shell:Creating environment hook '/home/mk/dev_ws/install/whisper_cpp_vendor/share/whisper_cpp_vendor/hook/cmake_prefix_path.sh'
[1.769s] Level 1:colcon.colcon_core.environment:checking '/home/mk/dev_ws/install/whisper_cpp_vendor/libggml.so'
[1.769s] Level 1:colcon.colcon_core.environment:checking '/home/mk/dev_ws/install/whisper_cpp_vendor/lib'
[1.769s] Level 1:colcon.colcon_core.shell:create_environment_hook('whisper_cpp_vendor', 'ld_library_path_lib')
[1.769s] INFO:colcon.colcon_core.shell:Creating environment hook '/home/mk/dev_ws/install/whisper_cpp_vendor/share/whisper_cpp_vendor/hook/ld_library_path_lib.ps1'
[1.770s] INFO:colcon.colcon_core.shell:Creating environment descriptor '/home/mk/dev_ws/install/whisper_cpp_vendor/share/whisper_cpp_vendor/hook/ld_library_path_lib.dsv'
[1.770s] INFO:colcon.colcon_core.shell:Creating environment hook '/home/mk/dev_ws/install/whisper_cpp_vendor/share/whisper_cpp_vendor/hook/ld_library_path_lib.sh'
[1.770s] Level 1:colcon.colcon_core.environment:checking '/home/mk/dev_ws/install/whisper_cpp_vendor/bin'
[1.770s] Level 1:colcon.colcon_core.environment:checking '/home/mk/dev_ws/install/whisper_cpp_vendor/lib/pkgconfig/whisper_cpp_vendor.pc'
[1.771s] Level 1:colcon.colcon_core.environment:checking '/home/mk/dev_ws/install/whisper_cpp_vendor/lib/python3.10/site-packages'
[1.771s] Level 1:colcon.colcon_core.environment:checking '/home/mk/dev_ws/install/whisper_cpp_vendor/bin'
[1.772s] INFO:colcon.colcon_core.shell:Creating package script '/home/mk/dev_ws/install/whisper_cpp_vendor/share/whisper_cpp_vendor/package.ps1'
[1.775s] INFO:colcon.colcon_core.shell:Creating package descriptor '/home/mk/dev_ws/install/whisper_cpp_vendor/share/whisper_cpp_vendor/package.dsv'
[1.776s] INFO:colcon.colcon_core.shell:Creating package script '/home/mk/dev_ws/install/whisper_cpp_vendor/share/whisper_cpp_vendor/package.sh'
[1.776s] INFO:colcon.colcon_core.shell:Creating package script '/home/mk/dev_ws/install/whisper_cpp_vendor/share/whisper_cpp_vendor/package.bash'
[1.777s] INFO:colcon.colcon_core.shell:Creating package script '/home/mk/dev_ws/install/whisper_cpp_vendor/share/whisper_cpp_vendor/package.zsh'
[1.777s] Level 1:colcon.colcon_core.environment:create_file_with_runtime_dependencies(/home/mk/dev_ws/install/whisper_cpp_vendor/share/colcon-core/packages/whisper_cpp_vendor)
[1.778s] Level 1:colcon.colcon_core.environment:create_environment_scripts_only(whisper_cpp_vendor)
[1.778s] Level 1:colcon.colcon_core.environment:checking '/home/mk/dev_ws/install/whisper_cpp_vendor' for CMake module files
[1.778s] Level 1:colcon.colcon_core.environment:checking '/home/mk/dev_ws/install/whisper_cpp_vendor' for CMake config files
[1.778s] Level 1:colcon.colcon_core.shell:create_environment_hook('whisper_cpp_vendor', 'cmake_prefix_path')
[1.779s] INFO:colcon.colcon_core.shell:Creating environment hook '/home/mk/dev_ws/install/whisper_cpp_vendor/share/whisper_cpp_vendor/hook/cmake_prefix_path.ps1'
[1.779s] INFO:colcon.colcon_core.shell:Creating environment descriptor '/home/mk/dev_ws/install/whisper_cpp_vendor/share/whisper_cpp_vendor/hook/cmake_prefix_path.dsv'
[1.779s] INFO:colcon.colcon_core.shell:Creating environment hook '/home/mk/dev_ws/install/whisper_cpp_vendor/share/whisper_cpp_vendor/hook/cmake_prefix_path.sh'
[1.781s] Level 1:colcon.colcon_core.environment:checking '/home/mk/dev_ws/install/whisper_cpp_vendor/libggml.so'
[1.781s] Level 1:colcon.colcon_core.environment:checking '/home/mk/dev_ws/install/whisper_cpp_vendor/lib'
[1.781s] Level 1:colcon.colcon_core.shell:create_environment_hook('whisper_cpp_vendor', 'ld_library_path_lib')
[1.781s] INFO:colcon.colcon_core.shell:Creating environment hook '/home/mk/dev_ws/install/whisper_cpp_vendor/share/whisper_cpp_vendor/hook/ld_library_path_lib.ps1'
[1.781s] INFO:colcon.colcon_core.shell:Creating environment descriptor '/home/mk/dev_ws/install/whisper_cpp_vendor/share/whisper_cpp_vendor/hook/ld_library_path_lib.dsv'
[1.782s] INFO:colcon.colcon_core.shell:Creating environment hook '/home/mk/dev_ws/install/whisper_cpp_vendor/share/whisper_cpp_vendor/hook/ld_library_path_lib.sh'
[1.782s] Level 1:colcon.colcon_core.environment:checking '/home/mk/dev_ws/install/whisper_cpp_vendor/bin'
[1.782s] Level 1:colcon.colcon_core.environment:checking '/home/mk/dev_ws/install/whisper_cpp_vendor/lib/pkgconfig/whisper_cpp_vendor.pc'
[1.782s] Level 1:colcon.colcon_core.environment:checking '/home/mk/dev_ws/install/whisper_cpp_vendor/lib/python3.10/site-packages'
[1.782s] Level 1:colcon.colcon_core.environment:checking '/home/mk/dev_ws/install/whisper_cpp_vendor/bin'
[1.783s] INFO:colcon.colcon_core.shell:Creating package script '/home/mk/dev_ws/install/whisper_cpp_vendor/share/whisper_cpp_vendor/package.ps1'
[1.783s] INFO:colcon.colcon_core.shell:Creating package descriptor '/home/mk/dev_ws/install/whisper_cpp_vendor/share/whisper_cpp_vendor/package.dsv'
[1.784s] INFO:colcon.colcon_core.shell:Creating package script '/home/mk/dev_ws/install/whisper_cpp_vendor/share/whisper_cpp_vendor/package.sh'
[1.784s] INFO:colcon.colcon_core.shell:Creating package script '/home/mk/dev_ws/install/whisper_cpp_vendor/share/whisper_cpp_vendor/package.bash'
[1.784s] INFO:colcon.colcon_core.shell:Creating package script '/home/mk/dev_ws/install/whisper_cpp_vendor/share/whisper_cpp_vendor/package.zsh'
[1.784s] Level 1:colcon.colcon_core.environment:create_file_with_runtime_dependencies(/home/mk/dev_ws/install/whisper_cpp_vendor/share/colcon-core/packages/whisper_cpp_vendor)
[1.785s] INFO:colcon.colcon_ros.task.ament_cmake.build:Building ROS package in '/home/mk/dev_ws/src/ros2_whisper/whisper_util' with build type 'ament_cmake'
[1.785s] INFO:colcon.colcon_cmake.task.cmake.build:Building CMake package in '/home/mk/dev_ws/src/ros2_whisper/whisper_util'
[1.785s] INFO:colcon.colcon_core.shell:Skip shell extension 'powershell' for command environment: Not usable outside of PowerShell
[1.785s] DEBUG:colcon.colcon_core.shell:Skip shell extension 'dsv' for command environment
[1.791s] Level 1:colcon.colcon_core.environment:create_environment_scripts_only(xarm_sdk)
[1.791s] Level 1:colcon.colcon_core.environment:checking '/home/mk/dev_ws/install/xarm_sdk' for CMake module files
[1.791s] Level 1:colcon.colcon_core.environment:checking '/home/mk/dev_ws/install/xarm_sdk' for CMake config files
[1.791s] Level 1:colcon.colcon_core.shell:create_environment_hook('xarm_sdk', 'cmake_prefix_path')
[1.791s] INFO:colcon.colcon_core.shell:Creating environment hook '/home/mk/dev_ws/install/xarm_sdk/share/xarm_sdk/hook/cmake_prefix_path.ps1'
[1.792s] INFO:colcon.colcon_core.shell:Creating environment descriptor '/home/mk/dev_ws/install/xarm_sdk/share/xarm_sdk/hook/cmake_prefix_path.dsv'
[1.792s] INFO:colcon.colcon_core.shell:Creating environment hook '/home/mk/dev_ws/install/xarm_sdk/share/xarm_sdk/hook/cmake_prefix_path.sh'
[1.792s] Level 1:colcon.colcon_core.environment:checking '/home/mk/dev_ws/install/xarm_sdk/lib'
[1.792s] Level 1:colcon.colcon_core.shell:create_environment_hook('xarm_sdk', 'ld_library_path_lib')
[1.792s] INFO:colcon.colcon_core.shell:Creating environment hook '/home/mk/dev_ws/install/xarm_sdk/share/xarm_sdk/hook/ld_library_path_lib.ps1'
[1.793s] INFO:colcon.colcon_core.shell:Creating environment descriptor '/home/mk/dev_ws/install/xarm_sdk/share/xarm_sdk/hook/ld_library_path_lib.dsv'
[1.793s] INFO:colcon.colcon_core.shell:Creating environment hook '/home/mk/dev_ws/install/xarm_sdk/share/xarm_sdk/hook/ld_library_path_lib.sh'
[1.793s] DEBUG:colcon.colcon_core.event_handler.log_command:Invoked command in '/home/mk/dev_ws/build/xarm_sdk' returned '0': CMAKE_PREFIX_PATH=${CMAKE_PREFIX_PATH}:/home/mk/dev_ws/install/yolo_object_detector:/home/mk/dev_ws/install/move_to_coordinator:/home/mk/dev_ws/install/motion_sequence:/home/mk/dev_ws/install/whisper_demos:/home/mk/dev_ws/install/voice_command_listener:/home/mk/dev_ws/install/uf_ros_lib:/home/mk/dev_ws/install/rviz_servo_status_overlay:/home/mk/dev_ws/install/rviz_marker_static_scene_objects:/home/mk/dev_ws/install/robot_motion_handler_movegroup:/home/mk/dev_ws/install/gaze_control:/home/mk/dev_ws/install/collision_check:/home/mk/dev_ws/install/audio_listener:/opt/ros/humble /usr/bin/cmake --install /home/mk/dev_ws/build/xarm_sdk
[1.793s] Level 1:colcon.colcon_core.environment:checking '/home/mk/dev_ws/install/xarm_sdk/bin'
[1.793s] Level 1:colcon.colcon_core.environment:checking '/home/mk/dev_ws/install/xarm_sdk/lib/pkgconfig/xarm_sdk.pc'
[1.794s] Level 1:colcon.colcon_core.environment:checking '/home/mk/dev_ws/install/xarm_sdk/lib/python3.10/site-packages'
[1.794s] Level 1:colcon.colcon_core.environment:checking '/home/mk/dev_ws/install/xarm_sdk/bin'
[1.794s] INFO:colcon.colcon_core.shell:Creating package script '/home/mk/dev_ws/install/xarm_sdk/share/xarm_sdk/package.ps1'
[1.795s] INFO:colcon.colcon_core.shell:Creating package descriptor '/home/mk/dev_ws/install/xarm_sdk/share/xarm_sdk/package.dsv'
[1.796s] INFO:colcon.colcon_core.shell:Creating package script '/home/mk/dev_ws/install/xarm_sdk/share/xarm_sdk/package.sh'
[1.796s] INFO:colcon.colcon_core.shell:Creating package script '/home/mk/dev_ws/install/xarm_sdk/share/xarm_sdk/package.bash'
[1.797s] INFO:colcon.colcon_core.shell:Creating package script '/home/mk/dev_ws/install/xarm_sdk/share/xarm_sdk/package.zsh'
[1.797s] Level 1:colcon.colcon_core.environment:create_file_with_runtime_dependencies(/home/mk/dev_ws/install/xarm_sdk/share/colcon-core/packages/xarm_sdk)
[1.797s] Level 1:colcon.colcon_core.environment:create_environment_scripts_only(xarm_sdk)
[1.797s] Level 1:colcon.colcon_core.environment:checking '/home/mk/dev_ws/install/xarm_sdk' for CMake module files
[1.798s] Level 1:colcon.colcon_core.environment:checking '/home/mk/dev_ws/install/xarm_sdk' for CMake config files
[1.798s] Level 1:colcon.colcon_core.shell:create_environment_hook('xarm_sdk', 'cmake_prefix_path')
[1.798s] INFO:colcon.colcon_core.shell:Creating environment hook '/home/mk/dev_ws/install/xarm_sdk/share/xarm_sdk/hook/cmake_prefix_path.ps1'
[1.798s] INFO:colcon.colcon_core.shell:Creating environment descriptor '/home/mk/dev_ws/install/xarm_sdk/share/xarm_sdk/hook/cmake_prefix_path.dsv'
[1.799s] INFO:colcon.colcon_core.shell:Creating environment hook '/home/mk/dev_ws/install/xarm_sdk/share/xarm_sdk/hook/cmake_prefix_path.sh'
[1.799s] Level 1:colcon.colcon_core.environment:checking '/home/mk/dev_ws/install/xarm_sdk/lib'
[1.799s] Level 1:colcon.colcon_core.shell:create_environment_hook('xarm_sdk', 'ld_library_path_lib')
[1.799s] INFO:colcon.colcon_core.shell:Creating environment hook '/home/mk/dev_ws/install/xarm_sdk/share/xarm_sdk/hook/ld_library_path_lib.ps1'
[1.800s] INFO:colcon.colcon_core.shell:Creating environment descriptor '/home/mk/dev_ws/install/xarm_sdk/share/xarm_sdk/hook/ld_library_path_lib.dsv'
[1.800s] INFO:colcon.colcon_core.shell:Creating environment hook '/home/mk/dev_ws/install/xarm_sdk/share/xarm_sdk/hook/ld_library_path_lib.sh'
[1.800s] Level 1:colcon.colcon_core.environment:checking '/home/mk/dev_ws/install/xarm_sdk/bin'
[1.800s] Level 1:colcon.colcon_core.environment:checking '/home/mk/dev_ws/install/xarm_sdk/lib/pkgconfig/xarm_sdk.pc'
[1.800s] Level 1:colcon.colcon_core.environment:checking '/home/mk/dev_ws/install/xarm_sdk/lib/python3.10/site-packages'
[1.800s] Level 1:colcon.colcon_core.environment:checking '/home/mk/dev_ws/install/xarm_sdk/bin'
[1.801s] INFO:colcon.colcon_core.shell:Creating package script '/home/mk/dev_ws/install/xarm_sdk/share/xarm_sdk/package.ps1'
[1.802s] INFO:colcon.colcon_core.shell:Creating package descriptor '/home/mk/dev_ws/install/xarm_sdk/share/xarm_sdk/package.dsv'
[1.802s] INFO:colcon.colcon_core.shell:Creating package script '/home/mk/dev_ws/install/xarm_sdk/share/xarm_sdk/package.sh'
[1.802s] INFO:colcon.colcon_core.shell:Creating package script '/home/mk/dev_ws/install/xarm_sdk/share/xarm_sdk/package.bash'
[1.803s] INFO:colcon.colcon_core.shell:Creating package script '/home/mk/dev_ws/install/xarm_sdk/share/xarm_sdk/package.zsh'
[1.803s] Level 1:colcon.colcon_core.environment:create_file_with_runtime_dependencies(/home/mk/dev_ws/install/xarm_sdk/share/colcon-core/packages/xarm_sdk)
[1.805s] DEBUG:colcon.colcon_core.event_handler.log_command:Invoking command in '/home/mk/dev_ws/build/whisper_util': CMAKE_PREFIX_PATH=/home/mk/dev_ws/install/whisper_cpp_vendor:/home/mk/dev_ws/install/zed_ros2:/home/mk/dev_ws/install/zed_wrapper:/home/mk/dev_ws/install/zed_components:/home/mk/dev_ws/install/zed_interfaces:/home/mk/dev_ws/install/xarm_planner:/home/mk/dev_ws/install/xarm_moveit_servo:/home/mk/dev_ws/install/xarm_moveit_config:/home/mk/dev_ws/install/xarm_gazebo:/home/mk/dev_ws/install/xarm_controller:/home/mk/dev_ws/install/xarm_api:/home/mk/dev_ws/install/xarm_sdk:/home/mk/dev_ws/install/rviz_robot_control_panel:/home/mk/dev_ws/install/xarm_msgs:/home/mk/dev_ws/install/xarm_description:/home/mk/dev_ws/install/whisper_bringup:/home/mk/dev_ws/install/whisper_server:/home/mk/dev_ws/install/transcript_manager:/home/mk/dev_ws/install/whisper_util:/home/mk/dev_ws/install/whisper_idl:/home/mk/dev_ws/install/realsense_gazebo_plugin:/home/mk/dev_ws/install/my_3d_vision_bringup:/home/mk/dev_ws/install/mbot_demo:/home/mk/dev_ws/install/yolo_object_detector:/home/mk/dev_ws/install/move_to_coordinator:/home/mk/dev_ws/install/motion_sequence:/home/mk/dev_ws/install/whisper_demos:/home/mk/dev_ws/install/voice_command_listener:/home/mk/dev_ws/install/uf_ros_lib:/home/mk/dev_ws/install/rviz_servo_status_overlay:/home/mk/dev_ws/install/rviz_marker_static_scene_objects:/home/mk/dev_ws/install/robot_motion_handler_movegroup:/home/mk/dev_ws/install/gaze_control:/home/mk/dev_ws/install/collision_check:/home/mk/dev_ws/install/audio_listener:/opt/ros/humble LD_LIBRARY_PATH=/home/mk/dev_ws/install/whisper_cpp_vendor/lib:/usr/local/cuda-12.1/lib64:/home/mk/dev_ws/install/zed_components/lib:/home/mk/dev_ws/install/zed_interfaces/lib:/home/mk/dev_ws/install/xarm_planner/lib:/home/mk/dev_ws/install/xarm_moveit_servo/lib:/home/mk/dev_ws/install/xarm_gazebo/lib:/home/mk/dev_ws/install/xarm_controller/lib:/home/mk/dev_ws/install/xarm_api/lib:/home/mk/dev_ws/install/xarm_sdk/lib:/home/mk/dev_ws/install/rviz_robot_control_panel/lib:/home/mk/dev_ws/install/xarm_msgs/lib:/home/mk/dev_ws/install/whisper_server/lib:/home/mk/dev_ws/install/transcript_manager/lib:/home/mk/dev_ws/install/whisper_util/lib:/home/mk/dev_ws/install/whisper_idl/lib:/home/mk/dev_ws/install/realsense_gazebo_plugin/lib:/home/mk/dev_ws/install/my_3d_vision_bringup/lib:/usr/lib/x86_64-linux-gnu/gazebo-11/plugins:/opt/ros/humble/opt/rviz_ogre_vendor/lib:/opt/ros/humble/lib/x86_64-linux-gnu:/opt/ros/humble/lib /usr/bin/cmake /home/mk/dev_ws/src/ros2_whisper/whisper_util -DAMENT_CMAKE_SYMLINK_INSTALL=1 -DCMAKE_INSTALL_PREFIX=/home/mk/dev_ws/install/whisper_util
[1.812s] DEBUG:colcon.colcon_core.event_handler.log_command:Invoked command in '/home/mk/dev_ws/build/my_3d_vision_bringup' returned '0': CMAKE_PREFIX_PATH=${CMAKE_PREFIX_PATH}:/home/mk/dev_ws/install/yolo_object_detector:/home/mk/dev_ws/install/move_to_coordinator:/home/mk/dev_ws/install/motion_sequence:/home/mk/dev_ws/install/whisper_demos:/home/mk/dev_ws/install/voice_command_listener:/home/mk/dev_ws/install/uf_ros_lib:/home/mk/dev_ws/install/rviz_servo_status_overlay:/home/mk/dev_ws/install/rviz_marker_static_scene_objects:/home/mk/dev_ws/install/robot_motion_handler_movegroup:/home/mk/dev_ws/install/gaze_control:/home/mk/dev_ws/install/collision_check:/home/mk/dev_ws/install/audio_listener:/opt/ros/humble /usr/bin/cmake /home/mk/dev_ws/src/my_3d_vision_bringup -DAMENT_CMAKE_SYMLINK_INSTALL=1 -DCMAKE_INSTALL_PREFIX=/home/mk/dev_ws/install/my_3d_vision_bringup
[1.814s] DEBUG:colcon.colcon_core.event_handler.log_command:Invoking command in '/home/mk/dev_ws/build/my_3d_vision_bringup': CMAKE_PREFIX_PATH=${CMAKE_PREFIX_PATH}:/home/mk/dev_ws/install/yolo_object_detector:/home/mk/dev_ws/install/move_to_coordinator:/home/mk/dev_ws/install/motion_sequence:/home/mk/dev_ws/install/whisper_demos:/home/mk/dev_ws/install/voice_command_listener:/home/mk/dev_ws/install/uf_ros_lib:/home/mk/dev_ws/install/rviz_servo_status_overlay:/home/mk/dev_ws/install/rviz_marker_static_scene_objects:/home/mk/dev_ws/install/robot_motion_handler_movegroup:/home/mk/dev_ws/install/gaze_control:/home/mk/dev_ws/install/collision_check:/home/mk/dev_ws/install/audio_listener:/opt/ros/humble /usr/bin/cmake --build /home/mk/dev_ws/build/my_3d_vision_bringup -- -j20 -l20
[1.838s] DEBUG:colcon.colcon_core.event_handler.log_command:Invoked command in '/home/mk/dev_ws/build/realsense_gazebo_plugin' returned '0': CMAKE_PREFIX_PATH=${CMAKE_PREFIX_PATH}:/home/mk/dev_ws/install/yolo_object_detector:/home/mk/dev_ws/install/move_to_coordinator:/home/mk/dev_ws/install/motion_sequence:/home/mk/dev_ws/install/whisper_demos:/home/mk/dev_ws/install/voice_command_listener:/home/mk/dev_ws/install/uf_ros_lib:/home/mk/dev_ws/install/rviz_servo_status_overlay:/home/mk/dev_ws/install/rviz_marker_static_scene_objects:/home/mk/dev_ws/install/robot_motion_handler_movegroup:/home/mk/dev_ws/install/gaze_control:/home/mk/dev_ws/install/collision_check:/home/mk/dev_ws/install/audio_listener:/opt/ros/humble /usr/bin/cmake --build /home/mk/dev_ws/build/realsense_gazebo_plugin -- -j20 -l20
[1.839s] DEBUG:colcon.colcon_core.event_handler.log_command:Invoking command in '/home/mk/dev_ws/build/realsense_gazebo_plugin': CMAKE_PREFIX_PATH=${CMAKE_PREFIX_PATH}:/home/mk/dev_ws/install/yolo_object_detector:/home/mk/dev_ws/install/move_to_coordinator:/home/mk/dev_ws/install/motion_sequence:/home/mk/dev_ws/install/whisper_demos:/home/mk/dev_ws/install/voice_command_listener:/home/mk/dev_ws/install/uf_ros_lib:/home/mk/dev_ws/install/rviz_servo_status_overlay:/home/mk/dev_ws/install/rviz_marker_static_scene_objects:/home/mk/dev_ws/install/robot_motion_handler_movegroup:/home/mk/dev_ws/install/gaze_control:/home/mk/dev_ws/install/collision_check:/home/mk/dev_ws/install/audio_listener:/opt/ros/humble /usr/bin/cmake --install /home/mk/dev_ws/build/realsense_gazebo_plugin
[1.861s] Level 1:colcon.colcon_core.environment:create_environment_scripts_only(realsense_gazebo_plugin)
[1.861s] Level 1:colcon.colcon_core.environment:checking '/home/mk/dev_ws/install/realsense_gazebo_plugin' for CMake module files
[1.862s] DEBUG:colcon.colcon_core.event_handler.log_command:Invoked command in '/home/mk/dev_ws/build/realsense_gazebo_plugin' returned '0': CMAKE_PREFIX_PATH=${CMAKE_PREFIX_PATH}:/home/mk/dev_ws/install/yolo_object_detector:/home/mk/dev_ws/install/move_to_coordinator:/home/mk/dev_ws/install/motion_sequence:/home/mk/dev_ws/install/whisper_demos:/home/mk/dev_ws/install/voice_command_listener:/home/mk/dev_ws/install/uf_ros_lib:/home/mk/dev_ws/install/rviz_servo_status_overlay:/home/mk/dev_ws/install/rviz_marker_static_scene_objects:/home/mk/dev_ws/install/robot_motion_handler_movegroup:/home/mk/dev_ws/install/gaze_control:/home/mk/dev_ws/install/collision_check:/home/mk/dev_ws/install/audio_listener:/opt/ros/humble /usr/bin/cmake --install /home/mk/dev_ws/build/realsense_gazebo_plugin
[1.862s] Level 1:colcon.colcon_core.environment:checking '/home/mk/dev_ws/install/realsense_gazebo_plugin' for CMake config files
[1.862s] Level 1:colcon.colcon_core.shell:create_environment_hook('realsense_gazebo_plugin', 'cmake_prefix_path')
[1.863s] INFO:colcon.colcon_core.shell:Creating environment hook '/home/mk/dev_ws/install/realsense_gazebo_plugin/share/realsense_gazebo_plugin/hook/cmake_prefix_path.ps1'
[1.863s] INFO:colcon.colcon_core.shell:Creating environment descriptor '/home/mk/dev_ws/install/realsense_gazebo_plugin/share/realsense_gazebo_plugin/hook/cmake_prefix_path.dsv'
[1.863s] INFO:colcon.colcon_core.shell:Creating environment hook '/home/mk/dev_ws/install/realsense_gazebo_plugin/share/realsense_gazebo_plugin/hook/cmake_prefix_path.sh'
[1.864s] Level 1:colcon.colcon_core.environment:checking '/home/mk/dev_ws/install/realsense_gazebo_plugin/lib'
[1.864s] Level 1:colcon.colcon_core.shell:create_environment_hook('realsense_gazebo_plugin', 'ld_library_path_lib')
[1.864s] INFO:colcon.colcon_core.shell:Creating environment hook '/home/mk/dev_ws/install/realsense_gazebo_plugin/share/realsense_gazebo_plugin/hook/ld_library_path_lib.ps1'
[1.865s] INFO:colcon.colcon_core.shell:Creating environment descriptor '/home/mk/dev_ws/install/realsense_gazebo_plugin/share/realsense_gazebo_plugin/hook/ld_library_path_lib.dsv'
[1.865s] INFO:colcon.colcon_core.shell:Creating environment hook '/home/mk/dev_ws/install/realsense_gazebo_plugin/share/realsense_gazebo_plugin/hook/ld_library_path_lib.sh'
[1.865s] Level 1:colcon.colcon_core.environment:checking '/home/mk/dev_ws/install/realsense_gazebo_plugin/bin'
[1.865s] Level 1:colcon.colcon_core.environment:checking '/home/mk/dev_ws/install/realsense_gazebo_plugin/lib/pkgconfig/realsense_gazebo_plugin.pc'
[1.865s] Level 1:colcon.colcon_core.environment:checking '/home/mk/dev_ws/install/realsense_gazebo_plugin/lib/python3.10/site-packages'
[1.866s] Level 1:colcon.colcon_core.environment:checking '/home/mk/dev_ws/install/realsense_gazebo_plugin/bin'
[1.866s] INFO:colcon.colcon_core.shell:Creating package script '/home/mk/dev_ws/install/realsense_gazebo_plugin/share/realsense_gazebo_plugin/package.ps1'
[1.867s] INFO:colcon.colcon_core.shell:Creating package descriptor '/home/mk/dev_ws/install/realsense_gazebo_plugin/share/realsense_gazebo_plugin/package.dsv'
[1.867s] INFO:colcon.colcon_core.shell:Creating package script '/home/mk/dev_ws/install/realsense_gazebo_plugin/share/realsense_gazebo_plugin/package.sh'
[1.868s] INFO:colcon.colcon_core.shell:Creating package script '/home/mk/dev_ws/install/realsense_gazebo_plugin/share/realsense_gazebo_plugin/package.bash'
[1.868s] INFO:colcon.colcon_core.shell:Creating package script '/home/mk/dev_ws/install/realsense_gazebo_plugin/share/realsense_gazebo_plugin/package.zsh'
[1.868s] Level 1:colcon.colcon_core.environment:create_file_with_runtime_dependencies(/home/mk/dev_ws/install/realsense_gazebo_plugin/share/colcon-core/packages/realsense_gazebo_plugin)
[1.869s] Level 1:colcon.colcon_core.environment:create_environment_scripts_only(realsense_gazebo_plugin)
[1.869s] Level 1:colcon.colcon_core.environment:checking '/home/mk/dev_ws/install/realsense_gazebo_plugin' for CMake module files
[1.870s] Level 1:colcon.colcon_core.environment:checking '/home/mk/dev_ws/install/realsense_gazebo_plugin' for CMake config files
[1.870s] Level 1:colcon.colcon_core.shell:create_environment_hook('realsense_gazebo_plugin', 'cmake_prefix_path')
[1.870s] INFO:colcon.colcon_core.shell:Creating environment hook '/home/mk/dev_ws/install/realsense_gazebo_plugin/share/realsense_gazebo_plugin/hook/cmake_prefix_path.ps1'
[1.870s] INFO:colcon.colcon_core.shell:Creating environment descriptor '/home/mk/dev_ws/install/realsense_gazebo_plugin/share/realsense_gazebo_plugin/hook/cmake_prefix_path.dsv'
[1.871s] INFO:colcon.colcon_core.shell:Creating environment hook '/home/mk/dev_ws/install/realsense_gazebo_plugin/share/realsense_gazebo_plugin/hook/cmake_prefix_path.sh'
[1.871s] Level 1:colcon.colcon_core.environment:checking '/home/mk/dev_ws/install/realsense_gazebo_plugin/lib'
[1.872s] Level 1:colcon.colcon_core.shell:create_environment_hook('realsense_gazebo_plugin', 'ld_library_path_lib')
[1.872s] INFO:colcon.colcon_core.shell:Creating environment hook '/home/mk/dev_ws/install/realsense_gazebo_plugin/share/realsense_gazebo_plugin/hook/ld_library_path_lib.ps1'
[1.872s] INFO:colcon.colcon_core.shell:Creating environment descriptor '/home/mk/dev_ws/install/realsense_gazebo_plugin/share/realsense_gazebo_plugin/hook/ld_library_path_lib.dsv'
[1.872s] INFO:colcon.colcon_core.shell:Creating environment hook '/home/mk/dev_ws/install/realsense_gazebo_plugin/share/realsense_gazebo_plugin/hook/ld_library_path_lib.sh'
[1.873s] Level 1:colcon.colcon_core.environment:checking '/home/mk/dev_ws/install/realsense_gazebo_plugin/bin'
[1.873s] Level 1:colcon.colcon_core.environment:checking '/home/mk/dev_ws/install/realsense_gazebo_plugin/lib/pkgconfig/realsense_gazebo_plugin.pc'
[1.873s] Level 1:colcon.colcon_core.environment:checking '/home/mk/dev_ws/install/realsense_gazebo_plugin/lib/python3.10/site-packages'
[1.873s] Level 1:colcon.colcon_core.environment:checking '/home/mk/dev_ws/install/realsense_gazebo_plugin/bin'
[1.874s] INFO:colcon.colcon_core.shell:Creating package script '/home/mk/dev_ws/install/realsense_gazebo_plugin/share/realsense_gazebo_plugin/package.ps1'
[1.875s] INFO:colcon.colcon_core.shell:Creating package descriptor '/home/mk/dev_ws/install/realsense_gazebo_plugin/share/realsense_gazebo_plugin/package.dsv'
[1.875s] INFO:colcon.colcon_core.shell:Creating package script '/home/mk/dev_ws/install/realsense_gazebo_plugin/share/realsense_gazebo_plugin/package.sh'
[1.875s] INFO:colcon.colcon_core.shell:Creating package script '/home/mk/dev_ws/install/realsense_gazebo_plugin/share/realsense_gazebo_plugin/package.bash'
[1.876s] INFO:colcon.colcon_core.shell:Creating package script '/home/mk/dev_ws/install/realsense_gazebo_plugin/share/realsense_gazebo_plugin/package.zsh'
[1.876s] Level 1:colcon.colcon_core.environment:create_file_with_runtime_dependencies(/home/mk/dev_ws/install/realsense_gazebo_plugin/share/colcon-core/packages/realsense_gazebo_plugin)
[1.948s] DEBUG:colcon.colcon_core.event_handler.log_command:Invoked command in '/home/mk/dev_ws/build/zed_interfaces' returned '0': CMAKE_PREFIX_PATH=${CMAKE_PREFIX_PATH}:/home/mk/dev_ws/install/yolo_object_detector:/home/mk/dev_ws/install/move_to_coordinator:/home/mk/dev_ws/install/motion_sequence:/home/mk/dev_ws/install/whisper_demos:/home/mk/dev_ws/install/voice_command_listener:/home/mk/dev_ws/install/uf_ros_lib:/home/mk/dev_ws/install/rviz_servo_status_overlay:/home/mk/dev_ws/install/rviz_marker_static_scene_objects:/home/mk/dev_ws/install/robot_motion_handler_movegroup:/home/mk/dev_ws/install/gaze_control:/home/mk/dev_ws/install/collision_check:/home/mk/dev_ws/install/audio_listener:/opt/ros/humble /usr/bin/cmake --build /home/mk/dev_ws/build/zed_interfaces -- -j20 -l20
[1.951s] DEBUG:colcon.colcon_core.event_handler.log_command:Invoking command in '/home/mk/dev_ws/build/zed_interfaces': CMAKE_PREFIX_PATH=${CMAKE_PREFIX_PATH}:/home/mk/dev_ws/install/yolo_object_detector:/home/mk/dev_ws/install/move_to_coordinator:/home/mk/dev_ws/install/motion_sequence:/home/mk/dev_ws/install/whisper_demos:/home/mk/dev_ws/install/voice_command_listener:/home/mk/dev_ws/install/uf_ros_lib:/home/mk/dev_ws/install/rviz_servo_status_overlay:/home/mk/dev_ws/install/rviz_marker_static_scene_objects:/home/mk/dev_ws/install/robot_motion_handler_movegroup:/home/mk/dev_ws/install/gaze_control:/home/mk/dev_ws/install/collision_check:/home/mk/dev_ws/install/audio_listener:/opt/ros/humble /usr/bin/cmake --install /home/mk/dev_ws/build/zed_interfaces
[1.993s] DEBUG:colcon.colcon_core.event_handler.log_command:Invoked command in '/home/mk/dev_ws/build/xarm_msgs' returned '0': CMAKE_PREFIX_PATH=${CMAKE_PREFIX_PATH}:/home/mk/dev_ws/install/yolo_object_detector:/home/mk/dev_ws/install/move_to_coordinator:/home/mk/dev_ws/install/motion_sequence:/home/mk/dev_ws/install/whisper_demos:/home/mk/dev_ws/install/voice_command_listener:/home/mk/dev_ws/install/uf_ros_lib:/home/mk/dev_ws/install/rviz_servo_status_overlay:/home/mk/dev_ws/install/rviz_marker_static_scene_objects:/home/mk/dev_ws/install/robot_motion_handler_movegroup:/home/mk/dev_ws/install/gaze_control:/home/mk/dev_ws/install/collision_check:/home/mk/dev_ws/install/audio_listener:/opt/ros/humble /usr/bin/cmake --build /home/mk/dev_ws/build/xarm_msgs -- -j20 -l20
[1.995s] DEBUG:colcon.colcon_core.event_handler.log_command:Invoking command in '/home/mk/dev_ws/build/xarm_msgs': CMAKE_PREFIX_PATH=${CMAKE_PREFIX_PATH}:/home/mk/dev_ws/install/yolo_object_detector:/home/mk/dev_ws/install/move_to_coordinator:/home/mk/dev_ws/install/motion_sequence:/home/mk/dev_ws/install/whisper_demos:/home/mk/dev_ws/install/voice_command_listener:/home/mk/dev_ws/install/uf_ros_lib:/home/mk/dev_ws/install/rviz_servo_status_overlay:/home/mk/dev_ws/install/rviz_marker_static_scene_objects:/home/mk/dev_ws/install/robot_motion_handler_movegroup:/home/mk/dev_ws/install/gaze_control:/home/mk/dev_ws/install/collision_check:/home/mk/dev_ws/install/audio_listener:/opt/ros/humble /usr/bin/cmake --install /home/mk/dev_ws/build/xarm_msgs
[2.000s] DEBUG:colcon.colcon_core.event_handler.log_command:Invoked command in '/home/mk/dev_ws/build/whisper_idl' returned '0': CMAKE_PREFIX_PATH=${CMAKE_PREFIX_PATH}:/home/mk/dev_ws/install/yolo_object_detector:/home/mk/dev_ws/install/move_to_coordinator:/home/mk/dev_ws/install/motion_sequence:/home/mk/dev_ws/install/whisper_demos:/home/mk/dev_ws/install/voice_command_listener:/home/mk/dev_ws/install/uf_ros_lib:/home/mk/dev_ws/install/rviz_servo_status_overlay:/home/mk/dev_ws/install/rviz_marker_static_scene_objects:/home/mk/dev_ws/install/robot_motion_handler_movegroup:/home/mk/dev_ws/install/gaze_control:/home/mk/dev_ws/install/collision_check:/home/mk/dev_ws/install/audio_listener:/opt/ros/humble /usr/bin/cmake --build /home/mk/dev_ws/build/whisper_idl -- -j20 -l20
[2.003s] DEBUG:colcon.colcon_core.event_handler.log_command:Invoking command in '/home/mk/dev_ws/build/whisper_idl': CMAKE_PREFIX_PATH=${CMAKE_PREFIX_PATH}:/home/mk/dev_ws/install/yolo_object_detector:/home/mk/dev_ws/install/move_to_coordinator:/home/mk/dev_ws/install/motion_sequence:/home/mk/dev_ws/install/whisper_demos:/home/mk/dev_ws/install/voice_command_listener:/home/mk/dev_ws/install/uf_ros_lib:/home/mk/dev_ws/install/rviz_servo_status_overlay:/home/mk/dev_ws/install/rviz_marker_static_scene_objects:/home/mk/dev_ws/install/robot_motion_handler_movegroup:/home/mk/dev_ws/install/gaze_control:/home/mk/dev_ws/install/collision_check:/home/mk/dev_ws/install/audio_listener:/opt/ros/humble /usr/bin/cmake --install /home/mk/dev_ws/build/whisper_idl
[2.009s] DEBUG:colcon.colcon_core.task.python.build:While undoing a previous installation files outside the Python library path are being ignored: /home/mk/dev_ws/install/robot_motion_handler_movegroup/share/ament_index/resource_index/packages/robot_motion_handler_movegroup
[2.009s] DEBUG:colcon.colcon_core.task.python.build:While undoing a previous installation files outside the Python library path are being ignored: /home/mk/dev_ws/install/robot_motion_handler_movegroup/share/robot_motion_handler_movegroup/package.xml
[2.012s] DEBUG:colcon.colcon_core.task.python.build:While undoing a previous installation files outside the Python library path are being ignored: /home/mk/dev_ws/install/robot_motion_handler_movegroup/lib/robot_motion_handler_movegroup/robot_motion_handler_movegroup
[2.022s] DEBUG:colcon.colcon_core.task.python.build:While undoing a previous installation files outside the Python library path are being ignored: /home/mk/dev_ws/install/collision_check/share/ament_index/resource_index/packages/collision_check
[2.022s] DEBUG:colcon.colcon_core.task.python.build:While undoing a previous installation files outside the Python library path are being ignored: /home/mk/dev_ws/install/collision_check/share/collision_check/package.xml
[2.023s] DEBUG:colcon.colcon_core.task.python.build:While undoing a previous installation files outside the Python library path are being ignored: /home/mk/dev_ws/install/collision_check/lib/collision_check/checker
[2.024s] DEBUG:colcon.colcon_core.event_handler.log_command:Invoking command in '/home/mk/dev_ws/build/robot_motion_handler_movegroup': PYTHONPATH=/home/mk/dev_ws/build/robot_motion_handler_movegroup/prefix_override:/usr/lib/python3/dist-packages/colcon_core/task/python/colcon_distutils_commands:/home/mk/dev_ws/install/robot_motion_handler_movegroup/lib/python3.10/site-packages:${PYTHONPATH} /usr/bin/python3 -W ignore:setup.py install is deprecated -W ignore:easy_install command is deprecated setup.py develop --editable --build-directory /home/mk/dev_ws/build/robot_motion_handler_movegroup/build --no-deps symlink_data --force
[2.027s] DEBUG:colcon.colcon_core.task.python.build:While undoing a previous installation files outside the Python library path are being ignored: /home/mk/dev_ws/install/rviz_marker_static_scene_objects/share/ament_index/resource_index/packages/rviz_marker_static_scene_objects
[2.027s] DEBUG:colcon.colcon_core.task.python.build:While undoing a previous installation files outside the Python library path are being ignored: /home/mk/dev_ws/install/rviz_marker_static_scene_objects/share/rviz_marker_static_scene_objects/package.xml
[2.027s] DEBUG:colcon.colcon_core.task.python.build:While undoing a previous installation files outside the Python library path are being ignored: /home/mk/dev_ws/install/rviz_marker_static_scene_objects/share/rviz_marker_static_scene_objects/urdf
[2.027s] DEBUG:colcon.colcon_core.task.python.build:While undoing a previous installation files outside the Python library path are being ignored: /home/mk/dev_ws/install/rviz_marker_static_scene_objects/share/rviz_marker_static_scene_objects/meshes
[2.027s] DEBUG:colcon.colcon_core.task.python.build:While undoing a previous installation files outside the Python library path are being ignored: /home/mk/dev_ws/install/rviz_marker_static_scene_objects/share/rviz_marker_static_scene_objects/launch/rviz_marker_static_scene_objects.launch.py
[2.027s] DEBUG:colcon.colcon_core.task.python.build:While undoing a previous installation files outside the Python library path are being ignored: /home/mk/dev_ws/install/rviz_marker_static_scene_objects/lib/rviz_marker_static_scene_objects/rviz_marker_static_scene_objects
[2.032s] DEBUG:colcon.colcon_core.task.python.build:While undoing a previous installation files outside the Python library path are being ignored: /home/mk/dev_ws/install/rviz_servo_status_overlay/share/ament_index/resource_index/packages/rviz_servo_status_overlay
[2.033s] DEBUG:colcon.colcon_core.task.python.build:While undoing a previous installation files outside the Python library path are being ignored: /home/mk/dev_ws/install/rviz_servo_status_overlay/share/rviz_servo_status_overlay/package.xml
[2.035s] DEBUG:colcon.colcon_core.task.python.build:While undoing a previous installation files outside the Python library path are being ignored: /home/mk/dev_ws/install/rviz_servo_status_overlay/lib/rviz_servo_status_overlay/rviz_overlay
[2.035s] DEBUG:colcon.colcon_core.task.python.build:While undoing a previous installation files outside the Python library path are being ignored: /home/mk/dev_ws/install/rviz_servo_status_overlay/lib/rviz_servo_status_overlay/servo_status_overlay
[2.035s] DEBUG:colcon.colcon_core.event_handler.log_command:Invoking command in '/home/mk/dev_ws/build/collision_check': PYTHONPATH=/home/mk/dev_ws/build/collision_check/prefix_override:/usr/lib/python3/dist-packages/colcon_core/task/python/colcon_distutils_commands:/home/mk/dev_ws/install/collision_check/lib/python3.10/site-packages:${PYTHONPATH} /usr/bin/python3 -W ignore:setup.py install is deprecated -W ignore:easy_install command is deprecated setup.py develop --editable --build-directory /home/mk/dev_ws/build/collision_check/build --no-deps symlink_data --force
[2.039s] DEBUG:colcon.colcon_core.event_handler.log_command:Invoking command in '/home/mk/dev_ws/build/rviz_marker_static_scene_objects': PYTHONPATH=/home/mk/dev_ws/build/rviz_marker_static_scene_objects/prefix_override:/usr/lib/python3/dist-packages/colcon_core/task/python/colcon_distutils_commands:/home/mk/dev_ws/install/rviz_marker_static_scene_objects/lib/python3.10/site-packages:${PYTHONPATH} /usr/bin/python3 -W ignore:setup.py install is deprecated -W ignore:easy_install command is deprecated setup.py develop --editable --build-directory /home/mk/dev_ws/build/rviz_marker_static_scene_objects/build --no-deps symlink_data --force
[2.041s] DEBUG:colcon.colcon_core.task.python.build:While undoing a previous installation files outside the Python library path are being ignored: /home/mk/dev_ws/install/audio_listener/share/ament_index/resource_index/packages/audio_listener
[2.041s] DEBUG:colcon.colcon_core.task.python.build:While undoing a previous installation files outside the Python library path are being ignored: /home/mk/dev_ws/install/audio_listener/share/audio_listener/package.xml
[2.041s] DEBUG:colcon.colcon_core.task.python.build:While undoing a previous installation files outside the Python library path are being ignored: /home/mk/dev_ws/install/audio_listener/share/audio_listener/launch/audio_listener.launch.py
[2.043s] DEBUG:colcon.colcon_core.task.python.build:While undoing a previous installation files outside the Python library path are being ignored: /home/mk/dev_ws/install/audio_listener/lib/audio_listener/audio_listener
[2.048s] DEBUG:colcon.colcon_core.event_handler.log_command:Invoking command in '/home/mk/dev_ws/build/rviz_servo_status_overlay': PYTHONPATH=/home/mk/dev_ws/build/rviz_servo_status_overlay/prefix_override:/usr/lib/python3/dist-packages/colcon_core/task/python/colcon_distutils_commands:/home/mk/dev_ws/install/rviz_servo_status_overlay/lib/python3.10/site-packages:${PYTHONPATH} /usr/bin/python3 -W ignore:setup.py install is deprecated -W ignore:easy_install command is deprecated setup.py develop --editable --build-directory /home/mk/dev_ws/build/rviz_servo_status_overlay/build --no-deps symlink_data --force
[2.058s] DEBUG:colcon.colcon_core.event_handler.log_command:Invoking command in '/home/mk/dev_ws/build/audio_listener': PYTHONPATH=/home/mk/dev_ws/build/audio_listener/prefix_override:/usr/lib/python3/dist-packages/colcon_core/task/python/colcon_distutils_commands:/home/mk/dev_ws/install/audio_listener/lib/python3.10/site-packages:${PYTHONPATH} /usr/bin/python3 -W ignore:setup.py install is deprecated -W ignore:easy_install command is deprecated setup.py develop --editable --build-directory /home/mk/dev_ws/build/audio_listener/build --no-deps symlink_data --force
[2.064s] DEBUG:colcon.colcon_core.event_handler.log_command:Invoked command in '/home/mk/dev_ws/build/whisper_util' returned '0': CMAKE_PREFIX_PATH=/home/mk/dev_ws/install/whisper_cpp_vendor:/home/mk/dev_ws/install/zed_ros2:/home/mk/dev_ws/install/zed_wrapper:/home/mk/dev_ws/install/zed_components:/home/mk/dev_ws/install/zed_interfaces:/home/mk/dev_ws/install/xarm_planner:/home/mk/dev_ws/install/xarm_moveit_servo:/home/mk/dev_ws/install/xarm_moveit_config:/home/mk/dev_ws/install/xarm_gazebo:/home/mk/dev_ws/install/xarm_controller:/home/mk/dev_ws/install/xarm_api:/home/mk/dev_ws/install/xarm_sdk:/home/mk/dev_ws/install/rviz_robot_control_panel:/home/mk/dev_ws/install/xarm_msgs:/home/mk/dev_ws/install/xarm_description:/home/mk/dev_ws/install/whisper_bringup:/home/mk/dev_ws/install/whisper_server:/home/mk/dev_ws/install/transcript_manager:/home/mk/dev_ws/install/whisper_util:/home/mk/dev_ws/install/whisper_idl:/home/mk/dev_ws/install/realsense_gazebo_plugin:/home/mk/dev_ws/install/my_3d_vision_bringup:/home/mk/dev_ws/install/mbot_demo:/home/mk/dev_ws/install/yolo_object_detector:/home/mk/dev_ws/install/move_to_coordinator:/home/mk/dev_ws/install/motion_sequence:/home/mk/dev_ws/install/whisper_demos:/home/mk/dev_ws/install/voice_command_listener:/home/mk/dev_ws/install/uf_ros_lib:/home/mk/dev_ws/install/rviz_servo_status_overlay:/home/mk/dev_ws/install/rviz_marker_static_scene_objects:/home/mk/dev_ws/install/robot_motion_handler_movegroup:/home/mk/dev_ws/install/gaze_control:/home/mk/dev_ws/install/collision_check:/home/mk/dev_ws/install/audio_listener:/opt/ros/humble LD_LIBRARY_PATH=/home/mk/dev_ws/install/whisper_cpp_vendor/lib:/usr/local/cuda-12.1/lib64:/home/mk/dev_ws/install/zed_components/lib:/home/mk/dev_ws/install/zed_interfaces/lib:/home/mk/dev_ws/install/xarm_planner/lib:/home/mk/dev_ws/install/xarm_moveit_servo/lib:/home/mk/dev_ws/install/xarm_gazebo/lib:/home/mk/dev_ws/install/xarm_controller/lib:/home/mk/dev_ws/install/xarm_api/lib:/home/mk/dev_ws/install/xarm_sdk/lib:/home/mk/dev_ws/install/rviz_robot_control_panel/lib:/home/mk/dev_ws/install/xarm_msgs/lib:/home/mk/dev_ws/install/whisper_server/lib:/home/mk/dev_ws/install/transcript_manager/lib:/home/mk/dev_ws/install/whisper_util/lib:/home/mk/dev_ws/install/whisper_idl/lib:/home/mk/dev_ws/install/realsense_gazebo_plugin/lib:/home/mk/dev_ws/install/my_3d_vision_bringup/lib:/usr/lib/x86_64-linux-gnu/gazebo-11/plugins:/opt/ros/humble/opt/rviz_ogre_vendor/lib:/opt/ros/humble/lib/x86_64-linux-gnu:/opt/ros/humble/lib /usr/bin/cmake /home/mk/dev_ws/src/ros2_whisper/whisper_util -DAMENT_CMAKE_SYMLINK_INSTALL=1 -DCMAKE_INSTALL_PREFIX=/home/mk/dev_ws/install/whisper_util
[2.065s] DEBUG:colcon.colcon_core.event_handler.log_command:Invoking command in '/home/mk/dev_ws/build/whisper_util': CMAKE_PREFIX_PATH=/home/mk/dev_ws/install/whisper_cpp_vendor:/home/mk/dev_ws/install/zed_ros2:/home/mk/dev_ws/install/zed_wrapper:/home/mk/dev_ws/install/zed_components:/home/mk/dev_ws/install/zed_interfaces:/home/mk/dev_ws/install/xarm_planner:/home/mk/dev_ws/install/xarm_moveit_servo:/home/mk/dev_ws/install/xarm_moveit_config:/home/mk/dev_ws/install/xarm_gazebo:/home/mk/dev_ws/install/xarm_controller:/home/mk/dev_ws/install/xarm_api:/home/mk/dev_ws/install/xarm_sdk:/home/mk/dev_ws/install/rviz_robot_control_panel:/home/mk/dev_ws/install/xarm_msgs:/home/mk/dev_ws/install/xarm_description:/home/mk/dev_ws/install/whisper_bringup:/home/mk/dev_ws/install/whisper_server:/home/mk/dev_ws/install/transcript_manager:/home/mk/dev_ws/install/whisper_util:/home/mk/dev_ws/install/whisper_idl:/home/mk/dev_ws/install/realsense_gazebo_plugin:/home/mk/dev_ws/install/my_3d_vision_bringup:/home/mk/dev_ws/install/mbot_demo:/home/mk/dev_ws/install/yolo_object_detector:/home/mk/dev_ws/install/move_to_coordinator:/home/mk/dev_ws/install/motion_sequence:/home/mk/dev_ws/install/whisper_demos:/home/mk/dev_ws/install/voice_command_listener:/home/mk/dev_ws/install/uf_ros_lib:/home/mk/dev_ws/install/rviz_servo_status_overlay:/home/mk/dev_ws/install/rviz_marker_static_scene_objects:/home/mk/dev_ws/install/robot_motion_handler_movegroup:/home/mk/dev_ws/install/gaze_control:/home/mk/dev_ws/install/collision_check:/home/mk/dev_ws/install/audio_listener:/opt/ros/humble LD_LIBRARY_PATH=/home/mk/dev_ws/install/whisper_cpp_vendor/lib:/usr/local/cuda-12.1/lib64:/home/mk/dev_ws/install/zed_components/lib:/home/mk/dev_ws/install/zed_interfaces/lib:/home/mk/dev_ws/install/xarm_planner/lib:/home/mk/dev_ws/install/xarm_moveit_servo/lib:/home/mk/dev_ws/install/xarm_gazebo/lib:/home/mk/dev_ws/install/xarm_controller/lib:/home/mk/dev_ws/install/xarm_api/lib:/home/mk/dev_ws/install/xarm_sdk/lib:/home/mk/dev_ws/install/rviz_robot_control_panel/lib:/home/mk/dev_ws/install/xarm_msgs/lib:/home/mk/dev_ws/install/whisper_server/lib:/home/mk/dev_ws/install/transcript_manager/lib:/home/mk/dev_ws/install/whisper_util/lib:/home/mk/dev_ws/install/whisper_idl/lib:/home/mk/dev_ws/install/realsense_gazebo_plugin/lib:/home/mk/dev_ws/install/my_3d_vision_bringup/lib:/usr/lib/x86_64-linux-gnu/gazebo-11/plugins:/opt/ros/humble/opt/rviz_ogre_vendor/lib:/opt/ros/humble/lib/x86_64-linux-gnu:/opt/ros/humble/lib /usr/bin/cmake --build /home/mk/dev_ws/build/whisper_util -- -j20 -l20
[2.070s] DEBUG:colcon.colcon_core.task.python.build:While undoing a previous installation files outside the Python library path are being ignored: /home/mk/dev_ws/install/gaze_control/share/ament_index/resource_index/packages/gaze_control
[2.071s] DEBUG:colcon.colcon_core.task.python.build:While undoing a previous installation files outside the Python library path are being ignored: /home/mk/dev_ws/install/gaze_control/share/gaze_control/package.xml
[2.072s] DEBUG:colcon.colcon_core.task.python.build:While undoing a previous installation files outside the Python library path are being ignored: /home/mk/dev_ws/install/gaze_control/lib/gaze_control/gaze_ui
[2.074s] Level 1:colcon.colcon_core.environment:create_environment_scripts_only(zed_interfaces)
[2.075s] Level 1:colcon.colcon_core.environment:checking '/home/mk/dev_ws/install/zed_interfaces' for CMake module files
[2.079s] Level 1:colcon.colcon_core.environment:checking '/home/mk/dev_ws/install/zed_interfaces' for CMake config files
[2.080s] DEBUG:colcon.colcon_core.event_handler.log_command:Invoking command in '/home/mk/dev_ws/build/gaze_control': PYTHONPATH=/home/mk/dev_ws/build/gaze_control/prefix_override:/usr/lib/python3/dist-packages/colcon_core/task/python/colcon_distutils_commands:/home/mk/dev_ws/install/gaze_control/lib/python3.10/site-packages:${PYTHONPATH} /usr/bin/python3 -W ignore:setup.py install is deprecated -W ignore:easy_install command is deprecated setup.py develop --editable --build-directory /home/mk/dev_ws/build/gaze_control/build --no-deps symlink_data --force
[2.080s] DEBUG:colcon.colcon_core.event_handler.log_command:Invoked command in '/home/mk/dev_ws/build/zed_interfaces' returned '0': CMAKE_PREFIX_PATH=${CMAKE_PREFIX_PATH}:/home/mk/dev_ws/install/yolo_object_detector:/home/mk/dev_ws/install/move_to_coordinator:/home/mk/dev_ws/install/motion_sequence:/home/mk/dev_ws/install/whisper_demos:/home/mk/dev_ws/install/voice_command_listener:/home/mk/dev_ws/install/uf_ros_lib:/home/mk/dev_ws/install/rviz_servo_status_overlay:/home/mk/dev_ws/install/rviz_marker_static_scene_objects:/home/mk/dev_ws/install/robot_motion_handler_movegroup:/home/mk/dev_ws/install/gaze_control:/home/mk/dev_ws/install/collision_check:/home/mk/dev_ws/install/audio_listener:/opt/ros/humble /usr/bin/cmake --install /home/mk/dev_ws/build/zed_interfaces
[2.082s] Level 1:colcon.colcon_core.shell:create_environment_hook('zed_interfaces', 'cmake_prefix_path')
[2.082s] INFO:colcon.colcon_core.shell:Creating environment hook '/home/mk/dev_ws/install/zed_interfaces/share/zed_interfaces/hook/cmake_prefix_path.ps1'
[2.082s] INFO:colcon.colcon_core.shell:Creating environment descriptor '/home/mk/dev_ws/install/zed_interfaces/share/zed_interfaces/hook/cmake_prefix_path.dsv'
[2.082s] INFO:colcon.colcon_core.shell:Creating environment hook '/home/mk/dev_ws/install/zed_interfaces/share/zed_interfaces/hook/cmake_prefix_path.sh'
[2.083s] Level 1:colcon.colcon_core.environment:checking '/home/mk/dev_ws/install/zed_interfaces/lib'
[2.083s] Level 1:colcon.colcon_core.shell:create_environment_hook('zed_interfaces', 'ld_library_path_lib')
[2.083s] INFO:colcon.colcon_core.shell:Creating environment hook '/home/mk/dev_ws/install/zed_interfaces/share/zed_interfaces/hook/ld_library_path_lib.ps1'
[2.084s] INFO:colcon.colcon_core.shell:Creating environment descriptor '/home/mk/dev_ws/install/zed_interfaces/share/zed_interfaces/hook/ld_library_path_lib.dsv'
[2.084s] INFO:colcon.colcon_core.shell:Creating environment hook '/home/mk/dev_ws/install/zed_interfaces/share/zed_interfaces/hook/ld_library_path_lib.sh'
[2.084s] Level 1:colcon.colcon_core.environment:checking '/home/mk/dev_ws/install/zed_interfaces/bin'
[2.084s] Level 1:colcon.colcon_core.environment:checking '/home/mk/dev_ws/install/zed_interfaces/lib/pkgconfig/zed_interfaces.pc'
[2.084s] Level 1:colcon.colcon_core.environment:checking '/home/mk/dev_ws/install/zed_interfaces/lib/python3.10/site-packages'
[2.085s] Level 1:colcon.colcon_core.environment:checking '/home/mk/dev_ws/install/zed_interfaces/bin'
[2.085s] INFO:colcon.colcon_core.shell:Creating package script '/home/mk/dev_ws/install/zed_interfaces/share/zed_interfaces/package.ps1'
[2.085s] INFO:colcon.colcon_core.shell:Creating package descriptor '/home/mk/dev_ws/install/zed_interfaces/share/zed_interfaces/package.dsv'
[2.086s] INFO:colcon.colcon_core.shell:Creating package script '/home/mk/dev_ws/install/zed_interfaces/share/zed_interfaces/package.sh'
[2.086s] INFO:colcon.colcon_core.shell:Creating package script '/home/mk/dev_ws/install/zed_interfaces/share/zed_interfaces/package.bash'
[2.086s] INFO:colcon.colcon_core.shell:Creating package script '/home/mk/dev_ws/install/zed_interfaces/share/zed_interfaces/package.zsh'
[2.087s] Level 1:colcon.colcon_core.environment:create_file_with_runtime_dependencies(/home/mk/dev_ws/install/zed_interfaces/share/colcon-core/packages/zed_interfaces)
[2.087s] Level 1:colcon.colcon_core.environment:create_environment_scripts_only(zed_interfaces)
[2.087s] Level 1:colcon.colcon_core.environment:checking '/home/mk/dev_ws/install/zed_interfaces' for CMake module files
[2.088s] Level 1:colcon.colcon_core.environment:checking '/home/mk/dev_ws/install/zed_interfaces' for CMake config files
[2.088s] Level 1:colcon.colcon_core.shell:create_environment_hook('zed_interfaces', 'cmake_prefix_path')
[2.088s] INFO:colcon.colcon_core.shell:Creating environment hook '/home/mk/dev_ws/install/zed_interfaces/share/zed_interfaces/hook/cmake_prefix_path.ps1'
[2.089s] INFO:colcon.colcon_core.shell:Creating environment descriptor '/home/mk/dev_ws/install/zed_interfaces/share/zed_interfaces/hook/cmake_prefix_path.dsv'
[2.089s] INFO:colcon.colcon_core.shell:Creating environment hook '/home/mk/dev_ws/install/zed_interfaces/share/zed_interfaces/hook/cmake_prefix_path.sh'
[2.089s] Level 1:colcon.colcon_core.environment:checking '/home/mk/dev_ws/install/zed_interfaces/lib'
[2.089s] Level 1:colcon.colcon_core.shell:create_environment_hook('zed_interfaces', 'ld_library_path_lib')
[2.090s] INFO:colcon.colcon_core.shell:Creating environment hook '/home/mk/dev_ws/install/zed_interfaces/share/zed_interfaces/hook/ld_library_path_lib.ps1'
[2.090s] INFO:colcon.colcon_core.shell:Creating environment descriptor '/home/mk/dev_ws/install/zed_interfaces/share/zed_interfaces/hook/ld_library_path_lib.dsv'
[2.090s] INFO:colcon.colcon_core.shell:Creating environment hook '/home/mk/dev_ws/install/zed_interfaces/share/zed_interfaces/hook/ld_library_path_lib.sh'
[2.090s] Level 1:colcon.colcon_core.environment:checking '/home/mk/dev_ws/install/zed_interfaces/bin'
[2.090s] Level 1:colcon.colcon_core.environment:checking '/home/mk/dev_ws/install/zed_interfaces/lib/pkgconfig/zed_interfaces.pc'
[2.090s] Level 1:colcon.colcon_core.environment:checking '/home/mk/dev_ws/install/zed_interfaces/lib/python3.10/site-packages'
[2.091s] Level 1:colcon.colcon_core.environment:checking '/home/mk/dev_ws/install/zed_interfaces/bin'
[2.091s] INFO:colcon.colcon_core.shell:Creating package script '/home/mk/dev_ws/install/zed_interfaces/share/zed_interfaces/package.ps1'
[2.092s] INFO:colcon.colcon_core.shell:Creating package descriptor '/home/mk/dev_ws/install/zed_interfaces/share/zed_interfaces/package.dsv'
[2.092s] INFO:colcon.colcon_core.shell:Creating package script '/home/mk/dev_ws/install/zed_interfaces/share/zed_interfaces/package.sh'
[2.092s] INFO:colcon.colcon_core.shell:Creating package script '/home/mk/dev_ws/install/zed_interfaces/share/zed_interfaces/package.bash'
[2.093s] INFO:colcon.colcon_core.shell:Creating package script '/home/mk/dev_ws/install/zed_interfaces/share/zed_interfaces/package.zsh'
[2.093s] Level 1:colcon.colcon_core.environment:create_file_with_runtime_dependencies(/home/mk/dev_ws/install/zed_interfaces/share/colcon-core/packages/zed_interfaces)
[2.093s] INFO:colcon.colcon_ros.task.ament_cmake.build:Building ROS package in '/home/mk/dev_ws/src/zed-ros2-wrapper/zed_components' with build type 'ament_cmake'
[2.094s] INFO:colcon.colcon_cmake.task.cmake.build:Building CMake package in '/home/mk/dev_ws/src/zed-ros2-wrapper/zed_components'
[2.094s] INFO:colcon.colcon_core.shell:Skip shell extension 'powershell' for command environment: Not usable outside of PowerShell
[2.094s] DEBUG:colcon.colcon_core.shell:Skip shell extension 'dsv' for command environment
[2.099s] Level 1:colcon.colcon_core.environment:create_environment_scripts_only(whisper_idl)
[2.099s] Level 1:colcon.colcon_core.environment:checking '/home/mk/dev_ws/install/whisper_idl' for CMake module files
[2.099s] DEBUG:colcon.colcon_core.event_handler.log_command:Invoked command in '/home/mk/dev_ws/build/whisper_idl' returned '0': CMAKE_PREFIX_PATH=${CMAKE_PREFIX_PATH}:/home/mk/dev_ws/install/yolo_object_detector:/home/mk/dev_ws/install/move_to_coordinator:/home/mk/dev_ws/install/motion_sequence:/home/mk/dev_ws/install/whisper_demos:/home/mk/dev_ws/install/voice_command_listener:/home/mk/dev_ws/install/uf_ros_lib:/home/mk/dev_ws/install/rviz_servo_status_overlay:/home/mk/dev_ws/install/rviz_marker_static_scene_objects:/home/mk/dev_ws/install/robot_motion_handler_movegroup:/home/mk/dev_ws/install/gaze_control:/home/mk/dev_ws/install/collision_check:/home/mk/dev_ws/install/audio_listener:/opt/ros/humble /usr/bin/cmake --install /home/mk/dev_ws/build/whisper_idl
[2.101s] Level 1:colcon.colcon_core.environment:checking '/home/mk/dev_ws/install/whisper_idl' for CMake config files
[2.101s] Level 1:colcon.colcon_core.shell:create_environment_hook('whisper_idl', 'cmake_prefix_path')
[2.102s] INFO:colcon.colcon_core.shell:Creating environment hook '/home/mk/dev_ws/install/whisper_idl/share/whisper_idl/hook/cmake_prefix_path.ps1'
[2.102s] INFO:colcon.colcon_core.shell:Creating environment descriptor '/home/mk/dev_ws/install/whisper_idl/share/whisper_idl/hook/cmake_prefix_path.dsv'
[2.102s] INFO:colcon.colcon_core.shell:Creating environment hook '/home/mk/dev_ws/install/whisper_idl/share/whisper_idl/hook/cmake_prefix_path.sh'
[2.103s] Level 1:colcon.colcon_core.environment:checking '/home/mk/dev_ws/install/whisper_idl/lib'
[2.103s] Level 1:colcon.colcon_core.shell:create_environment_hook('whisper_idl', 'ld_library_path_lib')
[2.103s] INFO:colcon.colcon_core.shell:Creating environment hook '/home/mk/dev_ws/install/whisper_idl/share/whisper_idl/hook/ld_library_path_lib.ps1'
[2.103s] INFO:colcon.colcon_core.shell:Creating environment descriptor '/home/mk/dev_ws/install/whisper_idl/share/whisper_idl/hook/ld_library_path_lib.dsv'
[2.103s] INFO:colcon.colcon_core.shell:Creating environment hook '/home/mk/dev_ws/install/whisper_idl/share/whisper_idl/hook/ld_library_path_lib.sh'
[2.104s] Level 1:colcon.colcon_core.environment:checking '/home/mk/dev_ws/install/whisper_idl/bin'
[2.104s] Level 1:colcon.colcon_core.environment:checking '/home/mk/dev_ws/install/whisper_idl/lib/pkgconfig/whisper_idl.pc'
[2.104s] Level 1:colcon.colcon_core.environment:checking '/home/mk/dev_ws/install/whisper_idl/lib/python3.10/site-packages'
[2.104s] Level 1:colcon.colcon_core.environment:checking '/home/mk/dev_ws/install/whisper_idl/bin'
[2.104s] INFO:colcon.colcon_core.shell:Creating package script '/home/mk/dev_ws/install/whisper_idl/share/whisper_idl/package.ps1'
[2.105s] INFO:colcon.colcon_core.shell:Creating package descriptor '/home/mk/dev_ws/install/whisper_idl/share/whisper_idl/package.dsv'
[2.105s] INFO:colcon.colcon_core.shell:Creating package script '/home/mk/dev_ws/install/whisper_idl/share/whisper_idl/package.sh'
[2.105s] INFO:colcon.colcon_core.shell:Creating package script '/home/mk/dev_ws/install/whisper_idl/share/whisper_idl/package.bash'
[2.106s] INFO:colcon.colcon_core.shell:Creating package script '/home/mk/dev_ws/install/whisper_idl/share/whisper_idl/package.zsh'
[2.106s] Level 1:colcon.colcon_core.environment:create_file_with_runtime_dependencies(/home/mk/dev_ws/install/whisper_idl/share/colcon-core/packages/whisper_idl)
[2.106s] Level 1:colcon.colcon_core.environment:create_environment_scripts_only(whisper_idl)
[2.106s] Level 1:colcon.colcon_core.environment:checking '/home/mk/dev_ws/install/whisper_idl' for CMake module files
[2.107s] Level 1:colcon.colcon_core.environment:checking '/home/mk/dev_ws/install/whisper_idl' for CMake config files
[2.107s] Level 1:colcon.colcon_core.shell:create_environment_hook('whisper_idl', 'cmake_prefix_path')
[2.107s] INFO:colcon.colcon_core.shell:Creating environment hook '/home/mk/dev_ws/install/whisper_idl/share/whisper_idl/hook/cmake_prefix_path.ps1'
[2.108s] INFO:colcon.colcon_core.shell:Creating environment descriptor '/home/mk/dev_ws/install/whisper_idl/share/whisper_idl/hook/cmake_prefix_path.dsv'
[2.108s] INFO:colcon.colcon_core.shell:Creating environment hook '/home/mk/dev_ws/install/whisper_idl/share/whisper_idl/hook/cmake_prefix_path.sh'
[2.108s] Level 1:colcon.colcon_core.environment:checking '/home/mk/dev_ws/install/whisper_idl/lib'
[2.108s] Level 1:colcon.colcon_core.shell:create_environment_hook('whisper_idl', 'ld_library_path_lib')
[2.108s] INFO:colcon.colcon_core.shell:Creating environment hook '/home/mk/dev_ws/install/whisper_idl/share/whisper_idl/hook/ld_library_path_lib.ps1'
[2.109s] INFO:colcon.colcon_core.shell:Creating environment descriptor '/home/mk/dev_ws/install/whisper_idl/share/whisper_idl/hook/ld_library_path_lib.dsv'
[2.109s] INFO:colcon.colcon_core.shell:Creating environment hook '/home/mk/dev_ws/install/whisper_idl/share/whisper_idl/hook/ld_library_path_lib.sh'
[2.109s] Level 1:colcon.colcon_core.environment:checking '/home/mk/dev_ws/install/whisper_idl/bin'
[2.109s] Level 1:colcon.colcon_core.environment:checking '/home/mk/dev_ws/install/whisper_idl/lib/pkgconfig/whisper_idl.pc'
[2.109s] Level 1:colcon.colcon_core.environment:checking '/home/mk/dev_ws/install/whisper_idl/lib/python3.10/site-packages'
[2.109s] Level 1:colcon.colcon_core.environment:checking '/home/mk/dev_ws/install/whisper_idl/bin'
[2.110s] INFO:colcon.colcon_core.shell:Creating package script '/home/mk/dev_ws/install/whisper_idl/share/whisper_idl/package.ps1'
[2.110s] INFO:colcon.colcon_core.shell:Creating package descriptor '/home/mk/dev_ws/install/whisper_idl/share/whisper_idl/package.dsv'
[2.110s] INFO:colcon.colcon_core.shell:Creating package script '/home/mk/dev_ws/install/whisper_idl/share/whisper_idl/package.sh'
[2.111s] INFO:colcon.colcon_core.shell:Creating package script '/home/mk/dev_ws/install/whisper_idl/share/whisper_idl/package.bash'
[2.111s] INFO:colcon.colcon_core.shell:Creating package script '/home/mk/dev_ws/install/whisper_idl/share/whisper_idl/package.zsh'
[2.111s] Level 1:colcon.colcon_core.environment:create_file_with_runtime_dependencies(/home/mk/dev_ws/install/whisper_idl/share/colcon-core/packages/whisper_idl)
[2.112s] INFO:colcon.colcon_ros.task.ament_python.build:Building ROS package in '/home/mk/dev_ws/src/voice_command_listener' with build type 'ament_python'
[2.112s] Level 1:colcon.colcon_core.shell:create_environment_hook('voice_command_listener', 'ament_prefix_path')
[2.112s] INFO:colcon.colcon_core.shell:Creating environment hook '/home/mk/dev_ws/install/voice_command_listener/share/voice_command_listener/hook/ament_prefix_path.ps1'
[2.113s] INFO:colcon.colcon_core.shell:Creating environment descriptor '/home/mk/dev_ws/install/voice_command_listener/share/voice_command_listener/hook/ament_prefix_path.dsv'
[2.113s] INFO:colcon.colcon_core.shell:Creating environment hook '/home/mk/dev_ws/install/voice_command_listener/share/voice_command_listener/hook/ament_prefix_path.sh'
[2.113s] INFO:colcon.colcon_core.shell:Skip shell extension 'powershell' for command environment: Not usable outside of PowerShell
[2.113s] DEBUG:colcon.colcon_core.shell:Skip shell extension 'dsv' for command environment
[2.119s] DEBUG:colcon.colcon_core.task.python.build:While undoing a previous installation files outside the Python library path are being ignored: /home/mk/dev_ws/install/yolo_object_detector/share/ament_index/resource_index/packages/yolo_object_detector
[2.119s] DEBUG:colcon.colcon_core.task.python.build:While undoing a previous installation files outside the Python library path are being ignored: /home/mk/dev_ws/install/yolo_object_detector/share/yolo_object_detector/package.xml
[2.119s] DEBUG:colcon.colcon_core.task.python.build:While undoing a previous installation files outside the Python library path are being ignored: /home/mk/dev_ws/install/yolo_object_detector/share/yolo_object_detector/launch/yolo_detection.launch.py
[2.119s] DEBUG:colcon.colcon_core.task.python.build:While undoing a previous installation files outside the Python library path are being ignored: /home/mk/dev_ws/install/yolo_object_detector/lib/yolo_object_detector/yolo_homography_node
[2.121s] DEBUG:colcon.colcon_core.event_handler.log_command:Invoking command in '/home/mk/dev_ws/build/yolo_object_detector': PYTHONPATH=/home/mk/dev_ws/build/yolo_object_detector/prefix_override:/usr/lib/python3/dist-packages/colcon_core/task/python/colcon_distutils_commands:/home/mk/dev_ws/install/yolo_object_detector/lib/python3.10/site-packages:${PYTHONPATH} /usr/bin/python3 -W ignore:setup.py install is deprecated -W ignore:easy_install command is deprecated setup.py develop --editable --build-directory /home/mk/dev_ws/build/yolo_object_detector/build --no-deps symlink_data --force
[2.121s] DEBUG:colcon.colcon_core.event_handler.log_command:Invoked command in '/home/mk/dev_ws/build/whisper_util' returned '0': CMAKE_PREFIX_PATH=/home/mk/dev_ws/install/whisper_cpp_vendor:/home/mk/dev_ws/install/zed_ros2:/home/mk/dev_ws/install/zed_wrapper:/home/mk/dev_ws/install/zed_components:/home/mk/dev_ws/install/zed_interfaces:/home/mk/dev_ws/install/xarm_planner:/home/mk/dev_ws/install/xarm_moveit_servo:/home/mk/dev_ws/install/xarm_moveit_config:/home/mk/dev_ws/install/xarm_gazebo:/home/mk/dev_ws/install/xarm_controller:/home/mk/dev_ws/install/xarm_api:/home/mk/dev_ws/install/xarm_sdk:/home/mk/dev_ws/install/rviz_robot_control_panel:/home/mk/dev_ws/install/xarm_msgs:/home/mk/dev_ws/install/xarm_description:/home/mk/dev_ws/install/whisper_bringup:/home/mk/dev_ws/install/whisper_server:/home/mk/dev_ws/install/transcript_manager:/home/mk/dev_ws/install/whisper_util:/home/mk/dev_ws/install/whisper_idl:/home/mk/dev_ws/install/realsense_gazebo_plugin:/home/mk/dev_ws/install/my_3d_vision_bringup:/home/mk/dev_ws/install/mbot_demo:/home/mk/dev_ws/install/yolo_object_detector:/home/mk/dev_ws/install/move_to_coordinator:/home/mk/dev_ws/install/motion_sequence:/home/mk/dev_ws/install/whisper_demos:/home/mk/dev_ws/install/voice_command_listener:/home/mk/dev_ws/install/uf_ros_lib:/home/mk/dev_ws/install/rviz_servo_status_overlay:/home/mk/dev_ws/install/rviz_marker_static_scene_objects:/home/mk/dev_ws/install/robot_motion_handler_movegroup:/home/mk/dev_ws/install/gaze_control:/home/mk/dev_ws/install/collision_check:/home/mk/dev_ws/install/audio_listener:/opt/ros/humble LD_LIBRARY_PATH=/home/mk/dev_ws/install/whisper_cpp_vendor/lib:/usr/local/cuda-12.1/lib64:/home/mk/dev_ws/install/zed_components/lib:/home/mk/dev_ws/install/zed_interfaces/lib:/home/mk/dev_ws/install/xarm_planner/lib:/home/mk/dev_ws/install/xarm_moveit_servo/lib:/home/mk/dev_ws/install/xarm_gazebo/lib:/home/mk/dev_ws/install/xarm_controller/lib:/home/mk/dev_ws/install/xarm_api/lib:/home/mk/dev_ws/install/xarm_sdk/lib:/home/mk/dev_ws/install/rviz_robot_control_panel/lib:/home/mk/dev_ws/install/xarm_msgs/lib:/home/mk/dev_ws/install/whisper_server/lib:/home/mk/dev_ws/install/transcript_manager/lib:/home/mk/dev_ws/install/whisper_util/lib:/home/mk/dev_ws/install/whisper_idl/lib:/home/mk/dev_ws/install/realsense_gazebo_plugin/lib:/home/mk/dev_ws/install/my_3d_vision_bringup/lib:/usr/lib/x86_64-linux-gnu/gazebo-11/plugins:/opt/ros/humble/opt/rviz_ogre_vendor/lib:/opt/ros/humble/lib/x86_64-linux-gnu:/opt/ros/humble/lib /usr/bin/cmake --build /home/mk/dev_ws/build/whisper_util -- -j20 -l20
[2.122s] DEBUG:colcon.colcon_core.event_handler.log_command:Invoking command in '/home/mk/dev_ws/build/whisper_util': CMAKE_PREFIX_PATH=/home/mk/dev_ws/install/whisper_cpp_vendor:/home/mk/dev_ws/install/zed_ros2:/home/mk/dev_ws/install/zed_wrapper:/home/mk/dev_ws/install/zed_components:/home/mk/dev_ws/install/zed_interfaces:/home/mk/dev_ws/install/xarm_planner:/home/mk/dev_ws/install/xarm_moveit_servo:/home/mk/dev_ws/install/xarm_moveit_config:/home/mk/dev_ws/install/xarm_gazebo:/home/mk/dev_ws/install/xarm_controller:/home/mk/dev_ws/install/xarm_api:/home/mk/dev_ws/install/xarm_sdk:/home/mk/dev_ws/install/rviz_robot_control_panel:/home/mk/dev_ws/install/xarm_msgs:/home/mk/dev_ws/install/xarm_description:/home/mk/dev_ws/install/whisper_bringup:/home/mk/dev_ws/install/whisper_server:/home/mk/dev_ws/install/transcript_manager:/home/mk/dev_ws/install/whisper_util:/home/mk/dev_ws/install/whisper_idl:/home/mk/dev_ws/install/realsense_gazebo_plugin:/home/mk/dev_ws/install/my_3d_vision_bringup:/home/mk/dev_ws/install/mbot_demo:/home/mk/dev_ws/install/yolo_object_detector:/home/mk/dev_ws/install/move_to_coordinator:/home/mk/dev_ws/install/motion_sequence:/home/mk/dev_ws/install/whisper_demos:/home/mk/dev_ws/install/voice_command_listener:/home/mk/dev_ws/install/uf_ros_lib:/home/mk/dev_ws/install/rviz_servo_status_overlay:/home/mk/dev_ws/install/rviz_marker_static_scene_objects:/home/mk/dev_ws/install/robot_motion_handler_movegroup:/home/mk/dev_ws/install/gaze_control:/home/mk/dev_ws/install/collision_check:/home/mk/dev_ws/install/audio_listener:/opt/ros/humble LD_LIBRARY_PATH=/home/mk/dev_ws/install/whisper_cpp_vendor/lib:/usr/local/cuda-12.1/lib64:/home/mk/dev_ws/install/zed_components/lib:/home/mk/dev_ws/install/zed_interfaces/lib:/home/mk/dev_ws/install/xarm_planner/lib:/home/mk/dev_ws/install/xarm_moveit_servo/lib:/home/mk/dev_ws/install/xarm_gazebo/lib:/home/mk/dev_ws/install/xarm_controller/lib:/home/mk/dev_ws/install/xarm_api/lib:/home/mk/dev_ws/install/xarm_sdk/lib:/home/mk/dev_ws/install/rviz_robot_control_panel/lib:/home/mk/dev_ws/install/xarm_msgs/lib:/home/mk/dev_ws/install/whisper_server/lib:/home/mk/dev_ws/install/transcript_manager/lib:/home/mk/dev_ws/install/whisper_util/lib:/home/mk/dev_ws/install/whisper_idl/lib:/home/mk/dev_ws/install/realsense_gazebo_plugin/lib:/home/mk/dev_ws/install/my_3d_vision_bringup/lib:/usr/lib/x86_64-linux-gnu/gazebo-11/plugins:/opt/ros/humble/opt/rviz_ogre_vendor/lib:/opt/ros/humble/lib/x86_64-linux-gnu:/opt/ros/humble/lib /usr/bin/cmake --install /home/mk/dev_ws/build/whisper_util
[2.124s] DEBUG:colcon.colcon_core.task.python.build:While undoing a previous installation files outside the Python library path are being ignored: /home/mk/dev_ws/install/uf_ros_lib/share/ament_index/resource_index/packages/uf_ros_lib
[2.124s] DEBUG:colcon.colcon_core.task.python.build:While undoing a previous installation files outside the Python library path are being ignored: /home/mk/dev_ws/install/uf_ros_lib/share/uf_ros_lib/package.xml
[2.125s] DEBUG:colcon.colcon_core.event_handler.log_command:Invoking command in '/home/mk/dev_ws/build/uf_ros_lib': PYTHONPATH=/home/mk/dev_ws/build/uf_ros_lib/prefix_override:/usr/lib/python3/dist-packages/colcon_core/task/python/colcon_distutils_commands:/home/mk/dev_ws/install/uf_ros_lib/lib/python3.10/site-packages:${PYTHONPATH} /usr/bin/python3 -W ignore:setup.py install is deprecated -W ignore:easy_install command is deprecated setup.py develop --editable --build-directory /home/mk/dev_ws/build/uf_ros_lib/build --no-deps symlink_data --force
[2.127s] Level 1:colcon.colcon_core.environment:create_environment_scripts_only(xarm_msgs)
[2.127s] Level 1:colcon.colcon_core.environment:checking '/home/mk/dev_ws/install/xarm_msgs' for CMake module files
[2.128s] DEBUG:colcon.colcon_core.event_handler.log_command:Invoking command in '/home/mk/dev_ws/build/zed_components': CMAKE_PREFIX_PATH=/home/mk/dev_ws/install/zed_interfaces:/home/mk/dev_ws/install/zed_ros2:/home/mk/dev_ws/install/zed_wrapper:/home/mk/dev_ws/install/zed_components:/home/mk/dev_ws/install/xarm_planner:/home/mk/dev_ws/install/xarm_moveit_servo:/home/mk/dev_ws/install/xarm_moveit_config:/home/mk/dev_ws/install/xarm_gazebo:/home/mk/dev_ws/install/xarm_controller:/home/mk/dev_ws/install/xarm_api:/home/mk/dev_ws/install/xarm_sdk:/home/mk/dev_ws/install/rviz_robot_control_panel:/home/mk/dev_ws/install/xarm_msgs:/home/mk/dev_ws/install/xarm_description:/home/mk/dev_ws/install/whisper_bringup:/home/mk/dev_ws/install/whisper_server:/home/mk/dev_ws/install/transcript_manager:/home/mk/dev_ws/install/whisper_util:/home/mk/dev_ws/install/whisper_idl:/home/mk/dev_ws/install/whisper_cpp_vendor:/home/mk/dev_ws/install/realsense_gazebo_plugin:/home/mk/dev_ws/install/my_3d_vision_bringup:/home/mk/dev_ws/install/mbot_demo:/home/mk/dev_ws/install/yolo_object_detector:/home/mk/dev_ws/install/move_to_coordinator:/home/mk/dev_ws/install/motion_sequence:/home/mk/dev_ws/install/whisper_demos:/home/mk/dev_ws/install/voice_command_listener:/home/mk/dev_ws/install/uf_ros_lib:/home/mk/dev_ws/install/rviz_servo_status_overlay:/home/mk/dev_ws/install/rviz_marker_static_scene_objects:/home/mk/dev_ws/install/robot_motion_handler_movegroup:/home/mk/dev_ws/install/gaze_control:/home/mk/dev_ws/install/collision_check:/home/mk/dev_ws/install/audio_listener:/opt/ros/humble LD_LIBRARY_PATH=/home/mk/dev_ws/install/zed_interfaces/lib:/usr/local/cuda-12.1/lib64:/home/mk/dev_ws/install/zed_components/lib:/home/mk/dev_ws/install/xarm_planner/lib:/home/mk/dev_ws/install/xarm_moveit_servo/lib:/home/mk/dev_ws/install/xarm_gazebo/lib:/home/mk/dev_ws/install/xarm_controller/lib:/home/mk/dev_ws/install/xarm_api/lib:/home/mk/dev_ws/install/xarm_sdk/lib:/home/mk/dev_ws/install/rviz_robot_control_panel/lib:/home/mk/dev_ws/install/xarm_msgs/lib:/home/mk/dev_ws/install/whisper_server/lib:/home/mk/dev_ws/install/transcript_manager/lib:/home/mk/dev_ws/install/whisper_util/lib:/home/mk/dev_ws/install/whisper_idl/lib:/home/mk/dev_ws/install/whisper_cpp_vendor/lib:/home/mk/dev_ws/install/realsense_gazebo_plugin/lib:/home/mk/dev_ws/install/my_3d_vision_bringup/lib:/usr/lib/x86_64-linux-gnu/gazebo-11/plugins:/opt/ros/humble/opt/rviz_ogre_vendor/lib:/opt/ros/humble/lib/x86_64-linux-gnu:/opt/ros/humble/lib /usr/bin/cmake /home/mk/dev_ws/src/zed-ros2-wrapper/zed_components -DAMENT_CMAKE_SYMLINK_INSTALL=1 -DCMAKE_INSTALL_PREFIX=/home/mk/dev_ws/install/zed_components
[2.128s] DEBUG:colcon.colcon_core.event_handler.log_command:Invoked command in '/home/mk/dev_ws/build/xarm_msgs' returned '0': CMAKE_PREFIX_PATH=${CMAKE_PREFIX_PATH}:/home/mk/dev_ws/install/yolo_object_detector:/home/mk/dev_ws/install/move_to_coordinator:/home/mk/dev_ws/install/motion_sequence:/home/mk/dev_ws/install/whisper_demos:/home/mk/dev_ws/install/voice_command_listener:/home/mk/dev_ws/install/uf_ros_lib:/home/mk/dev_ws/install/rviz_servo_status_overlay:/home/mk/dev_ws/install/rviz_marker_static_scene_objects:/home/mk/dev_ws/install/robot_motion_handler_movegroup:/home/mk/dev_ws/install/gaze_control:/home/mk/dev_ws/install/collision_check:/home/mk/dev_ws/install/audio_listener:/opt/ros/humble /usr/bin/cmake --install /home/mk/dev_ws/build/xarm_msgs
[2.129s] Level 1:colcon.colcon_core.environment:checking '/home/mk/dev_ws/install/xarm_msgs' for CMake config files
[2.130s] Level 1:colcon.colcon_core.shell:create_environment_hook('xarm_msgs', 'cmake_prefix_path')
[2.130s] INFO:colcon.colcon_core.shell:Creating environment hook '/home/mk/dev_ws/install/xarm_msgs/share/xarm_msgs/hook/cmake_prefix_path.ps1'
[2.131s] INFO:colcon.colcon_core.shell:Creating environment descriptor '/home/mk/dev_ws/install/xarm_msgs/share/xarm_msgs/hook/cmake_prefix_path.dsv'
[2.132s] INFO:colcon.colcon_core.shell:Creating environment hook '/home/mk/dev_ws/install/xarm_msgs/share/xarm_msgs/hook/cmake_prefix_path.sh'
[2.133s] Level 1:colcon.colcon_core.environment:checking '/home/mk/dev_ws/install/xarm_msgs/lib'
[2.133s] Level 1:colcon.colcon_core.shell:create_environment_hook('xarm_msgs', 'ld_library_path_lib')
[2.133s] INFO:colcon.colcon_core.shell:Creating environment hook '/home/mk/dev_ws/install/xarm_msgs/share/xarm_msgs/hook/ld_library_path_lib.ps1'
[2.134s] INFO:colcon.colcon_core.shell:Creating environment descriptor '/home/mk/dev_ws/install/xarm_msgs/share/xarm_msgs/hook/ld_library_path_lib.dsv'
[2.134s] INFO:colcon.colcon_core.shell:Creating environment hook '/home/mk/dev_ws/install/xarm_msgs/share/xarm_msgs/hook/ld_library_path_lib.sh'
[2.134s] Level 1:colcon.colcon_core.environment:checking '/home/mk/dev_ws/install/xarm_msgs/bin'
[2.134s] Level 1:colcon.colcon_core.environment:checking '/home/mk/dev_ws/install/xarm_msgs/lib/pkgconfig/xarm_msgs.pc'
[2.134s] Level 1:colcon.colcon_core.environment:checking '/home/mk/dev_ws/install/xarm_msgs/lib/python3.10/site-packages'
[2.135s] Level 1:colcon.colcon_core.environment:checking '/home/mk/dev_ws/install/xarm_msgs/bin'
[2.135s] INFO:colcon.colcon_core.shell:Creating package script '/home/mk/dev_ws/install/xarm_msgs/share/xarm_msgs/package.ps1'
[2.135s] INFO:colcon.colcon_core.shell:Creating package descriptor '/home/mk/dev_ws/install/xarm_msgs/share/xarm_msgs/package.dsv'
[2.136s] INFO:colcon.colcon_core.shell:Creating package script '/home/mk/dev_ws/install/xarm_msgs/share/xarm_msgs/package.sh'
[2.136s] INFO:colcon.colcon_core.shell:Creating package script '/home/mk/dev_ws/install/xarm_msgs/share/xarm_msgs/package.bash'
[2.136s] INFO:colcon.colcon_core.shell:Creating package script '/home/mk/dev_ws/install/xarm_msgs/share/xarm_msgs/package.zsh'
[2.137s] Level 1:colcon.colcon_core.environment:create_file_with_runtime_dependencies(/home/mk/dev_ws/install/xarm_msgs/share/colcon-core/packages/xarm_msgs)
[2.137s] Level 1:colcon.colcon_core.environment:create_environment_scripts_only(xarm_msgs)
[2.137s] Level 1:colcon.colcon_core.environment:checking '/home/mk/dev_ws/install/xarm_msgs' for CMake module files
[2.138s] Level 1:colcon.colcon_core.environment:checking '/home/mk/dev_ws/install/xarm_msgs' for CMake config files
[2.139s] Level 1:colcon.colcon_core.shell:create_environment_hook('xarm_msgs', 'cmake_prefix_path')
[2.139s] INFO:colcon.colcon_core.shell:Creating environment hook '/home/mk/dev_ws/install/xarm_msgs/share/xarm_msgs/hook/cmake_prefix_path.ps1'
[2.140s] INFO:colcon.colcon_core.shell:Creating environment descriptor '/home/mk/dev_ws/install/xarm_msgs/share/xarm_msgs/hook/cmake_prefix_path.dsv'
[2.140s] INFO:colcon.colcon_core.shell:Creating environment hook '/home/mk/dev_ws/install/xarm_msgs/share/xarm_msgs/hook/cmake_prefix_path.sh'
[2.140s] Level 1:colcon.colcon_core.environment:checking '/home/mk/dev_ws/install/xarm_msgs/lib'
[2.141s] Level 1:colcon.colcon_core.shell:create_environment_hook('xarm_msgs', 'ld_library_path_lib')
[2.141s] INFO:colcon.colcon_core.shell:Creating environment hook '/home/mk/dev_ws/install/xarm_msgs/share/xarm_msgs/hook/ld_library_path_lib.ps1'
[2.141s] INFO:colcon.colcon_core.shell:Creating environment descriptor '/home/mk/dev_ws/install/xarm_msgs/share/xarm_msgs/hook/ld_library_path_lib.dsv'
[2.141s] INFO:colcon.colcon_core.shell:Creating environment hook '/home/mk/dev_ws/install/xarm_msgs/share/xarm_msgs/hook/ld_library_path_lib.sh'
[2.142s] Level 1:colcon.colcon_core.environment:checking '/home/mk/dev_ws/install/xarm_msgs/bin'
[2.142s] Level 1:colcon.colcon_core.environment:checking '/home/mk/dev_ws/install/xarm_msgs/lib/pkgconfig/xarm_msgs.pc'
[2.142s] Level 1:colcon.colcon_core.environment:checking '/home/mk/dev_ws/install/xarm_msgs/lib/python3.10/site-packages'
[2.142s] Level 1:colcon.colcon_core.environment:checking '/home/mk/dev_ws/install/xarm_msgs/bin'
[2.142s] INFO:colcon.colcon_core.shell:Creating package script '/home/mk/dev_ws/install/xarm_msgs/share/xarm_msgs/package.ps1'
[2.144s] INFO:colcon.colcon_core.shell:Creating package descriptor '/home/mk/dev_ws/install/xarm_msgs/share/xarm_msgs/package.dsv'
[2.144s] INFO:colcon.colcon_core.shell:Creating package script '/home/mk/dev_ws/install/xarm_msgs/share/xarm_msgs/package.sh'
[2.144s] INFO:colcon.colcon_core.shell:Creating package script '/home/mk/dev_ws/install/xarm_msgs/share/xarm_msgs/package.bash'
[2.145s] INFO:colcon.colcon_core.shell:Creating package script '/home/mk/dev_ws/install/xarm_msgs/share/xarm_msgs/package.zsh'
[2.145s] Level 1:colcon.colcon_core.environment:create_file_with_runtime_dependencies(/home/mk/dev_ws/install/xarm_msgs/share/colcon-core/packages/xarm_msgs)
[2.417s] INFO:colcon.colcon_core.task.python.build:Building Python package in '/home/mk/dev_ws/src/voice_command_listener'
[2.418s] INFO:colcon.colcon_core.shell:Skip shell extension 'powershell' for command environment: Not usable outside of PowerShell
[2.418s] DEBUG:colcon.colcon_core.shell:Skip shell extension 'dsv' for command environment
[2.421s] INFO:colcon.colcon_ros.task.ament_cmake.build:Building ROS package in '/home/mk/dev_ws/src/xarm_ros2/xarm_api' with build type 'ament_cmake'
[2.421s] INFO:colcon.colcon_cmake.task.cmake.build:Building CMake package in '/home/mk/dev_ws/src/xarm_ros2/xarm_api'
[2.421s] INFO:colcon.colcon_core.shell:Skip shell extension 'powershell' for command environment: Not usable outside of PowerShell
[2.421s] DEBUG:colcon.colcon_core.shell:Skip shell extension 'dsv' for command environment
[2.424s] INFO:colcon.colcon_ros.task.ament_python.build:Building ROS package in '/home/mk/dev_ws/src/motion_sequence' with build type 'ament_python'
[2.424s] Level 1:colcon.colcon_core.shell:create_environment_hook('motion_sequence', 'ament_prefix_path')
[2.424s] INFO:colcon.colcon_core.shell:Creating environment hook '/home/mk/dev_ws/install/motion_sequence/share/motion_sequence/hook/ament_prefix_path.ps1'
[2.425s] INFO:colcon.colcon_core.shell:Creating environment descriptor '/home/mk/dev_ws/install/motion_sequence/share/motion_sequence/hook/ament_prefix_path.dsv'
[2.425s] INFO:colcon.colcon_core.shell:Creating environment hook '/home/mk/dev_ws/install/motion_sequence/share/motion_sequence/hook/ament_prefix_path.sh'
[2.425s] INFO:colcon.colcon_core.shell:Skip shell extension 'powershell' for command environment: Not usable outside of PowerShell
[2.425s] DEBUG:colcon.colcon_core.shell:Skip shell extension 'dsv' for command environment
[2.428s] INFO:colcon.colcon_ros.task.ament_python.build:Building ROS package in '/home/mk/dev_ws/src/move_to_coordinator' with build type 'ament_python'
[2.428s] Level 1:colcon.colcon_core.shell:create_environment_hook('move_to_coordinator', 'ament_prefix_path')
[2.428s] INFO:colcon.colcon_core.shell:Creating environment hook '/home/mk/dev_ws/install/move_to_coordinator/share/move_to_coordinator/hook/ament_prefix_path.ps1'
[2.428s] INFO:colcon.colcon_core.shell:Creating environment descriptor '/home/mk/dev_ws/install/move_to_coordinator/share/move_to_coordinator/hook/ament_prefix_path.dsv'
[2.429s] INFO:colcon.colcon_core.shell:Creating environment hook '/home/mk/dev_ws/install/move_to_coordinator/share/move_to_coordinator/hook/ament_prefix_path.sh'
[2.429s] INFO:colcon.colcon_core.shell:Skip shell extension 'powershell' for command environment: Not usable outside of PowerShell
[2.429s] DEBUG:colcon.colcon_core.shell:Skip shell extension 'dsv' for command environment
[2.432s] INFO:colcon.colcon_ros.task.ament_cmake.build:Building ROS package in '/home/mk/dev_ws/src/rviz_robot_control_panel' with build type 'ament_cmake'
[2.432s] INFO:colcon.colcon_cmake.task.cmake.build:Building CMake package in '/home/mk/dev_ws/src/rviz_robot_control_panel'
[2.432s] INFO:colcon.colcon_core.shell:Skip shell extension 'powershell' for command environment: Not usable outside of PowerShell
[2.432s] DEBUG:colcon.colcon_core.shell:Skip shell extension 'dsv' for command environment
[2.437s] Level 1:colcon.colcon_core.environment:create_environment_scripts_only(whisper_util)
[2.437s] Level 1:colcon.colcon_core.environment:checking '/home/mk/dev_ws/install/whisper_util' for CMake module files
[2.437s] DEBUG:colcon.colcon_core.event_handler.log_command:Invoked command in '/home/mk/dev_ws/build/whisper_util' returned '0': CMAKE_PREFIX_PATH=/home/mk/dev_ws/install/whisper_cpp_vendor:/home/mk/dev_ws/install/zed_ros2:/home/mk/dev_ws/install/zed_wrapper:/home/mk/dev_ws/install/zed_components:/home/mk/dev_ws/install/zed_interfaces:/home/mk/dev_ws/install/xarm_planner:/home/mk/dev_ws/install/xarm_moveit_servo:/home/mk/dev_ws/install/xarm_moveit_config:/home/mk/dev_ws/install/xarm_gazebo:/home/mk/dev_ws/install/xarm_controller:/home/mk/dev_ws/install/xarm_api:/home/mk/dev_ws/install/xarm_sdk:/home/mk/dev_ws/install/rviz_robot_control_panel:/home/mk/dev_ws/install/xarm_msgs:/home/mk/dev_ws/install/xarm_description:/home/mk/dev_ws/install/whisper_bringup:/home/mk/dev_ws/install/whisper_server:/home/mk/dev_ws/install/transcript_manager:/home/mk/dev_ws/install/whisper_util:/home/mk/dev_ws/install/whisper_idl:/home/mk/dev_ws/install/realsense_gazebo_plugin:/home/mk/dev_ws/install/my_3d_vision_bringup:/home/mk/dev_ws/install/mbot_demo:/home/mk/dev_ws/install/yolo_object_detector:/home/mk/dev_ws/install/move_to_coordinator:/home/mk/dev_ws/install/motion_sequence:/home/mk/dev_ws/install/whisper_demos:/home/mk/dev_ws/install/voice_command_listener:/home/mk/dev_ws/install/uf_ros_lib:/home/mk/dev_ws/install/rviz_servo_status_overlay:/home/mk/dev_ws/install/rviz_marker_static_scene_objects:/home/mk/dev_ws/install/robot_motion_handler_movegroup:/home/mk/dev_ws/install/gaze_control:/home/mk/dev_ws/install/collision_check:/home/mk/dev_ws/install/audio_listener:/opt/ros/humble LD_LIBRARY_PATH=/home/mk/dev_ws/install/whisper_cpp_vendor/lib:/usr/local/cuda-12.1/lib64:/home/mk/dev_ws/install/zed_components/lib:/home/mk/dev_ws/install/zed_interfaces/lib:/home/mk/dev_ws/install/xarm_planner/lib:/home/mk/dev_ws/install/xarm_moveit_servo/lib:/home/mk/dev_ws/install/xarm_gazebo/lib:/home/mk/dev_ws/install/xarm_controller/lib:/home/mk/dev_ws/install/xarm_api/lib:/home/mk/dev_ws/install/xarm_sdk/lib:/home/mk/dev_ws/install/rviz_robot_control_panel/lib:/home/mk/dev_ws/install/xarm_msgs/lib:/home/mk/dev_ws/install/whisper_server/lib:/home/mk/dev_ws/install/transcript_manager/lib:/home/mk/dev_ws/install/whisper_util/lib:/home/mk/dev_ws/install/whisper_idl/lib:/home/mk/dev_ws/install/realsense_gazebo_plugin/lib:/home/mk/dev_ws/install/my_3d_vision_bringup/lib:/usr/lib/x86_64-linux-gnu/gazebo-11/plugins:/opt/ros/humble/opt/rviz_ogre_vendor/lib:/opt/ros/humble/lib/x86_64-linux-gnu:/opt/ros/humble/lib /usr/bin/cmake --install /home/mk/dev_ws/build/whisper_util
[2.437s] Level 1:colcon.colcon_core.environment:checking '/home/mk/dev_ws/install/whisper_util' for CMake config files
[2.438s] Level 1:colcon.colcon_core.shell:create_environment_hook('whisper_util', 'cmake_prefix_path')
[2.438s] INFO:colcon.colcon_core.shell:Creating environment hook '/home/mk/dev_ws/install/whisper_util/share/whisper_util/hook/cmake_prefix_path.ps1'
[2.438s] INFO:colcon.colcon_core.shell:Creating environment descriptor '/home/mk/dev_ws/install/whisper_util/share/whisper_util/hook/cmake_prefix_path.dsv'
[2.438s] INFO:colcon.colcon_core.shell:Creating environment hook '/home/mk/dev_ws/install/whisper_util/share/whisper_util/hook/cmake_prefix_path.sh'
[2.438s] Level 1:colcon.colcon_core.environment:checking '/home/mk/dev_ws/install/whisper_util/lib'
[2.438s] Level 1:colcon.colcon_core.shell:create_environment_hook('whisper_util', 'ld_library_path_lib')
[2.439s] INFO:colcon.colcon_core.shell:Creating environment hook '/home/mk/dev_ws/install/whisper_util/share/whisper_util/hook/ld_library_path_lib.ps1'
[2.439s] INFO:colcon.colcon_core.shell:Creating environment descriptor '/home/mk/dev_ws/install/whisper_util/share/whisper_util/hook/ld_library_path_lib.dsv'
[2.439s] INFO:colcon.colcon_core.shell:Creating environment hook '/home/mk/dev_ws/install/whisper_util/share/whisper_util/hook/ld_library_path_lib.sh'
[2.439s] Level 1:colcon.colcon_core.environment:checking '/home/mk/dev_ws/install/whisper_util/bin'
[2.439s] Level 1:colcon.colcon_core.environment:checking '/home/mk/dev_ws/install/whisper_util/lib/pkgconfig/whisper_util.pc'
[2.439s] Level 1:colcon.colcon_core.environment:checking '/home/mk/dev_ws/install/whisper_util/lib/python3.10/site-packages'
[2.439s] Level 1:colcon.colcon_core.environment:checking '/home/mk/dev_ws/install/whisper_util/bin'
[2.440s] INFO:colcon.colcon_core.shell:Creating package script '/home/mk/dev_ws/install/whisper_util/share/whisper_util/package.ps1'
[2.440s] INFO:colcon.colcon_core.shell:Creating package descriptor '/home/mk/dev_ws/install/whisper_util/share/whisper_util/package.dsv'
[2.440s] INFO:colcon.colcon_core.shell:Creating package script '/home/mk/dev_ws/install/whisper_util/share/whisper_util/package.sh'
[2.440s] INFO:colcon.colcon_core.shell:Creating package script '/home/mk/dev_ws/install/whisper_util/share/whisper_util/package.bash'
[2.441s] INFO:colcon.colcon_core.shell:Creating package script '/home/mk/dev_ws/install/whisper_util/share/whisper_util/package.zsh'
[2.441s] Level 1:colcon.colcon_core.environment:create_file_with_runtime_dependencies(/home/mk/dev_ws/install/whisper_util/share/colcon-core/packages/whisper_util)
[2.441s] Level 1:colcon.colcon_core.environment:create_environment_scripts_only(whisper_util)
[2.441s] Level 1:colcon.colcon_core.environment:checking '/home/mk/dev_ws/install/whisper_util' for CMake module files
[2.441s] Level 1:colcon.colcon_core.environment:checking '/home/mk/dev_ws/install/whisper_util' for CMake config files
[2.442s] Level 1:colcon.colcon_core.shell:create_environment_hook('whisper_util', 'cmake_prefix_path')
[2.442s] INFO:colcon.colcon_core.shell:Creating environment hook '/home/mk/dev_ws/install/whisper_util/share/whisper_util/hook/cmake_prefix_path.ps1'
[2.442s] INFO:colcon.colcon_core.shell:Creating environment descriptor '/home/mk/dev_ws/install/whisper_util/share/whisper_util/hook/cmake_prefix_path.dsv'
[2.442s] INFO:colcon.colcon_core.shell:Creating environment hook '/home/mk/dev_ws/install/whisper_util/share/whisper_util/hook/cmake_prefix_path.sh'
[2.442s] Level 1:colcon.colcon_core.environment:checking '/home/mk/dev_ws/install/whisper_util/lib'
[2.442s] Level 1:colcon.colcon_core.shell:create_environment_hook('whisper_util', 'ld_library_path_lib')
[2.442s] INFO:colcon.colcon_core.shell:Creating environment hook '/home/mk/dev_ws/install/whisper_util/share/whisper_util/hook/ld_library_path_lib.ps1'
[2.443s] INFO:colcon.colcon_core.shell:Creating environment descriptor '/home/mk/dev_ws/install/whisper_util/share/whisper_util/hook/ld_library_path_lib.dsv'
[2.443s] INFO:colcon.colcon_core.shell:Creating environment hook '/home/mk/dev_ws/install/whisper_util/share/whisper_util/hook/ld_library_path_lib.sh'
[2.443s] Level 1:colcon.colcon_core.environment:checking '/home/mk/dev_ws/install/whisper_util/bin'
[2.443s] Level 1:colcon.colcon_core.environment:checking '/home/mk/dev_ws/install/whisper_util/lib/pkgconfig/whisper_util.pc'
[2.443s] Level 1:colcon.colcon_core.environment:checking '/home/mk/dev_ws/install/whisper_util/lib/python3.10/site-packages'
[2.444s] Level 1:colcon.colcon_core.environment:checking '/home/mk/dev_ws/install/whisper_util/bin'
[2.444s] INFO:colcon.colcon_core.shell:Creating package script '/home/mk/dev_ws/install/whisper_util/share/whisper_util/package.ps1'
[2.445s] INFO:colcon.colcon_core.shell:Creating package descriptor '/home/mk/dev_ws/install/whisper_util/share/whisper_util/package.dsv'
[2.445s] INFO:colcon.colcon_core.shell:Creating package script '/home/mk/dev_ws/install/whisper_util/share/whisper_util/package.sh'
[2.446s] INFO:colcon.colcon_core.shell:Creating package script '/home/mk/dev_ws/install/whisper_util/share/whisper_util/package.bash'
[2.446s] INFO:colcon.colcon_core.shell:Creating package script '/home/mk/dev_ws/install/whisper_util/share/whisper_util/package.zsh'
[2.446s] Level 1:colcon.colcon_core.environment:create_file_with_runtime_dependencies(/home/mk/dev_ws/install/whisper_util/share/colcon-core/packages/whisper_util)
[2.448s] Level 1:colcon.colcon_core.shell:create_environment_hook('rviz_servo_status_overlay', 'pythonpath_develop')
[2.448s] INFO:colcon.colcon_core.shell:Creating environment hook '/home/mk/dev_ws/build/rviz_servo_status_overlay/share/rviz_servo_status_overlay/hook/pythonpath_develop.ps1'
[2.448s] DEBUG:colcon.colcon_core.event_handler.log_command:Invoked command in '/home/mk/dev_ws/build/rviz_servo_status_overlay' returned '0': PYTHONPATH=/home/mk/dev_ws/build/rviz_servo_status_overlay/prefix_override:/usr/lib/python3/dist-packages/colcon_core/task/python/colcon_distutils_commands:/home/mk/dev_ws/install/rviz_servo_status_overlay/lib/python3.10/site-packages:${PYTHONPATH} /usr/bin/python3 -W ignore:setup.py install is deprecated -W ignore:easy_install command is deprecated setup.py develop --editable --build-directory /home/mk/dev_ws/build/rviz_servo_status_overlay/build --no-deps symlink_data --force
[2.449s] INFO:colcon.colcon_core.shell:Creating environment descriptor '/home/mk/dev_ws/build/rviz_servo_status_overlay/share/rviz_servo_status_overlay/hook/pythonpath_develop.dsv'
[2.449s] INFO:colcon.colcon_core.shell:Creating environment hook '/home/mk/dev_ws/build/rviz_servo_status_overlay/share/rviz_servo_status_overlay/hook/pythonpath_develop.sh'
[2.450s] Level 1:colcon.colcon_core.environment:checking '/home/mk/dev_ws/install/rviz_servo_status_overlay' for CMake module files
[2.450s] Level 1:colcon.colcon_core.environment:checking '/home/mk/dev_ws/install/rviz_servo_status_overlay' for CMake config files
[2.451s] Level 1:colcon.colcon_core.environment:checking '/home/mk/dev_ws/install/rviz_servo_status_overlay/lib'
[2.451s] Level 1:colcon.colcon_core.environment:checking '/home/mk/dev_ws/install/rviz_servo_status_overlay/bin'
[2.451s] Level 1:colcon.colcon_core.environment:checking '/home/mk/dev_ws/install/rviz_servo_status_overlay/lib/pkgconfig/rviz_servo_status_overlay.pc'
[2.451s] Level 1:colcon.colcon_core.environment:checking '/home/mk/dev_ws/install/rviz_servo_status_overlay/lib/python3.10/site-packages'
[2.451s] Level 1:colcon.colcon_core.shell:create_environment_hook('rviz_servo_status_overlay', 'pythonpath')
[2.451s] INFO:colcon.colcon_core.shell:Creating environment hook '/home/mk/dev_ws/install/rviz_servo_status_overlay/share/rviz_servo_status_overlay/hook/pythonpath.ps1'
[2.452s] INFO:colcon.colcon_core.shell:Creating environment descriptor '/home/mk/dev_ws/install/rviz_servo_status_overlay/share/rviz_servo_status_overlay/hook/pythonpath.dsv'
[2.452s] INFO:colcon.colcon_core.shell:Creating environment hook '/home/mk/dev_ws/install/rviz_servo_status_overlay/share/rviz_servo_status_overlay/hook/pythonpath.sh'
[2.453s] Level 1:colcon.colcon_core.environment:checking '/home/mk/dev_ws/install/rviz_servo_status_overlay/bin'
[2.453s] Level 1:colcon.colcon_core.environment:create_environment_scripts_only(rviz_servo_status_overlay)
[2.453s] INFO:colcon.colcon_core.shell:Creating package script '/home/mk/dev_ws/install/rviz_servo_status_overlay/share/rviz_servo_status_overlay/package.ps1'
[2.454s] INFO:colcon.colcon_core.shell:Creating package descriptor '/home/mk/dev_ws/install/rviz_servo_status_overlay/share/rviz_servo_status_overlay/package.dsv'
[2.454s] INFO:colcon.colcon_core.shell:Creating package script '/home/mk/dev_ws/install/rviz_servo_status_overlay/share/rviz_servo_status_overlay/package.sh'
[2.454s] INFO:colcon.colcon_core.shell:Creating package script '/home/mk/dev_ws/install/rviz_servo_status_overlay/share/rviz_servo_status_overlay/package.bash'
[2.454s] INFO:colcon.colcon_core.shell:Creating package script '/home/mk/dev_ws/install/rviz_servo_status_overlay/share/rviz_servo_status_overlay/package.zsh'
[2.455s] Level 1:colcon.colcon_core.environment:create_file_with_runtime_dependencies(/home/mk/dev_ws/install/rviz_servo_status_overlay/share/colcon-core/packages/rviz_servo_status_overlay)
[2.455s] Level 1:colcon.colcon_core.shell:create_environment_hook('collision_check', 'pythonpath_develop')
[2.455s] INFO:colcon.colcon_core.shell:Creating environment hook '/home/mk/dev_ws/build/collision_check/share/collision_check/hook/pythonpath_develop.ps1'
[2.455s] INFO:colcon.colcon_core.shell:Creating environment descriptor '/home/mk/dev_ws/build/collision_check/share/collision_check/hook/pythonpath_develop.dsv'
[2.455s] INFO:colcon.colcon_core.shell:Creating environment hook '/home/mk/dev_ws/build/collision_check/share/collision_check/hook/pythonpath_develop.sh'
[2.456s] Level 1:colcon.colcon_core.environment:checking '/home/mk/dev_ws/install/collision_check' for CMake module files
[2.456s] DEBUG:colcon.colcon_core.event_handler.log_command:Invoked command in '/home/mk/dev_ws/build/collision_check' returned '0': PYTHONPATH=/home/mk/dev_ws/build/collision_check/prefix_override:/usr/lib/python3/dist-packages/colcon_core/task/python/colcon_distutils_commands:/home/mk/dev_ws/install/collision_check/lib/python3.10/site-packages:${PYTHONPATH} /usr/bin/python3 -W ignore:setup.py install is deprecated -W ignore:easy_install command is deprecated setup.py develop --editable --build-directory /home/mk/dev_ws/build/collision_check/build --no-deps symlink_data --force
[2.456s] Level 1:colcon.colcon_core.environment:checking '/home/mk/dev_ws/install/collision_check' for CMake config files
[2.456s] Level 1:colcon.colcon_core.environment:checking '/home/mk/dev_ws/install/collision_check/lib'
[2.456s] Level 1:colcon.colcon_core.environment:checking '/home/mk/dev_ws/install/collision_check/bin'
[2.456s] Level 1:colcon.colcon_core.environment:checking '/home/mk/dev_ws/install/collision_check/lib/pkgconfig/collision_check.pc'
[2.457s] Level 1:colcon.colcon_core.environment:checking '/home/mk/dev_ws/install/collision_check/lib/python3.10/site-packages'
[2.457s] Level 1:colcon.colcon_core.shell:create_environment_hook('collision_check', 'pythonpath')
[2.457s] INFO:colcon.colcon_core.shell:Creating environment hook '/home/mk/dev_ws/install/collision_check/share/collision_check/hook/pythonpath.ps1'
[2.457s] INFO:colcon.colcon_core.shell:Creating environment descriptor '/home/mk/dev_ws/install/collision_check/share/collision_check/hook/pythonpath.dsv'
[2.457s] INFO:colcon.colcon_core.shell:Creating environment hook '/home/mk/dev_ws/install/collision_check/share/collision_check/hook/pythonpath.sh'
[2.457s] Level 1:colcon.colcon_core.environment:checking '/home/mk/dev_ws/install/collision_check/bin'
[2.457s] Level 1:colcon.colcon_core.environment:create_environment_scripts_only(collision_check)
[2.458s] INFO:colcon.colcon_core.shell:Creating package script '/home/mk/dev_ws/install/collision_check/share/collision_check/package.ps1'
[2.458s] INFO:colcon.colcon_core.shell:Creating package descriptor '/home/mk/dev_ws/install/collision_check/share/collision_check/package.dsv'
[2.458s] INFO:colcon.colcon_core.shell:Creating package script '/home/mk/dev_ws/install/collision_check/share/collision_check/package.sh'
[2.458s] INFO:colcon.colcon_core.shell:Creating package script '/home/mk/dev_ws/install/collision_check/share/collision_check/package.bash'
[2.458s] INFO:colcon.colcon_core.shell:Creating package script '/home/mk/dev_ws/install/collision_check/share/collision_check/package.zsh'
[2.459s] Level 1:colcon.colcon_core.environment:create_file_with_runtime_dependencies(/home/mk/dev_ws/install/collision_check/share/colcon-core/packages/collision_check)
[2.459s] Level 1:colcon.colcon_core.shell:create_environment_hook('rviz_marker_static_scene_objects', 'pythonpath_develop')
[2.459s] INFO:colcon.colcon_core.shell:Creating environment hook '/home/mk/dev_ws/build/rviz_marker_static_scene_objects/share/rviz_marker_static_scene_objects/hook/pythonpath_develop.ps1'
[2.459s] INFO:colcon.colcon_core.shell:Creating environment descriptor '/home/mk/dev_ws/build/rviz_marker_static_scene_objects/share/rviz_marker_static_scene_objects/hook/pythonpath_develop.dsv'
[2.459s] DEBUG:colcon.colcon_core.event_handler.log_command:Invoked command in '/home/mk/dev_ws/build/rviz_marker_static_scene_objects' returned '0': PYTHONPATH=/home/mk/dev_ws/build/rviz_marker_static_scene_objects/prefix_override:/usr/lib/python3/dist-packages/colcon_core/task/python/colcon_distutils_commands:/home/mk/dev_ws/install/rviz_marker_static_scene_objects/lib/python3.10/site-packages:${PYTHONPATH} /usr/bin/python3 -W ignore:setup.py install is deprecated -W ignore:easy_install command is deprecated setup.py develop --editable --build-directory /home/mk/dev_ws/build/rviz_marker_static_scene_objects/build --no-deps symlink_data --force
[2.460s] INFO:colcon.colcon_core.shell:Creating environment hook '/home/mk/dev_ws/build/rviz_marker_static_scene_objects/share/rviz_marker_static_scene_objects/hook/pythonpath_develop.sh'
[2.460s] Level 1:colcon.colcon_core.environment:checking '/home/mk/dev_ws/install/rviz_marker_static_scene_objects' for CMake module files
[2.460s] Level 1:colcon.colcon_core.environment:checking '/home/mk/dev_ws/install/rviz_marker_static_scene_objects' for CMake config files
[2.460s] Level 1:colcon.colcon_core.environment:checking '/home/mk/dev_ws/install/rviz_marker_static_scene_objects/lib'
[2.460s] Level 1:colcon.colcon_core.environment:checking '/home/mk/dev_ws/install/rviz_marker_static_scene_objects/bin'
[2.460s] Level 1:colcon.colcon_core.environment:checking '/home/mk/dev_ws/install/rviz_marker_static_scene_objects/lib/pkgconfig/rviz_marker_static_scene_objects.pc'
[2.460s] Level 1:colcon.colcon_core.environment:checking '/home/mk/dev_ws/install/rviz_marker_static_scene_objects/lib/python3.10/site-packages'
[2.460s] Level 1:colcon.colcon_core.shell:create_environment_hook('rviz_marker_static_scene_objects', 'pythonpath')
[2.461s] INFO:colcon.colcon_core.shell:Creating environment hook '/home/mk/dev_ws/install/rviz_marker_static_scene_objects/share/rviz_marker_static_scene_objects/hook/pythonpath.ps1'
[2.461s] INFO:colcon.colcon_core.shell:Creating environment descriptor '/home/mk/dev_ws/install/rviz_marker_static_scene_objects/share/rviz_marker_static_scene_objects/hook/pythonpath.dsv'
[2.461s] INFO:colcon.colcon_core.shell:Creating environment hook '/home/mk/dev_ws/install/rviz_marker_static_scene_objects/share/rviz_marker_static_scene_objects/hook/pythonpath.sh'
[2.461s] Level 1:colcon.colcon_core.environment:checking '/home/mk/dev_ws/install/rviz_marker_static_scene_objects/bin'
[2.461s] Level 1:colcon.colcon_core.environment:create_environment_scripts_only(rviz_marker_static_scene_objects)
[2.461s] INFO:colcon.colcon_core.shell:Creating package script '/home/mk/dev_ws/install/rviz_marker_static_scene_objects/share/rviz_marker_static_scene_objects/package.ps1'
[2.462s] INFO:colcon.colcon_core.shell:Creating package descriptor '/home/mk/dev_ws/install/rviz_marker_static_scene_objects/share/rviz_marker_static_scene_objects/package.dsv'
[2.462s] INFO:colcon.colcon_core.shell:Creating package script '/home/mk/dev_ws/install/rviz_marker_static_scene_objects/share/rviz_marker_static_scene_objects/package.sh'
[2.462s] INFO:colcon.colcon_core.shell:Creating package script '/home/mk/dev_ws/install/rviz_marker_static_scene_objects/share/rviz_marker_static_scene_objects/package.bash'
[2.462s] INFO:colcon.colcon_core.shell:Creating package script '/home/mk/dev_ws/install/rviz_marker_static_scene_objects/share/rviz_marker_static_scene_objects/package.zsh'
[2.462s] Level 1:colcon.colcon_core.environment:create_file_with_runtime_dependencies(/home/mk/dev_ws/install/rviz_marker_static_scene_objects/share/colcon-core/packages/rviz_marker_static_scene_objects)
[2.463s] Level 1:colcon.colcon_core.shell:create_environment_hook('robot_motion_handler_movegroup', 'pythonpath_develop')
[2.463s] INFO:colcon.colcon_core.shell:Creating environment hook '/home/mk/dev_ws/build/robot_motion_handler_movegroup/share/robot_motion_handler_movegroup/hook/pythonpath_develop.ps1'
[2.463s] DEBUG:colcon.colcon_core.event_handler.log_command:Invoked command in '/home/mk/dev_ws/build/robot_motion_handler_movegroup' returned '0': PYTHONPATH=/home/mk/dev_ws/build/robot_motion_handler_movegroup/prefix_override:/usr/lib/python3/dist-packages/colcon_core/task/python/colcon_distutils_commands:/home/mk/dev_ws/install/robot_motion_handler_movegroup/lib/python3.10/site-packages:${PYTHONPATH} /usr/bin/python3 -W ignore:setup.py install is deprecated -W ignore:easy_install command is deprecated setup.py develop --editable --build-directory /home/mk/dev_ws/build/robot_motion_handler_movegroup/build --no-deps symlink_data --force
[2.463s] INFO:colcon.colcon_core.shell:Creating environment descriptor '/home/mk/dev_ws/build/robot_motion_handler_movegroup/share/robot_motion_handler_movegroup/hook/pythonpath_develop.dsv'
[2.463s] INFO:colcon.colcon_core.shell:Creating environment hook '/home/mk/dev_ws/build/robot_motion_handler_movegroup/share/robot_motion_handler_movegroup/hook/pythonpath_develop.sh'
[2.464s] Level 1:colcon.colcon_core.environment:checking '/home/mk/dev_ws/install/robot_motion_handler_movegroup' for CMake module files
[2.464s] Level 1:colcon.colcon_core.environment:checking '/home/mk/dev_ws/install/robot_motion_handler_movegroup' for CMake config files
[2.464s] Level 1:colcon.colcon_core.environment:checking '/home/mk/dev_ws/install/robot_motion_handler_movegroup/lib'
[2.464s] Level 1:colcon.colcon_core.environment:checking '/home/mk/dev_ws/install/robot_motion_handler_movegroup/bin'
[2.464s] Level 1:colcon.colcon_core.environment:checking '/home/mk/dev_ws/install/robot_motion_handler_movegroup/lib/pkgconfig/robot_motion_handler_movegroup.pc'
[2.464s] Level 1:colcon.colcon_core.environment:checking '/home/mk/dev_ws/install/robot_motion_handler_movegroup/lib/python3.10/site-packages'
[2.465s] Level 1:colcon.colcon_core.shell:create_environment_hook('robot_motion_handler_movegroup', 'pythonpath')
[2.465s] INFO:colcon.colcon_core.shell:Creating environment hook '/home/mk/dev_ws/install/robot_motion_handler_movegroup/share/robot_motion_handler_movegroup/hook/pythonpath.ps1'
[2.465s] INFO:colcon.colcon_core.shell:Creating environment descriptor '/home/mk/dev_ws/install/robot_motion_handler_movegroup/share/robot_motion_handler_movegroup/hook/pythonpath.dsv'
[2.465s] INFO:colcon.colcon_core.shell:Creating environment hook '/home/mk/dev_ws/install/robot_motion_handler_movegroup/share/robot_motion_handler_movegroup/hook/pythonpath.sh'
[2.465s] Level 1:colcon.colcon_core.environment:checking '/home/mk/dev_ws/install/robot_motion_handler_movegroup/bin'
[2.465s] Level 1:colcon.colcon_core.environment:create_environment_scripts_only(robot_motion_handler_movegroup)
[2.466s] INFO:colcon.colcon_core.shell:Creating package script '/home/mk/dev_ws/install/robot_motion_handler_movegroup/share/robot_motion_handler_movegroup/package.ps1'
[2.466s] INFO:colcon.colcon_core.shell:Creating package descriptor '/home/mk/dev_ws/install/robot_motion_handler_movegroup/share/robot_motion_handler_movegroup/package.dsv'
[2.466s] INFO:colcon.colcon_core.shell:Creating package script '/home/mk/dev_ws/install/robot_motion_handler_movegroup/share/robot_motion_handler_movegroup/package.sh'
[2.466s] INFO:colcon.colcon_core.shell:Creating package script '/home/mk/dev_ws/install/robot_motion_handler_movegroup/share/robot_motion_handler_movegroup/package.bash'
[2.466s] INFO:colcon.colcon_core.shell:Creating package script '/home/mk/dev_ws/install/robot_motion_handler_movegroup/share/robot_motion_handler_movegroup/package.zsh'
[2.467s] Level 1:colcon.colcon_core.environment:create_file_with_runtime_dependencies(/home/mk/dev_ws/install/robot_motion_handler_movegroup/share/colcon-core/packages/robot_motion_handler_movegroup)
[2.467s] DEBUG:colcon.colcon_core.event_handler.log_command:Invoked command in '/home/mk/dev_ws/build/my_3d_vision_bringup' returned '0': CMAKE_PREFIX_PATH=${CMAKE_PREFIX_PATH}:/home/mk/dev_ws/install/yolo_object_detector:/home/mk/dev_ws/install/move_to_coordinator:/home/mk/dev_ws/install/motion_sequence:/home/mk/dev_ws/install/whisper_demos:/home/mk/dev_ws/install/voice_command_listener:/home/mk/dev_ws/install/uf_ros_lib:/home/mk/dev_ws/install/rviz_servo_status_overlay:/home/mk/dev_ws/install/rviz_marker_static_scene_objects:/home/mk/dev_ws/install/robot_motion_handler_movegroup:/home/mk/dev_ws/install/gaze_control:/home/mk/dev_ws/install/collision_check:/home/mk/dev_ws/install/audio_listener:/opt/ros/humble /usr/bin/cmake --build /home/mk/dev_ws/build/my_3d_vision_bringup -- -j20 -l20
[2.468s] DEBUG:colcon.colcon_core.event_handler.log_command:Invoking command in '/home/mk/dev_ws/build/my_3d_vision_bringup': CMAKE_PREFIX_PATH=${CMAKE_PREFIX_PATH}:/home/mk/dev_ws/install/yolo_object_detector:/home/mk/dev_ws/install/move_to_coordinator:/home/mk/dev_ws/install/motion_sequence:/home/mk/dev_ws/install/whisper_demos:/home/mk/dev_ws/install/voice_command_listener:/home/mk/dev_ws/install/uf_ros_lib:/home/mk/dev_ws/install/rviz_servo_status_overlay:/home/mk/dev_ws/install/rviz_marker_static_scene_objects:/home/mk/dev_ws/install/robot_motion_handler_movegroup:/home/mk/dev_ws/install/gaze_control:/home/mk/dev_ws/install/collision_check:/home/mk/dev_ws/install/audio_listener:/opt/ros/humble /usr/bin/cmake --install /home/mk/dev_ws/build/my_3d_vision_bringup
[2.468s] Level 1:colcon.colcon_core.shell:create_environment_hook('gaze_control', 'pythonpath_develop')
[2.468s] INFO:colcon.colcon_core.shell:Creating environment hook '/home/mk/dev_ws/build/gaze_control/share/gaze_control/hook/pythonpath_develop.ps1'
[2.468s] DEBUG:colcon.colcon_core.event_handler.log_command:Invoked command in '/home/mk/dev_ws/build/gaze_control' returned '0': PYTHONPATH=/home/mk/dev_ws/build/gaze_control/prefix_override:/usr/lib/python3/dist-packages/colcon_core/task/python/colcon_distutils_commands:/home/mk/dev_ws/install/gaze_control/lib/python3.10/site-packages:${PYTHONPATH} /usr/bin/python3 -W ignore:setup.py install is deprecated -W ignore:easy_install command is deprecated setup.py develop --editable --build-directory /home/mk/dev_ws/build/gaze_control/build --no-deps symlink_data --force
[2.469s] INFO:colcon.colcon_core.shell:Creating environment descriptor '/home/mk/dev_ws/build/gaze_control/share/gaze_control/hook/pythonpath_develop.dsv'
[2.469s] INFO:colcon.colcon_core.shell:Creating environment hook '/home/mk/dev_ws/build/gaze_control/share/gaze_control/hook/pythonpath_develop.sh'
[2.469s] Level 1:colcon.colcon_core.environment:checking '/home/mk/dev_ws/install/gaze_control' for CMake module files
[2.469s] Level 1:colcon.colcon_core.environment:checking '/home/mk/dev_ws/install/gaze_control' for CMake config files
[2.469s] Level 1:colcon.colcon_core.environment:checking '/home/mk/dev_ws/install/gaze_control/lib'
[2.469s] Level 1:colcon.colcon_core.environment:checking '/home/mk/dev_ws/install/gaze_control/bin'
[2.470s] Level 1:colcon.colcon_core.environment:checking '/home/mk/dev_ws/install/gaze_control/lib/pkgconfig/gaze_control.pc'
[2.470s] Level 1:colcon.colcon_core.environment:checking '/home/mk/dev_ws/install/gaze_control/lib/python3.10/site-packages'
[2.470s] Level 1:colcon.colcon_core.shell:create_environment_hook('gaze_control', 'pythonpath')
[2.470s] INFO:colcon.colcon_core.shell:Creating environment hook '/home/mk/dev_ws/install/gaze_control/share/gaze_control/hook/pythonpath.ps1'
[2.470s] INFO:colcon.colcon_core.shell:Creating environment descriptor '/home/mk/dev_ws/install/gaze_control/share/gaze_control/hook/pythonpath.dsv'
[2.470s] INFO:colcon.colcon_core.shell:Creating environment hook '/home/mk/dev_ws/install/gaze_control/share/gaze_control/hook/pythonpath.sh'
[2.470s] Level 1:colcon.colcon_core.environment:checking '/home/mk/dev_ws/install/gaze_control/bin'
[2.471s] Level 1:colcon.colcon_core.environment:create_environment_scripts_only(gaze_control)
[2.471s] INFO:colcon.colcon_core.shell:Creating package script '/home/mk/dev_ws/install/gaze_control/share/gaze_control/package.ps1'
[2.471s] INFO:colcon.colcon_core.shell:Creating package descriptor '/home/mk/dev_ws/install/gaze_control/share/gaze_control/package.dsv'
[2.471s] INFO:colcon.colcon_core.shell:Creating package script '/home/mk/dev_ws/install/gaze_control/share/gaze_control/package.sh'
[2.471s] INFO:colcon.colcon_core.shell:Creating package script '/home/mk/dev_ws/install/gaze_control/share/gaze_control/package.bash'
[2.472s] INFO:colcon.colcon_core.shell:Creating package script '/home/mk/dev_ws/install/gaze_control/share/gaze_control/package.zsh'
[2.472s] Level 1:colcon.colcon_core.environment:create_file_with_runtime_dependencies(/home/mk/dev_ws/install/gaze_control/share/colcon-core/packages/gaze_control)
[2.472s] INFO:colcon.colcon_ros.task.ament_cmake.build:Building ROS package in '/home/mk/dev_ws/src/ros2_whisper/whisper_server' with build type 'ament_cmake'
[2.472s] INFO:colcon.colcon_cmake.task.cmake.build:Building CMake package in '/home/mk/dev_ws/src/ros2_whisper/whisper_server'
[2.472s] INFO:colcon.colcon_core.shell:Skip shell extension 'powershell' for command environment: Not usable outside of PowerShell
[2.472s] DEBUG:colcon.colcon_core.shell:Skip shell extension 'dsv' for command environment
[2.475s] INFO:colcon.colcon_ros.task.ament_cmake.build:Building ROS package in '/home/mk/dev_ws/src/ros2_whisper/transcript_manager' with build type 'ament_cmake'
[2.476s] INFO:colcon.colcon_cmake.task.cmake.build:Building CMake package in '/home/mk/dev_ws/src/ros2_whisper/transcript_manager'
[2.476s] INFO:colcon.colcon_core.shell:Skip shell extension 'powershell' for command environment: Not usable outside of PowerShell
[2.476s] DEBUG:colcon.colcon_core.shell:Skip shell extension 'dsv' for command environment
[2.481s] Level 1:colcon.colcon_core.shell:create_environment_hook('yolo_object_detector', 'pythonpath_develop')
[2.481s] INFO:colcon.colcon_core.shell:Creating environment hook '/home/mk/dev_ws/build/yolo_object_detector/share/yolo_object_detector/hook/pythonpath_develop.ps1'
[2.481s] DEBUG:colcon.colcon_core.event_handler.log_command:Invoked command in '/home/mk/dev_ws/build/yolo_object_detector' returned '0': PYTHONPATH=/home/mk/dev_ws/build/yolo_object_detector/prefix_override:/usr/lib/python3/dist-packages/colcon_core/task/python/colcon_distutils_commands:/home/mk/dev_ws/install/yolo_object_detector/lib/python3.10/site-packages:${PYTHONPATH} /usr/bin/python3 -W ignore:setup.py install is deprecated -W ignore:easy_install command is deprecated setup.py develop --editable --build-directory /home/mk/dev_ws/build/yolo_object_detector/build --no-deps symlink_data --force
[2.481s] INFO:colcon.colcon_core.shell:Creating environment descriptor '/home/mk/dev_ws/build/yolo_object_detector/share/yolo_object_detector/hook/pythonpath_develop.dsv'
[2.481s] INFO:colcon.colcon_core.shell:Creating environment hook '/home/mk/dev_ws/build/yolo_object_detector/share/yolo_object_detector/hook/pythonpath_develop.sh'
[2.482s] Level 1:colcon.colcon_core.environment:checking '/home/mk/dev_ws/install/yolo_object_detector' for CMake module files
[2.482s] Level 1:colcon.colcon_core.environment:checking '/home/mk/dev_ws/install/yolo_object_detector' for CMake config files
[2.482s] Level 1:colcon.colcon_core.environment:checking '/home/mk/dev_ws/install/yolo_object_detector/lib'
[2.482s] Level 1:colcon.colcon_core.environment:checking '/home/mk/dev_ws/install/yolo_object_detector/bin'
[2.482s] Level 1:colcon.colcon_core.environment:checking '/home/mk/dev_ws/install/yolo_object_detector/lib/pkgconfig/yolo_object_detector.pc'
[2.482s] Level 1:colcon.colcon_core.environment:checking '/home/mk/dev_ws/install/yolo_object_detector/lib/python3.10/site-packages'
[2.482s] Level 1:colcon.colcon_core.shell:create_environment_hook('yolo_object_detector', 'pythonpath')
[2.482s] INFO:colcon.colcon_core.shell:Creating environment hook '/home/mk/dev_ws/install/yolo_object_detector/share/yolo_object_detector/hook/pythonpath.ps1'
[2.483s] INFO:colcon.colcon_core.shell:Creating environment descriptor '/home/mk/dev_ws/install/yolo_object_detector/share/yolo_object_detector/hook/pythonpath.dsv'
[2.483s] INFO:colcon.colcon_core.shell:Creating environment hook '/home/mk/dev_ws/install/yolo_object_detector/share/yolo_object_detector/hook/pythonpath.sh'
[2.483s] Level 1:colcon.colcon_core.environment:checking '/home/mk/dev_ws/install/yolo_object_detector/bin'
[2.483s] Level 1:colcon.colcon_core.environment:create_environment_scripts_only(yolo_object_detector)
[2.483s] INFO:colcon.colcon_core.shell:Creating package script '/home/mk/dev_ws/install/yolo_object_detector/share/yolo_object_detector/package.ps1'
[2.484s] INFO:colcon.colcon_core.shell:Creating package descriptor '/home/mk/dev_ws/install/yolo_object_detector/share/yolo_object_detector/package.dsv'
[2.484s] INFO:colcon.colcon_core.shell:Creating package script '/home/mk/dev_ws/install/yolo_object_detector/share/yolo_object_detector/package.sh'
[2.484s] INFO:colcon.colcon_core.shell:Creating package script '/home/mk/dev_ws/install/yolo_object_detector/share/yolo_object_detector/package.bash'
[2.484s] INFO:colcon.colcon_core.shell:Creating package script '/home/mk/dev_ws/install/yolo_object_detector/share/yolo_object_detector/package.zsh'
[2.484s] Level 1:colcon.colcon_core.environment:create_file_with_runtime_dependencies(/home/mk/dev_ws/install/yolo_object_detector/share/colcon-core/packages/yolo_object_detector)
[2.485s] Level 1:colcon.colcon_core.shell:create_environment_hook('uf_ros_lib', 'pythonpath_develop')
[2.485s] INFO:colcon.colcon_core.shell:Creating environment hook '/home/mk/dev_ws/build/uf_ros_lib/share/uf_ros_lib/hook/pythonpath_develop.ps1'
[2.485s] DEBUG:colcon.colcon_core.event_handler.log_command:Invoked command in '/home/mk/dev_ws/build/uf_ros_lib' returned '0': PYTHONPATH=/home/mk/dev_ws/build/uf_ros_lib/prefix_override:/usr/lib/python3/dist-packages/colcon_core/task/python/colcon_distutils_commands:/home/mk/dev_ws/install/uf_ros_lib/lib/python3.10/site-packages:${PYTHONPATH} /usr/bin/python3 -W ignore:setup.py install is deprecated -W ignore:easy_install command is deprecated setup.py develop --editable --build-directory /home/mk/dev_ws/build/uf_ros_lib/build --no-deps symlink_data --force
[2.485s] INFO:colcon.colcon_core.shell:Creating environment descriptor '/home/mk/dev_ws/build/uf_ros_lib/share/uf_ros_lib/hook/pythonpath_develop.dsv'
[2.486s] INFO:colcon.colcon_core.shell:Creating environment hook '/home/mk/dev_ws/build/uf_ros_lib/share/uf_ros_lib/hook/pythonpath_develop.sh'
[2.486s] Level 1:colcon.colcon_core.environment:checking '/home/mk/dev_ws/install/uf_ros_lib' for CMake module files
[2.486s] Level 1:colcon.colcon_core.environment:checking '/home/mk/dev_ws/install/uf_ros_lib' for CMake config files
[2.486s] Level 1:colcon.colcon_core.environment:checking '/home/mk/dev_ws/install/uf_ros_lib/lib'
[2.486s] Level 1:colcon.colcon_core.environment:checking '/home/mk/dev_ws/install/uf_ros_lib/bin'
[2.486s] Level 1:colcon.colcon_core.environment:checking '/home/mk/dev_ws/install/uf_ros_lib/lib/pkgconfig/uf_ros_lib.pc'
[2.486s] Level 1:colcon.colcon_core.environment:checking '/home/mk/dev_ws/install/uf_ros_lib/lib/python3.10/site-packages'
[2.486s] Level 1:colcon.colcon_core.shell:create_environment_hook('uf_ros_lib', 'pythonpath')
[2.487s] INFO:colcon.colcon_core.shell:Creating environment hook '/home/mk/dev_ws/install/uf_ros_lib/share/uf_ros_lib/hook/pythonpath.ps1'
[2.487s] INFO:colcon.colcon_core.shell:Creating environment descriptor '/home/mk/dev_ws/install/uf_ros_lib/share/uf_ros_lib/hook/pythonpath.dsv'
[2.487s] INFO:colcon.colcon_core.shell:Creating environment hook '/home/mk/dev_ws/install/uf_ros_lib/share/uf_ros_lib/hook/pythonpath.sh'
[2.487s] Level 1:colcon.colcon_core.environment:checking '/home/mk/dev_ws/install/uf_ros_lib/bin'
[2.487s] Level 1:colcon.colcon_core.environment:create_environment_scripts_only(uf_ros_lib)
[2.487s] INFO:colcon.colcon_core.shell:Creating package script '/home/mk/dev_ws/install/uf_ros_lib/share/uf_ros_lib/package.ps1'
[2.488s] INFO:colcon.colcon_core.shell:Creating package descriptor '/home/mk/dev_ws/install/uf_ros_lib/share/uf_ros_lib/package.dsv'
[2.488s] INFO:colcon.colcon_core.shell:Creating package script '/home/mk/dev_ws/install/uf_ros_lib/share/uf_ros_lib/package.sh'
[2.488s] INFO:colcon.colcon_core.shell:Creating package script '/home/mk/dev_ws/install/uf_ros_lib/share/uf_ros_lib/package.bash'
[2.488s] INFO:colcon.colcon_core.shell:Creating package script '/home/mk/dev_ws/install/uf_ros_lib/share/uf_ros_lib/package.zsh'
[2.489s] Level 1:colcon.colcon_core.environment:create_file_with_runtime_dependencies(/home/mk/dev_ws/install/uf_ros_lib/share/colcon-core/packages/uf_ros_lib)
[2.494s] DEBUG:colcon.colcon_core.event_handler.log_command:Invoking command in '/home/mk/dev_ws/build/xarm_api': CMAKE_PREFIX_PATH=/home/mk/dev_ws/install/xarm_sdk:/home/mk/dev_ws/install/xarm_msgs:/home/mk/dev_ws/install/xarm_description:/home/mk/dev_ws/install/zed_ros2:/home/mk/dev_ws/install/zed_wrapper:/home/mk/dev_ws/install/zed_components:/home/mk/dev_ws/install/zed_interfaces:/home/mk/dev_ws/install/xarm_planner:/home/mk/dev_ws/install/xarm_moveit_servo:/home/mk/dev_ws/install/xarm_moveit_config:/home/mk/dev_ws/install/xarm_gazebo:/home/mk/dev_ws/install/xarm_controller:/home/mk/dev_ws/install/xarm_api:/home/mk/dev_ws/install/rviz_robot_control_panel:/home/mk/dev_ws/install/whisper_bringup:/home/mk/dev_ws/install/whisper_server:/home/mk/dev_ws/install/transcript_manager:/home/mk/dev_ws/install/whisper_util:/home/mk/dev_ws/install/whisper_idl:/home/mk/dev_ws/install/whisper_cpp_vendor:/home/mk/dev_ws/install/realsense_gazebo_plugin:/home/mk/dev_ws/install/my_3d_vision_bringup:/home/mk/dev_ws/install/mbot_demo:/home/mk/dev_ws/install/yolo_object_detector:/home/mk/dev_ws/install/move_to_coordinator:/home/mk/dev_ws/install/motion_sequence:/home/mk/dev_ws/install/whisper_demos:/home/mk/dev_ws/install/voice_command_listener:/home/mk/dev_ws/install/uf_ros_lib:/home/mk/dev_ws/install/rviz_servo_status_overlay:/home/mk/dev_ws/install/rviz_marker_static_scene_objects:/home/mk/dev_ws/install/robot_motion_handler_movegroup:/home/mk/dev_ws/install/gaze_control:/home/mk/dev_ws/install/collision_check:/home/mk/dev_ws/install/audio_listener:/opt/ros/humble LD_LIBRARY_PATH=/home/mk/dev_ws/install/xarm_sdk/lib:/home/mk/dev_ws/install/xarm_msgs/lib:/usr/local/cuda-12.1/lib64:/home/mk/dev_ws/install/zed_components/lib:/home/mk/dev_ws/install/zed_interfaces/lib:/home/mk/dev_ws/install/xarm_planner/lib:/home/mk/dev_ws/install/xarm_moveit_servo/lib:/home/mk/dev_ws/install/xarm_gazebo/lib:/home/mk/dev_ws/install/xarm_controller/lib:/home/mk/dev_ws/install/xarm_api/lib:/home/mk/dev_ws/install/rviz_robot_control_panel/lib:/home/mk/dev_ws/install/whisper_server/lib:/home/mk/dev_ws/install/transcript_manager/lib:/home/mk/dev_ws/install/whisper_util/lib:/home/mk/dev_ws/install/whisper_idl/lib:/home/mk/dev_ws/install/whisper_cpp_vendor/lib:/home/mk/dev_ws/install/realsense_gazebo_plugin/lib:/home/mk/dev_ws/install/my_3d_vision_bringup/lib:/usr/lib/x86_64-linux-gnu/gazebo-11/plugins:/opt/ros/humble/opt/rviz_ogre_vendor/lib:/opt/ros/humble/lib/x86_64-linux-gnu:/opt/ros/humble/lib /usr/bin/cmake /home/mk/dev_ws/src/xarm_ros2/xarm_api -DAMENT_CMAKE_SYMLINK_INSTALL=1 -DCMAKE_INSTALL_PREFIX=/home/mk/dev_ws/install/xarm_api
[2.643s] INFO:colcon.colcon_core.task.python.build:Building Python package in '/home/mk/dev_ws/src/motion_sequence'
[2.643s] INFO:colcon.colcon_core.shell:Skip shell extension 'powershell' for command environment: Not usable outside of PowerShell
[2.643s] DEBUG:colcon.colcon_core.shell:Skip shell extension 'dsv' for command environment
[2.795s] INFO:colcon.colcon_core.task.python.build:Building Python package in '/home/mk/dev_ws/src/move_to_coordinator'
[2.795s] INFO:colcon.colcon_core.shell:Skip shell extension 'powershell' for command environment: Not usable outside of PowerShell
[2.795s] DEBUG:colcon.colcon_core.shell:Skip shell extension 'dsv' for command environment
[2.801s] DEBUG:colcon.colcon_core.event_handler.log_command:Invoking command in '/home/mk/dev_ws/build/rviz_robot_control_panel': CMAKE_PREFIX_PATH=/home/mk/dev_ws/install/xarm_msgs:/home/mk/dev_ws/install/zed_ros2:/home/mk/dev_ws/install/zed_wrapper:/home/mk/dev_ws/install/zed_components:/home/mk/dev_ws/install/zed_interfaces:/home/mk/dev_ws/install/xarm_planner:/home/mk/dev_ws/install/xarm_moveit_servo:/home/mk/dev_ws/install/xarm_moveit_config:/home/mk/dev_ws/install/xarm_gazebo:/home/mk/dev_ws/install/xarm_controller:/home/mk/dev_ws/install/xarm_api:/home/mk/dev_ws/install/xarm_sdk:/home/mk/dev_ws/install/rviz_robot_control_panel:/home/mk/dev_ws/install/xarm_description:/home/mk/dev_ws/install/whisper_bringup:/home/mk/dev_ws/install/whisper_server:/home/mk/dev_ws/install/transcript_manager:/home/mk/dev_ws/install/whisper_util:/home/mk/dev_ws/install/whisper_idl:/home/mk/dev_ws/install/whisper_cpp_vendor:/home/mk/dev_ws/install/realsense_gazebo_plugin:/home/mk/dev_ws/install/my_3d_vision_bringup:/home/mk/dev_ws/install/mbot_demo:/home/mk/dev_ws/install/yolo_object_detector:/home/mk/dev_ws/install/move_to_coordinator:/home/mk/dev_ws/install/motion_sequence:/home/mk/dev_ws/install/whisper_demos:/home/mk/dev_ws/install/voice_command_listener:/home/mk/dev_ws/install/uf_ros_lib:/home/mk/dev_ws/install/rviz_servo_status_overlay:/home/mk/dev_ws/install/rviz_marker_static_scene_objects:/home/mk/dev_ws/install/robot_motion_handler_movegroup:/home/mk/dev_ws/install/gaze_control:/home/mk/dev_ws/install/collision_check:/home/mk/dev_ws/install/audio_listener:/opt/ros/humble LD_LIBRARY_PATH=/home/mk/dev_ws/install/xarm_msgs/lib:/usr/local/cuda-12.1/lib64:/home/mk/dev_ws/install/zed_components/lib:/home/mk/dev_ws/install/zed_interfaces/lib:/home/mk/dev_ws/install/xarm_planner/lib:/home/mk/dev_ws/install/xarm_moveit_servo/lib:/home/mk/dev_ws/install/xarm_gazebo/lib:/home/mk/dev_ws/install/xarm_controller/lib:/home/mk/dev_ws/install/xarm_api/lib:/home/mk/dev_ws/install/xarm_sdk/lib:/home/mk/dev_ws/install/rviz_robot_control_panel/lib:/home/mk/dev_ws/install/whisper_server/lib:/home/mk/dev_ws/install/transcript_manager/lib:/home/mk/dev_ws/install/whisper_util/lib:/home/mk/dev_ws/install/whisper_idl/lib:/home/mk/dev_ws/install/whisper_cpp_vendor/lib:/home/mk/dev_ws/install/realsense_gazebo_plugin/lib:/home/mk/dev_ws/install/my_3d_vision_bringup/lib:/usr/lib/x86_64-linux-gnu/gazebo-11/plugins:/opt/ros/humble/opt/rviz_ogre_vendor/lib:/opt/ros/humble/lib/x86_64-linux-gnu:/opt/ros/humble/lib /usr/bin/cmake /home/mk/dev_ws/src/rviz_robot_control_panel -DAMENT_CMAKE_SYMLINK_INSTALL=1 -DCMAKE_INSTALL_PREFIX=/home/mk/dev_ws/install/rviz_robot_control_panel
[2.801s] Level 1:colcon.colcon_core.shell:create_environment_hook('audio_listener', 'pythonpath_develop')
[2.801s] INFO:colcon.colcon_core.shell:Creating environment hook '/home/mk/dev_ws/build/audio_listener/share/audio_listener/hook/pythonpath_develop.ps1'
[2.802s] DEBUG:colcon.colcon_core.event_handler.log_command:Invoked command in '/home/mk/dev_ws/build/audio_listener' returned '0': PYTHONPATH=/home/mk/dev_ws/build/audio_listener/prefix_override:/usr/lib/python3/dist-packages/colcon_core/task/python/colcon_distutils_commands:/home/mk/dev_ws/install/audio_listener/lib/python3.10/site-packages:${PYTHONPATH} /usr/bin/python3 -W ignore:setup.py install is deprecated -W ignore:easy_install command is deprecated setup.py develop --editable --build-directory /home/mk/dev_ws/build/audio_listener/build --no-deps symlink_data --force
[2.802s] INFO:colcon.colcon_core.shell:Creating environment descriptor '/home/mk/dev_ws/build/audio_listener/share/audio_listener/hook/pythonpath_develop.dsv'
[2.803s] INFO:colcon.colcon_core.shell:Creating environment hook '/home/mk/dev_ws/build/audio_listener/share/audio_listener/hook/pythonpath_develop.sh'
[2.803s] Level 1:colcon.colcon_core.environment:checking '/home/mk/dev_ws/install/audio_listener' for CMake module files
[2.803s] Level 1:colcon.colcon_core.environment:checking '/home/mk/dev_ws/install/audio_listener' for CMake config files
[2.803s] Level 1:colcon.colcon_core.environment:checking '/home/mk/dev_ws/install/audio_listener/lib'
[2.803s] Level 1:colcon.colcon_core.environment:checking '/home/mk/dev_ws/install/audio_listener/bin'
[2.803s] Level 1:colcon.colcon_core.environment:checking '/home/mk/dev_ws/install/audio_listener/lib/pkgconfig/audio_listener.pc'
[2.804s] Level 1:colcon.colcon_core.environment:checking '/home/mk/dev_ws/install/audio_listener/lib/python3.10/site-packages'
[2.804s] Level 1:colcon.colcon_core.shell:create_environment_hook('audio_listener', 'pythonpath')
[2.804s] INFO:colcon.colcon_core.shell:Creating environment hook '/home/mk/dev_ws/install/audio_listener/share/audio_listener/hook/pythonpath.ps1'
[2.804s] INFO:colcon.colcon_core.shell:Creating environment descriptor '/home/mk/dev_ws/install/audio_listener/share/audio_listener/hook/pythonpath.dsv'
[2.804s] INFO:colcon.colcon_core.shell:Creating environment hook '/home/mk/dev_ws/install/audio_listener/share/audio_listener/hook/pythonpath.sh'
[2.804s] Level 1:colcon.colcon_core.environment:checking '/home/mk/dev_ws/install/audio_listener/bin'
[2.804s] Level 1:colcon.colcon_core.environment:create_environment_scripts_only(audio_listener)
[2.805s] INFO:colcon.colcon_core.shell:Creating package script '/home/mk/dev_ws/install/audio_listener/share/audio_listener/package.ps1'
[2.805s] INFO:colcon.colcon_core.shell:Creating package descriptor '/home/mk/dev_ws/install/audio_listener/share/audio_listener/package.dsv'
[2.805s] INFO:colcon.colcon_core.shell:Creating package script '/home/mk/dev_ws/install/audio_listener/share/audio_listener/package.sh'
[2.805s] INFO:colcon.colcon_core.shell:Creating package script '/home/mk/dev_ws/install/audio_listener/share/audio_listener/package.bash'
[2.805s] INFO:colcon.colcon_core.shell:Creating package script '/home/mk/dev_ws/install/audio_listener/share/audio_listener/package.zsh'
[2.806s] Level 1:colcon.colcon_core.environment:create_file_with_runtime_dependencies(/home/mk/dev_ws/install/audio_listener/share/colcon-core/packages/audio_listener)
[2.807s] DEBUG:colcon.colcon_core.event_handler.log_command:Invoking command in '/home/mk/dev_ws/build/whisper_server': CMAKE_PREFIX_PATH=/home/mk/dev_ws/install/whisper_util:/home/mk/dev_ws/install/whisper_idl:/home/mk/dev_ws/install/whisper_cpp_vendor:/home/mk/dev_ws/install/zed_ros2:/home/mk/dev_ws/install/zed_wrapper:/home/mk/dev_ws/install/zed_components:/home/mk/dev_ws/install/zed_interfaces:/home/mk/dev_ws/install/xarm_planner:/home/mk/dev_ws/install/xarm_moveit_servo:/home/mk/dev_ws/install/xarm_moveit_config:/home/mk/dev_ws/install/xarm_gazebo:/home/mk/dev_ws/install/xarm_controller:/home/mk/dev_ws/install/xarm_api:/home/mk/dev_ws/install/xarm_sdk:/home/mk/dev_ws/install/rviz_robot_control_panel:/home/mk/dev_ws/install/xarm_msgs:/home/mk/dev_ws/install/xarm_description:/home/mk/dev_ws/install/whisper_bringup:/home/mk/dev_ws/install/whisper_server:/home/mk/dev_ws/install/transcript_manager:/home/mk/dev_ws/install/realsense_gazebo_plugin:/home/mk/dev_ws/install/my_3d_vision_bringup:/home/mk/dev_ws/install/mbot_demo:/home/mk/dev_ws/install/yolo_object_detector:/home/mk/dev_ws/install/move_to_coordinator:/home/mk/dev_ws/install/motion_sequence:/home/mk/dev_ws/install/whisper_demos:/home/mk/dev_ws/install/voice_command_listener:/home/mk/dev_ws/install/uf_ros_lib:/home/mk/dev_ws/install/rviz_servo_status_overlay:/home/mk/dev_ws/install/rviz_marker_static_scene_objects:/home/mk/dev_ws/install/robot_motion_handler_movegroup:/home/mk/dev_ws/install/gaze_control:/home/mk/dev_ws/install/collision_check:/home/mk/dev_ws/install/audio_listener:/opt/ros/humble LD_LIBRARY_PATH=/home/mk/dev_ws/install/whisper_util/lib:/home/mk/dev_ws/install/whisper_idl/lib:/home/mk/dev_ws/install/whisper_cpp_vendor/lib:/usr/local/cuda-12.1/lib64:/home/mk/dev_ws/install/zed_components/lib:/home/mk/dev_ws/install/zed_interfaces/lib:/home/mk/dev_ws/install/xarm_planner/lib:/home/mk/dev_ws/install/xarm_moveit_servo/lib:/home/mk/dev_ws/install/xarm_gazebo/lib:/home/mk/dev_ws/install/xarm_controller/lib:/home/mk/dev_ws/install/xarm_api/lib:/home/mk/dev_ws/install/xarm_sdk/lib:/home/mk/dev_ws/install/rviz_robot_control_panel/lib:/home/mk/dev_ws/install/xarm_msgs/lib:/home/mk/dev_ws/install/whisper_server/lib:/home/mk/dev_ws/install/transcript_manager/lib:/home/mk/dev_ws/install/realsense_gazebo_plugin/lib:/home/mk/dev_ws/install/my_3d_vision_bringup/lib:/usr/lib/x86_64-linux-gnu/gazebo-11/plugins:/opt/ros/humble/opt/rviz_ogre_vendor/lib:/opt/ros/humble/lib/x86_64-linux-gnu:/opt/ros/humble/lib /usr/bin/cmake /home/mk/dev_ws/src/ros2_whisper/whisper_server -DAMENT_CMAKE_SYMLINK_INSTALL=1 -DCMAKE_INSTALL_PREFIX=/home/mk/dev_ws/install/whisper_server
[2.808s] Level 1:colcon.colcon_core.environment:create_environment_scripts_only(my_3d_vision_bringup)
[2.808s] Level 1:colcon.colcon_core.environment:checking '/home/mk/dev_ws/install/my_3d_vision_bringup' for CMake module files
[2.809s] DEBUG:colcon.colcon_core.event_handler.log_command:Invoking command in '/home/mk/dev_ws/build/transcript_manager': CMAKE_PREFIX_PATH=/home/mk/dev_ws/install/whisper_util:/home/mk/dev_ws/install/whisper_idl:/home/mk/dev_ws/install/whisper_cpp_vendor:/home/mk/dev_ws/install/zed_ros2:/home/mk/dev_ws/install/zed_wrapper:/home/mk/dev_ws/install/zed_components:/home/mk/dev_ws/install/zed_interfaces:/home/mk/dev_ws/install/xarm_planner:/home/mk/dev_ws/install/xarm_moveit_servo:/home/mk/dev_ws/install/xarm_moveit_config:/home/mk/dev_ws/install/xarm_gazebo:/home/mk/dev_ws/install/xarm_controller:/home/mk/dev_ws/install/xarm_api:/home/mk/dev_ws/install/xarm_sdk:/home/mk/dev_ws/install/rviz_robot_control_panel:/home/mk/dev_ws/install/xarm_msgs:/home/mk/dev_ws/install/xarm_description:/home/mk/dev_ws/install/whisper_bringup:/home/mk/dev_ws/install/whisper_server:/home/mk/dev_ws/install/transcript_manager:/home/mk/dev_ws/install/realsense_gazebo_plugin:/home/mk/dev_ws/install/my_3d_vision_bringup:/home/mk/dev_ws/install/mbot_demo:/home/mk/dev_ws/install/yolo_object_detector:/home/mk/dev_ws/install/move_to_coordinator:/home/mk/dev_ws/install/motion_sequence:/home/mk/dev_ws/install/whisper_demos:/home/mk/dev_ws/install/voice_command_listener:/home/mk/dev_ws/install/uf_ros_lib:/home/mk/dev_ws/install/rviz_servo_status_overlay:/home/mk/dev_ws/install/rviz_marker_static_scene_objects:/home/mk/dev_ws/install/robot_motion_handler_movegroup:/home/mk/dev_ws/install/gaze_control:/home/mk/dev_ws/install/collision_check:/home/mk/dev_ws/install/audio_listener:/opt/ros/humble LD_LIBRARY_PATH=/home/mk/dev_ws/install/whisper_util/lib:/home/mk/dev_ws/install/whisper_idl/lib:/home/mk/dev_ws/install/whisper_cpp_vendor/lib:/usr/local/cuda-12.1/lib64:/home/mk/dev_ws/install/zed_components/lib:/home/mk/dev_ws/install/zed_interfaces/lib:/home/mk/dev_ws/install/xarm_planner/lib:/home/mk/dev_ws/install/xarm_moveit_servo/lib:/home/mk/dev_ws/install/xarm_gazebo/lib:/home/mk/dev_ws/install/xarm_controller/lib:/home/mk/dev_ws/install/xarm_api/lib:/home/mk/dev_ws/install/xarm_sdk/lib:/home/mk/dev_ws/install/rviz_robot_control_panel/lib:/home/mk/dev_ws/install/xarm_msgs/lib:/home/mk/dev_ws/install/whisper_server/lib:/home/mk/dev_ws/install/transcript_manager/lib:/home/mk/dev_ws/install/realsense_gazebo_plugin/lib:/home/mk/dev_ws/install/my_3d_vision_bringup/lib:/usr/lib/x86_64-linux-gnu/gazebo-11/plugins:/opt/ros/humble/opt/rviz_ogre_vendor/lib:/opt/ros/humble/lib/x86_64-linux-gnu:/opt/ros/humble/lib /usr/bin/cmake /home/mk/dev_ws/src/ros2_whisper/transcript_manager -DAMENT_CMAKE_SYMLINK_INSTALL=1 -DCMAKE_INSTALL_PREFIX=/home/mk/dev_ws/install/transcript_manager
[2.809s] DEBUG:colcon.colcon_core.event_handler.log_command:Invoked command in '/home/mk/dev_ws/build/my_3d_vision_bringup' returned '0': CMAKE_PREFIX_PATH=${CMAKE_PREFIX_PATH}:/home/mk/dev_ws/install/yolo_object_detector:/home/mk/dev_ws/install/move_to_coordinator:/home/mk/dev_ws/install/motion_sequence:/home/mk/dev_ws/install/whisper_demos:/home/mk/dev_ws/install/voice_command_listener:/home/mk/dev_ws/install/uf_ros_lib:/home/mk/dev_ws/install/rviz_servo_status_overlay:/home/mk/dev_ws/install/rviz_marker_static_scene_objects:/home/mk/dev_ws/install/robot_motion_handler_movegroup:/home/mk/dev_ws/install/gaze_control:/home/mk/dev_ws/install/collision_check:/home/mk/dev_ws/install/audio_listener:/opt/ros/humble /usr/bin/cmake --install /home/mk/dev_ws/build/my_3d_vision_bringup
[2.809s] Level 1:colcon.colcon_core.environment:checking '/home/mk/dev_ws/install/my_3d_vision_bringup' for CMake config files
[2.810s] Level 1:colcon.colcon_core.shell:create_environment_hook('my_3d_vision_bringup', 'cmake_prefix_path')
[2.810s] INFO:colcon.colcon_core.shell:Creating environment hook '/home/mk/dev_ws/install/my_3d_vision_bringup/share/my_3d_vision_bringup/hook/cmake_prefix_path.ps1'
[2.810s] INFO:colcon.colcon_core.shell:Creating environment descriptor '/home/mk/dev_ws/install/my_3d_vision_bringup/share/my_3d_vision_bringup/hook/cmake_prefix_path.dsv'
[2.810s] INFO:colcon.colcon_core.shell:Creating environment hook '/home/mk/dev_ws/install/my_3d_vision_bringup/share/my_3d_vision_bringup/hook/cmake_prefix_path.sh'
[2.811s] Level 1:colcon.colcon_core.environment:checking '/home/mk/dev_ws/install/my_3d_vision_bringup/lib'
[2.811s] Level 1:colcon.colcon_core.shell:create_environment_hook('my_3d_vision_bringup', 'ld_library_path_lib')
[2.811s] INFO:colcon.colcon_core.shell:Creating environment hook '/home/mk/dev_ws/install/my_3d_vision_bringup/share/my_3d_vision_bringup/hook/ld_library_path_lib.ps1'
[2.811s] INFO:colcon.colcon_core.shell:Creating environment descriptor '/home/mk/dev_ws/install/my_3d_vision_bringup/share/my_3d_vision_bringup/hook/ld_library_path_lib.dsv'
[2.811s] INFO:colcon.colcon_core.shell:Creating environment hook '/home/mk/dev_ws/install/my_3d_vision_bringup/share/my_3d_vision_bringup/hook/ld_library_path_lib.sh'
[2.811s] Level 1:colcon.colcon_core.environment:checking '/home/mk/dev_ws/install/my_3d_vision_bringup/bin'
[2.811s] Level 1:colcon.colcon_core.environment:checking '/home/mk/dev_ws/install/my_3d_vision_bringup/lib/pkgconfig/my_3d_vision_bringup.pc'
[2.811s] Level 1:colcon.colcon_core.environment:checking '/home/mk/dev_ws/install/my_3d_vision_bringup/lib/python3.10/site-packages'
[2.812s] Level 1:colcon.colcon_core.environment:checking '/home/mk/dev_ws/install/my_3d_vision_bringup/bin'
[2.812s] INFO:colcon.colcon_core.shell:Creating package script '/home/mk/dev_ws/install/my_3d_vision_bringup/share/my_3d_vision_bringup/package.ps1'
[2.812s] INFO:colcon.colcon_core.shell:Creating package descriptor '/home/mk/dev_ws/install/my_3d_vision_bringup/share/my_3d_vision_bringup/package.dsv'
[2.812s] INFO:colcon.colcon_core.shell:Creating package script '/home/mk/dev_ws/install/my_3d_vision_bringup/share/my_3d_vision_bringup/package.sh'
[2.813s] INFO:colcon.colcon_core.shell:Creating package script '/home/mk/dev_ws/install/my_3d_vision_bringup/share/my_3d_vision_bringup/package.bash'
[2.813s] INFO:colcon.colcon_core.shell:Creating package script '/home/mk/dev_ws/install/my_3d_vision_bringup/share/my_3d_vision_bringup/package.zsh'
[2.813s] Level 1:colcon.colcon_core.environment:create_file_with_runtime_dependencies(/home/mk/dev_ws/install/my_3d_vision_bringup/share/colcon-core/packages/my_3d_vision_bringup)
[2.814s] Level 1:colcon.colcon_core.environment:create_environment_scripts_only(my_3d_vision_bringup)
[2.814s] Level 1:colcon.colcon_core.environment:checking '/home/mk/dev_ws/install/my_3d_vision_bringup' for CMake module files
[2.814s] Level 1:colcon.colcon_core.environment:checking '/home/mk/dev_ws/install/my_3d_vision_bringup' for CMake config files
[2.815s] Level 1:colcon.colcon_core.shell:create_environment_hook('my_3d_vision_bringup', 'cmake_prefix_path')
[2.815s] INFO:colcon.colcon_core.shell:Creating environment hook '/home/mk/dev_ws/install/my_3d_vision_bringup/share/my_3d_vision_bringup/hook/cmake_prefix_path.ps1'
[2.815s] INFO:colcon.colcon_core.shell:Creating environment descriptor '/home/mk/dev_ws/install/my_3d_vision_bringup/share/my_3d_vision_bringup/hook/cmake_prefix_path.dsv'
[2.815s] INFO:colcon.colcon_core.shell:Creating environment hook '/home/mk/dev_ws/install/my_3d_vision_bringup/share/my_3d_vision_bringup/hook/cmake_prefix_path.sh'
[2.816s] Level 1:colcon.colcon_core.environment:checking '/home/mk/dev_ws/install/my_3d_vision_bringup/lib'
[2.816s] Level 1:colcon.colcon_core.shell:create_environment_hook('my_3d_vision_bringup', 'ld_library_path_lib')
[2.816s] INFO:colcon.colcon_core.shell:Creating environment hook '/home/mk/dev_ws/install/my_3d_vision_bringup/share/my_3d_vision_bringup/hook/ld_library_path_lib.ps1'
[2.816s] INFO:colcon.colcon_core.shell:Creating environment descriptor '/home/mk/dev_ws/install/my_3d_vision_bringup/share/my_3d_vision_bringup/hook/ld_library_path_lib.dsv'
[2.816s] INFO:colcon.colcon_core.shell:Creating environment hook '/home/mk/dev_ws/install/my_3d_vision_bringup/share/my_3d_vision_bringup/hook/ld_library_path_lib.sh'
[2.817s] Level 1:colcon.colcon_core.environment:checking '/home/mk/dev_ws/install/my_3d_vision_bringup/bin'
[2.817s] Level 1:colcon.colcon_core.environment:checking '/home/mk/dev_ws/install/my_3d_vision_bringup/lib/pkgconfig/my_3d_vision_bringup.pc'
[2.817s] Level 1:colcon.colcon_core.environment:checking '/home/mk/dev_ws/install/my_3d_vision_bringup/lib/python3.10/site-packages'
[2.817s] Level 1:colcon.colcon_core.environment:checking '/home/mk/dev_ws/install/my_3d_vision_bringup/bin'
[2.817s] INFO:colcon.colcon_core.shell:Creating package script '/home/mk/dev_ws/install/my_3d_vision_bringup/share/my_3d_vision_bringup/package.ps1'
[2.818s] INFO:colcon.colcon_core.shell:Creating package descriptor '/home/mk/dev_ws/install/my_3d_vision_bringup/share/my_3d_vision_bringup/package.dsv'
[2.818s] INFO:colcon.colcon_core.shell:Creating package script '/home/mk/dev_ws/install/my_3d_vision_bringup/share/my_3d_vision_bringup/package.sh'
[2.818s] INFO:colcon.colcon_core.shell:Creating package script '/home/mk/dev_ws/install/my_3d_vision_bringup/share/my_3d_vision_bringup/package.bash'
[2.818s] INFO:colcon.colcon_core.shell:Creating package script '/home/mk/dev_ws/install/my_3d_vision_bringup/share/my_3d_vision_bringup/package.zsh'
[2.819s] Level 1:colcon.colcon_core.environment:create_file_with_runtime_dependencies(/home/mk/dev_ws/install/my_3d_vision_bringup/share/colcon-core/packages/my_3d_vision_bringup)
[2.820s] DEBUG:colcon.colcon_core.event_handler.log_command:Invoked command in '/home/mk/dev_ws/build/zed_components' returned '0': CMAKE_PREFIX_PATH=/home/mk/dev_ws/install/zed_interfaces:/home/mk/dev_ws/install/zed_ros2:/home/mk/dev_ws/install/zed_wrapper:/home/mk/dev_ws/install/zed_components:/home/mk/dev_ws/install/xarm_planner:/home/mk/dev_ws/install/xarm_moveit_servo:/home/mk/dev_ws/install/xarm_moveit_config:/home/mk/dev_ws/install/xarm_gazebo:/home/mk/dev_ws/install/xarm_controller:/home/mk/dev_ws/install/xarm_api:/home/mk/dev_ws/install/xarm_sdk:/home/mk/dev_ws/install/rviz_robot_control_panel:/home/mk/dev_ws/install/xarm_msgs:/home/mk/dev_ws/install/xarm_description:/home/mk/dev_ws/install/whisper_bringup:/home/mk/dev_ws/install/whisper_server:/home/mk/dev_ws/install/transcript_manager:/home/mk/dev_ws/install/whisper_util:/home/mk/dev_ws/install/whisper_idl:/home/mk/dev_ws/install/whisper_cpp_vendor:/home/mk/dev_ws/install/realsense_gazebo_plugin:/home/mk/dev_ws/install/my_3d_vision_bringup:/home/mk/dev_ws/install/mbot_demo:/home/mk/dev_ws/install/yolo_object_detector:/home/mk/dev_ws/install/move_to_coordinator:/home/mk/dev_ws/install/motion_sequence:/home/mk/dev_ws/install/whisper_demos:/home/mk/dev_ws/install/voice_command_listener:/home/mk/dev_ws/install/uf_ros_lib:/home/mk/dev_ws/install/rviz_servo_status_overlay:/home/mk/dev_ws/install/rviz_marker_static_scene_objects:/home/mk/dev_ws/install/robot_motion_handler_movegroup:/home/mk/dev_ws/install/gaze_control:/home/mk/dev_ws/install/collision_check:/home/mk/dev_ws/install/audio_listener:/opt/ros/humble LD_LIBRARY_PATH=/home/mk/dev_ws/install/zed_interfaces/lib:/usr/local/cuda-12.1/lib64:/home/mk/dev_ws/install/zed_components/lib:/home/mk/dev_ws/install/xarm_planner/lib:/home/mk/dev_ws/install/xarm_moveit_servo/lib:/home/mk/dev_ws/install/xarm_gazebo/lib:/home/mk/dev_ws/install/xarm_controller/lib:/home/mk/dev_ws/install/xarm_api/lib:/home/mk/dev_ws/install/xarm_sdk/lib:/home/mk/dev_ws/install/rviz_robot_control_panel/lib:/home/mk/dev_ws/install/xarm_msgs/lib:/home/mk/dev_ws/install/whisper_server/lib:/home/mk/dev_ws/install/transcript_manager/lib:/home/mk/dev_ws/install/whisper_util/lib:/home/mk/dev_ws/install/whisper_idl/lib:/home/mk/dev_ws/install/whisper_cpp_vendor/lib:/home/mk/dev_ws/install/realsense_gazebo_plugin/lib:/home/mk/dev_ws/install/my_3d_vision_bringup/lib:/usr/lib/x86_64-linux-gnu/gazebo-11/plugins:/opt/ros/humble/opt/rviz_ogre_vendor/lib:/opt/ros/humble/lib/x86_64-linux-gnu:/opt/ros/humble/lib /usr/bin/cmake /home/mk/dev_ws/src/zed-ros2-wrapper/zed_components -DAMENT_CMAKE_SYMLINK_INSTALL=1 -DCMAKE_INSTALL_PREFIX=/home/mk/dev_ws/install/zed_components
[2.820s] DEBUG:colcon.colcon_core.event_handler.log_command:Invoking command in '/home/mk/dev_ws/build/zed_components': CMAKE_PREFIX_PATH=/home/mk/dev_ws/install/zed_interfaces:/home/mk/dev_ws/install/zed_ros2:/home/mk/dev_ws/install/zed_wrapper:/home/mk/dev_ws/install/zed_components:/home/mk/dev_ws/install/xarm_planner:/home/mk/dev_ws/install/xarm_moveit_servo:/home/mk/dev_ws/install/xarm_moveit_config:/home/mk/dev_ws/install/xarm_gazebo:/home/mk/dev_ws/install/xarm_controller:/home/mk/dev_ws/install/xarm_api:/home/mk/dev_ws/install/xarm_sdk:/home/mk/dev_ws/install/rviz_robot_control_panel:/home/mk/dev_ws/install/xarm_msgs:/home/mk/dev_ws/install/xarm_description:/home/mk/dev_ws/install/whisper_bringup:/home/mk/dev_ws/install/whisper_server:/home/mk/dev_ws/install/transcript_manager:/home/mk/dev_ws/install/whisper_util:/home/mk/dev_ws/install/whisper_idl:/home/mk/dev_ws/install/whisper_cpp_vendor:/home/mk/dev_ws/install/realsense_gazebo_plugin:/home/mk/dev_ws/install/my_3d_vision_bringup:/home/mk/dev_ws/install/mbot_demo:/home/mk/dev_ws/install/yolo_object_detector:/home/mk/dev_ws/install/move_to_coordinator:/home/mk/dev_ws/install/motion_sequence:/home/mk/dev_ws/install/whisper_demos:/home/mk/dev_ws/install/voice_command_listener:/home/mk/dev_ws/install/uf_ros_lib:/home/mk/dev_ws/install/rviz_servo_status_overlay:/home/mk/dev_ws/install/rviz_marker_static_scene_objects:/home/mk/dev_ws/install/robot_motion_handler_movegroup:/home/mk/dev_ws/install/gaze_control:/home/mk/dev_ws/install/collision_check:/home/mk/dev_ws/install/audio_listener:/opt/ros/humble LD_LIBRARY_PATH=/home/mk/dev_ws/install/zed_interfaces/lib:/usr/local/cuda-12.1/lib64:/home/mk/dev_ws/install/zed_components/lib:/home/mk/dev_ws/install/xarm_planner/lib:/home/mk/dev_ws/install/xarm_moveit_servo/lib:/home/mk/dev_ws/install/xarm_gazebo/lib:/home/mk/dev_ws/install/xarm_controller/lib:/home/mk/dev_ws/install/xarm_api/lib:/home/mk/dev_ws/install/xarm_sdk/lib:/home/mk/dev_ws/install/rviz_robot_control_panel/lib:/home/mk/dev_ws/install/xarm_msgs/lib:/home/mk/dev_ws/install/whisper_server/lib:/home/mk/dev_ws/install/transcript_manager/lib:/home/mk/dev_ws/install/whisper_util/lib:/home/mk/dev_ws/install/whisper_idl/lib:/home/mk/dev_ws/install/whisper_cpp_vendor/lib:/home/mk/dev_ws/install/realsense_gazebo_plugin/lib:/home/mk/dev_ws/install/my_3d_vision_bringup/lib:/usr/lib/x86_64-linux-gnu/gazebo-11/plugins:/opt/ros/humble/opt/rviz_ogre_vendor/lib:/opt/ros/humble/lib/x86_64-linux-gnu:/opt/ros/humble/lib /usr/bin/cmake --build /home/mk/dev_ws/build/zed_components -- -j20 -l20
[2.821s] DEBUG:colcon.colcon_core.task.python.build:While undoing a previous installation files outside the Python library path are being ignored: /home/mk/dev_ws/install/voice_command_listener/share/ament_index/resource_index/packages/voice_command_listener
[2.821s] DEBUG:colcon.colcon_core.task.python.build:While undoing a previous installation files outside the Python library path are being ignored: /home/mk/dev_ws/install/voice_command_listener/share/voice_command_listener/package.xml
[2.821s] DEBUG:colcon.colcon_core.task.python.build:While undoing a previous installation files outside the Python library path are being ignored: /home/mk/dev_ws/install/voice_command_listener/lib/voice_command_listener/listener
[2.821s] DEBUG:colcon.colcon_core.task.python.build:While undoing a previous installation files outside the Python library path are being ignored: /home/mk/dev_ws/install/voice_command_listener/lib/voice_command_listener/voice_command_listener
[2.822s] DEBUG:colcon.colcon_core.event_handler.log_command:Invoking command in '/home/mk/dev_ws/build/voice_command_listener': CMAKE_PREFIX_PATH=/home/mk/dev_ws/install/whisper_idl:/home/mk/dev_ws/install/zed_ros2:/home/mk/dev_ws/install/zed_wrapper:/home/mk/dev_ws/install/zed_components:/home/mk/dev_ws/install/zed_interfaces:/home/mk/dev_ws/install/xarm_planner:/home/mk/dev_ws/install/xarm_moveit_servo:/home/mk/dev_ws/install/xarm_moveit_config:/home/mk/dev_ws/install/xarm_gazebo:/home/mk/dev_ws/install/xarm_controller:/home/mk/dev_ws/install/xarm_api:/home/mk/dev_ws/install/xarm_sdk:/home/mk/dev_ws/install/rviz_robot_control_panel:/home/mk/dev_ws/install/xarm_msgs:/home/mk/dev_ws/install/xarm_description:/home/mk/dev_ws/install/whisper_bringup:/home/mk/dev_ws/install/whisper_server:/home/mk/dev_ws/install/transcript_manager:/home/mk/dev_ws/install/whisper_util:/home/mk/dev_ws/install/whisper_cpp_vendor:/home/mk/dev_ws/install/realsense_gazebo_plugin:/home/mk/dev_ws/install/my_3d_vision_bringup:/home/mk/dev_ws/install/mbot_demo LD_LIBRARY_PATH=/home/mk/dev_ws/install/whisper_idl/lib:/usr/local/cuda-12.1/lib64:/home/mk/dev_ws/install/zed_components/lib:/home/mk/dev_ws/install/zed_interfaces/lib:/home/mk/dev_ws/install/xarm_planner/lib:/home/mk/dev_ws/install/xarm_moveit_servo/lib:/home/mk/dev_ws/install/xarm_gazebo/lib:/home/mk/dev_ws/install/xarm_controller/lib:/home/mk/dev_ws/install/xarm_api/lib:/home/mk/dev_ws/install/xarm_sdk/lib:/home/mk/dev_ws/install/rviz_robot_control_panel/lib:/home/mk/dev_ws/install/xarm_msgs/lib:/home/mk/dev_ws/install/whisper_server/lib:/home/mk/dev_ws/install/transcript_manager/lib:/home/mk/dev_ws/install/whisper_util/lib:/home/mk/dev_ws/install/whisper_cpp_vendor/lib:/home/mk/dev_ws/install/realsense_gazebo_plugin/lib:/home/mk/dev_ws/install/my_3d_vision_bringup/lib:/usr/lib/x86_64-linux-gnu/gazebo-11/plugins:/opt/ros/humble/opt/rviz_ogre_vendor/lib:/opt/ros/humble/lib/x86_64-linux-gnu:/opt/ros/humble/lib PYTHONPATH=/home/mk/dev_ws/build/voice_command_listener/prefix_override:/usr/lib/python3/dist-packages/colcon_core/task/python/colcon_distutils_commands:/home/mk/dev_ws/install/voice_command_listener/lib/python3.10/site-packages:${PYTHONPATH} /usr/bin/python3 -W ignore:setup.py install is deprecated -W ignore:easy_install command is deprecated setup.py develop --editable --build-directory /home/mk/dev_ws/build/voice_command_listener/build --no-deps symlink_data --force
[2.843s] DEBUG:colcon.colcon_core.event_handler.log_command:Invoked command in '/home/mk/dev_ws/build/xarm_api' returned '0': CMAKE_PREFIX_PATH=/home/mk/dev_ws/install/xarm_sdk:/home/mk/dev_ws/install/xarm_msgs:/home/mk/dev_ws/install/xarm_description:/home/mk/dev_ws/install/zed_ros2:/home/mk/dev_ws/install/zed_wrapper:/home/mk/dev_ws/install/zed_components:/home/mk/dev_ws/install/zed_interfaces:/home/mk/dev_ws/install/xarm_planner:/home/mk/dev_ws/install/xarm_moveit_servo:/home/mk/dev_ws/install/xarm_moveit_config:/home/mk/dev_ws/install/xarm_gazebo:/home/mk/dev_ws/install/xarm_controller:/home/mk/dev_ws/install/xarm_api:/home/mk/dev_ws/install/rviz_robot_control_panel:/home/mk/dev_ws/install/whisper_bringup:/home/mk/dev_ws/install/whisper_server:/home/mk/dev_ws/install/transcript_manager:/home/mk/dev_ws/install/whisper_util:/home/mk/dev_ws/install/whisper_idl:/home/mk/dev_ws/install/whisper_cpp_vendor:/home/mk/dev_ws/install/realsense_gazebo_plugin:/home/mk/dev_ws/install/my_3d_vision_bringup:/home/mk/dev_ws/install/mbot_demo:/home/mk/dev_ws/install/yolo_object_detector:/home/mk/dev_ws/install/move_to_coordinator:/home/mk/dev_ws/install/motion_sequence:/home/mk/dev_ws/install/whisper_demos:/home/mk/dev_ws/install/voice_command_listener:/home/mk/dev_ws/install/uf_ros_lib:/home/mk/dev_ws/install/rviz_servo_status_overlay:/home/mk/dev_ws/install/rviz_marker_static_scene_objects:/home/mk/dev_ws/install/robot_motion_handler_movegroup:/home/mk/dev_ws/install/gaze_control:/home/mk/dev_ws/install/collision_check:/home/mk/dev_ws/install/audio_listener:/opt/ros/humble LD_LIBRARY_PATH=/home/mk/dev_ws/install/xarm_sdk/lib:/home/mk/dev_ws/install/xarm_msgs/lib:/usr/local/cuda-12.1/lib64:/home/mk/dev_ws/install/zed_components/lib:/home/mk/dev_ws/install/zed_interfaces/lib:/home/mk/dev_ws/install/xarm_planner/lib:/home/mk/dev_ws/install/xarm_moveit_servo/lib:/home/mk/dev_ws/install/xarm_gazebo/lib:/home/mk/dev_ws/install/xarm_controller/lib:/home/mk/dev_ws/install/xarm_api/lib:/home/mk/dev_ws/install/rviz_robot_control_panel/lib:/home/mk/dev_ws/install/whisper_server/lib:/home/mk/dev_ws/install/transcript_manager/lib:/home/mk/dev_ws/install/whisper_util/lib:/home/mk/dev_ws/install/whisper_idl/lib:/home/mk/dev_ws/install/whisper_cpp_vendor/lib:/home/mk/dev_ws/install/realsense_gazebo_plugin/lib:/home/mk/dev_ws/install/my_3d_vision_bringup/lib:/usr/lib/x86_64-linux-gnu/gazebo-11/plugins:/opt/ros/humble/opt/rviz_ogre_vendor/lib:/opt/ros/humble/lib/x86_64-linux-gnu:/opt/ros/humble/lib /usr/bin/cmake /home/mk/dev_ws/src/xarm_ros2/xarm_api -DAMENT_CMAKE_SYMLINK_INSTALL=1 -DCMAKE_INSTALL_PREFIX=/home/mk/dev_ws/install/xarm_api
[2.845s] DEBUG:colcon.colcon_core.event_handler.log_command:Invoking command in '/home/mk/dev_ws/build/xarm_api': CMAKE_PREFIX_PATH=/home/mk/dev_ws/install/xarm_sdk:/home/mk/dev_ws/install/xarm_msgs:/home/mk/dev_ws/install/xarm_description:/home/mk/dev_ws/install/zed_ros2:/home/mk/dev_ws/install/zed_wrapper:/home/mk/dev_ws/install/zed_components:/home/mk/dev_ws/install/zed_interfaces:/home/mk/dev_ws/install/xarm_planner:/home/mk/dev_ws/install/xarm_moveit_servo:/home/mk/dev_ws/install/xarm_moveit_config:/home/mk/dev_ws/install/xarm_gazebo:/home/mk/dev_ws/install/xarm_controller:/home/mk/dev_ws/install/xarm_api:/home/mk/dev_ws/install/rviz_robot_control_panel:/home/mk/dev_ws/install/whisper_bringup:/home/mk/dev_ws/install/whisper_server:/home/mk/dev_ws/install/transcript_manager:/home/mk/dev_ws/install/whisper_util:/home/mk/dev_ws/install/whisper_idl:/home/mk/dev_ws/install/whisper_cpp_vendor:/home/mk/dev_ws/install/realsense_gazebo_plugin:/home/mk/dev_ws/install/my_3d_vision_bringup:/home/mk/dev_ws/install/mbot_demo:/home/mk/dev_ws/install/yolo_object_detector:/home/mk/dev_ws/install/move_to_coordinator:/home/mk/dev_ws/install/motion_sequence:/home/mk/dev_ws/install/whisper_demos:/home/mk/dev_ws/install/voice_command_listener:/home/mk/dev_ws/install/uf_ros_lib:/home/mk/dev_ws/install/rviz_servo_status_overlay:/home/mk/dev_ws/install/rviz_marker_static_scene_objects:/home/mk/dev_ws/install/robot_motion_handler_movegroup:/home/mk/dev_ws/install/gaze_control:/home/mk/dev_ws/install/collision_check:/home/mk/dev_ws/install/audio_listener:/opt/ros/humble LD_LIBRARY_PATH=/home/mk/dev_ws/install/xarm_sdk/lib:/home/mk/dev_ws/install/xarm_msgs/lib:/usr/local/cuda-12.1/lib64:/home/mk/dev_ws/install/zed_components/lib:/home/mk/dev_ws/install/zed_interfaces/lib:/home/mk/dev_ws/install/xarm_planner/lib:/home/mk/dev_ws/install/xarm_moveit_servo/lib:/home/mk/dev_ws/install/xarm_gazebo/lib:/home/mk/dev_ws/install/xarm_controller/lib:/home/mk/dev_ws/install/xarm_api/lib:/home/mk/dev_ws/install/rviz_robot_control_panel/lib:/home/mk/dev_ws/install/whisper_server/lib:/home/mk/dev_ws/install/transcript_manager/lib:/home/mk/dev_ws/install/whisper_util/lib:/home/mk/dev_ws/install/whisper_idl/lib:/home/mk/dev_ws/install/whisper_cpp_vendor/lib:/home/mk/dev_ws/install/realsense_gazebo_plugin/lib:/home/mk/dev_ws/install/my_3d_vision_bringup/lib:/usr/lib/x86_64-linux-gnu/gazebo-11/plugins:/opt/ros/humble/opt/rviz_ogre_vendor/lib:/opt/ros/humble/lib/x86_64-linux-gnu:/opt/ros/humble/lib /usr/bin/cmake --build /home/mk/dev_ws/build/xarm_api -- -j20 -l20
[2.872s] DEBUG:colcon.colcon_core.event_handler.log_command:Invoked command in '/home/mk/dev_ws/build/zed_components' returned '0': CMAKE_PREFIX_PATH=/home/mk/dev_ws/install/zed_interfaces:/home/mk/dev_ws/install/zed_ros2:/home/mk/dev_ws/install/zed_wrapper:/home/mk/dev_ws/install/zed_components:/home/mk/dev_ws/install/xarm_planner:/home/mk/dev_ws/install/xarm_moveit_servo:/home/mk/dev_ws/install/xarm_moveit_config:/home/mk/dev_ws/install/xarm_gazebo:/home/mk/dev_ws/install/xarm_controller:/home/mk/dev_ws/install/xarm_api:/home/mk/dev_ws/install/xarm_sdk:/home/mk/dev_ws/install/rviz_robot_control_panel:/home/mk/dev_ws/install/xarm_msgs:/home/mk/dev_ws/install/xarm_description:/home/mk/dev_ws/install/whisper_bringup:/home/mk/dev_ws/install/whisper_server:/home/mk/dev_ws/install/transcript_manager:/home/mk/dev_ws/install/whisper_util:/home/mk/dev_ws/install/whisper_idl:/home/mk/dev_ws/install/whisper_cpp_vendor:/home/mk/dev_ws/install/realsense_gazebo_plugin:/home/mk/dev_ws/install/my_3d_vision_bringup:/home/mk/dev_ws/install/mbot_demo:/home/mk/dev_ws/install/yolo_object_detector:/home/mk/dev_ws/install/move_to_coordinator:/home/mk/dev_ws/install/motion_sequence:/home/mk/dev_ws/install/whisper_demos:/home/mk/dev_ws/install/voice_command_listener:/home/mk/dev_ws/install/uf_ros_lib:/home/mk/dev_ws/install/rviz_servo_status_overlay:/home/mk/dev_ws/install/rviz_marker_static_scene_objects:/home/mk/dev_ws/install/robot_motion_handler_movegroup:/home/mk/dev_ws/install/gaze_control:/home/mk/dev_ws/install/collision_check:/home/mk/dev_ws/install/audio_listener:/opt/ros/humble LD_LIBRARY_PATH=/home/mk/dev_ws/install/zed_interfaces/lib:/usr/local/cuda-12.1/lib64:/home/mk/dev_ws/install/zed_components/lib:/home/mk/dev_ws/install/xarm_planner/lib:/home/mk/dev_ws/install/xarm_moveit_servo/lib:/home/mk/dev_ws/install/xarm_gazebo/lib:/home/mk/dev_ws/install/xarm_controller/lib:/home/mk/dev_ws/install/xarm_api/lib:/home/mk/dev_ws/install/xarm_sdk/lib:/home/mk/dev_ws/install/rviz_robot_control_panel/lib:/home/mk/dev_ws/install/xarm_msgs/lib:/home/mk/dev_ws/install/whisper_server/lib:/home/mk/dev_ws/install/transcript_manager/lib:/home/mk/dev_ws/install/whisper_util/lib:/home/mk/dev_ws/install/whisper_idl/lib:/home/mk/dev_ws/install/whisper_cpp_vendor/lib:/home/mk/dev_ws/install/realsense_gazebo_plugin/lib:/home/mk/dev_ws/install/my_3d_vision_bringup/lib:/usr/lib/x86_64-linux-gnu/gazebo-11/plugins:/opt/ros/humble/opt/rviz_ogre_vendor/lib:/opt/ros/humble/lib/x86_64-linux-gnu:/opt/ros/humble/lib /usr/bin/cmake --build /home/mk/dev_ws/build/zed_components -- -j20 -l20
[2.874s] DEBUG:colcon.colcon_core.event_handler.log_command:Invoking command in '/home/mk/dev_ws/build/zed_components': CMAKE_PREFIX_PATH=/home/mk/dev_ws/install/zed_interfaces:/home/mk/dev_ws/install/zed_ros2:/home/mk/dev_ws/install/zed_wrapper:/home/mk/dev_ws/install/zed_components:/home/mk/dev_ws/install/xarm_planner:/home/mk/dev_ws/install/xarm_moveit_servo:/home/mk/dev_ws/install/xarm_moveit_config:/home/mk/dev_ws/install/xarm_gazebo:/home/mk/dev_ws/install/xarm_controller:/home/mk/dev_ws/install/xarm_api:/home/mk/dev_ws/install/xarm_sdk:/home/mk/dev_ws/install/rviz_robot_control_panel:/home/mk/dev_ws/install/xarm_msgs:/home/mk/dev_ws/install/xarm_description:/home/mk/dev_ws/install/whisper_bringup:/home/mk/dev_ws/install/whisper_server:/home/mk/dev_ws/install/transcript_manager:/home/mk/dev_ws/install/whisper_util:/home/mk/dev_ws/install/whisper_idl:/home/mk/dev_ws/install/whisper_cpp_vendor:/home/mk/dev_ws/install/realsense_gazebo_plugin:/home/mk/dev_ws/install/my_3d_vision_bringup:/home/mk/dev_ws/install/mbot_demo:/home/mk/dev_ws/install/yolo_object_detector:/home/mk/dev_ws/install/move_to_coordinator:/home/mk/dev_ws/install/motion_sequence:/home/mk/dev_ws/install/whisper_demos:/home/mk/dev_ws/install/voice_command_listener:/home/mk/dev_ws/install/uf_ros_lib:/home/mk/dev_ws/install/rviz_servo_status_overlay:/home/mk/dev_ws/install/rviz_marker_static_scene_objects:/home/mk/dev_ws/install/robot_motion_handler_movegroup:/home/mk/dev_ws/install/gaze_control:/home/mk/dev_ws/install/collision_check:/home/mk/dev_ws/install/audio_listener:/opt/ros/humble LD_LIBRARY_PATH=/home/mk/dev_ws/install/zed_interfaces/lib:/usr/local/cuda-12.1/lib64:/home/mk/dev_ws/install/zed_components/lib:/home/mk/dev_ws/install/xarm_planner/lib:/home/mk/dev_ws/install/xarm_moveit_servo/lib:/home/mk/dev_ws/install/xarm_gazebo/lib:/home/mk/dev_ws/install/xarm_controller/lib:/home/mk/dev_ws/install/xarm_api/lib:/home/mk/dev_ws/install/xarm_sdk/lib:/home/mk/dev_ws/install/rviz_robot_control_panel/lib:/home/mk/dev_ws/install/xarm_msgs/lib:/home/mk/dev_ws/install/whisper_server/lib:/home/mk/dev_ws/install/transcript_manager/lib:/home/mk/dev_ws/install/whisper_util/lib:/home/mk/dev_ws/install/whisper_idl/lib:/home/mk/dev_ws/install/whisper_cpp_vendor/lib:/home/mk/dev_ws/install/realsense_gazebo_plugin/lib:/home/mk/dev_ws/install/my_3d_vision_bringup/lib:/usr/lib/x86_64-linux-gnu/gazebo-11/plugins:/opt/ros/humble/opt/rviz_ogre_vendor/lib:/opt/ros/humble/lib/x86_64-linux-gnu:/opt/ros/humble/lib /usr/bin/cmake --install /home/mk/dev_ws/build/zed_components
[2.892s] Level 1:colcon.colcon_core.environment:create_environment_scripts_only(zed_components)
[2.892s] Level 1:colcon.colcon_core.environment:checking '/home/mk/dev_ws/install/zed_components' for CMake module files
[2.893s] DEBUG:colcon.colcon_core.event_handler.log_command:Invoked command in '/home/mk/dev_ws/build/zed_components' returned '0': CMAKE_PREFIX_PATH=/home/mk/dev_ws/install/zed_interfaces:/home/mk/dev_ws/install/zed_ros2:/home/mk/dev_ws/install/zed_wrapper:/home/mk/dev_ws/install/zed_components:/home/mk/dev_ws/install/xarm_planner:/home/mk/dev_ws/install/xarm_moveit_servo:/home/mk/dev_ws/install/xarm_moveit_config:/home/mk/dev_ws/install/xarm_gazebo:/home/mk/dev_ws/install/xarm_controller:/home/mk/dev_ws/install/xarm_api:/home/mk/dev_ws/install/xarm_sdk:/home/mk/dev_ws/install/rviz_robot_control_panel:/home/mk/dev_ws/install/xarm_msgs:/home/mk/dev_ws/install/xarm_description:/home/mk/dev_ws/install/whisper_bringup:/home/mk/dev_ws/install/whisper_server:/home/mk/dev_ws/install/transcript_manager:/home/mk/dev_ws/install/whisper_util:/home/mk/dev_ws/install/whisper_idl:/home/mk/dev_ws/install/whisper_cpp_vendor:/home/mk/dev_ws/install/realsense_gazebo_plugin:/home/mk/dev_ws/install/my_3d_vision_bringup:/home/mk/dev_ws/install/mbot_demo:/home/mk/dev_ws/install/yolo_object_detector:/home/mk/dev_ws/install/move_to_coordinator:/home/mk/dev_ws/install/motion_sequence:/home/mk/dev_ws/install/whisper_demos:/home/mk/dev_ws/install/voice_command_listener:/home/mk/dev_ws/install/uf_ros_lib:/home/mk/dev_ws/install/rviz_servo_status_overlay:/home/mk/dev_ws/install/rviz_marker_static_scene_objects:/home/mk/dev_ws/install/robot_motion_handler_movegroup:/home/mk/dev_ws/install/gaze_control:/home/mk/dev_ws/install/collision_check:/home/mk/dev_ws/install/audio_listener:/opt/ros/humble LD_LIBRARY_PATH=/home/mk/dev_ws/install/zed_interfaces/lib:/usr/local/cuda-12.1/lib64:/home/mk/dev_ws/install/zed_components/lib:/home/mk/dev_ws/install/xarm_planner/lib:/home/mk/dev_ws/install/xarm_moveit_servo/lib:/home/mk/dev_ws/install/xarm_gazebo/lib:/home/mk/dev_ws/install/xarm_controller/lib:/home/mk/dev_ws/install/xarm_api/lib:/home/mk/dev_ws/install/xarm_sdk/lib:/home/mk/dev_ws/install/rviz_robot_control_panel/lib:/home/mk/dev_ws/install/xarm_msgs/lib:/home/mk/dev_ws/install/whisper_server/lib:/home/mk/dev_ws/install/transcript_manager/lib:/home/mk/dev_ws/install/whisper_util/lib:/home/mk/dev_ws/install/whisper_idl/lib:/home/mk/dev_ws/install/whisper_cpp_vendor/lib:/home/mk/dev_ws/install/realsense_gazebo_plugin/lib:/home/mk/dev_ws/install/my_3d_vision_bringup/lib:/usr/lib/x86_64-linux-gnu/gazebo-11/plugins:/opt/ros/humble/opt/rviz_ogre_vendor/lib:/opt/ros/humble/lib/x86_64-linux-gnu:/opt/ros/humble/lib /usr/bin/cmake --install /home/mk/dev_ws/build/zed_components
[2.893s] Level 1:colcon.colcon_core.environment:checking '/home/mk/dev_ws/install/zed_components' for CMake config files
[2.893s] Level 1:colcon.colcon_core.shell:create_environment_hook('zed_components', 'cmake_prefix_path')
[2.893s] INFO:colcon.colcon_core.shell:Creating environment hook '/home/mk/dev_ws/install/zed_components/share/zed_components/hook/cmake_prefix_path.ps1'
[2.894s] INFO:colcon.colcon_core.shell:Creating environment descriptor '/home/mk/dev_ws/install/zed_components/share/zed_components/hook/cmake_prefix_path.dsv'
[2.894s] INFO:colcon.colcon_core.shell:Creating environment hook '/home/mk/dev_ws/install/zed_components/share/zed_components/hook/cmake_prefix_path.sh'
[2.894s] Level 1:colcon.colcon_core.environment:checking '/home/mk/dev_ws/install/zed_components/lib'
[2.895s] Level 1:colcon.colcon_core.shell:create_environment_hook('zed_components', 'ld_library_path_lib')
[2.895s] INFO:colcon.colcon_core.shell:Creating environment hook '/home/mk/dev_ws/install/zed_components/share/zed_components/hook/ld_library_path_lib.ps1'
[2.895s] INFO:colcon.colcon_core.shell:Creating environment descriptor '/home/mk/dev_ws/install/zed_components/share/zed_components/hook/ld_library_path_lib.dsv'
[2.895s] INFO:colcon.colcon_core.shell:Creating environment hook '/home/mk/dev_ws/install/zed_components/share/zed_components/hook/ld_library_path_lib.sh'
[2.895s] Level 1:colcon.colcon_core.environment:checking '/home/mk/dev_ws/install/zed_components/bin'
[2.895s] Level 1:colcon.colcon_core.environment:checking '/home/mk/dev_ws/install/zed_components/lib/pkgconfig/zed_components.pc'
[2.895s] Level 1:colcon.colcon_core.environment:checking '/home/mk/dev_ws/install/zed_components/lib/python3.10/site-packages'
[2.896s] Level 1:colcon.colcon_core.environment:checking '/home/mk/dev_ws/install/zed_components/bin'
[2.896s] INFO:colcon.colcon_core.shell:Creating package script '/home/mk/dev_ws/install/zed_components/share/zed_components/package.ps1'
[2.896s] INFO:colcon.colcon_core.shell:Creating package descriptor '/home/mk/dev_ws/install/zed_components/share/zed_components/package.dsv'
[2.896s] INFO:colcon.colcon_core.shell:Creating package script '/home/mk/dev_ws/install/zed_components/share/zed_components/package.sh'
[2.897s] INFO:colcon.colcon_core.shell:Creating package script '/home/mk/dev_ws/install/zed_components/share/zed_components/package.bash'
[2.897s] INFO:colcon.colcon_core.shell:Creating package script '/home/mk/dev_ws/install/zed_components/share/zed_components/package.zsh'
[2.897s] Level 1:colcon.colcon_core.environment:create_file_with_runtime_dependencies(/home/mk/dev_ws/install/zed_components/share/colcon-core/packages/zed_components)
[2.897s] Level 1:colcon.colcon_core.environment:create_environment_scripts_only(zed_components)
[2.897s] Level 1:colcon.colcon_core.environment:checking '/home/mk/dev_ws/install/zed_components' for CMake module files
[2.898s] Level 1:colcon.colcon_core.environment:checking '/home/mk/dev_ws/install/zed_components' for CMake config files
[2.898s] Level 1:colcon.colcon_core.shell:create_environment_hook('zed_components', 'cmake_prefix_path')
[2.898s] INFO:colcon.colcon_core.shell:Creating environment hook '/home/mk/dev_ws/install/zed_components/share/zed_components/hook/cmake_prefix_path.ps1'
[2.898s] INFO:colcon.colcon_core.shell:Creating environment descriptor '/home/mk/dev_ws/install/zed_components/share/zed_components/hook/cmake_prefix_path.dsv'
[2.898s] INFO:colcon.colcon_core.shell:Creating environment hook '/home/mk/dev_ws/install/zed_components/share/zed_components/hook/cmake_prefix_path.sh'
[2.899s] Level 1:colcon.colcon_core.environment:checking '/home/mk/dev_ws/install/zed_components/lib'
[2.899s] Level 1:colcon.colcon_core.shell:create_environment_hook('zed_components', 'ld_library_path_lib')
[2.899s] INFO:colcon.colcon_core.shell:Creating environment hook '/home/mk/dev_ws/install/zed_components/share/zed_components/hook/ld_library_path_lib.ps1'
[2.899s] INFO:colcon.colcon_core.shell:Creating environment descriptor '/home/mk/dev_ws/install/zed_components/share/zed_components/hook/ld_library_path_lib.dsv'
[2.899s] INFO:colcon.colcon_core.shell:Creating environment hook '/home/mk/dev_ws/install/zed_components/share/zed_components/hook/ld_library_path_lib.sh'
[2.899s] Level 1:colcon.colcon_core.environment:checking '/home/mk/dev_ws/install/zed_components/bin'
[2.900s] Level 1:colcon.colcon_core.environment:checking '/home/mk/dev_ws/install/zed_components/lib/pkgconfig/zed_components.pc'
[2.900s] Level 1:colcon.colcon_core.environment:checking '/home/mk/dev_ws/install/zed_components/lib/python3.10/site-packages'
[2.900s] Level 1:colcon.colcon_core.environment:checking '/home/mk/dev_ws/install/zed_components/bin'
[2.900s] INFO:colcon.colcon_core.shell:Creating package script '/home/mk/dev_ws/install/zed_components/share/zed_components/package.ps1'
[2.900s] INFO:colcon.colcon_core.shell:Creating package descriptor '/home/mk/dev_ws/install/zed_components/share/zed_components/package.dsv'
[2.901s] INFO:colcon.colcon_core.shell:Creating package script '/home/mk/dev_ws/install/zed_components/share/zed_components/package.sh'
[2.901s] INFO:colcon.colcon_core.shell:Creating package script '/home/mk/dev_ws/install/zed_components/share/zed_components/package.bash'
[2.901s] INFO:colcon.colcon_core.shell:Creating package script '/home/mk/dev_ws/install/zed_components/share/zed_components/package.zsh'
[2.901s] Level 1:colcon.colcon_core.environment:create_file_with_runtime_dependencies(/home/mk/dev_ws/install/zed_components/share/colcon-core/packages/zed_components)
[2.901s] INFO:colcon.colcon_ros.task.ament_cmake.build:Building ROS package in '/home/mk/dev_ws/src/zed-ros2-wrapper/zed_wrapper' with build type 'ament_cmake'
[2.901s] INFO:colcon.colcon_cmake.task.cmake.build:Building CMake package in '/home/mk/dev_ws/src/zed-ros2-wrapper/zed_wrapper'
[2.902s] INFO:colcon.colcon_core.shell:Skip shell extension 'powershell' for command environment: Not usable outside of PowerShell
[2.902s] DEBUG:colcon.colcon_core.shell:Skip shell extension 'dsv' for command environment
[2.910s] DEBUG:colcon.colcon_core.event_handler.log_command:Invoking command in '/home/mk/dev_ws/build/zed_wrapper': CMAKE_PREFIX_PATH=/home/mk/dev_ws/install/zed_components:/home/mk/dev_ws/install/zed_interfaces:/home/mk/dev_ws/install/zed_ros2:/home/mk/dev_ws/install/zed_wrapper:/home/mk/dev_ws/install/xarm_planner:/home/mk/dev_ws/install/xarm_moveit_servo:/home/mk/dev_ws/install/xarm_moveit_config:/home/mk/dev_ws/install/xarm_gazebo:/home/mk/dev_ws/install/xarm_controller:/home/mk/dev_ws/install/xarm_api:/home/mk/dev_ws/install/xarm_sdk:/home/mk/dev_ws/install/rviz_robot_control_panel:/home/mk/dev_ws/install/xarm_msgs:/home/mk/dev_ws/install/xarm_description:/home/mk/dev_ws/install/whisper_bringup:/home/mk/dev_ws/install/whisper_server:/home/mk/dev_ws/install/transcript_manager:/home/mk/dev_ws/install/whisper_util:/home/mk/dev_ws/install/whisper_idl:/home/mk/dev_ws/install/whisper_cpp_vendor:/home/mk/dev_ws/install/realsense_gazebo_plugin:/home/mk/dev_ws/install/my_3d_vision_bringup:/home/mk/dev_ws/install/mbot_demo:/home/mk/dev_ws/install/yolo_object_detector:/home/mk/dev_ws/install/move_to_coordinator:/home/mk/dev_ws/install/motion_sequence:/home/mk/dev_ws/install/whisper_demos:/home/mk/dev_ws/install/voice_command_listener:/home/mk/dev_ws/install/uf_ros_lib:/home/mk/dev_ws/install/rviz_servo_status_overlay:/home/mk/dev_ws/install/rviz_marker_static_scene_objects:/home/mk/dev_ws/install/robot_motion_handler_movegroup:/home/mk/dev_ws/install/gaze_control:/home/mk/dev_ws/install/collision_check:/home/mk/dev_ws/install/audio_listener:/opt/ros/humble LD_LIBRARY_PATH=/home/mk/dev_ws/install/zed_components/lib:/home/mk/dev_ws/install/zed_interfaces/lib:/usr/local/cuda-12.1/lib64:/home/mk/dev_ws/install/xarm_planner/lib:/home/mk/dev_ws/install/xarm_moveit_servo/lib:/home/mk/dev_ws/install/xarm_gazebo/lib:/home/mk/dev_ws/install/xarm_controller/lib:/home/mk/dev_ws/install/xarm_api/lib:/home/mk/dev_ws/install/xarm_sdk/lib:/home/mk/dev_ws/install/rviz_robot_control_panel/lib:/home/mk/dev_ws/install/xarm_msgs/lib:/home/mk/dev_ws/install/whisper_server/lib:/home/mk/dev_ws/install/transcript_manager/lib:/home/mk/dev_ws/install/whisper_util/lib:/home/mk/dev_ws/install/whisper_idl/lib:/home/mk/dev_ws/install/whisper_cpp_vendor/lib:/home/mk/dev_ws/install/realsense_gazebo_plugin/lib:/home/mk/dev_ws/install/my_3d_vision_bringup/lib:/usr/lib/x86_64-linux-gnu/gazebo-11/plugins:/opt/ros/humble/opt/rviz_ogre_vendor/lib:/opt/ros/humble/lib/x86_64-linux-gnu:/opt/ros/humble/lib /usr/bin/cmake /home/mk/dev_ws/src/zed-ros2-wrapper/zed_wrapper -DAMENT_CMAKE_SYMLINK_INSTALL=1 -DCMAKE_INSTALL_PREFIX=/home/mk/dev_ws/install/zed_wrapper
[2.920s] DEBUG:colcon.colcon_core.event_handler.log_command:Invoked command in '/home/mk/dev_ws/build/xarm_api' returned '0': CMAKE_PREFIX_PATH=/home/mk/dev_ws/install/xarm_sdk:/home/mk/dev_ws/install/xarm_msgs:/home/mk/dev_ws/install/xarm_description:/home/mk/dev_ws/install/zed_ros2:/home/mk/dev_ws/install/zed_wrapper:/home/mk/dev_ws/install/zed_components:/home/mk/dev_ws/install/zed_interfaces:/home/mk/dev_ws/install/xarm_planner:/home/mk/dev_ws/install/xarm_moveit_servo:/home/mk/dev_ws/install/xarm_moveit_config:/home/mk/dev_ws/install/xarm_gazebo:/home/mk/dev_ws/install/xarm_controller:/home/mk/dev_ws/install/xarm_api:/home/mk/dev_ws/install/rviz_robot_control_panel:/home/mk/dev_ws/install/whisper_bringup:/home/mk/dev_ws/install/whisper_server:/home/mk/dev_ws/install/transcript_manager:/home/mk/dev_ws/install/whisper_util:/home/mk/dev_ws/install/whisper_idl:/home/mk/dev_ws/install/whisper_cpp_vendor:/home/mk/dev_ws/install/realsense_gazebo_plugin:/home/mk/dev_ws/install/my_3d_vision_bringup:/home/mk/dev_ws/install/mbot_demo:/home/mk/dev_ws/install/yolo_object_detector:/home/mk/dev_ws/install/move_to_coordinator:/home/mk/dev_ws/install/motion_sequence:/home/mk/dev_ws/install/whisper_demos:/home/mk/dev_ws/install/voice_command_listener:/home/mk/dev_ws/install/uf_ros_lib:/home/mk/dev_ws/install/rviz_servo_status_overlay:/home/mk/dev_ws/install/rviz_marker_static_scene_objects:/home/mk/dev_ws/install/robot_motion_handler_movegroup:/home/mk/dev_ws/install/gaze_control:/home/mk/dev_ws/install/collision_check:/home/mk/dev_ws/install/audio_listener:/opt/ros/humble LD_LIBRARY_PATH=/home/mk/dev_ws/install/xarm_sdk/lib:/home/mk/dev_ws/install/xarm_msgs/lib:/usr/local/cuda-12.1/lib64:/home/mk/dev_ws/install/zed_components/lib:/home/mk/dev_ws/install/zed_interfaces/lib:/home/mk/dev_ws/install/xarm_planner/lib:/home/mk/dev_ws/install/xarm_moveit_servo/lib:/home/mk/dev_ws/install/xarm_gazebo/lib:/home/mk/dev_ws/install/xarm_controller/lib:/home/mk/dev_ws/install/xarm_api/lib:/home/mk/dev_ws/install/rviz_robot_control_panel/lib:/home/mk/dev_ws/install/whisper_server/lib:/home/mk/dev_ws/install/transcript_manager/lib:/home/mk/dev_ws/install/whisper_util/lib:/home/mk/dev_ws/install/whisper_idl/lib:/home/mk/dev_ws/install/whisper_cpp_vendor/lib:/home/mk/dev_ws/install/realsense_gazebo_plugin/lib:/home/mk/dev_ws/install/my_3d_vision_bringup/lib:/usr/lib/x86_64-linux-gnu/gazebo-11/plugins:/opt/ros/humble/opt/rviz_ogre_vendor/lib:/opt/ros/humble/lib/x86_64-linux-gnu:/opt/ros/humble/lib /usr/bin/cmake --build /home/mk/dev_ws/build/xarm_api -- -j20 -l20
[2.921s] DEBUG:colcon.colcon_core.event_handler.log_command:Invoking command in '/home/mk/dev_ws/build/xarm_api': CMAKE_PREFIX_PATH=/home/mk/dev_ws/install/xarm_sdk:/home/mk/dev_ws/install/xarm_msgs:/home/mk/dev_ws/install/xarm_description:/home/mk/dev_ws/install/zed_ros2:/home/mk/dev_ws/install/zed_wrapper:/home/mk/dev_ws/install/zed_components:/home/mk/dev_ws/install/zed_interfaces:/home/mk/dev_ws/install/xarm_planner:/home/mk/dev_ws/install/xarm_moveit_servo:/home/mk/dev_ws/install/xarm_moveit_config:/home/mk/dev_ws/install/xarm_gazebo:/home/mk/dev_ws/install/xarm_controller:/home/mk/dev_ws/install/xarm_api:/home/mk/dev_ws/install/rviz_robot_control_panel:/home/mk/dev_ws/install/whisper_bringup:/home/mk/dev_ws/install/whisper_server:/home/mk/dev_ws/install/transcript_manager:/home/mk/dev_ws/install/whisper_util:/home/mk/dev_ws/install/whisper_idl:/home/mk/dev_ws/install/whisper_cpp_vendor:/home/mk/dev_ws/install/realsense_gazebo_plugin:/home/mk/dev_ws/install/my_3d_vision_bringup:/home/mk/dev_ws/install/mbot_demo:/home/mk/dev_ws/install/yolo_object_detector:/home/mk/dev_ws/install/move_to_coordinator:/home/mk/dev_ws/install/motion_sequence:/home/mk/dev_ws/install/whisper_demos:/home/mk/dev_ws/install/voice_command_listener:/home/mk/dev_ws/install/uf_ros_lib:/home/mk/dev_ws/install/rviz_servo_status_overlay:/home/mk/dev_ws/install/rviz_marker_static_scene_objects:/home/mk/dev_ws/install/robot_motion_handler_movegroup:/home/mk/dev_ws/install/gaze_control:/home/mk/dev_ws/install/collision_check:/home/mk/dev_ws/install/audio_listener:/opt/ros/humble LD_LIBRARY_PATH=/home/mk/dev_ws/install/xarm_sdk/lib:/home/mk/dev_ws/install/xarm_msgs/lib:/usr/local/cuda-12.1/lib64:/home/mk/dev_ws/install/zed_components/lib:/home/mk/dev_ws/install/zed_interfaces/lib:/home/mk/dev_ws/install/xarm_planner/lib:/home/mk/dev_ws/install/xarm_moveit_servo/lib:/home/mk/dev_ws/install/xarm_gazebo/lib:/home/mk/dev_ws/install/xarm_controller/lib:/home/mk/dev_ws/install/xarm_api/lib:/home/mk/dev_ws/install/rviz_robot_control_panel/lib:/home/mk/dev_ws/install/whisper_server/lib:/home/mk/dev_ws/install/transcript_manager/lib:/home/mk/dev_ws/install/whisper_util/lib:/home/mk/dev_ws/install/whisper_idl/lib:/home/mk/dev_ws/install/whisper_cpp_vendor/lib:/home/mk/dev_ws/install/realsense_gazebo_plugin/lib:/home/mk/dev_ws/install/my_3d_vision_bringup/lib:/usr/lib/x86_64-linux-gnu/gazebo-11/plugins:/opt/ros/humble/opt/rviz_ogre_vendor/lib:/opt/ros/humble/lib/x86_64-linux-gnu:/opt/ros/humble/lib /usr/bin/cmake --install /home/mk/dev_ws/build/xarm_api
[2.934s] Level 1:colcon.colcon_core.environment:create_environment_scripts_only(xarm_api)
[2.935s] Level 1:colcon.colcon_core.environment:checking '/home/mk/dev_ws/install/xarm_api' for CMake module files
[2.935s] DEBUG:colcon.colcon_core.event_handler.log_command:Invoked command in '/home/mk/dev_ws/build/xarm_api' returned '0': CMAKE_PREFIX_PATH=/home/mk/dev_ws/install/xarm_sdk:/home/mk/dev_ws/install/xarm_msgs:/home/mk/dev_ws/install/xarm_description:/home/mk/dev_ws/install/zed_ros2:/home/mk/dev_ws/install/zed_wrapper:/home/mk/dev_ws/install/zed_components:/home/mk/dev_ws/install/zed_interfaces:/home/mk/dev_ws/install/xarm_planner:/home/mk/dev_ws/install/xarm_moveit_servo:/home/mk/dev_ws/install/xarm_moveit_config:/home/mk/dev_ws/install/xarm_gazebo:/home/mk/dev_ws/install/xarm_controller:/home/mk/dev_ws/install/xarm_api:/home/mk/dev_ws/install/rviz_robot_control_panel:/home/mk/dev_ws/install/whisper_bringup:/home/mk/dev_ws/install/whisper_server:/home/mk/dev_ws/install/transcript_manager:/home/mk/dev_ws/install/whisper_util:/home/mk/dev_ws/install/whisper_idl:/home/mk/dev_ws/install/whisper_cpp_vendor:/home/mk/dev_ws/install/realsense_gazebo_plugin:/home/mk/dev_ws/install/my_3d_vision_bringup:/home/mk/dev_ws/install/mbot_demo:/home/mk/dev_ws/install/yolo_object_detector:/home/mk/dev_ws/install/move_to_coordinator:/home/mk/dev_ws/install/motion_sequence:/home/mk/dev_ws/install/whisper_demos:/home/mk/dev_ws/install/voice_command_listener:/home/mk/dev_ws/install/uf_ros_lib:/home/mk/dev_ws/install/rviz_servo_status_overlay:/home/mk/dev_ws/install/rviz_marker_static_scene_objects:/home/mk/dev_ws/install/robot_motion_handler_movegroup:/home/mk/dev_ws/install/gaze_control:/home/mk/dev_ws/install/collision_check:/home/mk/dev_ws/install/audio_listener:/opt/ros/humble LD_LIBRARY_PATH=/home/mk/dev_ws/install/xarm_sdk/lib:/home/mk/dev_ws/install/xarm_msgs/lib:/usr/local/cuda-12.1/lib64:/home/mk/dev_ws/install/zed_components/lib:/home/mk/dev_ws/install/zed_interfaces/lib:/home/mk/dev_ws/install/xarm_planner/lib:/home/mk/dev_ws/install/xarm_moveit_servo/lib:/home/mk/dev_ws/install/xarm_gazebo/lib:/home/mk/dev_ws/install/xarm_controller/lib:/home/mk/dev_ws/install/xarm_api/lib:/home/mk/dev_ws/install/rviz_robot_control_panel/lib:/home/mk/dev_ws/install/whisper_server/lib:/home/mk/dev_ws/install/transcript_manager/lib:/home/mk/dev_ws/install/whisper_util/lib:/home/mk/dev_ws/install/whisper_idl/lib:/home/mk/dev_ws/install/whisper_cpp_vendor/lib:/home/mk/dev_ws/install/realsense_gazebo_plugin/lib:/home/mk/dev_ws/install/my_3d_vision_bringup/lib:/usr/lib/x86_64-linux-gnu/gazebo-11/plugins:/opt/ros/humble/opt/rviz_ogre_vendor/lib:/opt/ros/humble/lib/x86_64-linux-gnu:/opt/ros/humble/lib /usr/bin/cmake --install /home/mk/dev_ws/build/xarm_api
[2.936s] Level 1:colcon.colcon_core.environment:checking '/home/mk/dev_ws/install/xarm_api' for CMake config files
[2.936s] Level 1:colcon.colcon_core.shell:create_environment_hook('xarm_api', 'cmake_prefix_path')
[2.936s] INFO:colcon.colcon_core.shell:Creating environment hook '/home/mk/dev_ws/install/xarm_api/share/xarm_api/hook/cmake_prefix_path.ps1'
[2.937s] INFO:colcon.colcon_core.shell:Creating environment descriptor '/home/mk/dev_ws/install/xarm_api/share/xarm_api/hook/cmake_prefix_path.dsv'
[2.937s] INFO:colcon.colcon_core.shell:Creating environment hook '/home/mk/dev_ws/install/xarm_api/share/xarm_api/hook/cmake_prefix_path.sh'
[2.938s] Level 1:colcon.colcon_core.environment:checking '/home/mk/dev_ws/install/xarm_api/lib'
[2.938s] Level 1:colcon.colcon_core.shell:create_environment_hook('xarm_api', 'ld_library_path_lib')
[2.938s] INFO:colcon.colcon_core.shell:Creating environment hook '/home/mk/dev_ws/install/xarm_api/share/xarm_api/hook/ld_library_path_lib.ps1'
[2.938s] INFO:colcon.colcon_core.shell:Creating environment descriptor '/home/mk/dev_ws/install/xarm_api/share/xarm_api/hook/ld_library_path_lib.dsv'
[2.939s] INFO:colcon.colcon_core.shell:Creating environment hook '/home/mk/dev_ws/install/xarm_api/share/xarm_api/hook/ld_library_path_lib.sh'
[2.939s] Level 1:colcon.colcon_core.environment:checking '/home/mk/dev_ws/install/xarm_api/bin'
[2.939s] Level 1:colcon.colcon_core.environment:checking '/home/mk/dev_ws/install/xarm_api/lib/pkgconfig/xarm_api.pc'
[2.939s] Level 1:colcon.colcon_core.environment:checking '/home/mk/dev_ws/install/xarm_api/lib/python3.10/site-packages'
[2.940s] Level 1:colcon.colcon_core.environment:checking '/home/mk/dev_ws/install/xarm_api/bin'
[2.940s] INFO:colcon.colcon_core.shell:Creating package script '/home/mk/dev_ws/install/xarm_api/share/xarm_api/package.ps1'
[2.941s] INFO:colcon.colcon_core.shell:Creating package descriptor '/home/mk/dev_ws/install/xarm_api/share/xarm_api/package.dsv'
[2.941s] INFO:colcon.colcon_core.shell:Creating package script '/home/mk/dev_ws/install/xarm_api/share/xarm_api/package.sh'
[2.942s] INFO:colcon.colcon_core.shell:Creating package script '/home/mk/dev_ws/install/xarm_api/share/xarm_api/package.bash'
[2.942s] INFO:colcon.colcon_core.shell:Creating package script '/home/mk/dev_ws/install/xarm_api/share/xarm_api/package.zsh'
[2.942s] Level 1:colcon.colcon_core.environment:create_file_with_runtime_dependencies(/home/mk/dev_ws/install/xarm_api/share/colcon-core/packages/xarm_api)
[2.943s] Level 1:colcon.colcon_core.environment:create_environment_scripts_only(xarm_api)
[2.943s] Level 1:colcon.colcon_core.environment:checking '/home/mk/dev_ws/install/xarm_api' for CMake module files
[2.943s] Level 1:colcon.colcon_core.environment:checking '/home/mk/dev_ws/install/xarm_api' for CMake config files
[2.944s] Level 1:colcon.colcon_core.shell:create_environment_hook('xarm_api', 'cmake_prefix_path')
[2.944s] INFO:colcon.colcon_core.shell:Creating environment hook '/home/mk/dev_ws/install/xarm_api/share/xarm_api/hook/cmake_prefix_path.ps1'
[2.944s] INFO:colcon.colcon_core.shell:Creating environment descriptor '/home/mk/dev_ws/install/xarm_api/share/xarm_api/hook/cmake_prefix_path.dsv'
[2.945s] INFO:colcon.colcon_core.shell:Creating environment hook '/home/mk/dev_ws/install/xarm_api/share/xarm_api/hook/cmake_prefix_path.sh'
[2.945s] Level 1:colcon.colcon_core.environment:checking '/home/mk/dev_ws/install/xarm_api/lib'
[2.945s] Level 1:colcon.colcon_core.shell:create_environment_hook('xarm_api', 'ld_library_path_lib')
[2.946s] INFO:colcon.colcon_core.shell:Creating environment hook '/home/mk/dev_ws/install/xarm_api/share/xarm_api/hook/ld_library_path_lib.ps1'
[2.946s] INFO:colcon.colcon_core.shell:Creating environment descriptor '/home/mk/dev_ws/install/xarm_api/share/xarm_api/hook/ld_library_path_lib.dsv'
[2.946s] INFO:colcon.colcon_core.shell:Creating environment hook '/home/mk/dev_ws/install/xarm_api/share/xarm_api/hook/ld_library_path_lib.sh'
[2.947s] Level 1:colcon.colcon_core.environment:checking '/home/mk/dev_ws/install/xarm_api/bin'
[2.947s] Level 1:colcon.colcon_core.environment:checking '/home/mk/dev_ws/install/xarm_api/lib/pkgconfig/xarm_api.pc'
[2.947s] Level 1:colcon.colcon_core.environment:checking '/home/mk/dev_ws/install/xarm_api/lib/python3.10/site-packages'
[2.948s] Level 1:colcon.colcon_core.environment:checking '/home/mk/dev_ws/install/xarm_api/bin'
[2.948s] INFO:colcon.colcon_core.shell:Creating package script '/home/mk/dev_ws/install/xarm_api/share/xarm_api/package.ps1'
[2.948s] INFO:colcon.colcon_core.shell:Creating package descriptor '/home/mk/dev_ws/install/xarm_api/share/xarm_api/package.dsv'
[2.949s] INFO:colcon.colcon_core.shell:Creating package script '/home/mk/dev_ws/install/xarm_api/share/xarm_api/package.sh'
[2.949s] INFO:colcon.colcon_core.shell:Creating package script '/home/mk/dev_ws/install/xarm_api/share/xarm_api/package.bash'
[2.949s] INFO:colcon.colcon_core.shell:Creating package script '/home/mk/dev_ws/install/xarm_api/share/xarm_api/package.zsh'
[2.949s] Level 1:colcon.colcon_core.environment:create_file_with_runtime_dependencies(/home/mk/dev_ws/install/xarm_api/share/colcon-core/packages/xarm_api)
[2.949s] INFO:colcon.colcon_ros.task.ament_cmake.build:Building ROS package in '/home/mk/dev_ws/src/xarm_ros2/xarm_controller' with build type 'ament_cmake'
[2.950s] INFO:colcon.colcon_cmake.task.cmake.build:Building CMake package in '/home/mk/dev_ws/src/xarm_ros2/xarm_controller'
[2.950s] INFO:colcon.colcon_core.shell:Skip shell extension 'powershell' for command environment: Not usable outside of PowerShell
[2.950s] DEBUG:colcon.colcon_core.shell:Skip shell extension 'dsv' for command environment
[2.959s] DEBUG:colcon.colcon_core.event_handler.log_command:Invoking command in '/home/mk/dev_ws/build/xarm_controller': CMAKE_PREFIX_PATH=/home/mk/dev_ws/install/xarm_api:/home/mk/dev_ws/install/xarm_sdk:/home/mk/dev_ws/install/xarm_msgs:/home/mk/dev_ws/install/xarm_description:/home/mk/dev_ws/install/zed_ros2:/home/mk/dev_ws/install/zed_wrapper:/home/mk/dev_ws/install/zed_components:/home/mk/dev_ws/install/zed_interfaces:/home/mk/dev_ws/install/xarm_planner:/home/mk/dev_ws/install/xarm_moveit_servo:/home/mk/dev_ws/install/xarm_moveit_config:/home/mk/dev_ws/install/xarm_gazebo:/home/mk/dev_ws/install/xarm_controller:/home/mk/dev_ws/install/rviz_robot_control_panel:/home/mk/dev_ws/install/whisper_bringup:/home/mk/dev_ws/install/whisper_server:/home/mk/dev_ws/install/transcript_manager:/home/mk/dev_ws/install/whisper_util:/home/mk/dev_ws/install/whisper_idl:/home/mk/dev_ws/install/whisper_cpp_vendor:/home/mk/dev_ws/install/realsense_gazebo_plugin:/home/mk/dev_ws/install/my_3d_vision_bringup:/home/mk/dev_ws/install/mbot_demo:/home/mk/dev_ws/install/yolo_object_detector:/home/mk/dev_ws/install/move_to_coordinator:/home/mk/dev_ws/install/motion_sequence:/home/mk/dev_ws/install/whisper_demos:/home/mk/dev_ws/install/voice_command_listener:/home/mk/dev_ws/install/uf_ros_lib:/home/mk/dev_ws/install/rviz_servo_status_overlay:/home/mk/dev_ws/install/rviz_marker_static_scene_objects:/home/mk/dev_ws/install/robot_motion_handler_movegroup:/home/mk/dev_ws/install/gaze_control:/home/mk/dev_ws/install/collision_check:/home/mk/dev_ws/install/audio_listener:/opt/ros/humble LD_LIBRARY_PATH=/home/mk/dev_ws/install/xarm_api/lib:/home/mk/dev_ws/install/xarm_sdk/lib:/home/mk/dev_ws/install/xarm_msgs/lib:/usr/local/cuda-12.1/lib64:/home/mk/dev_ws/install/zed_components/lib:/home/mk/dev_ws/install/zed_interfaces/lib:/home/mk/dev_ws/install/xarm_planner/lib:/home/mk/dev_ws/install/xarm_moveit_servo/lib:/home/mk/dev_ws/install/xarm_gazebo/lib:/home/mk/dev_ws/install/xarm_controller/lib:/home/mk/dev_ws/install/rviz_robot_control_panel/lib:/home/mk/dev_ws/install/whisper_server/lib:/home/mk/dev_ws/install/transcript_manager/lib:/home/mk/dev_ws/install/whisper_util/lib:/home/mk/dev_ws/install/whisper_idl/lib:/home/mk/dev_ws/install/whisper_cpp_vendor/lib:/home/mk/dev_ws/install/realsense_gazebo_plugin/lib:/home/mk/dev_ws/install/my_3d_vision_bringup/lib:/usr/lib/x86_64-linux-gnu/gazebo-11/plugins:/opt/ros/humble/opt/rviz_ogre_vendor/lib:/opt/ros/humble/lib/x86_64-linux-gnu:/opt/ros/humble/lib /usr/bin/cmake /home/mk/dev_ws/src/xarm_ros2/xarm_controller -DAMENT_CMAKE_SYMLINK_INSTALL=1 -DCMAKE_INSTALL_PREFIX=/home/mk/dev_ws/install/xarm_controller
[3.065s] DEBUG:colcon.colcon_core.task.python.build:While undoing a previous installation files outside the Python library path are being ignored: /home/mk/dev_ws/install/move_to_coordinator/share/ament_index/resource_index/packages/move_to_coordinator
[3.065s] DEBUG:colcon.colcon_core.task.python.build:While undoing a previous installation files outside the Python library path are being ignored: /home/mk/dev_ws/install/move_to_coordinator/share/move_to_coordinator/package.xml
[3.065s] DEBUG:colcon.colcon_core.task.python.build:While undoing a previous installation files outside the Python library path are being ignored: /home/mk/dev_ws/install/move_to_coordinator/lib/move_to_coordinator/move_to_coordinator
[3.066s] DEBUG:colcon.colcon_core.event_handler.log_command:Invoking command in '/home/mk/dev_ws/build/move_to_coordinator': CMAKE_PREFIX_PATH=/home/mk/dev_ws/install/xarm_msgs:/home/mk/dev_ws/install/zed_ros2:/home/mk/dev_ws/install/zed_wrapper:/home/mk/dev_ws/install/zed_components:/home/mk/dev_ws/install/zed_interfaces:/home/mk/dev_ws/install/xarm_planner:/home/mk/dev_ws/install/xarm_moveit_servo:/home/mk/dev_ws/install/xarm_moveit_config:/home/mk/dev_ws/install/xarm_gazebo:/home/mk/dev_ws/install/xarm_controller:/home/mk/dev_ws/install/xarm_api:/home/mk/dev_ws/install/xarm_sdk:/home/mk/dev_ws/install/rviz_robot_control_panel:/home/mk/dev_ws/install/xarm_description:/home/mk/dev_ws/install/whisper_bringup:/home/mk/dev_ws/install/whisper_server:/home/mk/dev_ws/install/transcript_manager:/home/mk/dev_ws/install/whisper_util:/home/mk/dev_ws/install/whisper_idl:/home/mk/dev_ws/install/whisper_cpp_vendor:/home/mk/dev_ws/install/realsense_gazebo_plugin:/home/mk/dev_ws/install/my_3d_vision_bringup:/home/mk/dev_ws/install/mbot_demo LD_LIBRARY_PATH=/home/mk/dev_ws/install/xarm_msgs/lib:/usr/local/cuda-12.1/lib64:/home/mk/dev_ws/install/zed_components/lib:/home/mk/dev_ws/install/zed_interfaces/lib:/home/mk/dev_ws/install/xarm_planner/lib:/home/mk/dev_ws/install/xarm_moveit_servo/lib:/home/mk/dev_ws/install/xarm_gazebo/lib:/home/mk/dev_ws/install/xarm_controller/lib:/home/mk/dev_ws/install/xarm_api/lib:/home/mk/dev_ws/install/xarm_sdk/lib:/home/mk/dev_ws/install/rviz_robot_control_panel/lib:/home/mk/dev_ws/install/whisper_server/lib:/home/mk/dev_ws/install/transcript_manager/lib:/home/mk/dev_ws/install/whisper_util/lib:/home/mk/dev_ws/install/whisper_idl/lib:/home/mk/dev_ws/install/whisper_cpp_vendor/lib:/home/mk/dev_ws/install/realsense_gazebo_plugin/lib:/home/mk/dev_ws/install/my_3d_vision_bringup/lib:/usr/lib/x86_64-linux-gnu/gazebo-11/plugins:/opt/ros/humble/opt/rviz_ogre_vendor/lib:/opt/ros/humble/lib/x86_64-linux-gnu:/opt/ros/humble/lib PYTHONPATH=/home/mk/dev_ws/build/move_to_coordinator/prefix_override:/usr/lib/python3/dist-packages/colcon_core/task/python/colcon_distutils_commands:/home/mk/dev_ws/install/move_to_coordinator/lib/python3.10/site-packages:${PYTHONPATH} /usr/bin/python3 -W ignore:setup.py install is deprecated -W ignore:easy_install command is deprecated setup.py develop --editable --build-directory /home/mk/dev_ws/build/move_to_coordinator/build --no-deps symlink_data --force
[3.096s] DEBUG:colcon.colcon_core.task.python.build:While undoing a previous installation files outside the Python library path are being ignored: /home/mk/dev_ws/install/motion_sequence/share/motion_sequence/package.xml
[3.096s] DEBUG:colcon.colcon_core.task.python.build:While undoing a previous installation files outside the Python library path are being ignored: /home/mk/dev_ws/install/motion_sequence/share/motion_sequence/launch/motion_sequence_launch.py
[3.096s] DEBUG:colcon.colcon_core.task.python.build:While undoing a previous installation files outside the Python library path are being ignored: /home/mk/dev_ws/install/motion_sequence/share/ament_index/resource_index/packages/motion_sequence
[3.096s] DEBUG:colcon.colcon_core.task.python.build:While undoing a previous installation files outside the Python library path are being ignored: /home/mk/dev_ws/install/motion_sequence/lib/motion_sequence/motion_sequence
[3.098s] DEBUG:colcon.colcon_core.event_handler.log_command:Invoking command in '/home/mk/dev_ws/build/motion_sequence': CMAKE_PREFIX_PATH=/home/mk/dev_ws/install/xarm_msgs:/home/mk/dev_ws/install/zed_ros2:/home/mk/dev_ws/install/zed_wrapper:/home/mk/dev_ws/install/zed_components:/home/mk/dev_ws/install/zed_interfaces:/home/mk/dev_ws/install/xarm_planner:/home/mk/dev_ws/install/xarm_moveit_servo:/home/mk/dev_ws/install/xarm_moveit_config:/home/mk/dev_ws/install/xarm_gazebo:/home/mk/dev_ws/install/xarm_controller:/home/mk/dev_ws/install/xarm_api:/home/mk/dev_ws/install/xarm_sdk:/home/mk/dev_ws/install/rviz_robot_control_panel:/home/mk/dev_ws/install/xarm_description:/home/mk/dev_ws/install/whisper_bringup:/home/mk/dev_ws/install/whisper_server:/home/mk/dev_ws/install/transcript_manager:/home/mk/dev_ws/install/whisper_util:/home/mk/dev_ws/install/whisper_idl:/home/mk/dev_ws/install/whisper_cpp_vendor:/home/mk/dev_ws/install/realsense_gazebo_plugin:/home/mk/dev_ws/install/my_3d_vision_bringup:/home/mk/dev_ws/install/mbot_demo LD_LIBRARY_PATH=/home/mk/dev_ws/install/xarm_msgs/lib:/usr/local/cuda-12.1/lib64:/home/mk/dev_ws/install/zed_components/lib:/home/mk/dev_ws/install/zed_interfaces/lib:/home/mk/dev_ws/install/xarm_planner/lib:/home/mk/dev_ws/install/xarm_moveit_servo/lib:/home/mk/dev_ws/install/xarm_gazebo/lib:/home/mk/dev_ws/install/xarm_controller/lib:/home/mk/dev_ws/install/xarm_api/lib:/home/mk/dev_ws/install/xarm_sdk/lib:/home/mk/dev_ws/install/rviz_robot_control_panel/lib:/home/mk/dev_ws/install/whisper_server/lib:/home/mk/dev_ws/install/transcript_manager/lib:/home/mk/dev_ws/install/whisper_util/lib:/home/mk/dev_ws/install/whisper_idl/lib:/home/mk/dev_ws/install/whisper_cpp_vendor/lib:/home/mk/dev_ws/install/realsense_gazebo_plugin/lib:/home/mk/dev_ws/install/my_3d_vision_bringup/lib:/usr/lib/x86_64-linux-gnu/gazebo-11/plugins:/opt/ros/humble/opt/rviz_ogre_vendor/lib:/opt/ros/humble/lib/x86_64-linux-gnu:/opt/ros/humble/lib PYTHONPATH=/home/mk/dev_ws/build/motion_sequence/prefix_override:/usr/lib/python3/dist-packages/colcon_core/task/python/colcon_distutils_commands:/home/mk/dev_ws/install/motion_sequence/lib/python3.10/site-packages:${PYTHONPATH} /usr/bin/python3 -W ignore:setup.py install is deprecated -W ignore:easy_install command is deprecated setup.py develop --editable --build-directory /home/mk/dev_ws/build/motion_sequence/build --no-deps symlink_data --force
[3.129s] Level 1:colcon.colcon_core.shell:create_environment_hook('voice_command_listener', 'pythonpath_develop')
[3.130s] INFO:colcon.colcon_core.shell:Creating environment hook '/home/mk/dev_ws/build/voice_command_listener/share/voice_command_listener/hook/pythonpath_develop.ps1'
[3.130s] DEBUG:colcon.colcon_core.event_handler.log_command:Invoked command in '/home/mk/dev_ws/build/voice_command_listener' returned '0': CMAKE_PREFIX_PATH=/home/mk/dev_ws/install/whisper_idl:/home/mk/dev_ws/install/zed_ros2:/home/mk/dev_ws/install/zed_wrapper:/home/mk/dev_ws/install/zed_components:/home/mk/dev_ws/install/zed_interfaces:/home/mk/dev_ws/install/xarm_planner:/home/mk/dev_ws/install/xarm_moveit_servo:/home/mk/dev_ws/install/xarm_moveit_config:/home/mk/dev_ws/install/xarm_gazebo:/home/mk/dev_ws/install/xarm_controller:/home/mk/dev_ws/install/xarm_api:/home/mk/dev_ws/install/xarm_sdk:/home/mk/dev_ws/install/rviz_robot_control_panel:/home/mk/dev_ws/install/xarm_msgs:/home/mk/dev_ws/install/xarm_description:/home/mk/dev_ws/install/whisper_bringup:/home/mk/dev_ws/install/whisper_server:/home/mk/dev_ws/install/transcript_manager:/home/mk/dev_ws/install/whisper_util:/home/mk/dev_ws/install/whisper_cpp_vendor:/home/mk/dev_ws/install/realsense_gazebo_plugin:/home/mk/dev_ws/install/my_3d_vision_bringup:/home/mk/dev_ws/install/mbot_demo LD_LIBRARY_PATH=/home/mk/dev_ws/install/whisper_idl/lib:/usr/local/cuda-12.1/lib64:/home/mk/dev_ws/install/zed_components/lib:/home/mk/dev_ws/install/zed_interfaces/lib:/home/mk/dev_ws/install/xarm_planner/lib:/home/mk/dev_ws/install/xarm_moveit_servo/lib:/home/mk/dev_ws/install/xarm_gazebo/lib:/home/mk/dev_ws/install/xarm_controller/lib:/home/mk/dev_ws/install/xarm_api/lib:/home/mk/dev_ws/install/xarm_sdk/lib:/home/mk/dev_ws/install/rviz_robot_control_panel/lib:/home/mk/dev_ws/install/xarm_msgs/lib:/home/mk/dev_ws/install/whisper_server/lib:/home/mk/dev_ws/install/transcript_manager/lib:/home/mk/dev_ws/install/whisper_util/lib:/home/mk/dev_ws/install/whisper_cpp_vendor/lib:/home/mk/dev_ws/install/realsense_gazebo_plugin/lib:/home/mk/dev_ws/install/my_3d_vision_bringup/lib:/usr/lib/x86_64-linux-gnu/gazebo-11/plugins:/opt/ros/humble/opt/rviz_ogre_vendor/lib:/opt/ros/humble/lib/x86_64-linux-gnu:/opt/ros/humble/lib PYTHONPATH=/home/mk/dev_ws/build/voice_command_listener/prefix_override:/usr/lib/python3/dist-packages/colcon_core/task/python/colcon_distutils_commands:/home/mk/dev_ws/install/voice_command_listener/lib/python3.10/site-packages:${PYTHONPATH} /usr/bin/python3 -W ignore:setup.py install is deprecated -W ignore:easy_install command is deprecated setup.py develop --editable --build-directory /home/mk/dev_ws/build/voice_command_listener/build --no-deps symlink_data --force
[3.130s] INFO:colcon.colcon_core.shell:Creating environment descriptor '/home/mk/dev_ws/build/voice_command_listener/share/voice_command_listener/hook/pythonpath_develop.dsv'
[3.131s] INFO:colcon.colcon_core.shell:Creating environment hook '/home/mk/dev_ws/build/voice_command_listener/share/voice_command_listener/hook/pythonpath_develop.sh'
[3.131s] Level 1:colcon.colcon_core.environment:checking '/home/mk/dev_ws/install/voice_command_listener' for CMake module files
[3.132s] Level 1:colcon.colcon_core.environment:checking '/home/mk/dev_ws/install/voice_command_listener' for CMake config files
[3.132s] Level 1:colcon.colcon_core.environment:checking '/home/mk/dev_ws/install/voice_command_listener/lib'
[3.132s] Level 1:colcon.colcon_core.environment:checking '/home/mk/dev_ws/install/voice_command_listener/bin'
[3.132s] Level 1:colcon.colcon_core.environment:checking '/home/mk/dev_ws/install/voice_command_listener/lib/pkgconfig/voice_command_listener.pc'
[3.133s] Level 1:colcon.colcon_core.environment:checking '/home/mk/dev_ws/install/voice_command_listener/lib/python3.10/site-packages'
[3.133s] Level 1:colcon.colcon_core.shell:create_environment_hook('voice_command_listener', 'pythonpath')
[3.133s] INFO:colcon.colcon_core.shell:Creating environment hook '/home/mk/dev_ws/install/voice_command_listener/share/voice_command_listener/hook/pythonpath.ps1'
[3.133s] INFO:colcon.colcon_core.shell:Creating environment descriptor '/home/mk/dev_ws/install/voice_command_listener/share/voice_command_listener/hook/pythonpath.dsv'
[3.134s] INFO:colcon.colcon_core.shell:Creating environment hook '/home/mk/dev_ws/install/voice_command_listener/share/voice_command_listener/hook/pythonpath.sh'
[3.134s] Level 1:colcon.colcon_core.environment:checking '/home/mk/dev_ws/install/voice_command_listener/bin'
[3.134s] Level 1:colcon.colcon_core.environment:create_environment_scripts_only(voice_command_listener)
[3.135s] INFO:colcon.colcon_core.shell:Creating package script '/home/mk/dev_ws/install/voice_command_listener/share/voice_command_listener/package.ps1'
[3.135s] INFO:colcon.colcon_core.shell:Creating package descriptor '/home/mk/dev_ws/install/voice_command_listener/share/voice_command_listener/package.dsv'
[3.136s] INFO:colcon.colcon_core.shell:Creating package script '/home/mk/dev_ws/install/voice_command_listener/share/voice_command_listener/package.sh'
[3.136s] INFO:colcon.colcon_core.shell:Creating package script '/home/mk/dev_ws/install/voice_command_listener/share/voice_command_listener/package.bash'
[3.137s] INFO:colcon.colcon_core.shell:Creating package script '/home/mk/dev_ws/install/voice_command_listener/share/voice_command_listener/package.zsh'
[3.137s] Level 1:colcon.colcon_core.environment:create_file_with_runtime_dependencies(/home/mk/dev_ws/install/voice_command_listener/share/colcon-core/packages/voice_command_listener)
[3.145s] DEBUG:colcon.colcon_core.event_handler.log_command:Invoked command in '/home/mk/dev_ws/build/whisper_server' returned '0': CMAKE_PREFIX_PATH=/home/mk/dev_ws/install/whisper_util:/home/mk/dev_ws/install/whisper_idl:/home/mk/dev_ws/install/whisper_cpp_vendor:/home/mk/dev_ws/install/zed_ros2:/home/mk/dev_ws/install/zed_wrapper:/home/mk/dev_ws/install/zed_components:/home/mk/dev_ws/install/zed_interfaces:/home/mk/dev_ws/install/xarm_planner:/home/mk/dev_ws/install/xarm_moveit_servo:/home/mk/dev_ws/install/xarm_moveit_config:/home/mk/dev_ws/install/xarm_gazebo:/home/mk/dev_ws/install/xarm_controller:/home/mk/dev_ws/install/xarm_api:/home/mk/dev_ws/install/xarm_sdk:/home/mk/dev_ws/install/rviz_robot_control_panel:/home/mk/dev_ws/install/xarm_msgs:/home/mk/dev_ws/install/xarm_description:/home/mk/dev_ws/install/whisper_bringup:/home/mk/dev_ws/install/whisper_server:/home/mk/dev_ws/install/transcript_manager:/home/mk/dev_ws/install/realsense_gazebo_plugin:/home/mk/dev_ws/install/my_3d_vision_bringup:/home/mk/dev_ws/install/mbot_demo:/home/mk/dev_ws/install/yolo_object_detector:/home/mk/dev_ws/install/move_to_coordinator:/home/mk/dev_ws/install/motion_sequence:/home/mk/dev_ws/install/whisper_demos:/home/mk/dev_ws/install/voice_command_listener:/home/mk/dev_ws/install/uf_ros_lib:/home/mk/dev_ws/install/rviz_servo_status_overlay:/home/mk/dev_ws/install/rviz_marker_static_scene_objects:/home/mk/dev_ws/install/robot_motion_handler_movegroup:/home/mk/dev_ws/install/gaze_control:/home/mk/dev_ws/install/collision_check:/home/mk/dev_ws/install/audio_listener:/opt/ros/humble LD_LIBRARY_PATH=/home/mk/dev_ws/install/whisper_util/lib:/home/mk/dev_ws/install/whisper_idl/lib:/home/mk/dev_ws/install/whisper_cpp_vendor/lib:/usr/local/cuda-12.1/lib64:/home/mk/dev_ws/install/zed_components/lib:/home/mk/dev_ws/install/zed_interfaces/lib:/home/mk/dev_ws/install/xarm_planner/lib:/home/mk/dev_ws/install/xarm_moveit_servo/lib:/home/mk/dev_ws/install/xarm_gazebo/lib:/home/mk/dev_ws/install/xarm_controller/lib:/home/mk/dev_ws/install/xarm_api/lib:/home/mk/dev_ws/install/xarm_sdk/lib:/home/mk/dev_ws/install/rviz_robot_control_panel/lib:/home/mk/dev_ws/install/xarm_msgs/lib:/home/mk/dev_ws/install/whisper_server/lib:/home/mk/dev_ws/install/transcript_manager/lib:/home/mk/dev_ws/install/realsense_gazebo_plugin/lib:/home/mk/dev_ws/install/my_3d_vision_bringup/lib:/usr/lib/x86_64-linux-gnu/gazebo-11/plugins:/opt/ros/humble/opt/rviz_ogre_vendor/lib:/opt/ros/humble/lib/x86_64-linux-gnu:/opt/ros/humble/lib /usr/bin/cmake /home/mk/dev_ws/src/ros2_whisper/whisper_server -DAMENT_CMAKE_SYMLINK_INSTALL=1 -DCMAKE_INSTALL_PREFIX=/home/mk/dev_ws/install/whisper_server
[3.146s] DEBUG:colcon.colcon_core.event_handler.log_command:Invoking command in '/home/mk/dev_ws/build/whisper_server': CMAKE_PREFIX_PATH=/home/mk/dev_ws/install/whisper_util:/home/mk/dev_ws/install/whisper_idl:/home/mk/dev_ws/install/whisper_cpp_vendor:/home/mk/dev_ws/install/zed_ros2:/home/mk/dev_ws/install/zed_wrapper:/home/mk/dev_ws/install/zed_components:/home/mk/dev_ws/install/zed_interfaces:/home/mk/dev_ws/install/xarm_planner:/home/mk/dev_ws/install/xarm_moveit_servo:/home/mk/dev_ws/install/xarm_moveit_config:/home/mk/dev_ws/install/xarm_gazebo:/home/mk/dev_ws/install/xarm_controller:/home/mk/dev_ws/install/xarm_api:/home/mk/dev_ws/install/xarm_sdk:/home/mk/dev_ws/install/rviz_robot_control_panel:/home/mk/dev_ws/install/xarm_msgs:/home/mk/dev_ws/install/xarm_description:/home/mk/dev_ws/install/whisper_bringup:/home/mk/dev_ws/install/whisper_server:/home/mk/dev_ws/install/transcript_manager:/home/mk/dev_ws/install/realsense_gazebo_plugin:/home/mk/dev_ws/install/my_3d_vision_bringup:/home/mk/dev_ws/install/mbot_demo:/home/mk/dev_ws/install/yolo_object_detector:/home/mk/dev_ws/install/move_to_coordinator:/home/mk/dev_ws/install/motion_sequence:/home/mk/dev_ws/install/whisper_demos:/home/mk/dev_ws/install/voice_command_listener:/home/mk/dev_ws/install/uf_ros_lib:/home/mk/dev_ws/install/rviz_servo_status_overlay:/home/mk/dev_ws/install/rviz_marker_static_scene_objects:/home/mk/dev_ws/install/robot_motion_handler_movegroup:/home/mk/dev_ws/install/gaze_control:/home/mk/dev_ws/install/collision_check:/home/mk/dev_ws/install/audio_listener:/opt/ros/humble LD_LIBRARY_PATH=/home/mk/dev_ws/install/whisper_util/lib:/home/mk/dev_ws/install/whisper_idl/lib:/home/mk/dev_ws/install/whisper_cpp_vendor/lib:/usr/local/cuda-12.1/lib64:/home/mk/dev_ws/install/zed_components/lib:/home/mk/dev_ws/install/zed_interfaces/lib:/home/mk/dev_ws/install/xarm_planner/lib:/home/mk/dev_ws/install/xarm_moveit_servo/lib:/home/mk/dev_ws/install/xarm_gazebo/lib:/home/mk/dev_ws/install/xarm_controller/lib:/home/mk/dev_ws/install/xarm_api/lib:/home/mk/dev_ws/install/xarm_sdk/lib:/home/mk/dev_ws/install/rviz_robot_control_panel/lib:/home/mk/dev_ws/install/xarm_msgs/lib:/home/mk/dev_ws/install/whisper_server/lib:/home/mk/dev_ws/install/transcript_manager/lib:/home/mk/dev_ws/install/realsense_gazebo_plugin/lib:/home/mk/dev_ws/install/my_3d_vision_bringup/lib:/usr/lib/x86_64-linux-gnu/gazebo-11/plugins:/opt/ros/humble/opt/rviz_ogre_vendor/lib:/opt/ros/humble/lib/x86_64-linux-gnu:/opt/ros/humble/lib /usr/bin/cmake --build /home/mk/dev_ws/build/whisper_server -- -j20 -l20
[3.167s] DEBUG:colcon.colcon_core.event_handler.log_command:Invoked command in '/home/mk/dev_ws/build/transcript_manager' returned '0': CMAKE_PREFIX_PATH=/home/mk/dev_ws/install/whisper_util:/home/mk/dev_ws/install/whisper_idl:/home/mk/dev_ws/install/whisper_cpp_vendor:/home/mk/dev_ws/install/zed_ros2:/home/mk/dev_ws/install/zed_wrapper:/home/mk/dev_ws/install/zed_components:/home/mk/dev_ws/install/zed_interfaces:/home/mk/dev_ws/install/xarm_planner:/home/mk/dev_ws/install/xarm_moveit_servo:/home/mk/dev_ws/install/xarm_moveit_config:/home/mk/dev_ws/install/xarm_gazebo:/home/mk/dev_ws/install/xarm_controller:/home/mk/dev_ws/install/xarm_api:/home/mk/dev_ws/install/xarm_sdk:/home/mk/dev_ws/install/rviz_robot_control_panel:/home/mk/dev_ws/install/xarm_msgs:/home/mk/dev_ws/install/xarm_description:/home/mk/dev_ws/install/whisper_bringup:/home/mk/dev_ws/install/whisper_server:/home/mk/dev_ws/install/transcript_manager:/home/mk/dev_ws/install/realsense_gazebo_plugin:/home/mk/dev_ws/install/my_3d_vision_bringup:/home/mk/dev_ws/install/mbot_demo:/home/mk/dev_ws/install/yolo_object_detector:/home/mk/dev_ws/install/move_to_coordinator:/home/mk/dev_ws/install/motion_sequence:/home/mk/dev_ws/install/whisper_demos:/home/mk/dev_ws/install/voice_command_listener:/home/mk/dev_ws/install/uf_ros_lib:/home/mk/dev_ws/install/rviz_servo_status_overlay:/home/mk/dev_ws/install/rviz_marker_static_scene_objects:/home/mk/dev_ws/install/robot_motion_handler_movegroup:/home/mk/dev_ws/install/gaze_control:/home/mk/dev_ws/install/collision_check:/home/mk/dev_ws/install/audio_listener:/opt/ros/humble LD_LIBRARY_PATH=/home/mk/dev_ws/install/whisper_util/lib:/home/mk/dev_ws/install/whisper_idl/lib:/home/mk/dev_ws/install/whisper_cpp_vendor/lib:/usr/local/cuda-12.1/lib64:/home/mk/dev_ws/install/zed_components/lib:/home/mk/dev_ws/install/zed_interfaces/lib:/home/mk/dev_ws/install/xarm_planner/lib:/home/mk/dev_ws/install/xarm_moveit_servo/lib:/home/mk/dev_ws/install/xarm_gazebo/lib:/home/mk/dev_ws/install/xarm_controller/lib:/home/mk/dev_ws/install/xarm_api/lib:/home/mk/dev_ws/install/xarm_sdk/lib:/home/mk/dev_ws/install/rviz_robot_control_panel/lib:/home/mk/dev_ws/install/xarm_msgs/lib:/home/mk/dev_ws/install/whisper_server/lib:/home/mk/dev_ws/install/transcript_manager/lib:/home/mk/dev_ws/install/realsense_gazebo_plugin/lib:/home/mk/dev_ws/install/my_3d_vision_bringup/lib:/usr/lib/x86_64-linux-gnu/gazebo-11/plugins:/opt/ros/humble/opt/rviz_ogre_vendor/lib:/opt/ros/humble/lib/x86_64-linux-gnu:/opt/ros/humble/lib /usr/bin/cmake /home/mk/dev_ws/src/ros2_whisper/transcript_manager -DAMENT_CMAKE_SYMLINK_INSTALL=1 -DCMAKE_INSTALL_PREFIX=/home/mk/dev_ws/install/transcript_manager
[3.168s] DEBUG:colcon.colcon_core.event_handler.log_command:Invoking command in '/home/mk/dev_ws/build/transcript_manager': CMAKE_PREFIX_PATH=/home/mk/dev_ws/install/whisper_util:/home/mk/dev_ws/install/whisper_idl:/home/mk/dev_ws/install/whisper_cpp_vendor:/home/mk/dev_ws/install/zed_ros2:/home/mk/dev_ws/install/zed_wrapper:/home/mk/dev_ws/install/zed_components:/home/mk/dev_ws/install/zed_interfaces:/home/mk/dev_ws/install/xarm_planner:/home/mk/dev_ws/install/xarm_moveit_servo:/home/mk/dev_ws/install/xarm_moveit_config:/home/mk/dev_ws/install/xarm_gazebo:/home/mk/dev_ws/install/xarm_controller:/home/mk/dev_ws/install/xarm_api:/home/mk/dev_ws/install/xarm_sdk:/home/mk/dev_ws/install/rviz_robot_control_panel:/home/mk/dev_ws/install/xarm_msgs:/home/mk/dev_ws/install/xarm_description:/home/mk/dev_ws/install/whisper_bringup:/home/mk/dev_ws/install/whisper_server:/home/mk/dev_ws/install/transcript_manager:/home/mk/dev_ws/install/realsense_gazebo_plugin:/home/mk/dev_ws/install/my_3d_vision_bringup:/home/mk/dev_ws/install/mbot_demo:/home/mk/dev_ws/install/yolo_object_detector:/home/mk/dev_ws/install/move_to_coordinator:/home/mk/dev_ws/install/motion_sequence:/home/mk/dev_ws/install/whisper_demos:/home/mk/dev_ws/install/voice_command_listener:/home/mk/dev_ws/install/uf_ros_lib:/home/mk/dev_ws/install/rviz_servo_status_overlay:/home/mk/dev_ws/install/rviz_marker_static_scene_objects:/home/mk/dev_ws/install/robot_motion_handler_movegroup:/home/mk/dev_ws/install/gaze_control:/home/mk/dev_ws/install/collision_check:/home/mk/dev_ws/install/audio_listener:/opt/ros/humble LD_LIBRARY_PATH=/home/mk/dev_ws/install/whisper_util/lib:/home/mk/dev_ws/install/whisper_idl/lib:/home/mk/dev_ws/install/whisper_cpp_vendor/lib:/usr/local/cuda-12.1/lib64:/home/mk/dev_ws/install/zed_components/lib:/home/mk/dev_ws/install/zed_interfaces/lib:/home/mk/dev_ws/install/xarm_planner/lib:/home/mk/dev_ws/install/xarm_moveit_servo/lib:/home/mk/dev_ws/install/xarm_gazebo/lib:/home/mk/dev_ws/install/xarm_controller/lib:/home/mk/dev_ws/install/xarm_api/lib:/home/mk/dev_ws/install/xarm_sdk/lib:/home/mk/dev_ws/install/rviz_robot_control_panel/lib:/home/mk/dev_ws/install/xarm_msgs/lib:/home/mk/dev_ws/install/whisper_server/lib:/home/mk/dev_ws/install/transcript_manager/lib:/home/mk/dev_ws/install/realsense_gazebo_plugin/lib:/home/mk/dev_ws/install/my_3d_vision_bringup/lib:/usr/lib/x86_64-linux-gnu/gazebo-11/plugins:/opt/ros/humble/opt/rviz_ogre_vendor/lib:/opt/ros/humble/lib/x86_64-linux-gnu:/opt/ros/humble/lib /usr/bin/cmake --build /home/mk/dev_ws/build/transcript_manager -- -j20 -l20
[3.207s] DEBUG:colcon.colcon_core.event_handler.log_command:Invoked command in '/home/mk/dev_ws/build/whisper_server' returned '0': CMAKE_PREFIX_PATH=/home/mk/dev_ws/install/whisper_util:/home/mk/dev_ws/install/whisper_idl:/home/mk/dev_ws/install/whisper_cpp_vendor:/home/mk/dev_ws/install/zed_ros2:/home/mk/dev_ws/install/zed_wrapper:/home/mk/dev_ws/install/zed_components:/home/mk/dev_ws/install/zed_interfaces:/home/mk/dev_ws/install/xarm_planner:/home/mk/dev_ws/install/xarm_moveit_servo:/home/mk/dev_ws/install/xarm_moveit_config:/home/mk/dev_ws/install/xarm_gazebo:/home/mk/dev_ws/install/xarm_controller:/home/mk/dev_ws/install/xarm_api:/home/mk/dev_ws/install/xarm_sdk:/home/mk/dev_ws/install/rviz_robot_control_panel:/home/mk/dev_ws/install/xarm_msgs:/home/mk/dev_ws/install/xarm_description:/home/mk/dev_ws/install/whisper_bringup:/home/mk/dev_ws/install/whisper_server:/home/mk/dev_ws/install/transcript_manager:/home/mk/dev_ws/install/realsense_gazebo_plugin:/home/mk/dev_ws/install/my_3d_vision_bringup:/home/mk/dev_ws/install/mbot_demo:/home/mk/dev_ws/install/yolo_object_detector:/home/mk/dev_ws/install/move_to_coordinator:/home/mk/dev_ws/install/motion_sequence:/home/mk/dev_ws/install/whisper_demos:/home/mk/dev_ws/install/voice_command_listener:/home/mk/dev_ws/install/uf_ros_lib:/home/mk/dev_ws/install/rviz_servo_status_overlay:/home/mk/dev_ws/install/rviz_marker_static_scene_objects:/home/mk/dev_ws/install/robot_motion_handler_movegroup:/home/mk/dev_ws/install/gaze_control:/home/mk/dev_ws/install/collision_check:/home/mk/dev_ws/install/audio_listener:/opt/ros/humble LD_LIBRARY_PATH=/home/mk/dev_ws/install/whisper_util/lib:/home/mk/dev_ws/install/whisper_idl/lib:/home/mk/dev_ws/install/whisper_cpp_vendor/lib:/usr/local/cuda-12.1/lib64:/home/mk/dev_ws/install/zed_components/lib:/home/mk/dev_ws/install/zed_interfaces/lib:/home/mk/dev_ws/install/xarm_planner/lib:/home/mk/dev_ws/install/xarm_moveit_servo/lib:/home/mk/dev_ws/install/xarm_gazebo/lib:/home/mk/dev_ws/install/xarm_controller/lib:/home/mk/dev_ws/install/xarm_api/lib:/home/mk/dev_ws/install/xarm_sdk/lib:/home/mk/dev_ws/install/rviz_robot_control_panel/lib:/home/mk/dev_ws/install/xarm_msgs/lib:/home/mk/dev_ws/install/whisper_server/lib:/home/mk/dev_ws/install/transcript_manager/lib:/home/mk/dev_ws/install/realsense_gazebo_plugin/lib:/home/mk/dev_ws/install/my_3d_vision_bringup/lib:/usr/lib/x86_64-linux-gnu/gazebo-11/plugins:/opt/ros/humble/opt/rviz_ogre_vendor/lib:/opt/ros/humble/lib/x86_64-linux-gnu:/opt/ros/humble/lib /usr/bin/cmake --build /home/mk/dev_ws/build/whisper_server -- -j20 -l20
[3.208s] DEBUG:colcon.colcon_core.event_handler.log_command:Invoking command in '/home/mk/dev_ws/build/whisper_server': CMAKE_PREFIX_PATH=/home/mk/dev_ws/install/whisper_util:/home/mk/dev_ws/install/whisper_idl:/home/mk/dev_ws/install/whisper_cpp_vendor:/home/mk/dev_ws/install/zed_ros2:/home/mk/dev_ws/install/zed_wrapper:/home/mk/dev_ws/install/zed_components:/home/mk/dev_ws/install/zed_interfaces:/home/mk/dev_ws/install/xarm_planner:/home/mk/dev_ws/install/xarm_moveit_servo:/home/mk/dev_ws/install/xarm_moveit_config:/home/mk/dev_ws/install/xarm_gazebo:/home/mk/dev_ws/install/xarm_controller:/home/mk/dev_ws/install/xarm_api:/home/mk/dev_ws/install/xarm_sdk:/home/mk/dev_ws/install/rviz_robot_control_panel:/home/mk/dev_ws/install/xarm_msgs:/home/mk/dev_ws/install/xarm_description:/home/mk/dev_ws/install/whisper_bringup:/home/mk/dev_ws/install/whisper_server:/home/mk/dev_ws/install/transcript_manager:/home/mk/dev_ws/install/realsense_gazebo_plugin:/home/mk/dev_ws/install/my_3d_vision_bringup:/home/mk/dev_ws/install/mbot_demo:/home/mk/dev_ws/install/yolo_object_detector:/home/mk/dev_ws/install/move_to_coordinator:/home/mk/dev_ws/install/motion_sequence:/home/mk/dev_ws/install/whisper_demos:/home/mk/dev_ws/install/voice_command_listener:/home/mk/dev_ws/install/uf_ros_lib:/home/mk/dev_ws/install/rviz_servo_status_overlay:/home/mk/dev_ws/install/rviz_marker_static_scene_objects:/home/mk/dev_ws/install/robot_motion_handler_movegroup:/home/mk/dev_ws/install/gaze_control:/home/mk/dev_ws/install/collision_check:/home/mk/dev_ws/install/audio_listener:/opt/ros/humble LD_LIBRARY_PATH=/home/mk/dev_ws/install/whisper_util/lib:/home/mk/dev_ws/install/whisper_idl/lib:/home/mk/dev_ws/install/whisper_cpp_vendor/lib:/usr/local/cuda-12.1/lib64:/home/mk/dev_ws/install/zed_components/lib:/home/mk/dev_ws/install/zed_interfaces/lib:/home/mk/dev_ws/install/xarm_planner/lib:/home/mk/dev_ws/install/xarm_moveit_servo/lib:/home/mk/dev_ws/install/xarm_gazebo/lib:/home/mk/dev_ws/install/xarm_controller/lib:/home/mk/dev_ws/install/xarm_api/lib:/home/mk/dev_ws/install/xarm_sdk/lib:/home/mk/dev_ws/install/rviz_robot_control_panel/lib:/home/mk/dev_ws/install/xarm_msgs/lib:/home/mk/dev_ws/install/whisper_server/lib:/home/mk/dev_ws/install/transcript_manager/lib:/home/mk/dev_ws/install/realsense_gazebo_plugin/lib:/home/mk/dev_ws/install/my_3d_vision_bringup/lib:/usr/lib/x86_64-linux-gnu/gazebo-11/plugins:/opt/ros/humble/opt/rviz_ogre_vendor/lib:/opt/ros/humble/lib/x86_64-linux-gnu:/opt/ros/humble/lib /usr/bin/cmake --install /home/mk/dev_ws/build/whisper_server
[3.210s] DEBUG:colcon.colcon_core.event_handler.log_command:Invoked command in '/home/mk/dev_ws/build/transcript_manager' returned '0': CMAKE_PREFIX_PATH=/home/mk/dev_ws/install/whisper_util:/home/mk/dev_ws/install/whisper_idl:/home/mk/dev_ws/install/whisper_cpp_vendor:/home/mk/dev_ws/install/zed_ros2:/home/mk/dev_ws/install/zed_wrapper:/home/mk/dev_ws/install/zed_components:/home/mk/dev_ws/install/zed_interfaces:/home/mk/dev_ws/install/xarm_planner:/home/mk/dev_ws/install/xarm_moveit_servo:/home/mk/dev_ws/install/xarm_moveit_config:/home/mk/dev_ws/install/xarm_gazebo:/home/mk/dev_ws/install/xarm_controller:/home/mk/dev_ws/install/xarm_api:/home/mk/dev_ws/install/xarm_sdk:/home/mk/dev_ws/install/rviz_robot_control_panel:/home/mk/dev_ws/install/xarm_msgs:/home/mk/dev_ws/install/xarm_description:/home/mk/dev_ws/install/whisper_bringup:/home/mk/dev_ws/install/whisper_server:/home/mk/dev_ws/install/transcript_manager:/home/mk/dev_ws/install/realsense_gazebo_plugin:/home/mk/dev_ws/install/my_3d_vision_bringup:/home/mk/dev_ws/install/mbot_demo:/home/mk/dev_ws/install/yolo_object_detector:/home/mk/dev_ws/install/move_to_coordinator:/home/mk/dev_ws/install/motion_sequence:/home/mk/dev_ws/install/whisper_demos:/home/mk/dev_ws/install/voice_command_listener:/home/mk/dev_ws/install/uf_ros_lib:/home/mk/dev_ws/install/rviz_servo_status_overlay:/home/mk/dev_ws/install/rviz_marker_static_scene_objects:/home/mk/dev_ws/install/robot_motion_handler_movegroup:/home/mk/dev_ws/install/gaze_control:/home/mk/dev_ws/install/collision_check:/home/mk/dev_ws/install/audio_listener:/opt/ros/humble LD_LIBRARY_PATH=/home/mk/dev_ws/install/whisper_util/lib:/home/mk/dev_ws/install/whisper_idl/lib:/home/mk/dev_ws/install/whisper_cpp_vendor/lib:/usr/local/cuda-12.1/lib64:/home/mk/dev_ws/install/zed_components/lib:/home/mk/dev_ws/install/zed_interfaces/lib:/home/mk/dev_ws/install/xarm_planner/lib:/home/mk/dev_ws/install/xarm_moveit_servo/lib:/home/mk/dev_ws/install/xarm_gazebo/lib:/home/mk/dev_ws/install/xarm_controller/lib:/home/mk/dev_ws/install/xarm_api/lib:/home/mk/dev_ws/install/xarm_sdk/lib:/home/mk/dev_ws/install/rviz_robot_control_panel/lib:/home/mk/dev_ws/install/xarm_msgs/lib:/home/mk/dev_ws/install/whisper_server/lib:/home/mk/dev_ws/install/transcript_manager/lib:/home/mk/dev_ws/install/realsense_gazebo_plugin/lib:/home/mk/dev_ws/install/my_3d_vision_bringup/lib:/usr/lib/x86_64-linux-gnu/gazebo-11/plugins:/opt/ros/humble/opt/rviz_ogre_vendor/lib:/opt/ros/humble/lib/x86_64-linux-gnu:/opt/ros/humble/lib /usr/bin/cmake --build /home/mk/dev_ws/build/transcript_manager -- -j20 -l20
[3.211s] DEBUG:colcon.colcon_core.event_handler.log_command:Invoking command in '/home/mk/dev_ws/build/transcript_manager': CMAKE_PREFIX_PATH=/home/mk/dev_ws/install/whisper_util:/home/mk/dev_ws/install/whisper_idl:/home/mk/dev_ws/install/whisper_cpp_vendor:/home/mk/dev_ws/install/zed_ros2:/home/mk/dev_ws/install/zed_wrapper:/home/mk/dev_ws/install/zed_components:/home/mk/dev_ws/install/zed_interfaces:/home/mk/dev_ws/install/xarm_planner:/home/mk/dev_ws/install/xarm_moveit_servo:/home/mk/dev_ws/install/xarm_moveit_config:/home/mk/dev_ws/install/xarm_gazebo:/home/mk/dev_ws/install/xarm_controller:/home/mk/dev_ws/install/xarm_api:/home/mk/dev_ws/install/xarm_sdk:/home/mk/dev_ws/install/rviz_robot_control_panel:/home/mk/dev_ws/install/xarm_msgs:/home/mk/dev_ws/install/xarm_description:/home/mk/dev_ws/install/whisper_bringup:/home/mk/dev_ws/install/whisper_server:/home/mk/dev_ws/install/transcript_manager:/home/mk/dev_ws/install/realsense_gazebo_plugin:/home/mk/dev_ws/install/my_3d_vision_bringup:/home/mk/dev_ws/install/mbot_demo:/home/mk/dev_ws/install/yolo_object_detector:/home/mk/dev_ws/install/move_to_coordinator:/home/mk/dev_ws/install/motion_sequence:/home/mk/dev_ws/install/whisper_demos:/home/mk/dev_ws/install/voice_command_listener:/home/mk/dev_ws/install/uf_ros_lib:/home/mk/dev_ws/install/rviz_servo_status_overlay:/home/mk/dev_ws/install/rviz_marker_static_scene_objects:/home/mk/dev_ws/install/robot_motion_handler_movegroup:/home/mk/dev_ws/install/gaze_control:/home/mk/dev_ws/install/collision_check:/home/mk/dev_ws/install/audio_listener:/opt/ros/humble LD_LIBRARY_PATH=/home/mk/dev_ws/install/whisper_util/lib:/home/mk/dev_ws/install/whisper_idl/lib:/home/mk/dev_ws/install/whisper_cpp_vendor/lib:/usr/local/cuda-12.1/lib64:/home/mk/dev_ws/install/zed_components/lib:/home/mk/dev_ws/install/zed_interfaces/lib:/home/mk/dev_ws/install/xarm_planner/lib:/home/mk/dev_ws/install/xarm_moveit_servo/lib:/home/mk/dev_ws/install/xarm_gazebo/lib:/home/mk/dev_ws/install/xarm_controller/lib:/home/mk/dev_ws/install/xarm_api/lib:/home/mk/dev_ws/install/xarm_sdk/lib:/home/mk/dev_ws/install/rviz_robot_control_panel/lib:/home/mk/dev_ws/install/xarm_msgs/lib:/home/mk/dev_ws/install/whisper_server/lib:/home/mk/dev_ws/install/transcript_manager/lib:/home/mk/dev_ws/install/realsense_gazebo_plugin/lib:/home/mk/dev_ws/install/my_3d_vision_bringup/lib:/usr/lib/x86_64-linux-gnu/gazebo-11/plugins:/opt/ros/humble/opt/rviz_ogre_vendor/lib:/opt/ros/humble/lib/x86_64-linux-gnu:/opt/ros/humble/lib /usr/bin/cmake --install /home/mk/dev_ws/build/transcript_manager
[3.221s] Level 1:colcon.colcon_core.environment:create_environment_scripts_only(whisper_server)
[3.221s] Level 1:colcon.colcon_core.environment:checking '/home/mk/dev_ws/install/whisper_server' for CMake module files
[3.222s] DEBUG:colcon.colcon_core.event_handler.log_command:Invoked command in '/home/mk/dev_ws/build/whisper_server' returned '0': CMAKE_PREFIX_PATH=/home/mk/dev_ws/install/whisper_util:/home/mk/dev_ws/install/whisper_idl:/home/mk/dev_ws/install/whisper_cpp_vendor:/home/mk/dev_ws/install/zed_ros2:/home/mk/dev_ws/install/zed_wrapper:/home/mk/dev_ws/install/zed_components:/home/mk/dev_ws/install/zed_interfaces:/home/mk/dev_ws/install/xarm_planner:/home/mk/dev_ws/install/xarm_moveit_servo:/home/mk/dev_ws/install/xarm_moveit_config:/home/mk/dev_ws/install/xarm_gazebo:/home/mk/dev_ws/install/xarm_controller:/home/mk/dev_ws/install/xarm_api:/home/mk/dev_ws/install/xarm_sdk:/home/mk/dev_ws/install/rviz_robot_control_panel:/home/mk/dev_ws/install/xarm_msgs:/home/mk/dev_ws/install/xarm_description:/home/mk/dev_ws/install/whisper_bringup:/home/mk/dev_ws/install/whisper_server:/home/mk/dev_ws/install/transcript_manager:/home/mk/dev_ws/install/realsense_gazebo_plugin:/home/mk/dev_ws/install/my_3d_vision_bringup:/home/mk/dev_ws/install/mbot_demo:/home/mk/dev_ws/install/yolo_object_detector:/home/mk/dev_ws/install/move_to_coordinator:/home/mk/dev_ws/install/motion_sequence:/home/mk/dev_ws/install/whisper_demos:/home/mk/dev_ws/install/voice_command_listener:/home/mk/dev_ws/install/uf_ros_lib:/home/mk/dev_ws/install/rviz_servo_status_overlay:/home/mk/dev_ws/install/rviz_marker_static_scene_objects:/home/mk/dev_ws/install/robot_motion_handler_movegroup:/home/mk/dev_ws/install/gaze_control:/home/mk/dev_ws/install/collision_check:/home/mk/dev_ws/install/audio_listener:/opt/ros/humble LD_LIBRARY_PATH=/home/mk/dev_ws/install/whisper_util/lib:/home/mk/dev_ws/install/whisper_idl/lib:/home/mk/dev_ws/install/whisper_cpp_vendor/lib:/usr/local/cuda-12.1/lib64:/home/mk/dev_ws/install/zed_components/lib:/home/mk/dev_ws/install/zed_interfaces/lib:/home/mk/dev_ws/install/xarm_planner/lib:/home/mk/dev_ws/install/xarm_moveit_servo/lib:/home/mk/dev_ws/install/xarm_gazebo/lib:/home/mk/dev_ws/install/xarm_controller/lib:/home/mk/dev_ws/install/xarm_api/lib:/home/mk/dev_ws/install/xarm_sdk/lib:/home/mk/dev_ws/install/rviz_robot_control_panel/lib:/home/mk/dev_ws/install/xarm_msgs/lib:/home/mk/dev_ws/install/whisper_server/lib:/home/mk/dev_ws/install/transcript_manager/lib:/home/mk/dev_ws/install/realsense_gazebo_plugin/lib:/home/mk/dev_ws/install/my_3d_vision_bringup/lib:/usr/lib/x86_64-linux-gnu/gazebo-11/plugins:/opt/ros/humble/opt/rviz_ogre_vendor/lib:/opt/ros/humble/lib/x86_64-linux-gnu:/opt/ros/humble/lib /usr/bin/cmake --install /home/mk/dev_ws/build/whisper_server
[3.222s] Level 1:colcon.colcon_core.environment:checking '/home/mk/dev_ws/install/whisper_server' for CMake config files
[3.222s] Level 1:colcon.colcon_core.shell:create_environment_hook('whisper_server', 'cmake_prefix_path')
[3.223s] INFO:colcon.colcon_core.shell:Creating environment hook '/home/mk/dev_ws/install/whisper_server/share/whisper_server/hook/cmake_prefix_path.ps1'
[3.223s] INFO:colcon.colcon_core.shell:Creating environment descriptor '/home/mk/dev_ws/install/whisper_server/share/whisper_server/hook/cmake_prefix_path.dsv'
[3.223s] INFO:colcon.colcon_core.shell:Creating environment hook '/home/mk/dev_ws/install/whisper_server/share/whisper_server/hook/cmake_prefix_path.sh'
[3.224s] Level 1:colcon.colcon_core.environment:checking '/home/mk/dev_ws/install/whisper_server/lib'
[3.224s] Level 1:colcon.colcon_core.shell:create_environment_hook('whisper_server', 'ld_library_path_lib')
[3.224s] INFO:colcon.colcon_core.shell:Creating environment hook '/home/mk/dev_ws/install/whisper_server/share/whisper_server/hook/ld_library_path_lib.ps1'
[3.225s] INFO:colcon.colcon_core.shell:Creating environment descriptor '/home/mk/dev_ws/install/whisper_server/share/whisper_server/hook/ld_library_path_lib.dsv'
[3.225s] INFO:colcon.colcon_core.shell:Creating environment hook '/home/mk/dev_ws/install/whisper_server/share/whisper_server/hook/ld_library_path_lib.sh'
[3.225s] Level 1:colcon.colcon_core.environment:checking '/home/mk/dev_ws/install/whisper_server/bin'
[3.225s] Level 1:colcon.colcon_core.environment:checking '/home/mk/dev_ws/install/whisper_server/lib/pkgconfig/whisper_server.pc'
[3.226s] Level 1:colcon.colcon_core.environment:checking '/home/mk/dev_ws/install/whisper_server/lib/python3.10/site-packages'
[3.226s] Level 1:colcon.colcon_core.environment:checking '/home/mk/dev_ws/install/whisper_server/bin'
[3.226s] INFO:colcon.colcon_core.shell:Creating package script '/home/mk/dev_ws/install/whisper_server/share/whisper_server/package.ps1'
[3.226s] INFO:colcon.colcon_core.shell:Creating package descriptor '/home/mk/dev_ws/install/whisper_server/share/whisper_server/package.dsv'
[3.227s] INFO:colcon.colcon_core.shell:Creating package script '/home/mk/dev_ws/install/whisper_server/share/whisper_server/package.sh'
[3.227s] INFO:colcon.colcon_core.shell:Creating package script '/home/mk/dev_ws/install/whisper_server/share/whisper_server/package.bash'
[3.227s] INFO:colcon.colcon_core.shell:Creating package script '/home/mk/dev_ws/install/whisper_server/share/whisper_server/package.zsh'
[3.227s] Level 1:colcon.colcon_core.environment:create_file_with_runtime_dependencies(/home/mk/dev_ws/install/whisper_server/share/colcon-core/packages/whisper_server)
[3.227s] Level 1:colcon.colcon_core.environment:create_environment_scripts_only(whisper_server)
[3.228s] Level 1:colcon.colcon_core.environment:checking '/home/mk/dev_ws/install/whisper_server' for CMake module files
[3.228s] Level 1:colcon.colcon_core.environment:checking '/home/mk/dev_ws/install/whisper_server' for CMake config files
[3.228s] Level 1:colcon.colcon_core.shell:create_environment_hook('whisper_server', 'cmake_prefix_path')
[3.228s] INFO:colcon.colcon_core.shell:Creating environment hook '/home/mk/dev_ws/install/whisper_server/share/whisper_server/hook/cmake_prefix_path.ps1'
[3.228s] INFO:colcon.colcon_core.shell:Creating environment descriptor '/home/mk/dev_ws/install/whisper_server/share/whisper_server/hook/cmake_prefix_path.dsv'
[3.228s] INFO:colcon.colcon_core.shell:Creating environment hook '/home/mk/dev_ws/install/whisper_server/share/whisper_server/hook/cmake_prefix_path.sh'
[3.229s] Level 1:colcon.colcon_core.environment:checking '/home/mk/dev_ws/install/whisper_server/lib'
[3.229s] Level 1:colcon.colcon_core.shell:create_environment_hook('whisper_server', 'ld_library_path_lib')
[3.229s] INFO:colcon.colcon_core.shell:Creating environment hook '/home/mk/dev_ws/install/whisper_server/share/whisper_server/hook/ld_library_path_lib.ps1'
[3.229s] INFO:colcon.colcon_core.shell:Creating environment descriptor '/home/mk/dev_ws/install/whisper_server/share/whisper_server/hook/ld_library_path_lib.dsv'
[3.229s] INFO:colcon.colcon_core.shell:Creating environment hook '/home/mk/dev_ws/install/whisper_server/share/whisper_server/hook/ld_library_path_lib.sh'
[3.229s] Level 1:colcon.colcon_core.environment:checking '/home/mk/dev_ws/install/whisper_server/bin'
[3.229s] Level 1:colcon.colcon_core.environment:checking '/home/mk/dev_ws/install/whisper_server/lib/pkgconfig/whisper_server.pc'
[3.229s] Level 1:colcon.colcon_core.environment:checking '/home/mk/dev_ws/install/whisper_server/lib/python3.10/site-packages'
[3.230s] Level 1:colcon.colcon_core.environment:checking '/home/mk/dev_ws/install/whisper_server/bin'
[3.230s] INFO:colcon.colcon_core.shell:Creating package script '/home/mk/dev_ws/install/whisper_server/share/whisper_server/package.ps1'
[3.230s] INFO:colcon.colcon_core.shell:Creating package descriptor '/home/mk/dev_ws/install/whisper_server/share/whisper_server/package.dsv'
[3.230s] INFO:colcon.colcon_core.shell:Creating package script '/home/mk/dev_ws/install/whisper_server/share/whisper_server/package.sh'
[3.230s] INFO:colcon.colcon_core.shell:Creating package script '/home/mk/dev_ws/install/whisper_server/share/whisper_server/package.bash'
[3.231s] INFO:colcon.colcon_core.shell:Creating package script '/home/mk/dev_ws/install/whisper_server/share/whisper_server/package.zsh'
[3.231s] Level 1:colcon.colcon_core.environment:create_file_with_runtime_dependencies(/home/mk/dev_ws/install/whisper_server/share/colcon-core/packages/whisper_server)
[3.231s] INFO:colcon.colcon_ros.task.ament_cmake.build:Building ROS package in '/home/mk/dev_ws/src/ros2_whisper/whisper_bringup' with build type 'ament_cmake'
[3.231s] INFO:colcon.colcon_cmake.task.cmake.build:Building CMake package in '/home/mk/dev_ws/src/ros2_whisper/whisper_bringup'
[3.231s] INFO:colcon.colcon_core.shell:Skip shell extension 'powershell' for command environment: Not usable outside of PowerShell
[3.231s] DEBUG:colcon.colcon_core.shell:Skip shell extension 'dsv' for command environment
[3.235s] INFO:colcon.colcon_ros.task.ament_python.build:Building ROS package in '/home/mk/dev_ws/src/ros2_whisper/whisper_demos' with build type 'ament_python'
[3.235s] Level 1:colcon.colcon_core.shell:create_environment_hook('whisper_demos', 'ament_prefix_path')
[3.235s] INFO:colcon.colcon_core.shell:Creating environment hook '/home/mk/dev_ws/install/whisper_demos/share/whisper_demos/hook/ament_prefix_path.ps1'
[3.235s] INFO:colcon.colcon_core.shell:Creating environment descriptor '/home/mk/dev_ws/install/whisper_demos/share/whisper_demos/hook/ament_prefix_path.dsv'
[3.235s] INFO:colcon.colcon_core.shell:Creating environment hook '/home/mk/dev_ws/install/whisper_demos/share/whisper_demos/hook/ament_prefix_path.sh'
[3.236s] INFO:colcon.colcon_core.shell:Skip shell extension 'powershell' for command environment: Not usable outside of PowerShell
[3.236s] DEBUG:colcon.colcon_core.shell:Skip shell extension 'dsv' for command environment
[3.238s] Level 1:colcon.colcon_core.environment:create_environment_scripts_only(transcript_manager)
[3.239s] Level 1:colcon.colcon_core.environment:checking '/home/mk/dev_ws/install/transcript_manager' for CMake module files
[3.239s] DEBUG:colcon.colcon_core.event_handler.log_command:Invoked command in '/home/mk/dev_ws/build/transcript_manager' returned '0': CMAKE_PREFIX_PATH=/home/mk/dev_ws/install/whisper_util:/home/mk/dev_ws/install/whisper_idl:/home/mk/dev_ws/install/whisper_cpp_vendor:/home/mk/dev_ws/install/zed_ros2:/home/mk/dev_ws/install/zed_wrapper:/home/mk/dev_ws/install/zed_components:/home/mk/dev_ws/install/zed_interfaces:/home/mk/dev_ws/install/xarm_planner:/home/mk/dev_ws/install/xarm_moveit_servo:/home/mk/dev_ws/install/xarm_moveit_config:/home/mk/dev_ws/install/xarm_gazebo:/home/mk/dev_ws/install/xarm_controller:/home/mk/dev_ws/install/xarm_api:/home/mk/dev_ws/install/xarm_sdk:/home/mk/dev_ws/install/rviz_robot_control_panel:/home/mk/dev_ws/install/xarm_msgs:/home/mk/dev_ws/install/xarm_description:/home/mk/dev_ws/install/whisper_bringup:/home/mk/dev_ws/install/whisper_server:/home/mk/dev_ws/install/transcript_manager:/home/mk/dev_ws/install/realsense_gazebo_plugin:/home/mk/dev_ws/install/my_3d_vision_bringup:/home/mk/dev_ws/install/mbot_demo:/home/mk/dev_ws/install/yolo_object_detector:/home/mk/dev_ws/install/move_to_coordinator:/home/mk/dev_ws/install/motion_sequence:/home/mk/dev_ws/install/whisper_demos:/home/mk/dev_ws/install/voice_command_listener:/home/mk/dev_ws/install/uf_ros_lib:/home/mk/dev_ws/install/rviz_servo_status_overlay:/home/mk/dev_ws/install/rviz_marker_static_scene_objects:/home/mk/dev_ws/install/robot_motion_handler_movegroup:/home/mk/dev_ws/install/gaze_control:/home/mk/dev_ws/install/collision_check:/home/mk/dev_ws/install/audio_listener:/opt/ros/humble LD_LIBRARY_PATH=/home/mk/dev_ws/install/whisper_util/lib:/home/mk/dev_ws/install/whisper_idl/lib:/home/mk/dev_ws/install/whisper_cpp_vendor/lib:/usr/local/cuda-12.1/lib64:/home/mk/dev_ws/install/zed_components/lib:/home/mk/dev_ws/install/zed_interfaces/lib:/home/mk/dev_ws/install/xarm_planner/lib:/home/mk/dev_ws/install/xarm_moveit_servo/lib:/home/mk/dev_ws/install/xarm_gazebo/lib:/home/mk/dev_ws/install/xarm_controller/lib:/home/mk/dev_ws/install/xarm_api/lib:/home/mk/dev_ws/install/xarm_sdk/lib:/home/mk/dev_ws/install/rviz_robot_control_panel/lib:/home/mk/dev_ws/install/xarm_msgs/lib:/home/mk/dev_ws/install/whisper_server/lib:/home/mk/dev_ws/install/transcript_manager/lib:/home/mk/dev_ws/install/realsense_gazebo_plugin/lib:/home/mk/dev_ws/install/my_3d_vision_bringup/lib:/usr/lib/x86_64-linux-gnu/gazebo-11/plugins:/opt/ros/humble/opt/rviz_ogre_vendor/lib:/opt/ros/humble/lib/x86_64-linux-gnu:/opt/ros/humble/lib /usr/bin/cmake --install /home/mk/dev_ws/build/transcript_manager
[3.239s] Level 1:colcon.colcon_core.environment:checking '/home/mk/dev_ws/install/transcript_manager' for CMake config files
[3.239s] Level 1:colcon.colcon_core.shell:create_environment_hook('transcript_manager', 'cmake_prefix_path')
[3.239s] INFO:colcon.colcon_core.shell:Creating environment hook '/home/mk/dev_ws/install/transcript_manager/share/transcript_manager/hook/cmake_prefix_path.ps1'
[3.240s] INFO:colcon.colcon_core.shell:Creating environment descriptor '/home/mk/dev_ws/install/transcript_manager/share/transcript_manager/hook/cmake_prefix_path.dsv'
[3.240s] INFO:colcon.colcon_core.shell:Creating environment hook '/home/mk/dev_ws/install/transcript_manager/share/transcript_manager/hook/cmake_prefix_path.sh'
[3.240s] Level 1:colcon.colcon_core.environment:checking '/home/mk/dev_ws/install/transcript_manager/lib'
[3.240s] Level 1:colcon.colcon_core.shell:create_environment_hook('transcript_manager', 'ld_library_path_lib')
[3.240s] INFO:colcon.colcon_core.shell:Creating environment hook '/home/mk/dev_ws/install/transcript_manager/share/transcript_manager/hook/ld_library_path_lib.ps1'
[3.240s] INFO:colcon.colcon_core.shell:Creating environment descriptor '/home/mk/dev_ws/install/transcript_manager/share/transcript_manager/hook/ld_library_path_lib.dsv'
[3.240s] INFO:colcon.colcon_core.shell:Creating environment hook '/home/mk/dev_ws/install/transcript_manager/share/transcript_manager/hook/ld_library_path_lib.sh'
[3.241s] Level 1:colcon.colcon_core.environment:checking '/home/mk/dev_ws/install/transcript_manager/bin'
[3.241s] Level 1:colcon.colcon_core.environment:checking '/home/mk/dev_ws/install/transcript_manager/lib/pkgconfig/transcript_manager.pc'
[3.241s] Level 1:colcon.colcon_core.environment:checking '/home/mk/dev_ws/install/transcript_manager/lib/python3.10/site-packages'
[3.241s] Level 1:colcon.colcon_core.environment:checking '/home/mk/dev_ws/install/transcript_manager/bin'
[3.241s] INFO:colcon.colcon_core.shell:Creating package script '/home/mk/dev_ws/install/transcript_manager/share/transcript_manager/package.ps1'
[3.241s] INFO:colcon.colcon_core.shell:Creating package descriptor '/home/mk/dev_ws/install/transcript_manager/share/transcript_manager/package.dsv'
[3.242s] INFO:colcon.colcon_core.shell:Creating package script '/home/mk/dev_ws/install/transcript_manager/share/transcript_manager/package.sh'
[3.242s] INFO:colcon.colcon_core.shell:Creating package script '/home/mk/dev_ws/install/transcript_manager/share/transcript_manager/package.bash'
[3.242s] INFO:colcon.colcon_core.shell:Creating package script '/home/mk/dev_ws/install/transcript_manager/share/transcript_manager/package.zsh'
[3.242s] Level 1:colcon.colcon_core.environment:create_file_with_runtime_dependencies(/home/mk/dev_ws/install/transcript_manager/share/colcon-core/packages/transcript_manager)
[3.242s] Level 1:colcon.colcon_core.environment:create_environment_scripts_only(transcript_manager)
[3.242s] Level 1:colcon.colcon_core.environment:checking '/home/mk/dev_ws/install/transcript_manager' for CMake module files
[3.243s] Level 1:colcon.colcon_core.environment:checking '/home/mk/dev_ws/install/transcript_manager' for CMake config files
[3.243s] Level 1:colcon.colcon_core.shell:create_environment_hook('transcript_manager', 'cmake_prefix_path')
[3.243s] INFO:colcon.colcon_core.shell:Creating environment hook '/home/mk/dev_ws/install/transcript_manager/share/transcript_manager/hook/cmake_prefix_path.ps1'
[3.243s] INFO:colcon.colcon_core.shell:Creating environment descriptor '/home/mk/dev_ws/install/transcript_manager/share/transcript_manager/hook/cmake_prefix_path.dsv'
[3.243s] INFO:colcon.colcon_core.shell:Creating environment hook '/home/mk/dev_ws/install/transcript_manager/share/transcript_manager/hook/cmake_prefix_path.sh'
[3.244s] Level 1:colcon.colcon_core.environment:checking '/home/mk/dev_ws/install/transcript_manager/lib'
[3.244s] Level 1:colcon.colcon_core.shell:create_environment_hook('transcript_manager', 'ld_library_path_lib')
[3.244s] INFO:colcon.colcon_core.shell:Creating environment hook '/home/mk/dev_ws/install/transcript_manager/share/transcript_manager/hook/ld_library_path_lib.ps1'
[3.244s] INFO:colcon.colcon_core.shell:Creating environment descriptor '/home/mk/dev_ws/install/transcript_manager/share/transcript_manager/hook/ld_library_path_lib.dsv'
[3.245s] INFO:colcon.colcon_core.shell:Creating environment hook '/home/mk/dev_ws/install/transcript_manager/share/transcript_manager/hook/ld_library_path_lib.sh'
[3.245s] Level 1:colcon.colcon_core.environment:checking '/home/mk/dev_ws/install/transcript_manager/bin'
[3.245s] Level 1:colcon.colcon_core.environment:checking '/home/mk/dev_ws/install/transcript_manager/lib/pkgconfig/transcript_manager.pc'
[3.245s] Level 1:colcon.colcon_core.environment:checking '/home/mk/dev_ws/install/transcript_manager/lib/python3.10/site-packages'
[3.245s] Level 1:colcon.colcon_core.environment:checking '/home/mk/dev_ws/install/transcript_manager/bin'
[3.245s] INFO:colcon.colcon_core.shell:Creating package script '/home/mk/dev_ws/install/transcript_manager/share/transcript_manager/package.ps1'
[3.246s] INFO:colcon.colcon_core.shell:Creating package descriptor '/home/mk/dev_ws/install/transcript_manager/share/transcript_manager/package.dsv'
[3.246s] INFO:colcon.colcon_core.shell:Creating package script '/home/mk/dev_ws/install/transcript_manager/share/transcript_manager/package.sh'
[3.246s] INFO:colcon.colcon_core.shell:Creating package script '/home/mk/dev_ws/install/transcript_manager/share/transcript_manager/package.bash'
[3.246s] INFO:colcon.colcon_core.shell:Creating package script '/home/mk/dev_ws/install/transcript_manager/share/transcript_manager/package.zsh'
[3.246s] Level 1:colcon.colcon_core.environment:create_file_with_runtime_dependencies(/home/mk/dev_ws/install/transcript_manager/share/colcon-core/packages/transcript_manager)
[3.249s] DEBUG:colcon.colcon_core.event_handler.log_command:Invoking command in '/home/mk/dev_ws/build/whisper_bringup': CMAKE_PREFIX_PATH=/home/mk/dev_ws/install/whisper_server:/home/mk/dev_ws/install/whisper_util:/home/mk/dev_ws/install/whisper_idl:/home/mk/dev_ws/install/whisper_cpp_vendor:/home/mk/dev_ws/install/zed_ros2:/home/mk/dev_ws/install/zed_wrapper:/home/mk/dev_ws/install/zed_components:/home/mk/dev_ws/install/zed_interfaces:/home/mk/dev_ws/install/xarm_planner:/home/mk/dev_ws/install/xarm_moveit_servo:/home/mk/dev_ws/install/xarm_moveit_config:/home/mk/dev_ws/install/xarm_gazebo:/home/mk/dev_ws/install/xarm_controller:/home/mk/dev_ws/install/xarm_api:/home/mk/dev_ws/install/xarm_sdk:/home/mk/dev_ws/install/rviz_robot_control_panel:/home/mk/dev_ws/install/xarm_msgs:/home/mk/dev_ws/install/xarm_description:/home/mk/dev_ws/install/whisper_bringup:/home/mk/dev_ws/install/transcript_manager:/home/mk/dev_ws/install/realsense_gazebo_plugin:/home/mk/dev_ws/install/my_3d_vision_bringup:/home/mk/dev_ws/install/mbot_demo:/home/mk/dev_ws/install/yolo_object_detector:/home/mk/dev_ws/install/move_to_coordinator:/home/mk/dev_ws/install/motion_sequence:/home/mk/dev_ws/install/whisper_demos:/home/mk/dev_ws/install/voice_command_listener:/home/mk/dev_ws/install/uf_ros_lib:/home/mk/dev_ws/install/rviz_servo_status_overlay:/home/mk/dev_ws/install/rviz_marker_static_scene_objects:/home/mk/dev_ws/install/robot_motion_handler_movegroup:/home/mk/dev_ws/install/gaze_control:/home/mk/dev_ws/install/collision_check:/home/mk/dev_ws/install/audio_listener:/opt/ros/humble LD_LIBRARY_PATH=/home/mk/dev_ws/install/whisper_server/lib:/home/mk/dev_ws/install/whisper_util/lib:/home/mk/dev_ws/install/whisper_idl/lib:/home/mk/dev_ws/install/whisper_cpp_vendor/lib:/usr/local/cuda-12.1/lib64:/home/mk/dev_ws/install/zed_components/lib:/home/mk/dev_ws/install/zed_interfaces/lib:/home/mk/dev_ws/install/xarm_planner/lib:/home/mk/dev_ws/install/xarm_moveit_servo/lib:/home/mk/dev_ws/install/xarm_gazebo/lib:/home/mk/dev_ws/install/xarm_controller/lib:/home/mk/dev_ws/install/xarm_api/lib:/home/mk/dev_ws/install/xarm_sdk/lib:/home/mk/dev_ws/install/rviz_robot_control_panel/lib:/home/mk/dev_ws/install/xarm_msgs/lib:/home/mk/dev_ws/install/transcript_manager/lib:/home/mk/dev_ws/install/realsense_gazebo_plugin/lib:/home/mk/dev_ws/install/my_3d_vision_bringup/lib:/usr/lib/x86_64-linux-gnu/gazebo-11/plugins:/opt/ros/humble/opt/rviz_ogre_vendor/lib:/opt/ros/humble/lib/x86_64-linux-gnu:/opt/ros/humble/lib /usr/bin/cmake /home/mk/dev_ws/src/ros2_whisper/whisper_bringup -DAMENT_CMAKE_SYMLINK_INSTALL=1 -DCMAKE_INSTALL_PREFIX=/home/mk/dev_ws/install/whisper_bringup
[3.414s] INFO:colcon.colcon_core.task.python.build:Building Python package in '/home/mk/dev_ws/src/ros2_whisper/whisper_demos'
[3.414s] INFO:colcon.colcon_core.shell:Skip shell extension 'powershell' for command environment: Not usable outside of PowerShell
[3.414s] DEBUG:colcon.colcon_core.shell:Skip shell extension 'dsv' for command environment
[3.419s] DEBUG:colcon.colcon_core.event_handler.log_command:Invoked command in '/home/mk/dev_ws/build/xarm_controller' returned '0': CMAKE_PREFIX_PATH=/home/mk/dev_ws/install/xarm_api:/home/mk/dev_ws/install/xarm_sdk:/home/mk/dev_ws/install/xarm_msgs:/home/mk/dev_ws/install/xarm_description:/home/mk/dev_ws/install/zed_ros2:/home/mk/dev_ws/install/zed_wrapper:/home/mk/dev_ws/install/zed_components:/home/mk/dev_ws/install/zed_interfaces:/home/mk/dev_ws/install/xarm_planner:/home/mk/dev_ws/install/xarm_moveit_servo:/home/mk/dev_ws/install/xarm_moveit_config:/home/mk/dev_ws/install/xarm_gazebo:/home/mk/dev_ws/install/xarm_controller:/home/mk/dev_ws/install/rviz_robot_control_panel:/home/mk/dev_ws/install/whisper_bringup:/home/mk/dev_ws/install/whisper_server:/home/mk/dev_ws/install/transcript_manager:/home/mk/dev_ws/install/whisper_util:/home/mk/dev_ws/install/whisper_idl:/home/mk/dev_ws/install/whisper_cpp_vendor:/home/mk/dev_ws/install/realsense_gazebo_plugin:/home/mk/dev_ws/install/my_3d_vision_bringup:/home/mk/dev_ws/install/mbot_demo:/home/mk/dev_ws/install/yolo_object_detector:/home/mk/dev_ws/install/move_to_coordinator:/home/mk/dev_ws/install/motion_sequence:/home/mk/dev_ws/install/whisper_demos:/home/mk/dev_ws/install/voice_command_listener:/home/mk/dev_ws/install/uf_ros_lib:/home/mk/dev_ws/install/rviz_servo_status_overlay:/home/mk/dev_ws/install/rviz_marker_static_scene_objects:/home/mk/dev_ws/install/robot_motion_handler_movegroup:/home/mk/dev_ws/install/gaze_control:/home/mk/dev_ws/install/collision_check:/home/mk/dev_ws/install/audio_listener:/opt/ros/humble LD_LIBRARY_PATH=/home/mk/dev_ws/install/xarm_api/lib:/home/mk/dev_ws/install/xarm_sdk/lib:/home/mk/dev_ws/install/xarm_msgs/lib:/usr/local/cuda-12.1/lib64:/home/mk/dev_ws/install/zed_components/lib:/home/mk/dev_ws/install/zed_interfaces/lib:/home/mk/dev_ws/install/xarm_planner/lib:/home/mk/dev_ws/install/xarm_moveit_servo/lib:/home/mk/dev_ws/install/xarm_gazebo/lib:/home/mk/dev_ws/install/xarm_controller/lib:/home/mk/dev_ws/install/rviz_robot_control_panel/lib:/home/mk/dev_ws/install/whisper_server/lib:/home/mk/dev_ws/install/transcript_manager/lib:/home/mk/dev_ws/install/whisper_util/lib:/home/mk/dev_ws/install/whisper_idl/lib:/home/mk/dev_ws/install/whisper_cpp_vendor/lib:/home/mk/dev_ws/install/realsense_gazebo_plugin/lib:/home/mk/dev_ws/install/my_3d_vision_bringup/lib:/usr/lib/x86_64-linux-gnu/gazebo-11/plugins:/opt/ros/humble/opt/rviz_ogre_vendor/lib:/opt/ros/humble/lib/x86_64-linux-gnu:/opt/ros/humble/lib /usr/bin/cmake /home/mk/dev_ws/src/xarm_ros2/xarm_controller -DAMENT_CMAKE_SYMLINK_INSTALL=1 -DCMAKE_INSTALL_PREFIX=/home/mk/dev_ws/install/xarm_controller
[3.420s] DEBUG:colcon.colcon_core.event_handler.log_command:Invoking command in '/home/mk/dev_ws/build/xarm_controller': CMAKE_PREFIX_PATH=/home/mk/dev_ws/install/xarm_api:/home/mk/dev_ws/install/xarm_sdk:/home/mk/dev_ws/install/xarm_msgs:/home/mk/dev_ws/install/xarm_description:/home/mk/dev_ws/install/zed_ros2:/home/mk/dev_ws/install/zed_wrapper:/home/mk/dev_ws/install/zed_components:/home/mk/dev_ws/install/zed_interfaces:/home/mk/dev_ws/install/xarm_planner:/home/mk/dev_ws/install/xarm_moveit_servo:/home/mk/dev_ws/install/xarm_moveit_config:/home/mk/dev_ws/install/xarm_gazebo:/home/mk/dev_ws/install/xarm_controller:/home/mk/dev_ws/install/rviz_robot_control_panel:/home/mk/dev_ws/install/whisper_bringup:/home/mk/dev_ws/install/whisper_server:/home/mk/dev_ws/install/transcript_manager:/home/mk/dev_ws/install/whisper_util:/home/mk/dev_ws/install/whisper_idl:/home/mk/dev_ws/install/whisper_cpp_vendor:/home/mk/dev_ws/install/realsense_gazebo_plugin:/home/mk/dev_ws/install/my_3d_vision_bringup:/home/mk/dev_ws/install/mbot_demo:/home/mk/dev_ws/install/yolo_object_detector:/home/mk/dev_ws/install/move_to_coordinator:/home/mk/dev_ws/install/motion_sequence:/home/mk/dev_ws/install/whisper_demos:/home/mk/dev_ws/install/voice_command_listener:/home/mk/dev_ws/install/uf_ros_lib:/home/mk/dev_ws/install/rviz_servo_status_overlay:/home/mk/dev_ws/install/rviz_marker_static_scene_objects:/home/mk/dev_ws/install/robot_motion_handler_movegroup:/home/mk/dev_ws/install/gaze_control:/home/mk/dev_ws/install/collision_check:/home/mk/dev_ws/install/audio_listener:/opt/ros/humble LD_LIBRARY_PATH=/home/mk/dev_ws/install/xarm_api/lib:/home/mk/dev_ws/install/xarm_sdk/lib:/home/mk/dev_ws/install/xarm_msgs/lib:/usr/local/cuda-12.1/lib64:/home/mk/dev_ws/install/zed_components/lib:/home/mk/dev_ws/install/zed_interfaces/lib:/home/mk/dev_ws/install/xarm_planner/lib:/home/mk/dev_ws/install/xarm_moveit_servo/lib:/home/mk/dev_ws/install/xarm_gazebo/lib:/home/mk/dev_ws/install/xarm_controller/lib:/home/mk/dev_ws/install/rviz_robot_control_panel/lib:/home/mk/dev_ws/install/whisper_server/lib:/home/mk/dev_ws/install/transcript_manager/lib:/home/mk/dev_ws/install/whisper_util/lib:/home/mk/dev_ws/install/whisper_idl/lib:/home/mk/dev_ws/install/whisper_cpp_vendor/lib:/home/mk/dev_ws/install/realsense_gazebo_plugin/lib:/home/mk/dev_ws/install/my_3d_vision_bringup/lib:/usr/lib/x86_64-linux-gnu/gazebo-11/plugins:/opt/ros/humble/opt/rviz_ogre_vendor/lib:/opt/ros/humble/lib/x86_64-linux-gnu:/opt/ros/humble/lib /usr/bin/cmake --build /home/mk/dev_ws/build/xarm_controller -- -j20 -l20
[3.421s] DEBUG:colcon.colcon_core.event_handler.log_command:Invoked command in '/home/mk/dev_ws/build/whisper_bringup' returned '0': CMAKE_PREFIX_PATH=/home/mk/dev_ws/install/whisper_server:/home/mk/dev_ws/install/whisper_util:/home/mk/dev_ws/install/whisper_idl:/home/mk/dev_ws/install/whisper_cpp_vendor:/home/mk/dev_ws/install/zed_ros2:/home/mk/dev_ws/install/zed_wrapper:/home/mk/dev_ws/install/zed_components:/home/mk/dev_ws/install/zed_interfaces:/home/mk/dev_ws/install/xarm_planner:/home/mk/dev_ws/install/xarm_moveit_servo:/home/mk/dev_ws/install/xarm_moveit_config:/home/mk/dev_ws/install/xarm_gazebo:/home/mk/dev_ws/install/xarm_controller:/home/mk/dev_ws/install/xarm_api:/home/mk/dev_ws/install/xarm_sdk:/home/mk/dev_ws/install/rviz_robot_control_panel:/home/mk/dev_ws/install/xarm_msgs:/home/mk/dev_ws/install/xarm_description:/home/mk/dev_ws/install/whisper_bringup:/home/mk/dev_ws/install/transcript_manager:/home/mk/dev_ws/install/realsense_gazebo_plugin:/home/mk/dev_ws/install/my_3d_vision_bringup:/home/mk/dev_ws/install/mbot_demo:/home/mk/dev_ws/install/yolo_object_detector:/home/mk/dev_ws/install/move_to_coordinator:/home/mk/dev_ws/install/motion_sequence:/home/mk/dev_ws/install/whisper_demos:/home/mk/dev_ws/install/voice_command_listener:/home/mk/dev_ws/install/uf_ros_lib:/home/mk/dev_ws/install/rviz_servo_status_overlay:/home/mk/dev_ws/install/rviz_marker_static_scene_objects:/home/mk/dev_ws/install/robot_motion_handler_movegroup:/home/mk/dev_ws/install/gaze_control:/home/mk/dev_ws/install/collision_check:/home/mk/dev_ws/install/audio_listener:/opt/ros/humble LD_LIBRARY_PATH=/home/mk/dev_ws/install/whisper_server/lib:/home/mk/dev_ws/install/whisper_util/lib:/home/mk/dev_ws/install/whisper_idl/lib:/home/mk/dev_ws/install/whisper_cpp_vendor/lib:/usr/local/cuda-12.1/lib64:/home/mk/dev_ws/install/zed_components/lib:/home/mk/dev_ws/install/zed_interfaces/lib:/home/mk/dev_ws/install/xarm_planner/lib:/home/mk/dev_ws/install/xarm_moveit_servo/lib:/home/mk/dev_ws/install/xarm_gazebo/lib:/home/mk/dev_ws/install/xarm_controller/lib:/home/mk/dev_ws/install/xarm_api/lib:/home/mk/dev_ws/install/xarm_sdk/lib:/home/mk/dev_ws/install/rviz_robot_control_panel/lib:/home/mk/dev_ws/install/xarm_msgs/lib:/home/mk/dev_ws/install/transcript_manager/lib:/home/mk/dev_ws/install/realsense_gazebo_plugin/lib:/home/mk/dev_ws/install/my_3d_vision_bringup/lib:/usr/lib/x86_64-linux-gnu/gazebo-11/plugins:/opt/ros/humble/opt/rviz_ogre_vendor/lib:/opt/ros/humble/lib/x86_64-linux-gnu:/opt/ros/humble/lib /usr/bin/cmake /home/mk/dev_ws/src/ros2_whisper/whisper_bringup -DAMENT_CMAKE_SYMLINK_INSTALL=1 -DCMAKE_INSTALL_PREFIX=/home/mk/dev_ws/install/whisper_bringup
[3.421s] Level 1:colcon.colcon_core.shell:create_environment_hook('move_to_coordinator', 'pythonpath_develop')
[3.422s] INFO:colcon.colcon_core.shell:Creating environment hook '/home/mk/dev_ws/build/move_to_coordinator/share/move_to_coordinator/hook/pythonpath_develop.ps1'
[3.422s] DEBUG:colcon.colcon_core.event_handler.log_command:Invoking command in '/home/mk/dev_ws/build/whisper_bringup': CMAKE_PREFIX_PATH=/home/mk/dev_ws/install/whisper_server:/home/mk/dev_ws/install/whisper_util:/home/mk/dev_ws/install/whisper_idl:/home/mk/dev_ws/install/whisper_cpp_vendor:/home/mk/dev_ws/install/zed_ros2:/home/mk/dev_ws/install/zed_wrapper:/home/mk/dev_ws/install/zed_components:/home/mk/dev_ws/install/zed_interfaces:/home/mk/dev_ws/install/xarm_planner:/home/mk/dev_ws/install/xarm_moveit_servo:/home/mk/dev_ws/install/xarm_moveit_config:/home/mk/dev_ws/install/xarm_gazebo:/home/mk/dev_ws/install/xarm_controller:/home/mk/dev_ws/install/xarm_api:/home/mk/dev_ws/install/xarm_sdk:/home/mk/dev_ws/install/rviz_robot_control_panel:/home/mk/dev_ws/install/xarm_msgs:/home/mk/dev_ws/install/xarm_description:/home/mk/dev_ws/install/whisper_bringup:/home/mk/dev_ws/install/transcript_manager:/home/mk/dev_ws/install/realsense_gazebo_plugin:/home/mk/dev_ws/install/my_3d_vision_bringup:/home/mk/dev_ws/install/mbot_demo:/home/mk/dev_ws/install/yolo_object_detector:/home/mk/dev_ws/install/move_to_coordinator:/home/mk/dev_ws/install/motion_sequence:/home/mk/dev_ws/install/whisper_demos:/home/mk/dev_ws/install/voice_command_listener:/home/mk/dev_ws/install/uf_ros_lib:/home/mk/dev_ws/install/rviz_servo_status_overlay:/home/mk/dev_ws/install/rviz_marker_static_scene_objects:/home/mk/dev_ws/install/robot_motion_handler_movegroup:/home/mk/dev_ws/install/gaze_control:/home/mk/dev_ws/install/collision_check:/home/mk/dev_ws/install/audio_listener:/opt/ros/humble LD_LIBRARY_PATH=/home/mk/dev_ws/install/whisper_server/lib:/home/mk/dev_ws/install/whisper_util/lib:/home/mk/dev_ws/install/whisper_idl/lib:/home/mk/dev_ws/install/whisper_cpp_vendor/lib:/usr/local/cuda-12.1/lib64:/home/mk/dev_ws/install/zed_components/lib:/home/mk/dev_ws/install/zed_interfaces/lib:/home/mk/dev_ws/install/xarm_planner/lib:/home/mk/dev_ws/install/xarm_moveit_servo/lib:/home/mk/dev_ws/install/xarm_gazebo/lib:/home/mk/dev_ws/install/xarm_controller/lib:/home/mk/dev_ws/install/xarm_api/lib:/home/mk/dev_ws/install/xarm_sdk/lib:/home/mk/dev_ws/install/rviz_robot_control_panel/lib:/home/mk/dev_ws/install/xarm_msgs/lib:/home/mk/dev_ws/install/transcript_manager/lib:/home/mk/dev_ws/install/realsense_gazebo_plugin/lib:/home/mk/dev_ws/install/my_3d_vision_bringup/lib:/usr/lib/x86_64-linux-gnu/gazebo-11/plugins:/opt/ros/humble/opt/rviz_ogre_vendor/lib:/opt/ros/humble/lib/x86_64-linux-gnu:/opt/ros/humble/lib /usr/bin/cmake --build /home/mk/dev_ws/build/whisper_bringup -- -j20 -l20
[3.423s] DEBUG:colcon.colcon_core.event_handler.log_command:Invoked command in '/home/mk/dev_ws/build/move_to_coordinator' returned '0': CMAKE_PREFIX_PATH=/home/mk/dev_ws/install/xarm_msgs:/home/mk/dev_ws/install/zed_ros2:/home/mk/dev_ws/install/zed_wrapper:/home/mk/dev_ws/install/zed_components:/home/mk/dev_ws/install/zed_interfaces:/home/mk/dev_ws/install/xarm_planner:/home/mk/dev_ws/install/xarm_moveit_servo:/home/mk/dev_ws/install/xarm_moveit_config:/home/mk/dev_ws/install/xarm_gazebo:/home/mk/dev_ws/install/xarm_controller:/home/mk/dev_ws/install/xarm_api:/home/mk/dev_ws/install/xarm_sdk:/home/mk/dev_ws/install/rviz_robot_control_panel:/home/mk/dev_ws/install/xarm_description:/home/mk/dev_ws/install/whisper_bringup:/home/mk/dev_ws/install/whisper_server:/home/mk/dev_ws/install/transcript_manager:/home/mk/dev_ws/install/whisper_util:/home/mk/dev_ws/install/whisper_idl:/home/mk/dev_ws/install/whisper_cpp_vendor:/home/mk/dev_ws/install/realsense_gazebo_plugin:/home/mk/dev_ws/install/my_3d_vision_bringup:/home/mk/dev_ws/install/mbot_demo LD_LIBRARY_PATH=/home/mk/dev_ws/install/xarm_msgs/lib:/usr/local/cuda-12.1/lib64:/home/mk/dev_ws/install/zed_components/lib:/home/mk/dev_ws/install/zed_interfaces/lib:/home/mk/dev_ws/install/xarm_planner/lib:/home/mk/dev_ws/install/xarm_moveit_servo/lib:/home/mk/dev_ws/install/xarm_gazebo/lib:/home/mk/dev_ws/install/xarm_controller/lib:/home/mk/dev_ws/install/xarm_api/lib:/home/mk/dev_ws/install/xarm_sdk/lib:/home/mk/dev_ws/install/rviz_robot_control_panel/lib:/home/mk/dev_ws/install/whisper_server/lib:/home/mk/dev_ws/install/transcript_manager/lib:/home/mk/dev_ws/install/whisper_util/lib:/home/mk/dev_ws/install/whisper_idl/lib:/home/mk/dev_ws/install/whisper_cpp_vendor/lib:/home/mk/dev_ws/install/realsense_gazebo_plugin/lib:/home/mk/dev_ws/install/my_3d_vision_bringup/lib:/usr/lib/x86_64-linux-gnu/gazebo-11/plugins:/opt/ros/humble/opt/rviz_ogre_vendor/lib:/opt/ros/humble/lib/x86_64-linux-gnu:/opt/ros/humble/lib PYTHONPATH=/home/mk/dev_ws/build/move_to_coordinator/prefix_override:/usr/lib/python3/dist-packages/colcon_core/task/python/colcon_distutils_commands:/home/mk/dev_ws/install/move_to_coordinator/lib/python3.10/site-packages:${PYTHONPATH} /usr/bin/python3 -W ignore:setup.py install is deprecated -W ignore:easy_install command is deprecated setup.py develop --editable --build-directory /home/mk/dev_ws/build/move_to_coordinator/build --no-deps symlink_data --force
[3.423s] INFO:colcon.colcon_core.shell:Creating environment descriptor '/home/mk/dev_ws/build/move_to_coordinator/share/move_to_coordinator/hook/pythonpath_develop.dsv'
[3.423s] INFO:colcon.colcon_core.shell:Creating environment hook '/home/mk/dev_ws/build/move_to_coordinator/share/move_to_coordinator/hook/pythonpath_develop.sh'
[3.424s] Level 1:colcon.colcon_core.environment:checking '/home/mk/dev_ws/install/move_to_coordinator' for CMake module files
[3.424s] Level 1:colcon.colcon_core.environment:checking '/home/mk/dev_ws/install/move_to_coordinator' for CMake config files
[3.424s] Level 1:colcon.colcon_core.environment:checking '/home/mk/dev_ws/install/move_to_coordinator/lib'
[3.424s] Level 1:colcon.colcon_core.environment:checking '/home/mk/dev_ws/install/move_to_coordinator/bin'
[3.424s] Level 1:colcon.colcon_core.environment:checking '/home/mk/dev_ws/install/move_to_coordinator/lib/pkgconfig/move_to_coordinator.pc'
[3.424s] Level 1:colcon.colcon_core.environment:checking '/home/mk/dev_ws/install/move_to_coordinator/lib/python3.10/site-packages'
[3.425s] Level 1:colcon.colcon_core.shell:create_environment_hook('move_to_coordinator', 'pythonpath')
[3.425s] INFO:colcon.colcon_core.shell:Creating environment hook '/home/mk/dev_ws/install/move_to_coordinator/share/move_to_coordinator/hook/pythonpath.ps1'
[3.425s] INFO:colcon.colcon_core.shell:Creating environment descriptor '/home/mk/dev_ws/install/move_to_coordinator/share/move_to_coordinator/hook/pythonpath.dsv'
[3.425s] INFO:colcon.colcon_core.shell:Creating environment hook '/home/mk/dev_ws/install/move_to_coordinator/share/move_to_coordinator/hook/pythonpath.sh'
[3.425s] Level 1:colcon.colcon_core.environment:checking '/home/mk/dev_ws/install/move_to_coordinator/bin'
[3.425s] Level 1:colcon.colcon_core.environment:create_environment_scripts_only(move_to_coordinator)
[3.426s] INFO:colcon.colcon_core.shell:Creating package script '/home/mk/dev_ws/install/move_to_coordinator/share/move_to_coordinator/package.ps1'
[3.426s] INFO:colcon.colcon_core.shell:Creating package descriptor '/home/mk/dev_ws/install/move_to_coordinator/share/move_to_coordinator/package.dsv'
[3.426s] INFO:colcon.colcon_core.shell:Creating package script '/home/mk/dev_ws/install/move_to_coordinator/share/move_to_coordinator/package.sh'
[3.427s] INFO:colcon.colcon_core.shell:Creating package script '/home/mk/dev_ws/install/move_to_coordinator/share/move_to_coordinator/package.bash'
[3.427s] INFO:colcon.colcon_core.shell:Creating package script '/home/mk/dev_ws/install/move_to_coordinator/share/move_to_coordinator/package.zsh'
[3.427s] Level 1:colcon.colcon_core.environment:create_file_with_runtime_dependencies(/home/mk/dev_ws/install/move_to_coordinator/share/colcon-core/packages/move_to_coordinator)
[3.447s] Level 1:colcon.colcon_core.shell:create_environment_hook('motion_sequence', 'pythonpath_develop')
[3.447s] INFO:colcon.colcon_core.shell:Creating environment hook '/home/mk/dev_ws/build/motion_sequence/share/motion_sequence/hook/pythonpath_develop.ps1'
[3.447s] DEBUG:colcon.colcon_core.event_handler.log_command:Invoked command in '/home/mk/dev_ws/build/motion_sequence' returned '0': CMAKE_PREFIX_PATH=/home/mk/dev_ws/install/xarm_msgs:/home/mk/dev_ws/install/zed_ros2:/home/mk/dev_ws/install/zed_wrapper:/home/mk/dev_ws/install/zed_components:/home/mk/dev_ws/install/zed_interfaces:/home/mk/dev_ws/install/xarm_planner:/home/mk/dev_ws/install/xarm_moveit_servo:/home/mk/dev_ws/install/xarm_moveit_config:/home/mk/dev_ws/install/xarm_gazebo:/home/mk/dev_ws/install/xarm_controller:/home/mk/dev_ws/install/xarm_api:/home/mk/dev_ws/install/xarm_sdk:/home/mk/dev_ws/install/rviz_robot_control_panel:/home/mk/dev_ws/install/xarm_description:/home/mk/dev_ws/install/whisper_bringup:/home/mk/dev_ws/install/whisper_server:/home/mk/dev_ws/install/transcript_manager:/home/mk/dev_ws/install/whisper_util:/home/mk/dev_ws/install/whisper_idl:/home/mk/dev_ws/install/whisper_cpp_vendor:/home/mk/dev_ws/install/realsense_gazebo_plugin:/home/mk/dev_ws/install/my_3d_vision_bringup:/home/mk/dev_ws/install/mbot_demo LD_LIBRARY_PATH=/home/mk/dev_ws/install/xarm_msgs/lib:/usr/local/cuda-12.1/lib64:/home/mk/dev_ws/install/zed_components/lib:/home/mk/dev_ws/install/zed_interfaces/lib:/home/mk/dev_ws/install/xarm_planner/lib:/home/mk/dev_ws/install/xarm_moveit_servo/lib:/home/mk/dev_ws/install/xarm_gazebo/lib:/home/mk/dev_ws/install/xarm_controller/lib:/home/mk/dev_ws/install/xarm_api/lib:/home/mk/dev_ws/install/xarm_sdk/lib:/home/mk/dev_ws/install/rviz_robot_control_panel/lib:/home/mk/dev_ws/install/whisper_server/lib:/home/mk/dev_ws/install/transcript_manager/lib:/home/mk/dev_ws/install/whisper_util/lib:/home/mk/dev_ws/install/whisper_idl/lib:/home/mk/dev_ws/install/whisper_cpp_vendor/lib:/home/mk/dev_ws/install/realsense_gazebo_plugin/lib:/home/mk/dev_ws/install/my_3d_vision_bringup/lib:/usr/lib/x86_64-linux-gnu/gazebo-11/plugins:/opt/ros/humble/opt/rviz_ogre_vendor/lib:/opt/ros/humble/lib/x86_64-linux-gnu:/opt/ros/humble/lib PYTHONPATH=/home/mk/dev_ws/build/motion_sequence/prefix_override:/usr/lib/python3/dist-packages/colcon_core/task/python/colcon_distutils_commands:/home/mk/dev_ws/install/motion_sequence/lib/python3.10/site-packages:${PYTHONPATH} /usr/bin/python3 -W ignore:setup.py install is deprecated -W ignore:easy_install command is deprecated setup.py develop --editable --build-directory /home/mk/dev_ws/build/motion_sequence/build --no-deps symlink_data --force
[3.448s] INFO:colcon.colcon_core.shell:Creating environment descriptor '/home/mk/dev_ws/build/motion_sequence/share/motion_sequence/hook/pythonpath_develop.dsv'
[3.448s] INFO:colcon.colcon_core.shell:Creating environment hook '/home/mk/dev_ws/build/motion_sequence/share/motion_sequence/hook/pythonpath_develop.sh'
[3.449s] Level 1:colcon.colcon_core.environment:checking '/home/mk/dev_ws/install/motion_sequence' for CMake module files
[3.449s] Level 1:colcon.colcon_core.environment:checking '/home/mk/dev_ws/install/motion_sequence' for CMake config files
[3.449s] Level 1:colcon.colcon_core.environment:checking '/home/mk/dev_ws/install/motion_sequence/lib'
[3.450s] Level 1:colcon.colcon_core.environment:checking '/home/mk/dev_ws/install/motion_sequence/bin'
[3.450s] Level 1:colcon.colcon_core.environment:checking '/home/mk/dev_ws/install/motion_sequence/lib/pkgconfig/motion_sequence.pc'
[3.450s] Level 1:colcon.colcon_core.environment:checking '/home/mk/dev_ws/install/motion_sequence/lib/python3.10/site-packages'
[3.450s] Level 1:colcon.colcon_core.shell:create_environment_hook('motion_sequence', 'pythonpath')
[3.450s] INFO:colcon.colcon_core.shell:Creating environment hook '/home/mk/dev_ws/install/motion_sequence/share/motion_sequence/hook/pythonpath.ps1'
[3.450s] INFO:colcon.colcon_core.shell:Creating environment descriptor '/home/mk/dev_ws/install/motion_sequence/share/motion_sequence/hook/pythonpath.dsv'
[3.450s] INFO:colcon.colcon_core.shell:Creating environment hook '/home/mk/dev_ws/install/motion_sequence/share/motion_sequence/hook/pythonpath.sh'
[3.451s] Level 1:colcon.colcon_core.environment:checking '/home/mk/dev_ws/install/motion_sequence/bin'
[3.451s] Level 1:colcon.colcon_core.environment:create_environment_scripts_only(motion_sequence)
[3.451s] INFO:colcon.colcon_core.shell:Creating package script '/home/mk/dev_ws/install/motion_sequence/share/motion_sequence/package.ps1'
[3.451s] INFO:colcon.colcon_core.shell:Creating package descriptor '/home/mk/dev_ws/install/motion_sequence/share/motion_sequence/package.dsv'
[3.452s] INFO:colcon.colcon_core.shell:Creating package script '/home/mk/dev_ws/install/motion_sequence/share/motion_sequence/package.sh'
[3.452s] INFO:colcon.colcon_core.shell:Creating package script '/home/mk/dev_ws/install/motion_sequence/share/motion_sequence/package.bash'
[3.452s] INFO:colcon.colcon_core.shell:Creating package script '/home/mk/dev_ws/install/motion_sequence/share/motion_sequence/package.zsh'
[3.452s] Level 1:colcon.colcon_core.environment:create_file_with_runtime_dependencies(/home/mk/dev_ws/install/motion_sequence/share/colcon-core/packages/motion_sequence)
[3.454s] DEBUG:colcon.colcon_core.event_handler.log_command:Invoked command in '/home/mk/dev_ws/build/whisper_bringup' returned '0': CMAKE_PREFIX_PATH=/home/mk/dev_ws/install/whisper_server:/home/mk/dev_ws/install/whisper_util:/home/mk/dev_ws/install/whisper_idl:/home/mk/dev_ws/install/whisper_cpp_vendor:/home/mk/dev_ws/install/zed_ros2:/home/mk/dev_ws/install/zed_wrapper:/home/mk/dev_ws/install/zed_components:/home/mk/dev_ws/install/zed_interfaces:/home/mk/dev_ws/install/xarm_planner:/home/mk/dev_ws/install/xarm_moveit_servo:/home/mk/dev_ws/install/xarm_moveit_config:/home/mk/dev_ws/install/xarm_gazebo:/home/mk/dev_ws/install/xarm_controller:/home/mk/dev_ws/install/xarm_api:/home/mk/dev_ws/install/xarm_sdk:/home/mk/dev_ws/install/rviz_robot_control_panel:/home/mk/dev_ws/install/xarm_msgs:/home/mk/dev_ws/install/xarm_description:/home/mk/dev_ws/install/whisper_bringup:/home/mk/dev_ws/install/transcript_manager:/home/mk/dev_ws/install/realsense_gazebo_plugin:/home/mk/dev_ws/install/my_3d_vision_bringup:/home/mk/dev_ws/install/mbot_demo:/home/mk/dev_ws/install/yolo_object_detector:/home/mk/dev_ws/install/move_to_coordinator:/home/mk/dev_ws/install/motion_sequence:/home/mk/dev_ws/install/whisper_demos:/home/mk/dev_ws/install/voice_command_listener:/home/mk/dev_ws/install/uf_ros_lib:/home/mk/dev_ws/install/rviz_servo_status_overlay:/home/mk/dev_ws/install/rviz_marker_static_scene_objects:/home/mk/dev_ws/install/robot_motion_handler_movegroup:/home/mk/dev_ws/install/gaze_control:/home/mk/dev_ws/install/collision_check:/home/mk/dev_ws/install/audio_listener:/opt/ros/humble LD_LIBRARY_PATH=/home/mk/dev_ws/install/whisper_server/lib:/home/mk/dev_ws/install/whisper_util/lib:/home/mk/dev_ws/install/whisper_idl/lib:/home/mk/dev_ws/install/whisper_cpp_vendor/lib:/usr/local/cuda-12.1/lib64:/home/mk/dev_ws/install/zed_components/lib:/home/mk/dev_ws/install/zed_interfaces/lib:/home/mk/dev_ws/install/xarm_planner/lib:/home/mk/dev_ws/install/xarm_moveit_servo/lib:/home/mk/dev_ws/install/xarm_gazebo/lib:/home/mk/dev_ws/install/xarm_controller/lib:/home/mk/dev_ws/install/xarm_api/lib:/home/mk/dev_ws/install/xarm_sdk/lib:/home/mk/dev_ws/install/rviz_robot_control_panel/lib:/home/mk/dev_ws/install/xarm_msgs/lib:/home/mk/dev_ws/install/transcript_manager/lib:/home/mk/dev_ws/install/realsense_gazebo_plugin/lib:/home/mk/dev_ws/install/my_3d_vision_bringup/lib:/usr/lib/x86_64-linux-gnu/gazebo-11/plugins:/opt/ros/humble/opt/rviz_ogre_vendor/lib:/opt/ros/humble/lib/x86_64-linux-gnu:/opt/ros/humble/lib /usr/bin/cmake --build /home/mk/dev_ws/build/whisper_bringup -- -j20 -l20
[3.454s] DEBUG:colcon.colcon_core.event_handler.log_command:Invoking command in '/home/mk/dev_ws/build/whisper_bringup': CMAKE_PREFIX_PATH=/home/mk/dev_ws/install/whisper_server:/home/mk/dev_ws/install/whisper_util:/home/mk/dev_ws/install/whisper_idl:/home/mk/dev_ws/install/whisper_cpp_vendor:/home/mk/dev_ws/install/zed_ros2:/home/mk/dev_ws/install/zed_wrapper:/home/mk/dev_ws/install/zed_components:/home/mk/dev_ws/install/zed_interfaces:/home/mk/dev_ws/install/xarm_planner:/home/mk/dev_ws/install/xarm_moveit_servo:/home/mk/dev_ws/install/xarm_moveit_config:/home/mk/dev_ws/install/xarm_gazebo:/home/mk/dev_ws/install/xarm_controller:/home/mk/dev_ws/install/xarm_api:/home/mk/dev_ws/install/xarm_sdk:/home/mk/dev_ws/install/rviz_robot_control_panel:/home/mk/dev_ws/install/xarm_msgs:/home/mk/dev_ws/install/xarm_description:/home/mk/dev_ws/install/whisper_bringup:/home/mk/dev_ws/install/transcript_manager:/home/mk/dev_ws/install/realsense_gazebo_plugin:/home/mk/dev_ws/install/my_3d_vision_bringup:/home/mk/dev_ws/install/mbot_demo:/home/mk/dev_ws/install/yolo_object_detector:/home/mk/dev_ws/install/move_to_coordinator:/home/mk/dev_ws/install/motion_sequence:/home/mk/dev_ws/install/whisper_demos:/home/mk/dev_ws/install/voice_command_listener:/home/mk/dev_ws/install/uf_ros_lib:/home/mk/dev_ws/install/rviz_servo_status_overlay:/home/mk/dev_ws/install/rviz_marker_static_scene_objects:/home/mk/dev_ws/install/robot_motion_handler_movegroup:/home/mk/dev_ws/install/gaze_control:/home/mk/dev_ws/install/collision_check:/home/mk/dev_ws/install/audio_listener:/opt/ros/humble LD_LIBRARY_PATH=/home/mk/dev_ws/install/whisper_server/lib:/home/mk/dev_ws/install/whisper_util/lib:/home/mk/dev_ws/install/whisper_idl/lib:/home/mk/dev_ws/install/whisper_cpp_vendor/lib:/usr/local/cuda-12.1/lib64:/home/mk/dev_ws/install/zed_components/lib:/home/mk/dev_ws/install/zed_interfaces/lib:/home/mk/dev_ws/install/xarm_planner/lib:/home/mk/dev_ws/install/xarm_moveit_servo/lib:/home/mk/dev_ws/install/xarm_gazebo/lib:/home/mk/dev_ws/install/xarm_controller/lib:/home/mk/dev_ws/install/xarm_api/lib:/home/mk/dev_ws/install/xarm_sdk/lib:/home/mk/dev_ws/install/rviz_robot_control_panel/lib:/home/mk/dev_ws/install/xarm_msgs/lib:/home/mk/dev_ws/install/transcript_manager/lib:/home/mk/dev_ws/install/realsense_gazebo_plugin/lib:/home/mk/dev_ws/install/my_3d_vision_bringup/lib:/usr/lib/x86_64-linux-gnu/gazebo-11/plugins:/opt/ros/humble/opt/rviz_ogre_vendor/lib:/opt/ros/humble/lib/x86_64-linux-gnu:/opt/ros/humble/lib /usr/bin/cmake --install /home/mk/dev_ws/build/whisper_bringup
[3.466s] DEBUG:colcon.colcon_core.event_handler.log_command:Invoked command in '/home/mk/dev_ws/build/zed_wrapper' returned '0': CMAKE_PREFIX_PATH=/home/mk/dev_ws/install/zed_components:/home/mk/dev_ws/install/zed_interfaces:/home/mk/dev_ws/install/zed_ros2:/home/mk/dev_ws/install/zed_wrapper:/home/mk/dev_ws/install/xarm_planner:/home/mk/dev_ws/install/xarm_moveit_servo:/home/mk/dev_ws/install/xarm_moveit_config:/home/mk/dev_ws/install/xarm_gazebo:/home/mk/dev_ws/install/xarm_controller:/home/mk/dev_ws/install/xarm_api:/home/mk/dev_ws/install/xarm_sdk:/home/mk/dev_ws/install/rviz_robot_control_panel:/home/mk/dev_ws/install/xarm_msgs:/home/mk/dev_ws/install/xarm_description:/home/mk/dev_ws/install/whisper_bringup:/home/mk/dev_ws/install/whisper_server:/home/mk/dev_ws/install/transcript_manager:/home/mk/dev_ws/install/whisper_util:/home/mk/dev_ws/install/whisper_idl:/home/mk/dev_ws/install/whisper_cpp_vendor:/home/mk/dev_ws/install/realsense_gazebo_plugin:/home/mk/dev_ws/install/my_3d_vision_bringup:/home/mk/dev_ws/install/mbot_demo:/home/mk/dev_ws/install/yolo_object_detector:/home/mk/dev_ws/install/move_to_coordinator:/home/mk/dev_ws/install/motion_sequence:/home/mk/dev_ws/install/whisper_demos:/home/mk/dev_ws/install/voice_command_listener:/home/mk/dev_ws/install/uf_ros_lib:/home/mk/dev_ws/install/rviz_servo_status_overlay:/home/mk/dev_ws/install/rviz_marker_static_scene_objects:/home/mk/dev_ws/install/robot_motion_handler_movegroup:/home/mk/dev_ws/install/gaze_control:/home/mk/dev_ws/install/collision_check:/home/mk/dev_ws/install/audio_listener:/opt/ros/humble LD_LIBRARY_PATH=/home/mk/dev_ws/install/zed_components/lib:/home/mk/dev_ws/install/zed_interfaces/lib:/usr/local/cuda-12.1/lib64:/home/mk/dev_ws/install/xarm_planner/lib:/home/mk/dev_ws/install/xarm_moveit_servo/lib:/home/mk/dev_ws/install/xarm_gazebo/lib:/home/mk/dev_ws/install/xarm_controller/lib:/home/mk/dev_ws/install/xarm_api/lib:/home/mk/dev_ws/install/xarm_sdk/lib:/home/mk/dev_ws/install/rviz_robot_control_panel/lib:/home/mk/dev_ws/install/xarm_msgs/lib:/home/mk/dev_ws/install/whisper_server/lib:/home/mk/dev_ws/install/transcript_manager/lib:/home/mk/dev_ws/install/whisper_util/lib:/home/mk/dev_ws/install/whisper_idl/lib:/home/mk/dev_ws/install/whisper_cpp_vendor/lib:/home/mk/dev_ws/install/realsense_gazebo_plugin/lib:/home/mk/dev_ws/install/my_3d_vision_bringup/lib:/usr/lib/x86_64-linux-gnu/gazebo-11/plugins:/opt/ros/humble/opt/rviz_ogre_vendor/lib:/opt/ros/humble/lib/x86_64-linux-gnu:/opt/ros/humble/lib /usr/bin/cmake /home/mk/dev_ws/src/zed-ros2-wrapper/zed_wrapper -DAMENT_CMAKE_SYMLINK_INSTALL=1 -DCMAKE_INSTALL_PREFIX=/home/mk/dev_ws/install/zed_wrapper
[3.467s] DEBUG:colcon.colcon_core.event_handler.log_command:Invoking command in '/home/mk/dev_ws/build/zed_wrapper': CMAKE_PREFIX_PATH=/home/mk/dev_ws/install/zed_components:/home/mk/dev_ws/install/zed_interfaces:/home/mk/dev_ws/install/zed_ros2:/home/mk/dev_ws/install/zed_wrapper:/home/mk/dev_ws/install/xarm_planner:/home/mk/dev_ws/install/xarm_moveit_servo:/home/mk/dev_ws/install/xarm_moveit_config:/home/mk/dev_ws/install/xarm_gazebo:/home/mk/dev_ws/install/xarm_controller:/home/mk/dev_ws/install/xarm_api:/home/mk/dev_ws/install/xarm_sdk:/home/mk/dev_ws/install/rviz_robot_control_panel:/home/mk/dev_ws/install/xarm_msgs:/home/mk/dev_ws/install/xarm_description:/home/mk/dev_ws/install/whisper_bringup:/home/mk/dev_ws/install/whisper_server:/home/mk/dev_ws/install/transcript_manager:/home/mk/dev_ws/install/whisper_util:/home/mk/dev_ws/install/whisper_idl:/home/mk/dev_ws/install/whisper_cpp_vendor:/home/mk/dev_ws/install/realsense_gazebo_plugin:/home/mk/dev_ws/install/my_3d_vision_bringup:/home/mk/dev_ws/install/mbot_demo:/home/mk/dev_ws/install/yolo_object_detector:/home/mk/dev_ws/install/move_to_coordinator:/home/mk/dev_ws/install/motion_sequence:/home/mk/dev_ws/install/whisper_demos:/home/mk/dev_ws/install/voice_command_listener:/home/mk/dev_ws/install/uf_ros_lib:/home/mk/dev_ws/install/rviz_servo_status_overlay:/home/mk/dev_ws/install/rviz_marker_static_scene_objects:/home/mk/dev_ws/install/robot_motion_handler_movegroup:/home/mk/dev_ws/install/gaze_control:/home/mk/dev_ws/install/collision_check:/home/mk/dev_ws/install/audio_listener:/opt/ros/humble LD_LIBRARY_PATH=/home/mk/dev_ws/install/zed_components/lib:/home/mk/dev_ws/install/zed_interfaces/lib:/usr/local/cuda-12.1/lib64:/home/mk/dev_ws/install/xarm_planner/lib:/home/mk/dev_ws/install/xarm_moveit_servo/lib:/home/mk/dev_ws/install/xarm_gazebo/lib:/home/mk/dev_ws/install/xarm_controller/lib:/home/mk/dev_ws/install/xarm_api/lib:/home/mk/dev_ws/install/xarm_sdk/lib:/home/mk/dev_ws/install/rviz_robot_control_panel/lib:/home/mk/dev_ws/install/xarm_msgs/lib:/home/mk/dev_ws/install/whisper_server/lib:/home/mk/dev_ws/install/transcript_manager/lib:/home/mk/dev_ws/install/whisper_util/lib:/home/mk/dev_ws/install/whisper_idl/lib:/home/mk/dev_ws/install/whisper_cpp_vendor/lib:/home/mk/dev_ws/install/realsense_gazebo_plugin/lib:/home/mk/dev_ws/install/my_3d_vision_bringup/lib:/usr/lib/x86_64-linux-gnu/gazebo-11/plugins:/opt/ros/humble/opt/rviz_ogre_vendor/lib:/opt/ros/humble/lib/x86_64-linux-gnu:/opt/ros/humble/lib /usr/bin/cmake --build /home/mk/dev_ws/build/zed_wrapper -- -j20 -l20
[3.468s] DEBUG:colcon.colcon_core.event_handler.log_command:Invoked command in '/home/mk/dev_ws/build/rviz_robot_control_panel' returned '0': CMAKE_PREFIX_PATH=/home/mk/dev_ws/install/xarm_msgs:/home/mk/dev_ws/install/zed_ros2:/home/mk/dev_ws/install/zed_wrapper:/home/mk/dev_ws/install/zed_components:/home/mk/dev_ws/install/zed_interfaces:/home/mk/dev_ws/install/xarm_planner:/home/mk/dev_ws/install/xarm_moveit_servo:/home/mk/dev_ws/install/xarm_moveit_config:/home/mk/dev_ws/install/xarm_gazebo:/home/mk/dev_ws/install/xarm_controller:/home/mk/dev_ws/install/xarm_api:/home/mk/dev_ws/install/xarm_sdk:/home/mk/dev_ws/install/rviz_robot_control_panel:/home/mk/dev_ws/install/xarm_description:/home/mk/dev_ws/install/whisper_bringup:/home/mk/dev_ws/install/whisper_server:/home/mk/dev_ws/install/transcript_manager:/home/mk/dev_ws/install/whisper_util:/home/mk/dev_ws/install/whisper_idl:/home/mk/dev_ws/install/whisper_cpp_vendor:/home/mk/dev_ws/install/realsense_gazebo_plugin:/home/mk/dev_ws/install/my_3d_vision_bringup:/home/mk/dev_ws/install/mbot_demo:/home/mk/dev_ws/install/yolo_object_detector:/home/mk/dev_ws/install/move_to_coordinator:/home/mk/dev_ws/install/motion_sequence:/home/mk/dev_ws/install/whisper_demos:/home/mk/dev_ws/install/voice_command_listener:/home/mk/dev_ws/install/uf_ros_lib:/home/mk/dev_ws/install/rviz_servo_status_overlay:/home/mk/dev_ws/install/rviz_marker_static_scene_objects:/home/mk/dev_ws/install/robot_motion_handler_movegroup:/home/mk/dev_ws/install/gaze_control:/home/mk/dev_ws/install/collision_check:/home/mk/dev_ws/install/audio_listener:/opt/ros/humble LD_LIBRARY_PATH=/home/mk/dev_ws/install/xarm_msgs/lib:/usr/local/cuda-12.1/lib64:/home/mk/dev_ws/install/zed_components/lib:/home/mk/dev_ws/install/zed_interfaces/lib:/home/mk/dev_ws/install/xarm_planner/lib:/home/mk/dev_ws/install/xarm_moveit_servo/lib:/home/mk/dev_ws/install/xarm_gazebo/lib:/home/mk/dev_ws/install/xarm_controller/lib:/home/mk/dev_ws/install/xarm_api/lib:/home/mk/dev_ws/install/xarm_sdk/lib:/home/mk/dev_ws/install/rviz_robot_control_panel/lib:/home/mk/dev_ws/install/whisper_server/lib:/home/mk/dev_ws/install/transcript_manager/lib:/home/mk/dev_ws/install/whisper_util/lib:/home/mk/dev_ws/install/whisper_idl/lib:/home/mk/dev_ws/install/whisper_cpp_vendor/lib:/home/mk/dev_ws/install/realsense_gazebo_plugin/lib:/home/mk/dev_ws/install/my_3d_vision_bringup/lib:/usr/lib/x86_64-linux-gnu/gazebo-11/plugins:/opt/ros/humble/opt/rviz_ogre_vendor/lib:/opt/ros/humble/lib/x86_64-linux-gnu:/opt/ros/humble/lib /usr/bin/cmake /home/mk/dev_ws/src/rviz_robot_control_panel -DAMENT_CMAKE_SYMLINK_INSTALL=1 -DCMAKE_INSTALL_PREFIX=/home/mk/dev_ws/install/rviz_robot_control_panel
[3.470s] DEBUG:colcon.colcon_core.event_handler.log_command:Invoking command in '/home/mk/dev_ws/build/rviz_robot_control_panel': CMAKE_PREFIX_PATH=/home/mk/dev_ws/install/xarm_msgs:/home/mk/dev_ws/install/zed_ros2:/home/mk/dev_ws/install/zed_wrapper:/home/mk/dev_ws/install/zed_components:/home/mk/dev_ws/install/zed_interfaces:/home/mk/dev_ws/install/xarm_planner:/home/mk/dev_ws/install/xarm_moveit_servo:/home/mk/dev_ws/install/xarm_moveit_config:/home/mk/dev_ws/install/xarm_gazebo:/home/mk/dev_ws/install/xarm_controller:/home/mk/dev_ws/install/xarm_api:/home/mk/dev_ws/install/xarm_sdk:/home/mk/dev_ws/install/rviz_robot_control_panel:/home/mk/dev_ws/install/xarm_description:/home/mk/dev_ws/install/whisper_bringup:/home/mk/dev_ws/install/whisper_server:/home/mk/dev_ws/install/transcript_manager:/home/mk/dev_ws/install/whisper_util:/home/mk/dev_ws/install/whisper_idl:/home/mk/dev_ws/install/whisper_cpp_vendor:/home/mk/dev_ws/install/realsense_gazebo_plugin:/home/mk/dev_ws/install/my_3d_vision_bringup:/home/mk/dev_ws/install/mbot_demo:/home/mk/dev_ws/install/yolo_object_detector:/home/mk/dev_ws/install/move_to_coordinator:/home/mk/dev_ws/install/motion_sequence:/home/mk/dev_ws/install/whisper_demos:/home/mk/dev_ws/install/voice_command_listener:/home/mk/dev_ws/install/uf_ros_lib:/home/mk/dev_ws/install/rviz_servo_status_overlay:/home/mk/dev_ws/install/rviz_marker_static_scene_objects:/home/mk/dev_ws/install/robot_motion_handler_movegroup:/home/mk/dev_ws/install/gaze_control:/home/mk/dev_ws/install/collision_check:/home/mk/dev_ws/install/audio_listener:/opt/ros/humble LD_LIBRARY_PATH=/home/mk/dev_ws/install/xarm_msgs/lib:/usr/local/cuda-12.1/lib64:/home/mk/dev_ws/install/zed_components/lib:/home/mk/dev_ws/install/zed_interfaces/lib:/home/mk/dev_ws/install/xarm_planner/lib:/home/mk/dev_ws/install/xarm_moveit_servo/lib:/home/mk/dev_ws/install/xarm_gazebo/lib:/home/mk/dev_ws/install/xarm_controller/lib:/home/mk/dev_ws/install/xarm_api/lib:/home/mk/dev_ws/install/xarm_sdk/lib:/home/mk/dev_ws/install/rviz_robot_control_panel/lib:/home/mk/dev_ws/install/whisper_server/lib:/home/mk/dev_ws/install/transcript_manager/lib:/home/mk/dev_ws/install/whisper_util/lib:/home/mk/dev_ws/install/whisper_idl/lib:/home/mk/dev_ws/install/whisper_cpp_vendor/lib:/home/mk/dev_ws/install/realsense_gazebo_plugin/lib:/home/mk/dev_ws/install/my_3d_vision_bringup/lib:/usr/lib/x86_64-linux-gnu/gazebo-11/plugins:/opt/ros/humble/opt/rviz_ogre_vendor/lib:/opt/ros/humble/lib/x86_64-linux-gnu:/opt/ros/humble/lib /usr/bin/cmake --build /home/mk/dev_ws/build/rviz_robot_control_panel -- -j20 -l20
[3.473s] Level 1:colcon.colcon_core.environment:create_environment_scripts_only(whisper_bringup)
[3.473s] Level 1:colcon.colcon_core.environment:checking '/home/mk/dev_ws/install/whisper_bringup' for CMake module files
[3.473s] DEBUG:colcon.colcon_core.event_handler.log_command:Invoked command in '/home/mk/dev_ws/build/whisper_bringup' returned '0': CMAKE_PREFIX_PATH=/home/mk/dev_ws/install/whisper_server:/home/mk/dev_ws/install/whisper_util:/home/mk/dev_ws/install/whisper_idl:/home/mk/dev_ws/install/whisper_cpp_vendor:/home/mk/dev_ws/install/zed_ros2:/home/mk/dev_ws/install/zed_wrapper:/home/mk/dev_ws/install/zed_components:/home/mk/dev_ws/install/zed_interfaces:/home/mk/dev_ws/install/xarm_planner:/home/mk/dev_ws/install/xarm_moveit_servo:/home/mk/dev_ws/install/xarm_moveit_config:/home/mk/dev_ws/install/xarm_gazebo:/home/mk/dev_ws/install/xarm_controller:/home/mk/dev_ws/install/xarm_api:/home/mk/dev_ws/install/xarm_sdk:/home/mk/dev_ws/install/rviz_robot_control_panel:/home/mk/dev_ws/install/xarm_msgs:/home/mk/dev_ws/install/xarm_description:/home/mk/dev_ws/install/whisper_bringup:/home/mk/dev_ws/install/transcript_manager:/home/mk/dev_ws/install/realsense_gazebo_plugin:/home/mk/dev_ws/install/my_3d_vision_bringup:/home/mk/dev_ws/install/mbot_demo:/home/mk/dev_ws/install/yolo_object_detector:/home/mk/dev_ws/install/move_to_coordinator:/home/mk/dev_ws/install/motion_sequence:/home/mk/dev_ws/install/whisper_demos:/home/mk/dev_ws/install/voice_command_listener:/home/mk/dev_ws/install/uf_ros_lib:/home/mk/dev_ws/install/rviz_servo_status_overlay:/home/mk/dev_ws/install/rviz_marker_static_scene_objects:/home/mk/dev_ws/install/robot_motion_handler_movegroup:/home/mk/dev_ws/install/gaze_control:/home/mk/dev_ws/install/collision_check:/home/mk/dev_ws/install/audio_listener:/opt/ros/humble LD_LIBRARY_PATH=/home/mk/dev_ws/install/whisper_server/lib:/home/mk/dev_ws/install/whisper_util/lib:/home/mk/dev_ws/install/whisper_idl/lib:/home/mk/dev_ws/install/whisper_cpp_vendor/lib:/usr/local/cuda-12.1/lib64:/home/mk/dev_ws/install/zed_components/lib:/home/mk/dev_ws/install/zed_interfaces/lib:/home/mk/dev_ws/install/xarm_planner/lib:/home/mk/dev_ws/install/xarm_moveit_servo/lib:/home/mk/dev_ws/install/xarm_gazebo/lib:/home/mk/dev_ws/install/xarm_controller/lib:/home/mk/dev_ws/install/xarm_api/lib:/home/mk/dev_ws/install/xarm_sdk/lib:/home/mk/dev_ws/install/rviz_robot_control_panel/lib:/home/mk/dev_ws/install/xarm_msgs/lib:/home/mk/dev_ws/install/transcript_manager/lib:/home/mk/dev_ws/install/realsense_gazebo_plugin/lib:/home/mk/dev_ws/install/my_3d_vision_bringup/lib:/usr/lib/x86_64-linux-gnu/gazebo-11/plugins:/opt/ros/humble/opt/rviz_ogre_vendor/lib:/opt/ros/humble/lib/x86_64-linux-gnu:/opt/ros/humble/lib /usr/bin/cmake --install /home/mk/dev_ws/build/whisper_bringup
[3.474s] Level 1:colcon.colcon_core.environment:checking '/home/mk/dev_ws/install/whisper_bringup' for CMake config files
[3.474s] Level 1:colcon.colcon_core.shell:create_environment_hook('whisper_bringup', 'cmake_prefix_path')
[3.474s] INFO:colcon.colcon_core.shell:Creating environment hook '/home/mk/dev_ws/install/whisper_bringup/share/whisper_bringup/hook/cmake_prefix_path.ps1'
[3.474s] INFO:colcon.colcon_core.shell:Creating environment descriptor '/home/mk/dev_ws/install/whisper_bringup/share/whisper_bringup/hook/cmake_prefix_path.dsv'
[3.475s] INFO:colcon.colcon_core.shell:Creating environment hook '/home/mk/dev_ws/install/whisper_bringup/share/whisper_bringup/hook/cmake_prefix_path.sh'
[3.475s] Level 1:colcon.colcon_core.environment:checking '/home/mk/dev_ws/install/whisper_bringup/bin'
[3.475s] Level 1:colcon.colcon_core.environment:checking '/home/mk/dev_ws/install/whisper_bringup/lib/pkgconfig/whisper_bringup.pc'
[3.475s] Level 1:colcon.colcon_core.environment:checking '/home/mk/dev_ws/install/whisper_bringup/lib/python3.10/site-packages'
[3.475s] Level 1:colcon.colcon_core.environment:checking '/home/mk/dev_ws/install/whisper_bringup/bin'
[3.475s] INFO:colcon.colcon_core.shell:Creating package script '/home/mk/dev_ws/install/whisper_bringup/share/whisper_bringup/package.ps1'
[3.476s] INFO:colcon.colcon_core.shell:Creating package descriptor '/home/mk/dev_ws/install/whisper_bringup/share/whisper_bringup/package.dsv'
[3.476s] INFO:colcon.colcon_core.shell:Creating package script '/home/mk/dev_ws/install/whisper_bringup/share/whisper_bringup/package.sh'
[3.476s] INFO:colcon.colcon_core.shell:Creating package script '/home/mk/dev_ws/install/whisper_bringup/share/whisper_bringup/package.bash'
[3.476s] INFO:colcon.colcon_core.shell:Creating package script '/home/mk/dev_ws/install/whisper_bringup/share/whisper_bringup/package.zsh'
[3.477s] Level 1:colcon.colcon_core.environment:create_file_with_runtime_dependencies(/home/mk/dev_ws/install/whisper_bringup/share/colcon-core/packages/whisper_bringup)
[3.477s] Level 1:colcon.colcon_core.environment:create_environment_scripts_only(whisper_bringup)
[3.477s] Level 1:colcon.colcon_core.environment:checking '/home/mk/dev_ws/install/whisper_bringup' for CMake module files
[3.477s] Level 1:colcon.colcon_core.environment:checking '/home/mk/dev_ws/install/whisper_bringup' for CMake config files
[3.477s] Level 1:colcon.colcon_core.shell:create_environment_hook('whisper_bringup', 'cmake_prefix_path')
[3.477s] INFO:colcon.colcon_core.shell:Creating environment hook '/home/mk/dev_ws/install/whisper_bringup/share/whisper_bringup/hook/cmake_prefix_path.ps1'
[3.478s] INFO:colcon.colcon_core.shell:Creating environment descriptor '/home/mk/dev_ws/install/whisper_bringup/share/whisper_bringup/hook/cmake_prefix_path.dsv'
[3.478s] INFO:colcon.colcon_core.shell:Creating environment hook '/home/mk/dev_ws/install/whisper_bringup/share/whisper_bringup/hook/cmake_prefix_path.sh'
[3.478s] Level 1:colcon.colcon_core.environment:checking '/home/mk/dev_ws/install/whisper_bringup/bin'
[3.478s] Level 1:colcon.colcon_core.environment:checking '/home/mk/dev_ws/install/whisper_bringup/lib/pkgconfig/whisper_bringup.pc'
[3.478s] Level 1:colcon.colcon_core.environment:checking '/home/mk/dev_ws/install/whisper_bringup/lib/python3.10/site-packages'
[3.478s] Level 1:colcon.colcon_core.environment:checking '/home/mk/dev_ws/install/whisper_bringup/bin'
[3.479s] INFO:colcon.colcon_core.shell:Creating package script '/home/mk/dev_ws/install/whisper_bringup/share/whisper_bringup/package.ps1'
[3.479s] INFO:colcon.colcon_core.shell:Creating package descriptor '/home/mk/dev_ws/install/whisper_bringup/share/whisper_bringup/package.dsv'
[3.479s] INFO:colcon.colcon_core.shell:Creating package script '/home/mk/dev_ws/install/whisper_bringup/share/whisper_bringup/package.sh'
[3.479s] INFO:colcon.colcon_core.shell:Creating package script '/home/mk/dev_ws/install/whisper_bringup/share/whisper_bringup/package.bash'
[3.479s] INFO:colcon.colcon_core.shell:Creating package script '/home/mk/dev_ws/install/whisper_bringup/share/whisper_bringup/package.zsh'
[3.480s] Level 1:colcon.colcon_core.environment:create_file_with_runtime_dependencies(/home/mk/dev_ws/install/whisper_bringup/share/colcon-core/packages/whisper_bringup)
[3.481s] DEBUG:colcon.colcon_core.event_handler.log_command:Invoked command in '/home/mk/dev_ws/build/xarm_controller' returned '0': CMAKE_PREFIX_PATH=/home/mk/dev_ws/install/xarm_api:/home/mk/dev_ws/install/xarm_sdk:/home/mk/dev_ws/install/xarm_msgs:/home/mk/dev_ws/install/xarm_description:/home/mk/dev_ws/install/zed_ros2:/home/mk/dev_ws/install/zed_wrapper:/home/mk/dev_ws/install/zed_components:/home/mk/dev_ws/install/zed_interfaces:/home/mk/dev_ws/install/xarm_planner:/home/mk/dev_ws/install/xarm_moveit_servo:/home/mk/dev_ws/install/xarm_moveit_config:/home/mk/dev_ws/install/xarm_gazebo:/home/mk/dev_ws/install/xarm_controller:/home/mk/dev_ws/install/rviz_robot_control_panel:/home/mk/dev_ws/install/whisper_bringup:/home/mk/dev_ws/install/whisper_server:/home/mk/dev_ws/install/transcript_manager:/home/mk/dev_ws/install/whisper_util:/home/mk/dev_ws/install/whisper_idl:/home/mk/dev_ws/install/whisper_cpp_vendor:/home/mk/dev_ws/install/realsense_gazebo_plugin:/home/mk/dev_ws/install/my_3d_vision_bringup:/home/mk/dev_ws/install/mbot_demo:/home/mk/dev_ws/install/yolo_object_detector:/home/mk/dev_ws/install/move_to_coordinator:/home/mk/dev_ws/install/motion_sequence:/home/mk/dev_ws/install/whisper_demos:/home/mk/dev_ws/install/voice_command_listener:/home/mk/dev_ws/install/uf_ros_lib:/home/mk/dev_ws/install/rviz_servo_status_overlay:/home/mk/dev_ws/install/rviz_marker_static_scene_objects:/home/mk/dev_ws/install/robot_motion_handler_movegroup:/home/mk/dev_ws/install/gaze_control:/home/mk/dev_ws/install/collision_check:/home/mk/dev_ws/install/audio_listener:/opt/ros/humble LD_LIBRARY_PATH=/home/mk/dev_ws/install/xarm_api/lib:/home/mk/dev_ws/install/xarm_sdk/lib:/home/mk/dev_ws/install/xarm_msgs/lib:/usr/local/cuda-12.1/lib64:/home/mk/dev_ws/install/zed_components/lib:/home/mk/dev_ws/install/zed_interfaces/lib:/home/mk/dev_ws/install/xarm_planner/lib:/home/mk/dev_ws/install/xarm_moveit_servo/lib:/home/mk/dev_ws/install/xarm_gazebo/lib:/home/mk/dev_ws/install/xarm_controller/lib:/home/mk/dev_ws/install/rviz_robot_control_panel/lib:/home/mk/dev_ws/install/whisper_server/lib:/home/mk/dev_ws/install/transcript_manager/lib:/home/mk/dev_ws/install/whisper_util/lib:/home/mk/dev_ws/install/whisper_idl/lib:/home/mk/dev_ws/install/whisper_cpp_vendor/lib:/home/mk/dev_ws/install/realsense_gazebo_plugin/lib:/home/mk/dev_ws/install/my_3d_vision_bringup/lib:/usr/lib/x86_64-linux-gnu/gazebo-11/plugins:/opt/ros/humble/opt/rviz_ogre_vendor/lib:/opt/ros/humble/lib/x86_64-linux-gnu:/opt/ros/humble/lib /usr/bin/cmake --build /home/mk/dev_ws/build/xarm_controller -- -j20 -l20
[3.481s] DEBUG:colcon.colcon_core.event_handler.log_command:Invoking command in '/home/mk/dev_ws/build/xarm_controller': CMAKE_PREFIX_PATH=/home/mk/dev_ws/install/xarm_api:/home/mk/dev_ws/install/xarm_sdk:/home/mk/dev_ws/install/xarm_msgs:/home/mk/dev_ws/install/xarm_description:/home/mk/dev_ws/install/zed_ros2:/home/mk/dev_ws/install/zed_wrapper:/home/mk/dev_ws/install/zed_components:/home/mk/dev_ws/install/zed_interfaces:/home/mk/dev_ws/install/xarm_planner:/home/mk/dev_ws/install/xarm_moveit_servo:/home/mk/dev_ws/install/xarm_moveit_config:/home/mk/dev_ws/install/xarm_gazebo:/home/mk/dev_ws/install/xarm_controller:/home/mk/dev_ws/install/rviz_robot_control_panel:/home/mk/dev_ws/install/whisper_bringup:/home/mk/dev_ws/install/whisper_server:/home/mk/dev_ws/install/transcript_manager:/home/mk/dev_ws/install/whisper_util:/home/mk/dev_ws/install/whisper_idl:/home/mk/dev_ws/install/whisper_cpp_vendor:/home/mk/dev_ws/install/realsense_gazebo_plugin:/home/mk/dev_ws/install/my_3d_vision_bringup:/home/mk/dev_ws/install/mbot_demo:/home/mk/dev_ws/install/yolo_object_detector:/home/mk/dev_ws/install/move_to_coordinator:/home/mk/dev_ws/install/motion_sequence:/home/mk/dev_ws/install/whisper_demos:/home/mk/dev_ws/install/voice_command_listener:/home/mk/dev_ws/install/uf_ros_lib:/home/mk/dev_ws/install/rviz_servo_status_overlay:/home/mk/dev_ws/install/rviz_marker_static_scene_objects:/home/mk/dev_ws/install/robot_motion_handler_movegroup:/home/mk/dev_ws/install/gaze_control:/home/mk/dev_ws/install/collision_check:/home/mk/dev_ws/install/audio_listener:/opt/ros/humble LD_LIBRARY_PATH=/home/mk/dev_ws/install/xarm_api/lib:/home/mk/dev_ws/install/xarm_sdk/lib:/home/mk/dev_ws/install/xarm_msgs/lib:/usr/local/cuda-12.1/lib64:/home/mk/dev_ws/install/zed_components/lib:/home/mk/dev_ws/install/zed_interfaces/lib:/home/mk/dev_ws/install/xarm_planner/lib:/home/mk/dev_ws/install/xarm_moveit_servo/lib:/home/mk/dev_ws/install/xarm_gazebo/lib:/home/mk/dev_ws/install/xarm_controller/lib:/home/mk/dev_ws/install/rviz_robot_control_panel/lib:/home/mk/dev_ws/install/whisper_server/lib:/home/mk/dev_ws/install/transcript_manager/lib:/home/mk/dev_ws/install/whisper_util/lib:/home/mk/dev_ws/install/whisper_idl/lib:/home/mk/dev_ws/install/whisper_cpp_vendor/lib:/home/mk/dev_ws/install/realsense_gazebo_plugin/lib:/home/mk/dev_ws/install/my_3d_vision_bringup/lib:/usr/lib/x86_64-linux-gnu/gazebo-11/plugins:/opt/ros/humble/opt/rviz_ogre_vendor/lib:/opt/ros/humble/lib/x86_64-linux-gnu:/opt/ros/humble/lib /usr/bin/cmake --install /home/mk/dev_ws/build/xarm_controller
[3.495s] Level 1:colcon.colcon_core.environment:create_environment_scripts_only(xarm_controller)
[3.495s] Level 1:colcon.colcon_core.environment:checking '/home/mk/dev_ws/install/xarm_controller' for CMake module files
[3.496s] DEBUG:colcon.colcon_core.event_handler.log_command:Invoked command in '/home/mk/dev_ws/build/xarm_controller' returned '0': CMAKE_PREFIX_PATH=/home/mk/dev_ws/install/xarm_api:/home/mk/dev_ws/install/xarm_sdk:/home/mk/dev_ws/install/xarm_msgs:/home/mk/dev_ws/install/xarm_description:/home/mk/dev_ws/install/zed_ros2:/home/mk/dev_ws/install/zed_wrapper:/home/mk/dev_ws/install/zed_components:/home/mk/dev_ws/install/zed_interfaces:/home/mk/dev_ws/install/xarm_planner:/home/mk/dev_ws/install/xarm_moveit_servo:/home/mk/dev_ws/install/xarm_moveit_config:/home/mk/dev_ws/install/xarm_gazebo:/home/mk/dev_ws/install/xarm_controller:/home/mk/dev_ws/install/rviz_robot_control_panel:/home/mk/dev_ws/install/whisper_bringup:/home/mk/dev_ws/install/whisper_server:/home/mk/dev_ws/install/transcript_manager:/home/mk/dev_ws/install/whisper_util:/home/mk/dev_ws/install/whisper_idl:/home/mk/dev_ws/install/whisper_cpp_vendor:/home/mk/dev_ws/install/realsense_gazebo_plugin:/home/mk/dev_ws/install/my_3d_vision_bringup:/home/mk/dev_ws/install/mbot_demo:/home/mk/dev_ws/install/yolo_object_detector:/home/mk/dev_ws/install/move_to_coordinator:/home/mk/dev_ws/install/motion_sequence:/home/mk/dev_ws/install/whisper_demos:/home/mk/dev_ws/install/voice_command_listener:/home/mk/dev_ws/install/uf_ros_lib:/home/mk/dev_ws/install/rviz_servo_status_overlay:/home/mk/dev_ws/install/rviz_marker_static_scene_objects:/home/mk/dev_ws/install/robot_motion_handler_movegroup:/home/mk/dev_ws/install/gaze_control:/home/mk/dev_ws/install/collision_check:/home/mk/dev_ws/install/audio_listener:/opt/ros/humble LD_LIBRARY_PATH=/home/mk/dev_ws/install/xarm_api/lib:/home/mk/dev_ws/install/xarm_sdk/lib:/home/mk/dev_ws/install/xarm_msgs/lib:/usr/local/cuda-12.1/lib64:/home/mk/dev_ws/install/zed_components/lib:/home/mk/dev_ws/install/zed_interfaces/lib:/home/mk/dev_ws/install/xarm_planner/lib:/home/mk/dev_ws/install/xarm_moveit_servo/lib:/home/mk/dev_ws/install/xarm_gazebo/lib:/home/mk/dev_ws/install/xarm_controller/lib:/home/mk/dev_ws/install/rviz_robot_control_panel/lib:/home/mk/dev_ws/install/whisper_server/lib:/home/mk/dev_ws/install/transcript_manager/lib:/home/mk/dev_ws/install/whisper_util/lib:/home/mk/dev_ws/install/whisper_idl/lib:/home/mk/dev_ws/install/whisper_cpp_vendor/lib:/home/mk/dev_ws/install/realsense_gazebo_plugin/lib:/home/mk/dev_ws/install/my_3d_vision_bringup/lib:/usr/lib/x86_64-linux-gnu/gazebo-11/plugins:/opt/ros/humble/opt/rviz_ogre_vendor/lib:/opt/ros/humble/lib/x86_64-linux-gnu:/opt/ros/humble/lib /usr/bin/cmake --install /home/mk/dev_ws/build/xarm_controller
[3.496s] Level 1:colcon.colcon_core.environment:checking '/home/mk/dev_ws/install/xarm_controller' for CMake config files
[3.496s] Level 1:colcon.colcon_core.shell:create_environment_hook('xarm_controller', 'cmake_prefix_path')
[3.496s] INFO:colcon.colcon_core.shell:Creating environment hook '/home/mk/dev_ws/install/xarm_controller/share/xarm_controller/hook/cmake_prefix_path.ps1'
[3.497s] INFO:colcon.colcon_core.shell:Creating environment descriptor '/home/mk/dev_ws/install/xarm_controller/share/xarm_controller/hook/cmake_prefix_path.dsv'
[3.497s] INFO:colcon.colcon_core.shell:Creating environment hook '/home/mk/dev_ws/install/xarm_controller/share/xarm_controller/hook/cmake_prefix_path.sh'
[3.497s] Level 1:colcon.colcon_core.environment:checking '/home/mk/dev_ws/install/xarm_controller/lib'
[3.497s] Level 1:colcon.colcon_core.shell:create_environment_hook('xarm_controller', 'ld_library_path_lib')
[3.497s] INFO:colcon.colcon_core.shell:Creating environment hook '/home/mk/dev_ws/install/xarm_controller/share/xarm_controller/hook/ld_library_path_lib.ps1'
[3.498s] INFO:colcon.colcon_core.shell:Creating environment descriptor '/home/mk/dev_ws/install/xarm_controller/share/xarm_controller/hook/ld_library_path_lib.dsv'
[3.498s] INFO:colcon.colcon_core.shell:Creating environment hook '/home/mk/dev_ws/install/xarm_controller/share/xarm_controller/hook/ld_library_path_lib.sh'
[3.498s] Level 1:colcon.colcon_core.environment:checking '/home/mk/dev_ws/install/xarm_controller/bin'
[3.498s] Level 1:colcon.colcon_core.environment:checking '/home/mk/dev_ws/install/xarm_controller/lib/pkgconfig/xarm_controller.pc'
[3.498s] Level 1:colcon.colcon_core.environment:checking '/home/mk/dev_ws/install/xarm_controller/lib/python3.10/site-packages'
[3.498s] Level 1:colcon.colcon_core.environment:checking '/home/mk/dev_ws/install/xarm_controller/bin'
[3.498s] INFO:colcon.colcon_core.shell:Creating package script '/home/mk/dev_ws/install/xarm_controller/share/xarm_controller/package.ps1'
[3.499s] INFO:colcon.colcon_core.shell:Creating package descriptor '/home/mk/dev_ws/install/xarm_controller/share/xarm_controller/package.dsv'
[3.499s] INFO:colcon.colcon_core.shell:Creating package script '/home/mk/dev_ws/install/xarm_controller/share/xarm_controller/package.sh'
[3.499s] INFO:colcon.colcon_core.shell:Creating package script '/home/mk/dev_ws/install/xarm_controller/share/xarm_controller/package.bash'
[3.500s] INFO:colcon.colcon_core.shell:Creating package script '/home/mk/dev_ws/install/xarm_controller/share/xarm_controller/package.zsh'
[3.500s] Level 1:colcon.colcon_core.environment:create_file_with_runtime_dependencies(/home/mk/dev_ws/install/xarm_controller/share/colcon-core/packages/xarm_controller)
[3.500s] Level 1:colcon.colcon_core.environment:create_environment_scripts_only(xarm_controller)
[3.500s] Level 1:colcon.colcon_core.environment:checking '/home/mk/dev_ws/install/xarm_controller' for CMake module files
[3.501s] Level 1:colcon.colcon_core.environment:checking '/home/mk/dev_ws/install/xarm_controller' for CMake config files
[3.501s] Level 1:colcon.colcon_core.shell:create_environment_hook('xarm_controller', 'cmake_prefix_path')
[3.501s] INFO:colcon.colcon_core.shell:Creating environment hook '/home/mk/dev_ws/install/xarm_controller/share/xarm_controller/hook/cmake_prefix_path.ps1'
[3.501s] INFO:colcon.colcon_core.shell:Creating environment descriptor '/home/mk/dev_ws/install/xarm_controller/share/xarm_controller/hook/cmake_prefix_path.dsv'
[3.501s] INFO:colcon.colcon_core.shell:Creating environment hook '/home/mk/dev_ws/install/xarm_controller/share/xarm_controller/hook/cmake_prefix_path.sh'
[3.502s] Level 1:colcon.colcon_core.environment:checking '/home/mk/dev_ws/install/xarm_controller/lib'
[3.502s] Level 1:colcon.colcon_core.shell:create_environment_hook('xarm_controller', 'ld_library_path_lib')
[3.502s] INFO:colcon.colcon_core.shell:Creating environment hook '/home/mk/dev_ws/install/xarm_controller/share/xarm_controller/hook/ld_library_path_lib.ps1'
[3.502s] INFO:colcon.colcon_core.shell:Creating environment descriptor '/home/mk/dev_ws/install/xarm_controller/share/xarm_controller/hook/ld_library_path_lib.dsv'
[3.502s] INFO:colcon.colcon_core.shell:Creating environment hook '/home/mk/dev_ws/install/xarm_controller/share/xarm_controller/hook/ld_library_path_lib.sh'
[3.502s] Level 1:colcon.colcon_core.environment:checking '/home/mk/dev_ws/install/xarm_controller/bin'
[3.502s] Level 1:colcon.colcon_core.environment:checking '/home/mk/dev_ws/install/xarm_controller/lib/pkgconfig/xarm_controller.pc'
[3.503s] Level 1:colcon.colcon_core.environment:checking '/home/mk/dev_ws/install/xarm_controller/lib/python3.10/site-packages'
[3.503s] Level 1:colcon.colcon_core.environment:checking '/home/mk/dev_ws/install/xarm_controller/bin'
[3.503s] INFO:colcon.colcon_core.shell:Creating package script '/home/mk/dev_ws/install/xarm_controller/share/xarm_controller/package.ps1'
[3.503s] INFO:colcon.colcon_core.shell:Creating package descriptor '/home/mk/dev_ws/install/xarm_controller/share/xarm_controller/package.dsv'
[3.504s] INFO:colcon.colcon_core.shell:Creating package script '/home/mk/dev_ws/install/xarm_controller/share/xarm_controller/package.sh'
[3.504s] INFO:colcon.colcon_core.shell:Creating package script '/home/mk/dev_ws/install/xarm_controller/share/xarm_controller/package.bash'
[3.504s] INFO:colcon.colcon_core.shell:Creating package script '/home/mk/dev_ws/install/xarm_controller/share/xarm_controller/package.zsh'
[3.504s] Level 1:colcon.colcon_core.environment:create_file_with_runtime_dependencies(/home/mk/dev_ws/install/xarm_controller/share/colcon-core/packages/xarm_controller)
[3.504s] INFO:colcon.colcon_ros.task.ament_cmake.build:Building ROS package in '/home/mk/dev_ws/src/xarm_ros2/xarm_gazebo' with build type 'ament_cmake'
[3.504s] INFO:colcon.colcon_cmake.task.cmake.build:Building CMake package in '/home/mk/dev_ws/src/xarm_ros2/xarm_gazebo'
[3.505s] INFO:colcon.colcon_core.shell:Skip shell extension 'powershell' for command environment: Not usable outside of PowerShell
[3.505s] DEBUG:colcon.colcon_core.shell:Skip shell extension 'dsv' for command environment
[3.517s] DEBUG:colcon.colcon_core.event_handler.log_command:Invoked command in '/home/mk/dev_ws/build/zed_wrapper' returned '0': CMAKE_PREFIX_PATH=/home/mk/dev_ws/install/zed_components:/home/mk/dev_ws/install/zed_interfaces:/home/mk/dev_ws/install/zed_ros2:/home/mk/dev_ws/install/zed_wrapper:/home/mk/dev_ws/install/xarm_planner:/home/mk/dev_ws/install/xarm_moveit_servo:/home/mk/dev_ws/install/xarm_moveit_config:/home/mk/dev_ws/install/xarm_gazebo:/home/mk/dev_ws/install/xarm_controller:/home/mk/dev_ws/install/xarm_api:/home/mk/dev_ws/install/xarm_sdk:/home/mk/dev_ws/install/rviz_robot_control_panel:/home/mk/dev_ws/install/xarm_msgs:/home/mk/dev_ws/install/xarm_description:/home/mk/dev_ws/install/whisper_bringup:/home/mk/dev_ws/install/whisper_server:/home/mk/dev_ws/install/transcript_manager:/home/mk/dev_ws/install/whisper_util:/home/mk/dev_ws/install/whisper_idl:/home/mk/dev_ws/install/whisper_cpp_vendor:/home/mk/dev_ws/install/realsense_gazebo_plugin:/home/mk/dev_ws/install/my_3d_vision_bringup:/home/mk/dev_ws/install/mbot_demo:/home/mk/dev_ws/install/yolo_object_detector:/home/mk/dev_ws/install/move_to_coordinator:/home/mk/dev_ws/install/motion_sequence:/home/mk/dev_ws/install/whisper_demos:/home/mk/dev_ws/install/voice_command_listener:/home/mk/dev_ws/install/uf_ros_lib:/home/mk/dev_ws/install/rviz_servo_status_overlay:/home/mk/dev_ws/install/rviz_marker_static_scene_objects:/home/mk/dev_ws/install/robot_motion_handler_movegroup:/home/mk/dev_ws/install/gaze_control:/home/mk/dev_ws/install/collision_check:/home/mk/dev_ws/install/audio_listener:/opt/ros/humble LD_LIBRARY_PATH=/home/mk/dev_ws/install/zed_components/lib:/home/mk/dev_ws/install/zed_interfaces/lib:/usr/local/cuda-12.1/lib64:/home/mk/dev_ws/install/xarm_planner/lib:/home/mk/dev_ws/install/xarm_moveit_servo/lib:/home/mk/dev_ws/install/xarm_gazebo/lib:/home/mk/dev_ws/install/xarm_controller/lib:/home/mk/dev_ws/install/xarm_api/lib:/home/mk/dev_ws/install/xarm_sdk/lib:/home/mk/dev_ws/install/rviz_robot_control_panel/lib:/home/mk/dev_ws/install/xarm_msgs/lib:/home/mk/dev_ws/install/whisper_server/lib:/home/mk/dev_ws/install/transcript_manager/lib:/home/mk/dev_ws/install/whisper_util/lib:/home/mk/dev_ws/install/whisper_idl/lib:/home/mk/dev_ws/install/whisper_cpp_vendor/lib:/home/mk/dev_ws/install/realsense_gazebo_plugin/lib:/home/mk/dev_ws/install/my_3d_vision_bringup/lib:/usr/lib/x86_64-linux-gnu/gazebo-11/plugins:/opt/ros/humble/opt/rviz_ogre_vendor/lib:/opt/ros/humble/lib/x86_64-linux-gnu:/opt/ros/humble/lib /usr/bin/cmake --build /home/mk/dev_ws/build/zed_wrapper -- -j20 -l20
[3.518s] DEBUG:colcon.colcon_core.event_handler.log_command:Invoking command in '/home/mk/dev_ws/build/zed_wrapper': CMAKE_PREFIX_PATH=/home/mk/dev_ws/install/zed_components:/home/mk/dev_ws/install/zed_interfaces:/home/mk/dev_ws/install/zed_ros2:/home/mk/dev_ws/install/zed_wrapper:/home/mk/dev_ws/install/xarm_planner:/home/mk/dev_ws/install/xarm_moveit_servo:/home/mk/dev_ws/install/xarm_moveit_config:/home/mk/dev_ws/install/xarm_gazebo:/home/mk/dev_ws/install/xarm_controller:/home/mk/dev_ws/install/xarm_api:/home/mk/dev_ws/install/xarm_sdk:/home/mk/dev_ws/install/rviz_robot_control_panel:/home/mk/dev_ws/install/xarm_msgs:/home/mk/dev_ws/install/xarm_description:/home/mk/dev_ws/install/whisper_bringup:/home/mk/dev_ws/install/whisper_server:/home/mk/dev_ws/install/transcript_manager:/home/mk/dev_ws/install/whisper_util:/home/mk/dev_ws/install/whisper_idl:/home/mk/dev_ws/install/whisper_cpp_vendor:/home/mk/dev_ws/install/realsense_gazebo_plugin:/home/mk/dev_ws/install/my_3d_vision_bringup:/home/mk/dev_ws/install/mbot_demo:/home/mk/dev_ws/install/yolo_object_detector:/home/mk/dev_ws/install/move_to_coordinator:/home/mk/dev_ws/install/motion_sequence:/home/mk/dev_ws/install/whisper_demos:/home/mk/dev_ws/install/voice_command_listener:/home/mk/dev_ws/install/uf_ros_lib:/home/mk/dev_ws/install/rviz_servo_status_overlay:/home/mk/dev_ws/install/rviz_marker_static_scene_objects:/home/mk/dev_ws/install/robot_motion_handler_movegroup:/home/mk/dev_ws/install/gaze_control:/home/mk/dev_ws/install/collision_check:/home/mk/dev_ws/install/audio_listener:/opt/ros/humble LD_LIBRARY_PATH=/home/mk/dev_ws/install/zed_components/lib:/home/mk/dev_ws/install/zed_interfaces/lib:/usr/local/cuda-12.1/lib64:/home/mk/dev_ws/install/xarm_planner/lib:/home/mk/dev_ws/install/xarm_moveit_servo/lib:/home/mk/dev_ws/install/xarm_gazebo/lib:/home/mk/dev_ws/install/xarm_controller/lib:/home/mk/dev_ws/install/xarm_api/lib:/home/mk/dev_ws/install/xarm_sdk/lib:/home/mk/dev_ws/install/rviz_robot_control_panel/lib:/home/mk/dev_ws/install/xarm_msgs/lib:/home/mk/dev_ws/install/whisper_server/lib:/home/mk/dev_ws/install/transcript_manager/lib:/home/mk/dev_ws/install/whisper_util/lib:/home/mk/dev_ws/install/whisper_idl/lib:/home/mk/dev_ws/install/whisper_cpp_vendor/lib:/home/mk/dev_ws/install/realsense_gazebo_plugin/lib:/home/mk/dev_ws/install/my_3d_vision_bringup/lib:/usr/lib/x86_64-linux-gnu/gazebo-11/plugins:/opt/ros/humble/opt/rviz_ogre_vendor/lib:/opt/ros/humble/lib/x86_64-linux-gnu:/opt/ros/humble/lib /usr/bin/cmake --install /home/mk/dev_ws/build/zed_wrapper
[3.521s] DEBUG:colcon.colcon_core.event_handler.log_command:Invoking command in '/home/mk/dev_ws/build/xarm_gazebo': AMENT_PREFIX_PATH=/home/mk/dev_ws/install/uf_ros_lib:/home/mk/dev_ws/install/zed_ros2:/home/mk/dev_ws/install/zed_wrapper:/home/mk/dev_ws/install/zed_components:/home/mk/dev_ws/install/zed_interfaces:/home/mk/dev_ws/install/yolo_object_detector:/home/mk/dev_ws/install/xarm_planner:/home/mk/dev_ws/install/xarm_moveit_servo:/home/mk/dev_ws/install/xarm_moveit_config:/home/mk/dev_ws/install/xarm_gazebo:/home/mk/dev_ws/install/xarm_controller:/home/mk/dev_ws/install/xarm_api:/home/mk/dev_ws/install/xarm_sdk:/home/mk/dev_ws/install/rviz_robot_control_panel:/home/mk/dev_ws/install/move_to_coordinator:/home/mk/dev_ws/install/motion_sequence:/home/mk/dev_ws/install/xarm_msgs:/home/mk/dev_ws/install/xarm_description:/home/mk/dev_ws/install/whisper_demos:/home/mk/dev_ws/install/whisper_bringup:/home/mk/dev_ws/install/whisper_server:/home/mk/dev_ws/install/transcript_manager:/home/mk/dev_ws/install/whisper_util:/home/mk/dev_ws/install/voice_command_listener:/home/mk/dev_ws/install/whisper_idl:/home/mk/dev_ws/install/whisper_cpp_vendor:/home/mk/dev_ws/install/rviz_servo_status_overlay:/home/mk/dev_ws/install/rviz_marker_static_scene_objects:/home/mk/dev_ws/install/robot_motion_handler_movegroup:/home/mk/dev_ws/install/realsense_gazebo_plugin:/home/mk/dev_ws/install/my_3d_vision_bringup:/home/mk/dev_ws/install/mbot_demo:/home/mk/dev_ws/install/gaze_control:/home/mk/dev_ws/install/collision_check:/home/mk/dev_ws/install/audio_listener:/opt/ros/humble CMAKE_PREFIX_PATH=/home/mk/dev_ws/install/xarm_controller:/home/mk/dev_ws/install/xarm_api:/home/mk/dev_ws/install/xarm_sdk:/home/mk/dev_ws/install/xarm_msgs:/home/mk/dev_ws/install/xarm_description:/home/mk/dev_ws/install/zed_ros2:/home/mk/dev_ws/install/zed_wrapper:/home/mk/dev_ws/install/zed_components:/home/mk/dev_ws/install/zed_interfaces:/home/mk/dev_ws/install/xarm_planner:/home/mk/dev_ws/install/xarm_moveit_servo:/home/mk/dev_ws/install/xarm_moveit_config:/home/mk/dev_ws/install/xarm_gazebo:/home/mk/dev_ws/install/rviz_robot_control_panel:/home/mk/dev_ws/install/whisper_bringup:/home/mk/dev_ws/install/whisper_server:/home/mk/dev_ws/install/transcript_manager:/home/mk/dev_ws/install/whisper_util:/home/mk/dev_ws/install/whisper_idl:/home/mk/dev_ws/install/whisper_cpp_vendor:/home/mk/dev_ws/install/realsense_gazebo_plugin:/home/mk/dev_ws/install/my_3d_vision_bringup:/home/mk/dev_ws/install/mbot_demo:/home/mk/dev_ws/install/yolo_object_detector:/home/mk/dev_ws/install/move_to_coordinator:/home/mk/dev_ws/install/motion_sequence:/home/mk/dev_ws/install/whisper_demos:/home/mk/dev_ws/install/voice_command_listener:/home/mk/dev_ws/install/uf_ros_lib:/home/mk/dev_ws/install/rviz_servo_status_overlay:/home/mk/dev_ws/install/rviz_marker_static_scene_objects:/home/mk/dev_ws/install/robot_motion_handler_movegroup:/home/mk/dev_ws/install/gaze_control:/home/mk/dev_ws/install/collision_check:/home/mk/dev_ws/install/audio_listener:/opt/ros/humble LD_LIBRARY_PATH=/home/mk/dev_ws/install/xarm_controller/lib:/home/mk/dev_ws/install/xarm_api/lib:/home/mk/dev_ws/install/xarm_sdk/lib:/home/mk/dev_ws/install/xarm_msgs/lib:/usr/local/cuda-12.1/lib64:/home/mk/dev_ws/install/zed_components/lib:/home/mk/dev_ws/install/zed_interfaces/lib:/home/mk/dev_ws/install/xarm_planner/lib:/home/mk/dev_ws/install/xarm_moveit_servo/lib:/home/mk/dev_ws/install/xarm_gazebo/lib:/home/mk/dev_ws/install/rviz_robot_control_panel/lib:/home/mk/dev_ws/install/whisper_server/lib:/home/mk/dev_ws/install/transcript_manager/lib:/home/mk/dev_ws/install/whisper_util/lib:/home/mk/dev_ws/install/whisper_idl/lib:/home/mk/dev_ws/install/whisper_cpp_vendor/lib:/home/mk/dev_ws/install/realsense_gazebo_plugin/lib:/home/mk/dev_ws/install/my_3d_vision_bringup/lib:/usr/lib/x86_64-linux-gnu/gazebo-11/plugins:/opt/ros/humble/opt/rviz_ogre_vendor/lib:/opt/ros/humble/lib/x86_64-linux-gnu:/opt/ros/humble/lib PYTHONPATH=/home/mk/dev_ws/build/uf_ros_lib:/home/mk/dev_ws/install/uf_ros_lib/lib/python3.10/site-packages:/home/mk/dev_ws/install/zed_interfaces/local/lib/python3.10/dist-packages:/home/mk/dev_ws/install/yolo_object_detector/lib/python3.10/site-packages:/home/mk/dev_ws/install/move_to_coordinator/lib/python3.10/site-packages:/home/mk/dev_ws/install/motion_sequence/lib/python3.10/site-packages:/home/mk/dev_ws/install/xarm_msgs/local/lib/python3.10/dist-packages:/home/mk/dev_ws/install/whisper_demos/lib/python3.10/site-packages:/home/mk/dev_ws/install/voice_command_listener/lib/python3.10/site-packages:/home/mk/dev_ws/install/whisper_idl/local/lib/python3.10/dist-packages:/home/mk/dev_ws/install/rviz_servo_status_overlay/lib/python3.10/site-packages:/home/mk/dev_ws/install/rviz_marker_static_scene_objects/lib/python3.10/site-packages:/home/mk/dev_ws/install/robot_motion_handler_movegroup/lib/python3.10/site-packages:/home/mk/dev_ws/install/my_3d_vision_bringup/local/lib/python3.10/dist-packages:/home/mk/dev_ws/install/gaze_control/lib/python3.10/site-packages:/home/mk/dev_ws/install/collision_check/lib/python3.10/site-packages:/home/mk/dev_ws/install/audio_listener/lib/python3.10/site-packages:/opt/ros/humble/lib/python3.10/site-packages:/opt/ros/humble/local/lib/python3.10/dist-packages /usr/bin/cmake /home/mk/dev_ws/src/xarm_ros2/xarm_gazebo -DAMENT_CMAKE_SYMLINK_INSTALL=1 -DCMAKE_INSTALL_PREFIX=/home/mk/dev_ws/install/xarm_gazebo
[3.533s] Level 1:colcon.colcon_core.environment:create_environment_scripts_only(zed_wrapper)
[3.533s] Level 1:colcon.colcon_core.environment:checking '/home/mk/dev_ws/install/zed_wrapper' for CMake module files
[3.533s] DEBUG:colcon.colcon_core.event_handler.log_command:Invoked command in '/home/mk/dev_ws/build/zed_wrapper' returned '0': CMAKE_PREFIX_PATH=/home/mk/dev_ws/install/zed_components:/home/mk/dev_ws/install/zed_interfaces:/home/mk/dev_ws/install/zed_ros2:/home/mk/dev_ws/install/zed_wrapper:/home/mk/dev_ws/install/xarm_planner:/home/mk/dev_ws/install/xarm_moveit_servo:/home/mk/dev_ws/install/xarm_moveit_config:/home/mk/dev_ws/install/xarm_gazebo:/home/mk/dev_ws/install/xarm_controller:/home/mk/dev_ws/install/xarm_api:/home/mk/dev_ws/install/xarm_sdk:/home/mk/dev_ws/install/rviz_robot_control_panel:/home/mk/dev_ws/install/xarm_msgs:/home/mk/dev_ws/install/xarm_description:/home/mk/dev_ws/install/whisper_bringup:/home/mk/dev_ws/install/whisper_server:/home/mk/dev_ws/install/transcript_manager:/home/mk/dev_ws/install/whisper_util:/home/mk/dev_ws/install/whisper_idl:/home/mk/dev_ws/install/whisper_cpp_vendor:/home/mk/dev_ws/install/realsense_gazebo_plugin:/home/mk/dev_ws/install/my_3d_vision_bringup:/home/mk/dev_ws/install/mbot_demo:/home/mk/dev_ws/install/yolo_object_detector:/home/mk/dev_ws/install/move_to_coordinator:/home/mk/dev_ws/install/motion_sequence:/home/mk/dev_ws/install/whisper_demos:/home/mk/dev_ws/install/voice_command_listener:/home/mk/dev_ws/install/uf_ros_lib:/home/mk/dev_ws/install/rviz_servo_status_overlay:/home/mk/dev_ws/install/rviz_marker_static_scene_objects:/home/mk/dev_ws/install/robot_motion_handler_movegroup:/home/mk/dev_ws/install/gaze_control:/home/mk/dev_ws/install/collision_check:/home/mk/dev_ws/install/audio_listener:/opt/ros/humble LD_LIBRARY_PATH=/home/mk/dev_ws/install/zed_components/lib:/home/mk/dev_ws/install/zed_interfaces/lib:/usr/local/cuda-12.1/lib64:/home/mk/dev_ws/install/xarm_planner/lib:/home/mk/dev_ws/install/xarm_moveit_servo/lib:/home/mk/dev_ws/install/xarm_gazebo/lib:/home/mk/dev_ws/install/xarm_controller/lib:/home/mk/dev_ws/install/xarm_api/lib:/home/mk/dev_ws/install/xarm_sdk/lib:/home/mk/dev_ws/install/rviz_robot_control_panel/lib:/home/mk/dev_ws/install/xarm_msgs/lib:/home/mk/dev_ws/install/whisper_server/lib:/home/mk/dev_ws/install/transcript_manager/lib:/home/mk/dev_ws/install/whisper_util/lib:/home/mk/dev_ws/install/whisper_idl/lib:/home/mk/dev_ws/install/whisper_cpp_vendor/lib:/home/mk/dev_ws/install/realsense_gazebo_plugin/lib:/home/mk/dev_ws/install/my_3d_vision_bringup/lib:/usr/lib/x86_64-linux-gnu/gazebo-11/plugins:/opt/ros/humble/opt/rviz_ogre_vendor/lib:/opt/ros/humble/lib/x86_64-linux-gnu:/opt/ros/humble/lib /usr/bin/cmake --install /home/mk/dev_ws/build/zed_wrapper
[3.533s] Level 1:colcon.colcon_core.environment:checking '/home/mk/dev_ws/install/zed_wrapper' for CMake config files
[3.534s] Level 1:colcon.colcon_core.shell:create_environment_hook('zed_wrapper', 'cmake_prefix_path')
[3.534s] INFO:colcon.colcon_core.shell:Creating environment hook '/home/mk/dev_ws/install/zed_wrapper/share/zed_wrapper/hook/cmake_prefix_path.ps1'
[3.534s] INFO:colcon.colcon_core.shell:Creating environment descriptor '/home/mk/dev_ws/install/zed_wrapper/share/zed_wrapper/hook/cmake_prefix_path.dsv'
[3.534s] INFO:colcon.colcon_core.shell:Creating environment hook '/home/mk/dev_ws/install/zed_wrapper/share/zed_wrapper/hook/cmake_prefix_path.sh'
[3.535s] Level 1:colcon.colcon_core.environment:checking '/home/mk/dev_ws/install/zed_wrapper/lib'
[3.535s] Level 1:colcon.colcon_core.environment:checking '/home/mk/dev_ws/install/zed_wrapper/bin'
[3.535s] Level 1:colcon.colcon_core.environment:checking '/home/mk/dev_ws/install/zed_wrapper/lib/pkgconfig/zed_wrapper.pc'
[3.535s] Level 1:colcon.colcon_core.environment:checking '/home/mk/dev_ws/install/zed_wrapper/lib/python3.10/site-packages'
[3.535s] Level 1:colcon.colcon_core.environment:checking '/home/mk/dev_ws/install/zed_wrapper/bin'
[3.535s] INFO:colcon.colcon_core.shell:Creating package script '/home/mk/dev_ws/install/zed_wrapper/share/zed_wrapper/package.ps1'
[3.535s] INFO:colcon.colcon_core.shell:Creating package descriptor '/home/mk/dev_ws/install/zed_wrapper/share/zed_wrapper/package.dsv'
[3.536s] INFO:colcon.colcon_core.shell:Creating package script '/home/mk/dev_ws/install/zed_wrapper/share/zed_wrapper/package.sh'
[3.536s] INFO:colcon.colcon_core.shell:Creating package script '/home/mk/dev_ws/install/zed_wrapper/share/zed_wrapper/package.bash'
[3.536s] INFO:colcon.colcon_core.shell:Creating package script '/home/mk/dev_ws/install/zed_wrapper/share/zed_wrapper/package.zsh'
[3.536s] Level 1:colcon.colcon_core.environment:create_file_with_runtime_dependencies(/home/mk/dev_ws/install/zed_wrapper/share/colcon-core/packages/zed_wrapper)
[3.536s] Level 1:colcon.colcon_core.environment:create_environment_scripts_only(zed_wrapper)
[3.536s] Level 1:colcon.colcon_core.environment:checking '/home/mk/dev_ws/install/zed_wrapper' for CMake module files
[3.537s] Level 1:colcon.colcon_core.environment:checking '/home/mk/dev_ws/install/zed_wrapper' for CMake config files
[3.537s] Level 1:colcon.colcon_core.shell:create_environment_hook('zed_wrapper', 'cmake_prefix_path')
[3.537s] INFO:colcon.colcon_core.shell:Creating environment hook '/home/mk/dev_ws/install/zed_wrapper/share/zed_wrapper/hook/cmake_prefix_path.ps1'
[3.537s] INFO:colcon.colcon_core.shell:Creating environment descriptor '/home/mk/dev_ws/install/zed_wrapper/share/zed_wrapper/hook/cmake_prefix_path.dsv'
[3.537s] INFO:colcon.colcon_core.shell:Creating environment hook '/home/mk/dev_ws/install/zed_wrapper/share/zed_wrapper/hook/cmake_prefix_path.sh'
[3.538s] Level 1:colcon.colcon_core.environment:checking '/home/mk/dev_ws/install/zed_wrapper/lib'
[3.538s] Level 1:colcon.colcon_core.environment:checking '/home/mk/dev_ws/install/zed_wrapper/bin'
[3.538s] Level 1:colcon.colcon_core.environment:checking '/home/mk/dev_ws/install/zed_wrapper/lib/pkgconfig/zed_wrapper.pc'
[3.538s] Level 1:colcon.colcon_core.environment:checking '/home/mk/dev_ws/install/zed_wrapper/lib/python3.10/site-packages'
[3.538s] Level 1:colcon.colcon_core.environment:checking '/home/mk/dev_ws/install/zed_wrapper/bin'
[3.538s] INFO:colcon.colcon_core.shell:Creating package script '/home/mk/dev_ws/install/zed_wrapper/share/zed_wrapper/package.ps1'
[3.538s] INFO:colcon.colcon_core.shell:Creating package descriptor '/home/mk/dev_ws/install/zed_wrapper/share/zed_wrapper/package.dsv'
[3.539s] INFO:colcon.colcon_core.shell:Creating package script '/home/mk/dev_ws/install/zed_wrapper/share/zed_wrapper/package.sh'
[3.539s] INFO:colcon.colcon_core.shell:Creating package script '/home/mk/dev_ws/install/zed_wrapper/share/zed_wrapper/package.bash'
[3.539s] INFO:colcon.colcon_core.shell:Creating package script '/home/mk/dev_ws/install/zed_wrapper/share/zed_wrapper/package.zsh'
[3.539s] Level 1:colcon.colcon_core.environment:create_file_with_runtime_dependencies(/home/mk/dev_ws/install/zed_wrapper/share/colcon-core/packages/zed_wrapper)
[3.539s] INFO:colcon.colcon_ros.task.ament_cmake.build:Building ROS package in '/home/mk/dev_ws/src/zed-ros2-wrapper/zed_ros2' with build type 'ament_cmake'
[3.539s] INFO:colcon.colcon_cmake.task.cmake.build:Building CMake package in '/home/mk/dev_ws/src/zed-ros2-wrapper/zed_ros2'
[3.540s] INFO:colcon.colcon_core.shell:Skip shell extension 'powershell' for command environment: Not usable outside of PowerShell
[3.540s] DEBUG:colcon.colcon_core.shell:Skip shell extension 'dsv' for command environment
[3.550s] DEBUG:colcon.colcon_core.event_handler.log_command:Invoking command in '/home/mk/dev_ws/build/zed_ros2': CMAKE_PREFIX_PATH=/home/mk/dev_ws/install/zed_wrapper:/home/mk/dev_ws/install/zed_components:/home/mk/dev_ws/install/zed_interfaces:/home/mk/dev_ws/install/zed_ros2:/home/mk/dev_ws/install/xarm_planner:/home/mk/dev_ws/install/xarm_moveit_servo:/home/mk/dev_ws/install/xarm_moveit_config:/home/mk/dev_ws/install/xarm_gazebo:/home/mk/dev_ws/install/xarm_controller:/home/mk/dev_ws/install/xarm_api:/home/mk/dev_ws/install/xarm_sdk:/home/mk/dev_ws/install/rviz_robot_control_panel:/home/mk/dev_ws/install/xarm_msgs:/home/mk/dev_ws/install/xarm_description:/home/mk/dev_ws/install/whisper_bringup:/home/mk/dev_ws/install/whisper_server:/home/mk/dev_ws/install/transcript_manager:/home/mk/dev_ws/install/whisper_util:/home/mk/dev_ws/install/whisper_idl:/home/mk/dev_ws/install/whisper_cpp_vendor:/home/mk/dev_ws/install/realsense_gazebo_plugin:/home/mk/dev_ws/install/my_3d_vision_bringup:/home/mk/dev_ws/install/mbot_demo:/home/mk/dev_ws/install/yolo_object_detector:/home/mk/dev_ws/install/move_to_coordinator:/home/mk/dev_ws/install/motion_sequence:/home/mk/dev_ws/install/whisper_demos:/home/mk/dev_ws/install/voice_command_listener:/home/mk/dev_ws/install/uf_ros_lib:/home/mk/dev_ws/install/rviz_servo_status_overlay:/home/mk/dev_ws/install/rviz_marker_static_scene_objects:/home/mk/dev_ws/install/robot_motion_handler_movegroup:/home/mk/dev_ws/install/gaze_control:/home/mk/dev_ws/install/collision_check:/home/mk/dev_ws/install/audio_listener:/opt/ros/humble LD_LIBRARY_PATH=/home/mk/dev_ws/install/zed_components/lib:/home/mk/dev_ws/install/zed_interfaces/lib:/usr/local/cuda-12.1/lib64:/home/mk/dev_ws/install/xarm_planner/lib:/home/mk/dev_ws/install/xarm_moveit_servo/lib:/home/mk/dev_ws/install/xarm_gazebo/lib:/home/mk/dev_ws/install/xarm_controller/lib:/home/mk/dev_ws/install/xarm_api/lib:/home/mk/dev_ws/install/xarm_sdk/lib:/home/mk/dev_ws/install/rviz_robot_control_panel/lib:/home/mk/dev_ws/install/xarm_msgs/lib:/home/mk/dev_ws/install/whisper_server/lib:/home/mk/dev_ws/install/transcript_manager/lib:/home/mk/dev_ws/install/whisper_util/lib:/home/mk/dev_ws/install/whisper_idl/lib:/home/mk/dev_ws/install/whisper_cpp_vendor/lib:/home/mk/dev_ws/install/realsense_gazebo_plugin/lib:/home/mk/dev_ws/install/my_3d_vision_bringup/lib:/usr/lib/x86_64-linux-gnu/gazebo-11/plugins:/opt/ros/humble/opt/rviz_ogre_vendor/lib:/opt/ros/humble/lib/x86_64-linux-gnu:/opt/ros/humble/lib /usr/bin/cmake /home/mk/dev_ws/src/zed-ros2-wrapper/zed_ros2 -DAMENT_CMAKE_SYMLINK_INSTALL=1 -DCMAKE_INSTALL_PREFIX=/home/mk/dev_ws/install/zed_ros2
[3.557s] DEBUG:colcon.colcon_core.event_handler.log_command:Invoked command in '/home/mk/dev_ws/build/rviz_robot_control_panel' returned '0': CMAKE_PREFIX_PATH=/home/mk/dev_ws/install/xarm_msgs:/home/mk/dev_ws/install/zed_ros2:/home/mk/dev_ws/install/zed_wrapper:/home/mk/dev_ws/install/zed_components:/home/mk/dev_ws/install/zed_interfaces:/home/mk/dev_ws/install/xarm_planner:/home/mk/dev_ws/install/xarm_moveit_servo:/home/mk/dev_ws/install/xarm_moveit_config:/home/mk/dev_ws/install/xarm_gazebo:/home/mk/dev_ws/install/xarm_controller:/home/mk/dev_ws/install/xarm_api:/home/mk/dev_ws/install/xarm_sdk:/home/mk/dev_ws/install/rviz_robot_control_panel:/home/mk/dev_ws/install/xarm_description:/home/mk/dev_ws/install/whisper_bringup:/home/mk/dev_ws/install/whisper_server:/home/mk/dev_ws/install/transcript_manager:/home/mk/dev_ws/install/whisper_util:/home/mk/dev_ws/install/whisper_idl:/home/mk/dev_ws/install/whisper_cpp_vendor:/home/mk/dev_ws/install/realsense_gazebo_plugin:/home/mk/dev_ws/install/my_3d_vision_bringup:/home/mk/dev_ws/install/mbot_demo:/home/mk/dev_ws/install/yolo_object_detector:/home/mk/dev_ws/install/move_to_coordinator:/home/mk/dev_ws/install/motion_sequence:/home/mk/dev_ws/install/whisper_demos:/home/mk/dev_ws/install/voice_command_listener:/home/mk/dev_ws/install/uf_ros_lib:/home/mk/dev_ws/install/rviz_servo_status_overlay:/home/mk/dev_ws/install/rviz_marker_static_scene_objects:/home/mk/dev_ws/install/robot_motion_handler_movegroup:/home/mk/dev_ws/install/gaze_control:/home/mk/dev_ws/install/collision_check:/home/mk/dev_ws/install/audio_listener:/opt/ros/humble LD_LIBRARY_PATH=/home/mk/dev_ws/install/xarm_msgs/lib:/usr/local/cuda-12.1/lib64:/home/mk/dev_ws/install/zed_components/lib:/home/mk/dev_ws/install/zed_interfaces/lib:/home/mk/dev_ws/install/xarm_planner/lib:/home/mk/dev_ws/install/xarm_moveit_servo/lib:/home/mk/dev_ws/install/xarm_gazebo/lib:/home/mk/dev_ws/install/xarm_controller/lib:/home/mk/dev_ws/install/xarm_api/lib:/home/mk/dev_ws/install/xarm_sdk/lib:/home/mk/dev_ws/install/rviz_robot_control_panel/lib:/home/mk/dev_ws/install/whisper_server/lib:/home/mk/dev_ws/install/transcript_manager/lib:/home/mk/dev_ws/install/whisper_util/lib:/home/mk/dev_ws/install/whisper_idl/lib:/home/mk/dev_ws/install/whisper_cpp_vendor/lib:/home/mk/dev_ws/install/realsense_gazebo_plugin/lib:/home/mk/dev_ws/install/my_3d_vision_bringup/lib:/usr/lib/x86_64-linux-gnu/gazebo-11/plugins:/opt/ros/humble/opt/rviz_ogre_vendor/lib:/opt/ros/humble/lib/x86_64-linux-gnu:/opt/ros/humble/lib /usr/bin/cmake --build /home/mk/dev_ws/build/rviz_robot_control_panel -- -j20 -l20
[3.558s] DEBUG:colcon.colcon_core.event_handler.log_command:Invoking command in '/home/mk/dev_ws/build/rviz_robot_control_panel': CMAKE_PREFIX_PATH=/home/mk/dev_ws/install/xarm_msgs:/home/mk/dev_ws/install/zed_ros2:/home/mk/dev_ws/install/zed_wrapper:/home/mk/dev_ws/install/zed_components:/home/mk/dev_ws/install/zed_interfaces:/home/mk/dev_ws/install/xarm_planner:/home/mk/dev_ws/install/xarm_moveit_servo:/home/mk/dev_ws/install/xarm_moveit_config:/home/mk/dev_ws/install/xarm_gazebo:/home/mk/dev_ws/install/xarm_controller:/home/mk/dev_ws/install/xarm_api:/home/mk/dev_ws/install/xarm_sdk:/home/mk/dev_ws/install/rviz_robot_control_panel:/home/mk/dev_ws/install/xarm_description:/home/mk/dev_ws/install/whisper_bringup:/home/mk/dev_ws/install/whisper_server:/home/mk/dev_ws/install/transcript_manager:/home/mk/dev_ws/install/whisper_util:/home/mk/dev_ws/install/whisper_idl:/home/mk/dev_ws/install/whisper_cpp_vendor:/home/mk/dev_ws/install/realsense_gazebo_plugin:/home/mk/dev_ws/install/my_3d_vision_bringup:/home/mk/dev_ws/install/mbot_demo:/home/mk/dev_ws/install/yolo_object_detector:/home/mk/dev_ws/install/move_to_coordinator:/home/mk/dev_ws/install/motion_sequence:/home/mk/dev_ws/install/whisper_demos:/home/mk/dev_ws/install/voice_command_listener:/home/mk/dev_ws/install/uf_ros_lib:/home/mk/dev_ws/install/rviz_servo_status_overlay:/home/mk/dev_ws/install/rviz_marker_static_scene_objects:/home/mk/dev_ws/install/robot_motion_handler_movegroup:/home/mk/dev_ws/install/gaze_control:/home/mk/dev_ws/install/collision_check:/home/mk/dev_ws/install/audio_listener:/opt/ros/humble LD_LIBRARY_PATH=/home/mk/dev_ws/install/xarm_msgs/lib:/usr/local/cuda-12.1/lib64:/home/mk/dev_ws/install/zed_components/lib:/home/mk/dev_ws/install/zed_interfaces/lib:/home/mk/dev_ws/install/xarm_planner/lib:/home/mk/dev_ws/install/xarm_moveit_servo/lib:/home/mk/dev_ws/install/xarm_gazebo/lib:/home/mk/dev_ws/install/xarm_controller/lib:/home/mk/dev_ws/install/xarm_api/lib:/home/mk/dev_ws/install/xarm_sdk/lib:/home/mk/dev_ws/install/rviz_robot_control_panel/lib:/home/mk/dev_ws/install/whisper_server/lib:/home/mk/dev_ws/install/transcript_manager/lib:/home/mk/dev_ws/install/whisper_util/lib:/home/mk/dev_ws/install/whisper_idl/lib:/home/mk/dev_ws/install/whisper_cpp_vendor/lib:/home/mk/dev_ws/install/realsense_gazebo_plugin/lib:/home/mk/dev_ws/install/my_3d_vision_bringup/lib:/usr/lib/x86_64-linux-gnu/gazebo-11/plugins:/opt/ros/humble/opt/rviz_ogre_vendor/lib:/opt/ros/humble/lib/x86_64-linux-gnu:/opt/ros/humble/lib /usr/bin/cmake --install /home/mk/dev_ws/build/rviz_robot_control_panel
[3.574s] Level 1:colcon.colcon_core.environment:create_environment_scripts_only(rviz_robot_control_panel)
[3.574s] Level 1:colcon.colcon_core.environment:checking '/home/mk/dev_ws/install/rviz_robot_control_panel' for CMake module files
[3.574s] DEBUG:colcon.colcon_core.event_handler.log_command:Invoked command in '/home/mk/dev_ws/build/rviz_robot_control_panel' returned '0': CMAKE_PREFIX_PATH=/home/mk/dev_ws/install/xarm_msgs:/home/mk/dev_ws/install/zed_ros2:/home/mk/dev_ws/install/zed_wrapper:/home/mk/dev_ws/install/zed_components:/home/mk/dev_ws/install/zed_interfaces:/home/mk/dev_ws/install/xarm_planner:/home/mk/dev_ws/install/xarm_moveit_servo:/home/mk/dev_ws/install/xarm_moveit_config:/home/mk/dev_ws/install/xarm_gazebo:/home/mk/dev_ws/install/xarm_controller:/home/mk/dev_ws/install/xarm_api:/home/mk/dev_ws/install/xarm_sdk:/home/mk/dev_ws/install/rviz_robot_control_panel:/home/mk/dev_ws/install/xarm_description:/home/mk/dev_ws/install/whisper_bringup:/home/mk/dev_ws/install/whisper_server:/home/mk/dev_ws/install/transcript_manager:/home/mk/dev_ws/install/whisper_util:/home/mk/dev_ws/install/whisper_idl:/home/mk/dev_ws/install/whisper_cpp_vendor:/home/mk/dev_ws/install/realsense_gazebo_plugin:/home/mk/dev_ws/install/my_3d_vision_bringup:/home/mk/dev_ws/install/mbot_demo:/home/mk/dev_ws/install/yolo_object_detector:/home/mk/dev_ws/install/move_to_coordinator:/home/mk/dev_ws/install/motion_sequence:/home/mk/dev_ws/install/whisper_demos:/home/mk/dev_ws/install/voice_command_listener:/home/mk/dev_ws/install/uf_ros_lib:/home/mk/dev_ws/install/rviz_servo_status_overlay:/home/mk/dev_ws/install/rviz_marker_static_scene_objects:/home/mk/dev_ws/install/robot_motion_handler_movegroup:/home/mk/dev_ws/install/gaze_control:/home/mk/dev_ws/install/collision_check:/home/mk/dev_ws/install/audio_listener:/opt/ros/humble LD_LIBRARY_PATH=/home/mk/dev_ws/install/xarm_msgs/lib:/usr/local/cuda-12.1/lib64:/home/mk/dev_ws/install/zed_components/lib:/home/mk/dev_ws/install/zed_interfaces/lib:/home/mk/dev_ws/install/xarm_planner/lib:/home/mk/dev_ws/install/xarm_moveit_servo/lib:/home/mk/dev_ws/install/xarm_gazebo/lib:/home/mk/dev_ws/install/xarm_controller/lib:/home/mk/dev_ws/install/xarm_api/lib:/home/mk/dev_ws/install/xarm_sdk/lib:/home/mk/dev_ws/install/rviz_robot_control_panel/lib:/home/mk/dev_ws/install/whisper_server/lib:/home/mk/dev_ws/install/transcript_manager/lib:/home/mk/dev_ws/install/whisper_util/lib:/home/mk/dev_ws/install/whisper_idl/lib:/home/mk/dev_ws/install/whisper_cpp_vendor/lib:/home/mk/dev_ws/install/realsense_gazebo_plugin/lib:/home/mk/dev_ws/install/my_3d_vision_bringup/lib:/usr/lib/x86_64-linux-gnu/gazebo-11/plugins:/opt/ros/humble/opt/rviz_ogre_vendor/lib:/opt/ros/humble/lib/x86_64-linux-gnu:/opt/ros/humble/lib /usr/bin/cmake --install /home/mk/dev_ws/build/rviz_robot_control_panel
[3.574s] Level 1:colcon.colcon_core.environment:checking '/home/mk/dev_ws/install/rviz_robot_control_panel' for CMake config files
[3.574s] Level 1:colcon.colcon_core.shell:create_environment_hook('rviz_robot_control_panel', 'cmake_prefix_path')
[3.575s] INFO:colcon.colcon_core.shell:Creating environment hook '/home/mk/dev_ws/install/rviz_robot_control_panel/share/rviz_robot_control_panel/hook/cmake_prefix_path.ps1'
[3.575s] INFO:colcon.colcon_core.shell:Creating environment descriptor '/home/mk/dev_ws/install/rviz_robot_control_panel/share/rviz_robot_control_panel/hook/cmake_prefix_path.dsv'
[3.575s] INFO:colcon.colcon_core.shell:Creating environment hook '/home/mk/dev_ws/install/rviz_robot_control_panel/share/rviz_robot_control_panel/hook/cmake_prefix_path.sh'
[3.575s] Level 1:colcon.colcon_core.environment:checking '/home/mk/dev_ws/install/rviz_robot_control_panel/lib'
[3.575s] Level 1:colcon.colcon_core.shell:create_environment_hook('rviz_robot_control_panel', 'ld_library_path_lib')
[3.575s] INFO:colcon.colcon_core.shell:Creating environment hook '/home/mk/dev_ws/install/rviz_robot_control_panel/share/rviz_robot_control_panel/hook/ld_library_path_lib.ps1'
[3.576s] INFO:colcon.colcon_core.shell:Creating environment descriptor '/home/mk/dev_ws/install/rviz_robot_control_panel/share/rviz_robot_control_panel/hook/ld_library_path_lib.dsv'
[3.576s] INFO:colcon.colcon_core.shell:Creating environment hook '/home/mk/dev_ws/install/rviz_robot_control_panel/share/rviz_robot_control_panel/hook/ld_library_path_lib.sh'
[3.576s] Level 1:colcon.colcon_core.environment:checking '/home/mk/dev_ws/install/rviz_robot_control_panel/bin'
[3.576s] Level 1:colcon.colcon_core.environment:checking '/home/mk/dev_ws/install/rviz_robot_control_panel/lib/pkgconfig/rviz_robot_control_panel.pc'
[3.576s] Level 1:colcon.colcon_core.environment:checking '/home/mk/dev_ws/install/rviz_robot_control_panel/lib/python3.10/site-packages'
[3.576s] Level 1:colcon.colcon_core.environment:checking '/home/mk/dev_ws/install/rviz_robot_control_panel/bin'
[3.577s] INFO:colcon.colcon_core.shell:Creating package script '/home/mk/dev_ws/install/rviz_robot_control_panel/share/rviz_robot_control_panel/package.ps1'
[3.577s] INFO:colcon.colcon_core.shell:Creating package descriptor '/home/mk/dev_ws/install/rviz_robot_control_panel/share/rviz_robot_control_panel/package.dsv'
[3.577s] INFO:colcon.colcon_core.shell:Creating package script '/home/mk/dev_ws/install/rviz_robot_control_panel/share/rviz_robot_control_panel/package.sh'
[3.577s] INFO:colcon.colcon_core.shell:Creating package script '/home/mk/dev_ws/install/rviz_robot_control_panel/share/rviz_robot_control_panel/package.bash'
[3.577s] INFO:colcon.colcon_core.shell:Creating package script '/home/mk/dev_ws/install/rviz_robot_control_panel/share/rviz_robot_control_panel/package.zsh'
[3.578s] Level 1:colcon.colcon_core.environment:create_file_with_runtime_dependencies(/home/mk/dev_ws/install/rviz_robot_control_panel/share/colcon-core/packages/rviz_robot_control_panel)
[3.578s] Level 1:colcon.colcon_core.environment:create_environment_scripts_only(rviz_robot_control_panel)
[3.578s] Level 1:colcon.colcon_core.environment:checking '/home/mk/dev_ws/install/rviz_robot_control_panel' for CMake module files
[3.578s] Level 1:colcon.colcon_core.environment:checking '/home/mk/dev_ws/install/rviz_robot_control_panel' for CMake config files
[3.578s] Level 1:colcon.colcon_core.shell:create_environment_hook('rviz_robot_control_panel', 'cmake_prefix_path')
[3.578s] INFO:colcon.colcon_core.shell:Creating environment hook '/home/mk/dev_ws/install/rviz_robot_control_panel/share/rviz_robot_control_panel/hook/cmake_prefix_path.ps1'
[3.579s] INFO:colcon.colcon_core.shell:Creating environment descriptor '/home/mk/dev_ws/install/rviz_robot_control_panel/share/rviz_robot_control_panel/hook/cmake_prefix_path.dsv'
[3.579s] INFO:colcon.colcon_core.shell:Creating environment hook '/home/mk/dev_ws/install/rviz_robot_control_panel/share/rviz_robot_control_panel/hook/cmake_prefix_path.sh'
[3.579s] Level 1:colcon.colcon_core.environment:checking '/home/mk/dev_ws/install/rviz_robot_control_panel/lib'
[3.579s] Level 1:colcon.colcon_core.shell:create_environment_hook('rviz_robot_control_panel', 'ld_library_path_lib')
[3.579s] INFO:colcon.colcon_core.shell:Creating environment hook '/home/mk/dev_ws/install/rviz_robot_control_panel/share/rviz_robot_control_panel/hook/ld_library_path_lib.ps1'
[3.579s] INFO:colcon.colcon_core.shell:Creating environment descriptor '/home/mk/dev_ws/install/rviz_robot_control_panel/share/rviz_robot_control_panel/hook/ld_library_path_lib.dsv'
[3.580s] INFO:colcon.colcon_core.shell:Creating environment hook '/home/mk/dev_ws/install/rviz_robot_control_panel/share/rviz_robot_control_panel/hook/ld_library_path_lib.sh'
[3.580s] Level 1:colcon.colcon_core.environment:checking '/home/mk/dev_ws/install/rviz_robot_control_panel/bin'
[3.580s] Level 1:colcon.colcon_core.environment:checking '/home/mk/dev_ws/install/rviz_robot_control_panel/lib/pkgconfig/rviz_robot_control_panel.pc'
[3.580s] Level 1:colcon.colcon_core.environment:checking '/home/mk/dev_ws/install/rviz_robot_control_panel/lib/python3.10/site-packages'
[3.580s] Level 1:colcon.colcon_core.environment:checking '/home/mk/dev_ws/install/rviz_robot_control_panel/bin'
[3.580s] INFO:colcon.colcon_core.shell:Creating package script '/home/mk/dev_ws/install/rviz_robot_control_panel/share/rviz_robot_control_panel/package.ps1'
[3.581s] INFO:colcon.colcon_core.shell:Creating package descriptor '/home/mk/dev_ws/install/rviz_robot_control_panel/share/rviz_robot_control_panel/package.dsv'
[3.581s] INFO:colcon.colcon_core.shell:Creating package script '/home/mk/dev_ws/install/rviz_robot_control_panel/share/rviz_robot_control_panel/package.sh'
[3.581s] INFO:colcon.colcon_core.shell:Creating package script '/home/mk/dev_ws/install/rviz_robot_control_panel/share/rviz_robot_control_panel/package.bash'
[3.581s] INFO:colcon.colcon_core.shell:Creating package script '/home/mk/dev_ws/install/rviz_robot_control_panel/share/rviz_robot_control_panel/package.zsh'
[3.582s] Level 1:colcon.colcon_core.environment:create_file_with_runtime_dependencies(/home/mk/dev_ws/install/rviz_robot_control_panel/share/colcon-core/packages/rviz_robot_control_panel)
[3.668s] DEBUG:colcon.colcon_core.task.python.build:While undoing a previous installation files outside the Python library path are being ignored: /home/mk/dev_ws/install/whisper_demos/share/ament_index/resource_index/packages/whisper_demos
[3.668s] DEBUG:colcon.colcon_core.task.python.build:While undoing a previous installation files outside the Python library path are being ignored: /home/mk/dev_ws/install/whisper_demos/share/whisper_demos/package.xml
[3.668s] DEBUG:colcon.colcon_core.task.python.build:While undoing a previous installation files outside the Python library path are being ignored: /home/mk/dev_ws/install/whisper_demos/lib/whisper_demos/stream
[3.668s] DEBUG:colcon.colcon_core.task.python.build:While undoing a previous installation files outside the Python library path are being ignored: /home/mk/dev_ws/install/whisper_demos/lib/whisper_demos/whisper_on_key
[3.670s] DEBUG:colcon.colcon_core.event_handler.log_command:Invoking command in '/home/mk/dev_ws/build/whisper_demos': AMENT_PREFIX_PATH=/home/mk/dev_ws/install/audio_listener:/home/mk/dev_ws/install/zed_ros2:/home/mk/dev_ws/install/zed_wrapper:/home/mk/dev_ws/install/zed_components:/home/mk/dev_ws/install/zed_interfaces:/home/mk/dev_ws/install/yolo_object_detector:/home/mk/dev_ws/install/xarm_planner:/home/mk/dev_ws/install/xarm_moveit_servo:/home/mk/dev_ws/install/xarm_moveit_config:/home/mk/dev_ws/install/xarm_gazebo:/home/mk/dev_ws/install/xarm_controller:/home/mk/dev_ws/install/xarm_api:/home/mk/dev_ws/install/xarm_sdk:/home/mk/dev_ws/install/rviz_robot_control_panel:/home/mk/dev_ws/install/move_to_coordinator:/home/mk/dev_ws/install/motion_sequence:/home/mk/dev_ws/install/xarm_msgs:/home/mk/dev_ws/install/xarm_description:/home/mk/dev_ws/install/whisper_demos:/home/mk/dev_ws/install/whisper_bringup:/home/mk/dev_ws/install/whisper_server:/home/mk/dev_ws/install/transcript_manager:/home/mk/dev_ws/install/whisper_util:/home/mk/dev_ws/install/voice_command_listener:/home/mk/dev_ws/install/whisper_idl:/home/mk/dev_ws/install/whisper_cpp_vendor:/home/mk/dev_ws/install/uf_ros_lib:/home/mk/dev_ws/install/rviz_servo_status_overlay:/home/mk/dev_ws/install/rviz_marker_static_scene_objects:/home/mk/dev_ws/install/robot_motion_handler_movegroup:/home/mk/dev_ws/install/realsense_gazebo_plugin:/home/mk/dev_ws/install/my_3d_vision_bringup:/home/mk/dev_ws/install/mbot_demo:/home/mk/dev_ws/install/gaze_control:/home/mk/dev_ws/install/collision_check:/opt/ros/humble CMAKE_PREFIX_PATH=/home/mk/dev_ws/install/whisper_server:/home/mk/dev_ws/install/whisper_util:/home/mk/dev_ws/install/whisper_idl:/home/mk/dev_ws/install/whisper_cpp_vendor:/home/mk/dev_ws/install/zed_ros2:/home/mk/dev_ws/install/zed_wrapper:/home/mk/dev_ws/install/zed_components:/home/mk/dev_ws/install/zed_interfaces:/home/mk/dev_ws/install/xarm_planner:/home/mk/dev_ws/install/xarm_moveit_servo:/home/mk/dev_ws/install/xarm_moveit_config:/home/mk/dev_ws/install/xarm_gazebo:/home/mk/dev_ws/install/xarm_controller:/home/mk/dev_ws/install/xarm_api:/home/mk/dev_ws/install/xarm_sdk:/home/mk/dev_ws/install/rviz_robot_control_panel:/home/mk/dev_ws/install/xarm_msgs:/home/mk/dev_ws/install/xarm_description:/home/mk/dev_ws/install/whisper_bringup:/home/mk/dev_ws/install/transcript_manager:/home/mk/dev_ws/install/realsense_gazebo_plugin:/home/mk/dev_ws/install/my_3d_vision_bringup:/home/mk/dev_ws/install/mbot_demo LD_LIBRARY_PATH=/home/mk/dev_ws/install/whisper_server/lib:/home/mk/dev_ws/install/whisper_util/lib:/home/mk/dev_ws/install/whisper_idl/lib:/home/mk/dev_ws/install/whisper_cpp_vendor/lib:/usr/local/cuda-12.1/lib64:/home/mk/dev_ws/install/zed_components/lib:/home/mk/dev_ws/install/zed_interfaces/lib:/home/mk/dev_ws/install/xarm_planner/lib:/home/mk/dev_ws/install/xarm_moveit_servo/lib:/home/mk/dev_ws/install/xarm_gazebo/lib:/home/mk/dev_ws/install/xarm_controller/lib:/home/mk/dev_ws/install/xarm_api/lib:/home/mk/dev_ws/install/xarm_sdk/lib:/home/mk/dev_ws/install/rviz_robot_control_panel/lib:/home/mk/dev_ws/install/xarm_msgs/lib:/home/mk/dev_ws/install/transcript_manager/lib:/home/mk/dev_ws/install/realsense_gazebo_plugin/lib:/home/mk/dev_ws/install/my_3d_vision_bringup/lib:/usr/lib/x86_64-linux-gnu/gazebo-11/plugins:/opt/ros/humble/opt/rviz_ogre_vendor/lib:/opt/ros/humble/lib/x86_64-linux-gnu:/opt/ros/humble/lib PYTHONPATH=/home/mk/dev_ws/build/whisper_demos/prefix_override:/usr/lib/python3/dist-packages/colcon_core/task/python/colcon_distutils_commands:/home/mk/dev_ws/install/whisper_demos/lib/python3.10/site-packages:/home/mk/dev_ws/build/audio_listener:/home/mk/dev_ws/install/audio_listener/lib/python3.10/site-packages:/home/mk/dev_ws/install/zed_interfaces/local/lib/python3.10/dist-packages:/home/mk/dev_ws/install/yolo_object_detector/lib/python3.10/site-packages:/home/mk/dev_ws/install/move_to_coordinator/lib/python3.10/site-packages:/home/mk/dev_ws/install/motion_sequence/lib/python3.10/site-packages:/home/mk/dev_ws/install/xarm_msgs/local/lib/python3.10/dist-packages:/home/mk/dev_ws/install/whisper_demos/lib/python3.10/site-packages:/home/mk/dev_ws/install/voice_command_listener/lib/python3.10/site-packages:/home/mk/dev_ws/install/whisper_idl/local/lib/python3.10/dist-packages:/home/mk/dev_ws/install/uf_ros_lib/lib/python3.10/site-packages:/home/mk/dev_ws/install/rviz_servo_status_overlay/lib/python3.10/site-packages:/home/mk/dev_ws/install/rviz_marker_static_scene_objects/lib/python3.10/site-packages:/home/mk/dev_ws/install/robot_motion_handler_movegroup/lib/python3.10/site-packages:/home/mk/dev_ws/install/my_3d_vision_bringup/local/lib/python3.10/dist-packages:/home/mk/dev_ws/install/gaze_control/lib/python3.10/site-packages:/home/mk/dev_ws/install/collision_check/lib/python3.10/site-packages:/opt/ros/humble/lib/python3.10/site-packages:/opt/ros/humble/local/lib/python3.10/dist-packages /usr/bin/python3 -W ignore:setup.py install is deprecated -W ignore:easy_install command is deprecated setup.py develop --editable --build-directory /home/mk/dev_ws/build/whisper_demos/build --no-deps symlink_data --force
[3.704s] DEBUG:colcon.colcon_core.event_handler.log_command:Invoked command in '/home/mk/dev_ws/build/zed_ros2' returned '0': CMAKE_PREFIX_PATH=/home/mk/dev_ws/install/zed_wrapper:/home/mk/dev_ws/install/zed_components:/home/mk/dev_ws/install/zed_interfaces:/home/mk/dev_ws/install/zed_ros2:/home/mk/dev_ws/install/xarm_planner:/home/mk/dev_ws/install/xarm_moveit_servo:/home/mk/dev_ws/install/xarm_moveit_config:/home/mk/dev_ws/install/xarm_gazebo:/home/mk/dev_ws/install/xarm_controller:/home/mk/dev_ws/install/xarm_api:/home/mk/dev_ws/install/xarm_sdk:/home/mk/dev_ws/install/rviz_robot_control_panel:/home/mk/dev_ws/install/xarm_msgs:/home/mk/dev_ws/install/xarm_description:/home/mk/dev_ws/install/whisper_bringup:/home/mk/dev_ws/install/whisper_server:/home/mk/dev_ws/install/transcript_manager:/home/mk/dev_ws/install/whisper_util:/home/mk/dev_ws/install/whisper_idl:/home/mk/dev_ws/install/whisper_cpp_vendor:/home/mk/dev_ws/install/realsense_gazebo_plugin:/home/mk/dev_ws/install/my_3d_vision_bringup:/home/mk/dev_ws/install/mbot_demo:/home/mk/dev_ws/install/yolo_object_detector:/home/mk/dev_ws/install/move_to_coordinator:/home/mk/dev_ws/install/motion_sequence:/home/mk/dev_ws/install/whisper_demos:/home/mk/dev_ws/install/voice_command_listener:/home/mk/dev_ws/install/uf_ros_lib:/home/mk/dev_ws/install/rviz_servo_status_overlay:/home/mk/dev_ws/install/rviz_marker_static_scene_objects:/home/mk/dev_ws/install/robot_motion_handler_movegroup:/home/mk/dev_ws/install/gaze_control:/home/mk/dev_ws/install/collision_check:/home/mk/dev_ws/install/audio_listener:/opt/ros/humble LD_LIBRARY_PATH=/home/mk/dev_ws/install/zed_components/lib:/home/mk/dev_ws/install/zed_interfaces/lib:/usr/local/cuda-12.1/lib64:/home/mk/dev_ws/install/xarm_planner/lib:/home/mk/dev_ws/install/xarm_moveit_servo/lib:/home/mk/dev_ws/install/xarm_gazebo/lib:/home/mk/dev_ws/install/xarm_controller/lib:/home/mk/dev_ws/install/xarm_api/lib:/home/mk/dev_ws/install/xarm_sdk/lib:/home/mk/dev_ws/install/rviz_robot_control_panel/lib:/home/mk/dev_ws/install/xarm_msgs/lib:/home/mk/dev_ws/install/whisper_server/lib:/home/mk/dev_ws/install/transcript_manager/lib:/home/mk/dev_ws/install/whisper_util/lib:/home/mk/dev_ws/install/whisper_idl/lib:/home/mk/dev_ws/install/whisper_cpp_vendor/lib:/home/mk/dev_ws/install/realsense_gazebo_plugin/lib:/home/mk/dev_ws/install/my_3d_vision_bringup/lib:/usr/lib/x86_64-linux-gnu/gazebo-11/plugins:/opt/ros/humble/opt/rviz_ogre_vendor/lib:/opt/ros/humble/lib/x86_64-linux-gnu:/opt/ros/humble/lib /usr/bin/cmake /home/mk/dev_ws/src/zed-ros2-wrapper/zed_ros2 -DAMENT_CMAKE_SYMLINK_INSTALL=1 -DCMAKE_INSTALL_PREFIX=/home/mk/dev_ws/install/zed_ros2
[3.705s] DEBUG:colcon.colcon_core.event_handler.log_command:Invoking command in '/home/mk/dev_ws/build/zed_ros2': CMAKE_PREFIX_PATH=/home/mk/dev_ws/install/zed_wrapper:/home/mk/dev_ws/install/zed_components:/home/mk/dev_ws/install/zed_interfaces:/home/mk/dev_ws/install/zed_ros2:/home/mk/dev_ws/install/xarm_planner:/home/mk/dev_ws/install/xarm_moveit_servo:/home/mk/dev_ws/install/xarm_moveit_config:/home/mk/dev_ws/install/xarm_gazebo:/home/mk/dev_ws/install/xarm_controller:/home/mk/dev_ws/install/xarm_api:/home/mk/dev_ws/install/xarm_sdk:/home/mk/dev_ws/install/rviz_robot_control_panel:/home/mk/dev_ws/install/xarm_msgs:/home/mk/dev_ws/install/xarm_description:/home/mk/dev_ws/install/whisper_bringup:/home/mk/dev_ws/install/whisper_server:/home/mk/dev_ws/install/transcript_manager:/home/mk/dev_ws/install/whisper_util:/home/mk/dev_ws/install/whisper_idl:/home/mk/dev_ws/install/whisper_cpp_vendor:/home/mk/dev_ws/install/realsense_gazebo_plugin:/home/mk/dev_ws/install/my_3d_vision_bringup:/home/mk/dev_ws/install/mbot_demo:/home/mk/dev_ws/install/yolo_object_detector:/home/mk/dev_ws/install/move_to_coordinator:/home/mk/dev_ws/install/motion_sequence:/home/mk/dev_ws/install/whisper_demos:/home/mk/dev_ws/install/voice_command_listener:/home/mk/dev_ws/install/uf_ros_lib:/home/mk/dev_ws/install/rviz_servo_status_overlay:/home/mk/dev_ws/install/rviz_marker_static_scene_objects:/home/mk/dev_ws/install/robot_motion_handler_movegroup:/home/mk/dev_ws/install/gaze_control:/home/mk/dev_ws/install/collision_check:/home/mk/dev_ws/install/audio_listener:/opt/ros/humble LD_LIBRARY_PATH=/home/mk/dev_ws/install/zed_components/lib:/home/mk/dev_ws/install/zed_interfaces/lib:/usr/local/cuda-12.1/lib64:/home/mk/dev_ws/install/xarm_planner/lib:/home/mk/dev_ws/install/xarm_moveit_servo/lib:/home/mk/dev_ws/install/xarm_gazebo/lib:/home/mk/dev_ws/install/xarm_controller/lib:/home/mk/dev_ws/install/xarm_api/lib:/home/mk/dev_ws/install/xarm_sdk/lib:/home/mk/dev_ws/install/rviz_robot_control_panel/lib:/home/mk/dev_ws/install/xarm_msgs/lib:/home/mk/dev_ws/install/whisper_server/lib:/home/mk/dev_ws/install/transcript_manager/lib:/home/mk/dev_ws/install/whisper_util/lib:/home/mk/dev_ws/install/whisper_idl/lib:/home/mk/dev_ws/install/whisper_cpp_vendor/lib:/home/mk/dev_ws/install/realsense_gazebo_plugin/lib:/home/mk/dev_ws/install/my_3d_vision_bringup/lib:/usr/lib/x86_64-linux-gnu/gazebo-11/plugins:/opt/ros/humble/opt/rviz_ogre_vendor/lib:/opt/ros/humble/lib/x86_64-linux-gnu:/opt/ros/humble/lib /usr/bin/cmake --build /home/mk/dev_ws/build/zed_ros2 -- -j20 -l20
[3.734s] DEBUG:colcon.colcon_core.event_handler.log_command:Invoked command in '/home/mk/dev_ws/build/zed_ros2' returned '0': CMAKE_PREFIX_PATH=/home/mk/dev_ws/install/zed_wrapper:/home/mk/dev_ws/install/zed_components:/home/mk/dev_ws/install/zed_interfaces:/home/mk/dev_ws/install/zed_ros2:/home/mk/dev_ws/install/xarm_planner:/home/mk/dev_ws/install/xarm_moveit_servo:/home/mk/dev_ws/install/xarm_moveit_config:/home/mk/dev_ws/install/xarm_gazebo:/home/mk/dev_ws/install/xarm_controller:/home/mk/dev_ws/install/xarm_api:/home/mk/dev_ws/install/xarm_sdk:/home/mk/dev_ws/install/rviz_robot_control_panel:/home/mk/dev_ws/install/xarm_msgs:/home/mk/dev_ws/install/xarm_description:/home/mk/dev_ws/install/whisper_bringup:/home/mk/dev_ws/install/whisper_server:/home/mk/dev_ws/install/transcript_manager:/home/mk/dev_ws/install/whisper_util:/home/mk/dev_ws/install/whisper_idl:/home/mk/dev_ws/install/whisper_cpp_vendor:/home/mk/dev_ws/install/realsense_gazebo_plugin:/home/mk/dev_ws/install/my_3d_vision_bringup:/home/mk/dev_ws/install/mbot_demo:/home/mk/dev_ws/install/yolo_object_detector:/home/mk/dev_ws/install/move_to_coordinator:/home/mk/dev_ws/install/motion_sequence:/home/mk/dev_ws/install/whisper_demos:/home/mk/dev_ws/install/voice_command_listener:/home/mk/dev_ws/install/uf_ros_lib:/home/mk/dev_ws/install/rviz_servo_status_overlay:/home/mk/dev_ws/install/rviz_marker_static_scene_objects:/home/mk/dev_ws/install/robot_motion_handler_movegroup:/home/mk/dev_ws/install/gaze_control:/home/mk/dev_ws/install/collision_check:/home/mk/dev_ws/install/audio_listener:/opt/ros/humble LD_LIBRARY_PATH=/home/mk/dev_ws/install/zed_components/lib:/home/mk/dev_ws/install/zed_interfaces/lib:/usr/local/cuda-12.1/lib64:/home/mk/dev_ws/install/xarm_planner/lib:/home/mk/dev_ws/install/xarm_moveit_servo/lib:/home/mk/dev_ws/install/xarm_gazebo/lib:/home/mk/dev_ws/install/xarm_controller/lib:/home/mk/dev_ws/install/xarm_api/lib:/home/mk/dev_ws/install/xarm_sdk/lib:/home/mk/dev_ws/install/rviz_robot_control_panel/lib:/home/mk/dev_ws/install/xarm_msgs/lib:/home/mk/dev_ws/install/whisper_server/lib:/home/mk/dev_ws/install/transcript_manager/lib:/home/mk/dev_ws/install/whisper_util/lib:/home/mk/dev_ws/install/whisper_idl/lib:/home/mk/dev_ws/install/whisper_cpp_vendor/lib:/home/mk/dev_ws/install/realsense_gazebo_plugin/lib:/home/mk/dev_ws/install/my_3d_vision_bringup/lib:/usr/lib/x86_64-linux-gnu/gazebo-11/plugins:/opt/ros/humble/opt/rviz_ogre_vendor/lib:/opt/ros/humble/lib/x86_64-linux-gnu:/opt/ros/humble/lib /usr/bin/cmake --build /home/mk/dev_ws/build/zed_ros2 -- -j20 -l20
[3.735s] DEBUG:colcon.colcon_core.event_handler.log_command:Invoking command in '/home/mk/dev_ws/build/zed_ros2': CMAKE_PREFIX_PATH=/home/mk/dev_ws/install/zed_wrapper:/home/mk/dev_ws/install/zed_components:/home/mk/dev_ws/install/zed_interfaces:/home/mk/dev_ws/install/zed_ros2:/home/mk/dev_ws/install/xarm_planner:/home/mk/dev_ws/install/xarm_moveit_servo:/home/mk/dev_ws/install/xarm_moveit_config:/home/mk/dev_ws/install/xarm_gazebo:/home/mk/dev_ws/install/xarm_controller:/home/mk/dev_ws/install/xarm_api:/home/mk/dev_ws/install/xarm_sdk:/home/mk/dev_ws/install/rviz_robot_control_panel:/home/mk/dev_ws/install/xarm_msgs:/home/mk/dev_ws/install/xarm_description:/home/mk/dev_ws/install/whisper_bringup:/home/mk/dev_ws/install/whisper_server:/home/mk/dev_ws/install/transcript_manager:/home/mk/dev_ws/install/whisper_util:/home/mk/dev_ws/install/whisper_idl:/home/mk/dev_ws/install/whisper_cpp_vendor:/home/mk/dev_ws/install/realsense_gazebo_plugin:/home/mk/dev_ws/install/my_3d_vision_bringup:/home/mk/dev_ws/install/mbot_demo:/home/mk/dev_ws/install/yolo_object_detector:/home/mk/dev_ws/install/move_to_coordinator:/home/mk/dev_ws/install/motion_sequence:/home/mk/dev_ws/install/whisper_demos:/home/mk/dev_ws/install/voice_command_listener:/home/mk/dev_ws/install/uf_ros_lib:/home/mk/dev_ws/install/rviz_servo_status_overlay:/home/mk/dev_ws/install/rviz_marker_static_scene_objects:/home/mk/dev_ws/install/robot_motion_handler_movegroup:/home/mk/dev_ws/install/gaze_control:/home/mk/dev_ws/install/collision_check:/home/mk/dev_ws/install/audio_listener:/opt/ros/humble LD_LIBRARY_PATH=/home/mk/dev_ws/install/zed_components/lib:/home/mk/dev_ws/install/zed_interfaces/lib:/usr/local/cuda-12.1/lib64:/home/mk/dev_ws/install/xarm_planner/lib:/home/mk/dev_ws/install/xarm_moveit_servo/lib:/home/mk/dev_ws/install/xarm_gazebo/lib:/home/mk/dev_ws/install/xarm_controller/lib:/home/mk/dev_ws/install/xarm_api/lib:/home/mk/dev_ws/install/xarm_sdk/lib:/home/mk/dev_ws/install/rviz_robot_control_panel/lib:/home/mk/dev_ws/install/xarm_msgs/lib:/home/mk/dev_ws/install/whisper_server/lib:/home/mk/dev_ws/install/transcript_manager/lib:/home/mk/dev_ws/install/whisper_util/lib:/home/mk/dev_ws/install/whisper_idl/lib:/home/mk/dev_ws/install/whisper_cpp_vendor/lib:/home/mk/dev_ws/install/realsense_gazebo_plugin/lib:/home/mk/dev_ws/install/my_3d_vision_bringup/lib:/usr/lib/x86_64-linux-gnu/gazebo-11/plugins:/opt/ros/humble/opt/rviz_ogre_vendor/lib:/opt/ros/humble/lib/x86_64-linux-gnu:/opt/ros/humble/lib /usr/bin/cmake --install /home/mk/dev_ws/build/zed_ros2
[3.746s] Level 1:colcon.colcon_core.environment:create_environment_scripts_only(zed_ros2)
[3.747s] Level 1:colcon.colcon_core.environment:checking '/home/mk/dev_ws/install/zed_ros2' for CMake module files
[3.747s] DEBUG:colcon.colcon_core.event_handler.log_command:Invoked command in '/home/mk/dev_ws/build/zed_ros2' returned '0': CMAKE_PREFIX_PATH=/home/mk/dev_ws/install/zed_wrapper:/home/mk/dev_ws/install/zed_components:/home/mk/dev_ws/install/zed_interfaces:/home/mk/dev_ws/install/zed_ros2:/home/mk/dev_ws/install/xarm_planner:/home/mk/dev_ws/install/xarm_moveit_servo:/home/mk/dev_ws/install/xarm_moveit_config:/home/mk/dev_ws/install/xarm_gazebo:/home/mk/dev_ws/install/xarm_controller:/home/mk/dev_ws/install/xarm_api:/home/mk/dev_ws/install/xarm_sdk:/home/mk/dev_ws/install/rviz_robot_control_panel:/home/mk/dev_ws/install/xarm_msgs:/home/mk/dev_ws/install/xarm_description:/home/mk/dev_ws/install/whisper_bringup:/home/mk/dev_ws/install/whisper_server:/home/mk/dev_ws/install/transcript_manager:/home/mk/dev_ws/install/whisper_util:/home/mk/dev_ws/install/whisper_idl:/home/mk/dev_ws/install/whisper_cpp_vendor:/home/mk/dev_ws/install/realsense_gazebo_plugin:/home/mk/dev_ws/install/my_3d_vision_bringup:/home/mk/dev_ws/install/mbot_demo:/home/mk/dev_ws/install/yolo_object_detector:/home/mk/dev_ws/install/move_to_coordinator:/home/mk/dev_ws/install/motion_sequence:/home/mk/dev_ws/install/whisper_demos:/home/mk/dev_ws/install/voice_command_listener:/home/mk/dev_ws/install/uf_ros_lib:/home/mk/dev_ws/install/rviz_servo_status_overlay:/home/mk/dev_ws/install/rviz_marker_static_scene_objects:/home/mk/dev_ws/install/robot_motion_handler_movegroup:/home/mk/dev_ws/install/gaze_control:/home/mk/dev_ws/install/collision_check:/home/mk/dev_ws/install/audio_listener:/opt/ros/humble LD_LIBRARY_PATH=/home/mk/dev_ws/install/zed_components/lib:/home/mk/dev_ws/install/zed_interfaces/lib:/usr/local/cuda-12.1/lib64:/home/mk/dev_ws/install/xarm_planner/lib:/home/mk/dev_ws/install/xarm_moveit_servo/lib:/home/mk/dev_ws/install/xarm_gazebo/lib:/home/mk/dev_ws/install/xarm_controller/lib:/home/mk/dev_ws/install/xarm_api/lib:/home/mk/dev_ws/install/xarm_sdk/lib:/home/mk/dev_ws/install/rviz_robot_control_panel/lib:/home/mk/dev_ws/install/xarm_msgs/lib:/home/mk/dev_ws/install/whisper_server/lib:/home/mk/dev_ws/install/transcript_manager/lib:/home/mk/dev_ws/install/whisper_util/lib:/home/mk/dev_ws/install/whisper_idl/lib:/home/mk/dev_ws/install/whisper_cpp_vendor/lib:/home/mk/dev_ws/install/realsense_gazebo_plugin/lib:/home/mk/dev_ws/install/my_3d_vision_bringup/lib:/usr/lib/x86_64-linux-gnu/gazebo-11/plugins:/opt/ros/humble/opt/rviz_ogre_vendor/lib:/opt/ros/humble/lib/x86_64-linux-gnu:/opt/ros/humble/lib /usr/bin/cmake --install /home/mk/dev_ws/build/zed_ros2
[3.747s] Level 1:colcon.colcon_core.environment:checking '/home/mk/dev_ws/install/zed_ros2' for CMake config files
[3.747s] Level 1:colcon.colcon_core.shell:create_environment_hook('zed_ros2', 'cmake_prefix_path')
[3.748s] INFO:colcon.colcon_core.shell:Creating environment hook '/home/mk/dev_ws/install/zed_ros2/share/zed_ros2/hook/cmake_prefix_path.ps1'
[3.748s] INFO:colcon.colcon_core.shell:Creating environment descriptor '/home/mk/dev_ws/install/zed_ros2/share/zed_ros2/hook/cmake_prefix_path.dsv'
[3.748s] INFO:colcon.colcon_core.shell:Creating environment hook '/home/mk/dev_ws/install/zed_ros2/share/zed_ros2/hook/cmake_prefix_path.sh'
[3.749s] Level 1:colcon.colcon_core.environment:checking '/home/mk/dev_ws/install/zed_ros2/bin'
[3.749s] Level 1:colcon.colcon_core.environment:checking '/home/mk/dev_ws/install/zed_ros2/lib/pkgconfig/zed_ros2.pc'
[3.749s] Level 1:colcon.colcon_core.environment:checking '/home/mk/dev_ws/install/zed_ros2/lib/python3.10/site-packages'
[3.750s] Level 1:colcon.colcon_core.environment:checking '/home/mk/dev_ws/install/zed_ros2/bin'
[3.750s] INFO:colcon.colcon_core.shell:Creating package script '/home/mk/dev_ws/install/zed_ros2/share/zed_ros2/package.ps1'
[3.750s] INFO:colcon.colcon_core.shell:Creating package descriptor '/home/mk/dev_ws/install/zed_ros2/share/zed_ros2/package.dsv'
[3.750s] INFO:colcon.colcon_core.shell:Creating package script '/home/mk/dev_ws/install/zed_ros2/share/zed_ros2/package.sh'
[3.751s] INFO:colcon.colcon_core.shell:Creating package script '/home/mk/dev_ws/install/zed_ros2/share/zed_ros2/package.bash'
[3.751s] INFO:colcon.colcon_core.shell:Creating package script '/home/mk/dev_ws/install/zed_ros2/share/zed_ros2/package.zsh'
[3.751s] Level 1:colcon.colcon_core.environment:create_file_with_runtime_dependencies(/home/mk/dev_ws/install/zed_ros2/share/colcon-core/packages/zed_ros2)
[3.751s] Level 1:colcon.colcon_core.environment:create_environment_scripts_only(zed_ros2)
[3.751s] Level 1:colcon.colcon_core.environment:checking '/home/mk/dev_ws/install/zed_ros2' for CMake module files
[3.751s] Level 1:colcon.colcon_core.environment:checking '/home/mk/dev_ws/install/zed_ros2' for CMake config files
[3.752s] Level 1:colcon.colcon_core.shell:create_environment_hook('zed_ros2', 'cmake_prefix_path')
[3.752s] INFO:colcon.colcon_core.shell:Creating environment hook '/home/mk/dev_ws/install/zed_ros2/share/zed_ros2/hook/cmake_prefix_path.ps1'
[3.752s] INFO:colcon.colcon_core.shell:Creating environment descriptor '/home/mk/dev_ws/install/zed_ros2/share/zed_ros2/hook/cmake_prefix_path.dsv'
[3.752s] INFO:colcon.colcon_core.shell:Creating environment hook '/home/mk/dev_ws/install/zed_ros2/share/zed_ros2/hook/cmake_prefix_path.sh'
[3.752s] Level 1:colcon.colcon_core.environment:checking '/home/mk/dev_ws/install/zed_ros2/bin'
[3.752s] Level 1:colcon.colcon_core.environment:checking '/home/mk/dev_ws/install/zed_ros2/lib/pkgconfig/zed_ros2.pc'
[3.752s] Level 1:colcon.colcon_core.environment:checking '/home/mk/dev_ws/install/zed_ros2/lib/python3.10/site-packages'
[3.753s] Level 1:colcon.colcon_core.environment:checking '/home/mk/dev_ws/install/zed_ros2/bin'
[3.753s] INFO:colcon.colcon_core.shell:Creating package script '/home/mk/dev_ws/install/zed_ros2/share/zed_ros2/package.ps1'
[3.753s] INFO:colcon.colcon_core.shell:Creating package descriptor '/home/mk/dev_ws/install/zed_ros2/share/zed_ros2/package.dsv'
[3.753s] INFO:colcon.colcon_core.shell:Creating package script '/home/mk/dev_ws/install/zed_ros2/share/zed_ros2/package.sh'
[3.753s] INFO:colcon.colcon_core.shell:Creating package script '/home/mk/dev_ws/install/zed_ros2/share/zed_ros2/package.bash'
[3.754s] INFO:colcon.colcon_core.shell:Creating package script '/home/mk/dev_ws/install/zed_ros2/share/zed_ros2/package.zsh'
[3.754s] Level 1:colcon.colcon_core.environment:create_file_with_runtime_dependencies(/home/mk/dev_ws/install/zed_ros2/share/colcon-core/packages/zed_ros2)
[3.953s] Level 1:colcon.colcon_core.shell:create_environment_hook('whisper_demos', 'pythonpath_develop')
[3.953s] INFO:colcon.colcon_core.shell:Creating environment hook '/home/mk/dev_ws/build/whisper_demos/share/whisper_demos/hook/pythonpath_develop.ps1'
[3.954s] DEBUG:colcon.colcon_core.event_handler.log_command:Invoked command in '/home/mk/dev_ws/build/whisper_demos' returned '0': AMENT_PREFIX_PATH=/home/mk/dev_ws/install/audio_listener:/home/mk/dev_ws/install/zed_ros2:/home/mk/dev_ws/install/zed_wrapper:/home/mk/dev_ws/install/zed_components:/home/mk/dev_ws/install/zed_interfaces:/home/mk/dev_ws/install/yolo_object_detector:/home/mk/dev_ws/install/xarm_planner:/home/mk/dev_ws/install/xarm_moveit_servo:/home/mk/dev_ws/install/xarm_moveit_config:/home/mk/dev_ws/install/xarm_gazebo:/home/mk/dev_ws/install/xarm_controller:/home/mk/dev_ws/install/xarm_api:/home/mk/dev_ws/install/xarm_sdk:/home/mk/dev_ws/install/rviz_robot_control_panel:/home/mk/dev_ws/install/move_to_coordinator:/home/mk/dev_ws/install/motion_sequence:/home/mk/dev_ws/install/xarm_msgs:/home/mk/dev_ws/install/xarm_description:/home/mk/dev_ws/install/whisper_demos:/home/mk/dev_ws/install/whisper_bringup:/home/mk/dev_ws/install/whisper_server:/home/mk/dev_ws/install/transcript_manager:/home/mk/dev_ws/install/whisper_util:/home/mk/dev_ws/install/voice_command_listener:/home/mk/dev_ws/install/whisper_idl:/home/mk/dev_ws/install/whisper_cpp_vendor:/home/mk/dev_ws/install/uf_ros_lib:/home/mk/dev_ws/install/rviz_servo_status_overlay:/home/mk/dev_ws/install/rviz_marker_static_scene_objects:/home/mk/dev_ws/install/robot_motion_handler_movegroup:/home/mk/dev_ws/install/realsense_gazebo_plugin:/home/mk/dev_ws/install/my_3d_vision_bringup:/home/mk/dev_ws/install/mbot_demo:/home/mk/dev_ws/install/gaze_control:/home/mk/dev_ws/install/collision_check:/opt/ros/humble CMAKE_PREFIX_PATH=/home/mk/dev_ws/install/whisper_server:/home/mk/dev_ws/install/whisper_util:/home/mk/dev_ws/install/whisper_idl:/home/mk/dev_ws/install/whisper_cpp_vendor:/home/mk/dev_ws/install/zed_ros2:/home/mk/dev_ws/install/zed_wrapper:/home/mk/dev_ws/install/zed_components:/home/mk/dev_ws/install/zed_interfaces:/home/mk/dev_ws/install/xarm_planner:/home/mk/dev_ws/install/xarm_moveit_servo:/home/mk/dev_ws/install/xarm_moveit_config:/home/mk/dev_ws/install/xarm_gazebo:/home/mk/dev_ws/install/xarm_controller:/home/mk/dev_ws/install/xarm_api:/home/mk/dev_ws/install/xarm_sdk:/home/mk/dev_ws/install/rviz_robot_control_panel:/home/mk/dev_ws/install/xarm_msgs:/home/mk/dev_ws/install/xarm_description:/home/mk/dev_ws/install/whisper_bringup:/home/mk/dev_ws/install/transcript_manager:/home/mk/dev_ws/install/realsense_gazebo_plugin:/home/mk/dev_ws/install/my_3d_vision_bringup:/home/mk/dev_ws/install/mbot_demo LD_LIBRARY_PATH=/home/mk/dev_ws/install/whisper_server/lib:/home/mk/dev_ws/install/whisper_util/lib:/home/mk/dev_ws/install/whisper_idl/lib:/home/mk/dev_ws/install/whisper_cpp_vendor/lib:/usr/local/cuda-12.1/lib64:/home/mk/dev_ws/install/zed_components/lib:/home/mk/dev_ws/install/zed_interfaces/lib:/home/mk/dev_ws/install/xarm_planner/lib:/home/mk/dev_ws/install/xarm_moveit_servo/lib:/home/mk/dev_ws/install/xarm_gazebo/lib:/home/mk/dev_ws/install/xarm_controller/lib:/home/mk/dev_ws/install/xarm_api/lib:/home/mk/dev_ws/install/xarm_sdk/lib:/home/mk/dev_ws/install/rviz_robot_control_panel/lib:/home/mk/dev_ws/install/xarm_msgs/lib:/home/mk/dev_ws/install/transcript_manager/lib:/home/mk/dev_ws/install/realsense_gazebo_plugin/lib:/home/mk/dev_ws/install/my_3d_vision_bringup/lib:/usr/lib/x86_64-linux-gnu/gazebo-11/plugins:/opt/ros/humble/opt/rviz_ogre_vendor/lib:/opt/ros/humble/lib/x86_64-linux-gnu:/opt/ros/humble/lib PYTHONPATH=/home/mk/dev_ws/build/whisper_demos/prefix_override:/usr/lib/python3/dist-packages/colcon_core/task/python/colcon_distutils_commands:/home/mk/dev_ws/install/whisper_demos/lib/python3.10/site-packages:/home/mk/dev_ws/build/audio_listener:/home/mk/dev_ws/install/audio_listener/lib/python3.10/site-packages:/home/mk/dev_ws/install/zed_interfaces/local/lib/python3.10/dist-packages:/home/mk/dev_ws/install/yolo_object_detector/lib/python3.10/site-packages:/home/mk/dev_ws/install/move_to_coordinator/lib/python3.10/site-packages:/home/mk/dev_ws/install/motion_sequence/lib/python3.10/site-packages:/home/mk/dev_ws/install/xarm_msgs/local/lib/python3.10/dist-packages:/home/mk/dev_ws/install/whisper_demos/lib/python3.10/site-packages:/home/mk/dev_ws/install/voice_command_listener/lib/python3.10/site-packages:/home/mk/dev_ws/install/whisper_idl/local/lib/python3.10/dist-packages:/home/mk/dev_ws/install/uf_ros_lib/lib/python3.10/site-packages:/home/mk/dev_ws/install/rviz_servo_status_overlay/lib/python3.10/site-packages:/home/mk/dev_ws/install/rviz_marker_static_scene_objects/lib/python3.10/site-packages:/home/mk/dev_ws/install/robot_motion_handler_movegroup/lib/python3.10/site-packages:/home/mk/dev_ws/install/my_3d_vision_bringup/local/lib/python3.10/dist-packages:/home/mk/dev_ws/install/gaze_control/lib/python3.10/site-packages:/home/mk/dev_ws/install/collision_check/lib/python3.10/site-packages:/opt/ros/humble/lib/python3.10/site-packages:/opt/ros/humble/local/lib/python3.10/dist-packages /usr/bin/python3 -W ignore:setup.py install is deprecated -W ignore:easy_install command is deprecated setup.py develop --editable --build-directory /home/mk/dev_ws/build/whisper_demos/build --no-deps symlink_data --force
[3.954s] INFO:colcon.colcon_core.shell:Creating environment descriptor '/home/mk/dev_ws/build/whisper_demos/share/whisper_demos/hook/pythonpath_develop.dsv'
[3.954s] INFO:colcon.colcon_core.shell:Creating environment hook '/home/mk/dev_ws/build/whisper_demos/share/whisper_demos/hook/pythonpath_develop.sh'
[3.954s] Level 1:colcon.colcon_core.environment:checking '/home/mk/dev_ws/install/whisper_demos' for CMake module files
[3.955s] Level 1:colcon.colcon_core.environment:checking '/home/mk/dev_ws/install/whisper_demos' for CMake config files
[3.955s] Level 1:colcon.colcon_core.environment:checking '/home/mk/dev_ws/install/whisper_demos/lib'
[3.955s] Level 1:colcon.colcon_core.environment:checking '/home/mk/dev_ws/install/whisper_demos/bin'
[3.955s] Level 1:colcon.colcon_core.environment:checking '/home/mk/dev_ws/install/whisper_demos/lib/pkgconfig/whisper_demos.pc'
[3.955s] Level 1:colcon.colcon_core.environment:checking '/home/mk/dev_ws/install/whisper_demos/lib/python3.10/site-packages'
[3.955s] Level 1:colcon.colcon_core.shell:create_environment_hook('whisper_demos', 'pythonpath')
[3.956s] INFO:colcon.colcon_core.shell:Creating environment hook '/home/mk/dev_ws/install/whisper_demos/share/whisper_demos/hook/pythonpath.ps1'
[3.956s] INFO:colcon.colcon_core.shell:Creating environment descriptor '/home/mk/dev_ws/install/whisper_demos/share/whisper_demos/hook/pythonpath.dsv'
[3.956s] INFO:colcon.colcon_core.shell:Creating environment hook '/home/mk/dev_ws/install/whisper_demos/share/whisper_demos/hook/pythonpath.sh'
[3.956s] Level 1:colcon.colcon_core.environment:checking '/home/mk/dev_ws/install/whisper_demos/bin'
[3.956s] Level 1:colcon.colcon_core.environment:create_environment_scripts_only(whisper_demos)
[3.957s] INFO:colcon.colcon_core.shell:Creating package script '/home/mk/dev_ws/install/whisper_demos/share/whisper_demos/package.ps1'
[3.957s] INFO:colcon.colcon_core.shell:Creating package descriptor '/home/mk/dev_ws/install/whisper_demos/share/whisper_demos/package.dsv'
[3.957s] INFO:colcon.colcon_core.shell:Creating package script '/home/mk/dev_ws/install/whisper_demos/share/whisper_demos/package.sh'
[3.958s] INFO:colcon.colcon_core.shell:Creating package script '/home/mk/dev_ws/install/whisper_demos/share/whisper_demos/package.bash'
[3.958s] INFO:colcon.colcon_core.shell:Creating package script '/home/mk/dev_ws/install/whisper_demos/share/whisper_demos/package.zsh'
[3.958s] Level 1:colcon.colcon_core.environment:create_file_with_runtime_dependencies(/home/mk/dev_ws/install/whisper_demos/share/colcon-core/packages/whisper_demos)
[4.244s] DEBUG:colcon.colcon_core.event_handler.log_command:Invoked command in '/home/mk/dev_ws/build/xarm_gazebo' returned '0': AMENT_PREFIX_PATH=/home/mk/dev_ws/install/uf_ros_lib:/home/mk/dev_ws/install/zed_ros2:/home/mk/dev_ws/install/zed_wrapper:/home/mk/dev_ws/install/zed_components:/home/mk/dev_ws/install/zed_interfaces:/home/mk/dev_ws/install/yolo_object_detector:/home/mk/dev_ws/install/xarm_planner:/home/mk/dev_ws/install/xarm_moveit_servo:/home/mk/dev_ws/install/xarm_moveit_config:/home/mk/dev_ws/install/xarm_gazebo:/home/mk/dev_ws/install/xarm_controller:/home/mk/dev_ws/install/xarm_api:/home/mk/dev_ws/install/xarm_sdk:/home/mk/dev_ws/install/rviz_robot_control_panel:/home/mk/dev_ws/install/move_to_coordinator:/home/mk/dev_ws/install/motion_sequence:/home/mk/dev_ws/install/xarm_msgs:/home/mk/dev_ws/install/xarm_description:/home/mk/dev_ws/install/whisper_demos:/home/mk/dev_ws/install/whisper_bringup:/home/mk/dev_ws/install/whisper_server:/home/mk/dev_ws/install/transcript_manager:/home/mk/dev_ws/install/whisper_util:/home/mk/dev_ws/install/voice_command_listener:/home/mk/dev_ws/install/whisper_idl:/home/mk/dev_ws/install/whisper_cpp_vendor:/home/mk/dev_ws/install/rviz_servo_status_overlay:/home/mk/dev_ws/install/rviz_marker_static_scene_objects:/home/mk/dev_ws/install/robot_motion_handler_movegroup:/home/mk/dev_ws/install/realsense_gazebo_plugin:/home/mk/dev_ws/install/my_3d_vision_bringup:/home/mk/dev_ws/install/mbot_demo:/home/mk/dev_ws/install/gaze_control:/home/mk/dev_ws/install/collision_check:/home/mk/dev_ws/install/audio_listener:/opt/ros/humble CMAKE_PREFIX_PATH=/home/mk/dev_ws/install/xarm_controller:/home/mk/dev_ws/install/xarm_api:/home/mk/dev_ws/install/xarm_sdk:/home/mk/dev_ws/install/xarm_msgs:/home/mk/dev_ws/install/xarm_description:/home/mk/dev_ws/install/zed_ros2:/home/mk/dev_ws/install/zed_wrapper:/home/mk/dev_ws/install/zed_components:/home/mk/dev_ws/install/zed_interfaces:/home/mk/dev_ws/install/xarm_planner:/home/mk/dev_ws/install/xarm_moveit_servo:/home/mk/dev_ws/install/xarm_moveit_config:/home/mk/dev_ws/install/xarm_gazebo:/home/mk/dev_ws/install/rviz_robot_control_panel:/home/mk/dev_ws/install/whisper_bringup:/home/mk/dev_ws/install/whisper_server:/home/mk/dev_ws/install/transcript_manager:/home/mk/dev_ws/install/whisper_util:/home/mk/dev_ws/install/whisper_idl:/home/mk/dev_ws/install/whisper_cpp_vendor:/home/mk/dev_ws/install/realsense_gazebo_plugin:/home/mk/dev_ws/install/my_3d_vision_bringup:/home/mk/dev_ws/install/mbot_demo:/home/mk/dev_ws/install/yolo_object_detector:/home/mk/dev_ws/install/move_to_coordinator:/home/mk/dev_ws/install/motion_sequence:/home/mk/dev_ws/install/whisper_demos:/home/mk/dev_ws/install/voice_command_listener:/home/mk/dev_ws/install/uf_ros_lib:/home/mk/dev_ws/install/rviz_servo_status_overlay:/home/mk/dev_ws/install/rviz_marker_static_scene_objects:/home/mk/dev_ws/install/robot_motion_handler_movegroup:/home/mk/dev_ws/install/gaze_control:/home/mk/dev_ws/install/collision_check:/home/mk/dev_ws/install/audio_listener:/opt/ros/humble LD_LIBRARY_PATH=/home/mk/dev_ws/install/xarm_controller/lib:/home/mk/dev_ws/install/xarm_api/lib:/home/mk/dev_ws/install/xarm_sdk/lib:/home/mk/dev_ws/install/xarm_msgs/lib:/usr/local/cuda-12.1/lib64:/home/mk/dev_ws/install/zed_components/lib:/home/mk/dev_ws/install/zed_interfaces/lib:/home/mk/dev_ws/install/xarm_planner/lib:/home/mk/dev_ws/install/xarm_moveit_servo/lib:/home/mk/dev_ws/install/xarm_gazebo/lib:/home/mk/dev_ws/install/rviz_robot_control_panel/lib:/home/mk/dev_ws/install/whisper_server/lib:/home/mk/dev_ws/install/transcript_manager/lib:/home/mk/dev_ws/install/whisper_util/lib:/home/mk/dev_ws/install/whisper_idl/lib:/home/mk/dev_ws/install/whisper_cpp_vendor/lib:/home/mk/dev_ws/install/realsense_gazebo_plugin/lib:/home/mk/dev_ws/install/my_3d_vision_bringup/lib:/usr/lib/x86_64-linux-gnu/gazebo-11/plugins:/opt/ros/humble/opt/rviz_ogre_vendor/lib:/opt/ros/humble/lib/x86_64-linux-gnu:/opt/ros/humble/lib PYTHONPATH=/home/mk/dev_ws/build/uf_ros_lib:/home/mk/dev_ws/install/uf_ros_lib/lib/python3.10/site-packages:/home/mk/dev_ws/install/zed_interfaces/local/lib/python3.10/dist-packages:/home/mk/dev_ws/install/yolo_object_detector/lib/python3.10/site-packages:/home/mk/dev_ws/install/move_to_coordinator/lib/python3.10/site-packages:/home/mk/dev_ws/install/motion_sequence/lib/python3.10/site-packages:/home/mk/dev_ws/install/xarm_msgs/local/lib/python3.10/dist-packages:/home/mk/dev_ws/install/whisper_demos/lib/python3.10/site-packages:/home/mk/dev_ws/install/voice_command_listener/lib/python3.10/site-packages:/home/mk/dev_ws/install/whisper_idl/local/lib/python3.10/dist-packages:/home/mk/dev_ws/install/rviz_servo_status_overlay/lib/python3.10/site-packages:/home/mk/dev_ws/install/rviz_marker_static_scene_objects/lib/python3.10/site-packages:/home/mk/dev_ws/install/robot_motion_handler_movegroup/lib/python3.10/site-packages:/home/mk/dev_ws/install/my_3d_vision_bringup/local/lib/python3.10/dist-packages:/home/mk/dev_ws/install/gaze_control/lib/python3.10/site-packages:/home/mk/dev_ws/install/collision_check/lib/python3.10/site-packages:/home/mk/dev_ws/install/audio_listener/lib/python3.10/site-packages:/opt/ros/humble/lib/python3.10/site-packages:/opt/ros/humble/local/lib/python3.10/dist-packages /usr/bin/cmake /home/mk/dev_ws/src/xarm_ros2/xarm_gazebo -DAMENT_CMAKE_SYMLINK_INSTALL=1 -DCMAKE_INSTALL_PREFIX=/home/mk/dev_ws/install/xarm_gazebo
[4.244s] DEBUG:colcon.colcon_core.event_handler.log_command:Invoking command in '/home/mk/dev_ws/build/xarm_gazebo': AMENT_PREFIX_PATH=/home/mk/dev_ws/install/uf_ros_lib:/home/mk/dev_ws/install/zed_ros2:/home/mk/dev_ws/install/zed_wrapper:/home/mk/dev_ws/install/zed_components:/home/mk/dev_ws/install/zed_interfaces:/home/mk/dev_ws/install/yolo_object_detector:/home/mk/dev_ws/install/xarm_planner:/home/mk/dev_ws/install/xarm_moveit_servo:/home/mk/dev_ws/install/xarm_moveit_config:/home/mk/dev_ws/install/xarm_gazebo:/home/mk/dev_ws/install/xarm_controller:/home/mk/dev_ws/install/xarm_api:/home/mk/dev_ws/install/xarm_sdk:/home/mk/dev_ws/install/rviz_robot_control_panel:/home/mk/dev_ws/install/move_to_coordinator:/home/mk/dev_ws/install/motion_sequence:/home/mk/dev_ws/install/xarm_msgs:/home/mk/dev_ws/install/xarm_description:/home/mk/dev_ws/install/whisper_demos:/home/mk/dev_ws/install/whisper_bringup:/home/mk/dev_ws/install/whisper_server:/home/mk/dev_ws/install/transcript_manager:/home/mk/dev_ws/install/whisper_util:/home/mk/dev_ws/install/voice_command_listener:/home/mk/dev_ws/install/whisper_idl:/home/mk/dev_ws/install/whisper_cpp_vendor:/home/mk/dev_ws/install/rviz_servo_status_overlay:/home/mk/dev_ws/install/rviz_marker_static_scene_objects:/home/mk/dev_ws/install/robot_motion_handler_movegroup:/home/mk/dev_ws/install/realsense_gazebo_plugin:/home/mk/dev_ws/install/my_3d_vision_bringup:/home/mk/dev_ws/install/mbot_demo:/home/mk/dev_ws/install/gaze_control:/home/mk/dev_ws/install/collision_check:/home/mk/dev_ws/install/audio_listener:/opt/ros/humble CMAKE_PREFIX_PATH=/home/mk/dev_ws/install/xarm_controller:/home/mk/dev_ws/install/xarm_api:/home/mk/dev_ws/install/xarm_sdk:/home/mk/dev_ws/install/xarm_msgs:/home/mk/dev_ws/install/xarm_description:/home/mk/dev_ws/install/zed_ros2:/home/mk/dev_ws/install/zed_wrapper:/home/mk/dev_ws/install/zed_components:/home/mk/dev_ws/install/zed_interfaces:/home/mk/dev_ws/install/xarm_planner:/home/mk/dev_ws/install/xarm_moveit_servo:/home/mk/dev_ws/install/xarm_moveit_config:/home/mk/dev_ws/install/xarm_gazebo:/home/mk/dev_ws/install/rviz_robot_control_panel:/home/mk/dev_ws/install/whisper_bringup:/home/mk/dev_ws/install/whisper_server:/home/mk/dev_ws/install/transcript_manager:/home/mk/dev_ws/install/whisper_util:/home/mk/dev_ws/install/whisper_idl:/home/mk/dev_ws/install/whisper_cpp_vendor:/home/mk/dev_ws/install/realsense_gazebo_plugin:/home/mk/dev_ws/install/my_3d_vision_bringup:/home/mk/dev_ws/install/mbot_demo:/home/mk/dev_ws/install/yolo_object_detector:/home/mk/dev_ws/install/move_to_coordinator:/home/mk/dev_ws/install/motion_sequence:/home/mk/dev_ws/install/whisper_demos:/home/mk/dev_ws/install/voice_command_listener:/home/mk/dev_ws/install/uf_ros_lib:/home/mk/dev_ws/install/rviz_servo_status_overlay:/home/mk/dev_ws/install/rviz_marker_static_scene_objects:/home/mk/dev_ws/install/robot_motion_handler_movegroup:/home/mk/dev_ws/install/gaze_control:/home/mk/dev_ws/install/collision_check:/home/mk/dev_ws/install/audio_listener:/opt/ros/humble LD_LIBRARY_PATH=/home/mk/dev_ws/install/xarm_controller/lib:/home/mk/dev_ws/install/xarm_api/lib:/home/mk/dev_ws/install/xarm_sdk/lib:/home/mk/dev_ws/install/xarm_msgs/lib:/usr/local/cuda-12.1/lib64:/home/mk/dev_ws/install/zed_components/lib:/home/mk/dev_ws/install/zed_interfaces/lib:/home/mk/dev_ws/install/xarm_planner/lib:/home/mk/dev_ws/install/xarm_moveit_servo/lib:/home/mk/dev_ws/install/xarm_gazebo/lib:/home/mk/dev_ws/install/rviz_robot_control_panel/lib:/home/mk/dev_ws/install/whisper_server/lib:/home/mk/dev_ws/install/transcript_manager/lib:/home/mk/dev_ws/install/whisper_util/lib:/home/mk/dev_ws/install/whisper_idl/lib:/home/mk/dev_ws/install/whisper_cpp_vendor/lib:/home/mk/dev_ws/install/realsense_gazebo_plugin/lib:/home/mk/dev_ws/install/my_3d_vision_bringup/lib:/usr/lib/x86_64-linux-gnu/gazebo-11/plugins:/opt/ros/humble/opt/rviz_ogre_vendor/lib:/opt/ros/humble/lib/x86_64-linux-gnu:/opt/ros/humble/lib PYTHONPATH=/home/mk/dev_ws/build/uf_ros_lib:/home/mk/dev_ws/install/uf_ros_lib/lib/python3.10/site-packages:/home/mk/dev_ws/install/zed_interfaces/local/lib/python3.10/dist-packages:/home/mk/dev_ws/install/yolo_object_detector/lib/python3.10/site-packages:/home/mk/dev_ws/install/move_to_coordinator/lib/python3.10/site-packages:/home/mk/dev_ws/install/motion_sequence/lib/python3.10/site-packages:/home/mk/dev_ws/install/xarm_msgs/local/lib/python3.10/dist-packages:/home/mk/dev_ws/install/whisper_demos/lib/python3.10/site-packages:/home/mk/dev_ws/install/voice_command_listener/lib/python3.10/site-packages:/home/mk/dev_ws/install/whisper_idl/local/lib/python3.10/dist-packages:/home/mk/dev_ws/install/rviz_servo_status_overlay/lib/python3.10/site-packages:/home/mk/dev_ws/install/rviz_marker_static_scene_objects/lib/python3.10/site-packages:/home/mk/dev_ws/install/robot_motion_handler_movegroup/lib/python3.10/site-packages:/home/mk/dev_ws/install/my_3d_vision_bringup/local/lib/python3.10/dist-packages:/home/mk/dev_ws/install/gaze_control/lib/python3.10/site-packages:/home/mk/dev_ws/install/collision_check/lib/python3.10/site-packages:/home/mk/dev_ws/install/audio_listener/lib/python3.10/site-packages:/opt/ros/humble/lib/python3.10/site-packages:/opt/ros/humble/local/lib/python3.10/dist-packages /usr/bin/cmake --build /home/mk/dev_ws/build/xarm_gazebo -- -j20 -l20
[4.302s] DEBUG:colcon.colcon_core.event_handler.log_command:Invoked command in '/home/mk/dev_ws/build/xarm_gazebo' returned '0': AMENT_PREFIX_PATH=/home/mk/dev_ws/install/uf_ros_lib:/home/mk/dev_ws/install/zed_ros2:/home/mk/dev_ws/install/zed_wrapper:/home/mk/dev_ws/install/zed_components:/home/mk/dev_ws/install/zed_interfaces:/home/mk/dev_ws/install/yolo_object_detector:/home/mk/dev_ws/install/xarm_planner:/home/mk/dev_ws/install/xarm_moveit_servo:/home/mk/dev_ws/install/xarm_moveit_config:/home/mk/dev_ws/install/xarm_gazebo:/home/mk/dev_ws/install/xarm_controller:/home/mk/dev_ws/install/xarm_api:/home/mk/dev_ws/install/xarm_sdk:/home/mk/dev_ws/install/rviz_robot_control_panel:/home/mk/dev_ws/install/move_to_coordinator:/home/mk/dev_ws/install/motion_sequence:/home/mk/dev_ws/install/xarm_msgs:/home/mk/dev_ws/install/xarm_description:/home/mk/dev_ws/install/whisper_demos:/home/mk/dev_ws/install/whisper_bringup:/home/mk/dev_ws/install/whisper_server:/home/mk/dev_ws/install/transcript_manager:/home/mk/dev_ws/install/whisper_util:/home/mk/dev_ws/install/voice_command_listener:/home/mk/dev_ws/install/whisper_idl:/home/mk/dev_ws/install/whisper_cpp_vendor:/home/mk/dev_ws/install/rviz_servo_status_overlay:/home/mk/dev_ws/install/rviz_marker_static_scene_objects:/home/mk/dev_ws/install/robot_motion_handler_movegroup:/home/mk/dev_ws/install/realsense_gazebo_plugin:/home/mk/dev_ws/install/my_3d_vision_bringup:/home/mk/dev_ws/install/mbot_demo:/home/mk/dev_ws/install/gaze_control:/home/mk/dev_ws/install/collision_check:/home/mk/dev_ws/install/audio_listener:/opt/ros/humble CMAKE_PREFIX_PATH=/home/mk/dev_ws/install/xarm_controller:/home/mk/dev_ws/install/xarm_api:/home/mk/dev_ws/install/xarm_sdk:/home/mk/dev_ws/install/xarm_msgs:/home/mk/dev_ws/install/xarm_description:/home/mk/dev_ws/install/zed_ros2:/home/mk/dev_ws/install/zed_wrapper:/home/mk/dev_ws/install/zed_components:/home/mk/dev_ws/install/zed_interfaces:/home/mk/dev_ws/install/xarm_planner:/home/mk/dev_ws/install/xarm_moveit_servo:/home/mk/dev_ws/install/xarm_moveit_config:/home/mk/dev_ws/install/xarm_gazebo:/home/mk/dev_ws/install/rviz_robot_control_panel:/home/mk/dev_ws/install/whisper_bringup:/home/mk/dev_ws/install/whisper_server:/home/mk/dev_ws/install/transcript_manager:/home/mk/dev_ws/install/whisper_util:/home/mk/dev_ws/install/whisper_idl:/home/mk/dev_ws/install/whisper_cpp_vendor:/home/mk/dev_ws/install/realsense_gazebo_plugin:/home/mk/dev_ws/install/my_3d_vision_bringup:/home/mk/dev_ws/install/mbot_demo:/home/mk/dev_ws/install/yolo_object_detector:/home/mk/dev_ws/install/move_to_coordinator:/home/mk/dev_ws/install/motion_sequence:/home/mk/dev_ws/install/whisper_demos:/home/mk/dev_ws/install/voice_command_listener:/home/mk/dev_ws/install/uf_ros_lib:/home/mk/dev_ws/install/rviz_servo_status_overlay:/home/mk/dev_ws/install/rviz_marker_static_scene_objects:/home/mk/dev_ws/install/robot_motion_handler_movegroup:/home/mk/dev_ws/install/gaze_control:/home/mk/dev_ws/install/collision_check:/home/mk/dev_ws/install/audio_listener:/opt/ros/humble LD_LIBRARY_PATH=/home/mk/dev_ws/install/xarm_controller/lib:/home/mk/dev_ws/install/xarm_api/lib:/home/mk/dev_ws/install/xarm_sdk/lib:/home/mk/dev_ws/install/xarm_msgs/lib:/usr/local/cuda-12.1/lib64:/home/mk/dev_ws/install/zed_components/lib:/home/mk/dev_ws/install/zed_interfaces/lib:/home/mk/dev_ws/install/xarm_planner/lib:/home/mk/dev_ws/install/xarm_moveit_servo/lib:/home/mk/dev_ws/install/xarm_gazebo/lib:/home/mk/dev_ws/install/rviz_robot_control_panel/lib:/home/mk/dev_ws/install/whisper_server/lib:/home/mk/dev_ws/install/transcript_manager/lib:/home/mk/dev_ws/install/whisper_util/lib:/home/mk/dev_ws/install/whisper_idl/lib:/home/mk/dev_ws/install/whisper_cpp_vendor/lib:/home/mk/dev_ws/install/realsense_gazebo_plugin/lib:/home/mk/dev_ws/install/my_3d_vision_bringup/lib:/usr/lib/x86_64-linux-gnu/gazebo-11/plugins:/opt/ros/humble/opt/rviz_ogre_vendor/lib:/opt/ros/humble/lib/x86_64-linux-gnu:/opt/ros/humble/lib PYTHONPATH=/home/mk/dev_ws/build/uf_ros_lib:/home/mk/dev_ws/install/uf_ros_lib/lib/python3.10/site-packages:/home/mk/dev_ws/install/zed_interfaces/local/lib/python3.10/dist-packages:/home/mk/dev_ws/install/yolo_object_detector/lib/python3.10/site-packages:/home/mk/dev_ws/install/move_to_coordinator/lib/python3.10/site-packages:/home/mk/dev_ws/install/motion_sequence/lib/python3.10/site-packages:/home/mk/dev_ws/install/xarm_msgs/local/lib/python3.10/dist-packages:/home/mk/dev_ws/install/whisper_demos/lib/python3.10/site-packages:/home/mk/dev_ws/install/voice_command_listener/lib/python3.10/site-packages:/home/mk/dev_ws/install/whisper_idl/local/lib/python3.10/dist-packages:/home/mk/dev_ws/install/rviz_servo_status_overlay/lib/python3.10/site-packages:/home/mk/dev_ws/install/rviz_marker_static_scene_objects/lib/python3.10/site-packages:/home/mk/dev_ws/install/robot_motion_handler_movegroup/lib/python3.10/site-packages:/home/mk/dev_ws/install/my_3d_vision_bringup/local/lib/python3.10/dist-packages:/home/mk/dev_ws/install/gaze_control/lib/python3.10/site-packages:/home/mk/dev_ws/install/collision_check/lib/python3.10/site-packages:/home/mk/dev_ws/install/audio_listener/lib/python3.10/site-packages:/opt/ros/humble/lib/python3.10/site-packages:/opt/ros/humble/local/lib/python3.10/dist-packages /usr/bin/cmake --build /home/mk/dev_ws/build/xarm_gazebo -- -j20 -l20
[4.304s] DEBUG:colcon.colcon_core.event_handler.log_command:Invoking command in '/home/mk/dev_ws/build/xarm_gazebo': AMENT_PREFIX_PATH=/home/mk/dev_ws/install/uf_ros_lib:/home/mk/dev_ws/install/zed_ros2:/home/mk/dev_ws/install/zed_wrapper:/home/mk/dev_ws/install/zed_components:/home/mk/dev_ws/install/zed_interfaces:/home/mk/dev_ws/install/yolo_object_detector:/home/mk/dev_ws/install/xarm_planner:/home/mk/dev_ws/install/xarm_moveit_servo:/home/mk/dev_ws/install/xarm_moveit_config:/home/mk/dev_ws/install/xarm_gazebo:/home/mk/dev_ws/install/xarm_controller:/home/mk/dev_ws/install/xarm_api:/home/mk/dev_ws/install/xarm_sdk:/home/mk/dev_ws/install/rviz_robot_control_panel:/home/mk/dev_ws/install/move_to_coordinator:/home/mk/dev_ws/install/motion_sequence:/home/mk/dev_ws/install/xarm_msgs:/home/mk/dev_ws/install/xarm_description:/home/mk/dev_ws/install/whisper_demos:/home/mk/dev_ws/install/whisper_bringup:/home/mk/dev_ws/install/whisper_server:/home/mk/dev_ws/install/transcript_manager:/home/mk/dev_ws/install/whisper_util:/home/mk/dev_ws/install/voice_command_listener:/home/mk/dev_ws/install/whisper_idl:/home/mk/dev_ws/install/whisper_cpp_vendor:/home/mk/dev_ws/install/rviz_servo_status_overlay:/home/mk/dev_ws/install/rviz_marker_static_scene_objects:/home/mk/dev_ws/install/robot_motion_handler_movegroup:/home/mk/dev_ws/install/realsense_gazebo_plugin:/home/mk/dev_ws/install/my_3d_vision_bringup:/home/mk/dev_ws/install/mbot_demo:/home/mk/dev_ws/install/gaze_control:/home/mk/dev_ws/install/collision_check:/home/mk/dev_ws/install/audio_listener:/opt/ros/humble CMAKE_PREFIX_PATH=/home/mk/dev_ws/install/xarm_controller:/home/mk/dev_ws/install/xarm_api:/home/mk/dev_ws/install/xarm_sdk:/home/mk/dev_ws/install/xarm_msgs:/home/mk/dev_ws/install/xarm_description:/home/mk/dev_ws/install/zed_ros2:/home/mk/dev_ws/install/zed_wrapper:/home/mk/dev_ws/install/zed_components:/home/mk/dev_ws/install/zed_interfaces:/home/mk/dev_ws/install/xarm_planner:/home/mk/dev_ws/install/xarm_moveit_servo:/home/mk/dev_ws/install/xarm_moveit_config:/home/mk/dev_ws/install/xarm_gazebo:/home/mk/dev_ws/install/rviz_robot_control_panel:/home/mk/dev_ws/install/whisper_bringup:/home/mk/dev_ws/install/whisper_server:/home/mk/dev_ws/install/transcript_manager:/home/mk/dev_ws/install/whisper_util:/home/mk/dev_ws/install/whisper_idl:/home/mk/dev_ws/install/whisper_cpp_vendor:/home/mk/dev_ws/install/realsense_gazebo_plugin:/home/mk/dev_ws/install/my_3d_vision_bringup:/home/mk/dev_ws/install/mbot_demo:/home/mk/dev_ws/install/yolo_object_detector:/home/mk/dev_ws/install/move_to_coordinator:/home/mk/dev_ws/install/motion_sequence:/home/mk/dev_ws/install/whisper_demos:/home/mk/dev_ws/install/voice_command_listener:/home/mk/dev_ws/install/uf_ros_lib:/home/mk/dev_ws/install/rviz_servo_status_overlay:/home/mk/dev_ws/install/rviz_marker_static_scene_objects:/home/mk/dev_ws/install/robot_motion_handler_movegroup:/home/mk/dev_ws/install/gaze_control:/home/mk/dev_ws/install/collision_check:/home/mk/dev_ws/install/audio_listener:/opt/ros/humble LD_LIBRARY_PATH=/home/mk/dev_ws/install/xarm_controller/lib:/home/mk/dev_ws/install/xarm_api/lib:/home/mk/dev_ws/install/xarm_sdk/lib:/home/mk/dev_ws/install/xarm_msgs/lib:/usr/local/cuda-12.1/lib64:/home/mk/dev_ws/install/zed_components/lib:/home/mk/dev_ws/install/zed_interfaces/lib:/home/mk/dev_ws/install/xarm_planner/lib:/home/mk/dev_ws/install/xarm_moveit_servo/lib:/home/mk/dev_ws/install/xarm_gazebo/lib:/home/mk/dev_ws/install/rviz_robot_control_panel/lib:/home/mk/dev_ws/install/whisper_server/lib:/home/mk/dev_ws/install/transcript_manager/lib:/home/mk/dev_ws/install/whisper_util/lib:/home/mk/dev_ws/install/whisper_idl/lib:/home/mk/dev_ws/install/whisper_cpp_vendor/lib:/home/mk/dev_ws/install/realsense_gazebo_plugin/lib:/home/mk/dev_ws/install/my_3d_vision_bringup/lib:/usr/lib/x86_64-linux-gnu/gazebo-11/plugins:/opt/ros/humble/opt/rviz_ogre_vendor/lib:/opt/ros/humble/lib/x86_64-linux-gnu:/opt/ros/humble/lib PYTHONPATH=/home/mk/dev_ws/build/uf_ros_lib:/home/mk/dev_ws/install/uf_ros_lib/lib/python3.10/site-packages:/home/mk/dev_ws/install/zed_interfaces/local/lib/python3.10/dist-packages:/home/mk/dev_ws/install/yolo_object_detector/lib/python3.10/site-packages:/home/mk/dev_ws/install/move_to_coordinator/lib/python3.10/site-packages:/home/mk/dev_ws/install/motion_sequence/lib/python3.10/site-packages:/home/mk/dev_ws/install/xarm_msgs/local/lib/python3.10/dist-packages:/home/mk/dev_ws/install/whisper_demos/lib/python3.10/site-packages:/home/mk/dev_ws/install/voice_command_listener/lib/python3.10/site-packages:/home/mk/dev_ws/install/whisper_idl/local/lib/python3.10/dist-packages:/home/mk/dev_ws/install/rviz_servo_status_overlay/lib/python3.10/site-packages:/home/mk/dev_ws/install/rviz_marker_static_scene_objects/lib/python3.10/site-packages:/home/mk/dev_ws/install/robot_motion_handler_movegroup/lib/python3.10/site-packages:/home/mk/dev_ws/install/my_3d_vision_bringup/local/lib/python3.10/dist-packages:/home/mk/dev_ws/install/gaze_control/lib/python3.10/site-packages:/home/mk/dev_ws/install/collision_check/lib/python3.10/site-packages:/home/mk/dev_ws/install/audio_listener/lib/python3.10/site-packages:/opt/ros/humble/lib/python3.10/site-packages:/opt/ros/humble/local/lib/python3.10/dist-packages /usr/bin/cmake --install /home/mk/dev_ws/build/xarm_gazebo
[4.315s] Level 1:colcon.colcon_core.environment:create_environment_scripts_only(xarm_gazebo)
[4.315s] Level 1:colcon.colcon_core.environment:checking '/home/mk/dev_ws/install/xarm_gazebo' for CMake module files
[4.316s] DEBUG:colcon.colcon_core.event_handler.log_command:Invoked command in '/home/mk/dev_ws/build/xarm_gazebo' returned '0': AMENT_PREFIX_PATH=/home/mk/dev_ws/install/uf_ros_lib:/home/mk/dev_ws/install/zed_ros2:/home/mk/dev_ws/install/zed_wrapper:/home/mk/dev_ws/install/zed_components:/home/mk/dev_ws/install/zed_interfaces:/home/mk/dev_ws/install/yolo_object_detector:/home/mk/dev_ws/install/xarm_planner:/home/mk/dev_ws/install/xarm_moveit_servo:/home/mk/dev_ws/install/xarm_moveit_config:/home/mk/dev_ws/install/xarm_gazebo:/home/mk/dev_ws/install/xarm_controller:/home/mk/dev_ws/install/xarm_api:/home/mk/dev_ws/install/xarm_sdk:/home/mk/dev_ws/install/rviz_robot_control_panel:/home/mk/dev_ws/install/move_to_coordinator:/home/mk/dev_ws/install/motion_sequence:/home/mk/dev_ws/install/xarm_msgs:/home/mk/dev_ws/install/xarm_description:/home/mk/dev_ws/install/whisper_demos:/home/mk/dev_ws/install/whisper_bringup:/home/mk/dev_ws/install/whisper_server:/home/mk/dev_ws/install/transcript_manager:/home/mk/dev_ws/install/whisper_util:/home/mk/dev_ws/install/voice_command_listener:/home/mk/dev_ws/install/whisper_idl:/home/mk/dev_ws/install/whisper_cpp_vendor:/home/mk/dev_ws/install/rviz_servo_status_overlay:/home/mk/dev_ws/install/rviz_marker_static_scene_objects:/home/mk/dev_ws/install/robot_motion_handler_movegroup:/home/mk/dev_ws/install/realsense_gazebo_plugin:/home/mk/dev_ws/install/my_3d_vision_bringup:/home/mk/dev_ws/install/mbot_demo:/home/mk/dev_ws/install/gaze_control:/home/mk/dev_ws/install/collision_check:/home/mk/dev_ws/install/audio_listener:/opt/ros/humble CMAKE_PREFIX_PATH=/home/mk/dev_ws/install/xarm_controller:/home/mk/dev_ws/install/xarm_api:/home/mk/dev_ws/install/xarm_sdk:/home/mk/dev_ws/install/xarm_msgs:/home/mk/dev_ws/install/xarm_description:/home/mk/dev_ws/install/zed_ros2:/home/mk/dev_ws/install/zed_wrapper:/home/mk/dev_ws/install/zed_components:/home/mk/dev_ws/install/zed_interfaces:/home/mk/dev_ws/install/xarm_planner:/home/mk/dev_ws/install/xarm_moveit_servo:/home/mk/dev_ws/install/xarm_moveit_config:/home/mk/dev_ws/install/xarm_gazebo:/home/mk/dev_ws/install/rviz_robot_control_panel:/home/mk/dev_ws/install/whisper_bringup:/home/mk/dev_ws/install/whisper_server:/home/mk/dev_ws/install/transcript_manager:/home/mk/dev_ws/install/whisper_util:/home/mk/dev_ws/install/whisper_idl:/home/mk/dev_ws/install/whisper_cpp_vendor:/home/mk/dev_ws/install/realsense_gazebo_plugin:/home/mk/dev_ws/install/my_3d_vision_bringup:/home/mk/dev_ws/install/mbot_demo:/home/mk/dev_ws/install/yolo_object_detector:/home/mk/dev_ws/install/move_to_coordinator:/home/mk/dev_ws/install/motion_sequence:/home/mk/dev_ws/install/whisper_demos:/home/mk/dev_ws/install/voice_command_listener:/home/mk/dev_ws/install/uf_ros_lib:/home/mk/dev_ws/install/rviz_servo_status_overlay:/home/mk/dev_ws/install/rviz_marker_static_scene_objects:/home/mk/dev_ws/install/robot_motion_handler_movegroup:/home/mk/dev_ws/install/gaze_control:/home/mk/dev_ws/install/collision_check:/home/mk/dev_ws/install/audio_listener:/opt/ros/humble LD_LIBRARY_PATH=/home/mk/dev_ws/install/xarm_controller/lib:/home/mk/dev_ws/install/xarm_api/lib:/home/mk/dev_ws/install/xarm_sdk/lib:/home/mk/dev_ws/install/xarm_msgs/lib:/usr/local/cuda-12.1/lib64:/home/mk/dev_ws/install/zed_components/lib:/home/mk/dev_ws/install/zed_interfaces/lib:/home/mk/dev_ws/install/xarm_planner/lib:/home/mk/dev_ws/install/xarm_moveit_servo/lib:/home/mk/dev_ws/install/xarm_gazebo/lib:/home/mk/dev_ws/install/rviz_robot_control_panel/lib:/home/mk/dev_ws/install/whisper_server/lib:/home/mk/dev_ws/install/transcript_manager/lib:/home/mk/dev_ws/install/whisper_util/lib:/home/mk/dev_ws/install/whisper_idl/lib:/home/mk/dev_ws/install/whisper_cpp_vendor/lib:/home/mk/dev_ws/install/realsense_gazebo_plugin/lib:/home/mk/dev_ws/install/my_3d_vision_bringup/lib:/usr/lib/x86_64-linux-gnu/gazebo-11/plugins:/opt/ros/humble/opt/rviz_ogre_vendor/lib:/opt/ros/humble/lib/x86_64-linux-gnu:/opt/ros/humble/lib PYTHONPATH=/home/mk/dev_ws/build/uf_ros_lib:/home/mk/dev_ws/install/uf_ros_lib/lib/python3.10/site-packages:/home/mk/dev_ws/install/zed_interfaces/local/lib/python3.10/dist-packages:/home/mk/dev_ws/install/yolo_object_detector/lib/python3.10/site-packages:/home/mk/dev_ws/install/move_to_coordinator/lib/python3.10/site-packages:/home/mk/dev_ws/install/motion_sequence/lib/python3.10/site-packages:/home/mk/dev_ws/install/xarm_msgs/local/lib/python3.10/dist-packages:/home/mk/dev_ws/install/whisper_demos/lib/python3.10/site-packages:/home/mk/dev_ws/install/voice_command_listener/lib/python3.10/site-packages:/home/mk/dev_ws/install/whisper_idl/local/lib/python3.10/dist-packages:/home/mk/dev_ws/install/rviz_servo_status_overlay/lib/python3.10/site-packages:/home/mk/dev_ws/install/rviz_marker_static_scene_objects/lib/python3.10/site-packages:/home/mk/dev_ws/install/robot_motion_handler_movegroup/lib/python3.10/site-packages:/home/mk/dev_ws/install/my_3d_vision_bringup/local/lib/python3.10/dist-packages:/home/mk/dev_ws/install/gaze_control/lib/python3.10/site-packages:/home/mk/dev_ws/install/collision_check/lib/python3.10/site-packages:/home/mk/dev_ws/install/audio_listener/lib/python3.10/site-packages:/opt/ros/humble/lib/python3.10/site-packages:/opt/ros/humble/local/lib/python3.10/dist-packages /usr/bin/cmake --install /home/mk/dev_ws/build/xarm_gazebo
[4.316s] Level 1:colcon.colcon_core.environment:checking '/home/mk/dev_ws/install/xarm_gazebo' for CMake config files
[4.316s] Level 1:colcon.colcon_core.shell:create_environment_hook('xarm_gazebo', 'cmake_prefix_path')
[4.316s] INFO:colcon.colcon_core.shell:Creating environment hook '/home/mk/dev_ws/install/xarm_gazebo/share/xarm_gazebo/hook/cmake_prefix_path.ps1'
[4.316s] INFO:colcon.colcon_core.shell:Creating environment descriptor '/home/mk/dev_ws/install/xarm_gazebo/share/xarm_gazebo/hook/cmake_prefix_path.dsv'
[4.317s] INFO:colcon.colcon_core.shell:Creating environment hook '/home/mk/dev_ws/install/xarm_gazebo/share/xarm_gazebo/hook/cmake_prefix_path.sh'
[4.317s] Level 1:colcon.colcon_core.environment:checking '/home/mk/dev_ws/install/xarm_gazebo/lib'
[4.317s] Level 1:colcon.colcon_core.shell:create_environment_hook('xarm_gazebo', 'ld_library_path_lib')
[4.317s] INFO:colcon.colcon_core.shell:Creating environment hook '/home/mk/dev_ws/install/xarm_gazebo/share/xarm_gazebo/hook/ld_library_path_lib.ps1'
[4.317s] INFO:colcon.colcon_core.shell:Creating environment descriptor '/home/mk/dev_ws/install/xarm_gazebo/share/xarm_gazebo/hook/ld_library_path_lib.dsv'
[4.317s] INFO:colcon.colcon_core.shell:Creating environment hook '/home/mk/dev_ws/install/xarm_gazebo/share/xarm_gazebo/hook/ld_library_path_lib.sh'
[4.318s] Level 1:colcon.colcon_core.environment:checking '/home/mk/dev_ws/install/xarm_gazebo/bin'
[4.318s] Level 1:colcon.colcon_core.environment:checking '/home/mk/dev_ws/install/xarm_gazebo/lib/pkgconfig/xarm_gazebo.pc'
[4.318s] Level 1:colcon.colcon_core.environment:checking '/home/mk/dev_ws/install/xarm_gazebo/lib/python3.10/site-packages'
[4.318s] Level 1:colcon.colcon_core.environment:checking '/home/mk/dev_ws/install/xarm_gazebo/bin'
[4.318s] INFO:colcon.colcon_core.shell:Creating package script '/home/mk/dev_ws/install/xarm_gazebo/share/xarm_gazebo/package.ps1'
[4.318s] INFO:colcon.colcon_core.shell:Creating package descriptor '/home/mk/dev_ws/install/xarm_gazebo/share/xarm_gazebo/package.dsv'
[4.319s] INFO:colcon.colcon_core.shell:Creating package script '/home/mk/dev_ws/install/xarm_gazebo/share/xarm_gazebo/package.sh'
[4.319s] INFO:colcon.colcon_core.shell:Creating package script '/home/mk/dev_ws/install/xarm_gazebo/share/xarm_gazebo/package.bash'
[4.319s] INFO:colcon.colcon_core.shell:Creating package script '/home/mk/dev_ws/install/xarm_gazebo/share/xarm_gazebo/package.zsh'
[4.319s] Level 1:colcon.colcon_core.environment:create_file_with_runtime_dependencies(/home/mk/dev_ws/install/xarm_gazebo/share/colcon-core/packages/xarm_gazebo)
[4.319s] Level 1:colcon.colcon_core.environment:create_environment_scripts_only(xarm_gazebo)
[4.319s] Level 1:colcon.colcon_core.environment:checking '/home/mk/dev_ws/install/xarm_gazebo' for CMake module files
[4.320s] Level 1:colcon.colcon_core.environment:checking '/home/mk/dev_ws/install/xarm_gazebo' for CMake config files
[4.320s] Level 1:colcon.colcon_core.shell:create_environment_hook('xarm_gazebo', 'cmake_prefix_path')
[4.320s] INFO:colcon.colcon_core.shell:Creating environment hook '/home/mk/dev_ws/install/xarm_gazebo/share/xarm_gazebo/hook/cmake_prefix_path.ps1'
[4.320s] INFO:colcon.colcon_core.shell:Creating environment descriptor '/home/mk/dev_ws/install/xarm_gazebo/share/xarm_gazebo/hook/cmake_prefix_path.dsv'
[4.320s] INFO:colcon.colcon_core.shell:Creating environment hook '/home/mk/dev_ws/install/xarm_gazebo/share/xarm_gazebo/hook/cmake_prefix_path.sh'
[4.320s] Level 1:colcon.colcon_core.environment:checking '/home/mk/dev_ws/install/xarm_gazebo/lib'
[4.321s] Level 1:colcon.colcon_core.shell:create_environment_hook('xarm_gazebo', 'ld_library_path_lib')
[4.321s] INFO:colcon.colcon_core.shell:Creating environment hook '/home/mk/dev_ws/install/xarm_gazebo/share/xarm_gazebo/hook/ld_library_path_lib.ps1'
[4.321s] INFO:colcon.colcon_core.shell:Creating environment descriptor '/home/mk/dev_ws/install/xarm_gazebo/share/xarm_gazebo/hook/ld_library_path_lib.dsv'
[4.321s] INFO:colcon.colcon_core.shell:Creating environment hook '/home/mk/dev_ws/install/xarm_gazebo/share/xarm_gazebo/hook/ld_library_path_lib.sh'
[4.321s] Level 1:colcon.colcon_core.environment:checking '/home/mk/dev_ws/install/xarm_gazebo/bin'
[4.321s] Level 1:colcon.colcon_core.environment:checking '/home/mk/dev_ws/install/xarm_gazebo/lib/pkgconfig/xarm_gazebo.pc'
[4.321s] Level 1:colcon.colcon_core.environment:checking '/home/mk/dev_ws/install/xarm_gazebo/lib/python3.10/site-packages'
[4.321s] Level 1:colcon.colcon_core.environment:checking '/home/mk/dev_ws/install/xarm_gazebo/bin'
[4.322s] INFO:colcon.colcon_core.shell:Creating package script '/home/mk/dev_ws/install/xarm_gazebo/share/xarm_gazebo/package.ps1'
[4.322s] INFO:colcon.colcon_core.shell:Creating package descriptor '/home/mk/dev_ws/install/xarm_gazebo/share/xarm_gazebo/package.dsv'
[4.322s] INFO:colcon.colcon_core.shell:Creating package script '/home/mk/dev_ws/install/xarm_gazebo/share/xarm_gazebo/package.sh'
[4.322s] INFO:colcon.colcon_core.shell:Creating package script '/home/mk/dev_ws/install/xarm_gazebo/share/xarm_gazebo/package.bash'
[4.323s] INFO:colcon.colcon_core.shell:Creating package script '/home/mk/dev_ws/install/xarm_gazebo/share/xarm_gazebo/package.zsh'
[4.323s] Level 1:colcon.colcon_core.environment:create_file_with_runtime_dependencies(/home/mk/dev_ws/install/xarm_gazebo/share/colcon-core/packages/xarm_gazebo)
[4.323s] INFO:colcon.colcon_ros.task.ament_cmake.build:Building ROS package in '/home/mk/dev_ws/src/xarm_ros2/xarm_moveit_config' with build type 'ament_cmake'
[4.323s] INFO:colcon.colcon_cmake.task.cmake.build:Building CMake package in '/home/mk/dev_ws/src/xarm_ros2/xarm_moveit_config'
[4.323s] INFO:colcon.colcon_core.shell:Skip shell extension 'powershell' for command environment: Not usable outside of PowerShell
[4.323s] DEBUG:colcon.colcon_core.shell:Skip shell extension 'dsv' for command environment
[4.339s] DEBUG:colcon.colcon_core.event_handler.log_command:Invoking command in '/home/mk/dev_ws/build/xarm_moveit_config': AMENT_PREFIX_PATH=/home/mk/dev_ws/install/uf_ros_lib:/home/mk/dev_ws/install/zed_ros2:/home/mk/dev_ws/install/zed_wrapper:/home/mk/dev_ws/install/zed_components:/home/mk/dev_ws/install/zed_interfaces:/home/mk/dev_ws/install/yolo_object_detector:/home/mk/dev_ws/install/xarm_planner:/home/mk/dev_ws/install/xarm_moveit_servo:/home/mk/dev_ws/install/xarm_moveit_config:/home/mk/dev_ws/install/xarm_gazebo:/home/mk/dev_ws/install/xarm_controller:/home/mk/dev_ws/install/xarm_api:/home/mk/dev_ws/install/xarm_sdk:/home/mk/dev_ws/install/rviz_robot_control_panel:/home/mk/dev_ws/install/move_to_coordinator:/home/mk/dev_ws/install/motion_sequence:/home/mk/dev_ws/install/xarm_msgs:/home/mk/dev_ws/install/xarm_description:/home/mk/dev_ws/install/whisper_demos:/home/mk/dev_ws/install/whisper_bringup:/home/mk/dev_ws/install/whisper_server:/home/mk/dev_ws/install/transcript_manager:/home/mk/dev_ws/install/whisper_util:/home/mk/dev_ws/install/voice_command_listener:/home/mk/dev_ws/install/whisper_idl:/home/mk/dev_ws/install/whisper_cpp_vendor:/home/mk/dev_ws/install/rviz_servo_status_overlay:/home/mk/dev_ws/install/rviz_marker_static_scene_objects:/home/mk/dev_ws/install/robot_motion_handler_movegroup:/home/mk/dev_ws/install/realsense_gazebo_plugin:/home/mk/dev_ws/install/my_3d_vision_bringup:/home/mk/dev_ws/install/mbot_demo:/home/mk/dev_ws/install/gaze_control:/home/mk/dev_ws/install/collision_check:/home/mk/dev_ws/install/audio_listener:/opt/ros/humble CMAKE_PREFIX_PATH=/home/mk/dev_ws/install/xarm_gazebo:/home/mk/dev_ws/install/xarm_controller:/home/mk/dev_ws/install/xarm_api:/home/mk/dev_ws/install/xarm_sdk:/home/mk/dev_ws/install/xarm_msgs:/home/mk/dev_ws/install/xarm_description:/home/mk/dev_ws/install/zed_ros2:/home/mk/dev_ws/install/zed_wrapper:/home/mk/dev_ws/install/zed_components:/home/mk/dev_ws/install/zed_interfaces:/home/mk/dev_ws/install/xarm_planner:/home/mk/dev_ws/install/xarm_moveit_servo:/home/mk/dev_ws/install/xarm_moveit_config:/home/mk/dev_ws/install/rviz_robot_control_panel:/home/mk/dev_ws/install/whisper_bringup:/home/mk/dev_ws/install/whisper_server:/home/mk/dev_ws/install/transcript_manager:/home/mk/dev_ws/install/whisper_util:/home/mk/dev_ws/install/whisper_idl:/home/mk/dev_ws/install/whisper_cpp_vendor:/home/mk/dev_ws/install/realsense_gazebo_plugin:/home/mk/dev_ws/install/my_3d_vision_bringup:/home/mk/dev_ws/install/mbot_demo:/home/mk/dev_ws/install/yolo_object_detector:/home/mk/dev_ws/install/move_to_coordinator:/home/mk/dev_ws/install/motion_sequence:/home/mk/dev_ws/install/whisper_demos:/home/mk/dev_ws/install/voice_command_listener:/home/mk/dev_ws/install/uf_ros_lib:/home/mk/dev_ws/install/rviz_servo_status_overlay:/home/mk/dev_ws/install/rviz_marker_static_scene_objects:/home/mk/dev_ws/install/robot_motion_handler_movegroup:/home/mk/dev_ws/install/gaze_control:/home/mk/dev_ws/install/collision_check:/home/mk/dev_ws/install/audio_listener:/opt/ros/humble LD_LIBRARY_PATH=/home/mk/dev_ws/install/xarm_gazebo/lib:/home/mk/dev_ws/install/xarm_controller/lib:/home/mk/dev_ws/install/xarm_api/lib:/home/mk/dev_ws/install/xarm_sdk/lib:/home/mk/dev_ws/install/xarm_msgs/lib:/usr/local/cuda-12.1/lib64:/home/mk/dev_ws/install/zed_components/lib:/home/mk/dev_ws/install/zed_interfaces/lib:/home/mk/dev_ws/install/xarm_planner/lib:/home/mk/dev_ws/install/xarm_moveit_servo/lib:/home/mk/dev_ws/install/rviz_robot_control_panel/lib:/home/mk/dev_ws/install/whisper_server/lib:/home/mk/dev_ws/install/transcript_manager/lib:/home/mk/dev_ws/install/whisper_util/lib:/home/mk/dev_ws/install/whisper_idl/lib:/home/mk/dev_ws/install/whisper_cpp_vendor/lib:/home/mk/dev_ws/install/realsense_gazebo_plugin/lib:/home/mk/dev_ws/install/my_3d_vision_bringup/lib:/usr/lib/x86_64-linux-gnu/gazebo-11/plugins:/opt/ros/humble/opt/rviz_ogre_vendor/lib:/opt/ros/humble/lib/x86_64-linux-gnu:/opt/ros/humble/lib PYTHONPATH=/home/mk/dev_ws/build/uf_ros_lib:/home/mk/dev_ws/install/uf_ros_lib/lib/python3.10/site-packages:/home/mk/dev_ws/install/zed_interfaces/local/lib/python3.10/dist-packages:/home/mk/dev_ws/install/yolo_object_detector/lib/python3.10/site-packages:/home/mk/dev_ws/install/move_to_coordinator/lib/python3.10/site-packages:/home/mk/dev_ws/install/motion_sequence/lib/python3.10/site-packages:/home/mk/dev_ws/install/xarm_msgs/local/lib/python3.10/dist-packages:/home/mk/dev_ws/install/whisper_demos/lib/python3.10/site-packages:/home/mk/dev_ws/install/voice_command_listener/lib/python3.10/site-packages:/home/mk/dev_ws/install/whisper_idl/local/lib/python3.10/dist-packages:/home/mk/dev_ws/install/rviz_servo_status_overlay/lib/python3.10/site-packages:/home/mk/dev_ws/install/rviz_marker_static_scene_objects/lib/python3.10/site-packages:/home/mk/dev_ws/install/robot_motion_handler_movegroup/lib/python3.10/site-packages:/home/mk/dev_ws/install/my_3d_vision_bringup/local/lib/python3.10/dist-packages:/home/mk/dev_ws/install/gaze_control/lib/python3.10/site-packages:/home/mk/dev_ws/install/collision_check/lib/python3.10/site-packages:/home/mk/dev_ws/install/audio_listener/lib/python3.10/site-packages:/opt/ros/humble/lib/python3.10/site-packages:/opt/ros/humble/local/lib/python3.10/dist-packages /usr/bin/cmake /home/mk/dev_ws/src/xarm_ros2/xarm_moveit_config -DAMENT_CMAKE_SYMLINK_INSTALL=1 -DCMAKE_INSTALL_PREFIX=/home/mk/dev_ws/install/xarm_moveit_config
[4.491s] DEBUG:colcon.colcon_core.event_handler.log_command:Invoked command in '/home/mk/dev_ws/build/xarm_moveit_config' returned '0': AMENT_PREFIX_PATH=/home/mk/dev_ws/install/uf_ros_lib:/home/mk/dev_ws/install/zed_ros2:/home/mk/dev_ws/install/zed_wrapper:/home/mk/dev_ws/install/zed_components:/home/mk/dev_ws/install/zed_interfaces:/home/mk/dev_ws/install/yolo_object_detector:/home/mk/dev_ws/install/xarm_planner:/home/mk/dev_ws/install/xarm_moveit_servo:/home/mk/dev_ws/install/xarm_moveit_config:/home/mk/dev_ws/install/xarm_gazebo:/home/mk/dev_ws/install/xarm_controller:/home/mk/dev_ws/install/xarm_api:/home/mk/dev_ws/install/xarm_sdk:/home/mk/dev_ws/install/rviz_robot_control_panel:/home/mk/dev_ws/install/move_to_coordinator:/home/mk/dev_ws/install/motion_sequence:/home/mk/dev_ws/install/xarm_msgs:/home/mk/dev_ws/install/xarm_description:/home/mk/dev_ws/install/whisper_demos:/home/mk/dev_ws/install/whisper_bringup:/home/mk/dev_ws/install/whisper_server:/home/mk/dev_ws/install/transcript_manager:/home/mk/dev_ws/install/whisper_util:/home/mk/dev_ws/install/voice_command_listener:/home/mk/dev_ws/install/whisper_idl:/home/mk/dev_ws/install/whisper_cpp_vendor:/home/mk/dev_ws/install/rviz_servo_status_overlay:/home/mk/dev_ws/install/rviz_marker_static_scene_objects:/home/mk/dev_ws/install/robot_motion_handler_movegroup:/home/mk/dev_ws/install/realsense_gazebo_plugin:/home/mk/dev_ws/install/my_3d_vision_bringup:/home/mk/dev_ws/install/mbot_demo:/home/mk/dev_ws/install/gaze_control:/home/mk/dev_ws/install/collision_check:/home/mk/dev_ws/install/audio_listener:/opt/ros/humble CMAKE_PREFIX_PATH=/home/mk/dev_ws/install/xarm_gazebo:/home/mk/dev_ws/install/xarm_controller:/home/mk/dev_ws/install/xarm_api:/home/mk/dev_ws/install/xarm_sdk:/home/mk/dev_ws/install/xarm_msgs:/home/mk/dev_ws/install/xarm_description:/home/mk/dev_ws/install/zed_ros2:/home/mk/dev_ws/install/zed_wrapper:/home/mk/dev_ws/install/zed_components:/home/mk/dev_ws/install/zed_interfaces:/home/mk/dev_ws/install/xarm_planner:/home/mk/dev_ws/install/xarm_moveit_servo:/home/mk/dev_ws/install/xarm_moveit_config:/home/mk/dev_ws/install/rviz_robot_control_panel:/home/mk/dev_ws/install/whisper_bringup:/home/mk/dev_ws/install/whisper_server:/home/mk/dev_ws/install/transcript_manager:/home/mk/dev_ws/install/whisper_util:/home/mk/dev_ws/install/whisper_idl:/home/mk/dev_ws/install/whisper_cpp_vendor:/home/mk/dev_ws/install/realsense_gazebo_plugin:/home/mk/dev_ws/install/my_3d_vision_bringup:/home/mk/dev_ws/install/mbot_demo:/home/mk/dev_ws/install/yolo_object_detector:/home/mk/dev_ws/install/move_to_coordinator:/home/mk/dev_ws/install/motion_sequence:/home/mk/dev_ws/install/whisper_demos:/home/mk/dev_ws/install/voice_command_listener:/home/mk/dev_ws/install/uf_ros_lib:/home/mk/dev_ws/install/rviz_servo_status_overlay:/home/mk/dev_ws/install/rviz_marker_static_scene_objects:/home/mk/dev_ws/install/robot_motion_handler_movegroup:/home/mk/dev_ws/install/gaze_control:/home/mk/dev_ws/install/collision_check:/home/mk/dev_ws/install/audio_listener:/opt/ros/humble LD_LIBRARY_PATH=/home/mk/dev_ws/install/xarm_gazebo/lib:/home/mk/dev_ws/install/xarm_controller/lib:/home/mk/dev_ws/install/xarm_api/lib:/home/mk/dev_ws/install/xarm_sdk/lib:/home/mk/dev_ws/install/xarm_msgs/lib:/usr/local/cuda-12.1/lib64:/home/mk/dev_ws/install/zed_components/lib:/home/mk/dev_ws/install/zed_interfaces/lib:/home/mk/dev_ws/install/xarm_planner/lib:/home/mk/dev_ws/install/xarm_moveit_servo/lib:/home/mk/dev_ws/install/rviz_robot_control_panel/lib:/home/mk/dev_ws/install/whisper_server/lib:/home/mk/dev_ws/install/transcript_manager/lib:/home/mk/dev_ws/install/whisper_util/lib:/home/mk/dev_ws/install/whisper_idl/lib:/home/mk/dev_ws/install/whisper_cpp_vendor/lib:/home/mk/dev_ws/install/realsense_gazebo_plugin/lib:/home/mk/dev_ws/install/my_3d_vision_bringup/lib:/usr/lib/x86_64-linux-gnu/gazebo-11/plugins:/opt/ros/humble/opt/rviz_ogre_vendor/lib:/opt/ros/humble/lib/x86_64-linux-gnu:/opt/ros/humble/lib PYTHONPATH=/home/mk/dev_ws/build/uf_ros_lib:/home/mk/dev_ws/install/uf_ros_lib/lib/python3.10/site-packages:/home/mk/dev_ws/install/zed_interfaces/local/lib/python3.10/dist-packages:/home/mk/dev_ws/install/yolo_object_detector/lib/python3.10/site-packages:/home/mk/dev_ws/install/move_to_coordinator/lib/python3.10/site-packages:/home/mk/dev_ws/install/motion_sequence/lib/python3.10/site-packages:/home/mk/dev_ws/install/xarm_msgs/local/lib/python3.10/dist-packages:/home/mk/dev_ws/install/whisper_demos/lib/python3.10/site-packages:/home/mk/dev_ws/install/voice_command_listener/lib/python3.10/site-packages:/home/mk/dev_ws/install/whisper_idl/local/lib/python3.10/dist-packages:/home/mk/dev_ws/install/rviz_servo_status_overlay/lib/python3.10/site-packages:/home/mk/dev_ws/install/rviz_marker_static_scene_objects/lib/python3.10/site-packages:/home/mk/dev_ws/install/robot_motion_handler_movegroup/lib/python3.10/site-packages:/home/mk/dev_ws/install/my_3d_vision_bringup/local/lib/python3.10/dist-packages:/home/mk/dev_ws/install/gaze_control/lib/python3.10/site-packages:/home/mk/dev_ws/install/collision_check/lib/python3.10/site-packages:/home/mk/dev_ws/install/audio_listener/lib/python3.10/site-packages:/opt/ros/humble/lib/python3.10/site-packages:/opt/ros/humble/local/lib/python3.10/dist-packages /usr/bin/cmake /home/mk/dev_ws/src/xarm_ros2/xarm_moveit_config -DAMENT_CMAKE_SYMLINK_INSTALL=1 -DCMAKE_INSTALL_PREFIX=/home/mk/dev_ws/install/xarm_moveit_config
[4.492s] DEBUG:colcon.colcon_core.event_handler.log_command:Invoking command in '/home/mk/dev_ws/build/xarm_moveit_config': AMENT_PREFIX_PATH=/home/mk/dev_ws/install/uf_ros_lib:/home/mk/dev_ws/install/zed_ros2:/home/mk/dev_ws/install/zed_wrapper:/home/mk/dev_ws/install/zed_components:/home/mk/dev_ws/install/zed_interfaces:/home/mk/dev_ws/install/yolo_object_detector:/home/mk/dev_ws/install/xarm_planner:/home/mk/dev_ws/install/xarm_moveit_servo:/home/mk/dev_ws/install/xarm_moveit_config:/home/mk/dev_ws/install/xarm_gazebo:/home/mk/dev_ws/install/xarm_controller:/home/mk/dev_ws/install/xarm_api:/home/mk/dev_ws/install/xarm_sdk:/home/mk/dev_ws/install/rviz_robot_control_panel:/home/mk/dev_ws/install/move_to_coordinator:/home/mk/dev_ws/install/motion_sequence:/home/mk/dev_ws/install/xarm_msgs:/home/mk/dev_ws/install/xarm_description:/home/mk/dev_ws/install/whisper_demos:/home/mk/dev_ws/install/whisper_bringup:/home/mk/dev_ws/install/whisper_server:/home/mk/dev_ws/install/transcript_manager:/home/mk/dev_ws/install/whisper_util:/home/mk/dev_ws/install/voice_command_listener:/home/mk/dev_ws/install/whisper_idl:/home/mk/dev_ws/install/whisper_cpp_vendor:/home/mk/dev_ws/install/rviz_servo_status_overlay:/home/mk/dev_ws/install/rviz_marker_static_scene_objects:/home/mk/dev_ws/install/robot_motion_handler_movegroup:/home/mk/dev_ws/install/realsense_gazebo_plugin:/home/mk/dev_ws/install/my_3d_vision_bringup:/home/mk/dev_ws/install/mbot_demo:/home/mk/dev_ws/install/gaze_control:/home/mk/dev_ws/install/collision_check:/home/mk/dev_ws/install/audio_listener:/opt/ros/humble CMAKE_PREFIX_PATH=/home/mk/dev_ws/install/xarm_gazebo:/home/mk/dev_ws/install/xarm_controller:/home/mk/dev_ws/install/xarm_api:/home/mk/dev_ws/install/xarm_sdk:/home/mk/dev_ws/install/xarm_msgs:/home/mk/dev_ws/install/xarm_description:/home/mk/dev_ws/install/zed_ros2:/home/mk/dev_ws/install/zed_wrapper:/home/mk/dev_ws/install/zed_components:/home/mk/dev_ws/install/zed_interfaces:/home/mk/dev_ws/install/xarm_planner:/home/mk/dev_ws/install/xarm_moveit_servo:/home/mk/dev_ws/install/xarm_moveit_config:/home/mk/dev_ws/install/rviz_robot_control_panel:/home/mk/dev_ws/install/whisper_bringup:/home/mk/dev_ws/install/whisper_server:/home/mk/dev_ws/install/transcript_manager:/home/mk/dev_ws/install/whisper_util:/home/mk/dev_ws/install/whisper_idl:/home/mk/dev_ws/install/whisper_cpp_vendor:/home/mk/dev_ws/install/realsense_gazebo_plugin:/home/mk/dev_ws/install/my_3d_vision_bringup:/home/mk/dev_ws/install/mbot_demo:/home/mk/dev_ws/install/yolo_object_detector:/home/mk/dev_ws/install/move_to_coordinator:/home/mk/dev_ws/install/motion_sequence:/home/mk/dev_ws/install/whisper_demos:/home/mk/dev_ws/install/voice_command_listener:/home/mk/dev_ws/install/uf_ros_lib:/home/mk/dev_ws/install/rviz_servo_status_overlay:/home/mk/dev_ws/install/rviz_marker_static_scene_objects:/home/mk/dev_ws/install/robot_motion_handler_movegroup:/home/mk/dev_ws/install/gaze_control:/home/mk/dev_ws/install/collision_check:/home/mk/dev_ws/install/audio_listener:/opt/ros/humble LD_LIBRARY_PATH=/home/mk/dev_ws/install/xarm_gazebo/lib:/home/mk/dev_ws/install/xarm_controller/lib:/home/mk/dev_ws/install/xarm_api/lib:/home/mk/dev_ws/install/xarm_sdk/lib:/home/mk/dev_ws/install/xarm_msgs/lib:/usr/local/cuda-12.1/lib64:/home/mk/dev_ws/install/zed_components/lib:/home/mk/dev_ws/install/zed_interfaces/lib:/home/mk/dev_ws/install/xarm_planner/lib:/home/mk/dev_ws/install/xarm_moveit_servo/lib:/home/mk/dev_ws/install/rviz_robot_control_panel/lib:/home/mk/dev_ws/install/whisper_server/lib:/home/mk/dev_ws/install/transcript_manager/lib:/home/mk/dev_ws/install/whisper_util/lib:/home/mk/dev_ws/install/whisper_idl/lib:/home/mk/dev_ws/install/whisper_cpp_vendor/lib:/home/mk/dev_ws/install/realsense_gazebo_plugin/lib:/home/mk/dev_ws/install/my_3d_vision_bringup/lib:/usr/lib/x86_64-linux-gnu/gazebo-11/plugins:/opt/ros/humble/opt/rviz_ogre_vendor/lib:/opt/ros/humble/lib/x86_64-linux-gnu:/opt/ros/humble/lib PYTHONPATH=/home/mk/dev_ws/build/uf_ros_lib:/home/mk/dev_ws/install/uf_ros_lib/lib/python3.10/site-packages:/home/mk/dev_ws/install/zed_interfaces/local/lib/python3.10/dist-packages:/home/mk/dev_ws/install/yolo_object_detector/lib/python3.10/site-packages:/home/mk/dev_ws/install/move_to_coordinator/lib/python3.10/site-packages:/home/mk/dev_ws/install/motion_sequence/lib/python3.10/site-packages:/home/mk/dev_ws/install/xarm_msgs/local/lib/python3.10/dist-packages:/home/mk/dev_ws/install/whisper_demos/lib/python3.10/site-packages:/home/mk/dev_ws/install/voice_command_listener/lib/python3.10/site-packages:/home/mk/dev_ws/install/whisper_idl/local/lib/python3.10/dist-packages:/home/mk/dev_ws/install/rviz_servo_status_overlay/lib/python3.10/site-packages:/home/mk/dev_ws/install/rviz_marker_static_scene_objects/lib/python3.10/site-packages:/home/mk/dev_ws/install/robot_motion_handler_movegroup/lib/python3.10/site-packages:/home/mk/dev_ws/install/my_3d_vision_bringup/local/lib/python3.10/dist-packages:/home/mk/dev_ws/install/gaze_control/lib/python3.10/site-packages:/home/mk/dev_ws/install/collision_check/lib/python3.10/site-packages:/home/mk/dev_ws/install/audio_listener/lib/python3.10/site-packages:/opt/ros/humble/lib/python3.10/site-packages:/opt/ros/humble/local/lib/python3.10/dist-packages /usr/bin/cmake --build /home/mk/dev_ws/build/xarm_moveit_config -- -j20 -l20
[4.516s] DEBUG:colcon.colcon_core.event_handler.log_command:Invoked command in '/home/mk/dev_ws/build/xarm_moveit_config' returned '0': AMENT_PREFIX_PATH=/home/mk/dev_ws/install/uf_ros_lib:/home/mk/dev_ws/install/zed_ros2:/home/mk/dev_ws/install/zed_wrapper:/home/mk/dev_ws/install/zed_components:/home/mk/dev_ws/install/zed_interfaces:/home/mk/dev_ws/install/yolo_object_detector:/home/mk/dev_ws/install/xarm_planner:/home/mk/dev_ws/install/xarm_moveit_servo:/home/mk/dev_ws/install/xarm_moveit_config:/home/mk/dev_ws/install/xarm_gazebo:/home/mk/dev_ws/install/xarm_controller:/home/mk/dev_ws/install/xarm_api:/home/mk/dev_ws/install/xarm_sdk:/home/mk/dev_ws/install/rviz_robot_control_panel:/home/mk/dev_ws/install/move_to_coordinator:/home/mk/dev_ws/install/motion_sequence:/home/mk/dev_ws/install/xarm_msgs:/home/mk/dev_ws/install/xarm_description:/home/mk/dev_ws/install/whisper_demos:/home/mk/dev_ws/install/whisper_bringup:/home/mk/dev_ws/install/whisper_server:/home/mk/dev_ws/install/transcript_manager:/home/mk/dev_ws/install/whisper_util:/home/mk/dev_ws/install/voice_command_listener:/home/mk/dev_ws/install/whisper_idl:/home/mk/dev_ws/install/whisper_cpp_vendor:/home/mk/dev_ws/install/rviz_servo_status_overlay:/home/mk/dev_ws/install/rviz_marker_static_scene_objects:/home/mk/dev_ws/install/robot_motion_handler_movegroup:/home/mk/dev_ws/install/realsense_gazebo_plugin:/home/mk/dev_ws/install/my_3d_vision_bringup:/home/mk/dev_ws/install/mbot_demo:/home/mk/dev_ws/install/gaze_control:/home/mk/dev_ws/install/collision_check:/home/mk/dev_ws/install/audio_listener:/opt/ros/humble CMAKE_PREFIX_PATH=/home/mk/dev_ws/install/xarm_gazebo:/home/mk/dev_ws/install/xarm_controller:/home/mk/dev_ws/install/xarm_api:/home/mk/dev_ws/install/xarm_sdk:/home/mk/dev_ws/install/xarm_msgs:/home/mk/dev_ws/install/xarm_description:/home/mk/dev_ws/install/zed_ros2:/home/mk/dev_ws/install/zed_wrapper:/home/mk/dev_ws/install/zed_components:/home/mk/dev_ws/install/zed_interfaces:/home/mk/dev_ws/install/xarm_planner:/home/mk/dev_ws/install/xarm_moveit_servo:/home/mk/dev_ws/install/xarm_moveit_config:/home/mk/dev_ws/install/rviz_robot_control_panel:/home/mk/dev_ws/install/whisper_bringup:/home/mk/dev_ws/install/whisper_server:/home/mk/dev_ws/install/transcript_manager:/home/mk/dev_ws/install/whisper_util:/home/mk/dev_ws/install/whisper_idl:/home/mk/dev_ws/install/whisper_cpp_vendor:/home/mk/dev_ws/install/realsense_gazebo_plugin:/home/mk/dev_ws/install/my_3d_vision_bringup:/home/mk/dev_ws/install/mbot_demo:/home/mk/dev_ws/install/yolo_object_detector:/home/mk/dev_ws/install/move_to_coordinator:/home/mk/dev_ws/install/motion_sequence:/home/mk/dev_ws/install/whisper_demos:/home/mk/dev_ws/install/voice_command_listener:/home/mk/dev_ws/install/uf_ros_lib:/home/mk/dev_ws/install/rviz_servo_status_overlay:/home/mk/dev_ws/install/rviz_marker_static_scene_objects:/home/mk/dev_ws/install/robot_motion_handler_movegroup:/home/mk/dev_ws/install/gaze_control:/home/mk/dev_ws/install/collision_check:/home/mk/dev_ws/install/audio_listener:/opt/ros/humble LD_LIBRARY_PATH=/home/mk/dev_ws/install/xarm_gazebo/lib:/home/mk/dev_ws/install/xarm_controller/lib:/home/mk/dev_ws/install/xarm_api/lib:/home/mk/dev_ws/install/xarm_sdk/lib:/home/mk/dev_ws/install/xarm_msgs/lib:/usr/local/cuda-12.1/lib64:/home/mk/dev_ws/install/zed_components/lib:/home/mk/dev_ws/install/zed_interfaces/lib:/home/mk/dev_ws/install/xarm_planner/lib:/home/mk/dev_ws/install/xarm_moveit_servo/lib:/home/mk/dev_ws/install/rviz_robot_control_panel/lib:/home/mk/dev_ws/install/whisper_server/lib:/home/mk/dev_ws/install/transcript_manager/lib:/home/mk/dev_ws/install/whisper_util/lib:/home/mk/dev_ws/install/whisper_idl/lib:/home/mk/dev_ws/install/whisper_cpp_vendor/lib:/home/mk/dev_ws/install/realsense_gazebo_plugin/lib:/home/mk/dev_ws/install/my_3d_vision_bringup/lib:/usr/lib/x86_64-linux-gnu/gazebo-11/plugins:/opt/ros/humble/opt/rviz_ogre_vendor/lib:/opt/ros/humble/lib/x86_64-linux-gnu:/opt/ros/humble/lib PYTHONPATH=/home/mk/dev_ws/build/uf_ros_lib:/home/mk/dev_ws/install/uf_ros_lib/lib/python3.10/site-packages:/home/mk/dev_ws/install/zed_interfaces/local/lib/python3.10/dist-packages:/home/mk/dev_ws/install/yolo_object_detector/lib/python3.10/site-packages:/home/mk/dev_ws/install/move_to_coordinator/lib/python3.10/site-packages:/home/mk/dev_ws/install/motion_sequence/lib/python3.10/site-packages:/home/mk/dev_ws/install/xarm_msgs/local/lib/python3.10/dist-packages:/home/mk/dev_ws/install/whisper_demos/lib/python3.10/site-packages:/home/mk/dev_ws/install/voice_command_listener/lib/python3.10/site-packages:/home/mk/dev_ws/install/whisper_idl/local/lib/python3.10/dist-packages:/home/mk/dev_ws/install/rviz_servo_status_overlay/lib/python3.10/site-packages:/home/mk/dev_ws/install/rviz_marker_static_scene_objects/lib/python3.10/site-packages:/home/mk/dev_ws/install/robot_motion_handler_movegroup/lib/python3.10/site-packages:/home/mk/dev_ws/install/my_3d_vision_bringup/local/lib/python3.10/dist-packages:/home/mk/dev_ws/install/gaze_control/lib/python3.10/site-packages:/home/mk/dev_ws/install/collision_check/lib/python3.10/site-packages:/home/mk/dev_ws/install/audio_listener/lib/python3.10/site-packages:/opt/ros/humble/lib/python3.10/site-packages:/opt/ros/humble/local/lib/python3.10/dist-packages /usr/bin/cmake --build /home/mk/dev_ws/build/xarm_moveit_config -- -j20 -l20
[4.517s] DEBUG:colcon.colcon_core.event_handler.log_command:Invoking command in '/home/mk/dev_ws/build/xarm_moveit_config': AMENT_PREFIX_PATH=/home/mk/dev_ws/install/uf_ros_lib:/home/mk/dev_ws/install/zed_ros2:/home/mk/dev_ws/install/zed_wrapper:/home/mk/dev_ws/install/zed_components:/home/mk/dev_ws/install/zed_interfaces:/home/mk/dev_ws/install/yolo_object_detector:/home/mk/dev_ws/install/xarm_planner:/home/mk/dev_ws/install/xarm_moveit_servo:/home/mk/dev_ws/install/xarm_moveit_config:/home/mk/dev_ws/install/xarm_gazebo:/home/mk/dev_ws/install/xarm_controller:/home/mk/dev_ws/install/xarm_api:/home/mk/dev_ws/install/xarm_sdk:/home/mk/dev_ws/install/rviz_robot_control_panel:/home/mk/dev_ws/install/move_to_coordinator:/home/mk/dev_ws/install/motion_sequence:/home/mk/dev_ws/install/xarm_msgs:/home/mk/dev_ws/install/xarm_description:/home/mk/dev_ws/install/whisper_demos:/home/mk/dev_ws/install/whisper_bringup:/home/mk/dev_ws/install/whisper_server:/home/mk/dev_ws/install/transcript_manager:/home/mk/dev_ws/install/whisper_util:/home/mk/dev_ws/install/voice_command_listener:/home/mk/dev_ws/install/whisper_idl:/home/mk/dev_ws/install/whisper_cpp_vendor:/home/mk/dev_ws/install/rviz_servo_status_overlay:/home/mk/dev_ws/install/rviz_marker_static_scene_objects:/home/mk/dev_ws/install/robot_motion_handler_movegroup:/home/mk/dev_ws/install/realsense_gazebo_plugin:/home/mk/dev_ws/install/my_3d_vision_bringup:/home/mk/dev_ws/install/mbot_demo:/home/mk/dev_ws/install/gaze_control:/home/mk/dev_ws/install/collision_check:/home/mk/dev_ws/install/audio_listener:/opt/ros/humble CMAKE_PREFIX_PATH=/home/mk/dev_ws/install/xarm_gazebo:/home/mk/dev_ws/install/xarm_controller:/home/mk/dev_ws/install/xarm_api:/home/mk/dev_ws/install/xarm_sdk:/home/mk/dev_ws/install/xarm_msgs:/home/mk/dev_ws/install/xarm_description:/home/mk/dev_ws/install/zed_ros2:/home/mk/dev_ws/install/zed_wrapper:/home/mk/dev_ws/install/zed_components:/home/mk/dev_ws/install/zed_interfaces:/home/mk/dev_ws/install/xarm_planner:/home/mk/dev_ws/install/xarm_moveit_servo:/home/mk/dev_ws/install/xarm_moveit_config:/home/mk/dev_ws/install/rviz_robot_control_panel:/home/mk/dev_ws/install/whisper_bringup:/home/mk/dev_ws/install/whisper_server:/home/mk/dev_ws/install/transcript_manager:/home/mk/dev_ws/install/whisper_util:/home/mk/dev_ws/install/whisper_idl:/home/mk/dev_ws/install/whisper_cpp_vendor:/home/mk/dev_ws/install/realsense_gazebo_plugin:/home/mk/dev_ws/install/my_3d_vision_bringup:/home/mk/dev_ws/install/mbot_demo:/home/mk/dev_ws/install/yolo_object_detector:/home/mk/dev_ws/install/move_to_coordinator:/home/mk/dev_ws/install/motion_sequence:/home/mk/dev_ws/install/whisper_demos:/home/mk/dev_ws/install/voice_command_listener:/home/mk/dev_ws/install/uf_ros_lib:/home/mk/dev_ws/install/rviz_servo_status_overlay:/home/mk/dev_ws/install/rviz_marker_static_scene_objects:/home/mk/dev_ws/install/robot_motion_handler_movegroup:/home/mk/dev_ws/install/gaze_control:/home/mk/dev_ws/install/collision_check:/home/mk/dev_ws/install/audio_listener:/opt/ros/humble LD_LIBRARY_PATH=/home/mk/dev_ws/install/xarm_gazebo/lib:/home/mk/dev_ws/install/xarm_controller/lib:/home/mk/dev_ws/install/xarm_api/lib:/home/mk/dev_ws/install/xarm_sdk/lib:/home/mk/dev_ws/install/xarm_msgs/lib:/usr/local/cuda-12.1/lib64:/home/mk/dev_ws/install/zed_components/lib:/home/mk/dev_ws/install/zed_interfaces/lib:/home/mk/dev_ws/install/xarm_planner/lib:/home/mk/dev_ws/install/xarm_moveit_servo/lib:/home/mk/dev_ws/install/rviz_robot_control_panel/lib:/home/mk/dev_ws/install/whisper_server/lib:/home/mk/dev_ws/install/transcript_manager/lib:/home/mk/dev_ws/install/whisper_util/lib:/home/mk/dev_ws/install/whisper_idl/lib:/home/mk/dev_ws/install/whisper_cpp_vendor/lib:/home/mk/dev_ws/install/realsense_gazebo_plugin/lib:/home/mk/dev_ws/install/my_3d_vision_bringup/lib:/usr/lib/x86_64-linux-gnu/gazebo-11/plugins:/opt/ros/humble/opt/rviz_ogre_vendor/lib:/opt/ros/humble/lib/x86_64-linux-gnu:/opt/ros/humble/lib PYTHONPATH=/home/mk/dev_ws/build/uf_ros_lib:/home/mk/dev_ws/install/uf_ros_lib/lib/python3.10/site-packages:/home/mk/dev_ws/install/zed_interfaces/local/lib/python3.10/dist-packages:/home/mk/dev_ws/install/yolo_object_detector/lib/python3.10/site-packages:/home/mk/dev_ws/install/move_to_coordinator/lib/python3.10/site-packages:/home/mk/dev_ws/install/motion_sequence/lib/python3.10/site-packages:/home/mk/dev_ws/install/xarm_msgs/local/lib/python3.10/dist-packages:/home/mk/dev_ws/install/whisper_demos/lib/python3.10/site-packages:/home/mk/dev_ws/install/voice_command_listener/lib/python3.10/site-packages:/home/mk/dev_ws/install/whisper_idl/local/lib/python3.10/dist-packages:/home/mk/dev_ws/install/rviz_servo_status_overlay/lib/python3.10/site-packages:/home/mk/dev_ws/install/rviz_marker_static_scene_objects/lib/python3.10/site-packages:/home/mk/dev_ws/install/robot_motion_handler_movegroup/lib/python3.10/site-packages:/home/mk/dev_ws/install/my_3d_vision_bringup/local/lib/python3.10/dist-packages:/home/mk/dev_ws/install/gaze_control/lib/python3.10/site-packages:/home/mk/dev_ws/install/collision_check/lib/python3.10/site-packages:/home/mk/dev_ws/install/audio_listener/lib/python3.10/site-packages:/opt/ros/humble/lib/python3.10/site-packages:/opt/ros/humble/local/lib/python3.10/dist-packages /usr/bin/cmake --install /home/mk/dev_ws/build/xarm_moveit_config
[4.535s] Level 1:colcon.colcon_core.environment:create_environment_scripts_only(xarm_moveit_config)
[4.535s] Level 1:colcon.colcon_core.environment:checking '/home/mk/dev_ws/install/xarm_moveit_config' for CMake module files
[4.535s] DEBUG:colcon.colcon_core.event_handler.log_command:Invoked command in '/home/mk/dev_ws/build/xarm_moveit_config' returned '0': AMENT_PREFIX_PATH=/home/mk/dev_ws/install/uf_ros_lib:/home/mk/dev_ws/install/zed_ros2:/home/mk/dev_ws/install/zed_wrapper:/home/mk/dev_ws/install/zed_components:/home/mk/dev_ws/install/zed_interfaces:/home/mk/dev_ws/install/yolo_object_detector:/home/mk/dev_ws/install/xarm_planner:/home/mk/dev_ws/install/xarm_moveit_servo:/home/mk/dev_ws/install/xarm_moveit_config:/home/mk/dev_ws/install/xarm_gazebo:/home/mk/dev_ws/install/xarm_controller:/home/mk/dev_ws/install/xarm_api:/home/mk/dev_ws/install/xarm_sdk:/home/mk/dev_ws/install/rviz_robot_control_panel:/home/mk/dev_ws/install/move_to_coordinator:/home/mk/dev_ws/install/motion_sequence:/home/mk/dev_ws/install/xarm_msgs:/home/mk/dev_ws/install/xarm_description:/home/mk/dev_ws/install/whisper_demos:/home/mk/dev_ws/install/whisper_bringup:/home/mk/dev_ws/install/whisper_server:/home/mk/dev_ws/install/transcript_manager:/home/mk/dev_ws/install/whisper_util:/home/mk/dev_ws/install/voice_command_listener:/home/mk/dev_ws/install/whisper_idl:/home/mk/dev_ws/install/whisper_cpp_vendor:/home/mk/dev_ws/install/rviz_servo_status_overlay:/home/mk/dev_ws/install/rviz_marker_static_scene_objects:/home/mk/dev_ws/install/robot_motion_handler_movegroup:/home/mk/dev_ws/install/realsense_gazebo_plugin:/home/mk/dev_ws/install/my_3d_vision_bringup:/home/mk/dev_ws/install/mbot_demo:/home/mk/dev_ws/install/gaze_control:/home/mk/dev_ws/install/collision_check:/home/mk/dev_ws/install/audio_listener:/opt/ros/humble CMAKE_PREFIX_PATH=/home/mk/dev_ws/install/xarm_gazebo:/home/mk/dev_ws/install/xarm_controller:/home/mk/dev_ws/install/xarm_api:/home/mk/dev_ws/install/xarm_sdk:/home/mk/dev_ws/install/xarm_msgs:/home/mk/dev_ws/install/xarm_description:/home/mk/dev_ws/install/zed_ros2:/home/mk/dev_ws/install/zed_wrapper:/home/mk/dev_ws/install/zed_components:/home/mk/dev_ws/install/zed_interfaces:/home/mk/dev_ws/install/xarm_planner:/home/mk/dev_ws/install/xarm_moveit_servo:/home/mk/dev_ws/install/xarm_moveit_config:/home/mk/dev_ws/install/rviz_robot_control_panel:/home/mk/dev_ws/install/whisper_bringup:/home/mk/dev_ws/install/whisper_server:/home/mk/dev_ws/install/transcript_manager:/home/mk/dev_ws/install/whisper_util:/home/mk/dev_ws/install/whisper_idl:/home/mk/dev_ws/install/whisper_cpp_vendor:/home/mk/dev_ws/install/realsense_gazebo_plugin:/home/mk/dev_ws/install/my_3d_vision_bringup:/home/mk/dev_ws/install/mbot_demo:/home/mk/dev_ws/install/yolo_object_detector:/home/mk/dev_ws/install/move_to_coordinator:/home/mk/dev_ws/install/motion_sequence:/home/mk/dev_ws/install/whisper_demos:/home/mk/dev_ws/install/voice_command_listener:/home/mk/dev_ws/install/uf_ros_lib:/home/mk/dev_ws/install/rviz_servo_status_overlay:/home/mk/dev_ws/install/rviz_marker_static_scene_objects:/home/mk/dev_ws/install/robot_motion_handler_movegroup:/home/mk/dev_ws/install/gaze_control:/home/mk/dev_ws/install/collision_check:/home/mk/dev_ws/install/audio_listener:/opt/ros/humble LD_LIBRARY_PATH=/home/mk/dev_ws/install/xarm_gazebo/lib:/home/mk/dev_ws/install/xarm_controller/lib:/home/mk/dev_ws/install/xarm_api/lib:/home/mk/dev_ws/install/xarm_sdk/lib:/home/mk/dev_ws/install/xarm_msgs/lib:/usr/local/cuda-12.1/lib64:/home/mk/dev_ws/install/zed_components/lib:/home/mk/dev_ws/install/zed_interfaces/lib:/home/mk/dev_ws/install/xarm_planner/lib:/home/mk/dev_ws/install/xarm_moveit_servo/lib:/home/mk/dev_ws/install/rviz_robot_control_panel/lib:/home/mk/dev_ws/install/whisper_server/lib:/home/mk/dev_ws/install/transcript_manager/lib:/home/mk/dev_ws/install/whisper_util/lib:/home/mk/dev_ws/install/whisper_idl/lib:/home/mk/dev_ws/install/whisper_cpp_vendor/lib:/home/mk/dev_ws/install/realsense_gazebo_plugin/lib:/home/mk/dev_ws/install/my_3d_vision_bringup/lib:/usr/lib/x86_64-linux-gnu/gazebo-11/plugins:/opt/ros/humble/opt/rviz_ogre_vendor/lib:/opt/ros/humble/lib/x86_64-linux-gnu:/opt/ros/humble/lib PYTHONPATH=/home/mk/dev_ws/build/uf_ros_lib:/home/mk/dev_ws/install/uf_ros_lib/lib/python3.10/site-packages:/home/mk/dev_ws/install/zed_interfaces/local/lib/python3.10/dist-packages:/home/mk/dev_ws/install/yolo_object_detector/lib/python3.10/site-packages:/home/mk/dev_ws/install/move_to_coordinator/lib/python3.10/site-packages:/home/mk/dev_ws/install/motion_sequence/lib/python3.10/site-packages:/home/mk/dev_ws/install/xarm_msgs/local/lib/python3.10/dist-packages:/home/mk/dev_ws/install/whisper_demos/lib/python3.10/site-packages:/home/mk/dev_ws/install/voice_command_listener/lib/python3.10/site-packages:/home/mk/dev_ws/install/whisper_idl/local/lib/python3.10/dist-packages:/home/mk/dev_ws/install/rviz_servo_status_overlay/lib/python3.10/site-packages:/home/mk/dev_ws/install/rviz_marker_static_scene_objects/lib/python3.10/site-packages:/home/mk/dev_ws/install/robot_motion_handler_movegroup/lib/python3.10/site-packages:/home/mk/dev_ws/install/my_3d_vision_bringup/local/lib/python3.10/dist-packages:/home/mk/dev_ws/install/gaze_control/lib/python3.10/site-packages:/home/mk/dev_ws/install/collision_check/lib/python3.10/site-packages:/home/mk/dev_ws/install/audio_listener/lib/python3.10/site-packages:/opt/ros/humble/lib/python3.10/site-packages:/opt/ros/humble/local/lib/python3.10/dist-packages /usr/bin/cmake --install /home/mk/dev_ws/build/xarm_moveit_config
[4.536s] Level 1:colcon.colcon_core.environment:checking '/home/mk/dev_ws/install/xarm_moveit_config' for CMake config files
[4.537s] Level 1:colcon.colcon_core.shell:create_environment_hook('xarm_moveit_config', 'cmake_prefix_path')
[4.537s] INFO:colcon.colcon_core.shell:Creating environment hook '/home/mk/dev_ws/install/xarm_moveit_config/share/xarm_moveit_config/hook/cmake_prefix_path.ps1'
[4.537s] INFO:colcon.colcon_core.shell:Creating environment descriptor '/home/mk/dev_ws/install/xarm_moveit_config/share/xarm_moveit_config/hook/cmake_prefix_path.dsv'
[4.537s] INFO:colcon.colcon_core.shell:Creating environment hook '/home/mk/dev_ws/install/xarm_moveit_config/share/xarm_moveit_config/hook/cmake_prefix_path.sh'
[4.538s] Level 1:colcon.colcon_core.environment:checking '/home/mk/dev_ws/install/xarm_moveit_config/bin'
[4.538s] Level 1:colcon.colcon_core.environment:checking '/home/mk/dev_ws/install/xarm_moveit_config/lib/pkgconfig/xarm_moveit_config.pc'
[4.538s] Level 1:colcon.colcon_core.environment:checking '/home/mk/dev_ws/install/xarm_moveit_config/lib/python3.10/site-packages'
[4.538s] Level 1:colcon.colcon_core.environment:checking '/home/mk/dev_ws/install/xarm_moveit_config/bin'
[4.538s] INFO:colcon.colcon_core.shell:Creating package script '/home/mk/dev_ws/install/xarm_moveit_config/share/xarm_moveit_config/package.ps1'
[4.538s] INFO:colcon.colcon_core.shell:Creating package descriptor '/home/mk/dev_ws/install/xarm_moveit_config/share/xarm_moveit_config/package.dsv'
[4.539s] INFO:colcon.colcon_core.shell:Creating package script '/home/mk/dev_ws/install/xarm_moveit_config/share/xarm_moveit_config/package.sh'
[4.539s] INFO:colcon.colcon_core.shell:Creating package script '/home/mk/dev_ws/install/xarm_moveit_config/share/xarm_moveit_config/package.bash'
[4.539s] INFO:colcon.colcon_core.shell:Creating package script '/home/mk/dev_ws/install/xarm_moveit_config/share/xarm_moveit_config/package.zsh'
[4.539s] Level 1:colcon.colcon_core.environment:create_file_with_runtime_dependencies(/home/mk/dev_ws/install/xarm_moveit_config/share/colcon-core/packages/xarm_moveit_config)
[4.539s] Level 1:colcon.colcon_core.environment:create_environment_scripts_only(xarm_moveit_config)
[4.540s] Level 1:colcon.colcon_core.environment:checking '/home/mk/dev_ws/install/xarm_moveit_config' for CMake module files
[4.540s] Level 1:colcon.colcon_core.environment:checking '/home/mk/dev_ws/install/xarm_moveit_config' for CMake config files
[4.540s] Level 1:colcon.colcon_core.shell:create_environment_hook('xarm_moveit_config', 'cmake_prefix_path')
[4.540s] INFO:colcon.colcon_core.shell:Creating environment hook '/home/mk/dev_ws/install/xarm_moveit_config/share/xarm_moveit_config/hook/cmake_prefix_path.ps1'
[4.541s] INFO:colcon.colcon_core.shell:Creating environment descriptor '/home/mk/dev_ws/install/xarm_moveit_config/share/xarm_moveit_config/hook/cmake_prefix_path.dsv'
[4.541s] INFO:colcon.colcon_core.shell:Creating environment hook '/home/mk/dev_ws/install/xarm_moveit_config/share/xarm_moveit_config/hook/cmake_prefix_path.sh'
[4.541s] Level 1:colcon.colcon_core.environment:checking '/home/mk/dev_ws/install/xarm_moveit_config/bin'
[4.541s] Level 1:colcon.colcon_core.environment:checking '/home/mk/dev_ws/install/xarm_moveit_config/lib/pkgconfig/xarm_moveit_config.pc'
[4.541s] Level 1:colcon.colcon_core.environment:checking '/home/mk/dev_ws/install/xarm_moveit_config/lib/python3.10/site-packages'
[4.541s] Level 1:colcon.colcon_core.environment:checking '/home/mk/dev_ws/install/xarm_moveit_config/bin'
[4.542s] INFO:colcon.colcon_core.shell:Creating package script '/home/mk/dev_ws/install/xarm_moveit_config/share/xarm_moveit_config/package.ps1'
[4.542s] INFO:colcon.colcon_core.shell:Creating package descriptor '/home/mk/dev_ws/install/xarm_moveit_config/share/xarm_moveit_config/package.dsv'
[4.542s] INFO:colcon.colcon_core.shell:Creating package script '/home/mk/dev_ws/install/xarm_moveit_config/share/xarm_moveit_config/package.sh'
[4.542s] INFO:colcon.colcon_core.shell:Creating package script '/home/mk/dev_ws/install/xarm_moveit_config/share/xarm_moveit_config/package.bash'
[4.543s] INFO:colcon.colcon_core.shell:Creating package script '/home/mk/dev_ws/install/xarm_moveit_config/share/xarm_moveit_config/package.zsh'
[4.543s] Level 1:colcon.colcon_core.environment:create_file_with_runtime_dependencies(/home/mk/dev_ws/install/xarm_moveit_config/share/colcon-core/packages/xarm_moveit_config)
[4.543s] INFO:colcon.colcon_ros.task.ament_cmake.build:Building ROS package in '/home/mk/dev_ws/src/xarm_ros2/xarm_moveit_servo' with build type 'ament_cmake'
[4.543s] INFO:colcon.colcon_cmake.task.cmake.build:Building CMake package in '/home/mk/dev_ws/src/xarm_ros2/xarm_moveit_servo'
[4.543s] INFO:colcon.colcon_core.shell:Skip shell extension 'powershell' for command environment: Not usable outside of PowerShell
[4.543s] DEBUG:colcon.colcon_core.shell:Skip shell extension 'dsv' for command environment
[4.546s] INFO:colcon.colcon_ros.task.ament_cmake.build:Building ROS package in '/home/mk/dev_ws/src/xarm_ros2/xarm_planner' with build type 'ament_cmake'
[4.546s] INFO:colcon.colcon_cmake.task.cmake.build:Building CMake package in '/home/mk/dev_ws/src/xarm_ros2/xarm_planner'
[4.546s] INFO:colcon.colcon_core.shell:Skip shell extension 'powershell' for command environment: Not usable outside of PowerShell
[4.546s] DEBUG:colcon.colcon_core.shell:Skip shell extension 'dsv' for command environment
[4.561s] DEBUG:colcon.colcon_core.event_handler.log_command:Invoking command in '/home/mk/dev_ws/build/xarm_moveit_servo': AMENT_PREFIX_PATH=/home/mk/dev_ws/install/uf_ros_lib:/home/mk/dev_ws/install/zed_ros2:/home/mk/dev_ws/install/zed_wrapper:/home/mk/dev_ws/install/zed_components:/home/mk/dev_ws/install/zed_interfaces:/home/mk/dev_ws/install/yolo_object_detector:/home/mk/dev_ws/install/xarm_planner:/home/mk/dev_ws/install/xarm_moveit_servo:/home/mk/dev_ws/install/xarm_moveit_config:/home/mk/dev_ws/install/xarm_gazebo:/home/mk/dev_ws/install/xarm_controller:/home/mk/dev_ws/install/xarm_api:/home/mk/dev_ws/install/xarm_sdk:/home/mk/dev_ws/install/rviz_robot_control_panel:/home/mk/dev_ws/install/move_to_coordinator:/home/mk/dev_ws/install/motion_sequence:/home/mk/dev_ws/install/xarm_msgs:/home/mk/dev_ws/install/xarm_description:/home/mk/dev_ws/install/whisper_demos:/home/mk/dev_ws/install/whisper_bringup:/home/mk/dev_ws/install/whisper_server:/home/mk/dev_ws/install/transcript_manager:/home/mk/dev_ws/install/whisper_util:/home/mk/dev_ws/install/voice_command_listener:/home/mk/dev_ws/install/whisper_idl:/home/mk/dev_ws/install/whisper_cpp_vendor:/home/mk/dev_ws/install/rviz_servo_status_overlay:/home/mk/dev_ws/install/rviz_marker_static_scene_objects:/home/mk/dev_ws/install/robot_motion_handler_movegroup:/home/mk/dev_ws/install/realsense_gazebo_plugin:/home/mk/dev_ws/install/my_3d_vision_bringup:/home/mk/dev_ws/install/mbot_demo:/home/mk/dev_ws/install/gaze_control:/home/mk/dev_ws/install/collision_check:/home/mk/dev_ws/install/audio_listener:/opt/ros/humble CMAKE_PREFIX_PATH=/home/mk/dev_ws/install/xarm_moveit_config:/home/mk/dev_ws/install/xarm_gazebo:/home/mk/dev_ws/install/xarm_controller:/home/mk/dev_ws/install/xarm_api:/home/mk/dev_ws/install/xarm_sdk:/home/mk/dev_ws/install/xarm_msgs:/home/mk/dev_ws/install/xarm_description:/home/mk/dev_ws/install/whisper_idl:/home/mk/dev_ws/install/zed_ros2:/home/mk/dev_ws/install/zed_wrapper:/home/mk/dev_ws/install/zed_components:/home/mk/dev_ws/install/zed_interfaces:/home/mk/dev_ws/install/xarm_planner:/home/mk/dev_ws/install/xarm_moveit_servo:/home/mk/dev_ws/install/rviz_robot_control_panel:/home/mk/dev_ws/install/whisper_bringup:/home/mk/dev_ws/install/whisper_server:/home/mk/dev_ws/install/transcript_manager:/home/mk/dev_ws/install/whisper_util:/home/mk/dev_ws/install/whisper_cpp_vendor:/home/mk/dev_ws/install/realsense_gazebo_plugin:/home/mk/dev_ws/install/my_3d_vision_bringup:/home/mk/dev_ws/install/mbot_demo:/home/mk/dev_ws/install/yolo_object_detector:/home/mk/dev_ws/install/move_to_coordinator:/home/mk/dev_ws/install/motion_sequence:/home/mk/dev_ws/install/whisper_demos:/home/mk/dev_ws/install/voice_command_listener:/home/mk/dev_ws/install/uf_ros_lib:/home/mk/dev_ws/install/rviz_servo_status_overlay:/home/mk/dev_ws/install/rviz_marker_static_scene_objects:/home/mk/dev_ws/install/robot_motion_handler_movegroup:/home/mk/dev_ws/install/gaze_control:/home/mk/dev_ws/install/collision_check:/home/mk/dev_ws/install/audio_listener:/opt/ros/humble LD_LIBRARY_PATH=/home/mk/dev_ws/install/xarm_gazebo/lib:/home/mk/dev_ws/install/xarm_controller/lib:/home/mk/dev_ws/install/xarm_api/lib:/home/mk/dev_ws/install/xarm_sdk/lib:/home/mk/dev_ws/install/xarm_msgs/lib:/home/mk/dev_ws/install/whisper_idl/lib:/usr/local/cuda-12.1/lib64:/home/mk/dev_ws/install/zed_components/lib:/home/mk/dev_ws/install/zed_interfaces/lib:/home/mk/dev_ws/install/xarm_planner/lib:/home/mk/dev_ws/install/xarm_moveit_servo/lib:/home/mk/dev_ws/install/rviz_robot_control_panel/lib:/home/mk/dev_ws/install/whisper_server/lib:/home/mk/dev_ws/install/transcript_manager/lib:/home/mk/dev_ws/install/whisper_util/lib:/home/mk/dev_ws/install/whisper_cpp_vendor/lib:/home/mk/dev_ws/install/realsense_gazebo_plugin/lib:/home/mk/dev_ws/install/my_3d_vision_bringup/lib:/usr/lib/x86_64-linux-gnu/gazebo-11/plugins:/opt/ros/humble/opt/rviz_ogre_vendor/lib:/opt/ros/humble/lib/x86_64-linux-gnu:/opt/ros/humble/lib PYTHONPATH=/home/mk/dev_ws/build/uf_ros_lib:/home/mk/dev_ws/install/uf_ros_lib/lib/python3.10/site-packages:/home/mk/dev_ws/install/zed_interfaces/local/lib/python3.10/dist-packages:/home/mk/dev_ws/install/yolo_object_detector/lib/python3.10/site-packages:/home/mk/dev_ws/install/move_to_coordinator/lib/python3.10/site-packages:/home/mk/dev_ws/install/motion_sequence/lib/python3.10/site-packages:/home/mk/dev_ws/install/xarm_msgs/local/lib/python3.10/dist-packages:/home/mk/dev_ws/install/whisper_demos/lib/python3.10/site-packages:/home/mk/dev_ws/install/voice_command_listener/lib/python3.10/site-packages:/home/mk/dev_ws/install/whisper_idl/local/lib/python3.10/dist-packages:/home/mk/dev_ws/install/rviz_servo_status_overlay/lib/python3.10/site-packages:/home/mk/dev_ws/install/rviz_marker_static_scene_objects/lib/python3.10/site-packages:/home/mk/dev_ws/install/robot_motion_handler_movegroup/lib/python3.10/site-packages:/home/mk/dev_ws/install/my_3d_vision_bringup/local/lib/python3.10/dist-packages:/home/mk/dev_ws/install/gaze_control/lib/python3.10/site-packages:/home/mk/dev_ws/install/collision_check/lib/python3.10/site-packages:/home/mk/dev_ws/install/audio_listener/lib/python3.10/site-packages:/opt/ros/humble/lib/python3.10/site-packages:/opt/ros/humble/local/lib/python3.10/dist-packages /usr/bin/cmake /home/mk/dev_ws/src/xarm_ros2/xarm_moveit_servo -DAMENT_CMAKE_SYMLINK_INSTALL=1 -DCMAKE_INSTALL_PREFIX=/home/mk/dev_ws/install/xarm_moveit_servo
[4.562s] DEBUG:colcon.colcon_core.event_handler.log_command:Invoking command in '/home/mk/dev_ws/build/xarm_planner': AMENT_PREFIX_PATH=/home/mk/dev_ws/install/uf_ros_lib:/home/mk/dev_ws/install/zed_ros2:/home/mk/dev_ws/install/zed_wrapper:/home/mk/dev_ws/install/zed_components:/home/mk/dev_ws/install/zed_interfaces:/home/mk/dev_ws/install/yolo_object_detector:/home/mk/dev_ws/install/xarm_planner:/home/mk/dev_ws/install/xarm_moveit_servo:/home/mk/dev_ws/install/xarm_moveit_config:/home/mk/dev_ws/install/xarm_gazebo:/home/mk/dev_ws/install/xarm_controller:/home/mk/dev_ws/install/xarm_api:/home/mk/dev_ws/install/xarm_sdk:/home/mk/dev_ws/install/rviz_robot_control_panel:/home/mk/dev_ws/install/move_to_coordinator:/home/mk/dev_ws/install/motion_sequence:/home/mk/dev_ws/install/xarm_msgs:/home/mk/dev_ws/install/xarm_description:/home/mk/dev_ws/install/whisper_demos:/home/mk/dev_ws/install/whisper_bringup:/home/mk/dev_ws/install/whisper_server:/home/mk/dev_ws/install/transcript_manager:/home/mk/dev_ws/install/whisper_util:/home/mk/dev_ws/install/voice_command_listener:/home/mk/dev_ws/install/whisper_idl:/home/mk/dev_ws/install/whisper_cpp_vendor:/home/mk/dev_ws/install/rviz_servo_status_overlay:/home/mk/dev_ws/install/rviz_marker_static_scene_objects:/home/mk/dev_ws/install/robot_motion_handler_movegroup:/home/mk/dev_ws/install/realsense_gazebo_plugin:/home/mk/dev_ws/install/my_3d_vision_bringup:/home/mk/dev_ws/install/mbot_demo:/home/mk/dev_ws/install/gaze_control:/home/mk/dev_ws/install/collision_check:/home/mk/dev_ws/install/audio_listener:/opt/ros/humble CMAKE_PREFIX_PATH=/home/mk/dev_ws/install/xarm_moveit_config:/home/mk/dev_ws/install/xarm_gazebo:/home/mk/dev_ws/install/xarm_controller:/home/mk/dev_ws/install/xarm_api:/home/mk/dev_ws/install/xarm_sdk:/home/mk/dev_ws/install/xarm_msgs:/home/mk/dev_ws/install/xarm_description:/home/mk/dev_ws/install/zed_ros2:/home/mk/dev_ws/install/zed_wrapper:/home/mk/dev_ws/install/zed_components:/home/mk/dev_ws/install/zed_interfaces:/home/mk/dev_ws/install/xarm_planner:/home/mk/dev_ws/install/xarm_moveit_servo:/home/mk/dev_ws/install/rviz_robot_control_panel:/home/mk/dev_ws/install/whisper_bringup:/home/mk/dev_ws/install/whisper_server:/home/mk/dev_ws/install/transcript_manager:/home/mk/dev_ws/install/whisper_util:/home/mk/dev_ws/install/whisper_idl:/home/mk/dev_ws/install/whisper_cpp_vendor:/home/mk/dev_ws/install/realsense_gazebo_plugin:/home/mk/dev_ws/install/my_3d_vision_bringup:/home/mk/dev_ws/install/mbot_demo:/home/mk/dev_ws/install/yolo_object_detector:/home/mk/dev_ws/install/move_to_coordinator:/home/mk/dev_ws/install/motion_sequence:/home/mk/dev_ws/install/whisper_demos:/home/mk/dev_ws/install/voice_command_listener:/home/mk/dev_ws/install/uf_ros_lib:/home/mk/dev_ws/install/rviz_servo_status_overlay:/home/mk/dev_ws/install/rviz_marker_static_scene_objects:/home/mk/dev_ws/install/robot_motion_handler_movegroup:/home/mk/dev_ws/install/gaze_control:/home/mk/dev_ws/install/collision_check:/home/mk/dev_ws/install/audio_listener:/opt/ros/humble LD_LIBRARY_PATH=/home/mk/dev_ws/install/xarm_gazebo/lib:/home/mk/dev_ws/install/xarm_controller/lib:/home/mk/dev_ws/install/xarm_api/lib:/home/mk/dev_ws/install/xarm_sdk/lib:/home/mk/dev_ws/install/xarm_msgs/lib:/usr/local/cuda-12.1/lib64:/home/mk/dev_ws/install/zed_components/lib:/home/mk/dev_ws/install/zed_interfaces/lib:/home/mk/dev_ws/install/xarm_planner/lib:/home/mk/dev_ws/install/xarm_moveit_servo/lib:/home/mk/dev_ws/install/rviz_robot_control_panel/lib:/home/mk/dev_ws/install/whisper_server/lib:/home/mk/dev_ws/install/transcript_manager/lib:/home/mk/dev_ws/install/whisper_util/lib:/home/mk/dev_ws/install/whisper_idl/lib:/home/mk/dev_ws/install/whisper_cpp_vendor/lib:/home/mk/dev_ws/install/realsense_gazebo_plugin/lib:/home/mk/dev_ws/install/my_3d_vision_bringup/lib:/usr/lib/x86_64-linux-gnu/gazebo-11/plugins:/opt/ros/humble/opt/rviz_ogre_vendor/lib:/opt/ros/humble/lib/x86_64-linux-gnu:/opt/ros/humble/lib PYTHONPATH=/home/mk/dev_ws/build/uf_ros_lib:/home/mk/dev_ws/install/uf_ros_lib/lib/python3.10/site-packages:/home/mk/dev_ws/install/zed_interfaces/local/lib/python3.10/dist-packages:/home/mk/dev_ws/install/yolo_object_detector/lib/python3.10/site-packages:/home/mk/dev_ws/install/move_to_coordinator/lib/python3.10/site-packages:/home/mk/dev_ws/install/motion_sequence/lib/python3.10/site-packages:/home/mk/dev_ws/install/xarm_msgs/local/lib/python3.10/dist-packages:/home/mk/dev_ws/install/whisper_demos/lib/python3.10/site-packages:/home/mk/dev_ws/install/voice_command_listener/lib/python3.10/site-packages:/home/mk/dev_ws/install/whisper_idl/local/lib/python3.10/dist-packages:/home/mk/dev_ws/install/rviz_servo_status_overlay/lib/python3.10/site-packages:/home/mk/dev_ws/install/rviz_marker_static_scene_objects/lib/python3.10/site-packages:/home/mk/dev_ws/install/robot_motion_handler_movegroup/lib/python3.10/site-packages:/home/mk/dev_ws/install/my_3d_vision_bringup/local/lib/python3.10/dist-packages:/home/mk/dev_ws/install/gaze_control/lib/python3.10/site-packages:/home/mk/dev_ws/install/collision_check/lib/python3.10/site-packages:/home/mk/dev_ws/install/audio_listener/lib/python3.10/site-packages:/opt/ros/humble/lib/python3.10/site-packages:/opt/ros/humble/local/lib/python3.10/dist-packages /usr/bin/cmake /home/mk/dev_ws/src/xarm_ros2/xarm_planner -DAMENT_CMAKE_SYMLINK_INSTALL=1 -DCMAKE_INSTALL_PREFIX=/home/mk/dev_ws/install/xarm_planner
[5.180s] DEBUG:colcon.colcon_core.event_handler.log_command:Invoked command in '/home/mk/dev_ws/build/xarm_moveit_servo' returned '0': AMENT_PREFIX_PATH=/home/mk/dev_ws/install/uf_ros_lib:/home/mk/dev_ws/install/zed_ros2:/home/mk/dev_ws/install/zed_wrapper:/home/mk/dev_ws/install/zed_components:/home/mk/dev_ws/install/zed_interfaces:/home/mk/dev_ws/install/yolo_object_detector:/home/mk/dev_ws/install/xarm_planner:/home/mk/dev_ws/install/xarm_moveit_servo:/home/mk/dev_ws/install/xarm_moveit_config:/home/mk/dev_ws/install/xarm_gazebo:/home/mk/dev_ws/install/xarm_controller:/home/mk/dev_ws/install/xarm_api:/home/mk/dev_ws/install/xarm_sdk:/home/mk/dev_ws/install/rviz_robot_control_panel:/home/mk/dev_ws/install/move_to_coordinator:/home/mk/dev_ws/install/motion_sequence:/home/mk/dev_ws/install/xarm_msgs:/home/mk/dev_ws/install/xarm_description:/home/mk/dev_ws/install/whisper_demos:/home/mk/dev_ws/install/whisper_bringup:/home/mk/dev_ws/install/whisper_server:/home/mk/dev_ws/install/transcript_manager:/home/mk/dev_ws/install/whisper_util:/home/mk/dev_ws/install/voice_command_listener:/home/mk/dev_ws/install/whisper_idl:/home/mk/dev_ws/install/whisper_cpp_vendor:/home/mk/dev_ws/install/rviz_servo_status_overlay:/home/mk/dev_ws/install/rviz_marker_static_scene_objects:/home/mk/dev_ws/install/robot_motion_handler_movegroup:/home/mk/dev_ws/install/realsense_gazebo_plugin:/home/mk/dev_ws/install/my_3d_vision_bringup:/home/mk/dev_ws/install/mbot_demo:/home/mk/dev_ws/install/gaze_control:/home/mk/dev_ws/install/collision_check:/home/mk/dev_ws/install/audio_listener:/opt/ros/humble CMAKE_PREFIX_PATH=/home/mk/dev_ws/install/xarm_moveit_config:/home/mk/dev_ws/install/xarm_gazebo:/home/mk/dev_ws/install/xarm_controller:/home/mk/dev_ws/install/xarm_api:/home/mk/dev_ws/install/xarm_sdk:/home/mk/dev_ws/install/xarm_msgs:/home/mk/dev_ws/install/xarm_description:/home/mk/dev_ws/install/whisper_idl:/home/mk/dev_ws/install/zed_ros2:/home/mk/dev_ws/install/zed_wrapper:/home/mk/dev_ws/install/zed_components:/home/mk/dev_ws/install/zed_interfaces:/home/mk/dev_ws/install/xarm_planner:/home/mk/dev_ws/install/xarm_moveit_servo:/home/mk/dev_ws/install/rviz_robot_control_panel:/home/mk/dev_ws/install/whisper_bringup:/home/mk/dev_ws/install/whisper_server:/home/mk/dev_ws/install/transcript_manager:/home/mk/dev_ws/install/whisper_util:/home/mk/dev_ws/install/whisper_cpp_vendor:/home/mk/dev_ws/install/realsense_gazebo_plugin:/home/mk/dev_ws/install/my_3d_vision_bringup:/home/mk/dev_ws/install/mbot_demo:/home/mk/dev_ws/install/yolo_object_detector:/home/mk/dev_ws/install/move_to_coordinator:/home/mk/dev_ws/install/motion_sequence:/home/mk/dev_ws/install/whisper_demos:/home/mk/dev_ws/install/voice_command_listener:/home/mk/dev_ws/install/uf_ros_lib:/home/mk/dev_ws/install/rviz_servo_status_overlay:/home/mk/dev_ws/install/rviz_marker_static_scene_objects:/home/mk/dev_ws/install/robot_motion_handler_movegroup:/home/mk/dev_ws/install/gaze_control:/home/mk/dev_ws/install/collision_check:/home/mk/dev_ws/install/audio_listener:/opt/ros/humble LD_LIBRARY_PATH=/home/mk/dev_ws/install/xarm_gazebo/lib:/home/mk/dev_ws/install/xarm_controller/lib:/home/mk/dev_ws/install/xarm_api/lib:/home/mk/dev_ws/install/xarm_sdk/lib:/home/mk/dev_ws/install/xarm_msgs/lib:/home/mk/dev_ws/install/whisper_idl/lib:/usr/local/cuda-12.1/lib64:/home/mk/dev_ws/install/zed_components/lib:/home/mk/dev_ws/install/zed_interfaces/lib:/home/mk/dev_ws/install/xarm_planner/lib:/home/mk/dev_ws/install/xarm_moveit_servo/lib:/home/mk/dev_ws/install/rviz_robot_control_panel/lib:/home/mk/dev_ws/install/whisper_server/lib:/home/mk/dev_ws/install/transcript_manager/lib:/home/mk/dev_ws/install/whisper_util/lib:/home/mk/dev_ws/install/whisper_cpp_vendor/lib:/home/mk/dev_ws/install/realsense_gazebo_plugin/lib:/home/mk/dev_ws/install/my_3d_vision_bringup/lib:/usr/lib/x86_64-linux-gnu/gazebo-11/plugins:/opt/ros/humble/opt/rviz_ogre_vendor/lib:/opt/ros/humble/lib/x86_64-linux-gnu:/opt/ros/humble/lib PYTHONPATH=/home/mk/dev_ws/build/uf_ros_lib:/home/mk/dev_ws/install/uf_ros_lib/lib/python3.10/site-packages:/home/mk/dev_ws/install/zed_interfaces/local/lib/python3.10/dist-packages:/home/mk/dev_ws/install/yolo_object_detector/lib/python3.10/site-packages:/home/mk/dev_ws/install/move_to_coordinator/lib/python3.10/site-packages:/home/mk/dev_ws/install/motion_sequence/lib/python3.10/site-packages:/home/mk/dev_ws/install/xarm_msgs/local/lib/python3.10/dist-packages:/home/mk/dev_ws/install/whisper_demos/lib/python3.10/site-packages:/home/mk/dev_ws/install/voice_command_listener/lib/python3.10/site-packages:/home/mk/dev_ws/install/whisper_idl/local/lib/python3.10/dist-packages:/home/mk/dev_ws/install/rviz_servo_status_overlay/lib/python3.10/site-packages:/home/mk/dev_ws/install/rviz_marker_static_scene_objects/lib/python3.10/site-packages:/home/mk/dev_ws/install/robot_motion_handler_movegroup/lib/python3.10/site-packages:/home/mk/dev_ws/install/my_3d_vision_bringup/local/lib/python3.10/dist-packages:/home/mk/dev_ws/install/gaze_control/lib/python3.10/site-packages:/home/mk/dev_ws/install/collision_check/lib/python3.10/site-packages:/home/mk/dev_ws/install/audio_listener/lib/python3.10/site-packages:/opt/ros/humble/lib/python3.10/site-packages:/opt/ros/humble/local/lib/python3.10/dist-packages /usr/bin/cmake /home/mk/dev_ws/src/xarm_ros2/xarm_moveit_servo -DAMENT_CMAKE_SYMLINK_INSTALL=1 -DCMAKE_INSTALL_PREFIX=/home/mk/dev_ws/install/xarm_moveit_servo
[5.180s] DEBUG:colcon.colcon_core.event_handler.log_command:Invoking command in '/home/mk/dev_ws/build/xarm_moveit_servo': AMENT_PREFIX_PATH=/home/mk/dev_ws/install/uf_ros_lib:/home/mk/dev_ws/install/zed_ros2:/home/mk/dev_ws/install/zed_wrapper:/home/mk/dev_ws/install/zed_components:/home/mk/dev_ws/install/zed_interfaces:/home/mk/dev_ws/install/yolo_object_detector:/home/mk/dev_ws/install/xarm_planner:/home/mk/dev_ws/install/xarm_moveit_servo:/home/mk/dev_ws/install/xarm_moveit_config:/home/mk/dev_ws/install/xarm_gazebo:/home/mk/dev_ws/install/xarm_controller:/home/mk/dev_ws/install/xarm_api:/home/mk/dev_ws/install/xarm_sdk:/home/mk/dev_ws/install/rviz_robot_control_panel:/home/mk/dev_ws/install/move_to_coordinator:/home/mk/dev_ws/install/motion_sequence:/home/mk/dev_ws/install/xarm_msgs:/home/mk/dev_ws/install/xarm_description:/home/mk/dev_ws/install/whisper_demos:/home/mk/dev_ws/install/whisper_bringup:/home/mk/dev_ws/install/whisper_server:/home/mk/dev_ws/install/transcript_manager:/home/mk/dev_ws/install/whisper_util:/home/mk/dev_ws/install/voice_command_listener:/home/mk/dev_ws/install/whisper_idl:/home/mk/dev_ws/install/whisper_cpp_vendor:/home/mk/dev_ws/install/rviz_servo_status_overlay:/home/mk/dev_ws/install/rviz_marker_static_scene_objects:/home/mk/dev_ws/install/robot_motion_handler_movegroup:/home/mk/dev_ws/install/realsense_gazebo_plugin:/home/mk/dev_ws/install/my_3d_vision_bringup:/home/mk/dev_ws/install/mbot_demo:/home/mk/dev_ws/install/gaze_control:/home/mk/dev_ws/install/collision_check:/home/mk/dev_ws/install/audio_listener:/opt/ros/humble CMAKE_PREFIX_PATH=/home/mk/dev_ws/install/xarm_moveit_config:/home/mk/dev_ws/install/xarm_gazebo:/home/mk/dev_ws/install/xarm_controller:/home/mk/dev_ws/install/xarm_api:/home/mk/dev_ws/install/xarm_sdk:/home/mk/dev_ws/install/xarm_msgs:/home/mk/dev_ws/install/xarm_description:/home/mk/dev_ws/install/whisper_idl:/home/mk/dev_ws/install/zed_ros2:/home/mk/dev_ws/install/zed_wrapper:/home/mk/dev_ws/install/zed_components:/home/mk/dev_ws/install/zed_interfaces:/home/mk/dev_ws/install/xarm_planner:/home/mk/dev_ws/install/xarm_moveit_servo:/home/mk/dev_ws/install/rviz_robot_control_panel:/home/mk/dev_ws/install/whisper_bringup:/home/mk/dev_ws/install/whisper_server:/home/mk/dev_ws/install/transcript_manager:/home/mk/dev_ws/install/whisper_util:/home/mk/dev_ws/install/whisper_cpp_vendor:/home/mk/dev_ws/install/realsense_gazebo_plugin:/home/mk/dev_ws/install/my_3d_vision_bringup:/home/mk/dev_ws/install/mbot_demo:/home/mk/dev_ws/install/yolo_object_detector:/home/mk/dev_ws/install/move_to_coordinator:/home/mk/dev_ws/install/motion_sequence:/home/mk/dev_ws/install/whisper_demos:/home/mk/dev_ws/install/voice_command_listener:/home/mk/dev_ws/install/uf_ros_lib:/home/mk/dev_ws/install/rviz_servo_status_overlay:/home/mk/dev_ws/install/rviz_marker_static_scene_objects:/home/mk/dev_ws/install/robot_motion_handler_movegroup:/home/mk/dev_ws/install/gaze_control:/home/mk/dev_ws/install/collision_check:/home/mk/dev_ws/install/audio_listener:/opt/ros/humble LD_LIBRARY_PATH=/home/mk/dev_ws/install/xarm_gazebo/lib:/home/mk/dev_ws/install/xarm_controller/lib:/home/mk/dev_ws/install/xarm_api/lib:/home/mk/dev_ws/install/xarm_sdk/lib:/home/mk/dev_ws/install/xarm_msgs/lib:/home/mk/dev_ws/install/whisper_idl/lib:/usr/local/cuda-12.1/lib64:/home/mk/dev_ws/install/zed_components/lib:/home/mk/dev_ws/install/zed_interfaces/lib:/home/mk/dev_ws/install/xarm_planner/lib:/home/mk/dev_ws/install/xarm_moveit_servo/lib:/home/mk/dev_ws/install/rviz_robot_control_panel/lib:/home/mk/dev_ws/install/whisper_server/lib:/home/mk/dev_ws/install/transcript_manager/lib:/home/mk/dev_ws/install/whisper_util/lib:/home/mk/dev_ws/install/whisper_cpp_vendor/lib:/home/mk/dev_ws/install/realsense_gazebo_plugin/lib:/home/mk/dev_ws/install/my_3d_vision_bringup/lib:/usr/lib/x86_64-linux-gnu/gazebo-11/plugins:/opt/ros/humble/opt/rviz_ogre_vendor/lib:/opt/ros/humble/lib/x86_64-linux-gnu:/opt/ros/humble/lib PYTHONPATH=/home/mk/dev_ws/build/uf_ros_lib:/home/mk/dev_ws/install/uf_ros_lib/lib/python3.10/site-packages:/home/mk/dev_ws/install/zed_interfaces/local/lib/python3.10/dist-packages:/home/mk/dev_ws/install/yolo_object_detector/lib/python3.10/site-packages:/home/mk/dev_ws/install/move_to_coordinator/lib/python3.10/site-packages:/home/mk/dev_ws/install/motion_sequence/lib/python3.10/site-packages:/home/mk/dev_ws/install/xarm_msgs/local/lib/python3.10/dist-packages:/home/mk/dev_ws/install/whisper_demos/lib/python3.10/site-packages:/home/mk/dev_ws/install/voice_command_listener/lib/python3.10/site-packages:/home/mk/dev_ws/install/whisper_idl/local/lib/python3.10/dist-packages:/home/mk/dev_ws/install/rviz_servo_status_overlay/lib/python3.10/site-packages:/home/mk/dev_ws/install/rviz_marker_static_scene_objects/lib/python3.10/site-packages:/home/mk/dev_ws/install/robot_motion_handler_movegroup/lib/python3.10/site-packages:/home/mk/dev_ws/install/my_3d_vision_bringup/local/lib/python3.10/dist-packages:/home/mk/dev_ws/install/gaze_control/lib/python3.10/site-packages:/home/mk/dev_ws/install/collision_check/lib/python3.10/site-packages:/home/mk/dev_ws/install/audio_listener/lib/python3.10/site-packages:/opt/ros/humble/lib/python3.10/site-packages:/opt/ros/humble/local/lib/python3.10/dist-packages /usr/bin/cmake --build /home/mk/dev_ws/build/xarm_moveit_servo -- -j20 -l20
[5.230s] DEBUG:colcon.colcon_core.event_handler.log_command:Invoked command in '/home/mk/dev_ws/build/xarm_planner' returned '0': AMENT_PREFIX_PATH=/home/mk/dev_ws/install/uf_ros_lib:/home/mk/dev_ws/install/zed_ros2:/home/mk/dev_ws/install/zed_wrapper:/home/mk/dev_ws/install/zed_components:/home/mk/dev_ws/install/zed_interfaces:/home/mk/dev_ws/install/yolo_object_detector:/home/mk/dev_ws/install/xarm_planner:/home/mk/dev_ws/install/xarm_moveit_servo:/home/mk/dev_ws/install/xarm_moveit_config:/home/mk/dev_ws/install/xarm_gazebo:/home/mk/dev_ws/install/xarm_controller:/home/mk/dev_ws/install/xarm_api:/home/mk/dev_ws/install/xarm_sdk:/home/mk/dev_ws/install/rviz_robot_control_panel:/home/mk/dev_ws/install/move_to_coordinator:/home/mk/dev_ws/install/motion_sequence:/home/mk/dev_ws/install/xarm_msgs:/home/mk/dev_ws/install/xarm_description:/home/mk/dev_ws/install/whisper_demos:/home/mk/dev_ws/install/whisper_bringup:/home/mk/dev_ws/install/whisper_server:/home/mk/dev_ws/install/transcript_manager:/home/mk/dev_ws/install/whisper_util:/home/mk/dev_ws/install/voice_command_listener:/home/mk/dev_ws/install/whisper_idl:/home/mk/dev_ws/install/whisper_cpp_vendor:/home/mk/dev_ws/install/rviz_servo_status_overlay:/home/mk/dev_ws/install/rviz_marker_static_scene_objects:/home/mk/dev_ws/install/robot_motion_handler_movegroup:/home/mk/dev_ws/install/realsense_gazebo_plugin:/home/mk/dev_ws/install/my_3d_vision_bringup:/home/mk/dev_ws/install/mbot_demo:/home/mk/dev_ws/install/gaze_control:/home/mk/dev_ws/install/collision_check:/home/mk/dev_ws/install/audio_listener:/opt/ros/humble CMAKE_PREFIX_PATH=/home/mk/dev_ws/install/xarm_moveit_config:/home/mk/dev_ws/install/xarm_gazebo:/home/mk/dev_ws/install/xarm_controller:/home/mk/dev_ws/install/xarm_api:/home/mk/dev_ws/install/xarm_sdk:/home/mk/dev_ws/install/xarm_msgs:/home/mk/dev_ws/install/xarm_description:/home/mk/dev_ws/install/zed_ros2:/home/mk/dev_ws/install/zed_wrapper:/home/mk/dev_ws/install/zed_components:/home/mk/dev_ws/install/zed_interfaces:/home/mk/dev_ws/install/xarm_planner:/home/mk/dev_ws/install/xarm_moveit_servo:/home/mk/dev_ws/install/rviz_robot_control_panel:/home/mk/dev_ws/install/whisper_bringup:/home/mk/dev_ws/install/whisper_server:/home/mk/dev_ws/install/transcript_manager:/home/mk/dev_ws/install/whisper_util:/home/mk/dev_ws/install/whisper_idl:/home/mk/dev_ws/install/whisper_cpp_vendor:/home/mk/dev_ws/install/realsense_gazebo_plugin:/home/mk/dev_ws/install/my_3d_vision_bringup:/home/mk/dev_ws/install/mbot_demo:/home/mk/dev_ws/install/yolo_object_detector:/home/mk/dev_ws/install/move_to_coordinator:/home/mk/dev_ws/install/motion_sequence:/home/mk/dev_ws/install/whisper_demos:/home/mk/dev_ws/install/voice_command_listener:/home/mk/dev_ws/install/uf_ros_lib:/home/mk/dev_ws/install/rviz_servo_status_overlay:/home/mk/dev_ws/install/rviz_marker_static_scene_objects:/home/mk/dev_ws/install/robot_motion_handler_movegroup:/home/mk/dev_ws/install/gaze_control:/home/mk/dev_ws/install/collision_check:/home/mk/dev_ws/install/audio_listener:/opt/ros/humble LD_LIBRARY_PATH=/home/mk/dev_ws/install/xarm_gazebo/lib:/home/mk/dev_ws/install/xarm_controller/lib:/home/mk/dev_ws/install/xarm_api/lib:/home/mk/dev_ws/install/xarm_sdk/lib:/home/mk/dev_ws/install/xarm_msgs/lib:/usr/local/cuda-12.1/lib64:/home/mk/dev_ws/install/zed_components/lib:/home/mk/dev_ws/install/zed_interfaces/lib:/home/mk/dev_ws/install/xarm_planner/lib:/home/mk/dev_ws/install/xarm_moveit_servo/lib:/home/mk/dev_ws/install/rviz_robot_control_panel/lib:/home/mk/dev_ws/install/whisper_server/lib:/home/mk/dev_ws/install/transcript_manager/lib:/home/mk/dev_ws/install/whisper_util/lib:/home/mk/dev_ws/install/whisper_idl/lib:/home/mk/dev_ws/install/whisper_cpp_vendor/lib:/home/mk/dev_ws/install/realsense_gazebo_plugin/lib:/home/mk/dev_ws/install/my_3d_vision_bringup/lib:/usr/lib/x86_64-linux-gnu/gazebo-11/plugins:/opt/ros/humble/opt/rviz_ogre_vendor/lib:/opt/ros/humble/lib/x86_64-linux-gnu:/opt/ros/humble/lib PYTHONPATH=/home/mk/dev_ws/build/uf_ros_lib:/home/mk/dev_ws/install/uf_ros_lib/lib/python3.10/site-packages:/home/mk/dev_ws/install/zed_interfaces/local/lib/python3.10/dist-packages:/home/mk/dev_ws/install/yolo_object_detector/lib/python3.10/site-packages:/home/mk/dev_ws/install/move_to_coordinator/lib/python3.10/site-packages:/home/mk/dev_ws/install/motion_sequence/lib/python3.10/site-packages:/home/mk/dev_ws/install/xarm_msgs/local/lib/python3.10/dist-packages:/home/mk/dev_ws/install/whisper_demos/lib/python3.10/site-packages:/home/mk/dev_ws/install/voice_command_listener/lib/python3.10/site-packages:/home/mk/dev_ws/install/whisper_idl/local/lib/python3.10/dist-packages:/home/mk/dev_ws/install/rviz_servo_status_overlay/lib/python3.10/site-packages:/home/mk/dev_ws/install/rviz_marker_static_scene_objects/lib/python3.10/site-packages:/home/mk/dev_ws/install/robot_motion_handler_movegroup/lib/python3.10/site-packages:/home/mk/dev_ws/install/my_3d_vision_bringup/local/lib/python3.10/dist-packages:/home/mk/dev_ws/install/gaze_control/lib/python3.10/site-packages:/home/mk/dev_ws/install/collision_check/lib/python3.10/site-packages:/home/mk/dev_ws/install/audio_listener/lib/python3.10/site-packages:/opt/ros/humble/lib/python3.10/site-packages:/opt/ros/humble/local/lib/python3.10/dist-packages /usr/bin/cmake /home/mk/dev_ws/src/xarm_ros2/xarm_planner -DAMENT_CMAKE_SYMLINK_INSTALL=1 -DCMAKE_INSTALL_PREFIX=/home/mk/dev_ws/install/xarm_planner
[5.231s] DEBUG:colcon.colcon_core.event_handler.log_command:Invoking command in '/home/mk/dev_ws/build/xarm_planner': AMENT_PREFIX_PATH=/home/mk/dev_ws/install/uf_ros_lib:/home/mk/dev_ws/install/zed_ros2:/home/mk/dev_ws/install/zed_wrapper:/home/mk/dev_ws/install/zed_components:/home/mk/dev_ws/install/zed_interfaces:/home/mk/dev_ws/install/yolo_object_detector:/home/mk/dev_ws/install/xarm_planner:/home/mk/dev_ws/install/xarm_moveit_servo:/home/mk/dev_ws/install/xarm_moveit_config:/home/mk/dev_ws/install/xarm_gazebo:/home/mk/dev_ws/install/xarm_controller:/home/mk/dev_ws/install/xarm_api:/home/mk/dev_ws/install/xarm_sdk:/home/mk/dev_ws/install/rviz_robot_control_panel:/home/mk/dev_ws/install/move_to_coordinator:/home/mk/dev_ws/install/motion_sequence:/home/mk/dev_ws/install/xarm_msgs:/home/mk/dev_ws/install/xarm_description:/home/mk/dev_ws/install/whisper_demos:/home/mk/dev_ws/install/whisper_bringup:/home/mk/dev_ws/install/whisper_server:/home/mk/dev_ws/install/transcript_manager:/home/mk/dev_ws/install/whisper_util:/home/mk/dev_ws/install/voice_command_listener:/home/mk/dev_ws/install/whisper_idl:/home/mk/dev_ws/install/whisper_cpp_vendor:/home/mk/dev_ws/install/rviz_servo_status_overlay:/home/mk/dev_ws/install/rviz_marker_static_scene_objects:/home/mk/dev_ws/install/robot_motion_handler_movegroup:/home/mk/dev_ws/install/realsense_gazebo_plugin:/home/mk/dev_ws/install/my_3d_vision_bringup:/home/mk/dev_ws/install/mbot_demo:/home/mk/dev_ws/install/gaze_control:/home/mk/dev_ws/install/collision_check:/home/mk/dev_ws/install/audio_listener:/opt/ros/humble CMAKE_PREFIX_PATH=/home/mk/dev_ws/install/xarm_moveit_config:/home/mk/dev_ws/install/xarm_gazebo:/home/mk/dev_ws/install/xarm_controller:/home/mk/dev_ws/install/xarm_api:/home/mk/dev_ws/install/xarm_sdk:/home/mk/dev_ws/install/xarm_msgs:/home/mk/dev_ws/install/xarm_description:/home/mk/dev_ws/install/zed_ros2:/home/mk/dev_ws/install/zed_wrapper:/home/mk/dev_ws/install/zed_components:/home/mk/dev_ws/install/zed_interfaces:/home/mk/dev_ws/install/xarm_planner:/home/mk/dev_ws/install/xarm_moveit_servo:/home/mk/dev_ws/install/rviz_robot_control_panel:/home/mk/dev_ws/install/whisper_bringup:/home/mk/dev_ws/install/whisper_server:/home/mk/dev_ws/install/transcript_manager:/home/mk/dev_ws/install/whisper_util:/home/mk/dev_ws/install/whisper_idl:/home/mk/dev_ws/install/whisper_cpp_vendor:/home/mk/dev_ws/install/realsense_gazebo_plugin:/home/mk/dev_ws/install/my_3d_vision_bringup:/home/mk/dev_ws/install/mbot_demo:/home/mk/dev_ws/install/yolo_object_detector:/home/mk/dev_ws/install/move_to_coordinator:/home/mk/dev_ws/install/motion_sequence:/home/mk/dev_ws/install/whisper_demos:/home/mk/dev_ws/install/voice_command_listener:/home/mk/dev_ws/install/uf_ros_lib:/home/mk/dev_ws/install/rviz_servo_status_overlay:/home/mk/dev_ws/install/rviz_marker_static_scene_objects:/home/mk/dev_ws/install/robot_motion_handler_movegroup:/home/mk/dev_ws/install/gaze_control:/home/mk/dev_ws/install/collision_check:/home/mk/dev_ws/install/audio_listener:/opt/ros/humble LD_LIBRARY_PATH=/home/mk/dev_ws/install/xarm_gazebo/lib:/home/mk/dev_ws/install/xarm_controller/lib:/home/mk/dev_ws/install/xarm_api/lib:/home/mk/dev_ws/install/xarm_sdk/lib:/home/mk/dev_ws/install/xarm_msgs/lib:/usr/local/cuda-12.1/lib64:/home/mk/dev_ws/install/zed_components/lib:/home/mk/dev_ws/install/zed_interfaces/lib:/home/mk/dev_ws/install/xarm_planner/lib:/home/mk/dev_ws/install/xarm_moveit_servo/lib:/home/mk/dev_ws/install/rviz_robot_control_panel/lib:/home/mk/dev_ws/install/whisper_server/lib:/home/mk/dev_ws/install/transcript_manager/lib:/home/mk/dev_ws/install/whisper_util/lib:/home/mk/dev_ws/install/whisper_idl/lib:/home/mk/dev_ws/install/whisper_cpp_vendor/lib:/home/mk/dev_ws/install/realsense_gazebo_plugin/lib:/home/mk/dev_ws/install/my_3d_vision_bringup/lib:/usr/lib/x86_64-linux-gnu/gazebo-11/plugins:/opt/ros/humble/opt/rviz_ogre_vendor/lib:/opt/ros/humble/lib/x86_64-linux-gnu:/opt/ros/humble/lib PYTHONPATH=/home/mk/dev_ws/build/uf_ros_lib:/home/mk/dev_ws/install/uf_ros_lib/lib/python3.10/site-packages:/home/mk/dev_ws/install/zed_interfaces/local/lib/python3.10/dist-packages:/home/mk/dev_ws/install/yolo_object_detector/lib/python3.10/site-packages:/home/mk/dev_ws/install/move_to_coordinator/lib/python3.10/site-packages:/home/mk/dev_ws/install/motion_sequence/lib/python3.10/site-packages:/home/mk/dev_ws/install/xarm_msgs/local/lib/python3.10/dist-packages:/home/mk/dev_ws/install/whisper_demos/lib/python3.10/site-packages:/home/mk/dev_ws/install/voice_command_listener/lib/python3.10/site-packages:/home/mk/dev_ws/install/whisper_idl/local/lib/python3.10/dist-packages:/home/mk/dev_ws/install/rviz_servo_status_overlay/lib/python3.10/site-packages:/home/mk/dev_ws/install/rviz_marker_static_scene_objects/lib/python3.10/site-packages:/home/mk/dev_ws/install/robot_motion_handler_movegroup/lib/python3.10/site-packages:/home/mk/dev_ws/install/my_3d_vision_bringup/local/lib/python3.10/dist-packages:/home/mk/dev_ws/install/gaze_control/lib/python3.10/site-packages:/home/mk/dev_ws/install/collision_check/lib/python3.10/site-packages:/home/mk/dev_ws/install/audio_listener/lib/python3.10/site-packages:/opt/ros/humble/lib/python3.10/site-packages:/opt/ros/humble/local/lib/python3.10/dist-packages /usr/bin/cmake --build /home/mk/dev_ws/build/xarm_planner -- -j20 -l20
[5.234s] DEBUG:colcon.colcon_core.event_handler.log_command:Invoked command in '/home/mk/dev_ws/build/xarm_moveit_servo' returned '0': AMENT_PREFIX_PATH=/home/mk/dev_ws/install/uf_ros_lib:/home/mk/dev_ws/install/zed_ros2:/home/mk/dev_ws/install/zed_wrapper:/home/mk/dev_ws/install/zed_components:/home/mk/dev_ws/install/zed_interfaces:/home/mk/dev_ws/install/yolo_object_detector:/home/mk/dev_ws/install/xarm_planner:/home/mk/dev_ws/install/xarm_moveit_servo:/home/mk/dev_ws/install/xarm_moveit_config:/home/mk/dev_ws/install/xarm_gazebo:/home/mk/dev_ws/install/xarm_controller:/home/mk/dev_ws/install/xarm_api:/home/mk/dev_ws/install/xarm_sdk:/home/mk/dev_ws/install/rviz_robot_control_panel:/home/mk/dev_ws/install/move_to_coordinator:/home/mk/dev_ws/install/motion_sequence:/home/mk/dev_ws/install/xarm_msgs:/home/mk/dev_ws/install/xarm_description:/home/mk/dev_ws/install/whisper_demos:/home/mk/dev_ws/install/whisper_bringup:/home/mk/dev_ws/install/whisper_server:/home/mk/dev_ws/install/transcript_manager:/home/mk/dev_ws/install/whisper_util:/home/mk/dev_ws/install/voice_command_listener:/home/mk/dev_ws/install/whisper_idl:/home/mk/dev_ws/install/whisper_cpp_vendor:/home/mk/dev_ws/install/rviz_servo_status_overlay:/home/mk/dev_ws/install/rviz_marker_static_scene_objects:/home/mk/dev_ws/install/robot_motion_handler_movegroup:/home/mk/dev_ws/install/realsense_gazebo_plugin:/home/mk/dev_ws/install/my_3d_vision_bringup:/home/mk/dev_ws/install/mbot_demo:/home/mk/dev_ws/install/gaze_control:/home/mk/dev_ws/install/collision_check:/home/mk/dev_ws/install/audio_listener:/opt/ros/humble CMAKE_PREFIX_PATH=/home/mk/dev_ws/install/xarm_moveit_config:/home/mk/dev_ws/install/xarm_gazebo:/home/mk/dev_ws/install/xarm_controller:/home/mk/dev_ws/install/xarm_api:/home/mk/dev_ws/install/xarm_sdk:/home/mk/dev_ws/install/xarm_msgs:/home/mk/dev_ws/install/xarm_description:/home/mk/dev_ws/install/whisper_idl:/home/mk/dev_ws/install/zed_ros2:/home/mk/dev_ws/install/zed_wrapper:/home/mk/dev_ws/install/zed_components:/home/mk/dev_ws/install/zed_interfaces:/home/mk/dev_ws/install/xarm_planner:/home/mk/dev_ws/install/xarm_moveit_servo:/home/mk/dev_ws/install/rviz_robot_control_panel:/home/mk/dev_ws/install/whisper_bringup:/home/mk/dev_ws/install/whisper_server:/home/mk/dev_ws/install/transcript_manager:/home/mk/dev_ws/install/whisper_util:/home/mk/dev_ws/install/whisper_cpp_vendor:/home/mk/dev_ws/install/realsense_gazebo_plugin:/home/mk/dev_ws/install/my_3d_vision_bringup:/home/mk/dev_ws/install/mbot_demo:/home/mk/dev_ws/install/yolo_object_detector:/home/mk/dev_ws/install/move_to_coordinator:/home/mk/dev_ws/install/motion_sequence:/home/mk/dev_ws/install/whisper_demos:/home/mk/dev_ws/install/voice_command_listener:/home/mk/dev_ws/install/uf_ros_lib:/home/mk/dev_ws/install/rviz_servo_status_overlay:/home/mk/dev_ws/install/rviz_marker_static_scene_objects:/home/mk/dev_ws/install/robot_motion_handler_movegroup:/home/mk/dev_ws/install/gaze_control:/home/mk/dev_ws/install/collision_check:/home/mk/dev_ws/install/audio_listener:/opt/ros/humble LD_LIBRARY_PATH=/home/mk/dev_ws/install/xarm_gazebo/lib:/home/mk/dev_ws/install/xarm_controller/lib:/home/mk/dev_ws/install/xarm_api/lib:/home/mk/dev_ws/install/xarm_sdk/lib:/home/mk/dev_ws/install/xarm_msgs/lib:/home/mk/dev_ws/install/whisper_idl/lib:/usr/local/cuda-12.1/lib64:/home/mk/dev_ws/install/zed_components/lib:/home/mk/dev_ws/install/zed_interfaces/lib:/home/mk/dev_ws/install/xarm_planner/lib:/home/mk/dev_ws/install/xarm_moveit_servo/lib:/home/mk/dev_ws/install/rviz_robot_control_panel/lib:/home/mk/dev_ws/install/whisper_server/lib:/home/mk/dev_ws/install/transcript_manager/lib:/home/mk/dev_ws/install/whisper_util/lib:/home/mk/dev_ws/install/whisper_cpp_vendor/lib:/home/mk/dev_ws/install/realsense_gazebo_plugin/lib:/home/mk/dev_ws/install/my_3d_vision_bringup/lib:/usr/lib/x86_64-linux-gnu/gazebo-11/plugins:/opt/ros/humble/opt/rviz_ogre_vendor/lib:/opt/ros/humble/lib/x86_64-linux-gnu:/opt/ros/humble/lib PYTHONPATH=/home/mk/dev_ws/build/uf_ros_lib:/home/mk/dev_ws/install/uf_ros_lib/lib/python3.10/site-packages:/home/mk/dev_ws/install/zed_interfaces/local/lib/python3.10/dist-packages:/home/mk/dev_ws/install/yolo_object_detector/lib/python3.10/site-packages:/home/mk/dev_ws/install/move_to_coordinator/lib/python3.10/site-packages:/home/mk/dev_ws/install/motion_sequence/lib/python3.10/site-packages:/home/mk/dev_ws/install/xarm_msgs/local/lib/python3.10/dist-packages:/home/mk/dev_ws/install/whisper_demos/lib/python3.10/site-packages:/home/mk/dev_ws/install/voice_command_listener/lib/python3.10/site-packages:/home/mk/dev_ws/install/whisper_idl/local/lib/python3.10/dist-packages:/home/mk/dev_ws/install/rviz_servo_status_overlay/lib/python3.10/site-packages:/home/mk/dev_ws/install/rviz_marker_static_scene_objects/lib/python3.10/site-packages:/home/mk/dev_ws/install/robot_motion_handler_movegroup/lib/python3.10/site-packages:/home/mk/dev_ws/install/my_3d_vision_bringup/local/lib/python3.10/dist-packages:/home/mk/dev_ws/install/gaze_control/lib/python3.10/site-packages:/home/mk/dev_ws/install/collision_check/lib/python3.10/site-packages:/home/mk/dev_ws/install/audio_listener/lib/python3.10/site-packages:/opt/ros/humble/lib/python3.10/site-packages:/opt/ros/humble/local/lib/python3.10/dist-packages /usr/bin/cmake --build /home/mk/dev_ws/build/xarm_moveit_servo -- -j20 -l20
[5.235s] DEBUG:colcon.colcon_core.event_handler.log_command:Invoking command in '/home/mk/dev_ws/build/xarm_moveit_servo': AMENT_PREFIX_PATH=/home/mk/dev_ws/install/uf_ros_lib:/home/mk/dev_ws/install/zed_ros2:/home/mk/dev_ws/install/zed_wrapper:/home/mk/dev_ws/install/zed_components:/home/mk/dev_ws/install/zed_interfaces:/home/mk/dev_ws/install/yolo_object_detector:/home/mk/dev_ws/install/xarm_planner:/home/mk/dev_ws/install/xarm_moveit_servo:/home/mk/dev_ws/install/xarm_moveit_config:/home/mk/dev_ws/install/xarm_gazebo:/home/mk/dev_ws/install/xarm_controller:/home/mk/dev_ws/install/xarm_api:/home/mk/dev_ws/install/xarm_sdk:/home/mk/dev_ws/install/rviz_robot_control_panel:/home/mk/dev_ws/install/move_to_coordinator:/home/mk/dev_ws/install/motion_sequence:/home/mk/dev_ws/install/xarm_msgs:/home/mk/dev_ws/install/xarm_description:/home/mk/dev_ws/install/whisper_demos:/home/mk/dev_ws/install/whisper_bringup:/home/mk/dev_ws/install/whisper_server:/home/mk/dev_ws/install/transcript_manager:/home/mk/dev_ws/install/whisper_util:/home/mk/dev_ws/install/voice_command_listener:/home/mk/dev_ws/install/whisper_idl:/home/mk/dev_ws/install/whisper_cpp_vendor:/home/mk/dev_ws/install/rviz_servo_status_overlay:/home/mk/dev_ws/install/rviz_marker_static_scene_objects:/home/mk/dev_ws/install/robot_motion_handler_movegroup:/home/mk/dev_ws/install/realsense_gazebo_plugin:/home/mk/dev_ws/install/my_3d_vision_bringup:/home/mk/dev_ws/install/mbot_demo:/home/mk/dev_ws/install/gaze_control:/home/mk/dev_ws/install/collision_check:/home/mk/dev_ws/install/audio_listener:/opt/ros/humble CMAKE_PREFIX_PATH=/home/mk/dev_ws/install/xarm_moveit_config:/home/mk/dev_ws/install/xarm_gazebo:/home/mk/dev_ws/install/xarm_controller:/home/mk/dev_ws/install/xarm_api:/home/mk/dev_ws/install/xarm_sdk:/home/mk/dev_ws/install/xarm_msgs:/home/mk/dev_ws/install/xarm_description:/home/mk/dev_ws/install/whisper_idl:/home/mk/dev_ws/install/zed_ros2:/home/mk/dev_ws/install/zed_wrapper:/home/mk/dev_ws/install/zed_components:/home/mk/dev_ws/install/zed_interfaces:/home/mk/dev_ws/install/xarm_planner:/home/mk/dev_ws/install/xarm_moveit_servo:/home/mk/dev_ws/install/rviz_robot_control_panel:/home/mk/dev_ws/install/whisper_bringup:/home/mk/dev_ws/install/whisper_server:/home/mk/dev_ws/install/transcript_manager:/home/mk/dev_ws/install/whisper_util:/home/mk/dev_ws/install/whisper_cpp_vendor:/home/mk/dev_ws/install/realsense_gazebo_plugin:/home/mk/dev_ws/install/my_3d_vision_bringup:/home/mk/dev_ws/install/mbot_demo:/home/mk/dev_ws/install/yolo_object_detector:/home/mk/dev_ws/install/move_to_coordinator:/home/mk/dev_ws/install/motion_sequence:/home/mk/dev_ws/install/whisper_demos:/home/mk/dev_ws/install/voice_command_listener:/home/mk/dev_ws/install/uf_ros_lib:/home/mk/dev_ws/install/rviz_servo_status_overlay:/home/mk/dev_ws/install/rviz_marker_static_scene_objects:/home/mk/dev_ws/install/robot_motion_handler_movegroup:/home/mk/dev_ws/install/gaze_control:/home/mk/dev_ws/install/collision_check:/home/mk/dev_ws/install/audio_listener:/opt/ros/humble LD_LIBRARY_PATH=/home/mk/dev_ws/install/xarm_gazebo/lib:/home/mk/dev_ws/install/xarm_controller/lib:/home/mk/dev_ws/install/xarm_api/lib:/home/mk/dev_ws/install/xarm_sdk/lib:/home/mk/dev_ws/install/xarm_msgs/lib:/home/mk/dev_ws/install/whisper_idl/lib:/usr/local/cuda-12.1/lib64:/home/mk/dev_ws/install/zed_components/lib:/home/mk/dev_ws/install/zed_interfaces/lib:/home/mk/dev_ws/install/xarm_planner/lib:/home/mk/dev_ws/install/xarm_moveit_servo/lib:/home/mk/dev_ws/install/rviz_robot_control_panel/lib:/home/mk/dev_ws/install/whisper_server/lib:/home/mk/dev_ws/install/transcript_manager/lib:/home/mk/dev_ws/install/whisper_util/lib:/home/mk/dev_ws/install/whisper_cpp_vendor/lib:/home/mk/dev_ws/install/realsense_gazebo_plugin/lib:/home/mk/dev_ws/install/my_3d_vision_bringup/lib:/usr/lib/x86_64-linux-gnu/gazebo-11/plugins:/opt/ros/humble/opt/rviz_ogre_vendor/lib:/opt/ros/humble/lib/x86_64-linux-gnu:/opt/ros/humble/lib PYTHONPATH=/home/mk/dev_ws/build/uf_ros_lib:/home/mk/dev_ws/install/uf_ros_lib/lib/python3.10/site-packages:/home/mk/dev_ws/install/zed_interfaces/local/lib/python3.10/dist-packages:/home/mk/dev_ws/install/yolo_object_detector/lib/python3.10/site-packages:/home/mk/dev_ws/install/move_to_coordinator/lib/python3.10/site-packages:/home/mk/dev_ws/install/motion_sequence/lib/python3.10/site-packages:/home/mk/dev_ws/install/xarm_msgs/local/lib/python3.10/dist-packages:/home/mk/dev_ws/install/whisper_demos/lib/python3.10/site-packages:/home/mk/dev_ws/install/voice_command_listener/lib/python3.10/site-packages:/home/mk/dev_ws/install/whisper_idl/local/lib/python3.10/dist-packages:/home/mk/dev_ws/install/rviz_servo_status_overlay/lib/python3.10/site-packages:/home/mk/dev_ws/install/rviz_marker_static_scene_objects/lib/python3.10/site-packages:/home/mk/dev_ws/install/robot_motion_handler_movegroup/lib/python3.10/site-packages:/home/mk/dev_ws/install/my_3d_vision_bringup/local/lib/python3.10/dist-packages:/home/mk/dev_ws/install/gaze_control/lib/python3.10/site-packages:/home/mk/dev_ws/install/collision_check/lib/python3.10/site-packages:/home/mk/dev_ws/install/audio_listener/lib/python3.10/site-packages:/opt/ros/humble/lib/python3.10/site-packages:/opt/ros/humble/local/lib/python3.10/dist-packages /usr/bin/cmake --install /home/mk/dev_ws/build/xarm_moveit_servo
[5.247s] Level 1:colcon.colcon_core.environment:create_environment_scripts_only(xarm_moveit_servo)
[5.247s] Level 1:colcon.colcon_core.environment:checking '/home/mk/dev_ws/install/xarm_moveit_servo' for CMake module files
[5.247s] DEBUG:colcon.colcon_core.event_handler.log_command:Invoked command in '/home/mk/dev_ws/build/xarm_moveit_servo' returned '0': AMENT_PREFIX_PATH=/home/mk/dev_ws/install/uf_ros_lib:/home/mk/dev_ws/install/zed_ros2:/home/mk/dev_ws/install/zed_wrapper:/home/mk/dev_ws/install/zed_components:/home/mk/dev_ws/install/zed_interfaces:/home/mk/dev_ws/install/yolo_object_detector:/home/mk/dev_ws/install/xarm_planner:/home/mk/dev_ws/install/xarm_moveit_servo:/home/mk/dev_ws/install/xarm_moveit_config:/home/mk/dev_ws/install/xarm_gazebo:/home/mk/dev_ws/install/xarm_controller:/home/mk/dev_ws/install/xarm_api:/home/mk/dev_ws/install/xarm_sdk:/home/mk/dev_ws/install/rviz_robot_control_panel:/home/mk/dev_ws/install/move_to_coordinator:/home/mk/dev_ws/install/motion_sequence:/home/mk/dev_ws/install/xarm_msgs:/home/mk/dev_ws/install/xarm_description:/home/mk/dev_ws/install/whisper_demos:/home/mk/dev_ws/install/whisper_bringup:/home/mk/dev_ws/install/whisper_server:/home/mk/dev_ws/install/transcript_manager:/home/mk/dev_ws/install/whisper_util:/home/mk/dev_ws/install/voice_command_listener:/home/mk/dev_ws/install/whisper_idl:/home/mk/dev_ws/install/whisper_cpp_vendor:/home/mk/dev_ws/install/rviz_servo_status_overlay:/home/mk/dev_ws/install/rviz_marker_static_scene_objects:/home/mk/dev_ws/install/robot_motion_handler_movegroup:/home/mk/dev_ws/install/realsense_gazebo_plugin:/home/mk/dev_ws/install/my_3d_vision_bringup:/home/mk/dev_ws/install/mbot_demo:/home/mk/dev_ws/install/gaze_control:/home/mk/dev_ws/install/collision_check:/home/mk/dev_ws/install/audio_listener:/opt/ros/humble CMAKE_PREFIX_PATH=/home/mk/dev_ws/install/xarm_moveit_config:/home/mk/dev_ws/install/xarm_gazebo:/home/mk/dev_ws/install/xarm_controller:/home/mk/dev_ws/install/xarm_api:/home/mk/dev_ws/install/xarm_sdk:/home/mk/dev_ws/install/xarm_msgs:/home/mk/dev_ws/install/xarm_description:/home/mk/dev_ws/install/whisper_idl:/home/mk/dev_ws/install/zed_ros2:/home/mk/dev_ws/install/zed_wrapper:/home/mk/dev_ws/install/zed_components:/home/mk/dev_ws/install/zed_interfaces:/home/mk/dev_ws/install/xarm_planner:/home/mk/dev_ws/install/xarm_moveit_servo:/home/mk/dev_ws/install/rviz_robot_control_panel:/home/mk/dev_ws/install/whisper_bringup:/home/mk/dev_ws/install/whisper_server:/home/mk/dev_ws/install/transcript_manager:/home/mk/dev_ws/install/whisper_util:/home/mk/dev_ws/install/whisper_cpp_vendor:/home/mk/dev_ws/install/realsense_gazebo_plugin:/home/mk/dev_ws/install/my_3d_vision_bringup:/home/mk/dev_ws/install/mbot_demo:/home/mk/dev_ws/install/yolo_object_detector:/home/mk/dev_ws/install/move_to_coordinator:/home/mk/dev_ws/install/motion_sequence:/home/mk/dev_ws/install/whisper_demos:/home/mk/dev_ws/install/voice_command_listener:/home/mk/dev_ws/install/uf_ros_lib:/home/mk/dev_ws/install/rviz_servo_status_overlay:/home/mk/dev_ws/install/rviz_marker_static_scene_objects:/home/mk/dev_ws/install/robot_motion_handler_movegroup:/home/mk/dev_ws/install/gaze_control:/home/mk/dev_ws/install/collision_check:/home/mk/dev_ws/install/audio_listener:/opt/ros/humble LD_LIBRARY_PATH=/home/mk/dev_ws/install/xarm_gazebo/lib:/home/mk/dev_ws/install/xarm_controller/lib:/home/mk/dev_ws/install/xarm_api/lib:/home/mk/dev_ws/install/xarm_sdk/lib:/home/mk/dev_ws/install/xarm_msgs/lib:/home/mk/dev_ws/install/whisper_idl/lib:/usr/local/cuda-12.1/lib64:/home/mk/dev_ws/install/zed_components/lib:/home/mk/dev_ws/install/zed_interfaces/lib:/home/mk/dev_ws/install/xarm_planner/lib:/home/mk/dev_ws/install/xarm_moveit_servo/lib:/home/mk/dev_ws/install/rviz_robot_control_panel/lib:/home/mk/dev_ws/install/whisper_server/lib:/home/mk/dev_ws/install/transcript_manager/lib:/home/mk/dev_ws/install/whisper_util/lib:/home/mk/dev_ws/install/whisper_cpp_vendor/lib:/home/mk/dev_ws/install/realsense_gazebo_plugin/lib:/home/mk/dev_ws/install/my_3d_vision_bringup/lib:/usr/lib/x86_64-linux-gnu/gazebo-11/plugins:/opt/ros/humble/opt/rviz_ogre_vendor/lib:/opt/ros/humble/lib/x86_64-linux-gnu:/opt/ros/humble/lib PYTHONPATH=/home/mk/dev_ws/build/uf_ros_lib:/home/mk/dev_ws/install/uf_ros_lib/lib/python3.10/site-packages:/home/mk/dev_ws/install/zed_interfaces/local/lib/python3.10/dist-packages:/home/mk/dev_ws/install/yolo_object_detector/lib/python3.10/site-packages:/home/mk/dev_ws/install/move_to_coordinator/lib/python3.10/site-packages:/home/mk/dev_ws/install/motion_sequence/lib/python3.10/site-packages:/home/mk/dev_ws/install/xarm_msgs/local/lib/python3.10/dist-packages:/home/mk/dev_ws/install/whisper_demos/lib/python3.10/site-packages:/home/mk/dev_ws/install/voice_command_listener/lib/python3.10/site-packages:/home/mk/dev_ws/install/whisper_idl/local/lib/python3.10/dist-packages:/home/mk/dev_ws/install/rviz_servo_status_overlay/lib/python3.10/site-packages:/home/mk/dev_ws/install/rviz_marker_static_scene_objects/lib/python3.10/site-packages:/home/mk/dev_ws/install/robot_motion_handler_movegroup/lib/python3.10/site-packages:/home/mk/dev_ws/install/my_3d_vision_bringup/local/lib/python3.10/dist-packages:/home/mk/dev_ws/install/gaze_control/lib/python3.10/site-packages:/home/mk/dev_ws/install/collision_check/lib/python3.10/site-packages:/home/mk/dev_ws/install/audio_listener/lib/python3.10/site-packages:/opt/ros/humble/lib/python3.10/site-packages:/opt/ros/humble/local/lib/python3.10/dist-packages /usr/bin/cmake --install /home/mk/dev_ws/build/xarm_moveit_servo
[5.248s] Level 1:colcon.colcon_core.environment:checking '/home/mk/dev_ws/install/xarm_moveit_servo' for CMake config files
[5.248s] Level 1:colcon.colcon_core.shell:create_environment_hook('xarm_moveit_servo', 'cmake_prefix_path')
[5.248s] INFO:colcon.colcon_core.shell:Creating environment hook '/home/mk/dev_ws/install/xarm_moveit_servo/share/xarm_moveit_servo/hook/cmake_prefix_path.ps1'
[5.249s] INFO:colcon.colcon_core.shell:Creating environment descriptor '/home/mk/dev_ws/install/xarm_moveit_servo/share/xarm_moveit_servo/hook/cmake_prefix_path.dsv'
[5.249s] INFO:colcon.colcon_core.shell:Creating environment hook '/home/mk/dev_ws/install/xarm_moveit_servo/share/xarm_moveit_servo/hook/cmake_prefix_path.sh'
[5.249s] Level 1:colcon.colcon_core.environment:checking '/home/mk/dev_ws/install/xarm_moveit_servo/lib'
[5.250s] Level 1:colcon.colcon_core.shell:create_environment_hook('xarm_moveit_servo', 'ld_library_path_lib')
[5.250s] INFO:colcon.colcon_core.shell:Creating environment hook '/home/mk/dev_ws/install/xarm_moveit_servo/share/xarm_moveit_servo/hook/ld_library_path_lib.ps1'
[5.250s] INFO:colcon.colcon_core.shell:Creating environment descriptor '/home/mk/dev_ws/install/xarm_moveit_servo/share/xarm_moveit_servo/hook/ld_library_path_lib.dsv'
[5.250s] INFO:colcon.colcon_core.shell:Creating environment hook '/home/mk/dev_ws/install/xarm_moveit_servo/share/xarm_moveit_servo/hook/ld_library_path_lib.sh'
[5.250s] Level 1:colcon.colcon_core.environment:checking '/home/mk/dev_ws/install/xarm_moveit_servo/bin'
[5.250s] Level 1:colcon.colcon_core.environment:checking '/home/mk/dev_ws/install/xarm_moveit_servo/lib/pkgconfig/xarm_moveit_servo.pc'
[5.250s] Level 1:colcon.colcon_core.environment:checking '/home/mk/dev_ws/install/xarm_moveit_servo/lib/python3.10/site-packages'
[5.250s] Level 1:colcon.colcon_core.environment:checking '/home/mk/dev_ws/install/xarm_moveit_servo/bin'
[5.251s] INFO:colcon.colcon_core.shell:Creating package script '/home/mk/dev_ws/install/xarm_moveit_servo/share/xarm_moveit_servo/package.ps1'
[5.251s] INFO:colcon.colcon_core.shell:Creating package descriptor '/home/mk/dev_ws/install/xarm_moveit_servo/share/xarm_moveit_servo/package.dsv'
[5.251s] INFO:colcon.colcon_core.shell:Creating package script '/home/mk/dev_ws/install/xarm_moveit_servo/share/xarm_moveit_servo/package.sh'
[5.251s] INFO:colcon.colcon_core.shell:Creating package script '/home/mk/dev_ws/install/xarm_moveit_servo/share/xarm_moveit_servo/package.bash'
[5.252s] INFO:colcon.colcon_core.shell:Creating package script '/home/mk/dev_ws/install/xarm_moveit_servo/share/xarm_moveit_servo/package.zsh'
[5.252s] Level 1:colcon.colcon_core.environment:create_file_with_runtime_dependencies(/home/mk/dev_ws/install/xarm_moveit_servo/share/colcon-core/packages/xarm_moveit_servo)
[5.252s] Level 1:colcon.colcon_core.environment:create_environment_scripts_only(xarm_moveit_servo)
[5.252s] Level 1:colcon.colcon_core.environment:checking '/home/mk/dev_ws/install/xarm_moveit_servo' for CMake module files
[5.252s] Level 1:colcon.colcon_core.environment:checking '/home/mk/dev_ws/install/xarm_moveit_servo' for CMake config files
[5.252s] Level 1:colcon.colcon_core.shell:create_environment_hook('xarm_moveit_servo', 'cmake_prefix_path')
[5.253s] INFO:colcon.colcon_core.shell:Creating environment hook '/home/mk/dev_ws/install/xarm_moveit_servo/share/xarm_moveit_servo/hook/cmake_prefix_path.ps1'
[5.253s] INFO:colcon.colcon_core.shell:Creating environment descriptor '/home/mk/dev_ws/install/xarm_moveit_servo/share/xarm_moveit_servo/hook/cmake_prefix_path.dsv'
[5.253s] INFO:colcon.colcon_core.shell:Creating environment hook '/home/mk/dev_ws/install/xarm_moveit_servo/share/xarm_moveit_servo/hook/cmake_prefix_path.sh'
[5.253s] Level 1:colcon.colcon_core.environment:checking '/home/mk/dev_ws/install/xarm_moveit_servo/lib'
[5.253s] Level 1:colcon.colcon_core.shell:create_environment_hook('xarm_moveit_servo', 'ld_library_path_lib')
[5.253s] INFO:colcon.colcon_core.shell:Creating environment hook '/home/mk/dev_ws/install/xarm_moveit_servo/share/xarm_moveit_servo/hook/ld_library_path_lib.ps1'
[5.254s] INFO:colcon.colcon_core.shell:Creating environment descriptor '/home/mk/dev_ws/install/xarm_moveit_servo/share/xarm_moveit_servo/hook/ld_library_path_lib.dsv'
[5.254s] INFO:colcon.colcon_core.shell:Creating environment hook '/home/mk/dev_ws/install/xarm_moveit_servo/share/xarm_moveit_servo/hook/ld_library_path_lib.sh'
[5.254s] Level 1:colcon.colcon_core.environment:checking '/home/mk/dev_ws/install/xarm_moveit_servo/bin'
[5.254s] Level 1:colcon.colcon_core.environment:checking '/home/mk/dev_ws/install/xarm_moveit_servo/lib/pkgconfig/xarm_moveit_servo.pc'
[5.254s] Level 1:colcon.colcon_core.environment:checking '/home/mk/dev_ws/install/xarm_moveit_servo/lib/python3.10/site-packages'
[5.254s] Level 1:colcon.colcon_core.environment:checking '/home/mk/dev_ws/install/xarm_moveit_servo/bin'
[5.254s] INFO:colcon.colcon_core.shell:Creating package script '/home/mk/dev_ws/install/xarm_moveit_servo/share/xarm_moveit_servo/package.ps1'
[5.255s] INFO:colcon.colcon_core.shell:Creating package descriptor '/home/mk/dev_ws/install/xarm_moveit_servo/share/xarm_moveit_servo/package.dsv'
[5.255s] INFO:colcon.colcon_core.shell:Creating package script '/home/mk/dev_ws/install/xarm_moveit_servo/share/xarm_moveit_servo/package.sh'
[5.255s] INFO:colcon.colcon_core.shell:Creating package script '/home/mk/dev_ws/install/xarm_moveit_servo/share/xarm_moveit_servo/package.bash'
[5.255s] INFO:colcon.colcon_core.shell:Creating package script '/home/mk/dev_ws/install/xarm_moveit_servo/share/xarm_moveit_servo/package.zsh'
[5.255s] Level 1:colcon.colcon_core.environment:create_file_with_runtime_dependencies(/home/mk/dev_ws/install/xarm_moveit_servo/share/colcon-core/packages/xarm_moveit_servo)
[5.309s] DEBUG:colcon.colcon_core.event_handler.log_command:Invoked command in '/home/mk/dev_ws/build/xarm_planner' returned '0': AMENT_PREFIX_PATH=/home/mk/dev_ws/install/uf_ros_lib:/home/mk/dev_ws/install/zed_ros2:/home/mk/dev_ws/install/zed_wrapper:/home/mk/dev_ws/install/zed_components:/home/mk/dev_ws/install/zed_interfaces:/home/mk/dev_ws/install/yolo_object_detector:/home/mk/dev_ws/install/xarm_planner:/home/mk/dev_ws/install/xarm_moveit_servo:/home/mk/dev_ws/install/xarm_moveit_config:/home/mk/dev_ws/install/xarm_gazebo:/home/mk/dev_ws/install/xarm_controller:/home/mk/dev_ws/install/xarm_api:/home/mk/dev_ws/install/xarm_sdk:/home/mk/dev_ws/install/rviz_robot_control_panel:/home/mk/dev_ws/install/move_to_coordinator:/home/mk/dev_ws/install/motion_sequence:/home/mk/dev_ws/install/xarm_msgs:/home/mk/dev_ws/install/xarm_description:/home/mk/dev_ws/install/whisper_demos:/home/mk/dev_ws/install/whisper_bringup:/home/mk/dev_ws/install/whisper_server:/home/mk/dev_ws/install/transcript_manager:/home/mk/dev_ws/install/whisper_util:/home/mk/dev_ws/install/voice_command_listener:/home/mk/dev_ws/install/whisper_idl:/home/mk/dev_ws/install/whisper_cpp_vendor:/home/mk/dev_ws/install/rviz_servo_status_overlay:/home/mk/dev_ws/install/rviz_marker_static_scene_objects:/home/mk/dev_ws/install/robot_motion_handler_movegroup:/home/mk/dev_ws/install/realsense_gazebo_plugin:/home/mk/dev_ws/install/my_3d_vision_bringup:/home/mk/dev_ws/install/mbot_demo:/home/mk/dev_ws/install/gaze_control:/home/mk/dev_ws/install/collision_check:/home/mk/dev_ws/install/audio_listener:/opt/ros/humble CMAKE_PREFIX_PATH=/home/mk/dev_ws/install/xarm_moveit_config:/home/mk/dev_ws/install/xarm_gazebo:/home/mk/dev_ws/install/xarm_controller:/home/mk/dev_ws/install/xarm_api:/home/mk/dev_ws/install/xarm_sdk:/home/mk/dev_ws/install/xarm_msgs:/home/mk/dev_ws/install/xarm_description:/home/mk/dev_ws/install/zed_ros2:/home/mk/dev_ws/install/zed_wrapper:/home/mk/dev_ws/install/zed_components:/home/mk/dev_ws/install/zed_interfaces:/home/mk/dev_ws/install/xarm_planner:/home/mk/dev_ws/install/xarm_moveit_servo:/home/mk/dev_ws/install/rviz_robot_control_panel:/home/mk/dev_ws/install/whisper_bringup:/home/mk/dev_ws/install/whisper_server:/home/mk/dev_ws/install/transcript_manager:/home/mk/dev_ws/install/whisper_util:/home/mk/dev_ws/install/whisper_idl:/home/mk/dev_ws/install/whisper_cpp_vendor:/home/mk/dev_ws/install/realsense_gazebo_plugin:/home/mk/dev_ws/install/my_3d_vision_bringup:/home/mk/dev_ws/install/mbot_demo:/home/mk/dev_ws/install/yolo_object_detector:/home/mk/dev_ws/install/move_to_coordinator:/home/mk/dev_ws/install/motion_sequence:/home/mk/dev_ws/install/whisper_demos:/home/mk/dev_ws/install/voice_command_listener:/home/mk/dev_ws/install/uf_ros_lib:/home/mk/dev_ws/install/rviz_servo_status_overlay:/home/mk/dev_ws/install/rviz_marker_static_scene_objects:/home/mk/dev_ws/install/robot_motion_handler_movegroup:/home/mk/dev_ws/install/gaze_control:/home/mk/dev_ws/install/collision_check:/home/mk/dev_ws/install/audio_listener:/opt/ros/humble LD_LIBRARY_PATH=/home/mk/dev_ws/install/xarm_gazebo/lib:/home/mk/dev_ws/install/xarm_controller/lib:/home/mk/dev_ws/install/xarm_api/lib:/home/mk/dev_ws/install/xarm_sdk/lib:/home/mk/dev_ws/install/xarm_msgs/lib:/usr/local/cuda-12.1/lib64:/home/mk/dev_ws/install/zed_components/lib:/home/mk/dev_ws/install/zed_interfaces/lib:/home/mk/dev_ws/install/xarm_planner/lib:/home/mk/dev_ws/install/xarm_moveit_servo/lib:/home/mk/dev_ws/install/rviz_robot_control_panel/lib:/home/mk/dev_ws/install/whisper_server/lib:/home/mk/dev_ws/install/transcript_manager/lib:/home/mk/dev_ws/install/whisper_util/lib:/home/mk/dev_ws/install/whisper_idl/lib:/home/mk/dev_ws/install/whisper_cpp_vendor/lib:/home/mk/dev_ws/install/realsense_gazebo_plugin/lib:/home/mk/dev_ws/install/my_3d_vision_bringup/lib:/usr/lib/x86_64-linux-gnu/gazebo-11/plugins:/opt/ros/humble/opt/rviz_ogre_vendor/lib:/opt/ros/humble/lib/x86_64-linux-gnu:/opt/ros/humble/lib PYTHONPATH=/home/mk/dev_ws/build/uf_ros_lib:/home/mk/dev_ws/install/uf_ros_lib/lib/python3.10/site-packages:/home/mk/dev_ws/install/zed_interfaces/local/lib/python3.10/dist-packages:/home/mk/dev_ws/install/yolo_object_detector/lib/python3.10/site-packages:/home/mk/dev_ws/install/move_to_coordinator/lib/python3.10/site-packages:/home/mk/dev_ws/install/motion_sequence/lib/python3.10/site-packages:/home/mk/dev_ws/install/xarm_msgs/local/lib/python3.10/dist-packages:/home/mk/dev_ws/install/whisper_demos/lib/python3.10/site-packages:/home/mk/dev_ws/install/voice_command_listener/lib/python3.10/site-packages:/home/mk/dev_ws/install/whisper_idl/local/lib/python3.10/dist-packages:/home/mk/dev_ws/install/rviz_servo_status_overlay/lib/python3.10/site-packages:/home/mk/dev_ws/install/rviz_marker_static_scene_objects/lib/python3.10/site-packages:/home/mk/dev_ws/install/robot_motion_handler_movegroup/lib/python3.10/site-packages:/home/mk/dev_ws/install/my_3d_vision_bringup/local/lib/python3.10/dist-packages:/home/mk/dev_ws/install/gaze_control/lib/python3.10/site-packages:/home/mk/dev_ws/install/collision_check/lib/python3.10/site-packages:/home/mk/dev_ws/install/audio_listener/lib/python3.10/site-packages:/opt/ros/humble/lib/python3.10/site-packages:/opt/ros/humble/local/lib/python3.10/dist-packages /usr/bin/cmake --build /home/mk/dev_ws/build/xarm_planner -- -j20 -l20
[5.311s] DEBUG:colcon.colcon_core.event_handler.log_command:Invoking command in '/home/mk/dev_ws/build/xarm_planner': AMENT_PREFIX_PATH=/home/mk/dev_ws/install/uf_ros_lib:/home/mk/dev_ws/install/zed_ros2:/home/mk/dev_ws/install/zed_wrapper:/home/mk/dev_ws/install/zed_components:/home/mk/dev_ws/install/zed_interfaces:/home/mk/dev_ws/install/yolo_object_detector:/home/mk/dev_ws/install/xarm_planner:/home/mk/dev_ws/install/xarm_moveit_servo:/home/mk/dev_ws/install/xarm_moveit_config:/home/mk/dev_ws/install/xarm_gazebo:/home/mk/dev_ws/install/xarm_controller:/home/mk/dev_ws/install/xarm_api:/home/mk/dev_ws/install/xarm_sdk:/home/mk/dev_ws/install/rviz_robot_control_panel:/home/mk/dev_ws/install/move_to_coordinator:/home/mk/dev_ws/install/motion_sequence:/home/mk/dev_ws/install/xarm_msgs:/home/mk/dev_ws/install/xarm_description:/home/mk/dev_ws/install/whisper_demos:/home/mk/dev_ws/install/whisper_bringup:/home/mk/dev_ws/install/whisper_server:/home/mk/dev_ws/install/transcript_manager:/home/mk/dev_ws/install/whisper_util:/home/mk/dev_ws/install/voice_command_listener:/home/mk/dev_ws/install/whisper_idl:/home/mk/dev_ws/install/whisper_cpp_vendor:/home/mk/dev_ws/install/rviz_servo_status_overlay:/home/mk/dev_ws/install/rviz_marker_static_scene_objects:/home/mk/dev_ws/install/robot_motion_handler_movegroup:/home/mk/dev_ws/install/realsense_gazebo_plugin:/home/mk/dev_ws/install/my_3d_vision_bringup:/home/mk/dev_ws/install/mbot_demo:/home/mk/dev_ws/install/gaze_control:/home/mk/dev_ws/install/collision_check:/home/mk/dev_ws/install/audio_listener:/opt/ros/humble CMAKE_PREFIX_PATH=/home/mk/dev_ws/install/xarm_moveit_config:/home/mk/dev_ws/install/xarm_gazebo:/home/mk/dev_ws/install/xarm_controller:/home/mk/dev_ws/install/xarm_api:/home/mk/dev_ws/install/xarm_sdk:/home/mk/dev_ws/install/xarm_msgs:/home/mk/dev_ws/install/xarm_description:/home/mk/dev_ws/install/zed_ros2:/home/mk/dev_ws/install/zed_wrapper:/home/mk/dev_ws/install/zed_components:/home/mk/dev_ws/install/zed_interfaces:/home/mk/dev_ws/install/xarm_planner:/home/mk/dev_ws/install/xarm_moveit_servo:/home/mk/dev_ws/install/rviz_robot_control_panel:/home/mk/dev_ws/install/whisper_bringup:/home/mk/dev_ws/install/whisper_server:/home/mk/dev_ws/install/transcript_manager:/home/mk/dev_ws/install/whisper_util:/home/mk/dev_ws/install/whisper_idl:/home/mk/dev_ws/install/whisper_cpp_vendor:/home/mk/dev_ws/install/realsense_gazebo_plugin:/home/mk/dev_ws/install/my_3d_vision_bringup:/home/mk/dev_ws/install/mbot_demo:/home/mk/dev_ws/install/yolo_object_detector:/home/mk/dev_ws/install/move_to_coordinator:/home/mk/dev_ws/install/motion_sequence:/home/mk/dev_ws/install/whisper_demos:/home/mk/dev_ws/install/voice_command_listener:/home/mk/dev_ws/install/uf_ros_lib:/home/mk/dev_ws/install/rviz_servo_status_overlay:/home/mk/dev_ws/install/rviz_marker_static_scene_objects:/home/mk/dev_ws/install/robot_motion_handler_movegroup:/home/mk/dev_ws/install/gaze_control:/home/mk/dev_ws/install/collision_check:/home/mk/dev_ws/install/audio_listener:/opt/ros/humble LD_LIBRARY_PATH=/home/mk/dev_ws/install/xarm_gazebo/lib:/home/mk/dev_ws/install/xarm_controller/lib:/home/mk/dev_ws/install/xarm_api/lib:/home/mk/dev_ws/install/xarm_sdk/lib:/home/mk/dev_ws/install/xarm_msgs/lib:/usr/local/cuda-12.1/lib64:/home/mk/dev_ws/install/zed_components/lib:/home/mk/dev_ws/install/zed_interfaces/lib:/home/mk/dev_ws/install/xarm_planner/lib:/home/mk/dev_ws/install/xarm_moveit_servo/lib:/home/mk/dev_ws/install/rviz_robot_control_panel/lib:/home/mk/dev_ws/install/whisper_server/lib:/home/mk/dev_ws/install/transcript_manager/lib:/home/mk/dev_ws/install/whisper_util/lib:/home/mk/dev_ws/install/whisper_idl/lib:/home/mk/dev_ws/install/whisper_cpp_vendor/lib:/home/mk/dev_ws/install/realsense_gazebo_plugin/lib:/home/mk/dev_ws/install/my_3d_vision_bringup/lib:/usr/lib/x86_64-linux-gnu/gazebo-11/plugins:/opt/ros/humble/opt/rviz_ogre_vendor/lib:/opt/ros/humble/lib/x86_64-linux-gnu:/opt/ros/humble/lib PYTHONPATH=/home/mk/dev_ws/build/uf_ros_lib:/home/mk/dev_ws/install/uf_ros_lib/lib/python3.10/site-packages:/home/mk/dev_ws/install/zed_interfaces/local/lib/python3.10/dist-packages:/home/mk/dev_ws/install/yolo_object_detector/lib/python3.10/site-packages:/home/mk/dev_ws/install/move_to_coordinator/lib/python3.10/site-packages:/home/mk/dev_ws/install/motion_sequence/lib/python3.10/site-packages:/home/mk/dev_ws/install/xarm_msgs/local/lib/python3.10/dist-packages:/home/mk/dev_ws/install/whisper_demos/lib/python3.10/site-packages:/home/mk/dev_ws/install/voice_command_listener/lib/python3.10/site-packages:/home/mk/dev_ws/install/whisper_idl/local/lib/python3.10/dist-packages:/home/mk/dev_ws/install/rviz_servo_status_overlay/lib/python3.10/site-packages:/home/mk/dev_ws/install/rviz_marker_static_scene_objects/lib/python3.10/site-packages:/home/mk/dev_ws/install/robot_motion_handler_movegroup/lib/python3.10/site-packages:/home/mk/dev_ws/install/my_3d_vision_bringup/local/lib/python3.10/dist-packages:/home/mk/dev_ws/install/gaze_control/lib/python3.10/site-packages:/home/mk/dev_ws/install/collision_check/lib/python3.10/site-packages:/home/mk/dev_ws/install/audio_listener/lib/python3.10/site-packages:/opt/ros/humble/lib/python3.10/site-packages:/opt/ros/humble/local/lib/python3.10/dist-packages /usr/bin/cmake --install /home/mk/dev_ws/build/xarm_planner
[5.324s] Level 1:colcon.colcon_core.environment:create_environment_scripts_only(xarm_planner)
[5.325s] Level 1:colcon.colcon_core.environment:checking '/home/mk/dev_ws/install/xarm_planner' for CMake module files
[5.325s] DEBUG:colcon.colcon_core.event_handler.log_command:Invoked command in '/home/mk/dev_ws/build/xarm_planner' returned '0': AMENT_PREFIX_PATH=/home/mk/dev_ws/install/uf_ros_lib:/home/mk/dev_ws/install/zed_ros2:/home/mk/dev_ws/install/zed_wrapper:/home/mk/dev_ws/install/zed_components:/home/mk/dev_ws/install/zed_interfaces:/home/mk/dev_ws/install/yolo_object_detector:/home/mk/dev_ws/install/xarm_planner:/home/mk/dev_ws/install/xarm_moveit_servo:/home/mk/dev_ws/install/xarm_moveit_config:/home/mk/dev_ws/install/xarm_gazebo:/home/mk/dev_ws/install/xarm_controller:/home/mk/dev_ws/install/xarm_api:/home/mk/dev_ws/install/xarm_sdk:/home/mk/dev_ws/install/rviz_robot_control_panel:/home/mk/dev_ws/install/move_to_coordinator:/home/mk/dev_ws/install/motion_sequence:/home/mk/dev_ws/install/xarm_msgs:/home/mk/dev_ws/install/xarm_description:/home/mk/dev_ws/install/whisper_demos:/home/mk/dev_ws/install/whisper_bringup:/home/mk/dev_ws/install/whisper_server:/home/mk/dev_ws/install/transcript_manager:/home/mk/dev_ws/install/whisper_util:/home/mk/dev_ws/install/voice_command_listener:/home/mk/dev_ws/install/whisper_idl:/home/mk/dev_ws/install/whisper_cpp_vendor:/home/mk/dev_ws/install/rviz_servo_status_overlay:/home/mk/dev_ws/install/rviz_marker_static_scene_objects:/home/mk/dev_ws/install/robot_motion_handler_movegroup:/home/mk/dev_ws/install/realsense_gazebo_plugin:/home/mk/dev_ws/install/my_3d_vision_bringup:/home/mk/dev_ws/install/mbot_demo:/home/mk/dev_ws/install/gaze_control:/home/mk/dev_ws/install/collision_check:/home/mk/dev_ws/install/audio_listener:/opt/ros/humble CMAKE_PREFIX_PATH=/home/mk/dev_ws/install/xarm_moveit_config:/home/mk/dev_ws/install/xarm_gazebo:/home/mk/dev_ws/install/xarm_controller:/home/mk/dev_ws/install/xarm_api:/home/mk/dev_ws/install/xarm_sdk:/home/mk/dev_ws/install/xarm_msgs:/home/mk/dev_ws/install/xarm_description:/home/mk/dev_ws/install/zed_ros2:/home/mk/dev_ws/install/zed_wrapper:/home/mk/dev_ws/install/zed_components:/home/mk/dev_ws/install/zed_interfaces:/home/mk/dev_ws/install/xarm_planner:/home/mk/dev_ws/install/xarm_moveit_servo:/home/mk/dev_ws/install/rviz_robot_control_panel:/home/mk/dev_ws/install/whisper_bringup:/home/mk/dev_ws/install/whisper_server:/home/mk/dev_ws/install/transcript_manager:/home/mk/dev_ws/install/whisper_util:/home/mk/dev_ws/install/whisper_idl:/home/mk/dev_ws/install/whisper_cpp_vendor:/home/mk/dev_ws/install/realsense_gazebo_plugin:/home/mk/dev_ws/install/my_3d_vision_bringup:/home/mk/dev_ws/install/mbot_demo:/home/mk/dev_ws/install/yolo_object_detector:/home/mk/dev_ws/install/move_to_coordinator:/home/mk/dev_ws/install/motion_sequence:/home/mk/dev_ws/install/whisper_demos:/home/mk/dev_ws/install/voice_command_listener:/home/mk/dev_ws/install/uf_ros_lib:/home/mk/dev_ws/install/rviz_servo_status_overlay:/home/mk/dev_ws/install/rviz_marker_static_scene_objects:/home/mk/dev_ws/install/robot_motion_handler_movegroup:/home/mk/dev_ws/install/gaze_control:/home/mk/dev_ws/install/collision_check:/home/mk/dev_ws/install/audio_listener:/opt/ros/humble LD_LIBRARY_PATH=/home/mk/dev_ws/install/xarm_gazebo/lib:/home/mk/dev_ws/install/xarm_controller/lib:/home/mk/dev_ws/install/xarm_api/lib:/home/mk/dev_ws/install/xarm_sdk/lib:/home/mk/dev_ws/install/xarm_msgs/lib:/usr/local/cuda-12.1/lib64:/home/mk/dev_ws/install/zed_components/lib:/home/mk/dev_ws/install/zed_interfaces/lib:/home/mk/dev_ws/install/xarm_planner/lib:/home/mk/dev_ws/install/xarm_moveit_servo/lib:/home/mk/dev_ws/install/rviz_robot_control_panel/lib:/home/mk/dev_ws/install/whisper_server/lib:/home/mk/dev_ws/install/transcript_manager/lib:/home/mk/dev_ws/install/whisper_util/lib:/home/mk/dev_ws/install/whisper_idl/lib:/home/mk/dev_ws/install/whisper_cpp_vendor/lib:/home/mk/dev_ws/install/realsense_gazebo_plugin/lib:/home/mk/dev_ws/install/my_3d_vision_bringup/lib:/usr/lib/x86_64-linux-gnu/gazebo-11/plugins:/opt/ros/humble/opt/rviz_ogre_vendor/lib:/opt/ros/humble/lib/x86_64-linux-gnu:/opt/ros/humble/lib PYTHONPATH=/home/mk/dev_ws/build/uf_ros_lib:/home/mk/dev_ws/install/uf_ros_lib/lib/python3.10/site-packages:/home/mk/dev_ws/install/zed_interfaces/local/lib/python3.10/dist-packages:/home/mk/dev_ws/install/yolo_object_detector/lib/python3.10/site-packages:/home/mk/dev_ws/install/move_to_coordinator/lib/python3.10/site-packages:/home/mk/dev_ws/install/motion_sequence/lib/python3.10/site-packages:/home/mk/dev_ws/install/xarm_msgs/local/lib/python3.10/dist-packages:/home/mk/dev_ws/install/whisper_demos/lib/python3.10/site-packages:/home/mk/dev_ws/install/voice_command_listener/lib/python3.10/site-packages:/home/mk/dev_ws/install/whisper_idl/local/lib/python3.10/dist-packages:/home/mk/dev_ws/install/rviz_servo_status_overlay/lib/python3.10/site-packages:/home/mk/dev_ws/install/rviz_marker_static_scene_objects/lib/python3.10/site-packages:/home/mk/dev_ws/install/robot_motion_handler_movegroup/lib/python3.10/site-packages:/home/mk/dev_ws/install/my_3d_vision_bringup/local/lib/python3.10/dist-packages:/home/mk/dev_ws/install/gaze_control/lib/python3.10/site-packages:/home/mk/dev_ws/install/collision_check/lib/python3.10/site-packages:/home/mk/dev_ws/install/audio_listener/lib/python3.10/site-packages:/opt/ros/humble/lib/python3.10/site-packages:/opt/ros/humble/local/lib/python3.10/dist-packages /usr/bin/cmake --install /home/mk/dev_ws/build/xarm_planner
[5.325s] Level 1:colcon.colcon_core.environment:checking '/home/mk/dev_ws/install/xarm_planner' for CMake config files
[5.326s] Level 1:colcon.colcon_core.shell:create_environment_hook('xarm_planner', 'cmake_prefix_path')
[5.326s] INFO:colcon.colcon_core.shell:Creating environment hook '/home/mk/dev_ws/install/xarm_planner/share/xarm_planner/hook/cmake_prefix_path.ps1'
[5.326s] INFO:colcon.colcon_core.shell:Creating environment descriptor '/home/mk/dev_ws/install/xarm_planner/share/xarm_planner/hook/cmake_prefix_path.dsv'
[5.327s] INFO:colcon.colcon_core.shell:Creating environment hook '/home/mk/dev_ws/install/xarm_planner/share/xarm_planner/hook/cmake_prefix_path.sh'
[5.327s] Level 1:colcon.colcon_core.environment:checking '/home/mk/dev_ws/install/xarm_planner/lib'
[5.327s] Level 1:colcon.colcon_core.shell:create_environment_hook('xarm_planner', 'ld_library_path_lib')
[5.327s] INFO:colcon.colcon_core.shell:Creating environment hook '/home/mk/dev_ws/install/xarm_planner/share/xarm_planner/hook/ld_library_path_lib.ps1'
[5.327s] INFO:colcon.colcon_core.shell:Creating environment descriptor '/home/mk/dev_ws/install/xarm_planner/share/xarm_planner/hook/ld_library_path_lib.dsv'
[5.328s] INFO:colcon.colcon_core.shell:Creating environment hook '/home/mk/dev_ws/install/xarm_planner/share/xarm_planner/hook/ld_library_path_lib.sh'
[5.328s] Level 1:colcon.colcon_core.environment:checking '/home/mk/dev_ws/install/xarm_planner/bin'
[5.328s] Level 1:colcon.colcon_core.environment:checking '/home/mk/dev_ws/install/xarm_planner/lib/pkgconfig/xarm_planner.pc'
[5.328s] Level 1:colcon.colcon_core.environment:checking '/home/mk/dev_ws/install/xarm_planner/lib/python3.10/site-packages'
[5.328s] Level 1:colcon.colcon_core.environment:checking '/home/mk/dev_ws/install/xarm_planner/bin'
[5.328s] INFO:colcon.colcon_core.shell:Creating package script '/home/mk/dev_ws/install/xarm_planner/share/xarm_planner/package.ps1'
[5.329s] INFO:colcon.colcon_core.shell:Creating package descriptor '/home/mk/dev_ws/install/xarm_planner/share/xarm_planner/package.dsv'
[5.329s] INFO:colcon.colcon_core.shell:Creating package script '/home/mk/dev_ws/install/xarm_planner/share/xarm_planner/package.sh'
[5.329s] INFO:colcon.colcon_core.shell:Creating package script '/home/mk/dev_ws/install/xarm_planner/share/xarm_planner/package.bash'
[5.329s] INFO:colcon.colcon_core.shell:Creating package script '/home/mk/dev_ws/install/xarm_planner/share/xarm_planner/package.zsh'
[5.329s] Level 1:colcon.colcon_core.environment:create_file_with_runtime_dependencies(/home/mk/dev_ws/install/xarm_planner/share/colcon-core/packages/xarm_planner)
[5.329s] Level 1:colcon.colcon_core.environment:create_environment_scripts_only(xarm_planner)
[5.330s] Level 1:colcon.colcon_core.environment:checking '/home/mk/dev_ws/install/xarm_planner' for CMake module files
[5.330s] Level 1:colcon.colcon_core.environment:checking '/home/mk/dev_ws/install/xarm_planner' for CMake config files
[5.330s] Level 1:colcon.colcon_core.shell:create_environment_hook('xarm_planner', 'cmake_prefix_path')
[5.330s] INFO:colcon.colcon_core.shell:Creating environment hook '/home/mk/dev_ws/install/xarm_planner/share/xarm_planner/hook/cmake_prefix_path.ps1'
[5.330s] INFO:colcon.colcon_core.shell:Creating environment descriptor '/home/mk/dev_ws/install/xarm_planner/share/xarm_planner/hook/cmake_prefix_path.dsv'
[5.331s] INFO:colcon.colcon_core.shell:Creating environment hook '/home/mk/dev_ws/install/xarm_planner/share/xarm_planner/hook/cmake_prefix_path.sh'
[5.331s] Level 1:colcon.colcon_core.environment:checking '/home/mk/dev_ws/install/xarm_planner/lib'
[5.331s] Level 1:colcon.colcon_core.shell:create_environment_hook('xarm_planner', 'ld_library_path_lib')
[5.331s] INFO:colcon.colcon_core.shell:Creating environment hook '/home/mk/dev_ws/install/xarm_planner/share/xarm_planner/hook/ld_library_path_lib.ps1'
[5.331s] INFO:colcon.colcon_core.shell:Creating environment descriptor '/home/mk/dev_ws/install/xarm_planner/share/xarm_planner/hook/ld_library_path_lib.dsv'
[5.331s] INFO:colcon.colcon_core.shell:Creating environment hook '/home/mk/dev_ws/install/xarm_planner/share/xarm_planner/hook/ld_library_path_lib.sh'
[5.331s] Level 1:colcon.colcon_core.environment:checking '/home/mk/dev_ws/install/xarm_planner/bin'
[5.331s] Level 1:colcon.colcon_core.environment:checking '/home/mk/dev_ws/install/xarm_planner/lib/pkgconfig/xarm_planner.pc'
[5.332s] Level 1:colcon.colcon_core.environment:checking '/home/mk/dev_ws/install/xarm_planner/lib/python3.10/site-packages'
[5.332s] Level 1:colcon.colcon_core.environment:checking '/home/mk/dev_ws/install/xarm_planner/bin'
[5.332s] INFO:colcon.colcon_core.shell:Creating package script '/home/mk/dev_ws/install/xarm_planner/share/xarm_planner/package.ps1'
[5.332s] INFO:colcon.colcon_core.shell:Creating package descriptor '/home/mk/dev_ws/install/xarm_planner/share/xarm_planner/package.dsv'
[5.332s] INFO:colcon.colcon_core.shell:Creating package script '/home/mk/dev_ws/install/xarm_planner/share/xarm_planner/package.sh'
[5.333s] INFO:colcon.colcon_core.shell:Creating package script '/home/mk/dev_ws/install/xarm_planner/share/xarm_planner/package.bash'
[5.333s] INFO:colcon.colcon_core.shell:Creating package script '/home/mk/dev_ws/install/xarm_planner/share/xarm_planner/package.zsh'
[5.333s] Level 1:colcon.colcon_core.environment:create_file_with_runtime_dependencies(/home/mk/dev_ws/install/xarm_planner/share/colcon-core/packages/xarm_planner)
[5.333s] DEBUG:colcon.colcon_parallel_executor.executor.parallel:closing loop
[5.333s] DEBUG:colcon.colcon_parallel_executor.executor.parallel:loop closed
[5.333s] DEBUG:colcon.colcon_parallel_executor.executor.parallel:run_until_complete finished with '0'
[5.333s] DEBUG:colcon.colcon_core.event_reactor:joining thread
[5.337s] INFO:colcon.colcon_core.plugin_system:Skipping extension 'colcon_notification.desktop_notification.terminal_notifier': Not used on non-Darwin systems
[5.337s] INFO:colcon.colcon_core.plugin_system:Skipping extension 'colcon_notification.desktop_notification.win32': Not used on non-Windows systems
[5.337s] INFO:colcon.colcon_notification.desktop_notification:Sending desktop notification using 'notify2'
[5.343s] DEBUG:colcon.colcon_core.event_reactor:joined thread
[5.343s] INFO:colcon.colcon_core.shell:Creating prefix script '/home/mk/dev_ws/install/local_setup.ps1'
[5.343s] INFO:colcon.colcon_core.shell:Creating prefix util module '/home/mk/dev_ws/install/_local_setup_util_ps1.py'
[5.344s] INFO:colcon.colcon_core.shell:Creating prefix chain script '/home/mk/dev_ws/install/setup.ps1'
[5.345s] INFO:colcon.colcon_core.shell:Creating prefix script '/home/mk/dev_ws/install/local_setup.sh'
[5.346s] INFO:colcon.colcon_core.shell:Creating prefix util module '/home/mk/dev_ws/install/_local_setup_util_sh.py'
[5.346s] INFO:colcon.colcon_core.shell:Creating prefix chain script '/home/mk/dev_ws/install/setup.sh'
[5.347s] INFO:colcon.colcon_core.shell:Creating prefix script '/home/mk/dev_ws/install/local_setup.bash'
[5.347s] INFO:colcon.colcon_core.shell:Creating prefix chain script '/home/mk/dev_ws/install/setup.bash'
[5.348s] INFO:colcon.colcon_core.shell:Creating prefix script '/home/mk/dev_ws/install/local_setup.zsh'
[5.348s] INFO:colcon.colcon_core.shell:Creating prefix chain script '/home/mk/dev_ws/install/setup.zsh'
