[0.022s] Invoking command in '/home/mk/dev_ws/build/xarm_msgs': CMAKE_PREFIX_PATH=${CMAKE_PREFIX_PATH}:/home/mk/dev_ws/install/yolo_object_detector:/home/mk/dev_ws/install/move_to_coordinator:/home/mk/dev_ws/install/motion_sequence:/home/mk/dev_ws/install/whisper_demos:/home/mk/dev_ws/install/voice_command_listener:/home/mk/dev_ws/install/uf_ros_lib:/home/mk/dev_ws/install/rviz_servo_status_overlay:/home/mk/dev_ws/install/rviz_marker_static_scene_objects:/home/mk/dev_ws/install/robot_motion_handler_movegroup:/home/mk/dev_ws/install/gaze_control:/home/mk/dev_ws/install/collision_check:/home/mk/dev_ws/install/audio_listener:/opt/ros/humble /usr/bin/cmake --build /home/mk/dev_ws/build/xarm_msgs -- -j16 -l16
[0.227s] [  1%] Built target xarm_msgs__rs
[0.227s] [  1%] Built target xarm_msgs__cpp
[0.228s] [  1%] Built target ament_cmake_python_symlink_xarm_msgs
[0.228s] [ 13%] Built target xarm_msgs__rosidl_generator_c
[0.228s] [ 26%] Built target xarm_msgs__rosidl_typesupport_cpp
[0.228s] [ 37%] Built target xarm_msgs__rosidl_typesupport_introspection_cpp
[0.228s] [ 50%] Built target xarm_msgs__rosidl_typesupport_c
[0.228s] [ 63%] Built target xarm_msgs__rosidl_typesupport_introspection_c
[0.228s] [ 75%] Built target xarm_msgs__rosidl_typesupport_fastrtps_cpp
[0.228s] [ 88%] Built target xarm_msgs__rosidl_typesupport_fastrtps_c
[0.230s] [ 88%] Built target xarm_msgs
[0.230s] [ 88%] Built target xarm_msgs__py
[0.230s] [100%] Built target xarm_msgs__rosidl_generator_py
[0.230s] [100%] Built target xarm_msgs__rosidl_typesupport_fastrtps_c__pyext
[0.230s] [100%] Built target xarm_msgs__rosidl_typesupport_c__pyext
[0.230s] [100%] Built target xarm_msgs__rosidl_typesupport_introspection_c__pyext
[0.277s] running egg_info
[0.277s] writing xarm_msgs.egg-info/PKG-INFO
[0.277s] writing dependency_links to xarm_msgs.egg-info/dependency_links.txt
[0.277s] writing top-level names to xarm_msgs.egg-info/top_level.txt
[0.280s] reading manifest file 'xarm_msgs.egg-info/SOURCES.txt'
[0.282s] writing manifest file 'xarm_msgs.egg-info/SOURCES.txt'
[0.307s] [100%] Built target ament_cmake_python_build_xarm_msgs_egg
[0.316s] Invoked command in '/home/mk/dev_ws/build/xarm_msgs' returned '0': CMAKE_PREFIX_PATH=${CMAKE_PREFIX_PATH}:/home/mk/dev_ws/install/yolo_object_detector:/home/mk/dev_ws/install/move_to_coordinator:/home/mk/dev_ws/install/motion_sequence:/home/mk/dev_ws/install/whisper_demos:/home/mk/dev_ws/install/voice_command_listener:/home/mk/dev_ws/install/uf_ros_lib:/home/mk/dev_ws/install/rviz_servo_status_overlay:/home/mk/dev_ws/install/rviz_marker_static_scene_objects:/home/mk/dev_ws/install/robot_motion_handler_movegroup:/home/mk/dev_ws/install/gaze_control:/home/mk/dev_ws/install/collision_check:/home/mk/dev_ws/install/audio_listener:/opt/ros/humble /usr/bin/cmake --build /home/mk/dev_ws/build/xarm_msgs -- -j16 -l16
[0.317s] Invoking command in '/home/mk/dev_ws/build/xarm_msgs': CMAKE_PREFIX_PATH=${CMAKE_PREFIX_PATH}:/home/mk/dev_ws/install/yolo_object_detector:/home/mk/dev_ws/install/move_to_coordinator:/home/mk/dev_ws/install/motion_sequence:/home/mk/dev_ws/install/whisper_demos:/home/mk/dev_ws/install/voice_command_listener:/home/mk/dev_ws/install/uf_ros_lib:/home/mk/dev_ws/install/rviz_servo_status_overlay:/home/mk/dev_ws/install/rviz_marker_static_scene_objects:/home/mk/dev_ws/install/robot_motion_handler_movegroup:/home/mk/dev_ws/install/gaze_control:/home/mk/dev_ws/install/collision_check:/home/mk/dev_ws/install/audio_listener:/opt/ros/humble /usr/bin/cmake --install /home/mk/dev_ws/build/xarm_msgs
[0.323s] -- Install configuration: ""
[0.324s] -- Execute custom install script
[0.324s] -- Up-to-date symlink: /home/mk/dev_ws/install/xarm_msgs/share/ament_index/resource_index/rosidl_interfaces/xarm_msgs
[0.325s] -- Up-to-date symlink: /home/mk/dev_ws/install/xarm_msgs/include/xarm_msgs/xarm_msgs/msg/cio_state.h
[0.325s] -- Up-to-date symlink: /home/mk/dev_ws/install/xarm_msgs/include/xarm_msgs/xarm_msgs/msg/detail/cio_state__functions.h
[0.325s] -- Up-to-date symlink: /home/mk/dev_ws/install/xarm_msgs/include/xarm_msgs/xarm_msgs/msg/detail/cio_state__struct.h
[0.326s] -- Up-to-date symlink: /home/mk/dev_ws/install/xarm_msgs/include/xarm_msgs/xarm_msgs/msg/detail/cio_state__type_support.h
[0.326s] -- Up-to-date symlink: /home/mk/dev_ws/install/xarm_msgs/include/xarm_msgs/xarm_msgs/msg/detail/io_state__functions.h
[0.326s] -- Up-to-date symlink: /home/mk/dev_ws/install/xarm_msgs/include/xarm_msgs/xarm_msgs/msg/detail/io_state__struct.h
[0.326s] -- Up-to-date symlink: /home/mk/dev_ws/install/xarm_msgs/include/xarm_msgs/xarm_msgs/msg/detail/io_state__type_support.h
[0.326s] -- Up-to-date symlink: /home/mk/dev_ws/install/xarm_msgs/include/xarm_msgs/xarm_msgs/msg/detail/robot_msg__functions.h
[0.326s] -- Up-to-date symlink: /home/mk/dev_ws/install/xarm_msgs/include/xarm_msgs/xarm_msgs/msg/detail/robot_msg__struct.h
[0.326s] -- Up-to-date symlink: /home/mk/dev_ws/install/xarm_msgs/include/xarm_msgs/xarm_msgs/msg/detail/robot_msg__type_support.h
[0.326s] -- Up-to-date symlink: /home/mk/dev_ws/install/xarm_msgs/include/xarm_msgs/xarm_msgs/msg/io_state.h
[0.326s] -- Up-to-date symlink: /home/mk/dev_ws/install/xarm_msgs/include/xarm_msgs/xarm_msgs/msg/robot_msg.h
[0.326s] -- Up-to-date symlink: /home/mk/dev_ws/install/xarm_msgs/include/xarm_msgs/xarm_msgs/msg/rosidl_generator_c__visibility_control.h
[0.326s] -- Up-to-date symlink: /home/mk/dev_ws/install/xarm_msgs/include/xarm_msgs/xarm_msgs/srv/bio_gripper_ctrl.h
[0.326s] -- Up-to-date symlink: /home/mk/dev_ws/install/xarm_msgs/include/xarm_msgs/xarm_msgs/srv/bio_gripper_enable.h
[0.326s] -- Up-to-date symlink: /home/mk/dev_ws/install/xarm_msgs/include/xarm_msgs/xarm_msgs/srv/call.h
[0.326s] -- Up-to-date symlink: /home/mk/dev_ws/install/xarm_msgs/include/xarm_msgs/xarm_msgs/srv/detail/bio_gripper_ctrl__functions.h
[0.326s] -- Up-to-date symlink: /home/mk/dev_ws/install/xarm_msgs/include/xarm_msgs/xarm_msgs/srv/detail/bio_gripper_ctrl__struct.h
[0.326s] -- Up-to-date symlink: /home/mk/dev_ws/install/xarm_msgs/include/xarm_msgs/xarm_msgs/srv/detail/bio_gripper_ctrl__type_support.h
[0.326s] -- Up-to-date symlink: /home/mk/dev_ws/install/xarm_msgs/include/xarm_msgs/xarm_msgs/srv/detail/bio_gripper_enable__functions.h
[0.326s] -- Up-to-date symlink: /home/mk/dev_ws/install/xarm_msgs/include/xarm_msgs/xarm_msgs/srv/detail/bio_gripper_enable__struct.h
[0.326s] -- Up-to-date symlink: /home/mk/dev_ws/install/xarm_msgs/include/xarm_msgs/xarm_msgs/srv/detail/bio_gripper_enable__type_support.h
[0.326s] -- Up-to-date symlink: /home/mk/dev_ws/install/xarm_msgs/include/xarm_msgs/xarm_msgs/srv/detail/call__functions.h
[0.327s] -- Up-to-date symlink: /home/mk/dev_ws/install/xarm_msgs/include/xarm_msgs/xarm_msgs/srv/detail/call__struct.h
[0.327s] -- Up-to-date symlink: /home/mk/dev_ws/install/xarm_msgs/include/xarm_msgs/xarm_msgs/srv/detail/call__type_support.h
[0.327s] -- Up-to-date symlink: /home/mk/dev_ws/install/xarm_msgs/include/xarm_msgs/xarm_msgs/srv/detail/ft_cali_load__functions.h
[0.327s] -- Up-to-date symlink: /home/mk/dev_ws/install/xarm_msgs/include/xarm_msgs/xarm_msgs/srv/detail/ft_cali_load__struct.h
[0.327s] -- Up-to-date symlink: /home/mk/dev_ws/install/xarm_msgs/include/xarm_msgs/xarm_msgs/srv/detail/ft_cali_load__type_support.h
[0.327s] -- Up-to-date symlink: /home/mk/dev_ws/install/xarm_msgs/include/xarm_msgs/xarm_msgs/srv/detail/ft_force_config__functions.h
[0.327s] -- Up-to-date symlink: /home/mk/dev_ws/install/xarm_msgs/include/xarm_msgs/xarm_msgs/srv/detail/ft_force_config__struct.h
[0.327s] -- Up-to-date symlink: /home/mk/dev_ws/install/xarm_msgs/include/xarm_msgs/xarm_msgs/srv/detail/ft_force_config__type_support.h
[0.327s] -- Up-to-date symlink: /home/mk/dev_ws/install/xarm_msgs/include/xarm_msgs/xarm_msgs/srv/detail/ft_force_pid__functions.h
[0.327s] -- Up-to-date symlink: /home/mk/dev_ws/install/xarm_msgs/include/xarm_msgs/xarm_msgs/srv/detail/ft_force_pid__struct.h
[0.327s] -- Up-to-date symlink: /home/mk/dev_ws/install/xarm_msgs/include/xarm_msgs/xarm_msgs/srv/detail/ft_force_pid__type_support.h
[0.327s] -- Up-to-date symlink: /home/mk/dev_ws/install/xarm_msgs/include/xarm_msgs/xarm_msgs/srv/detail/ft_impedance__functions.h
[0.327s] -- Up-to-date symlink: /home/mk/dev_ws/install/xarm_msgs/include/xarm_msgs/xarm_msgs/srv/detail/ft_impedance__struct.h
[0.327s] -- Up-to-date symlink: /home/mk/dev_ws/install/xarm_msgs/include/xarm_msgs/xarm_msgs/srv/detail/ft_impedance__type_support.h
[0.327s] -- Up-to-date symlink: /home/mk/dev_ws/install/xarm_msgs/include/xarm_msgs/xarm_msgs/srv/detail/get_analog_io__functions.h
[0.327s] -- Up-to-date symlink: /home/mk/dev_ws/install/xarm_msgs/include/xarm_msgs/xarm_msgs/srv/detail/get_analog_io__struct.h
[0.328s] -- Up-to-date symlink: /home/mk/dev_ws/install/xarm_msgs/include/xarm_msgs/xarm_msgs/srv/detail/get_analog_io__type_support.h
[0.328s] -- Up-to-date symlink: /home/mk/dev_ws/install/xarm_msgs/include/xarm_msgs/xarm_msgs/srv/detail/get_digital_io__functions.h
[0.328s] -- Up-to-date symlink: /home/mk/dev_ws/install/xarm_msgs/include/xarm_msgs/xarm_msgs/srv/detail/get_digital_io__struct.h
[0.328s] -- Up-to-date symlink: /home/mk/dev_ws/install/xarm_msgs/include/xarm_msgs/xarm_msgs/srv/detail/get_digital_io__type_support.h
[0.328s] -- Up-to-date symlink: /home/mk/dev_ws/install/xarm_msgs/include/xarm_msgs/xarm_msgs/srv/detail/get_float32__functions.h
[0.328s] -- Up-to-date symlink: /home/mk/dev_ws/install/xarm_msgs/include/xarm_msgs/xarm_msgs/srv/detail/get_float32__struct.h
[0.328s] -- Up-to-date symlink: /home/mk/dev_ws/install/xarm_msgs/include/xarm_msgs/xarm_msgs/srv/detail/get_float32__type_support.h
[0.328s] -- Up-to-date symlink: /home/mk/dev_ws/install/xarm_msgs/include/xarm_msgs/xarm_msgs/srv/detail/get_float32_list__functions.h
[0.328s] -- Up-to-date symlink: /home/mk/dev_ws/install/xarm_msgs/include/xarm_msgs/xarm_msgs/srv/detail/get_float32_list__struct.h
[0.328s] -- Up-to-date symlink: /home/mk/dev_ws/install/xarm_msgs/include/xarm_msgs/xarm_msgs/srv/detail/get_float32_list__type_support.h
[0.328s] -- Up-to-date symlink: /home/mk/dev_ws/install/xarm_msgs/include/xarm_msgs/xarm_msgs/srv/detail/get_int16__functions.h
[0.328s] -- Up-to-date symlink: /home/mk/dev_ws/install/xarm_msgs/include/xarm_msgs/xarm_msgs/srv/detail/get_int16__struct.h
[0.328s] -- Up-to-date symlink: /home/mk/dev_ws/install/xarm_msgs/include/xarm_msgs/xarm_msgs/srv/detail/get_int16__type_support.h
[0.328s] -- Up-to-date symlink: /home/mk/dev_ws/install/xarm_msgs/include/xarm_msgs/xarm_msgs/srv/detail/get_int16_list__functions.h
[0.328s] -- Up-to-date symlink: /home/mk/dev_ws/install/xarm_msgs/include/xarm_msgs/xarm_msgs/srv/detail/get_int16_list__struct.h
[0.328s] -- Up-to-date symlink: /home/mk/dev_ws/install/xarm_msgs/include/xarm_msgs/xarm_msgs/srv/detail/get_int16_list__type_support.h
[0.328s] -- Up-to-date symlink: /home/mk/dev_ws/install/xarm_msgs/include/xarm_msgs/xarm_msgs/srv/detail/get_int32__functions.h
[0.329s] -- Up-to-date symlink: /home/mk/dev_ws/install/xarm_msgs/include/xarm_msgs/xarm_msgs/srv/detail/get_int32__struct.h
[0.329s] -- Up-to-date symlink: /home/mk/dev_ws/install/xarm_msgs/include/xarm_msgs/xarm_msgs/srv/detail/get_int32__type_support.h
[0.329s] -- Up-to-date symlink: /home/mk/dev_ws/install/xarm_msgs/include/xarm_msgs/xarm_msgs/srv/detail/get_int32_by_type__functions.h
[0.329s] -- Up-to-date symlink: /home/mk/dev_ws/install/xarm_msgs/include/xarm_msgs/xarm_msgs/srv/detail/get_int32_by_type__struct.h
[0.329s] -- Up-to-date symlink: /home/mk/dev_ws/install/xarm_msgs/include/xarm_msgs/xarm_msgs/srv/detail/get_int32_by_type__type_support.h
[0.329s] -- Up-to-date symlink: /home/mk/dev_ws/install/xarm_msgs/include/xarm_msgs/xarm_msgs/srv/detail/get_set_modbus_data__functions.h
[0.329s] -- Up-to-date symlink: /home/mk/dev_ws/install/xarm_msgs/include/xarm_msgs/xarm_msgs/srv/detail/get_set_modbus_data__struct.h
[0.329s] -- Up-to-date symlink: /home/mk/dev_ws/install/xarm_msgs/include/xarm_msgs/xarm_msgs/srv/detail/get_set_modbus_data__type_support.h
[0.329s] -- Up-to-date symlink: /home/mk/dev_ws/install/xarm_msgs/include/xarm_msgs/xarm_msgs/srv/detail/gripper_move__functions.h
[0.329s] -- Up-to-date symlink: /home/mk/dev_ws/install/xarm_msgs/include/xarm_msgs/xarm_msgs/srv/detail/gripper_move__struct.h
[0.329s] -- Up-to-date symlink: /home/mk/dev_ws/install/xarm_msgs/include/xarm_msgs/xarm_msgs/srv/detail/gripper_move__type_support.h
[0.329s] -- Up-to-date symlink: /home/mk/dev_ws/install/xarm_msgs/include/xarm_msgs/xarm_msgs/srv/detail/iden_load__functions.h
[0.329s] -- Up-to-date symlink: /home/mk/dev_ws/install/xarm_msgs/include/xarm_msgs/xarm_msgs/srv/detail/iden_load__struct.h
[0.329s] -- Up-to-date symlink: /home/mk/dev_ws/install/xarm_msgs/include/xarm_msgs/xarm_msgs/srv/detail/iden_load__type_support.h
[0.329s] -- Up-to-date symlink: /home/mk/dev_ws/install/xarm_msgs/include/xarm_msgs/xarm_msgs/srv/detail/linear_track_back_origin__functions.h
[0.329s] -- Up-to-date symlink: /home/mk/dev_ws/install/xarm_msgs/include/xarm_msgs/xarm_msgs/srv/detail/linear_track_back_origin__struct.h
[0.329s] -- Up-to-date symlink: /home/mk/dev_ws/install/xarm_msgs/include/xarm_msgs/xarm_msgs/srv/detail/linear_track_back_origin__type_support.h
[0.329s] -- Up-to-date symlink: /home/mk/dev_ws/install/xarm_msgs/include/xarm_msgs/xarm_msgs/srv/detail/linear_track_set_pos__functions.h
[0.330s] -- Up-to-date symlink: /home/mk/dev_ws/install/xarm_msgs/include/xarm_msgs/xarm_msgs/srv/detail/linear_track_set_pos__struct.h
[0.330s] -- Up-to-date symlink: /home/mk/dev_ws/install/xarm_msgs/include/xarm_msgs/xarm_msgs/srv/detail/linear_track_set_pos__type_support.h
[0.330s] -- Up-to-date symlink: /home/mk/dev_ws/install/xarm_msgs/include/xarm_msgs/xarm_msgs/srv/detail/move_cartesian__functions.h
[0.330s] -- Up-to-date symlink: /home/mk/dev_ws/install/xarm_msgs/include/xarm_msgs/xarm_msgs/srv/detail/move_cartesian__struct.h
[0.330s] -- Up-to-date symlink: /home/mk/dev_ws/install/xarm_msgs/include/xarm_msgs/xarm_msgs/srv/detail/move_cartesian__type_support.h
[0.330s] -- Up-to-date symlink: /home/mk/dev_ws/install/xarm_msgs/include/xarm_msgs/xarm_msgs/srv/detail/move_circle__functions.h
[0.330s] -- Up-to-date symlink: /home/mk/dev_ws/install/xarm_msgs/include/xarm_msgs/xarm_msgs/srv/detail/move_circle__struct.h
[0.330s] -- Up-to-date symlink: /home/mk/dev_ws/install/xarm_msgs/include/xarm_msgs/xarm_msgs/srv/detail/move_circle__type_support.h
[0.330s] -- Up-to-date symlink: /home/mk/dev_ws/install/xarm_msgs/include/xarm_msgs/xarm_msgs/srv/detail/move_home__functions.h
[0.330s] -- Up-to-date symlink: /home/mk/dev_ws/install/xarm_msgs/include/xarm_msgs/xarm_msgs/srv/detail/move_home__struct.h
[0.330s] -- Up-to-date symlink: /home/mk/dev_ws/install/xarm_msgs/include/xarm_msgs/xarm_msgs/srv/detail/move_home__type_support.h
[0.330s] -- Up-to-date symlink: /home/mk/dev_ws/install/xarm_msgs/include/xarm_msgs/xarm_msgs/srv/detail/move_joint__functions.h
[0.330s] -- Up-to-date symlink: /home/mk/dev_ws/install/xarm_msgs/include/xarm_msgs/xarm_msgs/srv/detail/move_joint__struct.h
[0.330s] -- Up-to-date symlink: /home/mk/dev_ws/install/xarm_msgs/include/xarm_msgs/xarm_msgs/srv/detail/move_joint__type_support.h
[0.330s] -- Up-to-date symlink: /home/mk/dev_ws/install/xarm_msgs/include/xarm_msgs/xarm_msgs/srv/detail/move_velocity__functions.h
[0.331s] -- Up-to-date symlink: /home/mk/dev_ws/install/xarm_msgs/include/xarm_msgs/xarm_msgs/srv/detail/move_velocity__struct.h
[0.331s] -- Up-to-date symlink: /home/mk/dev_ws/install/xarm_msgs/include/xarm_msgs/xarm_msgs/srv/detail/move_velocity__type_support.h
[0.332s] -- Up-to-date symlink: /home/mk/dev_ws/install/xarm_msgs/include/xarm_msgs/xarm_msgs/srv/detail/plan_exec__functions.h
[0.332s] -- Up-to-date symlink: /home/mk/dev_ws/install/xarm_msgs/include/xarm_msgs/xarm_msgs/srv/detail/plan_exec__struct.h
[0.332s] -- Up-to-date symlink: /home/mk/dev_ws/install/xarm_msgs/include/xarm_msgs/xarm_msgs/srv/detail/plan_exec__type_support.h
[0.332s] -- Up-to-date symlink: /home/mk/dev_ws/install/xarm_msgs/include/xarm_msgs/xarm_msgs/srv/detail/plan_joint__functions.h
[0.332s] -- Up-to-date symlink: /home/mk/dev_ws/install/xarm_msgs/include/xarm_msgs/xarm_msgs/srv/detail/plan_joint__struct.h
[0.332s] -- Up-to-date symlink: /home/mk/dev_ws/install/xarm_msgs/include/xarm_msgs/xarm_msgs/srv/detail/plan_joint__type_support.h
[0.332s] -- Up-to-date symlink: /home/mk/dev_ws/install/xarm_msgs/include/xarm_msgs/xarm_msgs/srv/detail/plan_pose__functions.h
[0.332s] -- Up-to-date symlink: /home/mk/dev_ws/install/xarm_msgs/include/xarm_msgs/xarm_msgs/srv/detail/plan_pose__struct.h
[0.332s] -- Up-to-date symlink: /home/mk/dev_ws/install/xarm_msgs/include/xarm_msgs/xarm_msgs/srv/detail/plan_pose__type_support.h
[0.332s] -- Up-to-date symlink: /home/mk/dev_ws/install/xarm_msgs/include/xarm_msgs/xarm_msgs/srv/detail/plan_single_straight__functions.h
[0.332s] -- Up-to-date symlink: /home/mk/dev_ws/install/xarm_msgs/include/xarm_msgs/xarm_msgs/srv/detail/plan_single_straight__struct.h
[0.332s] -- Up-to-date symlink: /home/mk/dev_ws/install/xarm_msgs/include/xarm_msgs/xarm_msgs/srv/detail/plan_single_straight__type_support.h
[0.332s] -- Up-to-date symlink: /home/mk/dev_ws/install/xarm_msgs/include/xarm_msgs/xarm_msgs/srv/detail/robotiq_activate__functions.h
[0.332s] -- Up-to-date symlink: /home/mk/dev_ws/install/xarm_msgs/include/xarm_msgs/xarm_msgs/srv/detail/robotiq_activate__struct.h
[0.332s] -- Up-to-date symlink: /home/mk/dev_ws/install/xarm_msgs/include/xarm_msgs/xarm_msgs/srv/detail/robotiq_activate__type_support.h
[0.332s] -- Up-to-date symlink: /home/mk/dev_ws/install/xarm_msgs/include/xarm_msgs/xarm_msgs/srv/detail/robotiq_get_status__functions.h
[0.332s] -- Up-to-date symlink: /home/mk/dev_ws/install/xarm_msgs/include/xarm_msgs/xarm_msgs/srv/detail/robotiq_get_status__struct.h
[0.332s] -- Up-to-date symlink: /home/mk/dev_ws/install/xarm_msgs/include/xarm_msgs/xarm_msgs/srv/detail/robotiq_get_status__type_support.h
[0.332s] -- Up-to-date symlink: /home/mk/dev_ws/install/xarm_msgs/include/xarm_msgs/xarm_msgs/srv/detail/robotiq_move__functions.h
[0.332s] -- Up-to-date symlink: /home/mk/dev_ws/install/xarm_msgs/include/xarm_msgs/xarm_msgs/srv/detail/robotiq_move__struct.h
[0.332s] -- Up-to-date symlink: /home/mk/dev_ws/install/xarm_msgs/include/xarm_msgs/xarm_msgs/srv/detail/robotiq_move__type_support.h
[0.332s] -- Up-to-date symlink: /home/mk/dev_ws/install/xarm_msgs/include/xarm_msgs/xarm_msgs/srv/detail/robotiq_reset__functions.h
[0.332s] -- Up-to-date symlink: /home/mk/dev_ws/install/xarm_msgs/include/xarm_msgs/xarm_msgs/srv/detail/robotiq_reset__struct.h
[0.332s] -- Up-to-date symlink: /home/mk/dev_ws/install/xarm_msgs/include/xarm_msgs/xarm_msgs/srv/detail/robotiq_reset__type_support.h
[0.333s] -- Up-to-date symlink: /home/mk/dev_ws/install/xarm_msgs/include/xarm_msgs/xarm_msgs/srv/detail/set_analog_io__functions.h
[0.333s] -- Up-to-date symlink: /home/mk/dev_ws/install/xarm_msgs/include/xarm_msgs/xarm_msgs/srv/detail/set_analog_io__struct.h
[0.333s] -- Up-to-date symlink: /home/mk/dev_ws/install/xarm_msgs/include/xarm_msgs/xarm_msgs/srv/detail/set_analog_io__type_support.h
[0.333s] -- Up-to-date symlink: /home/mk/dev_ws/install/xarm_msgs/include/xarm_msgs/xarm_msgs/srv/detail/set_digital_io__functions.h
[0.333s] -- Up-to-date symlink: /home/mk/dev_ws/install/xarm_msgs/include/xarm_msgs/xarm_msgs/srv/detail/set_digital_io__struct.h
[0.333s] -- Up-to-date symlink: /home/mk/dev_ws/install/xarm_msgs/include/xarm_msgs/xarm_msgs/srv/detail/set_digital_io__type_support.h
[0.333s] -- Up-to-date symlink: /home/mk/dev_ws/install/xarm_msgs/include/xarm_msgs/xarm_msgs/srv/detail/set_float32__functions.h
[0.333s] -- Up-to-date symlink: /home/mk/dev_ws/install/xarm_msgs/include/xarm_msgs/xarm_msgs/srv/detail/set_float32__struct.h
[0.333s] -- Up-to-date symlink: /home/mk/dev_ws/install/xarm_msgs/include/xarm_msgs/xarm_msgs/srv/detail/set_float32__type_support.h
[0.333s] -- Up-to-date symlink: /home/mk/dev_ws/install/xarm_msgs/include/xarm_msgs/xarm_msgs/srv/detail/set_float32_list__functions.h
[0.333s] -- Up-to-date symlink: /home/mk/dev_ws/install/xarm_msgs/include/xarm_msgs/xarm_msgs/srv/detail/set_float32_list__struct.h
[0.333s] -- Up-to-date symlink: /home/mk/dev_ws/install/xarm_msgs/include/xarm_msgs/xarm_msgs/srv/detail/set_float32_list__type_support.h
[0.333s] -- Up-to-date symlink: /home/mk/dev_ws/install/xarm_msgs/include/xarm_msgs/xarm_msgs/srv/detail/set_int16__functions.h
[0.333s] -- Up-to-date symlink: /home/mk/dev_ws/install/xarm_msgs/include/xarm_msgs/xarm_msgs/srv/detail/set_int16__struct.h
[0.333s] -- Up-to-date symlink: /home/mk/dev_ws/install/xarm_msgs/include/xarm_msgs/xarm_msgs/srv/detail/set_int16__type_support.h
[0.333s] -- Up-to-date symlink: /home/mk/dev_ws/install/xarm_msgs/include/xarm_msgs/xarm_msgs/srv/detail/set_int16_by_id__functions.h
[0.333s] -- Up-to-date symlink: /home/mk/dev_ws/install/xarm_msgs/include/xarm_msgs/xarm_msgs/srv/detail/set_int16_by_id__struct.h
[0.333s] -- Up-to-date symlink: /home/mk/dev_ws/install/xarm_msgs/include/xarm_msgs/xarm_msgs/srv/detail/set_int16_by_id__type_support.h
[0.333s] -- Up-to-date symlink: /home/mk/dev_ws/install/xarm_msgs/include/xarm_msgs/xarm_msgs/srv/detail/set_int16_list__functions.h
[0.333s] -- Up-to-date symlink: /home/mk/dev_ws/install/xarm_msgs/include/xarm_msgs/xarm_msgs/srv/detail/set_int16_list__struct.h
[0.333s] -- Up-to-date symlink: /home/mk/dev_ws/install/xarm_msgs/include/xarm_msgs/xarm_msgs/srv/detail/set_int16_list__type_support.h
[0.333s] -- Up-to-date symlink: /home/mk/dev_ws/install/xarm_msgs/include/xarm_msgs/xarm_msgs/srv/detail/set_int32__functions.h
[0.333s] -- Up-to-date symlink: /home/mk/dev_ws/install/xarm_msgs/include/xarm_msgs/xarm_msgs/srv/detail/set_int32__struct.h
[0.333s] -- Up-to-date symlink: /home/mk/dev_ws/install/xarm_msgs/include/xarm_msgs/xarm_msgs/srv/detail/set_int32__type_support.h
[0.333s] -- Up-to-date symlink: /home/mk/dev_ws/install/xarm_msgs/include/xarm_msgs/xarm_msgs/srv/detail/set_int32_by_type__functions.h
[0.333s] -- Up-to-date symlink: /home/mk/dev_ws/install/xarm_msgs/include/xarm_msgs/xarm_msgs/srv/detail/set_int32_by_type__struct.h
[0.333s] -- Up-to-date symlink: /home/mk/dev_ws/install/xarm_msgs/include/xarm_msgs/xarm_msgs/srv/detail/set_int32_by_type__type_support.h
[0.333s] -- Up-to-date symlink: /home/mk/dev_ws/install/xarm_msgs/include/xarm_msgs/xarm_msgs/srv/detail/set_modbus_timeout__functions.h
[0.333s] -- Up-to-date symlink: /home/mk/dev_ws/install/xarm_msgs/include/xarm_msgs/xarm_msgs/srv/detail/set_modbus_timeout__struct.h
[0.333s] -- Up-to-date symlink: /home/mk/dev_ws/install/xarm_msgs/include/xarm_msgs/xarm_msgs/srv/detail/set_modbus_timeout__type_support.h
[0.333s] -- Up-to-date symlink: /home/mk/dev_ws/install/xarm_msgs/include/xarm_msgs/xarm_msgs/srv/detail/set_tcp_load__functions.h
[0.334s] -- Up-to-date symlink: /home/mk/dev_ws/install/xarm_msgs/include/xarm_msgs/xarm_msgs/srv/detail/set_tcp_load__struct.h
[0.334s] -- Up-to-date symlink: /home/mk/dev_ws/install/xarm_msgs/include/xarm_msgs/xarm_msgs/srv/detail/set_tcp_load__type_support.h
[0.334s] -- Up-to-date symlink: /home/mk/dev_ws/install/xarm_msgs/include/xarm_msgs/xarm_msgs/srv/detail/traj_ctrl__functions.h
[0.334s] -- Up-to-date symlink: /home/mk/dev_ws/install/xarm_msgs/include/xarm_msgs/xarm_msgs/srv/detail/traj_ctrl__struct.h
[0.334s] -- Up-to-date symlink: /home/mk/dev_ws/install/xarm_msgs/include/xarm_msgs/xarm_msgs/srv/detail/traj_ctrl__type_support.h
[0.334s] -- Up-to-date symlink: /home/mk/dev_ws/install/xarm_msgs/include/xarm_msgs/xarm_msgs/srv/detail/traj_play__functions.h
[0.334s] -- Up-to-date symlink: /home/mk/dev_ws/install/xarm_msgs/include/xarm_msgs/xarm_msgs/srv/detail/traj_play__struct.h
[0.334s] -- Up-to-date symlink: /home/mk/dev_ws/install/xarm_msgs/include/xarm_msgs/xarm_msgs/srv/detail/traj_play__type_support.h
[0.334s] -- Up-to-date symlink: /home/mk/dev_ws/install/xarm_msgs/include/xarm_msgs/xarm_msgs/srv/detail/vacuum_gripper_ctrl__functions.h
[0.334s] -- Up-to-date symlink: /home/mk/dev_ws/install/xarm_msgs/include/xarm_msgs/xarm_msgs/srv/detail/vacuum_gripper_ctrl__struct.h
[0.334s] -- Up-to-date symlink: /home/mk/dev_ws/install/xarm_msgs/include/xarm_msgs/xarm_msgs/srv/detail/vacuum_gripper_ctrl__type_support.h
[0.334s] -- Up-to-date symlink: /home/mk/dev_ws/install/xarm_msgs/include/xarm_msgs/xarm_msgs/srv/ft_cali_load.h
[0.334s] -- Up-to-date symlink: /home/mk/dev_ws/install/xarm_msgs/include/xarm_msgs/xarm_msgs/srv/ft_force_config.h
[0.334s] -- Up-to-date symlink: /home/mk/dev_ws/install/xarm_msgs/include/xarm_msgs/xarm_msgs/srv/ft_force_pid.h
[0.334s] -- Up-to-date symlink: /home/mk/dev_ws/install/xarm_msgs/include/xarm_msgs/xarm_msgs/srv/ft_impedance.h
[0.334s] -- Up-to-date symlink: /home/mk/dev_ws/install/xarm_msgs/include/xarm_msgs/xarm_msgs/srv/get_analog_io.h
[0.334s] -- Up-to-date symlink: /home/mk/dev_ws/install/xarm_msgs/include/xarm_msgs/xarm_msgs/srv/get_digital_io.h
[0.334s] -- Up-to-date symlink: /home/mk/dev_ws/install/xarm_msgs/include/xarm_msgs/xarm_msgs/srv/get_float32.h
[0.334s] -- Up-to-date symlink: /home/mk/dev_ws/install/xarm_msgs/include/xarm_msgs/xarm_msgs/srv/get_float32_list.h
[0.334s] -- Up-to-date symlink: /home/mk/dev_ws/install/xarm_msgs/include/xarm_msgs/xarm_msgs/srv/get_int16.h
[0.335s] -- Up-to-date symlink: /home/mk/dev_ws/install/xarm_msgs/include/xarm_msgs/xarm_msgs/srv/get_int16_list.h
[0.335s] -- Up-to-date symlink: /home/mk/dev_ws/install/xarm_msgs/include/xarm_msgs/xarm_msgs/srv/get_int32.h
[0.335s] -- Up-to-date symlink: /home/mk/dev_ws/install/xarm_msgs/include/xarm_msgs/xarm_msgs/srv/get_int32_by_type.h
[0.335s] -- Up-to-date symlink: /home/mk/dev_ws/install/xarm_msgs/include/xarm_msgs/xarm_msgs/srv/get_set_modbus_data.h
[0.335s] -- Up-to-date symlink: /home/mk/dev_ws/install/xarm_msgs/include/xarm_msgs/xarm_msgs/srv/gripper_move.h
[0.335s] -- Up-to-date symlink: /home/mk/dev_ws/install/xarm_msgs/include/xarm_msgs/xarm_msgs/srv/iden_load.h
[0.335s] -- Up-to-date symlink: /home/mk/dev_ws/install/xarm_msgs/include/xarm_msgs/xarm_msgs/srv/linear_track_back_origin.h
[0.335s] -- Up-to-date symlink: /home/mk/dev_ws/install/xarm_msgs/include/xarm_msgs/xarm_msgs/srv/linear_track_set_pos.h
[0.335s] -- Up-to-date symlink: /home/mk/dev_ws/install/xarm_msgs/include/xarm_msgs/xarm_msgs/srv/move_cartesian.h
[0.335s] -- Up-to-date symlink: /home/mk/dev_ws/install/xarm_msgs/include/xarm_msgs/xarm_msgs/srv/move_circle.h
[0.335s] -- Up-to-date symlink: /home/mk/dev_ws/install/xarm_msgs/include/xarm_msgs/xarm_msgs/srv/move_home.h
[0.335s] -- Up-to-date symlink: /home/mk/dev_ws/install/xarm_msgs/include/xarm_msgs/xarm_msgs/srv/move_joint.h
[0.335s] -- Up-to-date symlink: /home/mk/dev_ws/install/xarm_msgs/include/xarm_msgs/xarm_msgs/srv/move_velocity.h
[0.335s] -- Up-to-date symlink: /home/mk/dev_ws/install/xarm_msgs/include/xarm_msgs/xarm_msgs/srv/plan_exec.h
[0.335s] -- Up-to-date symlink: /home/mk/dev_ws/install/xarm_msgs/include/xarm_msgs/xarm_msgs/srv/plan_joint.h
[0.335s] -- Up-to-date symlink: /home/mk/dev_ws/install/xarm_msgs/include/xarm_msgs/xarm_msgs/srv/plan_pose.h
[0.335s] -- Up-to-date symlink: /home/mk/dev_ws/install/xarm_msgs/include/xarm_msgs/xarm_msgs/srv/plan_single_straight.h
[0.335s] -- Up-to-date symlink: /home/mk/dev_ws/install/xarm_msgs/include/xarm_msgs/xarm_msgs/srv/robotiq_activate.h
[0.335s] -- Up-to-date symlink: /home/mk/dev_ws/install/xarm_msgs/include/xarm_msgs/xarm_msgs/srv/robotiq_get_status.h
[0.335s] -- Up-to-date symlink: /home/mk/dev_ws/install/xarm_msgs/include/xarm_msgs/xarm_msgs/srv/robotiq_move.h
[0.335s] -- Up-to-date symlink: /home/mk/dev_ws/install/xarm_msgs/include/xarm_msgs/xarm_msgs/srv/robotiq_reset.h
[0.335s] -- Up-to-date symlink: /home/mk/dev_ws/install/xarm_msgs/include/xarm_msgs/xarm_msgs/srv/set_analog_io.h
[0.335s] -- Up-to-date symlink: /home/mk/dev_ws/install/xarm_msgs/include/xarm_msgs/xarm_msgs/srv/set_digital_io.h
[0.335s] -- Up-to-date symlink: /home/mk/dev_ws/install/xarm_msgs/include/xarm_msgs/xarm_msgs/srv/set_float32.h
[0.335s] -- Up-to-date symlink: /home/mk/dev_ws/install/xarm_msgs/include/xarm_msgs/xarm_msgs/srv/set_float32_list.h
[0.335s] -- Up-to-date symlink: /home/mk/dev_ws/install/xarm_msgs/include/xarm_msgs/xarm_msgs/srv/set_int16.h
[0.336s] -- Up-to-date symlink: /home/mk/dev_ws/install/xarm_msgs/include/xarm_msgs/xarm_msgs/srv/set_int16_by_id.h
[0.336s] -- Up-to-date symlink: /home/mk/dev_ws/install/xarm_msgs/include/xarm_msgs/xarm_msgs/srv/set_int16_list.h
[0.336s] -- Up-to-date symlink: /home/mk/dev_ws/install/xarm_msgs/include/xarm_msgs/xarm_msgs/srv/set_int32.h
[0.336s] -- Up-to-date symlink: /home/mk/dev_ws/install/xarm_msgs/include/xarm_msgs/xarm_msgs/srv/set_int32_by_type.h
[0.336s] -- Up-to-date symlink: /home/mk/dev_ws/install/xarm_msgs/include/xarm_msgs/xarm_msgs/srv/set_modbus_timeout.h
[0.336s] -- Up-to-date symlink: /home/mk/dev_ws/install/xarm_msgs/include/xarm_msgs/xarm_msgs/srv/set_tcp_load.h
[0.336s] -- Up-to-date symlink: /home/mk/dev_ws/install/xarm_msgs/include/xarm_msgs/xarm_msgs/srv/traj_ctrl.h
[0.336s] -- Up-to-date symlink: /home/mk/dev_ws/install/xarm_msgs/include/xarm_msgs/xarm_msgs/srv/traj_play.h
[0.336s] -- Up-to-date symlink: /home/mk/dev_ws/install/xarm_msgs/include/xarm_msgs/xarm_msgs/srv/vacuum_gripper_ctrl.h
[0.336s] -- Up-to-date symlink: /home/mk/dev_ws/install/xarm_msgs/share/xarm_msgs/environment/library_path.sh
[0.336s] -- Up-to-date symlink: /home/mk/dev_ws/install/xarm_msgs/share/xarm_msgs/environment/library_path.dsv
[0.337s] -- Up-to-date symlink: /home/mk/dev_ws/install/xarm_msgs/include/xarm_msgs/xarm_msgs/msg/detail/cio_state__rosidl_typesupport_fastrtps_c.h
[0.337s] -- Up-to-date symlink: /home/mk/dev_ws/install/xarm_msgs/include/xarm_msgs/xarm_msgs/msg/detail/io_state__rosidl_typesupport_fastrtps_c.h
[0.337s] -- Up-to-date symlink: /home/mk/dev_ws/install/xarm_msgs/include/xarm_msgs/xarm_msgs/msg/detail/robot_msg__rosidl_typesupport_fastrtps_c.h
[0.337s] -- Up-to-date symlink: /home/mk/dev_ws/install/xarm_msgs/include/xarm_msgs/xarm_msgs/msg/rosidl_typesupport_fastrtps_c__visibility_control.h
[0.337s] -- Up-to-date symlink: /home/mk/dev_ws/install/xarm_msgs/include/xarm_msgs/xarm_msgs/srv/detail/bio_gripper_ctrl__rosidl_typesupport_fastrtps_c.h
[0.337s] -- Up-to-date symlink: /home/mk/dev_ws/install/xarm_msgs/include/xarm_msgs/xarm_msgs/srv/detail/bio_gripper_enable__rosidl_typesupport_fastrtps_c.h
[0.337s] -- Up-to-date symlink: /home/mk/dev_ws/install/xarm_msgs/include/xarm_msgs/xarm_msgs/srv/detail/call__rosidl_typesupport_fastrtps_c.h
[0.337s] -- Up-to-date symlink: /home/mk/dev_ws/install/xarm_msgs/include/xarm_msgs/xarm_msgs/srv/detail/ft_cali_load__rosidl_typesupport_fastrtps_c.h
[0.337s] -- Up-to-date symlink: /home/mk/dev_ws/install/xarm_msgs/include/xarm_msgs/xarm_msgs/srv/detail/ft_force_config__rosidl_typesupport_fastrtps_c.h
[0.337s] -- Up-to-date symlink: /home/mk/dev_ws/install/xarm_msgs/include/xarm_msgs/xarm_msgs/srv/detail/ft_force_pid__rosidl_typesupport_fastrtps_c.h
[0.337s] -- Up-to-date symlink: /home/mk/dev_ws/install/xarm_msgs/include/xarm_msgs/xarm_msgs/srv/detail/ft_impedance__rosidl_typesupport_fastrtps_c.h
[0.337s] -- Up-to-date symlink: /home/mk/dev_ws/install/xarm_msgs/include/xarm_msgs/xarm_msgs/srv/detail/get_analog_io__rosidl_typesupport_fastrtps_c.h
[0.337s] -- Up-to-date symlink: /home/mk/dev_ws/install/xarm_msgs/include/xarm_msgs/xarm_msgs/srv/detail/get_digital_io__rosidl_typesupport_fastrtps_c.h
[0.338s] -- Up-to-date symlink: /home/mk/dev_ws/install/xarm_msgs/include/xarm_msgs/xarm_msgs/srv/detail/get_float32__rosidl_typesupport_fastrtps_c.h
[0.338s] -- Up-to-date symlink: /home/mk/dev_ws/install/xarm_msgs/include/xarm_msgs/xarm_msgs/srv/detail/get_float32_list__rosidl_typesupport_fastrtps_c.h
[0.338s] -- Up-to-date symlink: /home/mk/dev_ws/install/xarm_msgs/include/xarm_msgs/xarm_msgs/srv/detail/get_int16__rosidl_typesupport_fastrtps_c.h
[0.338s] -- Up-to-date symlink: /home/mk/dev_ws/install/xarm_msgs/include/xarm_msgs/xarm_msgs/srv/detail/get_int16_list__rosidl_typesupport_fastrtps_c.h
[0.338s] -- Up-to-date symlink: /home/mk/dev_ws/install/xarm_msgs/include/xarm_msgs/xarm_msgs/srv/detail/get_int32__rosidl_typesupport_fastrtps_c.h
[0.338s] -- Up-to-date symlink: /home/mk/dev_ws/install/xarm_msgs/include/xarm_msgs/xarm_msgs/srv/detail/get_int32_by_type__rosidl_typesupport_fastrtps_c.h
[0.338s] -- Up-to-date symlink: /home/mk/dev_ws/install/xarm_msgs/include/xarm_msgs/xarm_msgs/srv/detail/get_set_modbus_data__rosidl_typesupport_fastrtps_c.h
[0.338s] -- Up-to-date symlink: /home/mk/dev_ws/install/xarm_msgs/include/xarm_msgs/xarm_msgs/srv/detail/gripper_move__rosidl_typesupport_fastrtps_c.h
[0.338s] -- Up-to-date symlink: /home/mk/dev_ws/install/xarm_msgs/include/xarm_msgs/xarm_msgs/srv/detail/iden_load__rosidl_typesupport_fastrtps_c.h
[0.338s] -- Up-to-date symlink: /home/mk/dev_ws/install/xarm_msgs/include/xarm_msgs/xarm_msgs/srv/detail/linear_track_back_origin__rosidl_typesupport_fastrtps_c.h
[0.338s] -- Up-to-date symlink: /home/mk/dev_ws/install/xarm_msgs/include/xarm_msgs/xarm_msgs/srv/detail/linear_track_set_pos__rosidl_typesupport_fastrtps_c.h
[0.338s] -- Up-to-date symlink: /home/mk/dev_ws/install/xarm_msgs/include/xarm_msgs/xarm_msgs/srv/detail/move_cartesian__rosidl_typesupport_fastrtps_c.h
[0.338s] -- Up-to-date symlink: /home/mk/dev_ws/install/xarm_msgs/include/xarm_msgs/xarm_msgs/srv/detail/move_circle__rosidl_typesupport_fastrtps_c.h
[0.338s] -- Up-to-date symlink: /home/mk/dev_ws/install/xarm_msgs/include/xarm_msgs/xarm_msgs/srv/detail/move_home__rosidl_typesupport_fastrtps_c.h
[0.338s] -- Up-to-date symlink: /home/mk/dev_ws/install/xarm_msgs/include/xarm_msgs/xarm_msgs/srv/detail/move_joint__rosidl_typesupport_fastrtps_c.h
[0.338s] -- Up-to-date symlink: /home/mk/dev_ws/install/xarm_msgs/include/xarm_msgs/xarm_msgs/srv/detail/move_velocity__rosidl_typesupport_fastrtps_c.h
[0.338s] -- Up-to-date symlink: /home/mk/dev_ws/install/xarm_msgs/include/xarm_msgs/xarm_msgs/srv/detail/plan_exec__rosidl_typesupport_fastrtps_c.h
[0.338s] -- Up-to-date symlink: /home/mk/dev_ws/install/xarm_msgs/include/xarm_msgs/xarm_msgs/srv/detail/plan_joint__rosidl_typesupport_fastrtps_c.h
[0.338s] -- Up-to-date symlink: /home/mk/dev_ws/install/xarm_msgs/include/xarm_msgs/xarm_msgs/srv/detail/plan_pose__rosidl_typesupport_fastrtps_c.h
[0.338s] -- Up-to-date symlink: /home/mk/dev_ws/install/xarm_msgs/include/xarm_msgs/xarm_msgs/srv/detail/plan_single_straight__rosidl_typesupport_fastrtps_c.h
[0.338s] -- Up-to-date symlink: /home/mk/dev_ws/install/xarm_msgs/include/xarm_msgs/xarm_msgs/srv/detail/robotiq_activate__rosidl_typesupport_fastrtps_c.h
[0.338s] -- Up-to-date symlink: /home/mk/dev_ws/install/xarm_msgs/include/xarm_msgs/xarm_msgs/srv/detail/robotiq_get_status__rosidl_typesupport_fastrtps_c.h
[0.338s] -- Up-to-date symlink: /home/mk/dev_ws/install/xarm_msgs/include/xarm_msgs/xarm_msgs/srv/detail/robotiq_move__rosidl_typesupport_fastrtps_c.h
[0.339s] -- Up-to-date symlink: /home/mk/dev_ws/install/xarm_msgs/include/xarm_msgs/xarm_msgs/srv/detail/robotiq_reset__rosidl_typesupport_fastrtps_c.h
[0.339s] -- Up-to-date symlink: /home/mk/dev_ws/install/xarm_msgs/include/xarm_msgs/xarm_msgs/srv/detail/set_analog_io__rosidl_typesupport_fastrtps_c.h
[0.339s] -- Up-to-date symlink: /home/mk/dev_ws/install/xarm_msgs/include/xarm_msgs/xarm_msgs/srv/detail/set_digital_io__rosidl_typesupport_fastrtps_c.h
[0.339s] -- Up-to-date symlink: /home/mk/dev_ws/install/xarm_msgs/include/xarm_msgs/xarm_msgs/srv/detail/set_float32__rosidl_typesupport_fastrtps_c.h
[0.339s] -- Up-to-date symlink: /home/mk/dev_ws/install/xarm_msgs/include/xarm_msgs/xarm_msgs/srv/detail/set_float32_list__rosidl_typesupport_fastrtps_c.h
[0.339s] -- Up-to-date symlink: /home/mk/dev_ws/install/xarm_msgs/include/xarm_msgs/xarm_msgs/srv/detail/set_int16__rosidl_typesupport_fastrtps_c.h
[0.339s] -- Up-to-date symlink: /home/mk/dev_ws/install/xarm_msgs/include/xarm_msgs/xarm_msgs/srv/detail/set_int16_by_id__rosidl_typesupport_fastrtps_c.h
[0.339s] -- Up-to-date symlink: /home/mk/dev_ws/install/xarm_msgs/include/xarm_msgs/xarm_msgs/srv/detail/set_int16_list__rosidl_typesupport_fastrtps_c.h
[0.339s] -- Up-to-date symlink: /home/mk/dev_ws/install/xarm_msgs/include/xarm_msgs/xarm_msgs/srv/detail/set_int32__rosidl_typesupport_fastrtps_c.h
[0.339s] -- Up-to-date symlink: /home/mk/dev_ws/install/xarm_msgs/include/xarm_msgs/xarm_msgs/srv/detail/set_int32_by_type__rosidl_typesupport_fastrtps_c.h
[0.339s] -- Up-to-date symlink: /home/mk/dev_ws/install/xarm_msgs/include/xarm_msgs/xarm_msgs/srv/detail/set_modbus_timeout__rosidl_typesupport_fastrtps_c.h
[0.339s] -- Up-to-date symlink: /home/mk/dev_ws/install/xarm_msgs/include/xarm_msgs/xarm_msgs/srv/detail/set_tcp_load__rosidl_typesupport_fastrtps_c.h
[0.339s] -- Up-to-date symlink: /home/mk/dev_ws/install/xarm_msgs/include/xarm_msgs/xarm_msgs/srv/detail/traj_ctrl__rosidl_typesupport_fastrtps_c.h
[0.339s] -- Up-to-date symlink: /home/mk/dev_ws/install/xarm_msgs/include/xarm_msgs/xarm_msgs/srv/detail/traj_play__rosidl_typesupport_fastrtps_c.h
[0.339s] -- Up-to-date symlink: /home/mk/dev_ws/install/xarm_msgs/include/xarm_msgs/xarm_msgs/srv/detail/vacuum_gripper_ctrl__rosidl_typesupport_fastrtps_c.h
[0.340s] -- Up-to-date symlink: /home/mk/dev_ws/install/xarm_msgs/include/xarm_msgs/xarm_msgs/msg/cio_state.hpp
[0.340s] -- Up-to-date symlink: /home/mk/dev_ws/install/xarm_msgs/include/xarm_msgs/xarm_msgs/msg/detail/cio_state__builder.hpp
[0.340s] -- Up-to-date symlink: /home/mk/dev_ws/install/xarm_msgs/include/xarm_msgs/xarm_msgs/msg/detail/cio_state__struct.hpp
[0.340s] -- Up-to-date symlink: /home/mk/dev_ws/install/xarm_msgs/include/xarm_msgs/xarm_msgs/msg/detail/cio_state__traits.hpp
[0.340s] -- Up-to-date symlink: /home/mk/dev_ws/install/xarm_msgs/include/xarm_msgs/xarm_msgs/msg/detail/cio_state__type_support.hpp
[0.340s] -- Up-to-date symlink: /home/mk/dev_ws/install/xarm_msgs/include/xarm_msgs/xarm_msgs/msg/detail/io_state__builder.hpp
[0.340s] -- Up-to-date symlink: /home/mk/dev_ws/install/xarm_msgs/include/xarm_msgs/xarm_msgs/msg/detail/io_state__struct.hpp
[0.340s] -- Up-to-date symlink: /home/mk/dev_ws/install/xarm_msgs/include/xarm_msgs/xarm_msgs/msg/detail/io_state__traits.hpp
[0.340s] -- Up-to-date symlink: /home/mk/dev_ws/install/xarm_msgs/include/xarm_msgs/xarm_msgs/msg/detail/io_state__type_support.hpp
[0.340s] -- Up-to-date symlink: /home/mk/dev_ws/install/xarm_msgs/include/xarm_msgs/xarm_msgs/msg/detail/robot_msg__builder.hpp
[0.341s] -- Up-to-date symlink: /home/mk/dev_ws/install/xarm_msgs/include/xarm_msgs/xarm_msgs/msg/detail/robot_msg__struct.hpp
[0.341s] -- Up-to-date symlink: /home/mk/dev_ws/install/xarm_msgs/include/xarm_msgs/xarm_msgs/msg/detail/robot_msg__traits.hpp
[0.341s] -- Up-to-date symlink: /home/mk/dev_ws/install/xarm_msgs/include/xarm_msgs/xarm_msgs/msg/detail/robot_msg__type_support.hpp
[0.341s] -- Up-to-date symlink: /home/mk/dev_ws/install/xarm_msgs/include/xarm_msgs/xarm_msgs/msg/io_state.hpp
[0.341s] -- Up-to-date symlink: /home/mk/dev_ws/install/xarm_msgs/include/xarm_msgs/xarm_msgs/msg/robot_msg.hpp
[0.341s] -- Up-to-date symlink: /home/mk/dev_ws/install/xarm_msgs/include/xarm_msgs/xarm_msgs/msg/rosidl_generator_cpp__visibility_control.hpp
[0.341s] -- Up-to-date symlink: /home/mk/dev_ws/install/xarm_msgs/include/xarm_msgs/xarm_msgs/srv/bio_gripper_ctrl.hpp
[0.341s] -- Up-to-date symlink: /home/mk/dev_ws/install/xarm_msgs/include/xarm_msgs/xarm_msgs/srv/bio_gripper_enable.hpp
[0.341s] -- Up-to-date symlink: /home/mk/dev_ws/install/xarm_msgs/include/xarm_msgs/xarm_msgs/srv/call.hpp
[0.341s] -- Up-to-date symlink: /home/mk/dev_ws/install/xarm_msgs/include/xarm_msgs/xarm_msgs/srv/detail/bio_gripper_ctrl__builder.hpp
[0.341s] -- Up-to-date symlink: /home/mk/dev_ws/install/xarm_msgs/include/xarm_msgs/xarm_msgs/srv/detail/bio_gripper_ctrl__struct.hpp
[0.341s] -- Up-to-date symlink: /home/mk/dev_ws/install/xarm_msgs/include/xarm_msgs/xarm_msgs/srv/detail/bio_gripper_ctrl__traits.hpp
[0.341s] -- Up-to-date symlink: /home/mk/dev_ws/install/xarm_msgs/include/xarm_msgs/xarm_msgs/srv/detail/bio_gripper_ctrl__type_support.hpp
[0.341s] -- Up-to-date symlink: /home/mk/dev_ws/install/xarm_msgs/include/xarm_msgs/xarm_msgs/srv/detail/bio_gripper_enable__builder.hpp
[0.341s] -- Up-to-date symlink: /home/mk/dev_ws/install/xarm_msgs/include/xarm_msgs/xarm_msgs/srv/detail/bio_gripper_enable__struct.hpp
[0.341s] -- Up-to-date symlink: /home/mk/dev_ws/install/xarm_msgs/include/xarm_msgs/xarm_msgs/srv/detail/bio_gripper_enable__traits.hpp
[0.341s] -- Up-to-date symlink: /home/mk/dev_ws/install/xarm_msgs/include/xarm_msgs/xarm_msgs/srv/detail/bio_gripper_enable__type_support.hpp
[0.341s] -- Up-to-date symlink: /home/mk/dev_ws/install/xarm_msgs/include/xarm_msgs/xarm_msgs/srv/detail/call__builder.hpp
[0.341s] -- Up-to-date symlink: /home/mk/dev_ws/install/xarm_msgs/include/xarm_msgs/xarm_msgs/srv/detail/call__struct.hpp
[0.341s] -- Up-to-date symlink: /home/mk/dev_ws/install/xarm_msgs/include/xarm_msgs/xarm_msgs/srv/detail/call__traits.hpp
[0.341s] -- Up-to-date symlink: /home/mk/dev_ws/install/xarm_msgs/include/xarm_msgs/xarm_msgs/srv/detail/call__type_support.hpp
[0.341s] -- Up-to-date symlink: /home/mk/dev_ws/install/xarm_msgs/include/xarm_msgs/xarm_msgs/srv/detail/ft_cali_load__builder.hpp
[0.342s] -- Up-to-date symlink: /home/mk/dev_ws/install/xarm_msgs/include/xarm_msgs/xarm_msgs/srv/detail/ft_cali_load__struct.hpp
[0.342s] -- Up-to-date symlink: /home/mk/dev_ws/install/xarm_msgs/include/xarm_msgs/xarm_msgs/srv/detail/ft_cali_load__traits.hpp
[0.342s] -- Up-to-date symlink: /home/mk/dev_ws/install/xarm_msgs/include/xarm_msgs/xarm_msgs/srv/detail/ft_cali_load__type_support.hpp
[0.343s] -- Up-to-date symlink: /home/mk/dev_ws/install/xarm_msgs/include/xarm_msgs/xarm_msgs/srv/detail/ft_force_config__builder.hpp
[0.343s] -- Up-to-date symlink: /home/mk/dev_ws/install/xarm_msgs/include/xarm_msgs/xarm_msgs/srv/detail/ft_force_config__struct.hpp
[0.343s] -- Up-to-date symlink: /home/mk/dev_ws/install/xarm_msgs/include/xarm_msgs/xarm_msgs/srv/detail/ft_force_config__traits.hpp
[0.343s] -- Up-to-date symlink: /home/mk/dev_ws/install/xarm_msgs/include/xarm_msgs/xarm_msgs/srv/detail/ft_force_config__type_support.hpp
[0.343s] -- Up-to-date symlink: /home/mk/dev_ws/install/xarm_msgs/include/xarm_msgs/xarm_msgs/srv/detail/ft_force_pid__builder.hpp
[0.343s] -- Up-to-date symlink: /home/mk/dev_ws/install/xarm_msgs/include/xarm_msgs/xarm_msgs/srv/detail/ft_force_pid__struct.hpp
[0.343s] -- Up-to-date symlink: /home/mk/dev_ws/install/xarm_msgs/include/xarm_msgs/xarm_msgs/srv/detail/ft_force_pid__traits.hpp
[0.343s] -- Up-to-date symlink: /home/mk/dev_ws/install/xarm_msgs/include/xarm_msgs/xarm_msgs/srv/detail/ft_force_pid__type_support.hpp
[0.343s] -- Up-to-date symlink: /home/mk/dev_ws/install/xarm_msgs/include/xarm_msgs/xarm_msgs/srv/detail/ft_impedance__builder.hpp
[0.343s] -- Up-to-date symlink: /home/mk/dev_ws/install/xarm_msgs/include/xarm_msgs/xarm_msgs/srv/detail/ft_impedance__struct.hpp
[0.343s] -- Up-to-date symlink: /home/mk/dev_ws/install/xarm_msgs/include/xarm_msgs/xarm_msgs/srv/detail/ft_impedance__traits.hpp
[0.343s] -- Up-to-date symlink: /home/mk/dev_ws/install/xarm_msgs/include/xarm_msgs/xarm_msgs/srv/detail/ft_impedance__type_support.hpp
[0.344s] -- Up-to-date symlink: /home/mk/dev_ws/install/xarm_msgs/include/xarm_msgs/xarm_msgs/srv/detail/get_analog_io__builder.hpp
[0.344s] -- Up-to-date symlink: /home/mk/dev_ws/install/xarm_msgs/include/xarm_msgs/xarm_msgs/srv/detail/get_analog_io__struct.hpp
[0.344s] -- Up-to-date symlink: /home/mk/dev_ws/install/xarm_msgs/include/xarm_msgs/xarm_msgs/srv/detail/get_analog_io__traits.hpp
[0.344s] -- Up-to-date symlink: /home/mk/dev_ws/install/xarm_msgs/include/xarm_msgs/xarm_msgs/srv/detail/get_analog_io__type_support.hpp
[0.344s] -- Up-to-date symlink: /home/mk/dev_ws/install/xarm_msgs/include/xarm_msgs/xarm_msgs/srv/detail/get_digital_io__builder.hpp
[0.344s] -- Up-to-date symlink: /home/mk/dev_ws/install/xarm_msgs/include/xarm_msgs/xarm_msgs/srv/detail/get_digital_io__struct.hpp
[0.344s] -- Up-to-date symlink: /home/mk/dev_ws/install/xarm_msgs/include/xarm_msgs/xarm_msgs/srv/detail/get_digital_io__traits.hpp
[0.344s] -- Up-to-date symlink: /home/mk/dev_ws/install/xarm_msgs/include/xarm_msgs/xarm_msgs/srv/detail/get_digital_io__type_support.hpp
[0.344s] -- Up-to-date symlink: /home/mk/dev_ws/install/xarm_msgs/include/xarm_msgs/xarm_msgs/srv/detail/get_float32__builder.hpp
[0.344s] -- Up-to-date symlink: /home/mk/dev_ws/install/xarm_msgs/include/xarm_msgs/xarm_msgs/srv/detail/get_float32__struct.hpp
[0.344s] -- Up-to-date symlink: /home/mk/dev_ws/install/xarm_msgs/include/xarm_msgs/xarm_msgs/srv/detail/get_float32__traits.hpp
[0.344s] -- Up-to-date symlink: /home/mk/dev_ws/install/xarm_msgs/include/xarm_msgs/xarm_msgs/srv/detail/get_float32__type_support.hpp
[0.344s] -- Up-to-date symlink: /home/mk/dev_ws/install/xarm_msgs/include/xarm_msgs/xarm_msgs/srv/detail/get_float32_list__builder.hpp
[0.344s] -- Up-to-date symlink: /home/mk/dev_ws/install/xarm_msgs/include/xarm_msgs/xarm_msgs/srv/detail/get_float32_list__struct.hpp
[0.344s] -- Up-to-date symlink: /home/mk/dev_ws/install/xarm_msgs/include/xarm_msgs/xarm_msgs/srv/detail/get_float32_list__traits.hpp
[0.344s] -- Up-to-date symlink: /home/mk/dev_ws/install/xarm_msgs/include/xarm_msgs/xarm_msgs/srv/detail/get_float32_list__type_support.hpp
[0.344s] -- Up-to-date symlink: /home/mk/dev_ws/install/xarm_msgs/include/xarm_msgs/xarm_msgs/srv/detail/get_int16__builder.hpp
[0.344s] -- Up-to-date symlink: /home/mk/dev_ws/install/xarm_msgs/include/xarm_msgs/xarm_msgs/srv/detail/get_int16__struct.hpp
[0.344s] -- Up-to-date symlink: /home/mk/dev_ws/install/xarm_msgs/include/xarm_msgs/xarm_msgs/srv/detail/get_int16__traits.hpp
[0.344s] -- Up-to-date symlink: /home/mk/dev_ws/install/xarm_msgs/include/xarm_msgs/xarm_msgs/srv/detail/get_int16__type_support.hpp
[0.344s] -- Up-to-date symlink: /home/mk/dev_ws/install/xarm_msgs/include/xarm_msgs/xarm_msgs/srv/detail/get_int16_list__builder.hpp
[0.344s] -- Up-to-date symlink: /home/mk/dev_ws/install/xarm_msgs/include/xarm_msgs/xarm_msgs/srv/detail/get_int16_list__struct.hpp
[0.344s] -- Up-to-date symlink: /home/mk/dev_ws/install/xarm_msgs/include/xarm_msgs/xarm_msgs/srv/detail/get_int16_list__traits.hpp
[0.344s] -- Up-to-date symlink: /home/mk/dev_ws/install/xarm_msgs/include/xarm_msgs/xarm_msgs/srv/detail/get_int16_list__type_support.hpp
[0.345s] -- Up-to-date symlink: /home/mk/dev_ws/install/xarm_msgs/include/xarm_msgs/xarm_msgs/srv/detail/get_int32__builder.hpp
[0.345s] -- Up-to-date symlink: /home/mk/dev_ws/install/xarm_msgs/include/xarm_msgs/xarm_msgs/srv/detail/get_int32__struct.hpp
[0.345s] -- Up-to-date symlink: /home/mk/dev_ws/install/xarm_msgs/include/xarm_msgs/xarm_msgs/srv/detail/get_int32__traits.hpp
[0.345s] -- Up-to-date symlink: /home/mk/dev_ws/install/xarm_msgs/include/xarm_msgs/xarm_msgs/srv/detail/get_int32__type_support.hpp
[0.345s] -- Up-to-date symlink: /home/mk/dev_ws/install/xarm_msgs/include/xarm_msgs/xarm_msgs/srv/detail/get_int32_by_type__builder.hpp
[0.345s] -- Up-to-date symlink: /home/mk/dev_ws/install/xarm_msgs/include/xarm_msgs/xarm_msgs/srv/detail/get_int32_by_type__struct.hpp
[0.345s] -- Up-to-date symlink: /home/mk/dev_ws/install/xarm_msgs/include/xarm_msgs/xarm_msgs/srv/detail/get_int32_by_type__traits.hpp
[0.345s] -- Up-to-date symlink: /home/mk/dev_ws/install/xarm_msgs/include/xarm_msgs/xarm_msgs/srv/detail/get_int32_by_type__type_support.hpp
[0.345s] -- Up-to-date symlink: /home/mk/dev_ws/install/xarm_msgs/include/xarm_msgs/xarm_msgs/srv/detail/get_set_modbus_data__builder.hpp
[0.345s] -- Up-to-date symlink: /home/mk/dev_ws/install/xarm_msgs/include/xarm_msgs/xarm_msgs/srv/detail/get_set_modbus_data__struct.hpp
[0.345s] -- Up-to-date symlink: /home/mk/dev_ws/install/xarm_msgs/include/xarm_msgs/xarm_msgs/srv/detail/get_set_modbus_data__traits.hpp
[0.345s] -- Up-to-date symlink: /home/mk/dev_ws/install/xarm_msgs/include/xarm_msgs/xarm_msgs/srv/detail/get_set_modbus_data__type_support.hpp
[0.345s] -- Up-to-date symlink: /home/mk/dev_ws/install/xarm_msgs/include/xarm_msgs/xarm_msgs/srv/detail/gripper_move__builder.hpp
[0.345s] -- Up-to-date symlink: /home/mk/dev_ws/install/xarm_msgs/include/xarm_msgs/xarm_msgs/srv/detail/gripper_move__struct.hpp
[0.345s] -- Up-to-date symlink: /home/mk/dev_ws/install/xarm_msgs/include/xarm_msgs/xarm_msgs/srv/detail/gripper_move__traits.hpp
[0.345s] -- Up-to-date symlink: /home/mk/dev_ws/install/xarm_msgs/include/xarm_msgs/xarm_msgs/srv/detail/gripper_move__type_support.hpp
[0.345s] -- Up-to-date symlink: /home/mk/dev_ws/install/xarm_msgs/include/xarm_msgs/xarm_msgs/srv/detail/iden_load__builder.hpp
[0.345s] -- Up-to-date symlink: /home/mk/dev_ws/install/xarm_msgs/include/xarm_msgs/xarm_msgs/srv/detail/iden_load__struct.hpp
[0.345s] -- Up-to-date symlink: /home/mk/dev_ws/install/xarm_msgs/include/xarm_msgs/xarm_msgs/srv/detail/iden_load__traits.hpp
[0.345s] -- Up-to-date symlink: /home/mk/dev_ws/install/xarm_msgs/include/xarm_msgs/xarm_msgs/srv/detail/iden_load__type_support.hpp
[0.345s] -- Up-to-date symlink: /home/mk/dev_ws/install/xarm_msgs/include/xarm_msgs/xarm_msgs/srv/detail/linear_track_back_origin__builder.hpp
[0.345s] -- Up-to-date symlink: /home/mk/dev_ws/install/xarm_msgs/include/xarm_msgs/xarm_msgs/srv/detail/linear_track_back_origin__struct.hpp
[0.345s] -- Up-to-date symlink: /home/mk/dev_ws/install/xarm_msgs/include/xarm_msgs/xarm_msgs/srv/detail/linear_track_back_origin__traits.hpp
[0.345s] -- Up-to-date symlink: /home/mk/dev_ws/install/xarm_msgs/include/xarm_msgs/xarm_msgs/srv/detail/linear_track_back_origin__type_support.hpp
[0.345s] -- Up-to-date symlink: /home/mk/dev_ws/install/xarm_msgs/include/xarm_msgs/xarm_msgs/srv/detail/linear_track_set_pos__builder.hpp
[0.345s] -- Up-to-date symlink: /home/mk/dev_ws/install/xarm_msgs/include/xarm_msgs/xarm_msgs/srv/detail/linear_track_set_pos__struct.hpp
[0.346s] -- Up-to-date symlink: /home/mk/dev_ws/install/xarm_msgs/include/xarm_msgs/xarm_msgs/srv/detail/linear_track_set_pos__traits.hpp
[0.346s] -- Up-to-date symlink: /home/mk/dev_ws/install/xarm_msgs/include/xarm_msgs/xarm_msgs/srv/detail/linear_track_set_pos__type_support.hpp
[0.346s] -- Up-to-date symlink: /home/mk/dev_ws/install/xarm_msgs/include/xarm_msgs/xarm_msgs/srv/detail/move_cartesian__builder.hpp
[0.346s] -- Up-to-date symlink: /home/mk/dev_ws/install/xarm_msgs/include/xarm_msgs/xarm_msgs/srv/detail/move_cartesian__struct.hpp
[0.346s] -- Up-to-date symlink: /home/mk/dev_ws/install/xarm_msgs/include/xarm_msgs/xarm_msgs/srv/detail/move_cartesian__traits.hpp
[0.346s] -- Up-to-date symlink: /home/mk/dev_ws/install/xarm_msgs/include/xarm_msgs/xarm_msgs/srv/detail/move_cartesian__type_support.hpp
[0.346s] -- Up-to-date symlink: /home/mk/dev_ws/install/xarm_msgs/include/xarm_msgs/xarm_msgs/srv/detail/move_circle__builder.hpp
[0.346s] -- Up-to-date symlink: /home/mk/dev_ws/install/xarm_msgs/include/xarm_msgs/xarm_msgs/srv/detail/move_circle__struct.hpp
[0.346s] -- Up-to-date symlink: /home/mk/dev_ws/install/xarm_msgs/include/xarm_msgs/xarm_msgs/srv/detail/move_circle__traits.hpp
[0.346s] -- Up-to-date symlink: /home/mk/dev_ws/install/xarm_msgs/include/xarm_msgs/xarm_msgs/srv/detail/move_circle__type_support.hpp
[0.346s] -- Up-to-date symlink: /home/mk/dev_ws/install/xarm_msgs/include/xarm_msgs/xarm_msgs/srv/detail/move_home__builder.hpp
[0.346s] -- Up-to-date symlink: /home/mk/dev_ws/install/xarm_msgs/include/xarm_msgs/xarm_msgs/srv/detail/move_home__struct.hpp
[0.346s] -- Up-to-date symlink: /home/mk/dev_ws/install/xarm_msgs/include/xarm_msgs/xarm_msgs/srv/detail/move_home__traits.hpp
[0.346s] -- Up-to-date symlink: /home/mk/dev_ws/install/xarm_msgs/include/xarm_msgs/xarm_msgs/srv/detail/move_home__type_support.hpp
[0.346s] -- Up-to-date symlink: /home/mk/dev_ws/install/xarm_msgs/include/xarm_msgs/xarm_msgs/srv/detail/move_joint__builder.hpp
[0.346s] -- Up-to-date symlink: /home/mk/dev_ws/install/xarm_msgs/include/xarm_msgs/xarm_msgs/srv/detail/move_joint__struct.hpp
[0.346s] -- Up-to-date symlink: /home/mk/dev_ws/install/xarm_msgs/include/xarm_msgs/xarm_msgs/srv/detail/move_joint__traits.hpp
[0.346s] -- Up-to-date symlink: /home/mk/dev_ws/install/xarm_msgs/include/xarm_msgs/xarm_msgs/srv/detail/move_joint__type_support.hpp
[0.346s] -- Up-to-date symlink: /home/mk/dev_ws/install/xarm_msgs/include/xarm_msgs/xarm_msgs/srv/detail/move_velocity__builder.hpp
[0.346s] -- Up-to-date symlink: /home/mk/dev_ws/install/xarm_msgs/include/xarm_msgs/xarm_msgs/srv/detail/move_velocity__struct.hpp
[0.346s] -- Up-to-date symlink: /home/mk/dev_ws/install/xarm_msgs/include/xarm_msgs/xarm_msgs/srv/detail/move_velocity__traits.hpp
[0.346s] -- Up-to-date symlink: /home/mk/dev_ws/install/xarm_msgs/include/xarm_msgs/xarm_msgs/srv/detail/move_velocity__type_support.hpp
[0.346s] -- Up-to-date symlink: /home/mk/dev_ws/install/xarm_msgs/include/xarm_msgs/xarm_msgs/srv/detail/plan_exec__builder.hpp
[0.347s] -- Up-to-date symlink: /home/mk/dev_ws/install/xarm_msgs/include/xarm_msgs/xarm_msgs/srv/detail/plan_exec__struct.hpp
[0.347s] -- Up-to-date symlink: /home/mk/dev_ws/install/xarm_msgs/include/xarm_msgs/xarm_msgs/srv/detail/plan_exec__traits.hpp
[0.347s] -- Up-to-date symlink: /home/mk/dev_ws/install/xarm_msgs/include/xarm_msgs/xarm_msgs/srv/detail/plan_exec__type_support.hpp
[0.347s] -- Up-to-date symlink: /home/mk/dev_ws/install/xarm_msgs/include/xarm_msgs/xarm_msgs/srv/detail/plan_joint__builder.hpp
[0.347s] -- Up-to-date symlink: /home/mk/dev_ws/install/xarm_msgs/include/xarm_msgs/xarm_msgs/srv/detail/plan_joint__struct.hpp
[0.347s] -- Up-to-date symlink: /home/mk/dev_ws/install/xarm_msgs/include/xarm_msgs/xarm_msgs/srv/detail/plan_joint__traits.hpp
[0.347s] -- Up-to-date symlink: /home/mk/dev_ws/install/xarm_msgs/include/xarm_msgs/xarm_msgs/srv/detail/plan_joint__type_support.hpp
[0.347s] -- Up-to-date symlink: /home/mk/dev_ws/install/xarm_msgs/include/xarm_msgs/xarm_msgs/srv/detail/plan_pose__builder.hpp
[0.347s] -- Up-to-date symlink: /home/mk/dev_ws/install/xarm_msgs/include/xarm_msgs/xarm_msgs/srv/detail/plan_pose__struct.hpp
[0.347s] -- Up-to-date symlink: /home/mk/dev_ws/install/xarm_msgs/include/xarm_msgs/xarm_msgs/srv/detail/plan_pose__traits.hpp
[0.347s] -- Up-to-date symlink: /home/mk/dev_ws/install/xarm_msgs/include/xarm_msgs/xarm_msgs/srv/detail/plan_pose__type_support.hpp
[0.347s] -- Up-to-date symlink: /home/mk/dev_ws/install/xarm_msgs/include/xarm_msgs/xarm_msgs/srv/detail/plan_single_straight__builder.hpp
[0.347s] -- Up-to-date symlink: /home/mk/dev_ws/install/xarm_msgs/include/xarm_msgs/xarm_msgs/srv/detail/plan_single_straight__struct.hpp
[0.347s] -- Up-to-date symlink: /home/mk/dev_ws/install/xarm_msgs/include/xarm_msgs/xarm_msgs/srv/detail/plan_single_straight__traits.hpp
[0.347s] -- Up-to-date symlink: /home/mk/dev_ws/install/xarm_msgs/include/xarm_msgs/xarm_msgs/srv/detail/plan_single_straight__type_support.hpp
[0.347s] -- Up-to-date symlink: /home/mk/dev_ws/install/xarm_msgs/include/xarm_msgs/xarm_msgs/srv/detail/robotiq_activate__builder.hpp
[0.347s] -- Up-to-date symlink: /home/mk/dev_ws/install/xarm_msgs/include/xarm_msgs/xarm_msgs/srv/detail/robotiq_activate__struct.hpp
[0.347s] -- Up-to-date symlink: /home/mk/dev_ws/install/xarm_msgs/include/xarm_msgs/xarm_msgs/srv/detail/robotiq_activate__traits.hpp
[0.347s] -- Up-to-date symlink: /home/mk/dev_ws/install/xarm_msgs/include/xarm_msgs/xarm_msgs/srv/detail/robotiq_activate__type_support.hpp
[0.347s] -- Up-to-date symlink: /home/mk/dev_ws/install/xarm_msgs/include/xarm_msgs/xarm_msgs/srv/detail/robotiq_get_status__builder.hpp
[0.347s] -- Up-to-date symlink: /home/mk/dev_ws/install/xarm_msgs/include/xarm_msgs/xarm_msgs/srv/detail/robotiq_get_status__struct.hpp
[0.347s] -- Up-to-date symlink: /home/mk/dev_ws/install/xarm_msgs/include/xarm_msgs/xarm_msgs/srv/detail/robotiq_get_status__traits.hpp
[0.347s] -- Up-to-date symlink: /home/mk/dev_ws/install/xarm_msgs/include/xarm_msgs/xarm_msgs/srv/detail/robotiq_get_status__type_support.hpp
[0.348s] -- Up-to-date symlink: /home/mk/dev_ws/install/xarm_msgs/include/xarm_msgs/xarm_msgs/srv/detail/robotiq_move__builder.hpp
[0.348s] -- Up-to-date symlink: /home/mk/dev_ws/install/xarm_msgs/include/xarm_msgs/xarm_msgs/srv/detail/robotiq_move__struct.hpp
[0.348s] -- Up-to-date symlink: /home/mk/dev_ws/install/xarm_msgs/include/xarm_msgs/xarm_msgs/srv/detail/robotiq_move__traits.hpp
[0.348s] -- Up-to-date symlink: /home/mk/dev_ws/install/xarm_msgs/include/xarm_msgs/xarm_msgs/srv/detail/robotiq_move__type_support.hpp
[0.348s] -- Up-to-date symlink: /home/mk/dev_ws/install/xarm_msgs/include/xarm_msgs/xarm_msgs/srv/detail/robotiq_reset__builder.hpp
[0.348s] -- Up-to-date symlink: /home/mk/dev_ws/install/xarm_msgs/include/xarm_msgs/xarm_msgs/srv/detail/robotiq_reset__struct.hpp
[0.348s] -- Up-to-date symlink: /home/mk/dev_ws/install/xarm_msgs/include/xarm_msgs/xarm_msgs/srv/detail/robotiq_reset__traits.hpp
[0.348s] -- Up-to-date symlink: /home/mk/dev_ws/install/xarm_msgs/include/xarm_msgs/xarm_msgs/srv/detail/robotiq_reset__type_support.hpp
[0.348s] -- Up-to-date symlink: /home/mk/dev_ws/install/xarm_msgs/include/xarm_msgs/xarm_msgs/srv/detail/set_analog_io__builder.hpp
[0.348s] -- Up-to-date symlink: /home/mk/dev_ws/install/xarm_msgs/include/xarm_msgs/xarm_msgs/srv/detail/set_analog_io__struct.hpp
[0.348s] -- Up-to-date symlink: /home/mk/dev_ws/install/xarm_msgs/include/xarm_msgs/xarm_msgs/srv/detail/set_analog_io__traits.hpp
[0.348s] -- Up-to-date symlink: /home/mk/dev_ws/install/xarm_msgs/include/xarm_msgs/xarm_msgs/srv/detail/set_analog_io__type_support.hpp
[0.348s] -- Up-to-date symlink: /home/mk/dev_ws/install/xarm_msgs/include/xarm_msgs/xarm_msgs/srv/detail/set_digital_io__builder.hpp
[0.348s] -- Up-to-date symlink: /home/mk/dev_ws/install/xarm_msgs/include/xarm_msgs/xarm_msgs/srv/detail/set_digital_io__struct.hpp
[0.348s] -- Up-to-date symlink: /home/mk/dev_ws/install/xarm_msgs/include/xarm_msgs/xarm_msgs/srv/detail/set_digital_io__traits.hpp
[0.348s] -- Up-to-date symlink: /home/mk/dev_ws/install/xarm_msgs/include/xarm_msgs/xarm_msgs/srv/detail/set_digital_io__type_support.hpp
[0.348s] -- Up-to-date symlink: /home/mk/dev_ws/install/xarm_msgs/include/xarm_msgs/xarm_msgs/srv/detail/set_float32__builder.hpp
[0.348s] -- Up-to-date symlink: /home/mk/dev_ws/install/xarm_msgs/include/xarm_msgs/xarm_msgs/srv/detail/set_float32__struct.hpp
[0.349s] -- Up-to-date symlink: /home/mk/dev_ws/install/xarm_msgs/include/xarm_msgs/xarm_msgs/srv/detail/set_float32__traits.hpp
[0.349s] -- Up-to-date symlink: /home/mk/dev_ws/install/xarm_msgs/include/xarm_msgs/xarm_msgs/srv/detail/set_float32__type_support.hpp
[0.349s] -- Up-to-date symlink: /home/mk/dev_ws/install/xarm_msgs/include/xarm_msgs/xarm_msgs/srv/detail/set_float32_list__builder.hpp
[0.349s] -- Up-to-date symlink: /home/mk/dev_ws/install/xarm_msgs/include/xarm_msgs/xarm_msgs/srv/detail/set_float32_list__struct.hpp
[0.349s] -- Up-to-date symlink: /home/mk/dev_ws/install/xarm_msgs/include/xarm_msgs/xarm_msgs/srv/detail/set_float32_list__traits.hpp
[0.349s] -- Up-to-date symlink: /home/mk/dev_ws/install/xarm_msgs/include/xarm_msgs/xarm_msgs/srv/detail/set_float32_list__type_support.hpp
[0.349s] -- Up-to-date symlink: /home/mk/dev_ws/install/xarm_msgs/include/xarm_msgs/xarm_msgs/srv/detail/set_int16__builder.hpp
[0.349s] -- Up-to-date symlink: /home/mk/dev_ws/install/xarm_msgs/include/xarm_msgs/xarm_msgs/srv/detail/set_int16__struct.hpp
[0.349s] -- Up-to-date symlink: /home/mk/dev_ws/install/xarm_msgs/include/xarm_msgs/xarm_msgs/srv/detail/set_int16__traits.hpp
[0.349s] -- Up-to-date symlink: /home/mk/dev_ws/install/xarm_msgs/include/xarm_msgs/xarm_msgs/srv/detail/set_int16__type_support.hpp
[0.349s] -- Up-to-date symlink: /home/mk/dev_ws/install/xarm_msgs/include/xarm_msgs/xarm_msgs/srv/detail/set_int16_by_id__builder.hpp
[0.349s] -- Up-to-date symlink: /home/mk/dev_ws/install/xarm_msgs/include/xarm_msgs/xarm_msgs/srv/detail/set_int16_by_id__struct.hpp
[0.349s] -- Up-to-date symlink: /home/mk/dev_ws/install/xarm_msgs/include/xarm_msgs/xarm_msgs/srv/detail/set_int16_by_id__traits.hpp
[0.349s] -- Up-to-date symlink: /home/mk/dev_ws/install/xarm_msgs/include/xarm_msgs/xarm_msgs/srv/detail/set_int16_by_id__type_support.hpp
[0.349s] -- Up-to-date symlink: /home/mk/dev_ws/install/xarm_msgs/include/xarm_msgs/xarm_msgs/srv/detail/set_int16_list__builder.hpp
[0.349s] -- Up-to-date symlink: /home/mk/dev_ws/install/xarm_msgs/include/xarm_msgs/xarm_msgs/srv/detail/set_int16_list__struct.hpp
[0.349s] -- Up-to-date symlink: /home/mk/dev_ws/install/xarm_msgs/include/xarm_msgs/xarm_msgs/srv/detail/set_int16_list__traits.hpp
[0.349s] -- Up-to-date symlink: /home/mk/dev_ws/install/xarm_msgs/include/xarm_msgs/xarm_msgs/srv/detail/set_int16_list__type_support.hpp
[0.349s] -- Up-to-date symlink: /home/mk/dev_ws/install/xarm_msgs/include/xarm_msgs/xarm_msgs/srv/detail/set_int32__builder.hpp
[0.350s] -- Up-to-date symlink: /home/mk/dev_ws/install/xarm_msgs/include/xarm_msgs/xarm_msgs/srv/detail/set_int32__struct.hpp
[0.350s] -- Up-to-date symlink: /home/mk/dev_ws/install/xarm_msgs/include/xarm_msgs/xarm_msgs/srv/detail/set_int32__traits.hpp
[0.350s] -- Up-to-date symlink: /home/mk/dev_ws/install/xarm_msgs/include/xarm_msgs/xarm_msgs/srv/detail/set_int32__type_support.hpp
[0.350s] -- Up-to-date symlink: /home/mk/dev_ws/install/xarm_msgs/include/xarm_msgs/xarm_msgs/srv/detail/set_int32_by_type__builder.hpp
[0.350s] -- Up-to-date symlink: /home/mk/dev_ws/install/xarm_msgs/include/xarm_msgs/xarm_msgs/srv/detail/set_int32_by_type__struct.hpp
[0.350s] -- Up-to-date symlink: /home/mk/dev_ws/install/xarm_msgs/include/xarm_msgs/xarm_msgs/srv/detail/set_int32_by_type__traits.hpp
[0.350s] -- Up-to-date symlink: /home/mk/dev_ws/install/xarm_msgs/include/xarm_msgs/xarm_msgs/srv/detail/set_int32_by_type__type_support.hpp
[0.350s] -- Up-to-date symlink: /home/mk/dev_ws/install/xarm_msgs/include/xarm_msgs/xarm_msgs/srv/detail/set_modbus_timeout__builder.hpp
[0.350s] -- Up-to-date symlink: /home/mk/dev_ws/install/xarm_msgs/include/xarm_msgs/xarm_msgs/srv/detail/set_modbus_timeout__struct.hpp
[0.350s] -- Up-to-date symlink: /home/mk/dev_ws/install/xarm_msgs/include/xarm_msgs/xarm_msgs/srv/detail/set_modbus_timeout__traits.hpp
[0.350s] -- Up-to-date symlink: /home/mk/dev_ws/install/xarm_msgs/include/xarm_msgs/xarm_msgs/srv/detail/set_modbus_timeout__type_support.hpp
[0.350s] -- Up-to-date symlink: /home/mk/dev_ws/install/xarm_msgs/include/xarm_msgs/xarm_msgs/srv/detail/set_tcp_load__builder.hpp
[0.350s] -- Up-to-date symlink: /home/mk/dev_ws/install/xarm_msgs/include/xarm_msgs/xarm_msgs/srv/detail/set_tcp_load__struct.hpp
[0.350s] -- Up-to-date symlink: /home/mk/dev_ws/install/xarm_msgs/include/xarm_msgs/xarm_msgs/srv/detail/set_tcp_load__traits.hpp
[0.350s] -- Up-to-date symlink: /home/mk/dev_ws/install/xarm_msgs/include/xarm_msgs/xarm_msgs/srv/detail/set_tcp_load__type_support.hpp
[0.351s] -- Up-to-date symlink: /home/mk/dev_ws/install/xarm_msgs/include/xarm_msgs/xarm_msgs/srv/detail/traj_ctrl__builder.hpp
[0.351s] -- Up-to-date symlink: /home/mk/dev_ws/install/xarm_msgs/include/xarm_msgs/xarm_msgs/srv/detail/traj_ctrl__struct.hpp
[0.351s] -- Up-to-date symlink: /home/mk/dev_ws/install/xarm_msgs/include/xarm_msgs/xarm_msgs/srv/detail/traj_ctrl__traits.hpp
[0.351s] -- Up-to-date symlink: /home/mk/dev_ws/install/xarm_msgs/include/xarm_msgs/xarm_msgs/srv/detail/traj_ctrl__type_support.hpp
[0.351s] -- Up-to-date symlink: /home/mk/dev_ws/install/xarm_msgs/include/xarm_msgs/xarm_msgs/srv/detail/traj_play__builder.hpp
[0.351s] -- Up-to-date symlink: /home/mk/dev_ws/install/xarm_msgs/include/xarm_msgs/xarm_msgs/srv/detail/traj_play__struct.hpp
[0.351s] -- Up-to-date symlink: /home/mk/dev_ws/install/xarm_msgs/include/xarm_msgs/xarm_msgs/srv/detail/traj_play__traits.hpp
[0.351s] -- Up-to-date symlink: /home/mk/dev_ws/install/xarm_msgs/include/xarm_msgs/xarm_msgs/srv/detail/traj_play__type_support.hpp
[0.351s] -- Up-to-date symlink: /home/mk/dev_ws/install/xarm_msgs/include/xarm_msgs/xarm_msgs/srv/detail/vacuum_gripper_ctrl__builder.hpp
[0.351s] -- Up-to-date symlink: /home/mk/dev_ws/install/xarm_msgs/include/xarm_msgs/xarm_msgs/srv/detail/vacuum_gripper_ctrl__struct.hpp
[0.351s] -- Up-to-date symlink: /home/mk/dev_ws/install/xarm_msgs/include/xarm_msgs/xarm_msgs/srv/detail/vacuum_gripper_ctrl__traits.hpp
[0.351s] -- Up-to-date symlink: /home/mk/dev_ws/install/xarm_msgs/include/xarm_msgs/xarm_msgs/srv/detail/vacuum_gripper_ctrl__type_support.hpp
[0.351s] -- Up-to-date symlink: /home/mk/dev_ws/install/xarm_msgs/include/xarm_msgs/xarm_msgs/srv/ft_cali_load.hpp
[0.351s] -- Up-to-date symlink: /home/mk/dev_ws/install/xarm_msgs/include/xarm_msgs/xarm_msgs/srv/ft_force_config.hpp
[0.351s] -- Up-to-date symlink: /home/mk/dev_ws/install/xarm_msgs/include/xarm_msgs/xarm_msgs/srv/ft_force_pid.hpp
[0.351s] -- Up-to-date symlink: /home/mk/dev_ws/install/xarm_msgs/include/xarm_msgs/xarm_msgs/srv/ft_impedance.hpp
[0.351s] -- Up-to-date symlink: /home/mk/dev_ws/install/xarm_msgs/include/xarm_msgs/xarm_msgs/srv/get_analog_io.hpp
[0.351s] -- Up-to-date symlink: /home/mk/dev_ws/install/xarm_msgs/include/xarm_msgs/xarm_msgs/srv/get_digital_io.hpp
[0.351s] -- Up-to-date symlink: /home/mk/dev_ws/install/xarm_msgs/include/xarm_msgs/xarm_msgs/srv/get_float32.hpp
[0.351s] -- Up-to-date symlink: /home/mk/dev_ws/install/xarm_msgs/include/xarm_msgs/xarm_msgs/srv/get_float32_list.hpp
[0.351s] -- Up-to-date symlink: /home/mk/dev_ws/install/xarm_msgs/include/xarm_msgs/xarm_msgs/srv/get_int16.hpp
[0.352s] -- Up-to-date symlink: /home/mk/dev_ws/install/xarm_msgs/include/xarm_msgs/xarm_msgs/srv/get_int16_list.hpp
[0.352s] -- Up-to-date symlink: /home/mk/dev_ws/install/xarm_msgs/include/xarm_msgs/xarm_msgs/srv/get_int32.hpp
[0.352s] -- Up-to-date symlink: /home/mk/dev_ws/install/xarm_msgs/include/xarm_msgs/xarm_msgs/srv/get_int32_by_type.hpp
[0.352s] -- Up-to-date symlink: /home/mk/dev_ws/install/xarm_msgs/include/xarm_msgs/xarm_msgs/srv/get_set_modbus_data.hpp
[0.352s] -- Up-to-date symlink: /home/mk/dev_ws/install/xarm_msgs/include/xarm_msgs/xarm_msgs/srv/gripper_move.hpp
[0.352s] -- Up-to-date symlink: /home/mk/dev_ws/install/xarm_msgs/include/xarm_msgs/xarm_msgs/srv/iden_load.hpp
[0.352s] -- Up-to-date symlink: /home/mk/dev_ws/install/xarm_msgs/include/xarm_msgs/xarm_msgs/srv/linear_track_back_origin.hpp
[0.352s] -- Up-to-date symlink: /home/mk/dev_ws/install/xarm_msgs/include/xarm_msgs/xarm_msgs/srv/linear_track_set_pos.hpp
[0.352s] -- Up-to-date symlink: /home/mk/dev_ws/install/xarm_msgs/include/xarm_msgs/xarm_msgs/srv/move_cartesian.hpp
[0.352s] -- Up-to-date symlink: /home/mk/dev_ws/install/xarm_msgs/include/xarm_msgs/xarm_msgs/srv/move_circle.hpp
[0.352s] -- Up-to-date symlink: /home/mk/dev_ws/install/xarm_msgs/include/xarm_msgs/xarm_msgs/srv/move_home.hpp
[0.352s] -- Up-to-date symlink: /home/mk/dev_ws/install/xarm_msgs/include/xarm_msgs/xarm_msgs/srv/move_joint.hpp
[0.352s] -- Up-to-date symlink: /home/mk/dev_ws/install/xarm_msgs/include/xarm_msgs/xarm_msgs/srv/move_velocity.hpp
[0.352s] -- Up-to-date symlink: /home/mk/dev_ws/install/xarm_msgs/include/xarm_msgs/xarm_msgs/srv/plan_exec.hpp
[0.352s] -- Up-to-date symlink: /home/mk/dev_ws/install/xarm_msgs/include/xarm_msgs/xarm_msgs/srv/plan_joint.hpp
[0.352s] -- Up-to-date symlink: /home/mk/dev_ws/install/xarm_msgs/include/xarm_msgs/xarm_msgs/srv/plan_pose.hpp
[0.352s] -- Up-to-date symlink: /home/mk/dev_ws/install/xarm_msgs/include/xarm_msgs/xarm_msgs/srv/plan_single_straight.hpp
[0.352s] -- Up-to-date symlink: /home/mk/dev_ws/install/xarm_msgs/include/xarm_msgs/xarm_msgs/srv/robotiq_activate.hpp
[0.352s] -- Up-to-date symlink: /home/mk/dev_ws/install/xarm_msgs/include/xarm_msgs/xarm_msgs/srv/robotiq_get_status.hpp
[0.352s] -- Up-to-date symlink: /home/mk/dev_ws/install/xarm_msgs/include/xarm_msgs/xarm_msgs/srv/robotiq_move.hpp
[0.352s] -- Up-to-date symlink: /home/mk/dev_ws/install/xarm_msgs/include/xarm_msgs/xarm_msgs/srv/robotiq_reset.hpp
[0.353s] -- Up-to-date symlink: /home/mk/dev_ws/install/xarm_msgs/include/xarm_msgs/xarm_msgs/srv/set_analog_io.hpp
[0.353s] -- Up-to-date symlink: /home/mk/dev_ws/install/xarm_msgs/include/xarm_msgs/xarm_msgs/srv/set_digital_io.hpp
[0.353s] -- Up-to-date symlink: /home/mk/dev_ws/install/xarm_msgs/include/xarm_msgs/xarm_msgs/srv/set_float32.hpp
[0.353s] -- Up-to-date symlink: /home/mk/dev_ws/install/xarm_msgs/include/xarm_msgs/xarm_msgs/srv/set_float32_list.hpp
[0.353s] -- Up-to-date symlink: /home/mk/dev_ws/install/xarm_msgs/include/xarm_msgs/xarm_msgs/srv/set_int16.hpp
[0.353s] -- Up-to-date symlink: /home/mk/dev_ws/install/xarm_msgs/include/xarm_msgs/xarm_msgs/srv/set_int16_by_id.hpp
[0.353s] -- Up-to-date symlink: /home/mk/dev_ws/install/xarm_msgs/include/xarm_msgs/xarm_msgs/srv/set_int16_list.hpp
[0.353s] -- Up-to-date symlink: /home/mk/dev_ws/install/xarm_msgs/include/xarm_msgs/xarm_msgs/srv/set_int32.hpp
[0.353s] -- Up-to-date symlink: /home/mk/dev_ws/install/xarm_msgs/include/xarm_msgs/xarm_msgs/srv/set_int32_by_type.hpp
[0.353s] -- Up-to-date symlink: /home/mk/dev_ws/install/xarm_msgs/include/xarm_msgs/xarm_msgs/srv/set_modbus_timeout.hpp
[0.353s] -- Up-to-date symlink: /home/mk/dev_ws/install/xarm_msgs/include/xarm_msgs/xarm_msgs/srv/set_tcp_load.hpp
[0.353s] -- Up-to-date symlink: /home/mk/dev_ws/install/xarm_msgs/include/xarm_msgs/xarm_msgs/srv/traj_ctrl.hpp
[0.353s] -- Up-to-date symlink: /home/mk/dev_ws/install/xarm_msgs/include/xarm_msgs/xarm_msgs/srv/traj_play.hpp
[0.353s] -- Up-to-date symlink: /home/mk/dev_ws/install/xarm_msgs/include/xarm_msgs/xarm_msgs/srv/vacuum_gripper_ctrl.hpp
[0.353s] -- Up-to-date symlink: /home/mk/dev_ws/install/xarm_msgs/include/xarm_msgs/xarm_msgs/msg/detail/cio_state__rosidl_typesupport_fastrtps_cpp.hpp
[0.353s] -- Up-to-date symlink: /home/mk/dev_ws/install/xarm_msgs/include/xarm_msgs/xarm_msgs/msg/detail/io_state__rosidl_typesupport_fastrtps_cpp.hpp
[0.353s] -- Up-to-date symlink: /home/mk/dev_ws/install/xarm_msgs/include/xarm_msgs/xarm_msgs/msg/detail/robot_msg__rosidl_typesupport_fastrtps_cpp.hpp
[0.353s] -- Up-to-date symlink: /home/mk/dev_ws/install/xarm_msgs/include/xarm_msgs/xarm_msgs/msg/rosidl_typesupport_fastrtps_cpp__visibility_control.h
[0.353s] -- Up-to-date symlink: /home/mk/dev_ws/install/xarm_msgs/include/xarm_msgs/xarm_msgs/srv/detail/bio_gripper_ctrl__rosidl_typesupport_fastrtps_cpp.hpp
[0.353s] -- Up-to-date symlink: /home/mk/dev_ws/install/xarm_msgs/include/xarm_msgs/xarm_msgs/srv/detail/bio_gripper_enable__rosidl_typesupport_fastrtps_cpp.hpp
[0.354s] -- Up-to-date symlink: /home/mk/dev_ws/install/xarm_msgs/include/xarm_msgs/xarm_msgs/srv/detail/call__rosidl_typesupport_fastrtps_cpp.hpp
[0.354s] -- Up-to-date symlink: /home/mk/dev_ws/install/xarm_msgs/include/xarm_msgs/xarm_msgs/srv/detail/ft_cali_load__rosidl_typesupport_fastrtps_cpp.hpp
[0.354s] -- Up-to-date symlink: /home/mk/dev_ws/install/xarm_msgs/include/xarm_msgs/xarm_msgs/srv/detail/ft_force_config__rosidl_typesupport_fastrtps_cpp.hpp
[0.354s] -- Up-to-date symlink: /home/mk/dev_ws/install/xarm_msgs/include/xarm_msgs/xarm_msgs/srv/detail/ft_force_pid__rosidl_typesupport_fastrtps_cpp.hpp
[0.354s] -- Up-to-date symlink: /home/mk/dev_ws/install/xarm_msgs/include/xarm_msgs/xarm_msgs/srv/detail/ft_impedance__rosidl_typesupport_fastrtps_cpp.hpp
[0.354s] -- Up-to-date symlink: /home/mk/dev_ws/install/xarm_msgs/include/xarm_msgs/xarm_msgs/srv/detail/get_analog_io__rosidl_typesupport_fastrtps_cpp.hpp
[0.354s] -- Up-to-date symlink: /home/mk/dev_ws/install/xarm_msgs/include/xarm_msgs/xarm_msgs/srv/detail/get_digital_io__rosidl_typesupport_fastrtps_cpp.hpp
[0.354s] -- Up-to-date symlink: /home/mk/dev_ws/install/xarm_msgs/include/xarm_msgs/xarm_msgs/srv/detail/get_float32__rosidl_typesupport_fastrtps_cpp.hpp
[0.354s] -- Up-to-date symlink: /home/mk/dev_ws/install/xarm_msgs/include/xarm_msgs/xarm_msgs/srv/detail/get_float32_list__rosidl_typesupport_fastrtps_cpp.hpp
[0.354s] -- Up-to-date symlink: /home/mk/dev_ws/install/xarm_msgs/include/xarm_msgs/xarm_msgs/srv/detail/get_int16__rosidl_typesupport_fastrtps_cpp.hpp
[0.354s] -- Up-to-date symlink: /home/mk/dev_ws/install/xarm_msgs/include/xarm_msgs/xarm_msgs/srv/detail/get_int16_list__rosidl_typesupport_fastrtps_cpp.hpp
[0.354s] -- Up-to-date symlink: /home/mk/dev_ws/install/xarm_msgs/include/xarm_msgs/xarm_msgs/srv/detail/get_int32__rosidl_typesupport_fastrtps_cpp.hpp
[0.354s] -- Up-to-date symlink: /home/mk/dev_ws/install/xarm_msgs/include/xarm_msgs/xarm_msgs/srv/detail/get_int32_by_type__rosidl_typesupport_fastrtps_cpp.hpp
[0.354s] -- Up-to-date symlink: /home/mk/dev_ws/install/xarm_msgs/include/xarm_msgs/xarm_msgs/srv/detail/get_set_modbus_data__rosidl_typesupport_fastrtps_cpp.hpp
[0.354s] -- Up-to-date symlink: /home/mk/dev_ws/install/xarm_msgs/include/xarm_msgs/xarm_msgs/srv/detail/gripper_move__rosidl_typesupport_fastrtps_cpp.hpp
[0.354s] -- Up-to-date symlink: /home/mk/dev_ws/install/xarm_msgs/include/xarm_msgs/xarm_msgs/srv/detail/iden_load__rosidl_typesupport_fastrtps_cpp.hpp
[0.354s] -- Up-to-date symlink: /home/mk/dev_ws/install/xarm_msgs/include/xarm_msgs/xarm_msgs/srv/detail/linear_track_back_origin__rosidl_typesupport_fastrtps_cpp.hpp
[0.354s] -- Up-to-date symlink: /home/mk/dev_ws/install/xarm_msgs/include/xarm_msgs/xarm_msgs/srv/detail/linear_track_set_pos__rosidl_typesupport_fastrtps_cpp.hpp
[0.354s] -- Up-to-date symlink: /home/mk/dev_ws/install/xarm_msgs/include/xarm_msgs/xarm_msgs/srv/detail/move_cartesian__rosidl_typesupport_fastrtps_cpp.hpp
[0.355s] -- Up-to-date symlink: /home/mk/dev_ws/install/xarm_msgs/include/xarm_msgs/xarm_msgs/srv/detail/move_circle__rosidl_typesupport_fastrtps_cpp.hpp
[0.355s] -- Up-to-date symlink: /home/mk/dev_ws/install/xarm_msgs/include/xarm_msgs/xarm_msgs/srv/detail/move_home__rosidl_typesupport_fastrtps_cpp.hpp
[0.355s] -- Up-to-date symlink: /home/mk/dev_ws/install/xarm_msgs/include/xarm_msgs/xarm_msgs/srv/detail/move_joint__rosidl_typesupport_fastrtps_cpp.hpp
[0.355s] -- Up-to-date symlink: /home/mk/dev_ws/install/xarm_msgs/include/xarm_msgs/xarm_msgs/srv/detail/move_velocity__rosidl_typesupport_fastrtps_cpp.hpp
[0.355s] -- Up-to-date symlink: /home/mk/dev_ws/install/xarm_msgs/include/xarm_msgs/xarm_msgs/srv/detail/plan_exec__rosidl_typesupport_fastrtps_cpp.hpp
[0.355s] -- Up-to-date symlink: /home/mk/dev_ws/install/xarm_msgs/include/xarm_msgs/xarm_msgs/srv/detail/plan_joint__rosidl_typesupport_fastrtps_cpp.hpp
[0.355s] -- Up-to-date symlink: /home/mk/dev_ws/install/xarm_msgs/include/xarm_msgs/xarm_msgs/srv/detail/plan_pose__rosidl_typesupport_fastrtps_cpp.hpp
[0.355s] -- Up-to-date symlink: /home/mk/dev_ws/install/xarm_msgs/include/xarm_msgs/xarm_msgs/srv/detail/plan_single_straight__rosidl_typesupport_fastrtps_cpp.hpp
[0.355s] -- Up-to-date symlink: /home/mk/dev_ws/install/xarm_msgs/include/xarm_msgs/xarm_msgs/srv/detail/robotiq_activate__rosidl_typesupport_fastrtps_cpp.hpp
[0.355s] -- Up-to-date symlink: /home/mk/dev_ws/install/xarm_msgs/include/xarm_msgs/xarm_msgs/srv/detail/robotiq_get_status__rosidl_typesupport_fastrtps_cpp.hpp
[0.355s] -- Up-to-date symlink: /home/mk/dev_ws/install/xarm_msgs/include/xarm_msgs/xarm_msgs/srv/detail/robotiq_move__rosidl_typesupport_fastrtps_cpp.hpp
[0.355s] -- Up-to-date symlink: /home/mk/dev_ws/install/xarm_msgs/include/xarm_msgs/xarm_msgs/srv/detail/robotiq_reset__rosidl_typesupport_fastrtps_cpp.hpp
[0.355s] -- Up-to-date symlink: /home/mk/dev_ws/install/xarm_msgs/include/xarm_msgs/xarm_msgs/srv/detail/set_analog_io__rosidl_typesupport_fastrtps_cpp.hpp
[0.355s] -- Up-to-date symlink: /home/mk/dev_ws/install/xarm_msgs/include/xarm_msgs/xarm_msgs/srv/detail/set_digital_io__rosidl_typesupport_fastrtps_cpp.hpp
[0.355s] -- Up-to-date symlink: /home/mk/dev_ws/install/xarm_msgs/include/xarm_msgs/xarm_msgs/srv/detail/set_float32__rosidl_typesupport_fastrtps_cpp.hpp
[0.355s] -- Up-to-date symlink: /home/mk/dev_ws/install/xarm_msgs/include/xarm_msgs/xarm_msgs/srv/detail/set_float32_list__rosidl_typesupport_fastrtps_cpp.hpp
[0.355s] -- Up-to-date symlink: /home/mk/dev_ws/install/xarm_msgs/include/xarm_msgs/xarm_msgs/srv/detail/set_int16__rosidl_typesupport_fastrtps_cpp.hpp
[0.355s] -- Up-to-date symlink: /home/mk/dev_ws/install/xarm_msgs/include/xarm_msgs/xarm_msgs/srv/detail/set_int16_by_id__rosidl_typesupport_fastrtps_cpp.hpp
[0.355s] -- Up-to-date symlink: /home/mk/dev_ws/install/xarm_msgs/include/xarm_msgs/xarm_msgs/srv/detail/set_int16_list__rosidl_typesupport_fastrtps_cpp.hpp
[0.355s] -- Up-to-date symlink: /home/mk/dev_ws/install/xarm_msgs/include/xarm_msgs/xarm_msgs/srv/detail/set_int32__rosidl_typesupport_fastrtps_cpp.hpp
[0.356s] -- Up-to-date symlink: /home/mk/dev_ws/install/xarm_msgs/include/xarm_msgs/xarm_msgs/srv/detail/set_int32_by_type__rosidl_typesupport_fastrtps_cpp.hpp
[0.356s] -- Up-to-date symlink: /home/mk/dev_ws/install/xarm_msgs/include/xarm_msgs/xarm_msgs/srv/detail/set_modbus_timeout__rosidl_typesupport_fastrtps_cpp.hpp
[0.356s] -- Up-to-date symlink: /home/mk/dev_ws/install/xarm_msgs/include/xarm_msgs/xarm_msgs/srv/detail/set_tcp_load__rosidl_typesupport_fastrtps_cpp.hpp
[0.356s] -- Up-to-date symlink: /home/mk/dev_ws/install/xarm_msgs/include/xarm_msgs/xarm_msgs/srv/detail/traj_ctrl__rosidl_typesupport_fastrtps_cpp.hpp
[0.356s] -- Up-to-date symlink: /home/mk/dev_ws/install/xarm_msgs/include/xarm_msgs/xarm_msgs/srv/detail/traj_play__rosidl_typesupport_fastrtps_cpp.hpp
[0.356s] -- Up-to-date symlink: /home/mk/dev_ws/install/xarm_msgs/include/xarm_msgs/xarm_msgs/srv/detail/vacuum_gripper_ctrl__rosidl_typesupport_fastrtps_cpp.hpp
[0.356s] -- Up-to-date symlink: /home/mk/dev_ws/install/xarm_msgs/include/xarm_msgs/xarm_msgs/msg/detail/cio_state__rosidl_typesupport_introspection_c.h
[0.356s] -- Up-to-date symlink: /home/mk/dev_ws/install/xarm_msgs/include/xarm_msgs/xarm_msgs/msg/detail/io_state__rosidl_typesupport_introspection_c.h
[0.356s] -- Up-to-date symlink: /home/mk/dev_ws/install/xarm_msgs/include/xarm_msgs/xarm_msgs/msg/detail/robot_msg__rosidl_typesupport_introspection_c.h
[0.356s] -- Up-to-date symlink: /home/mk/dev_ws/install/xarm_msgs/include/xarm_msgs/xarm_msgs/msg/rosidl_typesupport_introspection_c__visibility_control.h
[0.356s] -- Up-to-date symlink: /home/mk/dev_ws/install/xarm_msgs/include/xarm_msgs/xarm_msgs/srv/detail/bio_gripper_ctrl__rosidl_typesupport_introspection_c.h
[0.356s] -- Up-to-date symlink: /home/mk/dev_ws/install/xarm_msgs/include/xarm_msgs/xarm_msgs/srv/detail/bio_gripper_enable__rosidl_typesupport_introspection_c.h
[0.356s] -- Up-to-date symlink: /home/mk/dev_ws/install/xarm_msgs/include/xarm_msgs/xarm_msgs/srv/detail/call__rosidl_typesupport_introspection_c.h
[0.356s] -- Up-to-date symlink: /home/mk/dev_ws/install/xarm_msgs/include/xarm_msgs/xarm_msgs/srv/detail/ft_cali_load__rosidl_typesupport_introspection_c.h
[0.356s] -- Up-to-date symlink: /home/mk/dev_ws/install/xarm_msgs/include/xarm_msgs/xarm_msgs/srv/detail/ft_force_config__rosidl_typesupport_introspection_c.h
[0.356s] -- Up-to-date symlink: /home/mk/dev_ws/install/xarm_msgs/include/xarm_msgs/xarm_msgs/srv/detail/ft_force_pid__rosidl_typesupport_introspection_c.h
[0.356s] -- Up-to-date symlink: /home/mk/dev_ws/install/xarm_msgs/include/xarm_msgs/xarm_msgs/srv/detail/ft_impedance__rosidl_typesupport_introspection_c.h
[0.357s] -- Up-to-date symlink: /home/mk/dev_ws/install/xarm_msgs/include/xarm_msgs/xarm_msgs/srv/detail/get_analog_io__rosidl_typesupport_introspection_c.h
[0.357s] -- Up-to-date symlink: /home/mk/dev_ws/install/xarm_msgs/include/xarm_msgs/xarm_msgs/srv/detail/get_digital_io__rosidl_typesupport_introspection_c.h
[0.357s] -- Up-to-date symlink: /home/mk/dev_ws/install/xarm_msgs/include/xarm_msgs/xarm_msgs/srv/detail/get_float32__rosidl_typesupport_introspection_c.h
[0.357s] -- Up-to-date symlink: /home/mk/dev_ws/install/xarm_msgs/include/xarm_msgs/xarm_msgs/srv/detail/get_float32_list__rosidl_typesupport_introspection_c.h
[0.357s] -- Up-to-date symlink: /home/mk/dev_ws/install/xarm_msgs/include/xarm_msgs/xarm_msgs/srv/detail/get_int16__rosidl_typesupport_introspection_c.h
[0.357s] -- Up-to-date symlink: /home/mk/dev_ws/install/xarm_msgs/include/xarm_msgs/xarm_msgs/srv/detail/get_int16_list__rosidl_typesupport_introspection_c.h
[0.357s] -- Up-to-date symlink: /home/mk/dev_ws/install/xarm_msgs/include/xarm_msgs/xarm_msgs/srv/detail/get_int32__rosidl_typesupport_introspection_c.h
[0.357s] -- Up-to-date symlink: /home/mk/dev_ws/install/xarm_msgs/include/xarm_msgs/xarm_msgs/srv/detail/get_int32_by_type__rosidl_typesupport_introspection_c.h
[0.357s] -- Up-to-date symlink: /home/mk/dev_ws/install/xarm_msgs/include/xarm_msgs/xarm_msgs/srv/detail/get_set_modbus_data__rosidl_typesupport_introspection_c.h
[0.357s] -- Up-to-date symlink: /home/mk/dev_ws/install/xarm_msgs/include/xarm_msgs/xarm_msgs/srv/detail/gripper_move__rosidl_typesupport_introspection_c.h
[0.357s] -- Up-to-date symlink: /home/mk/dev_ws/install/xarm_msgs/include/xarm_msgs/xarm_msgs/srv/detail/iden_load__rosidl_typesupport_introspection_c.h
[0.357s] -- Up-to-date symlink: /home/mk/dev_ws/install/xarm_msgs/include/xarm_msgs/xarm_msgs/srv/detail/linear_track_back_origin__rosidl_typesupport_introspection_c.h
[0.357s] -- Up-to-date symlink: /home/mk/dev_ws/install/xarm_msgs/include/xarm_msgs/xarm_msgs/srv/detail/linear_track_set_pos__rosidl_typesupport_introspection_c.h
[0.357s] -- Up-to-date symlink: /home/mk/dev_ws/install/xarm_msgs/include/xarm_msgs/xarm_msgs/srv/detail/move_cartesian__rosidl_typesupport_introspection_c.h
[0.357s] -- Up-to-date symlink: /home/mk/dev_ws/install/xarm_msgs/include/xarm_msgs/xarm_msgs/srv/detail/move_circle__rosidl_typesupport_introspection_c.h
[0.357s] -- Up-to-date symlink: /home/mk/dev_ws/install/xarm_msgs/include/xarm_msgs/xarm_msgs/srv/detail/move_home__rosidl_typesupport_introspection_c.h
[0.357s] -- Up-to-date symlink: /home/mk/dev_ws/install/xarm_msgs/include/xarm_msgs/xarm_msgs/srv/detail/move_joint__rosidl_typesupport_introspection_c.h
[0.357s] -- Up-to-date symlink: /home/mk/dev_ws/install/xarm_msgs/include/xarm_msgs/xarm_msgs/srv/detail/move_velocity__rosidl_typesupport_introspection_c.h
[0.358s] -- Up-to-date symlink: /home/mk/dev_ws/install/xarm_msgs/include/xarm_msgs/xarm_msgs/srv/detail/plan_exec__rosidl_typesupport_introspection_c.h
[0.358s] -- Up-to-date symlink: /home/mk/dev_ws/install/xarm_msgs/include/xarm_msgs/xarm_msgs/srv/detail/plan_joint__rosidl_typesupport_introspection_c.h
[0.358s] -- Up-to-date symlink: /home/mk/dev_ws/install/xarm_msgs/include/xarm_msgs/xarm_msgs/srv/detail/plan_pose__rosidl_typesupport_introspection_c.h
[0.358s] -- Up-to-date symlink: /home/mk/dev_ws/install/xarm_msgs/include/xarm_msgs/xarm_msgs/srv/detail/plan_single_straight__rosidl_typesupport_introspection_c.h
[0.358s] -- Up-to-date symlink: /home/mk/dev_ws/install/xarm_msgs/include/xarm_msgs/xarm_msgs/srv/detail/robotiq_activate__rosidl_typesupport_introspection_c.h
[0.358s] -- Up-to-date symlink: /home/mk/dev_ws/install/xarm_msgs/include/xarm_msgs/xarm_msgs/srv/detail/robotiq_get_status__rosidl_typesupport_introspection_c.h
[0.358s] -- Up-to-date symlink: /home/mk/dev_ws/install/xarm_msgs/include/xarm_msgs/xarm_msgs/srv/detail/robotiq_move__rosidl_typesupport_introspection_c.h
[0.358s] -- Up-to-date symlink: /home/mk/dev_ws/install/xarm_msgs/include/xarm_msgs/xarm_msgs/srv/detail/robotiq_reset__rosidl_typesupport_introspection_c.h
[0.358s] -- Up-to-date symlink: /home/mk/dev_ws/install/xarm_msgs/include/xarm_msgs/xarm_msgs/srv/detail/set_analog_io__rosidl_typesupport_introspection_c.h
[0.358s] -- Up-to-date symlink: /home/mk/dev_ws/install/xarm_msgs/include/xarm_msgs/xarm_msgs/srv/detail/set_digital_io__rosidl_typesupport_introspection_c.h
[0.358s] -- Up-to-date symlink: /home/mk/dev_ws/install/xarm_msgs/include/xarm_msgs/xarm_msgs/srv/detail/set_float32__rosidl_typesupport_introspection_c.h
[0.358s] -- Up-to-date symlink: /home/mk/dev_ws/install/xarm_msgs/include/xarm_msgs/xarm_msgs/srv/detail/set_float32_list__rosidl_typesupport_introspection_c.h
[0.358s] -- Up-to-date symlink: /home/mk/dev_ws/install/xarm_msgs/include/xarm_msgs/xarm_msgs/srv/detail/set_int16__rosidl_typesupport_introspection_c.h
[0.358s] -- Up-to-date symlink: /home/mk/dev_ws/install/xarm_msgs/include/xarm_msgs/xarm_msgs/srv/detail/set_int16_by_id__rosidl_typesupport_introspection_c.h
[0.358s] -- Up-to-date symlink: /home/mk/dev_ws/install/xarm_msgs/include/xarm_msgs/xarm_msgs/srv/detail/set_int16_list__rosidl_typesupport_introspection_c.h
[0.358s] -- Up-to-date symlink: /home/mk/dev_ws/install/xarm_msgs/include/xarm_msgs/xarm_msgs/srv/detail/set_int32__rosidl_typesupport_introspection_c.h
[0.360s] -- Up-to-date symlink: /home/mk/dev_ws/install/xarm_msgs/include/xarm_msgs/xarm_msgs/srv/detail/set_int32_by_type__rosidl_typesupport_introspection_c.h
[0.360s] -- Up-to-date symlink: /home/mk/dev_ws/install/xarm_msgs/include/xarm_msgs/xarm_msgs/srv/detail/set_modbus_timeout__rosidl_typesupport_introspection_c.h
[0.360s] -- Up-to-date symlink: /home/mk/dev_ws/install/xarm_msgs/include/xarm_msgs/xarm_msgs/srv/detail/set_tcp_load__rosidl_typesupport_introspection_c.h
[0.360s] -- Up-to-date symlink: /home/mk/dev_ws/install/xarm_msgs/include/xarm_msgs/xarm_msgs/srv/detail/traj_ctrl__rosidl_typesupport_introspection_c.h
[0.360s] -- Up-to-date symlink: /home/mk/dev_ws/install/xarm_msgs/include/xarm_msgs/xarm_msgs/srv/detail/traj_play__rosidl_typesupport_introspection_c.h
[0.360s] -- Up-to-date symlink: /home/mk/dev_ws/install/xarm_msgs/include/xarm_msgs/xarm_msgs/srv/detail/vacuum_gripper_ctrl__rosidl_typesupport_introspection_c.h
[0.360s] -- Up-to-date symlink: /home/mk/dev_ws/install/xarm_msgs/include/xarm_msgs/xarm_msgs/msg/detail/cio_state__rosidl_typesupport_introspection_cpp.hpp
[0.360s] -- Up-to-date symlink: /home/mk/dev_ws/install/xarm_msgs/include/xarm_msgs/xarm_msgs/msg/detail/io_state__rosidl_typesupport_introspection_cpp.hpp
[0.360s] -- Up-to-date symlink: /home/mk/dev_ws/install/xarm_msgs/include/xarm_msgs/xarm_msgs/msg/detail/robot_msg__rosidl_typesupport_introspection_cpp.hpp
[0.360s] -- Up-to-date symlink: /home/mk/dev_ws/install/xarm_msgs/include/xarm_msgs/xarm_msgs/srv/detail/bio_gripper_ctrl__rosidl_typesupport_introspection_cpp.hpp
[0.360s] -- Up-to-date symlink: /home/mk/dev_ws/install/xarm_msgs/include/xarm_msgs/xarm_msgs/srv/detail/bio_gripper_enable__rosidl_typesupport_introspection_cpp.hpp
[0.360s] -- Up-to-date symlink: /home/mk/dev_ws/install/xarm_msgs/include/xarm_msgs/xarm_msgs/srv/detail/call__rosidl_typesupport_introspection_cpp.hpp
[0.360s] -- Up-to-date symlink: /home/mk/dev_ws/install/xarm_msgs/include/xarm_msgs/xarm_msgs/srv/detail/ft_cali_load__rosidl_typesupport_introspection_cpp.hpp
[0.360s] -- Up-to-date symlink: /home/mk/dev_ws/install/xarm_msgs/include/xarm_msgs/xarm_msgs/srv/detail/ft_force_config__rosidl_typesupport_introspection_cpp.hpp
[0.360s] -- Up-to-date symlink: /home/mk/dev_ws/install/xarm_msgs/include/xarm_msgs/xarm_msgs/srv/detail/ft_force_pid__rosidl_typesupport_introspection_cpp.hpp
[0.360s] -- Up-to-date symlink: /home/mk/dev_ws/install/xarm_msgs/include/xarm_msgs/xarm_msgs/srv/detail/ft_impedance__rosidl_typesupport_introspection_cpp.hpp
[0.360s] -- Up-to-date symlink: /home/mk/dev_ws/install/xarm_msgs/include/xarm_msgs/xarm_msgs/srv/detail/get_analog_io__rosidl_typesupport_introspection_cpp.hpp
[0.360s] -- Up-to-date symlink: /home/mk/dev_ws/install/xarm_msgs/include/xarm_msgs/xarm_msgs/srv/detail/get_digital_io__rosidl_typesupport_introspection_cpp.hpp
[0.360s] -- Up-to-date symlink: /home/mk/dev_ws/install/xarm_msgs/include/xarm_msgs/xarm_msgs/srv/detail/get_float32__rosidl_typesupport_introspection_cpp.hpp
[0.361s] -- Up-to-date symlink: /home/mk/dev_ws/install/xarm_msgs/include/xarm_msgs/xarm_msgs/srv/detail/get_float32_list__rosidl_typesupport_introspection_cpp.hpp
[0.361s] -- Up-to-date symlink: /home/mk/dev_ws/install/xarm_msgs/include/xarm_msgs/xarm_msgs/srv/detail/get_int16__rosidl_typesupport_introspection_cpp.hpp
[0.361s] -- Up-to-date symlink: /home/mk/dev_ws/install/xarm_msgs/include/xarm_msgs/xarm_msgs/srv/detail/get_int16_list__rosidl_typesupport_introspection_cpp.hpp
[0.361s] -- Up-to-date symlink: /home/mk/dev_ws/install/xarm_msgs/include/xarm_msgs/xarm_msgs/srv/detail/get_int32__rosidl_typesupport_introspection_cpp.hpp
[0.361s] -- Up-to-date symlink: /home/mk/dev_ws/install/xarm_msgs/include/xarm_msgs/xarm_msgs/srv/detail/get_int32_by_type__rosidl_typesupport_introspection_cpp.hpp
[0.361s] -- Up-to-date symlink: /home/mk/dev_ws/install/xarm_msgs/include/xarm_msgs/xarm_msgs/srv/detail/get_set_modbus_data__rosidl_typesupport_introspection_cpp.hpp
[0.361s] -- Up-to-date symlink: /home/mk/dev_ws/install/xarm_msgs/include/xarm_msgs/xarm_msgs/srv/detail/gripper_move__rosidl_typesupport_introspection_cpp.hpp
[0.361s] -- Up-to-date symlink: /home/mk/dev_ws/install/xarm_msgs/include/xarm_msgs/xarm_msgs/srv/detail/iden_load__rosidl_typesupport_introspection_cpp.hpp
[0.361s] -- Up-to-date symlink: /home/mk/dev_ws/install/xarm_msgs/include/xarm_msgs/xarm_msgs/srv/detail/linear_track_back_origin__rosidl_typesupport_introspection_cpp.hpp
[0.361s] -- Up-to-date symlink: /home/mk/dev_ws/install/xarm_msgs/include/xarm_msgs/xarm_msgs/srv/detail/linear_track_set_pos__rosidl_typesupport_introspection_cpp.hpp
[0.361s] -- Up-to-date symlink: /home/mk/dev_ws/install/xarm_msgs/include/xarm_msgs/xarm_msgs/srv/detail/move_cartesian__rosidl_typesupport_introspection_cpp.hpp
[0.361s] -- Up-to-date symlink: /home/mk/dev_ws/install/xarm_msgs/include/xarm_msgs/xarm_msgs/srv/detail/move_circle__rosidl_typesupport_introspection_cpp.hpp
[0.361s] -- Up-to-date symlink: /home/mk/dev_ws/install/xarm_msgs/include/xarm_msgs/xarm_msgs/srv/detail/move_home__rosidl_typesupport_introspection_cpp.hpp
[0.361s] -- Up-to-date symlink: /home/mk/dev_ws/install/xarm_msgs/include/xarm_msgs/xarm_msgs/srv/detail/move_joint__rosidl_typesupport_introspection_cpp.hpp
[0.361s] -- Up-to-date symlink: /home/mk/dev_ws/install/xarm_msgs/include/xarm_msgs/xarm_msgs/srv/detail/move_velocity__rosidl_typesupport_introspection_cpp.hpp
[0.361s] -- Up-to-date symlink: /home/mk/dev_ws/install/xarm_msgs/include/xarm_msgs/xarm_msgs/srv/detail/plan_exec__rosidl_typesupport_introspection_cpp.hpp
[0.361s] -- Up-to-date symlink: /home/mk/dev_ws/install/xarm_msgs/include/xarm_msgs/xarm_msgs/srv/detail/plan_joint__rosidl_typesupport_introspection_cpp.hpp
[0.361s] -- Up-to-date symlink: /home/mk/dev_ws/install/xarm_msgs/include/xarm_msgs/xarm_msgs/srv/detail/plan_pose__rosidl_typesupport_introspection_cpp.hpp
[0.362s] -- Up-to-date symlink: /home/mk/dev_ws/install/xarm_msgs/include/xarm_msgs/xarm_msgs/srv/detail/plan_single_straight__rosidl_typesupport_introspection_cpp.hpp
[0.362s] -- Up-to-date symlink: /home/mk/dev_ws/install/xarm_msgs/include/xarm_msgs/xarm_msgs/srv/detail/robotiq_activate__rosidl_typesupport_introspection_cpp.hpp
[0.362s] -- Up-to-date symlink: /home/mk/dev_ws/install/xarm_msgs/include/xarm_msgs/xarm_msgs/srv/detail/robotiq_get_status__rosidl_typesupport_introspection_cpp.hpp
[0.362s] -- Up-to-date symlink: /home/mk/dev_ws/install/xarm_msgs/include/xarm_msgs/xarm_msgs/srv/detail/robotiq_move__rosidl_typesupport_introspection_cpp.hpp
[0.362s] -- Up-to-date symlink: /home/mk/dev_ws/install/xarm_msgs/include/xarm_msgs/xarm_msgs/srv/detail/robotiq_reset__rosidl_typesupport_introspection_cpp.hpp
[0.362s] -- Up-to-date symlink: /home/mk/dev_ws/install/xarm_msgs/include/xarm_msgs/xarm_msgs/srv/detail/set_analog_io__rosidl_typesupport_introspection_cpp.hpp
[0.362s] -- Up-to-date symlink: /home/mk/dev_ws/install/xarm_msgs/include/xarm_msgs/xarm_msgs/srv/detail/set_digital_io__rosidl_typesupport_introspection_cpp.hpp
[0.362s] -- Up-to-date symlink: /home/mk/dev_ws/install/xarm_msgs/include/xarm_msgs/xarm_msgs/srv/detail/set_float32__rosidl_typesupport_introspection_cpp.hpp
[0.362s] -- Up-to-date symlink: /home/mk/dev_ws/install/xarm_msgs/include/xarm_msgs/xarm_msgs/srv/detail/set_float32_list__rosidl_typesupport_introspection_cpp.hpp
[0.362s] -- Up-to-date symlink: /home/mk/dev_ws/install/xarm_msgs/include/xarm_msgs/xarm_msgs/srv/detail/set_int16__rosidl_typesupport_introspection_cpp.hpp
[0.362s] -- Up-to-date symlink: /home/mk/dev_ws/install/xarm_msgs/include/xarm_msgs/xarm_msgs/srv/detail/set_int16_by_id__rosidl_typesupport_introspection_cpp.hpp
[0.362s] -- Up-to-date symlink: /home/mk/dev_ws/install/xarm_msgs/include/xarm_msgs/xarm_msgs/srv/detail/set_int16_list__rosidl_typesupport_introspection_cpp.hpp
[0.362s] -- Up-to-date symlink: /home/mk/dev_ws/install/xarm_msgs/include/xarm_msgs/xarm_msgs/srv/detail/set_int32__rosidl_typesupport_introspection_cpp.hpp
[0.362s] -- Up-to-date symlink: /home/mk/dev_ws/install/xarm_msgs/include/xarm_msgs/xarm_msgs/srv/detail/set_int32_by_type__rosidl_typesupport_introspection_cpp.hpp
[0.362s] -- Up-to-date symlink: /home/mk/dev_ws/install/xarm_msgs/include/xarm_msgs/xarm_msgs/srv/detail/set_modbus_timeout__rosidl_typesupport_introspection_cpp.hpp
[0.362s] -- Up-to-date symlink: /home/mk/dev_ws/install/xarm_msgs/include/xarm_msgs/xarm_msgs/srv/detail/set_tcp_load__rosidl_typesupport_introspection_cpp.hpp
[0.362s] -- Up-to-date symlink: /home/mk/dev_ws/install/xarm_msgs/include/xarm_msgs/xarm_msgs/srv/detail/traj_ctrl__rosidl_typesupport_introspection_cpp.hpp
[0.362s] -- Up-to-date symlink: /home/mk/dev_ws/install/xarm_msgs/include/xarm_msgs/xarm_msgs/srv/detail/traj_play__rosidl_typesupport_introspection_cpp.hpp
[0.362s] -- Up-to-date symlink: /home/mk/dev_ws/install/xarm_msgs/include/xarm_msgs/xarm_msgs/srv/detail/vacuum_gripper_ctrl__rosidl_typesupport_introspection_cpp.hpp
[0.362s] -- Up-to-date symlink: /home/mk/dev_ws/install/xarm_msgs/share/xarm_msgs/environment/pythonpath.sh
[0.362s] -- Up-to-date symlink: /home/mk/dev_ws/install/xarm_msgs/share/xarm_msgs/environment/pythonpath.dsv
[0.362s] -- Up-to-date symlink: /home/mk/dev_ws/install/xarm_msgs/local/lib/python3.10/dist-packages/xarm_msgs-0.0.0-py3.10.egg-info/PKG-INFO
[0.362s] -- Up-to-date symlink: /home/mk/dev_ws/install/xarm_msgs/local/lib/python3.10/dist-packages/xarm_msgs-0.0.0-py3.10.egg-info/SOURCES.txt
[0.363s] -- Up-to-date symlink: /home/mk/dev_ws/install/xarm_msgs/local/lib/python3.10/dist-packages/xarm_msgs-0.0.0-py3.10.egg-info/dependency_links.txt
[0.363s] -- Up-to-date symlink: /home/mk/dev_ws/install/xarm_msgs/local/lib/python3.10/dist-packages/xarm_msgs-0.0.0-py3.10.egg-info/top_level.txt
[0.364s] -- Up-to-date symlink: /home/mk/dev_ws/install/xarm_msgs/local/lib/python3.10/dist-packages/xarm_msgs/__init__.py
[0.364s] -- Up-to-date symlink: /home/mk/dev_ws/install/xarm_msgs/local/lib/python3.10/dist-packages/xarm_msgs/_xarm_msgs_s.ep.rosidl_typesupport_c.c
[0.364s] -- Up-to-date symlink: /home/mk/dev_ws/install/xarm_msgs/local/lib/python3.10/dist-packages/xarm_msgs/_xarm_msgs_s.ep.rosidl_typesupport_fastrtps_c.c
[0.364s] -- Up-to-date symlink: /home/mk/dev_ws/install/xarm_msgs/local/lib/python3.10/dist-packages/xarm_msgs/_xarm_msgs_s.ep.rosidl_typesupport_introspection_c.c
[0.364s] -- Up-to-date symlink: /home/mk/dev_ws/install/xarm_msgs/local/lib/python3.10/dist-packages/xarm_msgs/libxarm_msgs__rosidl_generator_py.so
[0.364s] -- Up-to-date symlink: /home/mk/dev_ws/install/xarm_msgs/local/lib/python3.10/dist-packages/xarm_msgs/msg/__init__.py
[0.364s] -- Up-to-date symlink: /home/mk/dev_ws/install/xarm_msgs/local/lib/python3.10/dist-packages/xarm_msgs/msg/_cio_state.py
[0.364s] -- Up-to-date symlink: /home/mk/dev_ws/install/xarm_msgs/local/lib/python3.10/dist-packages/xarm_msgs/msg/_cio_state_s.c
[0.364s] -- Up-to-date symlink: /home/mk/dev_ws/install/xarm_msgs/local/lib/python3.10/dist-packages/xarm_msgs/msg/_io_state.py
[0.364s] -- Up-to-date symlink: /home/mk/dev_ws/install/xarm_msgs/local/lib/python3.10/dist-packages/xarm_msgs/msg/_io_state_s.c
[0.364s] -- Up-to-date symlink: /home/mk/dev_ws/install/xarm_msgs/local/lib/python3.10/dist-packages/xarm_msgs/msg/_robot_msg.py
[0.364s] -- Up-to-date symlink: /home/mk/dev_ws/install/xarm_msgs/local/lib/python3.10/dist-packages/xarm_msgs/msg/_robot_msg_s.c
[0.364s] -- Up-to-date symlink: /home/mk/dev_ws/install/xarm_msgs/local/lib/python3.10/dist-packages/xarm_msgs/srv/__init__.py
[0.364s] -- Up-to-date symlink: /home/mk/dev_ws/install/xarm_msgs/local/lib/python3.10/dist-packages/xarm_msgs/srv/_bio_gripper_ctrl.py
[0.364s] -- Up-to-date symlink: /home/mk/dev_ws/install/xarm_msgs/local/lib/python3.10/dist-packages/xarm_msgs/srv/_bio_gripper_ctrl_s.c
[0.364s] -- Up-to-date symlink: /home/mk/dev_ws/install/xarm_msgs/local/lib/python3.10/dist-packages/xarm_msgs/srv/_bio_gripper_enable.py
[0.365s] -- Up-to-date symlink: /home/mk/dev_ws/install/xarm_msgs/local/lib/python3.10/dist-packages/xarm_msgs/srv/_bio_gripper_enable_s.c
[0.365s] -- Up-to-date symlink: /home/mk/dev_ws/install/xarm_msgs/local/lib/python3.10/dist-packages/xarm_msgs/srv/_call.py
[0.365s] -- Up-to-date symlink: /home/mk/dev_ws/install/xarm_msgs/local/lib/python3.10/dist-packages/xarm_msgs/srv/_call_s.c
[0.365s] -- Up-to-date symlink: /home/mk/dev_ws/install/xarm_msgs/local/lib/python3.10/dist-packages/xarm_msgs/srv/_ft_cali_load.py
[0.365s] -- Up-to-date symlink: /home/mk/dev_ws/install/xarm_msgs/local/lib/python3.10/dist-packages/xarm_msgs/srv/_ft_cali_load_s.c
[0.365s] -- Up-to-date symlink: /home/mk/dev_ws/install/xarm_msgs/local/lib/python3.10/dist-packages/xarm_msgs/srv/_ft_force_config.py
[0.365s] -- Up-to-date symlink: /home/mk/dev_ws/install/xarm_msgs/local/lib/python3.10/dist-packages/xarm_msgs/srv/_ft_force_config_s.c
[0.365s] -- Up-to-date symlink: /home/mk/dev_ws/install/xarm_msgs/local/lib/python3.10/dist-packages/xarm_msgs/srv/_ft_force_pid.py
[0.365s] -- Up-to-date symlink: /home/mk/dev_ws/install/xarm_msgs/local/lib/python3.10/dist-packages/xarm_msgs/srv/_ft_force_pid_s.c
[0.365s] -- Up-to-date symlink: /home/mk/dev_ws/install/xarm_msgs/local/lib/python3.10/dist-packages/xarm_msgs/srv/_ft_impedance.py
[0.365s] -- Up-to-date symlink: /home/mk/dev_ws/install/xarm_msgs/local/lib/python3.10/dist-packages/xarm_msgs/srv/_ft_impedance_s.c
[0.365s] -- Up-to-date symlink: /home/mk/dev_ws/install/xarm_msgs/local/lib/python3.10/dist-packages/xarm_msgs/srv/_get_analog_io.py
[0.365s] -- Up-to-date symlink: /home/mk/dev_ws/install/xarm_msgs/local/lib/python3.10/dist-packages/xarm_msgs/srv/_get_analog_io_s.c
[0.365s] -- Up-to-date symlink: /home/mk/dev_ws/install/xarm_msgs/local/lib/python3.10/dist-packages/xarm_msgs/srv/_get_digital_io.py
[0.365s] -- Up-to-date symlink: /home/mk/dev_ws/install/xarm_msgs/local/lib/python3.10/dist-packages/xarm_msgs/srv/_get_digital_io_s.c
[0.365s] -- Up-to-date symlink: /home/mk/dev_ws/install/xarm_msgs/local/lib/python3.10/dist-packages/xarm_msgs/srv/_get_float32.py
[0.365s] -- Up-to-date symlink: /home/mk/dev_ws/install/xarm_msgs/local/lib/python3.10/dist-packages/xarm_msgs/srv/_get_float32_list.py
[0.366s] -- Up-to-date symlink: /home/mk/dev_ws/install/xarm_msgs/local/lib/python3.10/dist-packages/xarm_msgs/srv/_get_float32_list_s.c
[0.366s] -- Up-to-date symlink: /home/mk/dev_ws/install/xarm_msgs/local/lib/python3.10/dist-packages/xarm_msgs/srv/_get_float32_s.c
[0.366s] -- Up-to-date symlink: /home/mk/dev_ws/install/xarm_msgs/local/lib/python3.10/dist-packages/xarm_msgs/srv/_get_int16.py
[0.366s] -- Up-to-date symlink: /home/mk/dev_ws/install/xarm_msgs/local/lib/python3.10/dist-packages/xarm_msgs/srv/_get_int16_list.py
[0.366s] -- Up-to-date symlink: /home/mk/dev_ws/install/xarm_msgs/local/lib/python3.10/dist-packages/xarm_msgs/srv/_get_int16_list_s.c
[0.367s] -- Up-to-date symlink: /home/mk/dev_ws/install/xarm_msgs/local/lib/python3.10/dist-packages/xarm_msgs/srv/_get_int16_s.c
[0.368s] -- Up-to-date symlink: /home/mk/dev_ws/install/xarm_msgs/local/lib/python3.10/dist-packages/xarm_msgs/srv/_get_int32.py
[0.368s] -- Up-to-date symlink: /home/mk/dev_ws/install/xarm_msgs/local/lib/python3.10/dist-packages/xarm_msgs/srv/_get_int32_by_type.py
[0.368s] -- Up-to-date symlink: /home/mk/dev_ws/install/xarm_msgs/local/lib/python3.10/dist-packages/xarm_msgs/srv/_get_int32_by_type_s.c
[0.368s] -- Up-to-date symlink: /home/mk/dev_ws/install/xarm_msgs/local/lib/python3.10/dist-packages/xarm_msgs/srv/_get_int32_s.c
[0.368s] -- Up-to-date symlink: /home/mk/dev_ws/install/xarm_msgs/local/lib/python3.10/dist-packages/xarm_msgs/srv/_get_set_modbus_data.py
[0.368s] -- Up-to-date symlink: /home/mk/dev_ws/install/xarm_msgs/local/lib/python3.10/dist-packages/xarm_msgs/srv/_get_set_modbus_data_s.c
[0.368s] -- Up-to-date symlink: /home/mk/dev_ws/install/xarm_msgs/local/lib/python3.10/dist-packages/xarm_msgs/srv/_gripper_move.py
[0.368s] -- Up-to-date symlink: /home/mk/dev_ws/install/xarm_msgs/local/lib/python3.10/dist-packages/xarm_msgs/srv/_gripper_move_s.c
[0.368s] -- Up-to-date symlink: /home/mk/dev_ws/install/xarm_msgs/local/lib/python3.10/dist-packages/xarm_msgs/srv/_iden_load.py
[0.368s] -- Up-to-date symlink: /home/mk/dev_ws/install/xarm_msgs/local/lib/python3.10/dist-packages/xarm_msgs/srv/_iden_load_s.c
[0.368s] -- Up-to-date symlink: /home/mk/dev_ws/install/xarm_msgs/local/lib/python3.10/dist-packages/xarm_msgs/srv/_linear_track_back_origin.py
[0.368s] -- Up-to-date symlink: /home/mk/dev_ws/install/xarm_msgs/local/lib/python3.10/dist-packages/xarm_msgs/srv/_linear_track_back_origin_s.c
[0.368s] -- Up-to-date symlink: /home/mk/dev_ws/install/xarm_msgs/local/lib/python3.10/dist-packages/xarm_msgs/srv/_linear_track_set_pos.py
[0.368s] -- Up-to-date symlink: /home/mk/dev_ws/install/xarm_msgs/local/lib/python3.10/dist-packages/xarm_msgs/srv/_linear_track_set_pos_s.c
[0.368s] -- Up-to-date symlink: /home/mk/dev_ws/install/xarm_msgs/local/lib/python3.10/dist-packages/xarm_msgs/srv/_move_cartesian.py
[0.368s] -- Up-to-date symlink: /home/mk/dev_ws/install/xarm_msgs/local/lib/python3.10/dist-packages/xarm_msgs/srv/_move_cartesian_s.c
[0.368s] -- Up-to-date symlink: /home/mk/dev_ws/install/xarm_msgs/local/lib/python3.10/dist-packages/xarm_msgs/srv/_move_circle.py
[0.369s] -- Up-to-date symlink: /home/mk/dev_ws/install/xarm_msgs/local/lib/python3.10/dist-packages/xarm_msgs/srv/_move_circle_s.c
[0.369s] -- Up-to-date symlink: /home/mk/dev_ws/install/xarm_msgs/local/lib/python3.10/dist-packages/xarm_msgs/srv/_move_home.py
[0.369s] -- Up-to-date symlink: /home/mk/dev_ws/install/xarm_msgs/local/lib/python3.10/dist-packages/xarm_msgs/srv/_move_home_s.c
[0.369s] -- Up-to-date symlink: /home/mk/dev_ws/install/xarm_msgs/local/lib/python3.10/dist-packages/xarm_msgs/srv/_move_joint.py
[0.369s] -- Up-to-date symlink: /home/mk/dev_ws/install/xarm_msgs/local/lib/python3.10/dist-packages/xarm_msgs/srv/_move_joint_s.c
[0.369s] -- Up-to-date symlink: /home/mk/dev_ws/install/xarm_msgs/local/lib/python3.10/dist-packages/xarm_msgs/srv/_move_velocity.py
[0.369s] -- Up-to-date symlink: /home/mk/dev_ws/install/xarm_msgs/local/lib/python3.10/dist-packages/xarm_msgs/srv/_move_velocity_s.c
[0.369s] -- Up-to-date symlink: /home/mk/dev_ws/install/xarm_msgs/local/lib/python3.10/dist-packages/xarm_msgs/srv/_plan_exec.py
[0.369s] -- Up-to-date symlink: /home/mk/dev_ws/install/xarm_msgs/local/lib/python3.10/dist-packages/xarm_msgs/srv/_plan_exec_s.c
[0.369s] -- Up-to-date symlink: /home/mk/dev_ws/install/xarm_msgs/local/lib/python3.10/dist-packages/xarm_msgs/srv/_plan_joint.py
[0.369s] -- Up-to-date symlink: /home/mk/dev_ws/install/xarm_msgs/local/lib/python3.10/dist-packages/xarm_msgs/srv/_plan_joint_s.c
[0.369s] -- Up-to-date symlink: /home/mk/dev_ws/install/xarm_msgs/local/lib/python3.10/dist-packages/xarm_msgs/srv/_plan_pose.py
[0.369s] -- Up-to-date symlink: /home/mk/dev_ws/install/xarm_msgs/local/lib/python3.10/dist-packages/xarm_msgs/srv/_plan_pose_s.c
[0.369s] -- Up-to-date symlink: /home/mk/dev_ws/install/xarm_msgs/local/lib/python3.10/dist-packages/xarm_msgs/srv/_plan_single_straight.py
[0.369s] -- Up-to-date symlink: /home/mk/dev_ws/install/xarm_msgs/local/lib/python3.10/dist-packages/xarm_msgs/srv/_plan_single_straight_s.c
[0.369s] -- Up-to-date symlink: /home/mk/dev_ws/install/xarm_msgs/local/lib/python3.10/dist-packages/xarm_msgs/srv/_robotiq_activate.py
[0.369s] -- Up-to-date symlink: /home/mk/dev_ws/install/xarm_msgs/local/lib/python3.10/dist-packages/xarm_msgs/srv/_robotiq_activate_s.c
[0.369s] -- Up-to-date symlink: /home/mk/dev_ws/install/xarm_msgs/local/lib/python3.10/dist-packages/xarm_msgs/srv/_robotiq_get_status.py
[0.369s] -- Up-to-date symlink: /home/mk/dev_ws/install/xarm_msgs/local/lib/python3.10/dist-packages/xarm_msgs/srv/_robotiq_get_status_s.c
[0.369s] -- Up-to-date symlink: /home/mk/dev_ws/install/xarm_msgs/local/lib/python3.10/dist-packages/xarm_msgs/srv/_robotiq_move.py
[0.369s] -- Up-to-date symlink: /home/mk/dev_ws/install/xarm_msgs/local/lib/python3.10/dist-packages/xarm_msgs/srv/_robotiq_move_s.c
[0.369s] -- Up-to-date symlink: /home/mk/dev_ws/install/xarm_msgs/local/lib/python3.10/dist-packages/xarm_msgs/srv/_robotiq_reset.py
[0.369s] -- Up-to-date symlink: /home/mk/dev_ws/install/xarm_msgs/local/lib/python3.10/dist-packages/xarm_msgs/srv/_robotiq_reset_s.c
[0.369s] -- Up-to-date symlink: /home/mk/dev_ws/install/xarm_msgs/local/lib/python3.10/dist-packages/xarm_msgs/srv/_set_analog_io.py
[0.369s] -- Up-to-date symlink: /home/mk/dev_ws/install/xarm_msgs/local/lib/python3.10/dist-packages/xarm_msgs/srv/_set_analog_io_s.c
[0.369s] -- Up-to-date symlink: /home/mk/dev_ws/install/xarm_msgs/local/lib/python3.10/dist-packages/xarm_msgs/srv/_set_digital_io.py
[0.369s] -- Up-to-date symlink: /home/mk/dev_ws/install/xarm_msgs/local/lib/python3.10/dist-packages/xarm_msgs/srv/_set_digital_io_s.c
[0.369s] -- Up-to-date symlink: /home/mk/dev_ws/install/xarm_msgs/local/lib/python3.10/dist-packages/xarm_msgs/srv/_set_float32.py
[0.369s] -- Up-to-date symlink: /home/mk/dev_ws/install/xarm_msgs/local/lib/python3.10/dist-packages/xarm_msgs/srv/_set_float32_list.py
[0.369s] -- Up-to-date symlink: /home/mk/dev_ws/install/xarm_msgs/local/lib/python3.10/dist-packages/xarm_msgs/srv/_set_float32_list_s.c
[0.369s] -- Up-to-date symlink: /home/mk/dev_ws/install/xarm_msgs/local/lib/python3.10/dist-packages/xarm_msgs/srv/_set_float32_s.c
[0.369s] -- Up-to-date symlink: /home/mk/dev_ws/install/xarm_msgs/local/lib/python3.10/dist-packages/xarm_msgs/srv/_set_int16.py
[0.369s] -- Up-to-date symlink: /home/mk/dev_ws/install/xarm_msgs/local/lib/python3.10/dist-packages/xarm_msgs/srv/_set_int16_by_id.py
[0.369s] -- Up-to-date symlink: /home/mk/dev_ws/install/xarm_msgs/local/lib/python3.10/dist-packages/xarm_msgs/srv/_set_int16_by_id_s.c
[0.369s] -- Up-to-date symlink: /home/mk/dev_ws/install/xarm_msgs/local/lib/python3.10/dist-packages/xarm_msgs/srv/_set_int16_list.py
[0.369s] -- Up-to-date symlink: /home/mk/dev_ws/install/xarm_msgs/local/lib/python3.10/dist-packages/xarm_msgs/srv/_set_int16_list_s.c
[0.370s] -- Up-to-date symlink: /home/mk/dev_ws/install/xarm_msgs/local/lib/python3.10/dist-packages/xarm_msgs/srv/_set_int16_s.c
[0.372s] -- Up-to-date symlink: /home/mk/dev_ws/install/xarm_msgs/local/lib/python3.10/dist-packages/xarm_msgs/srv/_set_int32.py
[0.372s] -- Up-to-date symlink: /home/mk/dev_ws/install/xarm_msgs/local/lib/python3.10/dist-packages/xarm_msgs/srv/_set_int32_by_type.py
[0.372s] -- Up-to-date symlink: /home/mk/dev_ws/install/xarm_msgs/local/lib/python3.10/dist-packages/xarm_msgs/srv/_set_int32_by_type_s.c
[0.372s] -- Up-to-date symlink: /home/mk/dev_ws/install/xarm_msgs/local/lib/python3.10/dist-packages/xarm_msgs/srv/_set_int32_s.c
[0.372s] -- Up-to-date symlink: /home/mk/dev_ws/install/xarm_msgs/local/lib/python3.10/dist-packages/xarm_msgs/srv/_set_modbus_timeout.py
[0.372s] -- Up-to-date symlink: /home/mk/dev_ws/install/xarm_msgs/local/lib/python3.10/dist-packages/xarm_msgs/srv/_set_modbus_timeout_s.c
[0.372s] -- Up-to-date symlink: /home/mk/dev_ws/install/xarm_msgs/local/lib/python3.10/dist-packages/xarm_msgs/srv/_set_tcp_load.py
[0.372s] -- Up-to-date symlink: /home/mk/dev_ws/install/xarm_msgs/local/lib/python3.10/dist-packages/xarm_msgs/srv/_set_tcp_load_s.c
[0.372s] -- Up-to-date symlink: /home/mk/dev_ws/install/xarm_msgs/local/lib/python3.10/dist-packages/xarm_msgs/srv/_traj_ctrl.py
[0.372s] -- Up-to-date symlink: /home/mk/dev_ws/install/xarm_msgs/local/lib/python3.10/dist-packages/xarm_msgs/srv/_traj_ctrl_s.c
[0.372s] -- Up-to-date symlink: /home/mk/dev_ws/install/xarm_msgs/local/lib/python3.10/dist-packages/xarm_msgs/srv/_traj_play.py
[0.372s] -- Up-to-date symlink: /home/mk/dev_ws/install/xarm_msgs/local/lib/python3.10/dist-packages/xarm_msgs/srv/_traj_play_s.c
[0.372s] -- Up-to-date symlink: /home/mk/dev_ws/install/xarm_msgs/local/lib/python3.10/dist-packages/xarm_msgs/srv/_vacuum_gripper_ctrl.py
[0.372s] -- Up-to-date symlink: /home/mk/dev_ws/install/xarm_msgs/local/lib/python3.10/dist-packages/xarm_msgs/srv/_vacuum_gripper_ctrl_s.c
[0.373s] -- Up-to-date symlink: /home/mk/dev_ws/install/xarm_msgs/local/lib/python3.10/dist-packages/xarm_msgs/xarm_msgs_s__rosidl_typesupport_c.cpython-310-x86_64-linux-gnu.so
[0.373s] -- Up-to-date symlink: /home/mk/dev_ws/install/xarm_msgs/local/lib/python3.10/dist-packages/xarm_msgs/xarm_msgs_s__rosidl_typesupport_fastrtps_c.cpython-310-x86_64-linux-gnu.so
[0.373s] -- Up-to-date symlink: /home/mk/dev_ws/install/xarm_msgs/local/lib/python3.10/dist-packages/xarm_msgs/xarm_msgs_s__rosidl_typesupport_introspection_c.cpython-310-x86_64-linux-gnu.so
[0.373s] -- Up-to-date symlink: /home/mk/dev_ws/install/xarm_msgs/local/lib/python3.10/dist-packages/xarm_msgs/xarm_msgs_s__rosidl_typesupport_fastrtps_c.cpython-310-x86_64-linux-gnu.so
[0.373s] -- Up-to-date symlink: /home/mk/dev_ws/install/xarm_msgs/local/lib/python3.10/dist-packages/xarm_msgs/xarm_msgs_s__rosidl_typesupport_introspection_c.cpython-310-x86_64-linux-gnu.so
[0.373s] -- Up-to-date symlink: /home/mk/dev_ws/install/xarm_msgs/local/lib/python3.10/dist-packages/xarm_msgs/xarm_msgs_s__rosidl_typesupport_c.cpython-310-x86_64-linux-gnu.so
[0.373s] -- Up-to-date symlink: /home/mk/dev_ws/install/xarm_msgs/share/ament_index/resource_index/rust_packages/xarm_msgs
[0.373s] -- Up-to-date symlink: /home/mk/dev_ws/install/xarm_msgs/share/xarm_msgs/rust/Cargo.toml
[0.373s] -- Up-to-date symlink: /home/mk/dev_ws/install/xarm_msgs/share/xarm_msgs/rust/build.rs
[0.373s] -- Up-to-date symlink: /home/mk/dev_ws/install/xarm_msgs/share/xarm_msgs/rust/src/lib.rs
[0.373s] -- Up-to-date symlink: /home/mk/dev_ws/install/xarm_msgs/share/xarm_msgs/rust/src/msg.rs
[0.373s] -- Up-to-date symlink: /home/mk/dev_ws/install/xarm_msgs/share/xarm_msgs/rust/src/msg/rmw.rs
[0.373s] -- Up-to-date symlink: /home/mk/dev_ws/install/xarm_msgs/share/xarm_msgs/rust/src/srv.rs
[0.373s] -- Up-to-date symlink: /home/mk/dev_ws/install/xarm_msgs/share/xarm_msgs/rust/src/srv/rmw.rs
[0.373s] -- Up-to-date symlink: /home/mk/dev_ws/install/xarm_msgs/share/xarm_msgs/msg/RobotMsg.idl
[0.373s] -- Up-to-date symlink: /home/mk/dev_ws/install/xarm_msgs/share/xarm_msgs/msg/IOState.idl
[0.373s] -- Up-to-date symlink: /home/mk/dev_ws/install/xarm_msgs/share/xarm_msgs/msg/CIOState.idl
[0.373s] -- Up-to-date symlink: /home/mk/dev_ws/install/xarm_msgs/share/xarm_msgs/srv/BioGripperCtrl.idl
[0.373s] -- Up-to-date symlink: /home/mk/dev_ws/install/xarm_msgs/share/xarm_msgs/srv/BioGripperEnable.idl
[0.373s] -- Up-to-date symlink: /home/mk/dev_ws/install/xarm_msgs/share/xarm_msgs/srv/Call.idl
[0.373s] -- Up-to-date symlink: /home/mk/dev_ws/install/xarm_msgs/share/xarm_msgs/srv/GetAnalogIO.idl
[0.374s] -- Up-to-date symlink: /home/mk/dev_ws/install/xarm_msgs/share/xarm_msgs/srv/GetDigitalIO.idl
[0.374s] -- Up-to-date symlink: /home/mk/dev_ws/install/xarm_msgs/share/xarm_msgs/srv/GetFloat32.idl
[0.374s] -- Up-to-date symlink: /home/mk/dev_ws/install/xarm_msgs/share/xarm_msgs/srv/GetFloat32List.idl
[0.374s] -- Up-to-date symlink: /home/mk/dev_ws/install/xarm_msgs/share/xarm_msgs/srv/GetInt16.idl
[0.374s] -- Up-to-date symlink: /home/mk/dev_ws/install/xarm_msgs/share/xarm_msgs/srv/GetInt16List.idl
[0.374s] -- Up-to-date symlink: /home/mk/dev_ws/install/xarm_msgs/share/xarm_msgs/srv/GetInt32.idl
[0.374s] -- Up-to-date symlink: /home/mk/dev_ws/install/xarm_msgs/share/xarm_msgs/srv/GetInt32ByType.idl
[0.374s] -- Up-to-date symlink: /home/mk/dev_ws/install/xarm_msgs/share/xarm_msgs/srv/GetSetModbusData.idl
[0.374s] -- Up-to-date symlink: /home/mk/dev_ws/install/xarm_msgs/share/xarm_msgs/srv/GripperMove.idl
[0.374s] -- Up-to-date symlink: /home/mk/dev_ws/install/xarm_msgs/share/xarm_msgs/srv/MoveCartesian.idl
[0.374s] -- Up-to-date symlink: /home/mk/dev_ws/install/xarm_msgs/share/xarm_msgs/srv/MoveCircle.idl
[0.374s] -- Up-to-date symlink: /home/mk/dev_ws/install/xarm_msgs/share/xarm_msgs/srv/MoveHome.idl
[0.374s] -- Up-to-date symlink: /home/mk/dev_ws/install/xarm_msgs/share/xarm_msgs/srv/MoveJoint.idl
[0.374s] -- Up-to-date symlink: /home/mk/dev_ws/install/xarm_msgs/share/xarm_msgs/srv/MoveVelocity.idl
[0.374s] -- Up-to-date symlink: /home/mk/dev_ws/install/xarm_msgs/share/xarm_msgs/srv/RobotiqActivate.idl
[0.374s] -- Up-to-date symlink: /home/mk/dev_ws/install/xarm_msgs/share/xarm_msgs/srv/RobotiqGetStatus.idl
[0.374s] -- Up-to-date symlink: /home/mk/dev_ws/install/xarm_msgs/share/xarm_msgs/srv/RobotiqMove.idl
[0.374s] -- Up-to-date symlink: /home/mk/dev_ws/install/xarm_msgs/share/xarm_msgs/srv/RobotiqReset.idl
[0.374s] -- Up-to-date symlink: /home/mk/dev_ws/install/xarm_msgs/share/xarm_msgs/srv/SetAnalogIO.idl
[0.374s] -- Up-to-date symlink: /home/mk/dev_ws/install/xarm_msgs/share/xarm_msgs/srv/SetDigitalIO.idl
[0.374s] -- Up-to-date symlink: /home/mk/dev_ws/install/xarm_msgs/share/xarm_msgs/srv/SetFloat32.idl
[0.375s] -- Up-to-date symlink: /home/mk/dev_ws/install/xarm_msgs/share/xarm_msgs/srv/SetFloat32List.idl
[0.375s] -- Up-to-date symlink: /home/mk/dev_ws/install/xarm_msgs/share/xarm_msgs/srv/SetInt16.idl
[0.375s] -- Up-to-date symlink: /home/mk/dev_ws/install/xarm_msgs/share/xarm_msgs/srv/SetInt16ById.idl
[0.375s] -- Up-to-date symlink: /home/mk/dev_ws/install/xarm_msgs/share/xarm_msgs/srv/SetInt16List.idl
[0.375s] -- Up-to-date symlink: /home/mk/dev_ws/install/xarm_msgs/share/xarm_msgs/srv/SetInt32.idl
[0.375s] -- Up-to-date symlink: /home/mk/dev_ws/install/xarm_msgs/share/xarm_msgs/srv/SetInt32ByType.idl
[0.375s] -- Up-to-date symlink: /home/mk/dev_ws/install/xarm_msgs/share/xarm_msgs/srv/TrajCtrl.idl
[0.375s] -- Up-to-date symlink: /home/mk/dev_ws/install/xarm_msgs/share/xarm_msgs/srv/TrajPlay.idl
[0.375s] -- Up-to-date symlink: /home/mk/dev_ws/install/xarm_msgs/share/xarm_msgs/srv/VacuumGripperCtrl.idl
[0.375s] -- Up-to-date symlink: /home/mk/dev_ws/install/xarm_msgs/share/xarm_msgs/srv/SetTcpLoad.idl
[0.375s] -- Up-to-date symlink: /home/mk/dev_ws/install/xarm_msgs/share/xarm_msgs/srv/SetModbusTimeout.idl
[0.375s] -- Up-to-date symlink: /home/mk/dev_ws/install/xarm_msgs/share/xarm_msgs/srv/IdenLoad.idl
[0.375s] -- Up-to-date symlink: /home/mk/dev_ws/install/xarm_msgs/share/xarm_msgs/srv/FtCaliLoad.idl
[0.375s] -- Up-to-date symlink: /home/mk/dev_ws/install/xarm_msgs/share/xarm_msgs/srv/FtForceConfig.idl
[0.375s] -- Up-to-date symlink: /home/mk/dev_ws/install/xarm_msgs/share/xarm_msgs/srv/FtForcePid.idl
[0.375s] -- Up-to-date symlink: /home/mk/dev_ws/install/xarm_msgs/share/xarm_msgs/srv/FtImpedance.idl
[0.375s] -- Up-to-date symlink: /home/mk/dev_ws/install/xarm_msgs/share/xarm_msgs/srv/LinearTrackBackOrigin.idl
[0.375s] -- Up-to-date symlink: /home/mk/dev_ws/install/xarm_msgs/share/xarm_msgs/srv/LinearTrackSetPos.idl
[0.375s] -- Up-to-date symlink: /home/mk/dev_ws/install/xarm_msgs/share/xarm_msgs/srv/PlanExec.idl
[0.375s] -- Up-to-date symlink: /home/mk/dev_ws/install/xarm_msgs/share/xarm_msgs/srv/PlanJoint.idl
[0.376s] -- Up-to-date symlink: /home/mk/dev_ws/install/xarm_msgs/share/xarm_msgs/srv/PlanPose.idl
[0.376s] -- Up-to-date symlink: /home/mk/dev_ws/install/xarm_msgs/share/xarm_msgs/srv/PlanSingleStraight.idl
[0.376s] -- Up-to-date symlink: /home/mk/dev_ws/install/xarm_msgs/share/xarm_msgs/msg/RobotMsg.msg
[0.376s] -- Up-to-date symlink: /home/mk/dev_ws/install/xarm_msgs/share/xarm_msgs/msg/IOState.msg
[0.376s] -- Up-to-date symlink: /home/mk/dev_ws/install/xarm_msgs/share/xarm_msgs/msg/CIOState.msg
[0.376s] -- Up-to-date symlink: /home/mk/dev_ws/install/xarm_msgs/share/xarm_msgs/srv/BioGripperCtrl.srv
[0.376s] -- Up-to-date symlink: /home/mk/dev_ws/install/xarm_msgs/share/xarm_msgs/srv/BioGripperCtrl_Request.msg
[0.376s] -- Up-to-date symlink: /home/mk/dev_ws/install/xarm_msgs/share/xarm_msgs/srv/BioGripperCtrl_Response.msg
[0.376s] -- Up-to-date symlink: /home/mk/dev_ws/install/xarm_msgs/share/xarm_msgs/srv/BioGripperEnable.srv
[0.376s] -- Up-to-date symlink: /home/mk/dev_ws/install/xarm_msgs/share/xarm_msgs/srv/BioGripperEnable_Request.msg
[0.376s] -- Up-to-date symlink: /home/mk/dev_ws/install/xarm_msgs/share/xarm_msgs/srv/BioGripperEnable_Response.msg
[0.376s] -- Up-to-date symlink: /home/mk/dev_ws/install/xarm_msgs/share/xarm_msgs/srv/Call.srv
[0.376s] -- Up-to-date symlink: /home/mk/dev_ws/install/xarm_msgs/share/xarm_msgs/srv/Call_Request.msg
[0.376s] -- Up-to-date symlink: /home/mk/dev_ws/install/xarm_msgs/share/xarm_msgs/srv/Call_Response.msg
[0.376s] -- Up-to-date symlink: /home/mk/dev_ws/install/xarm_msgs/share/xarm_msgs/srv/GetAnalogIO.srv
[0.376s] -- Up-to-date symlink: /home/mk/dev_ws/install/xarm_msgs/share/xarm_msgs/srv/GetAnalogIO_Request.msg
[0.376s] -- Up-to-date symlink: /home/mk/dev_ws/install/xarm_msgs/share/xarm_msgs/srv/GetAnalogIO_Response.msg
[0.376s] -- Up-to-date symlink: /home/mk/dev_ws/install/xarm_msgs/share/xarm_msgs/srv/GetDigitalIO.srv
[0.377s] -- Up-to-date symlink: /home/mk/dev_ws/install/xarm_msgs/share/xarm_msgs/srv/GetDigitalIO_Request.msg
[0.377s] -- Up-to-date symlink: /home/mk/dev_ws/install/xarm_msgs/share/xarm_msgs/srv/GetDigitalIO_Response.msg
[0.377s] -- Up-to-date symlink: /home/mk/dev_ws/install/xarm_msgs/share/xarm_msgs/srv/GetFloat32.srv
[0.377s] -- Up-to-date symlink: /home/mk/dev_ws/install/xarm_msgs/share/xarm_msgs/srv/GetFloat32_Request.msg
[0.377s] -- Up-to-date symlink: /home/mk/dev_ws/install/xarm_msgs/share/xarm_msgs/srv/GetFloat32_Response.msg
[0.377s] -- Up-to-date symlink: /home/mk/dev_ws/install/xarm_msgs/share/xarm_msgs/srv/GetFloat32List.srv
[0.377s] -- Up-to-date symlink: /home/mk/dev_ws/install/xarm_msgs/share/xarm_msgs/srv/GetFloat32List_Request.msg
[0.377s] -- Up-to-date symlink: /home/mk/dev_ws/install/xarm_msgs/share/xarm_msgs/srv/GetFloat32List_Response.msg
[0.377s] -- Up-to-date symlink: /home/mk/dev_ws/install/xarm_msgs/share/xarm_msgs/srv/GetInt16.srv
[0.377s] -- Up-to-date symlink: /home/mk/dev_ws/install/xarm_msgs/share/xarm_msgs/srv/GetInt16_Request.msg
[0.377s] -- Up-to-date symlink: /home/mk/dev_ws/install/xarm_msgs/share/xarm_msgs/srv/GetInt16_Response.msg
[0.377s] -- Up-to-date symlink: /home/mk/dev_ws/install/xarm_msgs/share/xarm_msgs/srv/GetInt16List.srv
[0.377s] -- Up-to-date symlink: /home/mk/dev_ws/install/xarm_msgs/share/xarm_msgs/srv/GetInt16List_Request.msg
[0.377s] -- Up-to-date symlink: /home/mk/dev_ws/install/xarm_msgs/share/xarm_msgs/srv/GetInt16List_Response.msg
[0.377s] -- Up-to-date symlink: /home/mk/dev_ws/install/xarm_msgs/share/xarm_msgs/srv/GetInt32.srv
[0.378s] -- Up-to-date symlink: /home/mk/dev_ws/install/xarm_msgs/share/xarm_msgs/srv/GetInt32_Request.msg
[0.378s] -- Up-to-date symlink: /home/mk/dev_ws/install/xarm_msgs/share/xarm_msgs/srv/GetInt32_Response.msg
[0.378s] -- Up-to-date symlink: /home/mk/dev_ws/install/xarm_msgs/share/xarm_msgs/srv/GetInt32ByType.srv
[0.378s] -- Up-to-date symlink: /home/mk/dev_ws/install/xarm_msgs/share/xarm_msgs/srv/GetInt32ByType_Request.msg
[0.378s] -- Up-to-date symlink: /home/mk/dev_ws/install/xarm_msgs/share/xarm_msgs/srv/GetInt32ByType_Response.msg
[0.378s] -- Up-to-date symlink: /home/mk/dev_ws/install/xarm_msgs/share/xarm_msgs/srv/GetSetModbusData.srv
[0.378s] -- Up-to-date symlink: /home/mk/dev_ws/install/xarm_msgs/share/xarm_msgs/srv/GetSetModbusData_Request.msg
[0.378s] -- Up-to-date symlink: /home/mk/dev_ws/install/xarm_msgs/share/xarm_msgs/srv/GetSetModbusData_Response.msg
[0.378s] -- Up-to-date symlink: /home/mk/dev_ws/install/xarm_msgs/share/xarm_msgs/srv/GripperMove.srv
[0.378s] -- Up-to-date symlink: /home/mk/dev_ws/install/xarm_msgs/share/xarm_msgs/srv/GripperMove_Request.msg
[0.378s] -- Up-to-date symlink: /home/mk/dev_ws/install/xarm_msgs/share/xarm_msgs/srv/GripperMove_Response.msg
[0.378s] -- Up-to-date symlink: /home/mk/dev_ws/install/xarm_msgs/share/xarm_msgs/srv/MoveCartesian.srv
[0.378s] -- Up-to-date symlink: /home/mk/dev_ws/install/xarm_msgs/share/xarm_msgs/srv/MoveCartesian_Request.msg
[0.378s] -- Up-to-date symlink: /home/mk/dev_ws/install/xarm_msgs/share/xarm_msgs/srv/MoveCartesian_Response.msg
[0.378s] -- Up-to-date symlink: /home/mk/dev_ws/install/xarm_msgs/share/xarm_msgs/srv/MoveCircle.srv
[0.378s] -- Up-to-date symlink: /home/mk/dev_ws/install/xarm_msgs/share/xarm_msgs/srv/MoveCircle_Request.msg
[0.379s] -- Up-to-date symlink: /home/mk/dev_ws/install/xarm_msgs/share/xarm_msgs/srv/MoveCircle_Response.msg
[0.379s] -- Up-to-date symlink: /home/mk/dev_ws/install/xarm_msgs/share/xarm_msgs/srv/MoveHome.srv
[0.379s] -- Up-to-date symlink: /home/mk/dev_ws/install/xarm_msgs/share/xarm_msgs/srv/MoveHome_Request.msg
[0.379s] -- Up-to-date symlink: /home/mk/dev_ws/install/xarm_msgs/share/xarm_msgs/srv/MoveHome_Response.msg
[0.379s] -- Up-to-date symlink: /home/mk/dev_ws/install/xarm_msgs/share/xarm_msgs/srv/MoveJoint.srv
[0.379s] -- Up-to-date symlink: /home/mk/dev_ws/install/xarm_msgs/share/xarm_msgs/srv/MoveJoint_Request.msg
[0.379s] -- Up-to-date symlink: /home/mk/dev_ws/install/xarm_msgs/share/xarm_msgs/srv/MoveJoint_Response.msg
[0.379s] -- Up-to-date symlink: /home/mk/dev_ws/install/xarm_msgs/share/xarm_msgs/srv/MoveVelocity.srv
[0.379s] -- Up-to-date symlink: /home/mk/dev_ws/install/xarm_msgs/share/xarm_msgs/srv/MoveVelocity_Request.msg
[0.379s] -- Up-to-date symlink: /home/mk/dev_ws/install/xarm_msgs/share/xarm_msgs/srv/MoveVelocity_Response.msg
[0.379s] -- Up-to-date symlink: /home/mk/dev_ws/install/xarm_msgs/share/xarm_msgs/srv/RobotiqActivate.srv
[0.379s] -- Up-to-date symlink: /home/mk/dev_ws/install/xarm_msgs/share/xarm_msgs/srv/RobotiqActivate_Request.msg
[0.379s] -- Up-to-date symlink: /home/mk/dev_ws/install/xarm_msgs/share/xarm_msgs/srv/RobotiqActivate_Response.msg
[0.379s] -- Up-to-date symlink: /home/mk/dev_ws/install/xarm_msgs/share/xarm_msgs/srv/RobotiqGetStatus.srv
[0.379s] -- Up-to-date symlink: /home/mk/dev_ws/install/xarm_msgs/share/xarm_msgs/srv/RobotiqGetStatus_Request.msg
[0.379s] -- Up-to-date symlink: /home/mk/dev_ws/install/xarm_msgs/share/xarm_msgs/srv/RobotiqGetStatus_Response.msg
[0.379s] -- Up-to-date symlink: /home/mk/dev_ws/install/xarm_msgs/share/xarm_msgs/srv/RobotiqMove.srv
[0.379s] -- Up-to-date symlink: /home/mk/dev_ws/install/xarm_msgs/share/xarm_msgs/srv/RobotiqMove_Request.msg
[0.380s] -- Up-to-date symlink: /home/mk/dev_ws/install/xarm_msgs/share/xarm_msgs/srv/RobotiqMove_Response.msg
[0.380s] -- Up-to-date symlink: /home/mk/dev_ws/install/xarm_msgs/share/xarm_msgs/srv/RobotiqReset.srv
[0.380s] -- Up-to-date symlink: /home/mk/dev_ws/install/xarm_msgs/share/xarm_msgs/srv/RobotiqReset_Request.msg
[0.380s] -- Up-to-date symlink: /home/mk/dev_ws/install/xarm_msgs/share/xarm_msgs/srv/RobotiqReset_Response.msg
[0.380s] -- Up-to-date symlink: /home/mk/dev_ws/install/xarm_msgs/share/xarm_msgs/srv/SetAnalogIO.srv
[0.380s] -- Up-to-date symlink: /home/mk/dev_ws/install/xarm_msgs/share/xarm_msgs/srv/SetAnalogIO_Request.msg
[0.380s] -- Up-to-date symlink: /home/mk/dev_ws/install/xarm_msgs/share/xarm_msgs/srv/SetAnalogIO_Response.msg
[0.380s] -- Up-to-date symlink: /home/mk/dev_ws/install/xarm_msgs/share/xarm_msgs/srv/SetDigitalIO.srv
[0.380s] -- Up-to-date symlink: /home/mk/dev_ws/install/xarm_msgs/share/xarm_msgs/srv/SetDigitalIO_Request.msg
[0.380s] -- Up-to-date symlink: /home/mk/dev_ws/install/xarm_msgs/share/xarm_msgs/srv/SetDigitalIO_Response.msg
[0.380s] -- Up-to-date symlink: /home/mk/dev_ws/install/xarm_msgs/share/xarm_msgs/srv/SetFloat32.srv
[0.380s] -- Up-to-date symlink: /home/mk/dev_ws/install/xarm_msgs/share/xarm_msgs/srv/SetFloat32_Request.msg
[0.380s] -- Up-to-date symlink: /home/mk/dev_ws/install/xarm_msgs/share/xarm_msgs/srv/SetFloat32_Response.msg
[0.380s] -- Up-to-date symlink: /home/mk/dev_ws/install/xarm_msgs/share/xarm_msgs/srv/SetFloat32List.srv
[0.380s] -- Up-to-date symlink: /home/mk/dev_ws/install/xarm_msgs/share/xarm_msgs/srv/SetFloat32List_Request.msg
[0.380s] -- Up-to-date symlink: /home/mk/dev_ws/install/xarm_msgs/share/xarm_msgs/srv/SetFloat32List_Response.msg
[0.381s] -- Up-to-date symlink: /home/mk/dev_ws/install/xarm_msgs/share/xarm_msgs/srv/SetInt16.srv
[0.381s] -- Up-to-date symlink: /home/mk/dev_ws/install/xarm_msgs/share/xarm_msgs/srv/SetInt16_Request.msg
[0.381s] -- Up-to-date symlink: /home/mk/dev_ws/install/xarm_msgs/share/xarm_msgs/srv/SetInt16_Response.msg
[0.381s] -- Up-to-date symlink: /home/mk/dev_ws/install/xarm_msgs/share/xarm_msgs/srv/SetInt16ById.srv
[0.381s] -- Up-to-date symlink: /home/mk/dev_ws/install/xarm_msgs/share/xarm_msgs/srv/SetInt16ById_Request.msg
[0.381s] -- Up-to-date symlink: /home/mk/dev_ws/install/xarm_msgs/share/xarm_msgs/srv/SetInt16ById_Response.msg
[0.381s] -- Up-to-date symlink: /home/mk/dev_ws/install/xarm_msgs/share/xarm_msgs/srv/SetInt16List.srv
[0.381s] -- Up-to-date symlink: /home/mk/dev_ws/install/xarm_msgs/share/xarm_msgs/srv/SetInt16List_Request.msg
[0.381s] -- Up-to-date symlink: /home/mk/dev_ws/install/xarm_msgs/share/xarm_msgs/srv/SetInt16List_Response.msg
[0.381s] -- Up-to-date symlink: /home/mk/dev_ws/install/xarm_msgs/share/xarm_msgs/srv/SetInt32.srv
[0.381s] -- Up-to-date symlink: /home/mk/dev_ws/install/xarm_msgs/share/xarm_msgs/srv/SetInt32_Request.msg
[0.381s] -- Up-to-date symlink: /home/mk/dev_ws/install/xarm_msgs/share/xarm_msgs/srv/SetInt32_Response.msg
[0.381s] -- Up-to-date symlink: /home/mk/dev_ws/install/xarm_msgs/share/xarm_msgs/srv/SetInt32ByType.srv
[0.381s] -- Up-to-date symlink: /home/mk/dev_ws/install/xarm_msgs/share/xarm_msgs/srv/SetInt32ByType_Request.msg
[0.382s] -- Up-to-date symlink: /home/mk/dev_ws/install/xarm_msgs/share/xarm_msgs/srv/SetInt32ByType_Response.msg
[0.382s] -- Up-to-date symlink: /home/mk/dev_ws/install/xarm_msgs/share/xarm_msgs/srv/TrajCtrl.srv
[0.382s] -- Up-to-date symlink: /home/mk/dev_ws/install/xarm_msgs/share/xarm_msgs/srv/TrajCtrl_Request.msg
[0.382s] -- Up-to-date symlink: /home/mk/dev_ws/install/xarm_msgs/share/xarm_msgs/srv/TrajCtrl_Response.msg
[0.382s] -- Up-to-date symlink: /home/mk/dev_ws/install/xarm_msgs/share/xarm_msgs/srv/TrajPlay.srv
[0.382s] -- Up-to-date symlink: /home/mk/dev_ws/install/xarm_msgs/share/xarm_msgs/srv/TrajPlay_Request.msg
[0.382s] -- Up-to-date symlink: /home/mk/dev_ws/install/xarm_msgs/share/xarm_msgs/srv/TrajPlay_Response.msg
[0.382s] -- Up-to-date symlink: /home/mk/dev_ws/install/xarm_msgs/share/xarm_msgs/srv/VacuumGripperCtrl.srv
[0.383s] -- Up-to-date symlink: /home/mk/dev_ws/install/xarm_msgs/share/xarm_msgs/srv/VacuumGripperCtrl_Request.msg
[0.383s] -- Up-to-date symlink: /home/mk/dev_ws/install/xarm_msgs/share/xarm_msgs/srv/VacuumGripperCtrl_Response.msg
[0.383s] -- Up-to-date symlink: /home/mk/dev_ws/install/xarm_msgs/share/xarm_msgs/srv/SetTcpLoad.srv
[0.383s] -- Up-to-date symlink: /home/mk/dev_ws/install/xarm_msgs/share/xarm_msgs/srv/SetTcpLoad_Request.msg
[0.383s] -- Up-to-date symlink: /home/mk/dev_ws/install/xarm_msgs/share/xarm_msgs/srv/SetTcpLoad_Response.msg
[0.383s] -- Up-to-date symlink: /home/mk/dev_ws/install/xarm_msgs/share/xarm_msgs/srv/SetModbusTimeout.srv
[0.383s] -- Up-to-date symlink: /home/mk/dev_ws/install/xarm_msgs/share/xarm_msgs/srv/SetModbusTimeout_Request.msg
[0.383s] -- Up-to-date symlink: /home/mk/dev_ws/install/xarm_msgs/share/xarm_msgs/srv/SetModbusTimeout_Response.msg
[0.383s] -- Up-to-date symlink: /home/mk/dev_ws/install/xarm_msgs/share/xarm_msgs/srv/IdenLoad.srv
[0.383s] -- Up-to-date symlink: /home/mk/dev_ws/install/xarm_msgs/share/xarm_msgs/srv/IdenLoad_Request.msg
[0.383s] -- Up-to-date symlink: /home/mk/dev_ws/install/xarm_msgs/share/xarm_msgs/srv/IdenLoad_Response.msg
[0.383s] -- Up-to-date symlink: /home/mk/dev_ws/install/xarm_msgs/share/xarm_msgs/srv/FtCaliLoad.srv
[0.383s] -- Up-to-date symlink: /home/mk/dev_ws/install/xarm_msgs/share/xarm_msgs/srv/FtCaliLoad_Request.msg
[0.383s] -- Up-to-date symlink: /home/mk/dev_ws/install/xarm_msgs/share/xarm_msgs/srv/FtCaliLoad_Response.msg
[0.383s] -- Up-to-date symlink: /home/mk/dev_ws/install/xarm_msgs/share/xarm_msgs/srv/FtForceConfig.srv
[0.383s] -- Up-to-date symlink: /home/mk/dev_ws/install/xarm_msgs/share/xarm_msgs/srv/FtForceConfig_Request.msg
[0.383s] -- Up-to-date symlink: /home/mk/dev_ws/install/xarm_msgs/share/xarm_msgs/srv/FtForceConfig_Response.msg
[0.383s] -- Up-to-date symlink: /home/mk/dev_ws/install/xarm_msgs/share/xarm_msgs/srv/FtForcePid.srv
[0.383s] -- Up-to-date symlink: /home/mk/dev_ws/install/xarm_msgs/share/xarm_msgs/srv/FtForcePid_Request.msg
[0.384s] -- Up-to-date symlink: /home/mk/dev_ws/install/xarm_msgs/share/xarm_msgs/srv/FtForcePid_Response.msg
[0.384s] -- Up-to-date symlink: /home/mk/dev_ws/install/xarm_msgs/share/xarm_msgs/srv/FtImpedance.srv
[0.384s] -- Up-to-date symlink: /home/mk/dev_ws/install/xarm_msgs/share/xarm_msgs/srv/FtImpedance_Request.msg
[0.384s] -- Up-to-date symlink: /home/mk/dev_ws/install/xarm_msgs/share/xarm_msgs/srv/FtImpedance_Response.msg
[0.384s] -- Up-to-date symlink: /home/mk/dev_ws/install/xarm_msgs/share/xarm_msgs/srv/LinearTrackBackOrigin.srv
[0.384s] -- Up-to-date symlink: /home/mk/dev_ws/install/xarm_msgs/share/xarm_msgs/srv/LinearTrackBackOrigin_Request.msg
[0.384s] -- Up-to-date symlink: /home/mk/dev_ws/install/xarm_msgs/share/xarm_msgs/srv/LinearTrackBackOrigin_Response.msg
[0.384s] -- Up-to-date symlink: /home/mk/dev_ws/install/xarm_msgs/share/xarm_msgs/srv/LinearTrackSetPos.srv
[0.384s] -- Up-to-date symlink: /home/mk/dev_ws/install/xarm_msgs/share/xarm_msgs/srv/LinearTrackSetPos_Request.msg
[0.384s] -- Up-to-date symlink: /home/mk/dev_ws/install/xarm_msgs/share/xarm_msgs/srv/LinearTrackSetPos_Response.msg
[0.384s] -- Up-to-date symlink: /home/mk/dev_ws/install/xarm_msgs/share/xarm_msgs/srv/PlanExec.srv
[0.384s] -- Up-to-date symlink: /home/mk/dev_ws/install/xarm_msgs/share/xarm_msgs/srv/PlanExec_Request.msg
[0.384s] -- Up-to-date symlink: /home/mk/dev_ws/install/xarm_msgs/share/xarm_msgs/srv/PlanExec_Response.msg
[0.384s] -- Up-to-date symlink: /home/mk/dev_ws/install/xarm_msgs/share/xarm_msgs/srv/PlanJoint.srv
[0.384s] -- Up-to-date symlink: /home/mk/dev_ws/install/xarm_msgs/share/xarm_msgs/srv/PlanJoint_Request.msg
[0.384s] -- Up-to-date symlink: /home/mk/dev_ws/install/xarm_msgs/share/xarm_msgs/srv/PlanJoint_Response.msg
[0.384s] -- Up-to-date symlink: /home/mk/dev_ws/install/xarm_msgs/share/xarm_msgs/srv/PlanPose.srv
[0.384s] -- Up-to-date symlink: /home/mk/dev_ws/install/xarm_msgs/share/xarm_msgs/srv/PlanPose_Request.msg
[0.384s] -- Up-to-date symlink: /home/mk/dev_ws/install/xarm_msgs/share/xarm_msgs/srv/PlanPose_Response.msg
[0.385s] -- Up-to-date symlink: /home/mk/dev_ws/install/xarm_msgs/share/xarm_msgs/srv/PlanSingleStraight.srv
[0.385s] -- Up-to-date symlink: /home/mk/dev_ws/install/xarm_msgs/share/xarm_msgs/srv/PlanSingleStraight_Request.msg
[0.385s] -- Up-to-date symlink: /home/mk/dev_ws/install/xarm_msgs/share/xarm_msgs/srv/PlanSingleStraight_Response.msg
[0.385s] -- Up-to-date symlink: /home/mk/dev_ws/install/xarm_msgs/share/ament_index/resource_index/package_run_dependencies/xarm_msgs
[0.385s] -- Up-to-date symlink: /home/mk/dev_ws/install/xarm_msgs/share/ament_index/resource_index/parent_prefix_path/xarm_msgs
[0.385s] -- Up-to-date symlink: /home/mk/dev_ws/install/xarm_msgs/share/xarm_msgs/environment/ament_prefix_path.sh
[0.385s] -- Up-to-date symlink: /home/mk/dev_ws/install/xarm_msgs/share/xarm_msgs/environment/ament_prefix_path.dsv
[0.385s] -- Up-to-date symlink: /home/mk/dev_ws/install/xarm_msgs/share/xarm_msgs/environment/path.sh
[0.385s] -- Up-to-date symlink: /home/mk/dev_ws/install/xarm_msgs/share/xarm_msgs/environment/path.dsv
[0.385s] -- Up-to-date symlink: /home/mk/dev_ws/install/xarm_msgs/share/xarm_msgs/local_setup.bash
[0.385s] -- Up-to-date symlink: /home/mk/dev_ws/install/xarm_msgs/share/xarm_msgs/local_setup.sh
[0.385s] -- Up-to-date symlink: /home/mk/dev_ws/install/xarm_msgs/share/xarm_msgs/local_setup.zsh
[0.385s] -- Up-to-date symlink: /home/mk/dev_ws/install/xarm_msgs/share/xarm_msgs/local_setup.dsv
[0.385s] -- Symlinking: /home/mk/dev_ws/install/xarm_msgs/share/xarm_msgs/package.dsv
[0.392s] -- Up-to-date symlink: /home/mk/dev_ws/install/xarm_msgs/share/ament_index/resource_index/packages/xarm_msgs
[0.392s] -- Up-to-date symlink: /home/mk/dev_ws/install/xarm_msgs/share/xarm_msgs/cmake/rosidl_cmake-extras.cmake
[0.392s] -- Up-to-date symlink: /home/mk/dev_ws/install/xarm_msgs/share/xarm_msgs/cmake/ament_cmake_export_dependencies-extras.cmake
[0.392s] -- Up-to-date symlink: /home/mk/dev_ws/install/xarm_msgs/share/xarm_msgs/cmake/ament_cmake_export_include_directories-extras.cmake
[0.392s] -- Up-to-date symlink: /home/mk/dev_ws/install/xarm_msgs/share/xarm_msgs/cmake/ament_cmake_export_libraries-extras.cmake
[0.392s] -- Up-to-date symlink: /home/mk/dev_ws/install/xarm_msgs/share/xarm_msgs/cmake/ament_cmake_export_targets-extras.cmake
[0.392s] -- Up-to-date symlink: /home/mk/dev_ws/install/xarm_msgs/share/xarm_msgs/cmake/rosidl_cmake_export_typesupport_targets-extras.cmake
[0.392s] -- Up-to-date symlink: /home/mk/dev_ws/install/xarm_msgs/share/xarm_msgs/cmake/rosidl_cmake_export_typesupport_libraries-extras.cmake
[0.392s] -- Up-to-date symlink: /home/mk/dev_ws/install/xarm_msgs/share/xarm_msgs/cmake/xarm_msgsConfig.cmake
[0.392s] -- Up-to-date symlink: /home/mk/dev_ws/install/xarm_msgs/share/xarm_msgs/cmake/xarm_msgsConfig-version.cmake
[0.392s] -- Up-to-date symlink: /home/mk/dev_ws/install/xarm_msgs/share/xarm_msgs/package.xml
[0.393s] -- Up-to-date: /home/mk/dev_ws/install/xarm_msgs/lib/libxarm_msgs__rosidl_generator_c.so
[0.393s] -- Up-to-date: /home/mk/dev_ws/install/xarm_msgs/lib/libxarm_msgs__rosidl_typesupport_fastrtps_c.so
[0.393s] -- Up-to-date: /home/mk/dev_ws/install/xarm_msgs/lib/libxarm_msgs__rosidl_typesupport_fastrtps_cpp.so
[0.393s] -- Up-to-date: /home/mk/dev_ws/install/xarm_msgs/lib/libxarm_msgs__rosidl_typesupport_introspection_c.so
[0.393s] -- Up-to-date: /home/mk/dev_ws/install/xarm_msgs/lib/libxarm_msgs__rosidl_typesupport_c.so
[0.393s] -- Up-to-date: /home/mk/dev_ws/install/xarm_msgs/lib/libxarm_msgs__rosidl_typesupport_introspection_cpp.so
[0.393s] -- Up-to-date: /home/mk/dev_ws/install/xarm_msgs/lib/libxarm_msgs__rosidl_typesupport_cpp.so
[0.421s] Listing '/home/mk/dev_ws/install/xarm_msgs/local/lib/python3.10/dist-packages/xarm_msgs'...
[0.421s] Listing '/home/mk/dev_ws/install/xarm_msgs/local/lib/python3.10/dist-packages/xarm_msgs/msg'...
[0.421s] Listing '/home/mk/dev_ws/install/xarm_msgs/local/lib/python3.10/dist-packages/xarm_msgs/srv'...
[0.425s] -- Up-to-date: /home/mk/dev_ws/install/xarm_msgs/lib/libxarm_msgs__rosidl_generator_py.so
[0.425s] -- Up-to-date: /home/mk/dev_ws/install/xarm_msgs/share/xarm_msgs/cmake/export_xarm_msgs__rosidl_generator_cExport.cmake
[0.425s] -- Up-to-date: /home/mk/dev_ws/install/xarm_msgs/share/xarm_msgs/cmake/export_xarm_msgs__rosidl_generator_cExport-noconfig.cmake
[0.425s] -- Up-to-date: /home/mk/dev_ws/install/xarm_msgs/share/xarm_msgs/cmake/export_xarm_msgs__rosidl_typesupport_fastrtps_cExport.cmake
[0.425s] -- Up-to-date: /home/mk/dev_ws/install/xarm_msgs/share/xarm_msgs/cmake/export_xarm_msgs__rosidl_typesupport_fastrtps_cExport-noconfig.cmake
[0.425s] -- Up-to-date: /home/mk/dev_ws/install/xarm_msgs/share/xarm_msgs/cmake/export_xarm_msgs__rosidl_generator_cppExport.cmake
[0.425s] -- Up-to-date: /home/mk/dev_ws/install/xarm_msgs/share/xarm_msgs/cmake/export_xarm_msgs__rosidl_typesupport_fastrtps_cppExport.cmake
[0.425s] -- Up-to-date: /home/mk/dev_ws/install/xarm_msgs/share/xarm_msgs/cmake/export_xarm_msgs__rosidl_typesupport_fastrtps_cppExport-noconfig.cmake
[0.425s] -- Up-to-date: /home/mk/dev_ws/install/xarm_msgs/share/xarm_msgs/cmake/xarm_msgs__rosidl_typesupport_introspection_cExport.cmake
[0.425s] -- Up-to-date: /home/mk/dev_ws/install/xarm_msgs/share/xarm_msgs/cmake/xarm_msgs__rosidl_typesupport_introspection_cExport-noconfig.cmake
[0.425s] -- Up-to-date: /home/mk/dev_ws/install/xarm_msgs/share/xarm_msgs/cmake/xarm_msgs__rosidl_typesupport_cExport.cmake
[0.425s] -- Up-to-date: /home/mk/dev_ws/install/xarm_msgs/share/xarm_msgs/cmake/xarm_msgs__rosidl_typesupport_cExport-noconfig.cmake
[0.425s] -- Up-to-date: /home/mk/dev_ws/install/xarm_msgs/share/xarm_msgs/cmake/xarm_msgs__rosidl_typesupport_introspection_cppExport.cmake
[0.426s] -- Up-to-date: /home/mk/dev_ws/install/xarm_msgs/share/xarm_msgs/cmake/xarm_msgs__rosidl_typesupport_introspection_cppExport-noconfig.cmake
[0.426s] -- Up-to-date: /home/mk/dev_ws/install/xarm_msgs/share/xarm_msgs/cmake/xarm_msgs__rosidl_typesupport_cppExport.cmake
[0.426s] -- Up-to-date: /home/mk/dev_ws/install/xarm_msgs/share/xarm_msgs/cmake/xarm_msgs__rosidl_typesupport_cppExport-noconfig.cmake
[0.426s] -- Up-to-date: /home/mk/dev_ws/install/xarm_msgs/share/xarm_msgs/cmake/export_xarm_msgs__rosidl_generator_pyExport.cmake
[0.426s] -- Up-to-date: /home/mk/dev_ws/install/xarm_msgs/share/xarm_msgs/cmake/export_xarm_msgs__rosidl_generator_pyExport-noconfig.cmake
[0.428s] Invoked command in '/home/mk/dev_ws/build/xarm_msgs' returned '0': CMAKE_PREFIX_PATH=${CMAKE_PREFIX_PATH}:/home/mk/dev_ws/install/yolo_object_detector:/home/mk/dev_ws/install/move_to_coordinator:/home/mk/dev_ws/install/motion_sequence:/home/mk/dev_ws/install/whisper_demos:/home/mk/dev_ws/install/voice_command_listener:/home/mk/dev_ws/install/uf_ros_lib:/home/mk/dev_ws/install/rviz_servo_status_overlay:/home/mk/dev_ws/install/rviz_marker_static_scene_objects:/home/mk/dev_ws/install/robot_motion_handler_movegroup:/home/mk/dev_ws/install/gaze_control:/home/mk/dev_ws/install/collision_check:/home/mk/dev_ws/install/audio_listener:/opt/ros/humble /usr/bin/cmake --install /home/mk/dev_ws/build/xarm_msgs
