[0.058s] DEBUG:colcon:Command line arguments: ['/usr/bin/colcon', 'build', '--symlink-install']
[0.058s] DEBUG:colcon:Parsed command line arguments: Namespace(log_base=None, log_level=None, verb_name='build', build_base='build', install_base='install', merge_install=False, symlink_install=True, test_result_base=None, continue_on_error=False, executor='parallel', parallel_workers=20, event_handlers=None, ignore_user_meta=False, metas=['./colcon.meta'], base_paths=['.'], packages_ignore=None, packages_ignore_regex=None, paths=None, packages_up_to=None, packages_up_to_regex=None, packages_above=None, packages_above_and_dependencies=None, packages_above_depth=None, packages_select_by_dep=None, packages_skip_by_dep=None, packages_skip_up_to=None, packages_select_build_failed=False, packages_skip_build_finished=False, packages_select_test_failures=False, packages_skip_test_passed=False, packages_select=None, packages_skip=None, packages_select_regex=None, packages_skip_regex=None, packages_start=None, packages_end=None, allow_overriding=[], cmake_args=None, cmake_target=None, cmake_target_skip_unavailable=False, cmake_clean_cache=False, cmake_clean_first=False, cmake_force_configure=False, ament_cmake_args=None, catkin_cmake_args=None, catkin_skip_building_tests=False, mixin_files=None, mixin=None, verb_parser=<colcon_mixin.mixin.mixin_argument.MixinArgumentDecorator object at 0x7641b4c833d0>, verb_extension=<colcon_core.verb.build.BuildVerb object at 0x7641b4c82d40>, main=<bound method BuildVerb.main of <colcon_core.verb.build.BuildVerb object at 0x7641b4c82d40>>, mixin_verb=('build',))
[0.152s] Level 1:colcon.colcon_core.package_discovery:discover_packages(colcon_meta) check parameters
[0.152s] Level 1:colcon.colcon_core.package_discovery:discover_packages(recursive) check parameters
[0.152s] Level 1:colcon.colcon_core.package_discovery:discover_packages(ignore) check parameters
[0.152s] Level 1:colcon.colcon_core.package_discovery:discover_packages(path) check parameters
[0.152s] Level 1:colcon.colcon_core.package_discovery:discover_packages(colcon_meta) discover
[0.152s] Level 1:colcon.colcon_core.package_discovery:discover_packages(recursive) discover
[0.152s] INFO:colcon.colcon_core.package_discovery:Crawling recursively for packages in '/home/mk/dev_ws'
[0.152s] Level 1:colcon.colcon_core.package_identification:_identify(.) by extensions ['ignore', 'ignore_ament_install']
[0.152s] Level 1:colcon.colcon_core.package_identification:_identify(.) by extension 'ignore'
[0.152s] Level 1:colcon.colcon_core.package_identification:_identify(.) by extension 'ignore_ament_install'
[0.152s] Level 1:colcon.colcon_core.package_identification:_identify(.) by extensions ['colcon_pkg']
[0.152s] Level 1:colcon.colcon_core.package_identification:_identify(.) by extension 'colcon_pkg'
[0.152s] Level 1:colcon.colcon_core.package_identification:_identify(.) by extensions ['colcon_meta']
[0.152s] Level 1:colcon.colcon_core.package_identification:_identify(.) by extension 'colcon_meta'
[0.152s] Level 1:colcon.colcon_core.package_identification:_identify(.) by extensions ['ros']
[0.152s] Level 1:colcon.colcon_core.package_identification:_identify(.) by extension 'ros'
[0.171s] Level 1:colcon.colcon_core.package_identification:_identify(.) by extensions ['cmake', 'python']
[0.172s] Level 1:colcon.colcon_core.package_identification:_identify(.) by extension 'cmake'
[0.172s] Level 1:colcon.colcon_core.package_identification:_identify(.) by extension 'python'
[0.172s] Level 1:colcon.colcon_core.package_identification:_identify(.) by extensions ['python_setup_py']
[0.172s] Level 1:colcon.colcon_core.package_identification:_identify(.) by extension 'python_setup_py'
[0.172s] Level 1:colcon.colcon_core.package_identification:_identify(_imgs) by extensions ['ignore', 'ignore_ament_install']
[0.172s] Level 1:colcon.colcon_core.package_identification:_identify(_imgs) by extension 'ignore'
[0.172s] Level 1:colcon.colcon_core.package_identification:_identify(_imgs) by extension 'ignore_ament_install'
[0.172s] Level 1:colcon.colcon_core.package_identification:_identify(_imgs) by extensions ['colcon_pkg']
[0.172s] Level 1:colcon.colcon_core.package_identification:_identify(_imgs) by extension 'colcon_pkg'
[0.172s] Level 1:colcon.colcon_core.package_identification:_identify(_imgs) by extensions ['colcon_meta']
[0.172s] Level 1:colcon.colcon_core.package_identification:_identify(_imgs) by extension 'colcon_meta'
[0.172s] Level 1:colcon.colcon_core.package_identification:_identify(_imgs) by extensions ['ros']
[0.172s] Level 1:colcon.colcon_core.package_identification:_identify(_imgs) by extension 'ros'
[0.172s] Level 1:colcon.colcon_core.package_identification:_identify(_imgs) by extensions ['cmake', 'python']
[0.172s] Level 1:colcon.colcon_core.package_identification:_identify(_imgs) by extension 'cmake'
[0.172s] Level 1:colcon.colcon_core.package_identification:_identify(_imgs) by extension 'python'
[0.172s] Level 1:colcon.colcon_core.package_identification:_identify(_imgs) by extensions ['python_setup_py']
[0.172s] Level 1:colcon.colcon_core.package_identification:_identify(_imgs) by extension 'python_setup_py'
[0.172s] Level 1:colcon.colcon_core.package_identification:_identify(_sh) by extensions ['ignore', 'ignore_ament_install']
[0.172s] Level 1:colcon.colcon_core.package_identification:_identify(_sh) by extension 'ignore'
[0.172s] Level 1:colcon.colcon_core.package_identification:_identify(_sh) by extension 'ignore_ament_install'
[0.172s] Level 1:colcon.colcon_core.package_identification:_identify(_sh) by extensions ['colcon_pkg']
[0.172s] Level 1:colcon.colcon_core.package_identification:_identify(_sh) by extension 'colcon_pkg'
[0.172s] Level 1:colcon.colcon_core.package_identification:_identify(_sh) by extensions ['colcon_meta']
[0.172s] Level 1:colcon.colcon_core.package_identification:_identify(_sh) by extension 'colcon_meta'
[0.172s] Level 1:colcon.colcon_core.package_identification:_identify(_sh) by extensions ['ros']
[0.172s] Level 1:colcon.colcon_core.package_identification:_identify(_sh) by extension 'ros'
[0.172s] Level 1:colcon.colcon_core.package_identification:_identify(_sh) by extensions ['cmake', 'python']
[0.172s] Level 1:colcon.colcon_core.package_identification:_identify(_sh) by extension 'cmake'
[0.172s] Level 1:colcon.colcon_core.package_identification:_identify(_sh) by extension 'python'
[0.172s] Level 1:colcon.colcon_core.package_identification:_identify(_sh) by extensions ['python_setup_py']
[0.172s] Level 1:colcon.colcon_core.package_identification:_identify(_sh) by extension 'python_setup_py'
[0.172s] Level 1:colcon.colcon_core.package_identification:_identify(build) by extensions ['ignore', 'ignore_ament_install']
[0.172s] Level 1:colcon.colcon_core.package_identification:_identify(build) by extension 'ignore'
[0.172s] Level 1:colcon.colcon_core.package_identification:_identify(build) ignored
[0.172s] Level 1:colcon.colcon_core.package_identification:_identify(install) by extensions ['ignore', 'ignore_ament_install']
[0.172s] Level 1:colcon.colcon_core.package_identification:_identify(install) by extension 'ignore'
[0.172s] Level 1:colcon.colcon_core.package_identification:_identify(install) ignored
[0.172s] Level 1:colcon.colcon_core.package_identification:_identify(log) by extensions ['ignore', 'ignore_ament_install']
[0.173s] Level 1:colcon.colcon_core.package_identification:_identify(log) by extension 'ignore'
[0.173s] Level 1:colcon.colcon_core.package_identification:_identify(log) ignored
[0.173s] Level 1:colcon.colcon_core.package_identification:_identify(ros2_nexus) by extensions ['ignore', 'ignore_ament_install']
[0.173s] Level 1:colcon.colcon_core.package_identification:_identify(ros2_nexus) by extension 'ignore'
[0.173s] Level 1:colcon.colcon_core.package_identification:_identify(ros2_nexus) by extension 'ignore_ament_install'
[0.173s] Level 1:colcon.colcon_core.package_identification:_identify(ros2_nexus) by extensions ['colcon_pkg']
[0.173s] Level 1:colcon.colcon_core.package_identification:_identify(ros2_nexus) by extension 'colcon_pkg'
[0.173s] Level 1:colcon.colcon_core.package_identification:_identify(ros2_nexus) by extensions ['colcon_meta']
[0.173s] Level 1:colcon.colcon_core.package_identification:_identify(ros2_nexus) by extension 'colcon_meta'
[0.173s] Level 1:colcon.colcon_core.package_identification:_identify(ros2_nexus) by extensions ['ros']
[0.173s] Level 1:colcon.colcon_core.package_identification:_identify(ros2_nexus) by extension 'ros'
[0.173s] Level 1:colcon.colcon_core.package_identification:_identify(ros2_nexus) by extensions ['cmake', 'python']
[0.173s] Level 1:colcon.colcon_core.package_identification:_identify(ros2_nexus) by extension 'cmake'
[0.173s] Level 1:colcon.colcon_core.package_identification:_identify(ros2_nexus) by extension 'python'
[0.173s] Level 1:colcon.colcon_core.package_identification:_identify(ros2_nexus) by extensions ['python_setup_py']
[0.173s] Level 1:colcon.colcon_core.package_identification:_identify(ros2_nexus) by extension 'python_setup_py'
[0.173s] Level 1:colcon.colcon_core.package_identification:_identify(ros2_nexus/__pycache__) by extensions ['ignore', 'ignore_ament_install']
[0.173s] Level 1:colcon.colcon_core.package_identification:_identify(ros2_nexus/__pycache__) by extension 'ignore'
[0.173s] Level 1:colcon.colcon_core.package_identification:_identify(ros2_nexus/__pycache__) by extension 'ignore_ament_install'
[0.173s] Level 1:colcon.colcon_core.package_identification:_identify(ros2_nexus/__pycache__) by extensions ['colcon_pkg']
[0.173s] Level 1:colcon.colcon_core.package_identification:_identify(ros2_nexus/__pycache__) by extension 'colcon_pkg'
[0.173s] Level 1:colcon.colcon_core.package_identification:_identify(ros2_nexus/__pycache__) by extensions ['colcon_meta']
[0.173s] Level 1:colcon.colcon_core.package_identification:_identify(ros2_nexus/__pycache__) by extension 'colcon_meta'
[0.173s] Level 1:colcon.colcon_core.package_identification:_identify(ros2_nexus/__pycache__) by extensions ['ros']
[0.173s] Level 1:colcon.colcon_core.package_identification:_identify(ros2_nexus/__pycache__) by extension 'ros'
[0.173s] Level 1:colcon.colcon_core.package_identification:_identify(ros2_nexus/__pycache__) by extensions ['cmake', 'python']
[0.173s] Level 1:colcon.colcon_core.package_identification:_identify(ros2_nexus/__pycache__) by extension 'cmake'
[0.173s] Level 1:colcon.colcon_core.package_identification:_identify(ros2_nexus/__pycache__) by extension 'python'
[0.173s] Level 1:colcon.colcon_core.package_identification:_identify(ros2_nexus/__pycache__) by extensions ['python_setup_py']
[0.173s] Level 1:colcon.colcon_core.package_identification:_identify(ros2_nexus/__pycache__) by extension 'python_setup_py'
[0.173s] Level 1:colcon.colcon_core.package_identification:_identify(src) by extensions ['ignore', 'ignore_ament_install']
[0.173s] Level 1:colcon.colcon_core.package_identification:_identify(src) by extension 'ignore'
[0.173s] Level 1:colcon.colcon_core.package_identification:_identify(src) by extension 'ignore_ament_install'
[0.173s] Level 1:colcon.colcon_core.package_identification:_identify(src) by extensions ['colcon_pkg']
[0.173s] Level 1:colcon.colcon_core.package_identification:_identify(src) by extension 'colcon_pkg'
[0.173s] Level 1:colcon.colcon_core.package_identification:_identify(src) by extensions ['colcon_meta']
[0.173s] Level 1:colcon.colcon_core.package_identification:_identify(src) by extension 'colcon_meta'
[0.173s] Level 1:colcon.colcon_core.package_identification:_identify(src) by extensions ['ros']
[0.173s] Level 1:colcon.colcon_core.package_identification:_identify(src) by extension 'ros'
[0.173s] Level 1:colcon.colcon_core.package_identification:_identify(src) by extensions ['cmake', 'python']
[0.173s] Level 1:colcon.colcon_core.package_identification:_identify(src) by extension 'cmake'
[0.173s] Level 1:colcon.colcon_core.package_identification:_identify(src) by extension 'python'
[0.173s] Level 1:colcon.colcon_core.package_identification:_identify(src) by extensions ['python_setup_py']
[0.173s] Level 1:colcon.colcon_core.package_identification:_identify(src) by extension 'python_setup_py'
[0.173s] Level 1:colcon.colcon_core.package_identification:_identify(src/collision_check) by extensions ['ignore', 'ignore_ament_install']
[0.173s] Level 1:colcon.colcon_core.package_identification:_identify(src/collision_check) by extension 'ignore'
[0.173s] Level 1:colcon.colcon_core.package_identification:_identify(src/collision_check) by extension 'ignore_ament_install'
[0.173s] Level 1:colcon.colcon_core.package_identification:_identify(src/collision_check) by extensions ['colcon_pkg']
[0.174s] Level 1:colcon.colcon_core.package_identification:_identify(src/collision_check) by extension 'colcon_pkg'
[0.174s] Level 1:colcon.colcon_core.package_identification:_identify(src/collision_check) by extensions ['colcon_meta']
[0.174s] Level 1:colcon.colcon_core.package_identification:_identify(src/collision_check) by extension 'colcon_meta'
[0.174s] Level 1:colcon.colcon_core.package_identification:_identify(src/collision_check) by extensions ['ros']
[0.174s] Level 1:colcon.colcon_core.package_identification:_identify(src/collision_check) by extension 'ros'
[0.175s] DEBUG:colcon.colcon_core.package_identification:Package 'src/collision_check' with type 'ros.ament_python' and name 'collision_check'
[0.175s] Level 1:colcon.colcon_core.package_identification:_identify(src/dashboard_monitoring) by extensions ['ignore', 'ignore_ament_install']
[0.175s] Level 1:colcon.colcon_core.package_identification:_identify(src/dashboard_monitoring) by extension 'ignore'
[0.175s] Level 1:colcon.colcon_core.package_identification:_identify(src/dashboard_monitoring) by extension 'ignore_ament_install'
[0.175s] Level 1:colcon.colcon_core.package_identification:_identify(src/dashboard_monitoring) by extensions ['colcon_pkg']
[0.175s] Level 1:colcon.colcon_core.package_identification:_identify(src/dashboard_monitoring) by extension 'colcon_pkg'
[0.175s] Level 1:colcon.colcon_core.package_identification:_identify(src/dashboard_monitoring) by extensions ['colcon_meta']
[0.175s] Level 1:colcon.colcon_core.package_identification:_identify(src/dashboard_monitoring) by extension 'colcon_meta'
[0.175s] Level 1:colcon.colcon_core.package_identification:_identify(src/dashboard_monitoring) by extensions ['ros']
[0.175s] Level 1:colcon.colcon_core.package_identification:_identify(src/dashboard_monitoring) by extension 'ros'
[0.175s] Level 1:colcon.colcon_core.package_identification:_identify(src/dashboard_monitoring) by extensions ['cmake', 'python']
[0.175s] Level 1:colcon.colcon_core.package_identification:_identify(src/dashboard_monitoring) by extension 'cmake'
[0.175s] Level 1:colcon.colcon_core.package_identification:_identify(src/dashboard_monitoring) by extension 'python'
[0.175s] Level 1:colcon.colcon_core.package_identification:_identify(src/dashboard_monitoring) by extensions ['python_setup_py']
[0.175s] Level 1:colcon.colcon_core.package_identification:_identify(src/dashboard_monitoring) by extension 'python_setup_py'
[0.175s] Level 1:colcon.colcon_core.package_identification:_identify(src/dashboard_monitoring/__pycache__) by extensions ['ignore', 'ignore_ament_install']
[0.175s] Level 1:colcon.colcon_core.package_identification:_identify(src/dashboard_monitoring/__pycache__) by extension 'ignore'
[0.175s] Level 1:colcon.colcon_core.package_identification:_identify(src/dashboard_monitoring/__pycache__) by extension 'ignore_ament_install'
[0.175s] Level 1:colcon.colcon_core.package_identification:_identify(src/dashboard_monitoring/__pycache__) by extensions ['colcon_pkg']
[0.175s] Level 1:colcon.colcon_core.package_identification:_identify(src/dashboard_monitoring/__pycache__) by extension 'colcon_pkg'
[0.175s] Level 1:colcon.colcon_core.package_identification:_identify(src/dashboard_monitoring/__pycache__) by extensions ['colcon_meta']
[0.175s] Level 1:colcon.colcon_core.package_identification:_identify(src/dashboard_monitoring/__pycache__) by extension 'colcon_meta'
[0.175s] Level 1:colcon.colcon_core.package_identification:_identify(src/dashboard_monitoring/__pycache__) by extensions ['ros']
[0.175s] Level 1:colcon.colcon_core.package_identification:_identify(src/dashboard_monitoring/__pycache__) by extension 'ros'
[0.175s] Level 1:colcon.colcon_core.package_identification:_identify(src/dashboard_monitoring/__pycache__) by extensions ['cmake', 'python']
[0.175s] Level 1:colcon.colcon_core.package_identification:_identify(src/dashboard_monitoring/__pycache__) by extension 'cmake'
[0.175s] Level 1:colcon.colcon_core.package_identification:_identify(src/dashboard_monitoring/__pycache__) by extension 'python'
[0.175s] Level 1:colcon.colcon_core.package_identification:_identify(src/dashboard_monitoring/__pycache__) by extensions ['python_setup_py']
[0.175s] Level 1:colcon.colcon_core.package_identification:_identify(src/dashboard_monitoring/__pycache__) by extension 'python_setup_py'
[0.175s] Level 1:colcon.colcon_core.package_identification:_identify(src/dashboard_monitoring/videos) by extensions ['ignore', 'ignore_ament_install']
[0.175s] Level 1:colcon.colcon_core.package_identification:_identify(src/dashboard_monitoring/videos) by extension 'ignore'
[0.175s] Level 1:colcon.colcon_core.package_identification:_identify(src/dashboard_monitoring/videos) by extension 'ignore_ament_install'
[0.176s] Level 1:colcon.colcon_core.package_identification:_identify(src/dashboard_monitoring/videos) by extensions ['colcon_pkg']
[0.176s] Level 1:colcon.colcon_core.package_identification:_identify(src/dashboard_monitoring/videos) by extension 'colcon_pkg'
[0.176s] Level 1:colcon.colcon_core.package_identification:_identify(src/dashboard_monitoring/videos) by extensions ['colcon_meta']
[0.176s] Level 1:colcon.colcon_core.package_identification:_identify(src/dashboard_monitoring/videos) by extension 'colcon_meta'
[0.176s] Level 1:colcon.colcon_core.package_identification:_identify(src/dashboard_monitoring/videos) by extensions ['ros']
[0.176s] Level 1:colcon.colcon_core.package_identification:_identify(src/dashboard_monitoring/videos) by extension 'ros'
[0.176s] Level 1:colcon.colcon_core.package_identification:_identify(src/dashboard_monitoring/videos) by extensions ['cmake', 'python']
[0.176s] Level 1:colcon.colcon_core.package_identification:_identify(src/dashboard_monitoring/videos) by extension 'cmake'
[0.176s] Level 1:colcon.colcon_core.package_identification:_identify(src/dashboard_monitoring/videos) by extension 'python'
[0.176s] Level 1:colcon.colcon_core.package_identification:_identify(src/dashboard_monitoring/videos) by extensions ['python_setup_py']
[0.176s] Level 1:colcon.colcon_core.package_identification:_identify(src/dashboard_monitoring/videos) by extension 'python_setup_py'
[0.176s] Level 1:colcon.colcon_core.package_identification:_identify(src/dashboard_monitoring/views) by extensions ['ignore', 'ignore_ament_install']
[0.176s] Level 1:colcon.colcon_core.package_identification:_identify(src/dashboard_monitoring/views) by extension 'ignore'
[0.176s] Level 1:colcon.colcon_core.package_identification:_identify(src/dashboard_monitoring/views) by extension 'ignore_ament_install'
[0.176s] Level 1:colcon.colcon_core.package_identification:_identify(src/dashboard_monitoring/views) by extensions ['colcon_pkg']
[0.176s] Level 1:colcon.colcon_core.package_identification:_identify(src/dashboard_monitoring/views) by extension 'colcon_pkg'
[0.176s] Level 1:colcon.colcon_core.package_identification:_identify(src/dashboard_monitoring/views) by extensions ['colcon_meta']
[0.176s] Level 1:colcon.colcon_core.package_identification:_identify(src/dashboard_monitoring/views) by extension 'colcon_meta'
[0.176s] Level 1:colcon.colcon_core.package_identification:_identify(src/dashboard_monitoring/views) by extensions ['ros']
[0.176s] Level 1:colcon.colcon_core.package_identification:_identify(src/dashboard_monitoring/views) by extension 'ros'
[0.176s] Level 1:colcon.colcon_core.package_identification:_identify(src/dashboard_monitoring/views) by extensions ['cmake', 'python']
[0.176s] Level 1:colcon.colcon_core.package_identification:_identify(src/dashboard_monitoring/views) by extension 'cmake'
[0.176s] Level 1:colcon.colcon_core.package_identification:_identify(src/dashboard_monitoring/views) by extension 'python'
[0.176s] Level 1:colcon.colcon_core.package_identification:_identify(src/dashboard_monitoring/views) by extensions ['python_setup_py']
[0.176s] Level 1:colcon.colcon_core.package_identification:_identify(src/dashboard_monitoring/views) by extension 'python_setup_py'
[0.176s] Level 1:colcon.colcon_core.package_identification:_identify(src/gaze_control) by extensions ['ignore', 'ignore_ament_install']
[0.176s] Level 1:colcon.colcon_core.package_identification:_identify(src/gaze_control) by extension 'ignore'
[0.176s] Level 1:colcon.colcon_core.package_identification:_identify(src/gaze_control) by extension 'ignore_ament_install'
[0.176s] Level 1:colcon.colcon_core.package_identification:_identify(src/gaze_control) by extensions ['colcon_pkg']
[0.176s] Level 1:colcon.colcon_core.package_identification:_identify(src/gaze_control) by extension 'colcon_pkg'
[0.176s] Level 1:colcon.colcon_core.package_identification:_identify(src/gaze_control) by extensions ['colcon_meta']
[0.176s] Level 1:colcon.colcon_core.package_identification:_identify(src/gaze_control) by extension 'colcon_meta'
[0.176s] Level 1:colcon.colcon_core.package_identification:_identify(src/gaze_control) by extensions ['ros']
[0.176s] Level 1:colcon.colcon_core.package_identification:_identify(src/gaze_control) by extension 'ros'
[0.176s] DEBUG:colcon.colcon_core.package_identification:Package 'src/gaze_control' with type 'ros.ament_python' and name 'gaze_control'
[0.177s] Level 1:colcon.colcon_core.package_identification:_identify(src/motion_sequence) by extensions ['ignore', 'ignore_ament_install']
[0.177s] Level 1:colcon.colcon_core.package_identification:_identify(src/motion_sequence) by extension 'ignore'
[0.177s] Level 1:colcon.colcon_core.package_identification:_identify(src/motion_sequence) by extension 'ignore_ament_install'
[0.177s] Level 1:colcon.colcon_core.package_identification:_identify(src/motion_sequence) by extensions ['colcon_pkg']
[0.177s] Level 1:colcon.colcon_core.package_identification:_identify(src/motion_sequence) by extension 'colcon_pkg'
[0.177s] Level 1:colcon.colcon_core.package_identification:_identify(src/motion_sequence) by extensions ['colcon_meta']
[0.177s] Level 1:colcon.colcon_core.package_identification:_identify(src/motion_sequence) by extension 'colcon_meta'
[0.177s] Level 1:colcon.colcon_core.package_identification:_identify(src/motion_sequence) by extensions ['ros']
[0.177s] Level 1:colcon.colcon_core.package_identification:_identify(src/motion_sequence) by extension 'ros'
[0.177s] DEBUG:colcon.colcon_core.package_identification:Package 'src/motion_sequence' with type 'ros.ament_python' and name 'motion_sequence'
[0.177s] Level 1:colcon.colcon_core.package_identification:_identify(src/move_to_coordinator) by extensions ['ignore', 'ignore_ament_install']
[0.177s] Level 1:colcon.colcon_core.package_identification:_identify(src/move_to_coordinator) by extension 'ignore'
[0.177s] Level 1:colcon.colcon_core.package_identification:_identify(src/move_to_coordinator) by extension 'ignore_ament_install'
[0.177s] Level 1:colcon.colcon_core.package_identification:_identify(src/move_to_coordinator) by extensions ['colcon_pkg']
[0.177s] Level 1:colcon.colcon_core.package_identification:_identify(src/move_to_coordinator) by extension 'colcon_pkg'
[0.177s] Level 1:colcon.colcon_core.package_identification:_identify(src/move_to_coordinator) by extensions ['colcon_meta']
[0.177s] Level 1:colcon.colcon_core.package_identification:_identify(src/move_to_coordinator) by extension 'colcon_meta'
[0.177s] Level 1:colcon.colcon_core.package_identification:_identify(src/move_to_coordinator) by extensions ['ros']
[0.177s] Level 1:colcon.colcon_core.package_identification:_identify(src/move_to_coordinator) by extension 'ros'
[0.178s] DEBUG:colcon.colcon_core.package_identification:Package 'src/move_to_coordinator' with type 'ros.ament_python' and name 'move_to_coordinator'
[0.178s] Level 1:colcon.colcon_core.package_identification:_identify(src/my_3d_vision_bringup) by extensions ['ignore', 'ignore_ament_install']
[0.178s] Level 1:colcon.colcon_core.package_identification:_identify(src/my_3d_vision_bringup) by extension 'ignore'
[0.178s] Level 1:colcon.colcon_core.package_identification:_identify(src/my_3d_vision_bringup) by extension 'ignore_ament_install'
[0.178s] Level 1:colcon.colcon_core.package_identification:_identify(src/my_3d_vision_bringup) by extensions ['colcon_pkg']
[0.178s] Level 1:colcon.colcon_core.package_identification:_identify(src/my_3d_vision_bringup) by extension 'colcon_pkg'
[0.178s] Level 1:colcon.colcon_core.package_identification:_identify(src/my_3d_vision_bringup) by extensions ['colcon_meta']
[0.178s] Level 1:colcon.colcon_core.package_identification:_identify(src/my_3d_vision_bringup) by extension 'colcon_meta'
[0.178s] Level 1:colcon.colcon_core.package_identification:_identify(src/my_3d_vision_bringup) by extensions ['ros']
[0.178s] Level 1:colcon.colcon_core.package_identification:_identify(src/my_3d_vision_bringup) by extension 'ros'
[0.178s] DEBUG:colcon.colcon_core.package_identification:Package 'src/my_3d_vision_bringup' with type 'ros.ament_cmake' and name 'my_3d_vision_bringup'
[0.178s] Level 1:colcon.colcon_core.package_identification:_identify(src/robot_control_web_ui) by extensions ['ignore', 'ignore_ament_install']
[0.178s] Level 1:colcon.colcon_core.package_identification:_identify(src/robot_control_web_ui) by extension 'ignore'
[0.178s] Level 1:colcon.colcon_core.package_identification:_identify(src/robot_control_web_ui) by extension 'ignore_ament_install'
[0.178s] Level 1:colcon.colcon_core.package_identification:_identify(src/robot_control_web_ui) by extensions ['colcon_pkg']
[0.178s] Level 1:colcon.colcon_core.package_identification:_identify(src/robot_control_web_ui) by extension 'colcon_pkg'
[0.178s] Level 1:colcon.colcon_core.package_identification:_identify(src/robot_control_web_ui) by extensions ['colcon_meta']
[0.178s] Level 1:colcon.colcon_core.package_identification:_identify(src/robot_control_web_ui) by extension 'colcon_meta'
[0.178s] Level 1:colcon.colcon_core.package_identification:_identify(src/robot_control_web_ui) by extensions ['ros']
[0.178s] Level 1:colcon.colcon_core.package_identification:_identify(src/robot_control_web_ui) by extension 'ros'
[0.178s] Level 1:colcon.colcon_core.package_identification:_identify(src/robot_control_web_ui) by extensions ['cmake', 'python']
[0.178s] Level 1:colcon.colcon_core.package_identification:_identify(src/robot_control_web_ui) by extension 'cmake'
[0.178s] Level 1:colcon.colcon_core.package_identification:_identify(src/robot_control_web_ui) by extension 'python'
[0.178s] Level 1:colcon.colcon_core.package_identification:_identify(src/robot_control_web_ui) by extensions ['python_setup_py']
[0.178s] Level 1:colcon.colcon_core.package_identification:_identify(src/robot_control_web_ui) by extension 'python_setup_py'
[0.178s] Level 1:colcon.colcon_core.package_identification:_identify(src/robot_motion_handler_movegroup) by extensions ['ignore', 'ignore_ament_install']
[0.179s] Level 1:colcon.colcon_core.package_identification:_identify(src/robot_motion_handler_movegroup) by extension 'ignore'
[0.179s] Level 1:colcon.colcon_core.package_identification:_identify(src/robot_motion_handler_movegroup) by extension 'ignore_ament_install'
[0.179s] Level 1:colcon.colcon_core.package_identification:_identify(src/robot_motion_handler_movegroup) by extensions ['colcon_pkg']
[0.179s] Level 1:colcon.colcon_core.package_identification:_identify(src/robot_motion_handler_movegroup) by extension 'colcon_pkg'
[0.179s] Level 1:colcon.colcon_core.package_identification:_identify(src/robot_motion_handler_movegroup) by extensions ['colcon_meta']
[0.179s] Level 1:colcon.colcon_core.package_identification:_identify(src/robot_motion_handler_movegroup) by extension 'colcon_meta'
[0.179s] Level 1:colcon.colcon_core.package_identification:_identify(src/robot_motion_handler_movegroup) by extensions ['ros']
[0.179s] Level 1:colcon.colcon_core.package_identification:_identify(src/robot_motion_handler_movegroup) by extension 'ros'
[0.179s] DEBUG:colcon.colcon_core.package_identification:Package 'src/robot_motion_handler_movegroup' with type 'ros.ament_python' and name 'robot_motion_handler_movegroup'
[0.179s] Level 1:colcon.colcon_core.package_identification:_identify(src/ros2_whisper) by extensions ['ignore', 'ignore_ament_install']
[0.179s] Level 1:colcon.colcon_core.package_identification:_identify(src/ros2_whisper) by extension 'ignore'
[0.179s] Level 1:colcon.colcon_core.package_identification:_identify(src/ros2_whisper) by extension 'ignore_ament_install'
[0.179s] Level 1:colcon.colcon_core.package_identification:_identify(src/ros2_whisper) by extensions ['colcon_pkg']
[0.179s] Level 1:colcon.colcon_core.package_identification:_identify(src/ros2_whisper) by extension 'colcon_pkg'
[0.179s] Level 1:colcon.colcon_core.package_identification:_identify(src/ros2_whisper) by extensions ['colcon_meta']
[0.179s] Level 1:colcon.colcon_core.package_identification:_identify(src/ros2_whisper) by extension 'colcon_meta'
[0.179s] Level 1:colcon.colcon_core.package_identification:_identify(src/ros2_whisper) by extensions ['ros']
[0.179s] Level 1:colcon.colcon_core.package_identification:_identify(src/ros2_whisper) by extension 'ros'
[0.179s] Level 1:colcon.colcon_core.package_identification:_identify(src/ros2_whisper) by extensions ['cmake', 'python']
[0.179s] Level 1:colcon.colcon_core.package_identification:_identify(src/ros2_whisper) by extension 'cmake'
[0.179s] Level 1:colcon.colcon_core.package_identification:_identify(src/ros2_whisper) by extension 'python'
[0.179s] Level 1:colcon.colcon_core.package_identification:_identify(src/ros2_whisper) by extensions ['python_setup_py']
[0.179s] Level 1:colcon.colcon_core.package_identification:_identify(src/ros2_whisper) by extension 'python_setup_py'
[0.179s] Level 1:colcon.colcon_core.package_identification:_identify(src/ros2_whisper/audio_listener) by extensions ['ignore', 'ignore_ament_install']
[0.179s] Level 1:colcon.colcon_core.package_identification:_identify(src/ros2_whisper/audio_listener) by extension 'ignore'
[0.179s] Level 1:colcon.colcon_core.package_identification:_identify(src/ros2_whisper/audio_listener) by extension 'ignore_ament_install'
[0.179s] Level 1:colcon.colcon_core.package_identification:_identify(src/ros2_whisper/audio_listener) by extensions ['colcon_pkg']
[0.179s] Level 1:colcon.colcon_core.package_identification:_identify(src/ros2_whisper/audio_listener) by extension 'colcon_pkg'
[0.179s] Level 1:colcon.colcon_core.package_identification:_identify(src/ros2_whisper/audio_listener) by extensions ['colcon_meta']
[0.179s] Level 1:colcon.colcon_core.package_identification:_identify(src/ros2_whisper/audio_listener) by extension 'colcon_meta'
[0.179s] Level 1:colcon.colcon_core.package_identification:_identify(src/ros2_whisper/audio_listener) by extensions ['ros']
[0.179s] Level 1:colcon.colcon_core.package_identification:_identify(src/ros2_whisper/audio_listener) by extension 'ros'
[0.180s] DEBUG:colcon.colcon_core.package_identification:Package 'src/ros2_whisper/audio_listener' with type 'ros.ament_python' and name 'audio_listener'
[0.180s] Level 1:colcon.colcon_core.package_identification:_identify(src/ros2_whisper/doc) by extensions ['ignore', 'ignore_ament_install']
[0.180s] Level 1:colcon.colcon_core.package_identification:_identify(src/ros2_whisper/doc) by extension 'ignore'
[0.180s] Level 1:colcon.colcon_core.package_identification:_identify(src/ros2_whisper/doc) by extension 'ignore_ament_install'
[0.180s] Level 1:colcon.colcon_core.package_identification:_identify(src/ros2_whisper/doc) by extensions ['colcon_pkg']
[0.180s] Level 1:colcon.colcon_core.package_identification:_identify(src/ros2_whisper/doc) by extension 'colcon_pkg'
[0.180s] Level 1:colcon.colcon_core.package_identification:_identify(src/ros2_whisper/doc) by extensions ['colcon_meta']
[0.180s] Level 1:colcon.colcon_core.package_identification:_identify(src/ros2_whisper/doc) by extension 'colcon_meta'
[0.180s] Level 1:colcon.colcon_core.package_identification:_identify(src/ros2_whisper/doc) by extensions ['ros']
[0.180s] Level 1:colcon.colcon_core.package_identification:_identify(src/ros2_whisper/doc) by extension 'ros'
[0.180s] Level 1:colcon.colcon_core.package_identification:_identify(src/ros2_whisper/doc) by extensions ['cmake', 'python']
[0.180s] Level 1:colcon.colcon_core.package_identification:_identify(src/ros2_whisper/doc) by extension 'cmake'
[0.180s] Level 1:colcon.colcon_core.package_identification:_identify(src/ros2_whisper/doc) by extension 'python'
[0.180s] Level 1:colcon.colcon_core.package_identification:_identify(src/ros2_whisper/doc) by extensions ['python_setup_py']
[0.180s] Level 1:colcon.colcon_core.package_identification:_identify(src/ros2_whisper/doc) by extension 'python_setup_py'
[0.180s] Level 1:colcon.colcon_core.package_identification:_identify(src/ros2_whisper/transcript_manager) by extensions ['ignore', 'ignore_ament_install']
[0.180s] Level 1:colcon.colcon_core.package_identification:_identify(src/ros2_whisper/transcript_manager) by extension 'ignore'
[0.180s] Level 1:colcon.colcon_core.package_identification:_identify(src/ros2_whisper/transcript_manager) by extension 'ignore_ament_install'
[0.180s] Level 1:colcon.colcon_core.package_identification:_identify(src/ros2_whisper/transcript_manager) by extensions ['colcon_pkg']
[0.180s] Level 1:colcon.colcon_core.package_identification:_identify(src/ros2_whisper/transcript_manager) by extension 'colcon_pkg'
[0.180s] Level 1:colcon.colcon_core.package_identification:_identify(src/ros2_whisper/transcript_manager) by extensions ['colcon_meta']
[0.180s] Level 1:colcon.colcon_core.package_identification:_identify(src/ros2_whisper/transcript_manager) by extension 'colcon_meta'
[0.180s] Level 1:colcon.colcon_core.package_identification:_identify(src/ros2_whisper/transcript_manager) by extensions ['ros']
[0.180s] Level 1:colcon.colcon_core.package_identification:_identify(src/ros2_whisper/transcript_manager) by extension 'ros'
[0.181s] DEBUG:colcon.colcon_core.package_identification:Package 'src/ros2_whisper/transcript_manager' with type 'ros.ament_cmake' and name 'transcript_manager'
[0.181s] Level 1:colcon.colcon_core.package_identification:_identify(src/ros2_whisper/whisper_bringup) by extensions ['ignore', 'ignore_ament_install']
[0.181s] Level 1:colcon.colcon_core.package_identification:_identify(src/ros2_whisper/whisper_bringup) by extension 'ignore'
[0.181s] Level 1:colcon.colcon_core.package_identification:_identify(src/ros2_whisper/whisper_bringup) by extension 'ignore_ament_install'
[0.181s] Level 1:colcon.colcon_core.package_identification:_identify(src/ros2_whisper/whisper_bringup) by extensions ['colcon_pkg']
[0.181s] Level 1:colcon.colcon_core.package_identification:_identify(src/ros2_whisper/whisper_bringup) by extension 'colcon_pkg'
[0.181s] Level 1:colcon.colcon_core.package_identification:_identify(src/ros2_whisper/whisper_bringup) by extensions ['colcon_meta']
[0.181s] Level 1:colcon.colcon_core.package_identification:_identify(src/ros2_whisper/whisper_bringup) by extension 'colcon_meta'
[0.181s] Level 1:colcon.colcon_core.package_identification:_identify(src/ros2_whisper/whisper_bringup) by extensions ['ros']
[0.181s] Level 1:colcon.colcon_core.package_identification:_identify(src/ros2_whisper/whisper_bringup) by extension 'ros'
[0.181s] DEBUG:colcon.colcon_core.package_identification:Package 'src/ros2_whisper/whisper_bringup' with type 'ros.ament_cmake' and name 'whisper_bringup'
[0.181s] Level 1:colcon.colcon_core.package_identification:_identify(src/ros2_whisper/whisper_cpp_vendor) by extensions ['ignore', 'ignore_ament_install']
[0.181s] Level 1:colcon.colcon_core.package_identification:_identify(src/ros2_whisper/whisper_cpp_vendor) by extension 'ignore'
[0.181s] Level 1:colcon.colcon_core.package_identification:_identify(src/ros2_whisper/whisper_cpp_vendor) by extension 'ignore_ament_install'
[0.181s] Level 1:colcon.colcon_core.package_identification:_identify(src/ros2_whisper/whisper_cpp_vendor) by extensions ['colcon_pkg']
[0.181s] Level 1:colcon.colcon_core.package_identification:_identify(src/ros2_whisper/whisper_cpp_vendor) by extension 'colcon_pkg'
[0.181s] Level 1:colcon.colcon_core.package_identification:_identify(src/ros2_whisper/whisper_cpp_vendor) by extensions ['colcon_meta']
[0.181s] Level 1:colcon.colcon_core.package_identification:_identify(src/ros2_whisper/whisper_cpp_vendor) by extension 'colcon_meta'
[0.181s] Level 1:colcon.colcon_core.package_identification:_identify(src/ros2_whisper/whisper_cpp_vendor) by extensions ['ros']
[0.181s] Level 1:colcon.colcon_core.package_identification:_identify(src/ros2_whisper/whisper_cpp_vendor) by extension 'ros'
[0.182s] DEBUG:colcon.colcon_core.package_identification:Package 'src/ros2_whisper/whisper_cpp_vendor' with type 'ros.ament_cmake' and name 'whisper_cpp_vendor'
[0.182s] Level 1:colcon.colcon_core.package_identification:_identify(src/ros2_whisper/whisper_demos) by extensions ['ignore', 'ignore_ament_install']
[0.182s] Level 1:colcon.colcon_core.package_identification:_identify(src/ros2_whisper/whisper_demos) by extension 'ignore'
[0.182s] Level 1:colcon.colcon_core.package_identification:_identify(src/ros2_whisper/whisper_demos) by extension 'ignore_ament_install'
[0.182s] Level 1:colcon.colcon_core.package_identification:_identify(src/ros2_whisper/whisper_demos) by extensions ['colcon_pkg']
[0.182s] Level 1:colcon.colcon_core.package_identification:_identify(src/ros2_whisper/whisper_demos) by extension 'colcon_pkg'
[0.182s] Level 1:colcon.colcon_core.package_identification:_identify(src/ros2_whisper/whisper_demos) by extensions ['colcon_meta']
[0.182s] Level 1:colcon.colcon_core.package_identification:_identify(src/ros2_whisper/whisper_demos) by extension 'colcon_meta'
[0.182s] Level 1:colcon.colcon_core.package_identification:_identify(src/ros2_whisper/whisper_demos) by extensions ['ros']
[0.182s] Level 1:colcon.colcon_core.package_identification:_identify(src/ros2_whisper/whisper_demos) by extension 'ros'
[0.182s] DEBUG:colcon.colcon_core.package_identification:Package 'src/ros2_whisper/whisper_demos' with type 'ros.ament_python' and name 'whisper_demos'
[0.182s] Level 1:colcon.colcon_core.package_identification:_identify(src/ros2_whisper/whisper_idl) by extensions ['ignore', 'ignore_ament_install']
[0.182s] Level 1:colcon.colcon_core.package_identification:_identify(src/ros2_whisper/whisper_idl) by extension 'ignore'
[0.182s] Level 1:colcon.colcon_core.package_identification:_identify(src/ros2_whisper/whisper_idl) by extension 'ignore_ament_install'
[0.182s] Level 1:colcon.colcon_core.package_identification:_identify(src/ros2_whisper/whisper_idl) by extensions ['colcon_pkg']
[0.182s] Level 1:colcon.colcon_core.package_identification:_identify(src/ros2_whisper/whisper_idl) by extension 'colcon_pkg'
[0.182s] Level 1:colcon.colcon_core.package_identification:_identify(src/ros2_whisper/whisper_idl) by extensions ['colcon_meta']
[0.182s] Level 1:colcon.colcon_core.package_identification:_identify(src/ros2_whisper/whisper_idl) by extension 'colcon_meta'
[0.182s] Level 1:colcon.colcon_core.package_identification:_identify(src/ros2_whisper/whisper_idl) by extensions ['ros']
[0.182s] Level 1:colcon.colcon_core.package_identification:_identify(src/ros2_whisper/whisper_idl) by extension 'ros'
[0.183s] DEBUG:colcon.colcon_core.package_identification:Package 'src/ros2_whisper/whisper_idl' with type 'ros.ament_cmake' and name 'whisper_idl'
[0.183s] Level 1:colcon.colcon_core.package_identification:_identify(src/ros2_whisper/whisper_server) by extensions ['ignore', 'ignore_ament_install']
[0.183s] Level 1:colcon.colcon_core.package_identification:_identify(src/ros2_whisper/whisper_server) by extension 'ignore'
[0.183s] Level 1:colcon.colcon_core.package_identification:_identify(src/ros2_whisper/whisper_server) by extension 'ignore_ament_install'
[0.183s] Level 1:colcon.colcon_core.package_identification:_identify(src/ros2_whisper/whisper_server) by extensions ['colcon_pkg']
[0.183s] Level 1:colcon.colcon_core.package_identification:_identify(src/ros2_whisper/whisper_server) by extension 'colcon_pkg'
[0.183s] Level 1:colcon.colcon_core.package_identification:_identify(src/ros2_whisper/whisper_server) by extensions ['colcon_meta']
[0.183s] Level 1:colcon.colcon_core.package_identification:_identify(src/ros2_whisper/whisper_server) by extension 'colcon_meta'
[0.183s] Level 1:colcon.colcon_core.package_identification:_identify(src/ros2_whisper/whisper_server) by extensions ['ros']
[0.183s] Level 1:colcon.colcon_core.package_identification:_identify(src/ros2_whisper/whisper_server) by extension 'ros'
[0.183s] DEBUG:colcon.colcon_core.package_identification:Package 'src/ros2_whisper/whisper_server' with type 'ros.ament_cmake' and name 'whisper_server'
[0.183s] Level 1:colcon.colcon_core.package_identification:_identify(src/ros2_whisper/whisper_util) by extensions ['ignore', 'ignore_ament_install']
[0.183s] Level 1:colcon.colcon_core.package_identification:_identify(src/ros2_whisper/whisper_util) by extension 'ignore'
[0.183s] Level 1:colcon.colcon_core.package_identification:_identify(src/ros2_whisper/whisper_util) by extension 'ignore_ament_install'
[0.183s] Level 1:colcon.colcon_core.package_identification:_identify(src/ros2_whisper/whisper_util) by extensions ['colcon_pkg']
[0.183s] Level 1:colcon.colcon_core.package_identification:_identify(src/ros2_whisper/whisper_util) by extension 'colcon_pkg'
[0.183s] Level 1:colcon.colcon_core.package_identification:_identify(src/ros2_whisper/whisper_util) by extensions ['colcon_meta']
[0.183s] Level 1:colcon.colcon_core.package_identification:_identify(src/ros2_whisper/whisper_util) by extension 'colcon_meta'
[0.183s] Level 1:colcon.colcon_core.package_identification:_identify(src/ros2_whisper/whisper_util) by extensions ['ros']
[0.183s] Level 1:colcon.colcon_core.package_identification:_identify(src/ros2_whisper/whisper_util) by extension 'ros'
[0.184s] DEBUG:colcon.colcon_core.package_identification:Package 'src/ros2_whisper/whisper_util' with type 'ros.ament_cmake' and name 'whisper_util'
[0.184s] Level 1:colcon.colcon_core.package_identification:_identify(src/rviz_marker_static_scene_objects) by extensions ['ignore', 'ignore_ament_install']
[0.184s] Level 1:colcon.colcon_core.package_identification:_identify(src/rviz_marker_static_scene_objects) by extension 'ignore'
[0.184s] Level 1:colcon.colcon_core.package_identification:_identify(src/rviz_marker_static_scene_objects) by extension 'ignore_ament_install'
[0.184s] Level 1:colcon.colcon_core.package_identification:_identify(src/rviz_marker_static_scene_objects) by extensions ['colcon_pkg']
[0.184s] Level 1:colcon.colcon_core.package_identification:_identify(src/rviz_marker_static_scene_objects) by extension 'colcon_pkg'
[0.184s] Level 1:colcon.colcon_core.package_identification:_identify(src/rviz_marker_static_scene_objects) by extensions ['colcon_meta']
[0.184s] Level 1:colcon.colcon_core.package_identification:_identify(src/rviz_marker_static_scene_objects) by extension 'colcon_meta'
[0.184s] Level 1:colcon.colcon_core.package_identification:_identify(src/rviz_marker_static_scene_objects) by extensions ['ros']
[0.184s] Level 1:colcon.colcon_core.package_identification:_identify(src/rviz_marker_static_scene_objects) by extension 'ros'
[0.184s] DEBUG:colcon.colcon_core.package_identification:Package 'src/rviz_marker_static_scene_objects' with type 'ros.ament_python' and name 'rviz_marker_static_scene_objects'
[0.184s] Level 1:colcon.colcon_core.package_identification:_identify(src/rviz_robot_control_panel) by extensions ['ignore', 'ignore_ament_install']
[0.184s] Level 1:colcon.colcon_core.package_identification:_identify(src/rviz_robot_control_panel) by extension 'ignore'
[0.184s] Level 1:colcon.colcon_core.package_identification:_identify(src/rviz_robot_control_panel) by extension 'ignore_ament_install'
[0.184s] Level 1:colcon.colcon_core.package_identification:_identify(src/rviz_robot_control_panel) by extensions ['colcon_pkg']
[0.184s] Level 1:colcon.colcon_core.package_identification:_identify(src/rviz_robot_control_panel) by extension 'colcon_pkg'
[0.184s] Level 1:colcon.colcon_core.package_identification:_identify(src/rviz_robot_control_panel) by extensions ['colcon_meta']
[0.184s] Level 1:colcon.colcon_core.package_identification:_identify(src/rviz_robot_control_panel) by extension 'colcon_meta'
[0.184s] Level 1:colcon.colcon_core.package_identification:_identify(src/rviz_robot_control_panel) by extensions ['ros']
[0.184s] Level 1:colcon.colcon_core.package_identification:_identify(src/rviz_robot_control_panel) by extension 'ros'
[0.185s] DEBUG:colcon.colcon_core.package_identification:Package 'src/rviz_robot_control_panel' with type 'ros.ament_cmake' and name 'rviz_robot_control_panel'
[0.185s] Level 1:colcon.colcon_core.package_identification:_identify(src/rviz_servo_status_overlay) by extensions ['ignore', 'ignore_ament_install']
[0.185s] Level 1:colcon.colcon_core.package_identification:_identify(src/rviz_servo_status_overlay) by extension 'ignore'
[0.185s] Level 1:colcon.colcon_core.package_identification:_identify(src/rviz_servo_status_overlay) by extension 'ignore_ament_install'
[0.185s] Level 1:colcon.colcon_core.package_identification:_identify(src/rviz_servo_status_overlay) by extensions ['colcon_pkg']
[0.185s] Level 1:colcon.colcon_core.package_identification:_identify(src/rviz_servo_status_overlay) by extension 'colcon_pkg'
[0.185s] Level 1:colcon.colcon_core.package_identification:_identify(src/rviz_servo_status_overlay) by extensions ['colcon_meta']
[0.185s] Level 1:colcon.colcon_core.package_identification:_identify(src/rviz_servo_status_overlay) by extension 'colcon_meta'
[0.185s] Level 1:colcon.colcon_core.package_identification:_identify(src/rviz_servo_status_overlay) by extensions ['ros']
[0.185s] Level 1:colcon.colcon_core.package_identification:_identify(src/rviz_servo_status_overlay) by extension 'ros'
[0.186s] DEBUG:colcon.colcon_core.package_identification:Package 'src/rviz_servo_status_overlay' with type 'ros.ament_python' and name 'rviz_servo_status_overlay'
[0.186s] Level 1:colcon.colcon_core.package_identification:_identify(src/voice_command_listener) by extensions ['ignore', 'ignore_ament_install']
[0.186s] Level 1:colcon.colcon_core.package_identification:_identify(src/voice_command_listener) by extension 'ignore'
[0.186s] Level 1:colcon.colcon_core.package_identification:_identify(src/voice_command_listener) by extension 'ignore_ament_install'
[0.186s] Level 1:colcon.colcon_core.package_identification:_identify(src/voice_command_listener) by extensions ['colcon_pkg']
[0.186s] Level 1:colcon.colcon_core.package_identification:_identify(src/voice_command_listener) by extension 'colcon_pkg'
[0.186s] Level 1:colcon.colcon_core.package_identification:_identify(src/voice_command_listener) by extensions ['colcon_meta']
[0.186s] Level 1:colcon.colcon_core.package_identification:_identify(src/voice_command_listener) by extension 'colcon_meta'
[0.186s] Level 1:colcon.colcon_core.package_identification:_identify(src/voice_command_listener) by extensions ['ros']
[0.186s] Level 1:colcon.colcon_core.package_identification:_identify(src/voice_command_listener) by extension 'ros'
[0.186s] DEBUG:colcon.colcon_core.package_identification:Package 'src/voice_command_listener' with type 'ros.ament_python' and name 'voice_command_listener'
[0.186s] Level 1:colcon.colcon_core.package_identification:_identify(src/xarm_ros2) by extensions ['ignore', 'ignore_ament_install']
[0.186s] Level 1:colcon.colcon_core.package_identification:_identify(src/xarm_ros2) by extension 'ignore'
[0.186s] Level 1:colcon.colcon_core.package_identification:_identify(src/xarm_ros2) by extension 'ignore_ament_install'
[0.186s] Level 1:colcon.colcon_core.package_identification:_identify(src/xarm_ros2) by extensions ['colcon_pkg']
[0.186s] Level 1:colcon.colcon_core.package_identification:_identify(src/xarm_ros2) by extension 'colcon_pkg'
[0.186s] Level 1:colcon.colcon_core.package_identification:_identify(src/xarm_ros2) by extensions ['colcon_meta']
[0.186s] Level 1:colcon.colcon_core.package_identification:_identify(src/xarm_ros2) by extension 'colcon_meta'
[0.186s] Level 1:colcon.colcon_core.package_identification:_identify(src/xarm_ros2) by extensions ['ros']
[0.186s] Level 1:colcon.colcon_core.package_identification:_identify(src/xarm_ros2) by extension 'ros'
[0.186s] Level 1:colcon.colcon_core.package_identification:_identify(src/xarm_ros2) by extensions ['cmake', 'python']
[0.186s] Level 1:colcon.colcon_core.package_identification:_identify(src/xarm_ros2) by extension 'cmake'
[0.186s] Level 1:colcon.colcon_core.package_identification:_identify(src/xarm_ros2) by extension 'python'
[0.186s] Level 1:colcon.colcon_core.package_identification:_identify(src/xarm_ros2) by extensions ['python_setup_py']
[0.186s] Level 1:colcon.colcon_core.package_identification:_identify(src/xarm_ros2) by extension 'python_setup_py'
[0.186s] Level 1:colcon.colcon_core.package_identification:_identify(src/xarm_ros2/demo) by extensions ['ignore', 'ignore_ament_install']
[0.186s] Level 1:colcon.colcon_core.package_identification:_identify(src/xarm_ros2/demo) by extension 'ignore'
[0.186s] Level 1:colcon.colcon_core.package_identification:_identify(src/xarm_ros2/demo) by extension 'ignore_ament_install'
[0.186s] Level 1:colcon.colcon_core.package_identification:_identify(src/xarm_ros2/demo) by extensions ['colcon_pkg']
[0.186s] Level 1:colcon.colcon_core.package_identification:_identify(src/xarm_ros2/demo) by extension 'colcon_pkg'
[0.186s] Level 1:colcon.colcon_core.package_identification:_identify(src/xarm_ros2/demo) by extensions ['colcon_meta']
[0.186s] Level 1:colcon.colcon_core.package_identification:_identify(src/xarm_ros2/demo) by extension 'colcon_meta'
[0.186s] Level 1:colcon.colcon_core.package_identification:_identify(src/xarm_ros2/demo) by extensions ['ros']
[0.186s] Level 1:colcon.colcon_core.package_identification:_identify(src/xarm_ros2/demo) by extension 'ros'
[0.186s] Level 1:colcon.colcon_core.package_identification:_identify(src/xarm_ros2/demo) by extensions ['cmake', 'python']
[0.186s] Level 1:colcon.colcon_core.package_identification:_identify(src/xarm_ros2/demo) by extension 'cmake'
[0.186s] Level 1:colcon.colcon_core.package_identification:_identify(src/xarm_ros2/demo) by extension 'python'
[0.186s] Level 1:colcon.colcon_core.package_identification:_identify(src/xarm_ros2/demo) by extensions ['python_setup_py']
[0.187s] Level 1:colcon.colcon_core.package_identification:_identify(src/xarm_ros2/demo) by extension 'python_setup_py'
[0.187s] Level 1:colcon.colcon_core.package_identification:_identify(src/xarm_ros2/demo/mbot_demo) by extensions ['ignore', 'ignore_ament_install']
[0.187s] Level 1:colcon.colcon_core.package_identification:_identify(src/xarm_ros2/demo/mbot_demo) by extension 'ignore'
[0.187s] Level 1:colcon.colcon_core.package_identification:_identify(src/xarm_ros2/demo/mbot_demo) by extension 'ignore_ament_install'
[0.187s] Level 1:colcon.colcon_core.package_identification:_identify(src/xarm_ros2/demo/mbot_demo) by extensions ['colcon_pkg']
[0.187s] Level 1:colcon.colcon_core.package_identification:_identify(src/xarm_ros2/demo/mbot_demo) by extension 'colcon_pkg'
[0.187s] Level 1:colcon.colcon_core.package_identification:_identify(src/xarm_ros2/demo/mbot_demo) by extensions ['colcon_meta']
[0.187s] Level 1:colcon.colcon_core.package_identification:_identify(src/xarm_ros2/demo/mbot_demo) by extension 'colcon_meta'
[0.187s] Level 1:colcon.colcon_core.package_identification:_identify(src/xarm_ros2/demo/mbot_demo) by extensions ['ros']
[0.187s] Level 1:colcon.colcon_core.package_identification:_identify(src/xarm_ros2/demo/mbot_demo) by extension 'ros'
[0.187s] DEBUG:colcon.colcon_core.package_identification:Package 'src/xarm_ros2/demo/mbot_demo' with type 'ros.ament_cmake' and name 'mbot_demo'
[0.187s] Level 1:colcon.colcon_core.package_identification:_identify(src/xarm_ros2/thirdparty) by extensions ['ignore', 'ignore_ament_install']
[0.187s] Level 1:colcon.colcon_core.package_identification:_identify(src/xarm_ros2/thirdparty) by extension 'ignore'
[0.187s] Level 1:colcon.colcon_core.package_identification:_identify(src/xarm_ros2/thirdparty) by extension 'ignore_ament_install'
[0.187s] Level 1:colcon.colcon_core.package_identification:_identify(src/xarm_ros2/thirdparty) by extensions ['colcon_pkg']
[0.187s] Level 1:colcon.colcon_core.package_identification:_identify(src/xarm_ros2/thirdparty) by extension 'colcon_pkg'
[0.187s] Level 1:colcon.colcon_core.package_identification:_identify(src/xarm_ros2/thirdparty) by extensions ['colcon_meta']
[0.187s] Level 1:colcon.colcon_core.package_identification:_identify(src/xarm_ros2/thirdparty) by extension 'colcon_meta'
[0.187s] Level 1:colcon.colcon_core.package_identification:_identify(src/xarm_ros2/thirdparty) by extensions ['ros']
[0.187s] Level 1:colcon.colcon_core.package_identification:_identify(src/xarm_ros2/thirdparty) by extension 'ros'
[0.187s] Level 1:colcon.colcon_core.package_identification:_identify(src/xarm_ros2/thirdparty) by extensions ['cmake', 'python']
[0.187s] Level 1:colcon.colcon_core.package_identification:_identify(src/xarm_ros2/thirdparty) by extension 'cmake'
[0.187s] Level 1:colcon.colcon_core.package_identification:_identify(src/xarm_ros2/thirdparty) by extension 'python'
[0.187s] Level 1:colcon.colcon_core.package_identification:_identify(src/xarm_ros2/thirdparty) by extensions ['python_setup_py']
[0.187s] Level 1:colcon.colcon_core.package_identification:_identify(src/xarm_ros2/thirdparty) by extension 'python_setup_py'
[0.187s] Level 1:colcon.colcon_core.package_identification:_identify(src/xarm_ros2/thirdparty/realsense_gazebo_plugin) by extensions ['ignore', 'ignore_ament_install']
[0.187s] Level 1:colcon.colcon_core.package_identification:_identify(src/xarm_ros2/thirdparty/realsense_gazebo_plugin) by extension 'ignore'
[0.187s] Level 1:colcon.colcon_core.package_identification:_identify(src/xarm_ros2/thirdparty/realsense_gazebo_plugin) by extension 'ignore_ament_install'
[0.187s] Level 1:colcon.colcon_core.package_identification:_identify(src/xarm_ros2/thirdparty/realsense_gazebo_plugin) by extensions ['colcon_pkg']
[0.187s] Level 1:colcon.colcon_core.package_identification:_identify(src/xarm_ros2/thirdparty/realsense_gazebo_plugin) by extension 'colcon_pkg'
[0.187s] Level 1:colcon.colcon_core.package_identification:_identify(src/xarm_ros2/thirdparty/realsense_gazebo_plugin) by extensions ['colcon_meta']
[0.187s] Level 1:colcon.colcon_core.package_identification:_identify(src/xarm_ros2/thirdparty/realsense_gazebo_plugin) by extension 'colcon_meta'
[0.187s] Level 1:colcon.colcon_core.package_identification:_identify(src/xarm_ros2/thirdparty/realsense_gazebo_plugin) by extensions ['ros']
[0.187s] Level 1:colcon.colcon_core.package_identification:_identify(src/xarm_ros2/thirdparty/realsense_gazebo_plugin) by extension 'ros'
[0.188s] DEBUG:colcon.colcon_core.package_identification:Package 'src/xarm_ros2/thirdparty/realsense_gazebo_plugin' with type 'ros.ament_cmake' and name 'realsense_gazebo_plugin'
[0.188s] Level 1:colcon.colcon_core.package_identification:_identify(src/xarm_ros2/uf_ros_lib) by extensions ['ignore', 'ignore_ament_install']
[0.188s] Level 1:colcon.colcon_core.package_identification:_identify(src/xarm_ros2/uf_ros_lib) by extension 'ignore'
[0.188s] Level 1:colcon.colcon_core.package_identification:_identify(src/xarm_ros2/uf_ros_lib) by extension 'ignore_ament_install'
[0.188s] Level 1:colcon.colcon_core.package_identification:_identify(src/xarm_ros2/uf_ros_lib) by extensions ['colcon_pkg']
[0.188s] Level 1:colcon.colcon_core.package_identification:_identify(src/xarm_ros2/uf_ros_lib) by extension 'colcon_pkg'
[0.188s] Level 1:colcon.colcon_core.package_identification:_identify(src/xarm_ros2/uf_ros_lib) by extensions ['colcon_meta']
[0.188s] Level 1:colcon.colcon_core.package_identification:_identify(src/xarm_ros2/uf_ros_lib) by extension 'colcon_meta'
[0.188s] Level 1:colcon.colcon_core.package_identification:_identify(src/xarm_ros2/uf_ros_lib) by extensions ['ros']
[0.188s] Level 1:colcon.colcon_core.package_identification:_identify(src/xarm_ros2/uf_ros_lib) by extension 'ros'
[0.188s] DEBUG:colcon.colcon_core.package_identification:Package 'src/xarm_ros2/uf_ros_lib' with type 'ros.ament_python' and name 'uf_ros_lib'
[0.188s] Level 1:colcon.colcon_core.package_identification:_identify(src/xarm_ros2/xarm_api) by extensions ['ignore', 'ignore_ament_install']
[0.188s] Level 1:colcon.colcon_core.package_identification:_identify(src/xarm_ros2/xarm_api) by extension 'ignore'
[0.188s] Level 1:colcon.colcon_core.package_identification:_identify(src/xarm_ros2/xarm_api) by extension 'ignore_ament_install'
[0.188s] Level 1:colcon.colcon_core.package_identification:_identify(src/xarm_ros2/xarm_api) by extensions ['colcon_pkg']
[0.188s] Level 1:colcon.colcon_core.package_identification:_identify(src/xarm_ros2/xarm_api) by extension 'colcon_pkg'
[0.188s] Level 1:colcon.colcon_core.package_identification:_identify(src/xarm_ros2/xarm_api) by extensions ['colcon_meta']
[0.189s] Level 1:colcon.colcon_core.package_identification:_identify(src/xarm_ros2/xarm_api) by extension 'colcon_meta'
[0.189s] Level 1:colcon.colcon_core.package_identification:_identify(src/xarm_ros2/xarm_api) by extensions ['ros']
[0.189s] Level 1:colcon.colcon_core.package_identification:_identify(src/xarm_ros2/xarm_api) by extension 'ros'
[0.189s] DEBUG:colcon.colcon_core.package_identification:Package 'src/xarm_ros2/xarm_api' with type 'ros.ament_cmake' and name 'xarm_api'
[0.189s] Level 1:colcon.colcon_core.package_identification:_identify(src/xarm_ros2/xarm_controller) by extensions ['ignore', 'ignore_ament_install']
[0.189s] Level 1:colcon.colcon_core.package_identification:_identify(src/xarm_ros2/xarm_controller) by extension 'ignore'
[0.189s] Level 1:colcon.colcon_core.package_identification:_identify(src/xarm_ros2/xarm_controller) by extension 'ignore_ament_install'
[0.189s] Level 1:colcon.colcon_core.package_identification:_identify(src/xarm_ros2/xarm_controller) by extensions ['colcon_pkg']
[0.189s] Level 1:colcon.colcon_core.package_identification:_identify(src/xarm_ros2/xarm_controller) by extension 'colcon_pkg'
[0.189s] Level 1:colcon.colcon_core.package_identification:_identify(src/xarm_ros2/xarm_controller) by extensions ['colcon_meta']
[0.189s] Level 1:colcon.colcon_core.package_identification:_identify(src/xarm_ros2/xarm_controller) by extension 'colcon_meta'
[0.189s] Level 1:colcon.colcon_core.package_identification:_identify(src/xarm_ros2/xarm_controller) by extensions ['ros']
[0.189s] Level 1:colcon.colcon_core.package_identification:_identify(src/xarm_ros2/xarm_controller) by extension 'ros'
[0.190s] DEBUG:colcon.colcon_core.package_identification:Package 'src/xarm_ros2/xarm_controller' with type 'ros.ament_cmake' and name 'xarm_controller'
[0.190s] Level 1:colcon.colcon_core.package_identification:_identify(src/xarm_ros2/xarm_description) by extensions ['ignore', 'ignore_ament_install']
[0.190s] Level 1:colcon.colcon_core.package_identification:_identify(src/xarm_ros2/xarm_description) by extension 'ignore'
[0.190s] Level 1:colcon.colcon_core.package_identification:_identify(src/xarm_ros2/xarm_description) by extension 'ignore_ament_install'
[0.190s] Level 1:colcon.colcon_core.package_identification:_identify(src/xarm_ros2/xarm_description) by extensions ['colcon_pkg']
[0.190s] Level 1:colcon.colcon_core.package_identification:_identify(src/xarm_ros2/xarm_description) by extension 'colcon_pkg'
[0.190s] Level 1:colcon.colcon_core.package_identification:_identify(src/xarm_ros2/xarm_description) by extensions ['colcon_meta']
[0.190s] Level 1:colcon.colcon_core.package_identification:_identify(src/xarm_ros2/xarm_description) by extension 'colcon_meta'
[0.190s] Level 1:colcon.colcon_core.package_identification:_identify(src/xarm_ros2/xarm_description) by extensions ['ros']
[0.190s] Level 1:colcon.colcon_core.package_identification:_identify(src/xarm_ros2/xarm_description) by extension 'ros'
[0.190s] DEBUG:colcon.colcon_core.package_identification:Package 'src/xarm_ros2/xarm_description' with type 'ros.ament_cmake' and name 'xarm_description'
[0.190s] Level 1:colcon.colcon_core.package_identification:_identify(src/xarm_ros2/xarm_gazebo) by extensions ['ignore', 'ignore_ament_install']
[0.191s] Level 1:colcon.colcon_core.package_identification:_identify(src/xarm_ros2/xarm_gazebo) by extension 'ignore'
[0.191s] Level 1:colcon.colcon_core.package_identification:_identify(src/xarm_ros2/xarm_gazebo) by extension 'ignore_ament_install'
[0.191s] Level 1:colcon.colcon_core.package_identification:_identify(src/xarm_ros2/xarm_gazebo) by extensions ['colcon_pkg']
[0.191s] Level 1:colcon.colcon_core.package_identification:_identify(src/xarm_ros2/xarm_gazebo) by extension 'colcon_pkg'
[0.191s] Level 1:colcon.colcon_core.package_identification:_identify(src/xarm_ros2/xarm_gazebo) by extensions ['colcon_meta']
[0.191s] Level 1:colcon.colcon_core.package_identification:_identify(src/xarm_ros2/xarm_gazebo) by extension 'colcon_meta'
[0.191s] Level 1:colcon.colcon_core.package_identification:_identify(src/xarm_ros2/xarm_gazebo) by extensions ['ros']
[0.191s] Level 1:colcon.colcon_core.package_identification:_identify(src/xarm_ros2/xarm_gazebo) by extension 'ros'
[0.191s] DEBUG:colcon.colcon_core.package_identification:Package 'src/xarm_ros2/xarm_gazebo' with type 'ros.ament_cmake' and name 'xarm_gazebo'
[0.191s] Level 1:colcon.colcon_core.package_identification:_identify(src/xarm_ros2/xarm_moveit_config) by extensions ['ignore', 'ignore_ament_install']
[0.191s] Level 1:colcon.colcon_core.package_identification:_identify(src/xarm_ros2/xarm_moveit_config) by extension 'ignore'
[0.191s] Level 1:colcon.colcon_core.package_identification:_identify(src/xarm_ros2/xarm_moveit_config) by extension 'ignore_ament_install'
[0.191s] Level 1:colcon.colcon_core.package_identification:_identify(src/xarm_ros2/xarm_moveit_config) by extensions ['colcon_pkg']
[0.191s] Level 1:colcon.colcon_core.package_identification:_identify(src/xarm_ros2/xarm_moveit_config) by extension 'colcon_pkg'
[0.191s] Level 1:colcon.colcon_core.package_identification:_identify(src/xarm_ros2/xarm_moveit_config) by extensions ['colcon_meta']
[0.191s] Level 1:colcon.colcon_core.package_identification:_identify(src/xarm_ros2/xarm_moveit_config) by extension 'colcon_meta'
[0.191s] Level 1:colcon.colcon_core.package_identification:_identify(src/xarm_ros2/xarm_moveit_config) by extensions ['ros']
[0.191s] Level 1:colcon.colcon_core.package_identification:_identify(src/xarm_ros2/xarm_moveit_config) by extension 'ros'
[0.192s] DEBUG:colcon.colcon_core.package_identification:Package 'src/xarm_ros2/xarm_moveit_config' with type 'ros.ament_cmake' and name 'xarm_moveit_config'
[0.192s] Level 1:colcon.colcon_core.package_identification:_identify(src/xarm_ros2/xarm_moveit_servo) by extensions ['ignore', 'ignore_ament_install']
[0.192s] Level 1:colcon.colcon_core.package_identification:_identify(src/xarm_ros2/xarm_moveit_servo) by extension 'ignore'
[0.192s] Level 1:colcon.colcon_core.package_identification:_identify(src/xarm_ros2/xarm_moveit_servo) by extension 'ignore_ament_install'
[0.192s] Level 1:colcon.colcon_core.package_identification:_identify(src/xarm_ros2/xarm_moveit_servo) by extensions ['colcon_pkg']
[0.192s] Level 1:colcon.colcon_core.package_identification:_identify(src/xarm_ros2/xarm_moveit_servo) by extension 'colcon_pkg'
[0.192s] Level 1:colcon.colcon_core.package_identification:_identify(src/xarm_ros2/xarm_moveit_servo) by extensions ['colcon_meta']
[0.192s] Level 1:colcon.colcon_core.package_identification:_identify(src/xarm_ros2/xarm_moveit_servo) by extension 'colcon_meta'
[0.192s] Level 1:colcon.colcon_core.package_identification:_identify(src/xarm_ros2/xarm_moveit_servo) by extensions ['ros']
[0.192s] Level 1:colcon.colcon_core.package_identification:_identify(src/xarm_ros2/xarm_moveit_servo) by extension 'ros'
[0.193s] DEBUG:colcon.colcon_core.package_identification:Package 'src/xarm_ros2/xarm_moveit_servo' with type 'ros.ament_cmake' and name 'xarm_moveit_servo'
[0.193s] Level 1:colcon.colcon_core.package_identification:_identify(src/xarm_ros2/xarm_msgs) by extensions ['ignore', 'ignore_ament_install']
[0.193s] Level 1:colcon.colcon_core.package_identification:_identify(src/xarm_ros2/xarm_msgs) by extension 'ignore'
[0.193s] Level 1:colcon.colcon_core.package_identification:_identify(src/xarm_ros2/xarm_msgs) by extension 'ignore_ament_install'
[0.193s] Level 1:colcon.colcon_core.package_identification:_identify(src/xarm_ros2/xarm_msgs) by extensions ['colcon_pkg']
[0.193s] Level 1:colcon.colcon_core.package_identification:_identify(src/xarm_ros2/xarm_msgs) by extension 'colcon_pkg'
[0.193s] Level 1:colcon.colcon_core.package_identification:_identify(src/xarm_ros2/xarm_msgs) by extensions ['colcon_meta']
[0.193s] Level 1:colcon.colcon_core.package_identification:_identify(src/xarm_ros2/xarm_msgs) by extension 'colcon_meta'
[0.193s] Level 1:colcon.colcon_core.package_identification:_identify(src/xarm_ros2/xarm_msgs) by extensions ['ros']
[0.193s] Level 1:colcon.colcon_core.package_identification:_identify(src/xarm_ros2/xarm_msgs) by extension 'ros'
[0.193s] DEBUG:colcon.colcon_core.package_identification:Package 'src/xarm_ros2/xarm_msgs' with type 'ros.ament_cmake' and name 'xarm_msgs'
[0.193s] Level 1:colcon.colcon_core.package_identification:_identify(src/xarm_ros2/xarm_planner) by extensions ['ignore', 'ignore_ament_install']
[0.193s] Level 1:colcon.colcon_core.package_identification:_identify(src/xarm_ros2/xarm_planner) by extension 'ignore'
[0.193s] Level 1:colcon.colcon_core.package_identification:_identify(src/xarm_ros2/xarm_planner) by extension 'ignore_ament_install'
[0.193s] Level 1:colcon.colcon_core.package_identification:_identify(src/xarm_ros2/xarm_planner) by extensions ['colcon_pkg']
[0.193s] Level 1:colcon.colcon_core.package_identification:_identify(src/xarm_ros2/xarm_planner) by extension 'colcon_pkg'
[0.193s] Level 1:colcon.colcon_core.package_identification:_identify(src/xarm_ros2/xarm_planner) by extensions ['colcon_meta']
[0.193s] Level 1:colcon.colcon_core.package_identification:_identify(src/xarm_ros2/xarm_planner) by extension 'colcon_meta'
[0.193s] Level 1:colcon.colcon_core.package_identification:_identify(src/xarm_ros2/xarm_planner) by extensions ['ros']
[0.194s] Level 1:colcon.colcon_core.package_identification:_identify(src/xarm_ros2/xarm_planner) by extension 'ros'
[0.194s] DEBUG:colcon.colcon_core.package_identification:Package 'src/xarm_ros2/xarm_planner' with type 'ros.ament_cmake' and name 'xarm_planner'
[0.194s] Level 1:colcon.colcon_core.package_identification:_identify(src/xarm_ros2/xarm_sdk) by extensions ['ignore', 'ignore_ament_install']
[0.194s] Level 1:colcon.colcon_core.package_identification:_identify(src/xarm_ros2/xarm_sdk) by extension 'ignore'
[0.194s] Level 1:colcon.colcon_core.package_identification:_identify(src/xarm_ros2/xarm_sdk) by extension 'ignore_ament_install'
[0.194s] Level 1:colcon.colcon_core.package_identification:_identify(src/xarm_ros2/xarm_sdk) by extensions ['colcon_pkg']
[0.194s] Level 1:colcon.colcon_core.package_identification:_identify(src/xarm_ros2/xarm_sdk) by extension 'colcon_pkg'
[0.194s] Level 1:colcon.colcon_core.package_identification:_identify(src/xarm_ros2/xarm_sdk) by extensions ['colcon_meta']
[0.194s] Level 1:colcon.colcon_core.package_identification:_identify(src/xarm_ros2/xarm_sdk) by extension 'colcon_meta'
[0.194s] Level 1:colcon.colcon_core.package_identification:_identify(src/xarm_ros2/xarm_sdk) by extensions ['ros']
[0.194s] Level 1:colcon.colcon_core.package_identification:_identify(src/xarm_ros2/xarm_sdk) by extension 'ros'
[0.195s] DEBUG:colcon.colcon_core.package_identification:Package 'src/xarm_ros2/xarm_sdk' with type 'ros.ament_cmake' and name 'xarm_sdk'
[0.195s] Level 1:colcon.colcon_core.package_identification:_identify(src/yolo_object_detector) by extensions ['ignore', 'ignore_ament_install']
[0.195s] Level 1:colcon.colcon_core.package_identification:_identify(src/yolo_object_detector) by extension 'ignore'
[0.195s] Level 1:colcon.colcon_core.package_identification:_identify(src/yolo_object_detector) by extension 'ignore_ament_install'
[0.195s] Level 1:colcon.colcon_core.package_identification:_identify(src/yolo_object_detector) by extensions ['colcon_pkg']
[0.195s] Level 1:colcon.colcon_core.package_identification:_identify(src/yolo_object_detector) by extension 'colcon_pkg'
[0.195s] Level 1:colcon.colcon_core.package_identification:_identify(src/yolo_object_detector) by extensions ['colcon_meta']
[0.195s] Level 1:colcon.colcon_core.package_identification:_identify(src/yolo_object_detector) by extension 'colcon_meta'
[0.195s] Level 1:colcon.colcon_core.package_identification:_identify(src/yolo_object_detector) by extensions ['ros']
[0.195s] Level 1:colcon.colcon_core.package_identification:_identify(src/yolo_object_detector) by extension 'ros'
[0.195s] DEBUG:colcon.colcon_core.package_identification:Package 'src/yolo_object_detector' with type 'ros.ament_python' and name 'yolo_object_detector'
[0.195s] Level 1:colcon.colcon_core.package_identification:_identify(src/zed-ros2-interfaces) by extensions ['ignore', 'ignore_ament_install']
[0.195s] Level 1:colcon.colcon_core.package_identification:_identify(src/zed-ros2-interfaces) by extension 'ignore'
[0.195s] Level 1:colcon.colcon_core.package_identification:_identify(src/zed-ros2-interfaces) by extension 'ignore_ament_install'
[0.195s] Level 1:colcon.colcon_core.package_identification:_identify(src/zed-ros2-interfaces) by extensions ['colcon_pkg']
[0.195s] Level 1:colcon.colcon_core.package_identification:_identify(src/zed-ros2-interfaces) by extension 'colcon_pkg'
[0.195s] Level 1:colcon.colcon_core.package_identification:_identify(src/zed-ros2-interfaces) by extensions ['colcon_meta']
[0.195s] Level 1:colcon.colcon_core.package_identification:_identify(src/zed-ros2-interfaces) by extension 'colcon_meta'
[0.195s] Level 1:colcon.colcon_core.package_identification:_identify(src/zed-ros2-interfaces) by extensions ['ros']
[0.195s] Level 1:colcon.colcon_core.package_identification:_identify(src/zed-ros2-interfaces) by extension 'ros'
[0.196s] DEBUG:colcon.colcon_core.package_identification:Package 'src/zed-ros2-interfaces' with type 'ros.ament_cmake' and name 'zed_interfaces'
[0.196s] Level 1:colcon.colcon_core.package_identification:_identify(src/zed-ros2-wrapper) by extensions ['ignore', 'ignore_ament_install']
[0.196s] Level 1:colcon.colcon_core.package_identification:_identify(src/zed-ros2-wrapper) by extension 'ignore'
[0.196s] Level 1:colcon.colcon_core.package_identification:_identify(src/zed-ros2-wrapper) by extension 'ignore_ament_install'
[0.196s] Level 1:colcon.colcon_core.package_identification:_identify(src/zed-ros2-wrapper) by extensions ['colcon_pkg']
[0.196s] Level 1:colcon.colcon_core.package_identification:_identify(src/zed-ros2-wrapper) by extension 'colcon_pkg'
[0.196s] Level 1:colcon.colcon_core.package_identification:_identify(src/zed-ros2-wrapper) by extensions ['colcon_meta']
[0.196s] Level 1:colcon.colcon_core.package_identification:_identify(src/zed-ros2-wrapper) by extension 'colcon_meta'
[0.196s] Level 1:colcon.colcon_core.package_identification:_identify(src/zed-ros2-wrapper) by extensions ['ros']
[0.196s] Level 1:colcon.colcon_core.package_identification:_identify(src/zed-ros2-wrapper) by extension 'ros'
[0.196s] Level 1:colcon.colcon_core.package_identification:_identify(src/zed-ros2-wrapper) by extensions ['cmake', 'python']
[0.196s] Level 1:colcon.colcon_core.package_identification:_identify(src/zed-ros2-wrapper) by extension 'cmake'
[0.196s] Level 1:colcon.colcon_core.package_identification:_identify(src/zed-ros2-wrapper) by extension 'python'
[0.196s] Level 1:colcon.colcon_core.package_identification:_identify(src/zed-ros2-wrapper) by extensions ['python_setup_py']
[0.196s] Level 1:colcon.colcon_core.package_identification:_identify(src/zed-ros2-wrapper) by extension 'python_setup_py'
[0.196s] Level 1:colcon.colcon_core.package_identification:_identify(src/zed-ros2-wrapper/docker) by extensions ['ignore', 'ignore_ament_install']
[0.196s] Level 1:colcon.colcon_core.package_identification:_identify(src/zed-ros2-wrapper/docker) by extension 'ignore'
[0.196s] Level 1:colcon.colcon_core.package_identification:_identify(src/zed-ros2-wrapper/docker) by extension 'ignore_ament_install'
[0.196s] Level 1:colcon.colcon_core.package_identification:_identify(src/zed-ros2-wrapper/docker) by extensions ['colcon_pkg']
[0.196s] Level 1:colcon.colcon_core.package_identification:_identify(src/zed-ros2-wrapper/docker) by extension 'colcon_pkg'
[0.196s] Level 1:colcon.colcon_core.package_identification:_identify(src/zed-ros2-wrapper/docker) by extensions ['colcon_meta']
[0.196s] Level 1:colcon.colcon_core.package_identification:_identify(src/zed-ros2-wrapper/docker) by extension 'colcon_meta'
[0.196s] Level 1:colcon.colcon_core.package_identification:_identify(src/zed-ros2-wrapper/docker) by extensions ['ros']
[0.196s] Level 1:colcon.colcon_core.package_identification:_identify(src/zed-ros2-wrapper/docker) by extension 'ros'
[0.196s] Level 1:colcon.colcon_core.package_identification:_identify(src/zed-ros2-wrapper/docker) by extensions ['cmake', 'python']
[0.196s] Level 1:colcon.colcon_core.package_identification:_identify(src/zed-ros2-wrapper/docker) by extension 'cmake'
[0.196s] Level 1:colcon.colcon_core.package_identification:_identify(src/zed-ros2-wrapper/docker) by extension 'python'
[0.196s] Level 1:colcon.colcon_core.package_identification:_identify(src/zed-ros2-wrapper/docker) by extensions ['python_setup_py']
[0.196s] Level 1:colcon.colcon_core.package_identification:_identify(src/zed-ros2-wrapper/docker) by extension 'python_setup_py'
[0.196s] Level 1:colcon.colcon_core.package_identification:_identify(src/zed-ros2-wrapper/images) by extensions ['ignore', 'ignore_ament_install']
[0.196s] Level 1:colcon.colcon_core.package_identification:_identify(src/zed-ros2-wrapper/images) by extension 'ignore'
[0.196s] Level 1:colcon.colcon_core.package_identification:_identify(src/zed-ros2-wrapper/images) by extension 'ignore_ament_install'
[0.196s] Level 1:colcon.colcon_core.package_identification:_identify(src/zed-ros2-wrapper/images) by extensions ['colcon_pkg']
[0.196s] Level 1:colcon.colcon_core.package_identification:_identify(src/zed-ros2-wrapper/images) by extension 'colcon_pkg'
[0.196s] Level 1:colcon.colcon_core.package_identification:_identify(src/zed-ros2-wrapper/images) by extensions ['colcon_meta']
[0.196s] Level 1:colcon.colcon_core.package_identification:_identify(src/zed-ros2-wrapper/images) by extension 'colcon_meta'
[0.196s] Level 1:colcon.colcon_core.package_identification:_identify(src/zed-ros2-wrapper/images) by extensions ['ros']
[0.196s] Level 1:colcon.colcon_core.package_identification:_identify(src/zed-ros2-wrapper/images) by extension 'ros'
[0.196s] Level 1:colcon.colcon_core.package_identification:_identify(src/zed-ros2-wrapper/images) by extensions ['cmake', 'python']
[0.196s] Level 1:colcon.colcon_core.package_identification:_identify(src/zed-ros2-wrapper/images) by extension 'cmake'
[0.197s] Level 1:colcon.colcon_core.package_identification:_identify(src/zed-ros2-wrapper/images) by extension 'python'
[0.197s] Level 1:colcon.colcon_core.package_identification:_identify(src/zed-ros2-wrapper/images) by extensions ['python_setup_py']
[0.197s] Level 1:colcon.colcon_core.package_identification:_identify(src/zed-ros2-wrapper/images) by extension 'python_setup_py'
[0.197s] Level 1:colcon.colcon_core.package_identification:_identify(src/zed-ros2-wrapper/zed_components) by extensions ['ignore', 'ignore_ament_install']
[0.197s] Level 1:colcon.colcon_core.package_identification:_identify(src/zed-ros2-wrapper/zed_components) by extension 'ignore'
[0.197s] Level 1:colcon.colcon_core.package_identification:_identify(src/zed-ros2-wrapper/zed_components) by extension 'ignore_ament_install'
[0.197s] Level 1:colcon.colcon_core.package_identification:_identify(src/zed-ros2-wrapper/zed_components) by extensions ['colcon_pkg']
[0.197s] Level 1:colcon.colcon_core.package_identification:_identify(src/zed-ros2-wrapper/zed_components) by extension 'colcon_pkg'
[0.197s] Level 1:colcon.colcon_core.package_identification:_identify(src/zed-ros2-wrapper/zed_components) by extensions ['colcon_meta']
[0.197s] Level 1:colcon.colcon_core.package_identification:_identify(src/zed-ros2-wrapper/zed_components) by extension 'colcon_meta'
[0.197s] Level 1:colcon.colcon_core.package_identification:_identify(src/zed-ros2-wrapper/zed_components) by extensions ['ros']
[0.197s] Level 1:colcon.colcon_core.package_identification:_identify(src/zed-ros2-wrapper/zed_components) by extension 'ros'
[0.197s] DEBUG:colcon.colcon_core.package_identification:Package 'src/zed-ros2-wrapper/zed_components' with type 'ros.ament_cmake' and name 'zed_components'
[0.197s] Level 1:colcon.colcon_core.package_identification:_identify(src/zed-ros2-wrapper/zed_ros2) by extensions ['ignore', 'ignore_ament_install']
[0.197s] Level 1:colcon.colcon_core.package_identification:_identify(src/zed-ros2-wrapper/zed_ros2) by extension 'ignore'
[0.197s] Level 1:colcon.colcon_core.package_identification:_identify(src/zed-ros2-wrapper/zed_ros2) by extension 'ignore_ament_install'
[0.197s] Level 1:colcon.colcon_core.package_identification:_identify(src/zed-ros2-wrapper/zed_ros2) by extensions ['colcon_pkg']
[0.197s] Level 1:colcon.colcon_core.package_identification:_identify(src/zed-ros2-wrapper/zed_ros2) by extension 'colcon_pkg'
[0.198s] Level 1:colcon.colcon_core.package_identification:_identify(src/zed-ros2-wrapper/zed_ros2) by extensions ['colcon_meta']
[0.198s] Level 1:colcon.colcon_core.package_identification:_identify(src/zed-ros2-wrapper/zed_ros2) by extension 'colcon_meta'
[0.198s] Level 1:colcon.colcon_core.package_identification:_identify(src/zed-ros2-wrapper/zed_ros2) by extensions ['ros']
[0.198s] Level 1:colcon.colcon_core.package_identification:_identify(src/zed-ros2-wrapper/zed_ros2) by extension 'ros'
[0.198s] DEBUG:colcon.colcon_core.package_identification:Package 'src/zed-ros2-wrapper/zed_ros2' with type 'ros.ament_cmake' and name 'zed_ros2'
[0.198s] Level 1:colcon.colcon_core.package_identification:_identify(src/zed-ros2-wrapper/zed_wrapper) by extensions ['ignore', 'ignore_ament_install']
[0.198s] Level 1:colcon.colcon_core.package_identification:_identify(src/zed-ros2-wrapper/zed_wrapper) by extension 'ignore'
[0.198s] Level 1:colcon.colcon_core.package_identification:_identify(src/zed-ros2-wrapper/zed_wrapper) by extension 'ignore_ament_install'
[0.198s] Level 1:colcon.colcon_core.package_identification:_identify(src/zed-ros2-wrapper/zed_wrapper) by extensions ['colcon_pkg']
[0.198s] Level 1:colcon.colcon_core.package_identification:_identify(src/zed-ros2-wrapper/zed_wrapper) by extension 'colcon_pkg'
[0.198s] Level 1:colcon.colcon_core.package_identification:_identify(src/zed-ros2-wrapper/zed_wrapper) by extensions ['colcon_meta']
[0.198s] Level 1:colcon.colcon_core.package_identification:_identify(src/zed-ros2-wrapper/zed_wrapper) by extension 'colcon_meta'
[0.198s] Level 1:colcon.colcon_core.package_identification:_identify(src/zed-ros2-wrapper/zed_wrapper) by extensions ['ros']
[0.198s] Level 1:colcon.colcon_core.package_identification:_identify(src/zed-ros2-wrapper/zed_wrapper) by extension 'ros'
[0.198s] DEBUG:colcon.colcon_core.package_identification:Package 'src/zed-ros2-wrapper/zed_wrapper' with type 'ros.ament_cmake' and name 'zed_wrapper'
[0.198s] Level 1:colcon.colcon_core.package_discovery:discover_packages(recursive) using defaults
[0.198s] Level 1:colcon.colcon_core.package_discovery:discover_packages(ignore) discover
[0.199s] Level 1:colcon.colcon_core.package_discovery:discover_packages(ignore) using defaults
[0.199s] Level 1:colcon.colcon_core.package_discovery:discover_packages(path) discover
[0.199s] Level 1:colcon.colcon_core.package_discovery:discover_packages(path) using defaults
[0.214s] Level 1:colcon.colcon_core.package_discovery:discover_packages(prefix_path) check parameters
[0.214s] Level 1:colcon.colcon_core.package_discovery:discover_packages(prefix_path) discover
[0.216s] DEBUG:colcon.colcon_installed_package_information.package_discovery:Found 35 installed packages in /home/mk/dev_ws/install
[0.217s] DEBUG:colcon.colcon_installed_package_information.package_discovery:Found 365 installed packages in /opt/ros/humble
[0.218s] Level 1:colcon.colcon_core.package_discovery:discover_packages(prefix_path) using defaults
[0.238s] Level 5:colcon.colcon_core.verb:set package 'audio_listener' build argument 'cmake_args' from command line to 'None'
[0.238s] Level 5:colcon.colcon_core.verb:set package 'audio_listener' build argument 'cmake_target' from command line to 'None'
[0.238s] Level 5:colcon.colcon_core.verb:set package 'audio_listener' build argument 'cmake_target_skip_unavailable' from command line to 'False'
[0.238s] Level 5:colcon.colcon_core.verb:set package 'audio_listener' build argument 'cmake_clean_cache' from command line to 'False'
[0.238s] Level 5:colcon.colcon_core.verb:set package 'audio_listener' build argument 'cmake_clean_first' from command line to 'False'
[0.238s] Level 5:colcon.colcon_core.verb:set package 'audio_listener' build argument 'cmake_force_configure' from command line to 'False'
[0.238s] Level 5:colcon.colcon_core.verb:set package 'audio_listener' build argument 'ament_cmake_args' from command line to 'None'
[0.238s] Level 5:colcon.colcon_core.verb:set package 'audio_listener' build argument 'catkin_cmake_args' from command line to 'None'
[0.238s] Level 5:colcon.colcon_core.verb:set package 'audio_listener' build argument 'catkin_skip_building_tests' from command line to 'False'
[0.238s] DEBUG:colcon.colcon_core.verb:Building package 'audio_listener' with the following arguments: {'ament_cmake_args': None, 'build_base': '/home/mk/dev_ws/build/audio_listener', 'catkin_cmake_args': None, 'catkin_skip_building_tests': False, 'cmake_args': None, 'cmake_clean_cache': False, 'cmake_clean_first': False, 'cmake_force_configure': False, 'cmake_target': None, 'cmake_target_skip_unavailable': False, 'install_base': '/home/mk/dev_ws/install/audio_listener', 'merge_install': False, 'path': '/home/mk/dev_ws/src/ros2_whisper/audio_listener', 'symlink_install': True, 'test_result_base': None}
[0.238s] Level 5:colcon.colcon_core.verb:set package 'collision_check' build argument 'cmake_args' from command line to 'None'
[0.238s] Level 5:colcon.colcon_core.verb:set package 'collision_check' build argument 'cmake_target' from command line to 'None'
[0.238s] Level 5:colcon.colcon_core.verb:set package 'collision_check' build argument 'cmake_target_skip_unavailable' from command line to 'False'
[0.238s] Level 5:colcon.colcon_core.verb:set package 'collision_check' build argument 'cmake_clean_cache' from command line to 'False'
[0.238s] Level 5:colcon.colcon_core.verb:set package 'collision_check' build argument 'cmake_clean_first' from command line to 'False'
[0.238s] Level 5:colcon.colcon_core.verb:set package 'collision_check' build argument 'cmake_force_configure' from command line to 'False'
[0.238s] Level 5:colcon.colcon_core.verb:set package 'collision_check' build argument 'ament_cmake_args' from command line to 'None'
[0.238s] Level 5:colcon.colcon_core.verb:set package 'collision_check' build argument 'catkin_cmake_args' from command line to 'None'
[0.238s] Level 5:colcon.colcon_core.verb:set package 'collision_check' build argument 'catkin_skip_building_tests' from command line to 'False'
[0.238s] DEBUG:colcon.colcon_core.verb:Building package 'collision_check' with the following arguments: {'ament_cmake_args': None, 'build_base': '/home/mk/dev_ws/build/collision_check', 'catkin_cmake_args': None, 'catkin_skip_building_tests': False, 'cmake_args': None, 'cmake_clean_cache': False, 'cmake_clean_first': False, 'cmake_force_configure': False, 'cmake_target': None, 'cmake_target_skip_unavailable': False, 'install_base': '/home/mk/dev_ws/install/collision_check', 'merge_install': False, 'path': '/home/mk/dev_ws/src/collision_check', 'symlink_install': True, 'test_result_base': None}
[0.238s] Level 5:colcon.colcon_core.verb:set package 'gaze_control' build argument 'cmake_args' from command line to 'None'
[0.238s] Level 5:colcon.colcon_core.verb:set package 'gaze_control' build argument 'cmake_target' from command line to 'None'
[0.238s] Level 5:colcon.colcon_core.verb:set package 'gaze_control' build argument 'cmake_target_skip_unavailable' from command line to 'False'
[0.238s] Level 5:colcon.colcon_core.verb:set package 'gaze_control' build argument 'cmake_clean_cache' from command line to 'False'
[0.238s] Level 5:colcon.colcon_core.verb:set package 'gaze_control' build argument 'cmake_clean_first' from command line to 'False'
[0.238s] Level 5:colcon.colcon_core.verb:set package 'gaze_control' build argument 'cmake_force_configure' from command line to 'False'
[0.238s] Level 5:colcon.colcon_core.verb:set package 'gaze_control' build argument 'ament_cmake_args' from command line to 'None'
[0.238s] Level 5:colcon.colcon_core.verb:set package 'gaze_control' build argument 'catkin_cmake_args' from command line to 'None'
[0.238s] Level 5:colcon.colcon_core.verb:set package 'gaze_control' build argument 'catkin_skip_building_tests' from command line to 'False'
[0.238s] DEBUG:colcon.colcon_core.verb:Building package 'gaze_control' with the following arguments: {'ament_cmake_args': None, 'build_base': '/home/mk/dev_ws/build/gaze_control', 'catkin_cmake_args': None, 'catkin_skip_building_tests': False, 'cmake_args': None, 'cmake_clean_cache': False, 'cmake_clean_first': False, 'cmake_force_configure': False, 'cmake_target': None, 'cmake_target_skip_unavailable': False, 'install_base': '/home/mk/dev_ws/install/gaze_control', 'merge_install': False, 'path': '/home/mk/dev_ws/src/gaze_control', 'symlink_install': True, 'test_result_base': None}
[0.238s] Level 5:colcon.colcon_core.verb:set package 'mbot_demo' build argument 'cmake_args' from command line to 'None'
[0.238s] Level 5:colcon.colcon_core.verb:set package 'mbot_demo' build argument 'cmake_target' from command line to 'None'
[0.238s] Level 5:colcon.colcon_core.verb:set package 'mbot_demo' build argument 'cmake_target_skip_unavailable' from command line to 'False'
[0.238s] Level 5:colcon.colcon_core.verb:set package 'mbot_demo' build argument 'cmake_clean_cache' from command line to 'False'
[0.238s] Level 5:colcon.colcon_core.verb:set package 'mbot_demo' build argument 'cmake_clean_first' from command line to 'False'
[0.238s] Level 5:colcon.colcon_core.verb:set package 'mbot_demo' build argument 'cmake_force_configure' from command line to 'False'
[0.238s] Level 5:colcon.colcon_core.verb:set package 'mbot_demo' build argument 'ament_cmake_args' from command line to 'None'
[0.238s] Level 5:colcon.colcon_core.verb:set package 'mbot_demo' build argument 'catkin_cmake_args' from command line to 'None'
[0.238s] Level 5:colcon.colcon_core.verb:set package 'mbot_demo' build argument 'catkin_skip_building_tests' from command line to 'False'
[0.239s] DEBUG:colcon.colcon_core.verb:Building package 'mbot_demo' with the following arguments: {'ament_cmake_args': None, 'build_base': '/home/mk/dev_ws/build/mbot_demo', 'catkin_cmake_args': None, 'catkin_skip_building_tests': False, 'cmake_args': None, 'cmake_clean_cache': False, 'cmake_clean_first': False, 'cmake_force_configure': False, 'cmake_target': None, 'cmake_target_skip_unavailable': False, 'install_base': '/home/mk/dev_ws/install/mbot_demo', 'merge_install': False, 'path': '/home/mk/dev_ws/src/xarm_ros2/demo/mbot_demo', 'symlink_install': True, 'test_result_base': None}
[0.239s] Level 5:colcon.colcon_core.verb:set package 'my_3d_vision_bringup' build argument 'cmake_args' from command line to 'None'
[0.239s] Level 5:colcon.colcon_core.verb:set package 'my_3d_vision_bringup' build argument 'cmake_target' from command line to 'None'
[0.239s] Level 5:colcon.colcon_core.verb:set package 'my_3d_vision_bringup' build argument 'cmake_target_skip_unavailable' from command line to 'False'
[0.239s] Level 5:colcon.colcon_core.verb:set package 'my_3d_vision_bringup' build argument 'cmake_clean_cache' from command line to 'False'
[0.239s] Level 5:colcon.colcon_core.verb:set package 'my_3d_vision_bringup' build argument 'cmake_clean_first' from command line to 'False'
[0.239s] Level 5:colcon.colcon_core.verb:set package 'my_3d_vision_bringup' build argument 'cmake_force_configure' from command line to 'False'
[0.239s] Level 5:colcon.colcon_core.verb:set package 'my_3d_vision_bringup' build argument 'ament_cmake_args' from command line to 'None'
[0.239s] Level 5:colcon.colcon_core.verb:set package 'my_3d_vision_bringup' build argument 'catkin_cmake_args' from command line to 'None'
[0.239s] Level 5:colcon.colcon_core.verb:set package 'my_3d_vision_bringup' build argument 'catkin_skip_building_tests' from command line to 'False'
[0.239s] DEBUG:colcon.colcon_core.verb:Building package 'my_3d_vision_bringup' with the following arguments: {'ament_cmake_args': None, 'build_base': '/home/mk/dev_ws/build/my_3d_vision_bringup', 'catkin_cmake_args': None, 'catkin_skip_building_tests': False, 'cmake_args': None, 'cmake_clean_cache': False, 'cmake_clean_first': False, 'cmake_force_configure': False, 'cmake_target': None, 'cmake_target_skip_unavailable': False, 'install_base': '/home/mk/dev_ws/install/my_3d_vision_bringup', 'merge_install': False, 'path': '/home/mk/dev_ws/src/my_3d_vision_bringup', 'symlink_install': True, 'test_result_base': None}
[0.239s] Level 5:colcon.colcon_core.verb:set package 'realsense_gazebo_plugin' build argument 'cmake_args' from command line to 'None'
[0.239s] Level 5:colcon.colcon_core.verb:set package 'realsense_gazebo_plugin' build argument 'cmake_target' from command line to 'None'
[0.239s] Level 5:colcon.colcon_core.verb:set package 'realsense_gazebo_plugin' build argument 'cmake_target_skip_unavailable' from command line to 'False'
[0.239s] Level 5:colcon.colcon_core.verb:set package 'realsense_gazebo_plugin' build argument 'cmake_clean_cache' from command line to 'False'
[0.239s] Level 5:colcon.colcon_core.verb:set package 'realsense_gazebo_plugin' build argument 'cmake_clean_first' from command line to 'False'
[0.239s] Level 5:colcon.colcon_core.verb:set package 'realsense_gazebo_plugin' build argument 'cmake_force_configure' from command line to 'False'
[0.239s] Level 5:colcon.colcon_core.verb:set package 'realsense_gazebo_plugin' build argument 'ament_cmake_args' from command line to 'None'
[0.239s] Level 5:colcon.colcon_core.verb:set package 'realsense_gazebo_plugin' build argument 'catkin_cmake_args' from command line to 'None'
[0.239s] Level 5:colcon.colcon_core.verb:set package 'realsense_gazebo_plugin' build argument 'catkin_skip_building_tests' from command line to 'False'
[0.239s] DEBUG:colcon.colcon_core.verb:Building package 'realsense_gazebo_plugin' with the following arguments: {'ament_cmake_args': None, 'build_base': '/home/mk/dev_ws/build/realsense_gazebo_plugin', 'catkin_cmake_args': None, 'catkin_skip_building_tests': False, 'cmake_args': None, 'cmake_clean_cache': False, 'cmake_clean_first': False, 'cmake_force_configure': False, 'cmake_target': None, 'cmake_target_skip_unavailable': False, 'install_base': '/home/mk/dev_ws/install/realsense_gazebo_plugin', 'merge_install': False, 'path': '/home/mk/dev_ws/src/xarm_ros2/thirdparty/realsense_gazebo_plugin', 'symlink_install': True, 'test_result_base': None}
[0.239s] Level 5:colcon.colcon_core.verb:set package 'robot_motion_handler_movegroup' build argument 'cmake_args' from command line to 'None'
[0.239s] Level 5:colcon.colcon_core.verb:set package 'robot_motion_handler_movegroup' build argument 'cmake_target' from command line to 'None'
[0.239s] Level 5:colcon.colcon_core.verb:set package 'robot_motion_handler_movegroup' build argument 'cmake_target_skip_unavailable' from command line to 'False'
[0.239s] Level 5:colcon.colcon_core.verb:set package 'robot_motion_handler_movegroup' build argument 'cmake_clean_cache' from command line to 'False'
[0.239s] Level 5:colcon.colcon_core.verb:set package 'robot_motion_handler_movegroup' build argument 'cmake_clean_first' from command line to 'False'
[0.239s] Level 5:colcon.colcon_core.verb:set package 'robot_motion_handler_movegroup' build argument 'cmake_force_configure' from command line to 'False'
[0.239s] Level 5:colcon.colcon_core.verb:set package 'robot_motion_handler_movegroup' build argument 'ament_cmake_args' from command line to 'None'
[0.239s] Level 5:colcon.colcon_core.verb:set package 'robot_motion_handler_movegroup' build argument 'catkin_cmake_args' from command line to 'None'
[0.239s] Level 5:colcon.colcon_core.verb:set package 'robot_motion_handler_movegroup' build argument 'catkin_skip_building_tests' from command line to 'False'
[0.239s] DEBUG:colcon.colcon_core.verb:Building package 'robot_motion_handler_movegroup' with the following arguments: {'ament_cmake_args': None, 'build_base': '/home/mk/dev_ws/build/robot_motion_handler_movegroup', 'catkin_cmake_args': None, 'catkin_skip_building_tests': False, 'cmake_args': None, 'cmake_clean_cache': False, 'cmake_clean_first': False, 'cmake_force_configure': False, 'cmake_target': None, 'cmake_target_skip_unavailable': False, 'install_base': '/home/mk/dev_ws/install/robot_motion_handler_movegroup', 'merge_install': False, 'path': '/home/mk/dev_ws/src/robot_motion_handler_movegroup', 'symlink_install': True, 'test_result_base': None}
[0.239s] Level 5:colcon.colcon_core.verb:set package 'rviz_marker_static_scene_objects' build argument 'cmake_args' from command line to 'None'
[0.239s] Level 5:colcon.colcon_core.verb:set package 'rviz_marker_static_scene_objects' build argument 'cmake_target' from command line to 'None'
[0.239s] Level 5:colcon.colcon_core.verb:set package 'rviz_marker_static_scene_objects' build argument 'cmake_target_skip_unavailable' from command line to 'False'
[0.239s] Level 5:colcon.colcon_core.verb:set package 'rviz_marker_static_scene_objects' build argument 'cmake_clean_cache' from command line to 'False'
[0.239s] Level 5:colcon.colcon_core.verb:set package 'rviz_marker_static_scene_objects' build argument 'cmake_clean_first' from command line to 'False'
[0.239s] Level 5:colcon.colcon_core.verb:set package 'rviz_marker_static_scene_objects' build argument 'cmake_force_configure' from command line to 'False'
[0.239s] Level 5:colcon.colcon_core.verb:set package 'rviz_marker_static_scene_objects' build argument 'ament_cmake_args' from command line to 'None'
[0.239s] Level 5:colcon.colcon_core.verb:set package 'rviz_marker_static_scene_objects' build argument 'catkin_cmake_args' from command line to 'None'
[0.239s] Level 5:colcon.colcon_core.verb:set package 'rviz_marker_static_scene_objects' build argument 'catkin_skip_building_tests' from command line to 'False'
[0.239s] DEBUG:colcon.colcon_core.verb:Building package 'rviz_marker_static_scene_objects' with the following arguments: {'ament_cmake_args': None, 'build_base': '/home/mk/dev_ws/build/rviz_marker_static_scene_objects', 'catkin_cmake_args': None, 'catkin_skip_building_tests': False, 'cmake_args': None, 'cmake_clean_cache': False, 'cmake_clean_first': False, 'cmake_force_configure': False, 'cmake_target': None, 'cmake_target_skip_unavailable': False, 'install_base': '/home/mk/dev_ws/install/rviz_marker_static_scene_objects', 'merge_install': False, 'path': '/home/mk/dev_ws/src/rviz_marker_static_scene_objects', 'symlink_install': True, 'test_result_base': None}
[0.239s] Level 5:colcon.colcon_core.verb:set package 'rviz_servo_status_overlay' build argument 'cmake_args' from command line to 'None'
[0.239s] Level 5:colcon.colcon_core.verb:set package 'rviz_servo_status_overlay' build argument 'cmake_target' from command line to 'None'
[0.239s] Level 5:colcon.colcon_core.verb:set package 'rviz_servo_status_overlay' build argument 'cmake_target_skip_unavailable' from command line to 'False'
[0.240s] Level 5:colcon.colcon_core.verb:set package 'rviz_servo_status_overlay' build argument 'cmake_clean_cache' from command line to 'False'
[0.240s] Level 5:colcon.colcon_core.verb:set package 'rviz_servo_status_overlay' build argument 'cmake_clean_first' from command line to 'False'
[0.240s] Level 5:colcon.colcon_core.verb:set package 'rviz_servo_status_overlay' build argument 'cmake_force_configure' from command line to 'False'
[0.240s] Level 5:colcon.colcon_core.verb:set package 'rviz_servo_status_overlay' build argument 'ament_cmake_args' from command line to 'None'
[0.240s] Level 5:colcon.colcon_core.verb:set package 'rviz_servo_status_overlay' build argument 'catkin_cmake_args' from command line to 'None'
[0.240s] Level 5:colcon.colcon_core.verb:set package 'rviz_servo_status_overlay' build argument 'catkin_skip_building_tests' from command line to 'False'
[0.240s] DEBUG:colcon.colcon_core.verb:Building package 'rviz_servo_status_overlay' with the following arguments: {'ament_cmake_args': None, 'build_base': '/home/mk/dev_ws/build/rviz_servo_status_overlay', 'catkin_cmake_args': None, 'catkin_skip_building_tests': False, 'cmake_args': None, 'cmake_clean_cache': False, 'cmake_clean_first': False, 'cmake_force_configure': False, 'cmake_target': None, 'cmake_target_skip_unavailable': False, 'install_base': '/home/mk/dev_ws/install/rviz_servo_status_overlay', 'merge_install': False, 'path': '/home/mk/dev_ws/src/rviz_servo_status_overlay', 'symlink_install': True, 'test_result_base': None}
[0.240s] Level 5:colcon.colcon_core.verb:set package 'uf_ros_lib' build argument 'cmake_args' from command line to 'None'
[0.240s] Level 5:colcon.colcon_core.verb:set package 'uf_ros_lib' build argument 'cmake_target' from command line to 'None'
[0.240s] Level 5:colcon.colcon_core.verb:set package 'uf_ros_lib' build argument 'cmake_target_skip_unavailable' from command line to 'False'
[0.240s] Level 5:colcon.colcon_core.verb:set package 'uf_ros_lib' build argument 'cmake_clean_cache' from command line to 'False'
[0.240s] Level 5:colcon.colcon_core.verb:set package 'uf_ros_lib' build argument 'cmake_clean_first' from command line to 'False'
[0.240s] Level 5:colcon.colcon_core.verb:set package 'uf_ros_lib' build argument 'cmake_force_configure' from command line to 'False'
[0.240s] Level 5:colcon.colcon_core.verb:set package 'uf_ros_lib' build argument 'ament_cmake_args' from command line to 'None'
[0.240s] Level 5:colcon.colcon_core.verb:set package 'uf_ros_lib' build argument 'catkin_cmake_args' from command line to 'None'
[0.240s] Level 5:colcon.colcon_core.verb:set package 'uf_ros_lib' build argument 'catkin_skip_building_tests' from command line to 'False'
[0.240s] DEBUG:colcon.colcon_core.verb:Building package 'uf_ros_lib' with the following arguments: {'ament_cmake_args': None, 'build_base': '/home/mk/dev_ws/build/uf_ros_lib', 'catkin_cmake_args': None, 'catkin_skip_building_tests': False, 'cmake_args': None, 'cmake_clean_cache': False, 'cmake_clean_first': False, 'cmake_force_configure': False, 'cmake_target': None, 'cmake_target_skip_unavailable': False, 'install_base': '/home/mk/dev_ws/install/uf_ros_lib', 'merge_install': False, 'path': '/home/mk/dev_ws/src/xarm_ros2/uf_ros_lib', 'symlink_install': True, 'test_result_base': None}
[0.240s] Level 5:colcon.colcon_core.verb:set package 'whisper_cpp_vendor' build argument 'cmake_args' from command line to 'None'
[0.240s] Level 5:colcon.colcon_core.verb:set package 'whisper_cpp_vendor' build argument 'cmake_target' from command line to 'None'
[0.240s] Level 5:colcon.colcon_core.verb:set package 'whisper_cpp_vendor' build argument 'cmake_target_skip_unavailable' from command line to 'False'
[0.240s] Level 5:colcon.colcon_core.verb:set package 'whisper_cpp_vendor' build argument 'cmake_clean_cache' from command line to 'False'
[0.240s] Level 5:colcon.colcon_core.verb:set package 'whisper_cpp_vendor' build argument 'cmake_clean_first' from command line to 'False'
[0.240s] Level 5:colcon.colcon_core.verb:set package 'whisper_cpp_vendor' build argument 'cmake_force_configure' from command line to 'False'
[0.240s] Level 5:colcon.colcon_core.verb:set package 'whisper_cpp_vendor' build argument 'ament_cmake_args' from command line to 'None'
[0.240s] Level 5:colcon.colcon_core.verb:set package 'whisper_cpp_vendor' build argument 'catkin_cmake_args' from command line to 'None'
[0.240s] Level 5:colcon.colcon_core.verb:set package 'whisper_cpp_vendor' build argument 'catkin_skip_building_tests' from command line to 'False'
[0.240s] DEBUG:colcon.colcon_core.verb:Building package 'whisper_cpp_vendor' with the following arguments: {'ament_cmake_args': None, 'build_base': '/home/mk/dev_ws/build/whisper_cpp_vendor', 'catkin_cmake_args': None, 'catkin_skip_building_tests': False, 'cmake_args': None, 'cmake_clean_cache': False, 'cmake_clean_first': False, 'cmake_force_configure': False, 'cmake_target': None, 'cmake_target_skip_unavailable': False, 'install_base': '/home/mk/dev_ws/install/whisper_cpp_vendor', 'merge_install': False, 'path': '/home/mk/dev_ws/src/ros2_whisper/whisper_cpp_vendor', 'symlink_install': True, 'test_result_base': None}
[0.240s] Level 5:colcon.colcon_core.verb:set package 'whisper_idl' build argument 'cmake_args' from command line to 'None'
[0.240s] Level 5:colcon.colcon_core.verb:set package 'whisper_idl' build argument 'cmake_target' from command line to 'None'
[0.240s] Level 5:colcon.colcon_core.verb:set package 'whisper_idl' build argument 'cmake_target_skip_unavailable' from command line to 'False'
[0.240s] Level 5:colcon.colcon_core.verb:set package 'whisper_idl' build argument 'cmake_clean_cache' from command line to 'False'
[0.240s] Level 5:colcon.colcon_core.verb:set package 'whisper_idl' build argument 'cmake_clean_first' from command line to 'False'
[0.240s] Level 5:colcon.colcon_core.verb:set package 'whisper_idl' build argument 'cmake_force_configure' from command line to 'False'
[0.240s] Level 5:colcon.colcon_core.verb:set package 'whisper_idl' build argument 'ament_cmake_args' from command line to 'None'
[0.240s] Level 5:colcon.colcon_core.verb:set package 'whisper_idl' build argument 'catkin_cmake_args' from command line to 'None'
[0.240s] Level 5:colcon.colcon_core.verb:set package 'whisper_idl' build argument 'catkin_skip_building_tests' from command line to 'False'
[0.240s] DEBUG:colcon.colcon_core.verb:Building package 'whisper_idl' with the following arguments: {'ament_cmake_args': None, 'build_base': '/home/mk/dev_ws/build/whisper_idl', 'catkin_cmake_args': None, 'catkin_skip_building_tests': False, 'cmake_args': None, 'cmake_clean_cache': False, 'cmake_clean_first': False, 'cmake_force_configure': False, 'cmake_target': None, 'cmake_target_skip_unavailable': False, 'install_base': '/home/mk/dev_ws/install/whisper_idl', 'merge_install': False, 'path': '/home/mk/dev_ws/src/ros2_whisper/whisper_idl', 'symlink_install': True, 'test_result_base': None}
[0.241s] Level 5:colcon.colcon_core.verb:set package 'xarm_description' build argument 'cmake_args' from command line to 'None'
[0.241s] Level 5:colcon.colcon_core.verb:set package 'xarm_description' build argument 'cmake_target' from command line to 'None'
[0.241s] Level 5:colcon.colcon_core.verb:set package 'xarm_description' build argument 'cmake_target_skip_unavailable' from command line to 'False'
[0.241s] Level 5:colcon.colcon_core.verb:set package 'xarm_description' build argument 'cmake_clean_cache' from command line to 'False'
[0.241s] Level 5:colcon.colcon_core.verb:set package 'xarm_description' build argument 'cmake_clean_first' from command line to 'False'
[0.241s] Level 5:colcon.colcon_core.verb:set package 'xarm_description' build argument 'cmake_force_configure' from command line to 'False'
[0.241s] Level 5:colcon.colcon_core.verb:set package 'xarm_description' build argument 'ament_cmake_args' from command line to 'None'
[0.241s] Level 5:colcon.colcon_core.verb:set package 'xarm_description' build argument 'catkin_cmake_args' from command line to 'None'
[0.241s] Level 5:colcon.colcon_core.verb:set package 'xarm_description' build argument 'catkin_skip_building_tests' from command line to 'False'
[0.241s] DEBUG:colcon.colcon_core.verb:Building package 'xarm_description' with the following arguments: {'ament_cmake_args': None, 'build_base': '/home/mk/dev_ws/build/xarm_description', 'catkin_cmake_args': None, 'catkin_skip_building_tests': False, 'cmake_args': None, 'cmake_clean_cache': False, 'cmake_clean_first': False, 'cmake_force_configure': False, 'cmake_target': None, 'cmake_target_skip_unavailable': False, 'install_base': '/home/mk/dev_ws/install/xarm_description', 'merge_install': False, 'path': '/home/mk/dev_ws/src/xarm_ros2/xarm_description', 'symlink_install': True, 'test_result_base': None}
[0.241s] Level 5:colcon.colcon_core.verb:set package 'xarm_msgs' build argument 'cmake_args' from command line to 'None'
[0.241s] Level 5:colcon.colcon_core.verb:set package 'xarm_msgs' build argument 'cmake_target' from command line to 'None'
[0.241s] Level 5:colcon.colcon_core.verb:set package 'xarm_msgs' build argument 'cmake_target_skip_unavailable' from command line to 'False'
[0.241s] Level 5:colcon.colcon_core.verb:set package 'xarm_msgs' build argument 'cmake_clean_cache' from command line to 'False'
[0.241s] Level 5:colcon.colcon_core.verb:set package 'xarm_msgs' build argument 'cmake_clean_first' from command line to 'False'
[0.241s] Level 5:colcon.colcon_core.verb:set package 'xarm_msgs' build argument 'cmake_force_configure' from command line to 'False'
[0.241s] Level 5:colcon.colcon_core.verb:set package 'xarm_msgs' build argument 'ament_cmake_args' from command line to 'None'
[0.241s] Level 5:colcon.colcon_core.verb:set package 'xarm_msgs' build argument 'catkin_cmake_args' from command line to 'None'
[0.241s] Level 5:colcon.colcon_core.verb:set package 'xarm_msgs' build argument 'catkin_skip_building_tests' from command line to 'False'
[0.241s] DEBUG:colcon.colcon_core.verb:Building package 'xarm_msgs' with the following arguments: {'ament_cmake_args': None, 'build_base': '/home/mk/dev_ws/build/xarm_msgs', 'catkin_cmake_args': None, 'catkin_skip_building_tests': False, 'cmake_args': None, 'cmake_clean_cache': False, 'cmake_clean_first': False, 'cmake_force_configure': False, 'cmake_target': None, 'cmake_target_skip_unavailable': False, 'install_base': '/home/mk/dev_ws/install/xarm_msgs', 'merge_install': False, 'path': '/home/mk/dev_ws/src/xarm_ros2/xarm_msgs', 'symlink_install': True, 'test_result_base': None}
[0.241s] Level 5:colcon.colcon_core.verb:set package 'xarm_sdk' build argument 'cmake_args' from command line to 'None'
[0.241s] Level 5:colcon.colcon_core.verb:set package 'xarm_sdk' build argument 'cmake_target' from command line to 'None'
[0.241s] Level 5:colcon.colcon_core.verb:set package 'xarm_sdk' build argument 'cmake_target_skip_unavailable' from command line to 'False'
[0.241s] Level 5:colcon.colcon_core.verb:set package 'xarm_sdk' build argument 'cmake_clean_cache' from command line to 'False'
[0.241s] Level 5:colcon.colcon_core.verb:set package 'xarm_sdk' build argument 'cmake_clean_first' from command line to 'False'
[0.241s] Level 5:colcon.colcon_core.verb:set package 'xarm_sdk' build argument 'cmake_force_configure' from command line to 'False'
[0.241s] Level 5:colcon.colcon_core.verb:set package 'xarm_sdk' build argument 'ament_cmake_args' from command line to 'None'
[0.241s] Level 5:colcon.colcon_core.verb:set package 'xarm_sdk' build argument 'catkin_cmake_args' from command line to 'None'
[0.241s] Level 5:colcon.colcon_core.verb:set package 'xarm_sdk' build argument 'catkin_skip_building_tests' from command line to 'False'
[0.241s] DEBUG:colcon.colcon_core.verb:Building package 'xarm_sdk' with the following arguments: {'ament_cmake_args': None, 'build_base': '/home/mk/dev_ws/build/xarm_sdk', 'catkin_cmake_args': None, 'catkin_skip_building_tests': False, 'cmake_args': None, 'cmake_clean_cache': False, 'cmake_clean_first': False, 'cmake_force_configure': False, 'cmake_target': None, 'cmake_target_skip_unavailable': False, 'install_base': '/home/mk/dev_ws/install/xarm_sdk', 'merge_install': False, 'path': '/home/mk/dev_ws/src/xarm_ros2/xarm_sdk', 'symlink_install': True, 'test_result_base': None}
[0.241s] Level 5:colcon.colcon_core.verb:set package 'yolo_object_detector' build argument 'cmake_args' from command line to 'None'
[0.241s] Level 5:colcon.colcon_core.verb:set package 'yolo_object_detector' build argument 'cmake_target' from command line to 'None'
[0.241s] Level 5:colcon.colcon_core.verb:set package 'yolo_object_detector' build argument 'cmake_target_skip_unavailable' from command line to 'False'
[0.241s] Level 5:colcon.colcon_core.verb:set package 'yolo_object_detector' build argument 'cmake_clean_cache' from command line to 'False'
[0.241s] Level 5:colcon.colcon_core.verb:set package 'yolo_object_detector' build argument 'cmake_clean_first' from command line to 'False'
[0.241s] Level 5:colcon.colcon_core.verb:set package 'yolo_object_detector' build argument 'cmake_force_configure' from command line to 'False'
[0.241s] Level 5:colcon.colcon_core.verb:set package 'yolo_object_detector' build argument 'ament_cmake_args' from command line to 'None'
[0.241s] Level 5:colcon.colcon_core.verb:set package 'yolo_object_detector' build argument 'catkin_cmake_args' from command line to 'None'
[0.241s] Level 5:colcon.colcon_core.verb:set package 'yolo_object_detector' build argument 'catkin_skip_building_tests' from command line to 'False'
[0.241s] DEBUG:colcon.colcon_core.verb:Building package 'yolo_object_detector' with the following arguments: {'ament_cmake_args': None, 'build_base': '/home/mk/dev_ws/build/yolo_object_detector', 'catkin_cmake_args': None, 'catkin_skip_building_tests': False, 'cmake_args': None, 'cmake_clean_cache': False, 'cmake_clean_first': False, 'cmake_force_configure': False, 'cmake_target': None, 'cmake_target_skip_unavailable': False, 'install_base': '/home/mk/dev_ws/install/yolo_object_detector', 'merge_install': False, 'path': '/home/mk/dev_ws/src/yolo_object_detector', 'symlink_install': True, 'test_result_base': None}
[0.241s] Level 5:colcon.colcon_core.verb:set package 'zed_interfaces' build argument 'cmake_args' from command line to 'None'
[0.241s] Level 5:colcon.colcon_core.verb:set package 'zed_interfaces' build argument 'cmake_target' from command line to 'None'
[0.241s] Level 5:colcon.colcon_core.verb:set package 'zed_interfaces' build argument 'cmake_target_skip_unavailable' from command line to 'False'
[0.241s] Level 5:colcon.colcon_core.verb:set package 'zed_interfaces' build argument 'cmake_clean_cache' from command line to 'False'
[0.241s] Level 5:colcon.colcon_core.verb:set package 'zed_interfaces' build argument 'cmake_clean_first' from command line to 'False'
[0.241s] Level 5:colcon.colcon_core.verb:set package 'zed_interfaces' build argument 'cmake_force_configure' from command line to 'False'
[0.241s] Level 5:colcon.colcon_core.verb:set package 'zed_interfaces' build argument 'ament_cmake_args' from command line to 'None'
[0.241s] Level 5:colcon.colcon_core.verb:set package 'zed_interfaces' build argument 'catkin_cmake_args' from command line to 'None'
[0.241s] Level 5:colcon.colcon_core.verb:set package 'zed_interfaces' build argument 'catkin_skip_building_tests' from command line to 'False'
[0.241s] DEBUG:colcon.colcon_core.verb:Building package 'zed_interfaces' with the following arguments: {'ament_cmake_args': None, 'build_base': '/home/mk/dev_ws/build/zed_interfaces', 'catkin_cmake_args': None, 'catkin_skip_building_tests': False, 'cmake_args': None, 'cmake_clean_cache': False, 'cmake_clean_first': False, 'cmake_force_configure': False, 'cmake_target': None, 'cmake_target_skip_unavailable': False, 'install_base': '/home/mk/dev_ws/install/zed_interfaces', 'merge_install': False, 'path': '/home/mk/dev_ws/src/zed-ros2-interfaces', 'symlink_install': True, 'test_result_base': None}
[0.242s] Level 5:colcon.colcon_core.verb:set package 'motion_sequence' build argument 'cmake_args' from command line to 'None'
[0.242s] Level 5:colcon.colcon_core.verb:set package 'motion_sequence' build argument 'cmake_target' from command line to 'None'
[0.242s] Level 5:colcon.colcon_core.verb:set package 'motion_sequence' build argument 'cmake_target_skip_unavailable' from command line to 'False'
[0.242s] Level 5:colcon.colcon_core.verb:set package 'motion_sequence' build argument 'cmake_clean_cache' from command line to 'False'
[0.242s] Level 5:colcon.colcon_core.verb:set package 'motion_sequence' build argument 'cmake_clean_first' from command line to 'False'
[0.242s] Level 5:colcon.colcon_core.verb:set package 'motion_sequence' build argument 'cmake_force_configure' from command line to 'False'
[0.242s] Level 5:colcon.colcon_core.verb:set package 'motion_sequence' build argument 'ament_cmake_args' from command line to 'None'
[0.242s] Level 5:colcon.colcon_core.verb:set package 'motion_sequence' build argument 'catkin_cmake_args' from command line to 'None'
[0.242s] Level 5:colcon.colcon_core.verb:set package 'motion_sequence' build argument 'catkin_skip_building_tests' from command line to 'False'
[0.242s] DEBUG:colcon.colcon_core.verb:Building package 'motion_sequence' with the following arguments: {'ament_cmake_args': None, 'build_base': '/home/mk/dev_ws/build/motion_sequence', 'catkin_cmake_args': None, 'catkin_skip_building_tests': False, 'cmake_args': None, 'cmake_clean_cache': False, 'cmake_clean_first': False, 'cmake_force_configure': False, 'cmake_target': None, 'cmake_target_skip_unavailable': False, 'install_base': '/home/mk/dev_ws/install/motion_sequence', 'merge_install': False, 'path': '/home/mk/dev_ws/src/motion_sequence', 'symlink_install': True, 'test_result_base': None}
[0.242s] Level 5:colcon.colcon_core.verb:set package 'move_to_coordinator' build argument 'cmake_args' from command line to 'None'
[0.242s] Level 5:colcon.colcon_core.verb:set package 'move_to_coordinator' build argument 'cmake_target' from command line to 'None'
[0.242s] Level 5:colcon.colcon_core.verb:set package 'move_to_coordinator' build argument 'cmake_target_skip_unavailable' from command line to 'False'
[0.242s] Level 5:colcon.colcon_core.verb:set package 'move_to_coordinator' build argument 'cmake_clean_cache' from command line to 'False'
[0.242s] Level 5:colcon.colcon_core.verb:set package 'move_to_coordinator' build argument 'cmake_clean_first' from command line to 'False'
[0.242s] Level 5:colcon.colcon_core.verb:set package 'move_to_coordinator' build argument 'cmake_force_configure' from command line to 'False'
[0.242s] Level 5:colcon.colcon_core.verb:set package 'move_to_coordinator' build argument 'ament_cmake_args' from command line to 'None'
[0.242s] Level 5:colcon.colcon_core.verb:set package 'move_to_coordinator' build argument 'catkin_cmake_args' from command line to 'None'
[0.242s] Level 5:colcon.colcon_core.verb:set package 'move_to_coordinator' build argument 'catkin_skip_building_tests' from command line to 'False'
[0.242s] DEBUG:colcon.colcon_core.verb:Building package 'move_to_coordinator' with the following arguments: {'ament_cmake_args': None, 'build_base': '/home/mk/dev_ws/build/move_to_coordinator', 'catkin_cmake_args': None, 'catkin_skip_building_tests': False, 'cmake_args': None, 'cmake_clean_cache': False, 'cmake_clean_first': False, 'cmake_force_configure': False, 'cmake_target': None, 'cmake_target_skip_unavailable': False, 'install_base': '/home/mk/dev_ws/install/move_to_coordinator', 'merge_install': False, 'path': '/home/mk/dev_ws/src/move_to_coordinator', 'symlink_install': True, 'test_result_base': None}
[0.242s] Level 5:colcon.colcon_core.verb:set package 'rviz_robot_control_panel' build argument 'cmake_args' from command line to 'None'
[0.242s] Level 5:colcon.colcon_core.verb:set package 'rviz_robot_control_panel' build argument 'cmake_target' from command line to 'None'
[0.242s] Level 5:colcon.colcon_core.verb:set package 'rviz_robot_control_panel' build argument 'cmake_target_skip_unavailable' from command line to 'False'
[0.242s] Level 5:colcon.colcon_core.verb:set package 'rviz_robot_control_panel' build argument 'cmake_clean_cache' from command line to 'False'
[0.242s] Level 5:colcon.colcon_core.verb:set package 'rviz_robot_control_panel' build argument 'cmake_clean_first' from command line to 'False'
[0.242s] Level 5:colcon.colcon_core.verb:set package 'rviz_robot_control_panel' build argument 'cmake_force_configure' from command line to 'False'
[0.242s] Level 5:colcon.colcon_core.verb:set package 'rviz_robot_control_panel' build argument 'ament_cmake_args' from command line to 'None'
[0.242s] Level 5:colcon.colcon_core.verb:set package 'rviz_robot_control_panel' build argument 'catkin_cmake_args' from command line to 'None'
[0.242s] Level 5:colcon.colcon_core.verb:set package 'rviz_robot_control_panel' build argument 'catkin_skip_building_tests' from command line to 'False'
[0.242s] DEBUG:colcon.colcon_core.verb:Building package 'rviz_robot_control_panel' with the following arguments: {'ament_cmake_args': None, 'build_base': '/home/mk/dev_ws/build/rviz_robot_control_panel', 'catkin_cmake_args': None, 'catkin_skip_building_tests': False, 'cmake_args': None, 'cmake_clean_cache': False, 'cmake_clean_first': False, 'cmake_force_configure': False, 'cmake_target': None, 'cmake_target_skip_unavailable': False, 'install_base': '/home/mk/dev_ws/install/rviz_robot_control_panel', 'merge_install': False, 'path': '/home/mk/dev_ws/src/rviz_robot_control_panel', 'symlink_install': True, 'test_result_base': None}
[0.242s] Level 5:colcon.colcon_core.verb:set package 'voice_command_listener' build argument 'cmake_args' from command line to 'None'
[0.242s] Level 5:colcon.colcon_core.verb:set package 'voice_command_listener' build argument 'cmake_target' from command line to 'None'
[0.242s] Level 5:colcon.colcon_core.verb:set package 'voice_command_listener' build argument 'cmake_target_skip_unavailable' from command line to 'False'
[0.242s] Level 5:colcon.colcon_core.verb:set package 'voice_command_listener' build argument 'cmake_clean_cache' from command line to 'False'
[0.242s] Level 5:colcon.colcon_core.verb:set package 'voice_command_listener' build argument 'cmake_clean_first' from command line to 'False'
[0.242s] Level 5:colcon.colcon_core.verb:set package 'voice_command_listener' build argument 'cmake_force_configure' from command line to 'False'
[0.242s] Level 5:colcon.colcon_core.verb:set package 'voice_command_listener' build argument 'ament_cmake_args' from command line to 'None'
[0.242s] Level 5:colcon.colcon_core.verb:set package 'voice_command_listener' build argument 'catkin_cmake_args' from command line to 'None'
[0.242s] Level 5:colcon.colcon_core.verb:set package 'voice_command_listener' build argument 'catkin_skip_building_tests' from command line to 'False'
[0.242s] DEBUG:colcon.colcon_core.verb:Building package 'voice_command_listener' with the following arguments: {'ament_cmake_args': None, 'build_base': '/home/mk/dev_ws/build/voice_command_listener', 'catkin_cmake_args': None, 'catkin_skip_building_tests': False, 'cmake_args': None, 'cmake_clean_cache': False, 'cmake_clean_first': False, 'cmake_force_configure': False, 'cmake_target': None, 'cmake_target_skip_unavailable': False, 'install_base': '/home/mk/dev_ws/install/voice_command_listener', 'merge_install': False, 'path': '/home/mk/dev_ws/src/voice_command_listener', 'symlink_install': True, 'test_result_base': None}
[0.242s] Level 5:colcon.colcon_core.verb:set package 'whisper_util' build argument 'cmake_args' from command line to 'None'
[0.242s] Level 5:colcon.colcon_core.verb:set package 'whisper_util' build argument 'cmake_target' from command line to 'None'
[0.242s] Level 5:colcon.colcon_core.verb:set package 'whisper_util' build argument 'cmake_target_skip_unavailable' from command line to 'False'
[0.242s] Level 5:colcon.colcon_core.verb:set package 'whisper_util' build argument 'cmake_clean_cache' from command line to 'False'
[0.242s] Level 5:colcon.colcon_core.verb:set package 'whisper_util' build argument 'cmake_clean_first' from command line to 'False'
[0.242s] Level 5:colcon.colcon_core.verb:set package 'whisper_util' build argument 'cmake_force_configure' from command line to 'False'
[0.242s] Level 5:colcon.colcon_core.verb:set package 'whisper_util' build argument 'ament_cmake_args' from command line to 'None'
[0.242s] Level 5:colcon.colcon_core.verb:set package 'whisper_util' build argument 'catkin_cmake_args' from command line to 'None'
[0.242s] Level 5:colcon.colcon_core.verb:set package 'whisper_util' build argument 'catkin_skip_building_tests' from command line to 'False'
[0.243s] DEBUG:colcon.colcon_core.verb:Building package 'whisper_util' with the following arguments: {'ament_cmake_args': None, 'build_base': '/home/mk/dev_ws/build/whisper_util', 'catkin_cmake_args': None, 'catkin_skip_building_tests': False, 'cmake_args': None, 'cmake_clean_cache': False, 'cmake_clean_first': False, 'cmake_force_configure': False, 'cmake_target': None, 'cmake_target_skip_unavailable': False, 'install_base': '/home/mk/dev_ws/install/whisper_util', 'merge_install': False, 'path': '/home/mk/dev_ws/src/ros2_whisper/whisper_util', 'symlink_install': True, 'test_result_base': None}
[0.243s] Level 5:colcon.colcon_core.verb:set package 'xarm_api' build argument 'cmake_args' from command line to 'None'
[0.243s] Level 5:colcon.colcon_core.verb:set package 'xarm_api' build argument 'cmake_target' from command line to 'None'
[0.243s] Level 5:colcon.colcon_core.verb:set package 'xarm_api' build argument 'cmake_target_skip_unavailable' from command line to 'False'
[0.243s] Level 5:colcon.colcon_core.verb:set package 'xarm_api' build argument 'cmake_clean_cache' from command line to 'False'
[0.243s] Level 5:colcon.colcon_core.verb:set package 'xarm_api' build argument 'cmake_clean_first' from command line to 'False'
[0.243s] Level 5:colcon.colcon_core.verb:set package 'xarm_api' build argument 'cmake_force_configure' from command line to 'False'
[0.243s] Level 5:colcon.colcon_core.verb:set package 'xarm_api' build argument 'ament_cmake_args' from command line to 'None'
[0.243s] Level 5:colcon.colcon_core.verb:set package 'xarm_api' build argument 'catkin_cmake_args' from command line to 'None'
[0.243s] Level 5:colcon.colcon_core.verb:set package 'xarm_api' build argument 'catkin_skip_building_tests' from command line to 'False'
[0.243s] DEBUG:colcon.colcon_core.verb:Building package 'xarm_api' with the following arguments: {'ament_cmake_args': None, 'build_base': '/home/mk/dev_ws/build/xarm_api', 'catkin_cmake_args': None, 'catkin_skip_building_tests': False, 'cmake_args': None, 'cmake_clean_cache': False, 'cmake_clean_first': False, 'cmake_force_configure': False, 'cmake_target': None, 'cmake_target_skip_unavailable': False, 'install_base': '/home/mk/dev_ws/install/xarm_api', 'merge_install': False, 'path': '/home/mk/dev_ws/src/xarm_ros2/xarm_api', 'symlink_install': True, 'test_result_base': None}
[0.243s] Level 5:colcon.colcon_core.verb:set package 'zed_components' build argument 'cmake_args' from command line to 'None'
[0.243s] Level 5:colcon.colcon_core.verb:set package 'zed_components' build argument 'cmake_target' from command line to 'None'
[0.243s] Level 5:colcon.colcon_core.verb:set package 'zed_components' build argument 'cmake_target_skip_unavailable' from command line to 'False'
[0.243s] Level 5:colcon.colcon_core.verb:set package 'zed_components' build argument 'cmake_clean_cache' from command line to 'False'
[0.243s] Level 5:colcon.colcon_core.verb:set package 'zed_components' build argument 'cmake_clean_first' from command line to 'False'
[0.243s] Level 5:colcon.colcon_core.verb:set package 'zed_components' build argument 'cmake_force_configure' from command line to 'False'
[0.243s] Level 5:colcon.colcon_core.verb:set package 'zed_components' build argument 'ament_cmake_args' from command line to 'None'
[0.243s] Level 5:colcon.colcon_core.verb:set package 'zed_components' build argument 'catkin_cmake_args' from command line to 'None'
[0.243s] Level 5:colcon.colcon_core.verb:set package 'zed_components' build argument 'catkin_skip_building_tests' from command line to 'False'
[0.243s] DEBUG:colcon.colcon_core.verb:Building package 'zed_components' with the following arguments: {'ament_cmake_args': None, 'build_base': '/home/mk/dev_ws/build/zed_components', 'catkin_cmake_args': None, 'catkin_skip_building_tests': False, 'cmake_args': None, 'cmake_clean_cache': False, 'cmake_clean_first': False, 'cmake_force_configure': False, 'cmake_target': None, 'cmake_target_skip_unavailable': False, 'install_base': '/home/mk/dev_ws/install/zed_components', 'merge_install': False, 'path': '/home/mk/dev_ws/src/zed-ros2-wrapper/zed_components', 'symlink_install': True, 'test_result_base': None}
[0.243s] Level 5:colcon.colcon_core.verb:set package 'transcript_manager' build argument 'cmake_args' from command line to 'None'
[0.243s] Level 5:colcon.colcon_core.verb:set package 'transcript_manager' build argument 'cmake_target' from command line to 'None'
[0.243s] Level 5:colcon.colcon_core.verb:set package 'transcript_manager' build argument 'cmake_target_skip_unavailable' from command line to 'False'
[0.243s] Level 5:colcon.colcon_core.verb:set package 'transcript_manager' build argument 'cmake_clean_cache' from command line to 'False'
[0.243s] Level 5:colcon.colcon_core.verb:set package 'transcript_manager' build argument 'cmake_clean_first' from command line to 'False'
[0.243s] Level 5:colcon.colcon_core.verb:set package 'transcript_manager' build argument 'cmake_force_configure' from command line to 'False'
[0.243s] Level 5:colcon.colcon_core.verb:set package 'transcript_manager' build argument 'ament_cmake_args' from command line to 'None'
[0.243s] Level 5:colcon.colcon_core.verb:set package 'transcript_manager' build argument 'catkin_cmake_args' from command line to 'None'
[0.243s] Level 5:colcon.colcon_core.verb:set package 'transcript_manager' build argument 'catkin_skip_building_tests' from command line to 'False'
[0.243s] DEBUG:colcon.colcon_core.verb:Building package 'transcript_manager' with the following arguments: {'ament_cmake_args': None, 'build_base': '/home/mk/dev_ws/build/transcript_manager', 'catkin_cmake_args': None, 'catkin_skip_building_tests': False, 'cmake_args': None, 'cmake_clean_cache': False, 'cmake_clean_first': False, 'cmake_force_configure': False, 'cmake_target': None, 'cmake_target_skip_unavailable': False, 'install_base': '/home/mk/dev_ws/install/transcript_manager', 'merge_install': False, 'path': '/home/mk/dev_ws/src/ros2_whisper/transcript_manager', 'symlink_install': True, 'test_result_base': None}
[0.243s] Level 5:colcon.colcon_core.verb:set package 'whisper_server' build argument 'cmake_args' from command line to 'None'
[0.243s] Level 5:colcon.colcon_core.verb:set package 'whisper_server' build argument 'cmake_target' from command line to 'None'
[0.243s] Level 5:colcon.colcon_core.verb:set package 'whisper_server' build argument 'cmake_target_skip_unavailable' from command line to 'False'
[0.243s] Level 5:colcon.colcon_core.verb:set package 'whisper_server' build argument 'cmake_clean_cache' from command line to 'False'
[0.243s] Level 5:colcon.colcon_core.verb:set package 'whisper_server' build argument 'cmake_clean_first' from command line to 'False'
[0.243s] Level 5:colcon.colcon_core.verb:set package 'whisper_server' build argument 'cmake_force_configure' from command line to 'False'
[0.243s] Level 5:colcon.colcon_core.verb:set package 'whisper_server' build argument 'ament_cmake_args' from command line to 'None'
[0.243s] Level 5:colcon.colcon_core.verb:set package 'whisper_server' build argument 'catkin_cmake_args' from command line to 'None'
[0.243s] Level 5:colcon.colcon_core.verb:set package 'whisper_server' build argument 'catkin_skip_building_tests' from command line to 'False'
[0.243s] DEBUG:colcon.colcon_core.verb:Building package 'whisper_server' with the following arguments: {'ament_cmake_args': None, 'build_base': '/home/mk/dev_ws/build/whisper_server', 'catkin_cmake_args': None, 'catkin_skip_building_tests': False, 'cmake_args': None, 'cmake_clean_cache': False, 'cmake_clean_first': False, 'cmake_force_configure': False, 'cmake_target': None, 'cmake_target_skip_unavailable': False, 'install_base': '/home/mk/dev_ws/install/whisper_server', 'merge_install': False, 'path': '/home/mk/dev_ws/src/ros2_whisper/whisper_server', 'symlink_install': True, 'test_result_base': None}
[0.243s] Level 5:colcon.colcon_core.verb:set package 'xarm_controller' build argument 'cmake_args' from command line to 'None'
[0.243s] Level 5:colcon.colcon_core.verb:set package 'xarm_controller' build argument 'cmake_target' from command line to 'None'
[0.243s] Level 5:colcon.colcon_core.verb:set package 'xarm_controller' build argument 'cmake_target_skip_unavailable' from command line to 'False'
[0.244s] Level 5:colcon.colcon_core.verb:set package 'xarm_controller' build argument 'cmake_clean_cache' from command line to 'False'
[0.244s] Level 5:colcon.colcon_core.verb:set package 'xarm_controller' build argument 'cmake_clean_first' from command line to 'False'
[0.244s] Level 5:colcon.colcon_core.verb:set package 'xarm_controller' build argument 'cmake_force_configure' from command line to 'False'
[0.244s] Level 5:colcon.colcon_core.verb:set package 'xarm_controller' build argument 'ament_cmake_args' from command line to 'None'
[0.244s] Level 5:colcon.colcon_core.verb:set package 'xarm_controller' build argument 'catkin_cmake_args' from command line to 'None'
[0.244s] Level 5:colcon.colcon_core.verb:set package 'xarm_controller' build argument 'catkin_skip_building_tests' from command line to 'False'
[0.244s] DEBUG:colcon.colcon_core.verb:Building package 'xarm_controller' with the following arguments: {'ament_cmake_args': None, 'build_base': '/home/mk/dev_ws/build/xarm_controller', 'catkin_cmake_args': None, 'catkin_skip_building_tests': False, 'cmake_args': None, 'cmake_clean_cache': False, 'cmake_clean_first': False, 'cmake_force_configure': False, 'cmake_target': None, 'cmake_target_skip_unavailable': False, 'install_base': '/home/mk/dev_ws/install/xarm_controller', 'merge_install': False, 'path': '/home/mk/dev_ws/src/xarm_ros2/xarm_controller', 'symlink_install': True, 'test_result_base': None}
[0.244s] Level 5:colcon.colcon_core.verb:set package 'zed_wrapper' build argument 'cmake_args' from command line to 'None'
[0.244s] Level 5:colcon.colcon_core.verb:set package 'zed_wrapper' build argument 'cmake_target' from command line to 'None'
[0.244s] Level 5:colcon.colcon_core.verb:set package 'zed_wrapper' build argument 'cmake_target_skip_unavailable' from command line to 'False'
[0.244s] Level 5:colcon.colcon_core.verb:set package 'zed_wrapper' build argument 'cmake_clean_cache' from command line to 'False'
[0.244s] Level 5:colcon.colcon_core.verb:set package 'zed_wrapper' build argument 'cmake_clean_first' from command line to 'False'
[0.244s] Level 5:colcon.colcon_core.verb:set package 'zed_wrapper' build argument 'cmake_force_configure' from command line to 'False'
[0.244s] Level 5:colcon.colcon_core.verb:set package 'zed_wrapper' build argument 'ament_cmake_args' from command line to 'None'
[0.244s] Level 5:colcon.colcon_core.verb:set package 'zed_wrapper' build argument 'catkin_cmake_args' from command line to 'None'
[0.244s] Level 5:colcon.colcon_core.verb:set package 'zed_wrapper' build argument 'catkin_skip_building_tests' from command line to 'False'
[0.244s] DEBUG:colcon.colcon_core.verb:Building package 'zed_wrapper' with the following arguments: {'ament_cmake_args': None, 'build_base': '/home/mk/dev_ws/build/zed_wrapper', 'catkin_cmake_args': None, 'catkin_skip_building_tests': False, 'cmake_args': None, 'cmake_clean_cache': False, 'cmake_clean_first': False, 'cmake_force_configure': False, 'cmake_target': None, 'cmake_target_skip_unavailable': False, 'install_base': '/home/mk/dev_ws/install/zed_wrapper', 'merge_install': False, 'path': '/home/mk/dev_ws/src/zed-ros2-wrapper/zed_wrapper', 'symlink_install': True, 'test_result_base': None}
[0.244s] Level 5:colcon.colcon_core.verb:set package 'whisper_bringup' build argument 'cmake_args' from command line to 'None'
[0.244s] Level 5:colcon.colcon_core.verb:set package 'whisper_bringup' build argument 'cmake_target' from command line to 'None'
[0.244s] Level 5:colcon.colcon_core.verb:set package 'whisper_bringup' build argument 'cmake_target_skip_unavailable' from command line to 'False'
[0.244s] Level 5:colcon.colcon_core.verb:set package 'whisper_bringup' build argument 'cmake_clean_cache' from command line to 'False'
[0.244s] Level 5:colcon.colcon_core.verb:set package 'whisper_bringup' build argument 'cmake_clean_first' from command line to 'False'
[0.244s] Level 5:colcon.colcon_core.verb:set package 'whisper_bringup' build argument 'cmake_force_configure' from command line to 'False'
[0.244s] Level 5:colcon.colcon_core.verb:set package 'whisper_bringup' build argument 'ament_cmake_args' from command line to 'None'
[0.244s] Level 5:colcon.colcon_core.verb:set package 'whisper_bringup' build argument 'catkin_cmake_args' from command line to 'None'
[0.244s] Level 5:colcon.colcon_core.verb:set package 'whisper_bringup' build argument 'catkin_skip_building_tests' from command line to 'False'
[0.244s] DEBUG:colcon.colcon_core.verb:Building package 'whisper_bringup' with the following arguments: {'ament_cmake_args': None, 'build_base': '/home/mk/dev_ws/build/whisper_bringup', 'catkin_cmake_args': None, 'catkin_skip_building_tests': False, 'cmake_args': None, 'cmake_clean_cache': False, 'cmake_clean_first': False, 'cmake_force_configure': False, 'cmake_target': None, 'cmake_target_skip_unavailable': False, 'install_base': '/home/mk/dev_ws/install/whisper_bringup', 'merge_install': False, 'path': '/home/mk/dev_ws/src/ros2_whisper/whisper_bringup', 'symlink_install': True, 'test_result_base': None}
[0.244s] Level 5:colcon.colcon_core.verb:set package 'whisper_demos' build argument 'cmake_args' from command line to 'None'
[0.244s] Level 5:colcon.colcon_core.verb:set package 'whisper_demos' build argument 'cmake_target' from command line to 'None'
[0.244s] Level 5:colcon.colcon_core.verb:set package 'whisper_demos' build argument 'cmake_target_skip_unavailable' from command line to 'False'
[0.244s] Level 5:colcon.colcon_core.verb:set package 'whisper_demos' build argument 'cmake_clean_cache' from command line to 'False'
[0.244s] Level 5:colcon.colcon_core.verb:set package 'whisper_demos' build argument 'cmake_clean_first' from command line to 'False'
[0.244s] Level 5:colcon.colcon_core.verb:set package 'whisper_demos' build argument 'cmake_force_configure' from command line to 'False'
[0.244s] Level 5:colcon.colcon_core.verb:set package 'whisper_demos' build argument 'ament_cmake_args' from command line to 'None'
[0.244s] Level 5:colcon.colcon_core.verb:set package 'whisper_demos' build argument 'catkin_cmake_args' from command line to 'None'
[0.244s] Level 5:colcon.colcon_core.verb:set package 'whisper_demos' build argument 'catkin_skip_building_tests' from command line to 'False'
[0.244s] DEBUG:colcon.colcon_core.verb:Building package 'whisper_demos' with the following arguments: {'ament_cmake_args': None, 'build_base': '/home/mk/dev_ws/build/whisper_demos', 'catkin_cmake_args': None, 'catkin_skip_building_tests': False, 'cmake_args': None, 'cmake_clean_cache': False, 'cmake_clean_first': False, 'cmake_force_configure': False, 'cmake_target': None, 'cmake_target_skip_unavailable': False, 'install_base': '/home/mk/dev_ws/install/whisper_demos', 'merge_install': False, 'path': '/home/mk/dev_ws/src/ros2_whisper/whisper_demos', 'symlink_install': True, 'test_result_base': None}
[0.244s] Level 5:colcon.colcon_core.verb:set package 'xarm_gazebo' build argument 'cmake_args' from command line to 'None'
[0.244s] Level 5:colcon.colcon_core.verb:set package 'xarm_gazebo' build argument 'cmake_target' from command line to 'None'
[0.244s] Level 5:colcon.colcon_core.verb:set package 'xarm_gazebo' build argument 'cmake_target_skip_unavailable' from command line to 'False'
[0.244s] Level 5:colcon.colcon_core.verb:set package 'xarm_gazebo' build argument 'cmake_clean_cache' from command line to 'False'
[0.244s] Level 5:colcon.colcon_core.verb:set package 'xarm_gazebo' build argument 'cmake_clean_first' from command line to 'False'
[0.244s] Level 5:colcon.colcon_core.verb:set package 'xarm_gazebo' build argument 'cmake_force_configure' from command line to 'False'
[0.244s] Level 5:colcon.colcon_core.verb:set package 'xarm_gazebo' build argument 'ament_cmake_args' from command line to 'None'
[0.244s] Level 5:colcon.colcon_core.verb:set package 'xarm_gazebo' build argument 'catkin_cmake_args' from command line to 'None'
[0.244s] Level 5:colcon.colcon_core.verb:set package 'xarm_gazebo' build argument 'catkin_skip_building_tests' from command line to 'False'
[0.244s] DEBUG:colcon.colcon_core.verb:Building package 'xarm_gazebo' with the following arguments: {'ament_cmake_args': None, 'build_base': '/home/mk/dev_ws/build/xarm_gazebo', 'catkin_cmake_args': None, 'catkin_skip_building_tests': False, 'cmake_args': None, 'cmake_clean_cache': False, 'cmake_clean_first': False, 'cmake_force_configure': False, 'cmake_target': None, 'cmake_target_skip_unavailable': False, 'install_base': '/home/mk/dev_ws/install/xarm_gazebo', 'merge_install': False, 'path': '/home/mk/dev_ws/src/xarm_ros2/xarm_gazebo', 'symlink_install': True, 'test_result_base': None}
[0.245s] Level 5:colcon.colcon_core.verb:set package 'zed_ros2' build argument 'cmake_args' from command line to 'None'
[0.245s] Level 5:colcon.colcon_core.verb:set package 'zed_ros2' build argument 'cmake_target' from command line to 'None'
[0.245s] Level 5:colcon.colcon_core.verb:set package 'zed_ros2' build argument 'cmake_target_skip_unavailable' from command line to 'False'
[0.245s] Level 5:colcon.colcon_core.verb:set package 'zed_ros2' build argument 'cmake_clean_cache' from command line to 'False'
[0.245s] Level 5:colcon.colcon_core.verb:set package 'zed_ros2' build argument 'cmake_clean_first' from command line to 'False'
[0.245s] Level 5:colcon.colcon_core.verb:set package 'zed_ros2' build argument 'cmake_force_configure' from command line to 'False'
[0.245s] Level 5:colcon.colcon_core.verb:set package 'zed_ros2' build argument 'ament_cmake_args' from command line to 'None'
[0.245s] Level 5:colcon.colcon_core.verb:set package 'zed_ros2' build argument 'catkin_cmake_args' from command line to 'None'
[0.245s] Level 5:colcon.colcon_core.verb:set package 'zed_ros2' build argument 'catkin_skip_building_tests' from command line to 'False'
[0.245s] DEBUG:colcon.colcon_core.verb:Building package 'zed_ros2' with the following arguments: {'ament_cmake_args': None, 'build_base': '/home/mk/dev_ws/build/zed_ros2', 'catkin_cmake_args': None, 'catkin_skip_building_tests': False, 'cmake_args': None, 'cmake_clean_cache': False, 'cmake_clean_first': False, 'cmake_force_configure': False, 'cmake_target': None, 'cmake_target_skip_unavailable': False, 'install_base': '/home/mk/dev_ws/install/zed_ros2', 'merge_install': False, 'path': '/home/mk/dev_ws/src/zed-ros2-wrapper/zed_ros2', 'symlink_install': True, 'test_result_base': None}
[0.245s] Level 5:colcon.colcon_core.verb:set package 'xarm_moveit_config' build argument 'cmake_args' from command line to 'None'
[0.245s] Level 5:colcon.colcon_core.verb:set package 'xarm_moveit_config' build argument 'cmake_target' from command line to 'None'
[0.245s] Level 5:colcon.colcon_core.verb:set package 'xarm_moveit_config' build argument 'cmake_target_skip_unavailable' from command line to 'False'
[0.245s] Level 5:colcon.colcon_core.verb:set package 'xarm_moveit_config' build argument 'cmake_clean_cache' from command line to 'False'
[0.245s] Level 5:colcon.colcon_core.verb:set package 'xarm_moveit_config' build argument 'cmake_clean_first' from command line to 'False'
[0.245s] Level 5:colcon.colcon_core.verb:set package 'xarm_moveit_config' build argument 'cmake_force_configure' from command line to 'False'
[0.245s] Level 5:colcon.colcon_core.verb:set package 'xarm_moveit_config' build argument 'ament_cmake_args' from command line to 'None'
[0.245s] Level 5:colcon.colcon_core.verb:set package 'xarm_moveit_config' build argument 'catkin_cmake_args' from command line to 'None'
[0.245s] Level 5:colcon.colcon_core.verb:set package 'xarm_moveit_config' build argument 'catkin_skip_building_tests' from command line to 'False'
[0.245s] DEBUG:colcon.colcon_core.verb:Building package 'xarm_moveit_config' with the following arguments: {'ament_cmake_args': None, 'build_base': '/home/mk/dev_ws/build/xarm_moveit_config', 'catkin_cmake_args': None, 'catkin_skip_building_tests': False, 'cmake_args': None, 'cmake_clean_cache': False, 'cmake_clean_first': False, 'cmake_force_configure': False, 'cmake_target': None, 'cmake_target_skip_unavailable': False, 'install_base': '/home/mk/dev_ws/install/xarm_moveit_config', 'merge_install': False, 'path': '/home/mk/dev_ws/src/xarm_ros2/xarm_moveit_config', 'symlink_install': True, 'test_result_base': None}
[0.245s] Level 5:colcon.colcon_core.verb:set package 'xarm_moveit_servo' build argument 'cmake_args' from command line to 'None'
[0.245s] Level 5:colcon.colcon_core.verb:set package 'xarm_moveit_servo' build argument 'cmake_target' from command line to 'None'
[0.245s] Level 5:colcon.colcon_core.verb:set package 'xarm_moveit_servo' build argument 'cmake_target_skip_unavailable' from command line to 'False'
[0.245s] Level 5:colcon.colcon_core.verb:set package 'xarm_moveit_servo' build argument 'cmake_clean_cache' from command line to 'False'
[0.245s] Level 5:colcon.colcon_core.verb:set package 'xarm_moveit_servo' build argument 'cmake_clean_first' from command line to 'False'
[0.245s] Level 5:colcon.colcon_core.verb:set package 'xarm_moveit_servo' build argument 'cmake_force_configure' from command line to 'False'
[0.245s] Level 5:colcon.colcon_core.verb:set package 'xarm_moveit_servo' build argument 'ament_cmake_args' from command line to 'None'
[0.245s] Level 5:colcon.colcon_core.verb:set package 'xarm_moveit_servo' build argument 'catkin_cmake_args' from command line to 'None'
[0.245s] Level 5:colcon.colcon_core.verb:set package 'xarm_moveit_servo' build argument 'catkin_skip_building_tests' from command line to 'False'
[0.245s] DEBUG:colcon.colcon_core.verb:Building package 'xarm_moveit_servo' with the following arguments: {'ament_cmake_args': None, 'build_base': '/home/mk/dev_ws/build/xarm_moveit_servo', 'catkin_cmake_args': None, 'catkin_skip_building_tests': False, 'cmake_args': None, 'cmake_clean_cache': False, 'cmake_clean_first': False, 'cmake_force_configure': False, 'cmake_target': None, 'cmake_target_skip_unavailable': False, 'install_base': '/home/mk/dev_ws/install/xarm_moveit_servo', 'merge_install': False, 'path': '/home/mk/dev_ws/src/xarm_ros2/xarm_moveit_servo', 'symlink_install': True, 'test_result_base': None}
[0.245s] Level 5:colcon.colcon_core.verb:set package 'xarm_planner' build argument 'cmake_args' from command line to 'None'
[0.245s] Level 5:colcon.colcon_core.verb:set package 'xarm_planner' build argument 'cmake_target' from command line to 'None'
[0.245s] Level 5:colcon.colcon_core.verb:set package 'xarm_planner' build argument 'cmake_target_skip_unavailable' from command line to 'False'
[0.245s] Level 5:colcon.colcon_core.verb:set package 'xarm_planner' build argument 'cmake_clean_cache' from command line to 'False'
[0.245s] Level 5:colcon.colcon_core.verb:set package 'xarm_planner' build argument 'cmake_clean_first' from command line to 'False'
[0.245s] Level 5:colcon.colcon_core.verb:set package 'xarm_planner' build argument 'cmake_force_configure' from command line to 'False'
[0.245s] Level 5:colcon.colcon_core.verb:set package 'xarm_planner' build argument 'ament_cmake_args' from command line to 'None'
[0.245s] Level 5:colcon.colcon_core.verb:set package 'xarm_planner' build argument 'catkin_cmake_args' from command line to 'None'
[0.245s] Level 5:colcon.colcon_core.verb:set package 'xarm_planner' build argument 'catkin_skip_building_tests' from command line to 'False'
[0.245s] DEBUG:colcon.colcon_core.verb:Building package 'xarm_planner' with the following arguments: {'ament_cmake_args': None, 'build_base': '/home/mk/dev_ws/build/xarm_planner', 'catkin_cmake_args': None, 'catkin_skip_building_tests': False, 'cmake_args': None, 'cmake_clean_cache': False, 'cmake_clean_first': False, 'cmake_force_configure': False, 'cmake_target': None, 'cmake_target_skip_unavailable': False, 'install_base': '/home/mk/dev_ws/install/xarm_planner', 'merge_install': False, 'path': '/home/mk/dev_ws/src/xarm_ros2/xarm_planner', 'symlink_install': True, 'test_result_base': None}
[0.245s] INFO:colcon.colcon_core.executor:Executing jobs using 'parallel' executor
[0.246s] DEBUG:colcon.colcon_parallel_executor.executor.parallel:run_until_complete
[0.246s] INFO:colcon.colcon_ros.task.ament_cmake.build:Building ROS package in '/home/mk/dev_ws/src/xarm_ros2/xarm_msgs' with build type 'ament_cmake'
[0.246s] INFO:colcon.colcon_cmake.task.cmake.build:Building CMake package in '/home/mk/dev_ws/src/xarm_ros2/xarm_msgs'
[0.248s] INFO:colcon.colcon_core.plugin_system:Skipping extension 'colcon_core.shell.bat': Not used on non-Windows systems
[0.248s] INFO:colcon.colcon_core.shell:Skip shell extension 'powershell' for command environment: Not usable outside of PowerShell
[0.248s] DEBUG:colcon.colcon_core.shell:Skip shell extension 'dsv' for command environment
[0.251s] INFO:colcon.colcon_ros.task.ament_cmake.build:Building ROS package in '/home/mk/dev_ws/src/ros2_whisper/whisper_idl' with build type 'ament_cmake'
[0.251s] INFO:colcon.colcon_cmake.task.cmake.build:Building CMake package in '/home/mk/dev_ws/src/ros2_whisper/whisper_idl'
[0.251s] INFO:colcon.colcon_core.shell:Skip shell extension 'powershell' for command environment: Not usable outside of PowerShell
[0.251s] DEBUG:colcon.colcon_core.shell:Skip shell extension 'dsv' for command environment
[0.254s] INFO:colcon.colcon_ros.task.ament_cmake.build:Building ROS package in '/home/mk/dev_ws/src/xarm_ros2/xarm_description' with build type 'ament_cmake'
[0.254s] INFO:colcon.colcon_cmake.task.cmake.build:Building CMake package in '/home/mk/dev_ws/src/xarm_ros2/xarm_description'
[0.254s] INFO:colcon.colcon_core.shell:Skip shell extension 'powershell' for command environment: Not usable outside of PowerShell
[0.254s] DEBUG:colcon.colcon_core.shell:Skip shell extension 'dsv' for command environment
[0.256s] INFO:colcon.colcon_ros.task.ament_cmake.build:Building ROS package in '/home/mk/dev_ws/src/xarm_ros2/xarm_sdk' with build type 'ament_cmake'
[0.256s] INFO:colcon.colcon_cmake.task.cmake.build:Building CMake package in '/home/mk/dev_ws/src/xarm_ros2/xarm_sdk'
[0.256s] INFO:colcon.colcon_core.shell:Skip shell extension 'powershell' for command environment: Not usable outside of PowerShell
[0.256s] DEBUG:colcon.colcon_core.shell:Skip shell extension 'dsv' for command environment
[0.258s] INFO:colcon.colcon_ros.task.ament_cmake.build:Building ROS package in '/home/mk/dev_ws/src/ros2_whisper/whisper_cpp_vendor' with build type 'ament_cmake'
[0.259s] INFO:colcon.colcon_cmake.task.cmake.build:Building CMake package in '/home/mk/dev_ws/src/ros2_whisper/whisper_cpp_vendor'
[0.259s] INFO:colcon.colcon_core.shell:Skip shell extension 'powershell' for command environment: Not usable outside of PowerShell
[0.259s] DEBUG:colcon.colcon_core.shell:Skip shell extension 'dsv' for command environment
[0.261s] INFO:colcon.colcon_ros.task.ament_python.build:Building ROS package in '/home/mk/dev_ws/src/xarm_ros2/uf_ros_lib' with build type 'ament_python'
[0.261s] Level 1:colcon.colcon_core.shell:create_environment_hook('uf_ros_lib', 'ament_prefix_path')
[0.261s] INFO:colcon.colcon_core.shell:Creating environment hook '/home/mk/dev_ws/install/uf_ros_lib/share/uf_ros_lib/hook/ament_prefix_path.ps1'
[0.261s] INFO:colcon.colcon_core.shell:Creating environment descriptor '/home/mk/dev_ws/install/uf_ros_lib/share/uf_ros_lib/hook/ament_prefix_path.dsv'
[0.262s] INFO:colcon.colcon_core.shell:Creating environment hook '/home/mk/dev_ws/install/uf_ros_lib/share/uf_ros_lib/hook/ament_prefix_path.sh'
[0.262s] INFO:colcon.colcon_core.shell:Skip shell extension 'powershell' for command environment: Not usable outside of PowerShell
[0.262s] DEBUG:colcon.colcon_core.shell:Skip shell extension 'dsv' for command environment
[0.264s] INFO:colcon.colcon_ros.task.ament_cmake.build:Building ROS package in '/home/mk/dev_ws/src/zed-ros2-interfaces' with build type 'ament_cmake'
[0.264s] INFO:colcon.colcon_cmake.task.cmake.build:Building CMake package in '/home/mk/dev_ws/src/zed-ros2-interfaces'
[0.264s] INFO:colcon.colcon_core.shell:Skip shell extension 'powershell' for command environment: Not usable outside of PowerShell
[0.264s] DEBUG:colcon.colcon_core.shell:Skip shell extension 'dsv' for command environment
[0.267s] INFO:colcon.colcon_ros.task.ament_python.build:Building ROS package in '/home/mk/dev_ws/src/ros2_whisper/audio_listener' with build type 'ament_python'
[0.267s] Level 1:colcon.colcon_core.shell:create_environment_hook('audio_listener', 'ament_prefix_path')
[0.267s] INFO:colcon.colcon_core.shell:Creating environment hook '/home/mk/dev_ws/install/audio_listener/share/audio_listener/hook/ament_prefix_path.ps1'
[0.267s] INFO:colcon.colcon_core.shell:Creating environment descriptor '/home/mk/dev_ws/install/audio_listener/share/audio_listener/hook/ament_prefix_path.dsv'
[0.267s] INFO:colcon.colcon_core.shell:Creating environment hook '/home/mk/dev_ws/install/audio_listener/share/audio_listener/hook/ament_prefix_path.sh'
[0.267s] INFO:colcon.colcon_core.shell:Skip shell extension 'powershell' for command environment: Not usable outside of PowerShell
[0.268s] DEBUG:colcon.colcon_core.shell:Skip shell extension 'dsv' for command environment
[0.270s] INFO:colcon.colcon_ros.task.ament_python.build:Building ROS package in '/home/mk/dev_ws/src/collision_check' with build type 'ament_python'
[0.270s] Level 1:colcon.colcon_core.shell:create_environment_hook('collision_check', 'ament_prefix_path')
[0.270s] INFO:colcon.colcon_core.shell:Creating environment hook '/home/mk/dev_ws/install/collision_check/share/collision_check/hook/ament_prefix_path.ps1'
[0.270s] INFO:colcon.colcon_core.shell:Creating environment descriptor '/home/mk/dev_ws/install/collision_check/share/collision_check/hook/ament_prefix_path.dsv'
[0.270s] INFO:colcon.colcon_core.shell:Creating environment hook '/home/mk/dev_ws/install/collision_check/share/collision_check/hook/ament_prefix_path.sh'
[0.270s] INFO:colcon.colcon_core.shell:Skip shell extension 'powershell' for command environment: Not usable outside of PowerShell
[0.271s] DEBUG:colcon.colcon_core.shell:Skip shell extension 'dsv' for command environment
[0.273s] INFO:colcon.colcon_ros.task.ament_python.build:Building ROS package in '/home/mk/dev_ws/src/gaze_control' with build type 'ament_python'
[0.273s] Level 1:colcon.colcon_core.shell:create_environment_hook('gaze_control', 'ament_prefix_path')
[0.273s] INFO:colcon.colcon_core.shell:Creating environment hook '/home/mk/dev_ws/install/gaze_control/share/gaze_control/hook/ament_prefix_path.ps1'
[0.273s] INFO:colcon.colcon_core.shell:Creating environment descriptor '/home/mk/dev_ws/install/gaze_control/share/gaze_control/hook/ament_prefix_path.dsv'
[0.273s] INFO:colcon.colcon_core.shell:Creating environment hook '/home/mk/dev_ws/install/gaze_control/share/gaze_control/hook/ament_prefix_path.sh'
[0.274s] INFO:colcon.colcon_core.shell:Skip shell extension 'powershell' for command environment: Not usable outside of PowerShell
[0.274s] DEBUG:colcon.colcon_core.shell:Skip shell extension 'dsv' for command environment
[0.276s] INFO:colcon.colcon_ros.task.ament_cmake.build:Building ROS package in '/home/mk/dev_ws/src/xarm_ros2/demo/mbot_demo' with build type 'ament_cmake'
[0.276s] INFO:colcon.colcon_cmake.task.cmake.build:Building CMake package in '/home/mk/dev_ws/src/xarm_ros2/demo/mbot_demo'
[0.276s] INFO:colcon.colcon_core.shell:Skip shell extension 'powershell' for command environment: Not usable outside of PowerShell
[0.276s] DEBUG:colcon.colcon_core.shell:Skip shell extension 'dsv' for command environment
[0.278s] INFO:colcon.colcon_ros.task.ament_cmake.build:Building ROS package in '/home/mk/dev_ws/src/my_3d_vision_bringup' with build type 'ament_cmake'
[0.278s] INFO:colcon.colcon_cmake.task.cmake.build:Building CMake package in '/home/mk/dev_ws/src/my_3d_vision_bringup'
[0.279s] INFO:colcon.colcon_core.shell:Skip shell extension 'powershell' for command environment: Not usable outside of PowerShell
[0.279s] DEBUG:colcon.colcon_core.shell:Skip shell extension 'dsv' for command environment
[0.281s] INFO:colcon.colcon_ros.task.ament_cmake.build:Building ROS package in '/home/mk/dev_ws/src/xarm_ros2/thirdparty/realsense_gazebo_plugin' with build type 'ament_cmake'
[0.281s] INFO:colcon.colcon_cmake.task.cmake.build:Building CMake package in '/home/mk/dev_ws/src/xarm_ros2/thirdparty/realsense_gazebo_plugin'
[0.281s] INFO:colcon.colcon_core.shell:Skip shell extension 'powershell' for command environment: Not usable outside of PowerShell
[0.281s] DEBUG:colcon.colcon_core.shell:Skip shell extension 'dsv' for command environment
[0.284s] INFO:colcon.colcon_ros.task.ament_python.build:Building ROS package in '/home/mk/dev_ws/src/robot_motion_handler_movegroup' with build type 'ament_python'
[0.284s] Level 1:colcon.colcon_core.shell:create_environment_hook('robot_motion_handler_movegroup', 'ament_prefix_path')
[0.284s] INFO:colcon.colcon_core.shell:Creating environment hook '/home/mk/dev_ws/install/robot_motion_handler_movegroup/share/robot_motion_handler_movegroup/hook/ament_prefix_path.ps1'
[0.284s] INFO:colcon.colcon_core.shell:Creating environment descriptor '/home/mk/dev_ws/install/robot_motion_handler_movegroup/share/robot_motion_handler_movegroup/hook/ament_prefix_path.dsv'
[0.284s] INFO:colcon.colcon_core.shell:Creating environment hook '/home/mk/dev_ws/install/robot_motion_handler_movegroup/share/robot_motion_handler_movegroup/hook/ament_prefix_path.sh'
[0.285s] INFO:colcon.colcon_core.shell:Skip shell extension 'powershell' for command environment: Not usable outside of PowerShell
[0.285s] DEBUG:colcon.colcon_core.shell:Skip shell extension 'dsv' for command environment
[0.287s] INFO:colcon.colcon_ros.task.ament_python.build:Building ROS package in '/home/mk/dev_ws/src/rviz_marker_static_scene_objects' with build type 'ament_python'
[0.287s] Level 1:colcon.colcon_core.shell:create_environment_hook('rviz_marker_static_scene_objects', 'ament_prefix_path')
[0.287s] INFO:colcon.colcon_core.shell:Creating environment hook '/home/mk/dev_ws/install/rviz_marker_static_scene_objects/share/rviz_marker_static_scene_objects/hook/ament_prefix_path.ps1'
[0.287s] INFO:colcon.colcon_core.shell:Creating environment descriptor '/home/mk/dev_ws/install/rviz_marker_static_scene_objects/share/rviz_marker_static_scene_objects/hook/ament_prefix_path.dsv'
[0.287s] INFO:colcon.colcon_core.shell:Creating environment hook '/home/mk/dev_ws/install/rviz_marker_static_scene_objects/share/rviz_marker_static_scene_objects/hook/ament_prefix_path.sh'
[0.288s] INFO:colcon.colcon_core.shell:Skip shell extension 'powershell' for command environment: Not usable outside of PowerShell
[0.288s] DEBUG:colcon.colcon_core.shell:Skip shell extension 'dsv' for command environment
[0.290s] INFO:colcon.colcon_ros.task.ament_python.build:Building ROS package in '/home/mk/dev_ws/src/rviz_servo_status_overlay' with build type 'ament_python'
[0.290s] Level 1:colcon.colcon_core.shell:create_environment_hook('rviz_servo_status_overlay', 'ament_prefix_path')
[0.290s] INFO:colcon.colcon_core.shell:Creating environment hook '/home/mk/dev_ws/install/rviz_servo_status_overlay/share/rviz_servo_status_overlay/hook/ament_prefix_path.ps1'
[0.291s] INFO:colcon.colcon_core.shell:Creating environment descriptor '/home/mk/dev_ws/install/rviz_servo_status_overlay/share/rviz_servo_status_overlay/hook/ament_prefix_path.dsv'
[0.291s] INFO:colcon.colcon_core.shell:Creating environment hook '/home/mk/dev_ws/install/rviz_servo_status_overlay/share/rviz_servo_status_overlay/hook/ament_prefix_path.sh'
[0.291s] INFO:colcon.colcon_core.shell:Skip shell extension 'powershell' for command environment: Not usable outside of PowerShell
[0.291s] DEBUG:colcon.colcon_core.shell:Skip shell extension 'dsv' for command environment
[0.293s] INFO:colcon.colcon_ros.task.ament_python.build:Building ROS package in '/home/mk/dev_ws/src/yolo_object_detector' with build type 'ament_python'
[0.294s] Level 1:colcon.colcon_core.shell:create_environment_hook('yolo_object_detector', 'ament_prefix_path')
[0.294s] INFO:colcon.colcon_core.shell:Creating environment hook '/home/mk/dev_ws/install/yolo_object_detector/share/yolo_object_detector/hook/ament_prefix_path.ps1'
[0.294s] INFO:colcon.colcon_core.shell:Creating environment descriptor '/home/mk/dev_ws/install/yolo_object_detector/share/yolo_object_detector/hook/ament_prefix_path.dsv'
[0.294s] INFO:colcon.colcon_core.shell:Creating environment hook '/home/mk/dev_ws/install/yolo_object_detector/share/yolo_object_detector/hook/ament_prefix_path.sh'
[0.294s] INFO:colcon.colcon_core.shell:Skip shell extension 'powershell' for command environment: Not usable outside of PowerShell
[0.294s] DEBUG:colcon.colcon_core.shell:Skip shell extension 'dsv' for command environment
[0.300s] DEBUG:colcon.colcon_core.event_handler.log_command:Invoking command in '/home/mk/dev_ws/build/xarm_msgs': CMAKE_PREFIX_PATH=${CMAKE_PREFIX_PATH}:/home/mk/dev_ws/install/yolo_object_detector:/home/mk/dev_ws/install/move_to_coordinator:/home/mk/dev_ws/install/motion_sequence:/home/mk/dev_ws/install/whisper_demos:/home/mk/dev_ws/install/voice_command_listener:/home/mk/dev_ws/install/uf_ros_lib:/home/mk/dev_ws/install/rviz_servo_status_overlay:/home/mk/dev_ws/install/rviz_marker_static_scene_objects:/home/mk/dev_ws/install/robot_motion_handler_movegroup:/home/mk/dev_ws/install/gaze_control:/home/mk/dev_ws/install/collision_check:/home/mk/dev_ws/install/audio_listener:/opt/ros/humble /usr/bin/cmake --build /home/mk/dev_ws/build/xarm_msgs -- -j20 -l20
[0.302s] DEBUG:colcon.colcon_core.event_handler.log_command:Invoking command in '/home/mk/dev_ws/build/whisper_idl': CMAKE_PREFIX_PATH=${CMAKE_PREFIX_PATH}:/home/mk/dev_ws/install/yolo_object_detector:/home/mk/dev_ws/install/move_to_coordinator:/home/mk/dev_ws/install/motion_sequence:/home/mk/dev_ws/install/whisper_demos:/home/mk/dev_ws/install/voice_command_listener:/home/mk/dev_ws/install/uf_ros_lib:/home/mk/dev_ws/install/rviz_servo_status_overlay:/home/mk/dev_ws/install/rviz_marker_static_scene_objects:/home/mk/dev_ws/install/robot_motion_handler_movegroup:/home/mk/dev_ws/install/gaze_control:/home/mk/dev_ws/install/collision_check:/home/mk/dev_ws/install/audio_listener:/opt/ros/humble /usr/bin/cmake --build /home/mk/dev_ws/build/whisper_idl -- -j20 -l20
[0.303s] DEBUG:colcon.colcon_core.event_handler.log_command:Invoking command in '/home/mk/dev_ws/build/xarm_description': CMAKE_PREFIX_PATH=${CMAKE_PREFIX_PATH}:/home/mk/dev_ws/install/yolo_object_detector:/home/mk/dev_ws/install/move_to_coordinator:/home/mk/dev_ws/install/motion_sequence:/home/mk/dev_ws/install/whisper_demos:/home/mk/dev_ws/install/voice_command_listener:/home/mk/dev_ws/install/uf_ros_lib:/home/mk/dev_ws/install/rviz_servo_status_overlay:/home/mk/dev_ws/install/rviz_marker_static_scene_objects:/home/mk/dev_ws/install/robot_motion_handler_movegroup:/home/mk/dev_ws/install/gaze_control:/home/mk/dev_ws/install/collision_check:/home/mk/dev_ws/install/audio_listener:/opt/ros/humble /usr/bin/cmake --build /home/mk/dev_ws/build/xarm_description -- -j20 -l20
[0.304s] DEBUG:colcon.colcon_core.event_handler.log_command:Invoking command in '/home/mk/dev_ws/build/xarm_sdk': CMAKE_PREFIX_PATH=${CMAKE_PREFIX_PATH}:/home/mk/dev_ws/install/yolo_object_detector:/home/mk/dev_ws/install/move_to_coordinator:/home/mk/dev_ws/install/motion_sequence:/home/mk/dev_ws/install/whisper_demos:/home/mk/dev_ws/install/voice_command_listener:/home/mk/dev_ws/install/uf_ros_lib:/home/mk/dev_ws/install/rviz_servo_status_overlay:/home/mk/dev_ws/install/rviz_marker_static_scene_objects:/home/mk/dev_ws/install/robot_motion_handler_movegroup:/home/mk/dev_ws/install/gaze_control:/home/mk/dev_ws/install/collision_check:/home/mk/dev_ws/install/audio_listener:/opt/ros/humble /usr/bin/cmake --build /home/mk/dev_ws/build/xarm_sdk -- -j20 -l20
[0.307s] DEBUG:colcon.colcon_core.event_handler.log_command:Invoking command in '/home/mk/dev_ws/build/whisper_cpp_vendor': CMAKE_PREFIX_PATH=${CMAKE_PREFIX_PATH}:/home/mk/dev_ws/install/yolo_object_detector:/home/mk/dev_ws/install/move_to_coordinator:/home/mk/dev_ws/install/motion_sequence:/home/mk/dev_ws/install/whisper_demos:/home/mk/dev_ws/install/voice_command_listener:/home/mk/dev_ws/install/uf_ros_lib:/home/mk/dev_ws/install/rviz_servo_status_overlay:/home/mk/dev_ws/install/rviz_marker_static_scene_objects:/home/mk/dev_ws/install/robot_motion_handler_movegroup:/home/mk/dev_ws/install/gaze_control:/home/mk/dev_ws/install/collision_check:/home/mk/dev_ws/install/audio_listener:/opt/ros/humble /usr/bin/cmake --build /home/mk/dev_ws/build/whisper_cpp_vendor -- -j20 -l20
[0.476s] INFO:colcon.colcon_core.task.python.build:Building Python package in '/home/mk/dev_ws/src/xarm_ros2/uf_ros_lib'
[0.476s] INFO:colcon.colcon_core.shell:Skip shell extension 'powershell' for command environment: Not usable outside of PowerShell
[0.476s] DEBUG:colcon.colcon_core.shell:Skip shell extension 'dsv' for command environment
[0.483s] DEBUG:colcon.colcon_core.event_handler.log_command:Invoking command in '/home/mk/dev_ws/build/zed_interfaces': CMAKE_PREFIX_PATH=${CMAKE_PREFIX_PATH}:/home/mk/dev_ws/install/yolo_object_detector:/home/mk/dev_ws/install/move_to_coordinator:/home/mk/dev_ws/install/motion_sequence:/home/mk/dev_ws/install/whisper_demos:/home/mk/dev_ws/install/voice_command_listener:/home/mk/dev_ws/install/uf_ros_lib:/home/mk/dev_ws/install/rviz_servo_status_overlay:/home/mk/dev_ws/install/rviz_marker_static_scene_objects:/home/mk/dev_ws/install/robot_motion_handler_movegroup:/home/mk/dev_ws/install/gaze_control:/home/mk/dev_ws/install/collision_check:/home/mk/dev_ws/install/audio_listener:/opt/ros/humble /usr/bin/cmake --build /home/mk/dev_ws/build/zed_interfaces -- -j20 -l20
[0.646s] INFO:colcon.colcon_core.task.python.build:Building Python package in '/home/mk/dev_ws/src/ros2_whisper/audio_listener'
[0.646s] INFO:colcon.colcon_core.shell:Skip shell extension 'powershell' for command environment: Not usable outside of PowerShell
[0.646s] DEBUG:colcon.colcon_core.shell:Skip shell extension 'dsv' for command environment
[0.805s] INFO:colcon.colcon_core.task.python.build:Building Python package in '/home/mk/dev_ws/src/collision_check'
[0.806s] INFO:colcon.colcon_core.shell:Skip shell extension 'powershell' for command environment: Not usable outside of PowerShell
[0.806s] DEBUG:colcon.colcon_core.shell:Skip shell extension 'dsv' for command environment
[0.967s] INFO:colcon.colcon_core.task.python.build:Building Python package in '/home/mk/dev_ws/src/gaze_control'
[0.967s] INFO:colcon.colcon_core.shell:Skip shell extension 'powershell' for command environment: Not usable outside of PowerShell
[0.967s] DEBUG:colcon.colcon_core.shell:Skip shell extension 'dsv' for command environment
[0.972s] DEBUG:colcon.colcon_core.event_handler.log_command:Invoking command in '/home/mk/dev_ws/build/mbot_demo': CMAKE_PREFIX_PATH=${CMAKE_PREFIX_PATH}:/home/mk/dev_ws/install/yolo_object_detector:/home/mk/dev_ws/install/move_to_coordinator:/home/mk/dev_ws/install/motion_sequence:/home/mk/dev_ws/install/whisper_demos:/home/mk/dev_ws/install/voice_command_listener:/home/mk/dev_ws/install/uf_ros_lib:/home/mk/dev_ws/install/rviz_servo_status_overlay:/home/mk/dev_ws/install/rviz_marker_static_scene_objects:/home/mk/dev_ws/install/robot_motion_handler_movegroup:/home/mk/dev_ws/install/gaze_control:/home/mk/dev_ws/install/collision_check:/home/mk/dev_ws/install/audio_listener:/opt/ros/humble /usr/bin/cmake --build /home/mk/dev_ws/build/mbot_demo -- -j20 -l20
[0.973s] DEBUG:colcon.colcon_core.event_handler.log_command:Invoking command in '/home/mk/dev_ws/build/my_3d_vision_bringup': CMAKE_PREFIX_PATH=${CMAKE_PREFIX_PATH}:/home/mk/dev_ws/install/yolo_object_detector:/home/mk/dev_ws/install/move_to_coordinator:/home/mk/dev_ws/install/motion_sequence:/home/mk/dev_ws/install/whisper_demos:/home/mk/dev_ws/install/voice_command_listener:/home/mk/dev_ws/install/uf_ros_lib:/home/mk/dev_ws/install/rviz_servo_status_overlay:/home/mk/dev_ws/install/rviz_marker_static_scene_objects:/home/mk/dev_ws/install/robot_motion_handler_movegroup:/home/mk/dev_ws/install/gaze_control:/home/mk/dev_ws/install/collision_check:/home/mk/dev_ws/install/audio_listener:/opt/ros/humble /usr/bin/cmake --build /home/mk/dev_ws/build/my_3d_vision_bringup -- -j20 -l20
[0.975s] DEBUG:colcon.colcon_core.event_handler.log_command:Invoking command in '/home/mk/dev_ws/build/realsense_gazebo_plugin': CMAKE_PREFIX_PATH=${CMAKE_PREFIX_PATH}:/home/mk/dev_ws/install/yolo_object_detector:/home/mk/dev_ws/install/move_to_coordinator:/home/mk/dev_ws/install/motion_sequence:/home/mk/dev_ws/install/whisper_demos:/home/mk/dev_ws/install/voice_command_listener:/home/mk/dev_ws/install/uf_ros_lib:/home/mk/dev_ws/install/rviz_servo_status_overlay:/home/mk/dev_ws/install/rviz_marker_static_scene_objects:/home/mk/dev_ws/install/robot_motion_handler_movegroup:/home/mk/dev_ws/install/gaze_control:/home/mk/dev_ws/install/collision_check:/home/mk/dev_ws/install/audio_listener:/opt/ros/humble /usr/bin/cmake --build /home/mk/dev_ws/build/realsense_gazebo_plugin -- -j20 -l20
[1.142s] INFO:colcon.colcon_core.task.python.build:Building Python package in '/home/mk/dev_ws/src/robot_motion_handler_movegroup'
[1.142s] INFO:colcon.colcon_core.shell:Skip shell extension 'powershell' for command environment: Not usable outside of PowerShell
[1.142s] DEBUG:colcon.colcon_core.shell:Skip shell extension 'dsv' for command environment
[1.301s] INFO:colcon.colcon_core.task.python.build:Building Python package in '/home/mk/dev_ws/src/rviz_marker_static_scene_objects'
[1.301s] INFO:colcon.colcon_core.shell:Skip shell extension 'powershell' for command environment: Not usable outside of PowerShell
[1.301s] DEBUG:colcon.colcon_core.shell:Skip shell extension 'dsv' for command environment
[1.464s] INFO:colcon.colcon_core.task.python.build:Building Python package in '/home/mk/dev_ws/src/rviz_servo_status_overlay'
[1.464s] INFO:colcon.colcon_core.shell:Skip shell extension 'powershell' for command environment: Not usable outside of PowerShell
[1.464s] DEBUG:colcon.colcon_core.shell:Skip shell extension 'dsv' for command environment
[1.623s] INFO:colcon.colcon_core.task.python.build:Building Python package in '/home/mk/dev_ws/src/yolo_object_detector'
[1.623s] INFO:colcon.colcon_core.shell:Skip shell extension 'powershell' for command environment: Not usable outside of PowerShell
[1.623s] DEBUG:colcon.colcon_core.shell:Skip shell extension 'dsv' for command environment
[1.627s] DEBUG:colcon.colcon_core.event_handler.log_command:Invoked command in '/home/mk/dev_ws/build/xarm_msgs' returned '0': CMAKE_PREFIX_PATH=${CMAKE_PREFIX_PATH}:/home/mk/dev_ws/install/yolo_object_detector:/home/mk/dev_ws/install/move_to_coordinator:/home/mk/dev_ws/install/motion_sequence:/home/mk/dev_ws/install/whisper_demos:/home/mk/dev_ws/install/voice_command_listener:/home/mk/dev_ws/install/uf_ros_lib:/home/mk/dev_ws/install/rviz_servo_status_overlay:/home/mk/dev_ws/install/rviz_marker_static_scene_objects:/home/mk/dev_ws/install/robot_motion_handler_movegroup:/home/mk/dev_ws/install/gaze_control:/home/mk/dev_ws/install/collision_check:/home/mk/dev_ws/install/audio_listener:/opt/ros/humble /usr/bin/cmake --build /home/mk/dev_ws/build/xarm_msgs -- -j20 -l20
[1.634s] DEBUG:colcon.colcon_core.event_handler.log_command:Invoking command in '/home/mk/dev_ws/build/xarm_msgs': CMAKE_PREFIX_PATH=${CMAKE_PREFIX_PATH}:/home/mk/dev_ws/install/yolo_object_detector:/home/mk/dev_ws/install/move_to_coordinator:/home/mk/dev_ws/install/motion_sequence:/home/mk/dev_ws/install/whisper_demos:/home/mk/dev_ws/install/voice_command_listener:/home/mk/dev_ws/install/uf_ros_lib:/home/mk/dev_ws/install/rviz_servo_status_overlay:/home/mk/dev_ws/install/rviz_marker_static_scene_objects:/home/mk/dev_ws/install/robot_motion_handler_movegroup:/home/mk/dev_ws/install/gaze_control:/home/mk/dev_ws/install/collision_check:/home/mk/dev_ws/install/audio_listener:/opt/ros/humble /usr/bin/cmake --install /home/mk/dev_ws/build/xarm_msgs
[1.634s] DEBUG:colcon.colcon_core.event_handler.log_command:Invoked command in '/home/mk/dev_ws/build/whisper_idl' returned '0': CMAKE_PREFIX_PATH=${CMAKE_PREFIX_PATH}:/home/mk/dev_ws/install/yolo_object_detector:/home/mk/dev_ws/install/move_to_coordinator:/home/mk/dev_ws/install/motion_sequence:/home/mk/dev_ws/install/whisper_demos:/home/mk/dev_ws/install/voice_command_listener:/home/mk/dev_ws/install/uf_ros_lib:/home/mk/dev_ws/install/rviz_servo_status_overlay:/home/mk/dev_ws/install/rviz_marker_static_scene_objects:/home/mk/dev_ws/install/robot_motion_handler_movegroup:/home/mk/dev_ws/install/gaze_control:/home/mk/dev_ws/install/collision_check:/home/mk/dev_ws/install/audio_listener:/opt/ros/humble /usr/bin/cmake --build /home/mk/dev_ws/build/whisper_idl -- -j20 -l20
[1.635s] DEBUG:colcon.colcon_core.event_handler.log_command:Invoking command in '/home/mk/dev_ws/build/whisper_idl': CMAKE_PREFIX_PATH=${CMAKE_PREFIX_PATH}:/home/mk/dev_ws/install/yolo_object_detector:/home/mk/dev_ws/install/move_to_coordinator:/home/mk/dev_ws/install/motion_sequence:/home/mk/dev_ws/install/whisper_demos:/home/mk/dev_ws/install/voice_command_listener:/home/mk/dev_ws/install/uf_ros_lib:/home/mk/dev_ws/install/rviz_servo_status_overlay:/home/mk/dev_ws/install/rviz_marker_static_scene_objects:/home/mk/dev_ws/install/robot_motion_handler_movegroup:/home/mk/dev_ws/install/gaze_control:/home/mk/dev_ws/install/collision_check:/home/mk/dev_ws/install/audio_listener:/opt/ros/humble /usr/bin/cmake --install /home/mk/dev_ws/build/whisper_idl
[1.635s] DEBUG:colcon.colcon_core.event_handler.log_command:Invoked command in '/home/mk/dev_ws/build/xarm_description' returned '0': CMAKE_PREFIX_PATH=${CMAKE_PREFIX_PATH}:/home/mk/dev_ws/install/yolo_object_detector:/home/mk/dev_ws/install/move_to_coordinator:/home/mk/dev_ws/install/motion_sequence:/home/mk/dev_ws/install/whisper_demos:/home/mk/dev_ws/install/voice_command_listener:/home/mk/dev_ws/install/uf_ros_lib:/home/mk/dev_ws/install/rviz_servo_status_overlay:/home/mk/dev_ws/install/rviz_marker_static_scene_objects:/home/mk/dev_ws/install/robot_motion_handler_movegroup:/home/mk/dev_ws/install/gaze_control:/home/mk/dev_ws/install/collision_check:/home/mk/dev_ws/install/audio_listener:/opt/ros/humble /usr/bin/cmake --build /home/mk/dev_ws/build/xarm_description -- -j20 -l20
[1.636s] DEBUG:colcon.colcon_core.event_handler.log_command:Invoking command in '/home/mk/dev_ws/build/xarm_description': CMAKE_PREFIX_PATH=${CMAKE_PREFIX_PATH}:/home/mk/dev_ws/install/yolo_object_detector:/home/mk/dev_ws/install/move_to_coordinator:/home/mk/dev_ws/install/motion_sequence:/home/mk/dev_ws/install/whisper_demos:/home/mk/dev_ws/install/voice_command_listener:/home/mk/dev_ws/install/uf_ros_lib:/home/mk/dev_ws/install/rviz_servo_status_overlay:/home/mk/dev_ws/install/rviz_marker_static_scene_objects:/home/mk/dev_ws/install/robot_motion_handler_movegroup:/home/mk/dev_ws/install/gaze_control:/home/mk/dev_ws/install/collision_check:/home/mk/dev_ws/install/audio_listener:/opt/ros/humble /usr/bin/cmake --install /home/mk/dev_ws/build/xarm_description
[1.636s] DEBUG:colcon.colcon_core.event_handler.log_command:Invoked command in '/home/mk/dev_ws/build/whisper_cpp_vendor' returned '0': CMAKE_PREFIX_PATH=${CMAKE_PREFIX_PATH}:/home/mk/dev_ws/install/yolo_object_detector:/home/mk/dev_ws/install/move_to_coordinator:/home/mk/dev_ws/install/motion_sequence:/home/mk/dev_ws/install/whisper_demos:/home/mk/dev_ws/install/voice_command_listener:/home/mk/dev_ws/install/uf_ros_lib:/home/mk/dev_ws/install/rviz_servo_status_overlay:/home/mk/dev_ws/install/rviz_marker_static_scene_objects:/home/mk/dev_ws/install/robot_motion_handler_movegroup:/home/mk/dev_ws/install/gaze_control:/home/mk/dev_ws/install/collision_check:/home/mk/dev_ws/install/audio_listener:/opt/ros/humble /usr/bin/cmake --build /home/mk/dev_ws/build/whisper_cpp_vendor -- -j20 -l20
[1.636s] DEBUG:colcon.colcon_core.event_handler.log_command:Invoking command in '/home/mk/dev_ws/build/whisper_cpp_vendor': CMAKE_PREFIX_PATH=${CMAKE_PREFIX_PATH}:/home/mk/dev_ws/install/yolo_object_detector:/home/mk/dev_ws/install/move_to_coordinator:/home/mk/dev_ws/install/motion_sequence:/home/mk/dev_ws/install/whisper_demos:/home/mk/dev_ws/install/voice_command_listener:/home/mk/dev_ws/install/uf_ros_lib:/home/mk/dev_ws/install/rviz_servo_status_overlay:/home/mk/dev_ws/install/rviz_marker_static_scene_objects:/home/mk/dev_ws/install/robot_motion_handler_movegroup:/home/mk/dev_ws/install/gaze_control:/home/mk/dev_ws/install/collision_check:/home/mk/dev_ws/install/audio_listener:/opt/ros/humble /usr/bin/cmake --install /home/mk/dev_ws/build/whisper_cpp_vendor
[1.637s] DEBUG:colcon.colcon_core.event_handler.log_command:Invoked command in '/home/mk/dev_ws/build/zed_interfaces' returned '0': CMAKE_PREFIX_PATH=${CMAKE_PREFIX_PATH}:/home/mk/dev_ws/install/yolo_object_detector:/home/mk/dev_ws/install/move_to_coordinator:/home/mk/dev_ws/install/motion_sequence:/home/mk/dev_ws/install/whisper_demos:/home/mk/dev_ws/install/voice_command_listener:/home/mk/dev_ws/install/uf_ros_lib:/home/mk/dev_ws/install/rviz_servo_status_overlay:/home/mk/dev_ws/install/rviz_marker_static_scene_objects:/home/mk/dev_ws/install/robot_motion_handler_movegroup:/home/mk/dev_ws/install/gaze_control:/home/mk/dev_ws/install/collision_check:/home/mk/dev_ws/install/audio_listener:/opt/ros/humble /usr/bin/cmake --build /home/mk/dev_ws/build/zed_interfaces -- -j20 -l20
[1.638s] DEBUG:colcon.colcon_core.event_handler.log_command:Invoking command in '/home/mk/dev_ws/build/zed_interfaces': CMAKE_PREFIX_PATH=${CMAKE_PREFIX_PATH}:/home/mk/dev_ws/install/yolo_object_detector:/home/mk/dev_ws/install/move_to_coordinator:/home/mk/dev_ws/install/motion_sequence:/home/mk/dev_ws/install/whisper_demos:/home/mk/dev_ws/install/voice_command_listener:/home/mk/dev_ws/install/uf_ros_lib:/home/mk/dev_ws/install/rviz_servo_status_overlay:/home/mk/dev_ws/install/rviz_marker_static_scene_objects:/home/mk/dev_ws/install/robot_motion_handler_movegroup:/home/mk/dev_ws/install/gaze_control:/home/mk/dev_ws/install/collision_check:/home/mk/dev_ws/install/audio_listener:/opt/ros/humble /usr/bin/cmake --install /home/mk/dev_ws/build/zed_interfaces
[1.639s] DEBUG:colcon.colcon_core.event_handler.log_command:Invoked command in '/home/mk/dev_ws/build/realsense_gazebo_plugin' returned '0': CMAKE_PREFIX_PATH=${CMAKE_PREFIX_PATH}:/home/mk/dev_ws/install/yolo_object_detector:/home/mk/dev_ws/install/move_to_coordinator:/home/mk/dev_ws/install/motion_sequence:/home/mk/dev_ws/install/whisper_demos:/home/mk/dev_ws/install/voice_command_listener:/home/mk/dev_ws/install/uf_ros_lib:/home/mk/dev_ws/install/rviz_servo_status_overlay:/home/mk/dev_ws/install/rviz_marker_static_scene_objects:/home/mk/dev_ws/install/robot_motion_handler_movegroup:/home/mk/dev_ws/install/gaze_control:/home/mk/dev_ws/install/collision_check:/home/mk/dev_ws/install/audio_listener:/opt/ros/humble /usr/bin/cmake --build /home/mk/dev_ws/build/realsense_gazebo_plugin -- -j20 -l20
[1.639s] DEBUG:colcon.colcon_core.event_handler.log_command:Invoking command in '/home/mk/dev_ws/build/realsense_gazebo_plugin': CMAKE_PREFIX_PATH=${CMAKE_PREFIX_PATH}:/home/mk/dev_ws/install/yolo_object_detector:/home/mk/dev_ws/install/move_to_coordinator:/home/mk/dev_ws/install/motion_sequence:/home/mk/dev_ws/install/whisper_demos:/home/mk/dev_ws/install/voice_command_listener:/home/mk/dev_ws/install/uf_ros_lib:/home/mk/dev_ws/install/rviz_servo_status_overlay:/home/mk/dev_ws/install/rviz_marker_static_scene_objects:/home/mk/dev_ws/install/robot_motion_handler_movegroup:/home/mk/dev_ws/install/gaze_control:/home/mk/dev_ws/install/collision_check:/home/mk/dev_ws/install/audio_listener:/opt/ros/humble /usr/bin/cmake --install /home/mk/dev_ws/build/realsense_gazebo_plugin
[1.640s] DEBUG:colcon.colcon_core.event_handler.log_command:Invoked command in '/home/mk/dev_ws/build/mbot_demo' returned '0': CMAKE_PREFIX_PATH=${CMAKE_PREFIX_PATH}:/home/mk/dev_ws/install/yolo_object_detector:/home/mk/dev_ws/install/move_to_coordinator:/home/mk/dev_ws/install/motion_sequence:/home/mk/dev_ws/install/whisper_demos:/home/mk/dev_ws/install/voice_command_listener:/home/mk/dev_ws/install/uf_ros_lib:/home/mk/dev_ws/install/rviz_servo_status_overlay:/home/mk/dev_ws/install/rviz_marker_static_scene_objects:/home/mk/dev_ws/install/robot_motion_handler_movegroup:/home/mk/dev_ws/install/gaze_control:/home/mk/dev_ws/install/collision_check:/home/mk/dev_ws/install/audio_listener:/opt/ros/humble /usr/bin/cmake --build /home/mk/dev_ws/build/mbot_demo -- -j20 -l20
[1.640s] DEBUG:colcon.colcon_core.event_handler.log_command:Invoking command in '/home/mk/dev_ws/build/mbot_demo': CMAKE_PREFIX_PATH=${CMAKE_PREFIX_PATH}:/home/mk/dev_ws/install/yolo_object_detector:/home/mk/dev_ws/install/move_to_coordinator:/home/mk/dev_ws/install/motion_sequence:/home/mk/dev_ws/install/whisper_demos:/home/mk/dev_ws/install/voice_command_listener:/home/mk/dev_ws/install/uf_ros_lib:/home/mk/dev_ws/install/rviz_servo_status_overlay:/home/mk/dev_ws/install/rviz_marker_static_scene_objects:/home/mk/dev_ws/install/robot_motion_handler_movegroup:/home/mk/dev_ws/install/gaze_control:/home/mk/dev_ws/install/collision_check:/home/mk/dev_ws/install/audio_listener:/opt/ros/humble /usr/bin/cmake --install /home/mk/dev_ws/build/mbot_demo
[1.641s] DEBUG:colcon.colcon_core.event_handler.log_command:Invoked command in '/home/mk/dev_ws/build/xarm_sdk' returned '0': CMAKE_PREFIX_PATH=${CMAKE_PREFIX_PATH}:/home/mk/dev_ws/install/yolo_object_detector:/home/mk/dev_ws/install/move_to_coordinator:/home/mk/dev_ws/install/motion_sequence:/home/mk/dev_ws/install/whisper_demos:/home/mk/dev_ws/install/voice_command_listener:/home/mk/dev_ws/install/uf_ros_lib:/home/mk/dev_ws/install/rviz_servo_status_overlay:/home/mk/dev_ws/install/rviz_marker_static_scene_objects:/home/mk/dev_ws/install/robot_motion_handler_movegroup:/home/mk/dev_ws/install/gaze_control:/home/mk/dev_ws/install/collision_check:/home/mk/dev_ws/install/audio_listener:/opt/ros/humble /usr/bin/cmake --build /home/mk/dev_ws/build/xarm_sdk -- -j20 -l20
[1.642s] DEBUG:colcon.colcon_core.event_handler.log_command:Invoking command in '/home/mk/dev_ws/build/xarm_sdk': CMAKE_PREFIX_PATH=${CMAKE_PREFIX_PATH}:/home/mk/dev_ws/install/yolo_object_detector:/home/mk/dev_ws/install/move_to_coordinator:/home/mk/dev_ws/install/motion_sequence:/home/mk/dev_ws/install/whisper_demos:/home/mk/dev_ws/install/voice_command_listener:/home/mk/dev_ws/install/uf_ros_lib:/home/mk/dev_ws/install/rviz_servo_status_overlay:/home/mk/dev_ws/install/rviz_marker_static_scene_objects:/home/mk/dev_ws/install/robot_motion_handler_movegroup:/home/mk/dev_ws/install/gaze_control:/home/mk/dev_ws/install/collision_check:/home/mk/dev_ws/install/audio_listener:/opt/ros/humble /usr/bin/cmake --install /home/mk/dev_ws/build/xarm_sdk
[1.642s] DEBUG:colcon.colcon_core.event_handler.log_command:Invoked command in '/home/mk/dev_ws/build/my_3d_vision_bringup' returned '0': CMAKE_PREFIX_PATH=${CMAKE_PREFIX_PATH}:/home/mk/dev_ws/install/yolo_object_detector:/home/mk/dev_ws/install/move_to_coordinator:/home/mk/dev_ws/install/motion_sequence:/home/mk/dev_ws/install/whisper_demos:/home/mk/dev_ws/install/voice_command_listener:/home/mk/dev_ws/install/uf_ros_lib:/home/mk/dev_ws/install/rviz_servo_status_overlay:/home/mk/dev_ws/install/rviz_marker_static_scene_objects:/home/mk/dev_ws/install/robot_motion_handler_movegroup:/home/mk/dev_ws/install/gaze_control:/home/mk/dev_ws/install/collision_check:/home/mk/dev_ws/install/audio_listener:/opt/ros/humble /usr/bin/cmake --build /home/mk/dev_ws/build/my_3d_vision_bringup -- -j20 -l20
[1.643s] DEBUG:colcon.colcon_core.event_handler.log_command:Invoking command in '/home/mk/dev_ws/build/my_3d_vision_bringup': CMAKE_PREFIX_PATH=${CMAKE_PREFIX_PATH}:/home/mk/dev_ws/install/yolo_object_detector:/home/mk/dev_ws/install/move_to_coordinator:/home/mk/dev_ws/install/motion_sequence:/home/mk/dev_ws/install/whisper_demos:/home/mk/dev_ws/install/voice_command_listener:/home/mk/dev_ws/install/uf_ros_lib:/home/mk/dev_ws/install/rviz_servo_status_overlay:/home/mk/dev_ws/install/rviz_marker_static_scene_objects:/home/mk/dev_ws/install/robot_motion_handler_movegroup:/home/mk/dev_ws/install/gaze_control:/home/mk/dev_ws/install/collision_check:/home/mk/dev_ws/install/audio_listener:/opt/ros/humble /usr/bin/cmake --install /home/mk/dev_ws/build/my_3d_vision_bringup
[1.678s] Level 1:colcon.colcon_core.environment:create_environment_scripts_only(realsense_gazebo_plugin)
[1.688s] Level 1:colcon.colcon_core.environment:checking '/home/mk/dev_ws/install/realsense_gazebo_plugin' for CMake module files
[1.691s] Level 1:colcon.colcon_core.environment:checking '/home/mk/dev_ws/install/realsense_gazebo_plugin' for CMake config files
[1.696s] Level 1:colcon.colcon_core.shell:create_environment_hook('realsense_gazebo_plugin', 'cmake_prefix_path')
[1.696s] INFO:colcon.colcon_core.shell:Creating environment hook '/home/mk/dev_ws/install/realsense_gazebo_plugin/share/realsense_gazebo_plugin/hook/cmake_prefix_path.ps1'
[1.697s] INFO:colcon.colcon_core.shell:Creating environment descriptor '/home/mk/dev_ws/install/realsense_gazebo_plugin/share/realsense_gazebo_plugin/hook/cmake_prefix_path.dsv'
[1.698s] INFO:colcon.colcon_core.shell:Creating environment hook '/home/mk/dev_ws/install/realsense_gazebo_plugin/share/realsense_gazebo_plugin/hook/cmake_prefix_path.sh'
[1.700s] Level 1:colcon.colcon_core.environment:checking '/home/mk/dev_ws/install/realsense_gazebo_plugin/lib'
[1.701s] Level 1:colcon.colcon_core.shell:create_environment_hook('realsense_gazebo_plugin', 'ld_library_path_lib')
[1.701s] INFO:colcon.colcon_core.shell:Creating environment hook '/home/mk/dev_ws/install/realsense_gazebo_plugin/share/realsense_gazebo_plugin/hook/ld_library_path_lib.ps1'
[1.702s] INFO:colcon.colcon_core.shell:Creating environment descriptor '/home/mk/dev_ws/install/realsense_gazebo_plugin/share/realsense_gazebo_plugin/hook/ld_library_path_lib.dsv'
[1.703s] INFO:colcon.colcon_core.shell:Creating environment hook '/home/mk/dev_ws/install/realsense_gazebo_plugin/share/realsense_gazebo_plugin/hook/ld_library_path_lib.sh'
[1.704s] Level 1:colcon.colcon_core.environment:checking '/home/mk/dev_ws/install/realsense_gazebo_plugin/bin'
[1.704s] Level 1:colcon.colcon_core.environment:checking '/home/mk/dev_ws/install/realsense_gazebo_plugin/lib/pkgconfig/realsense_gazebo_plugin.pc'
[1.705s] Level 1:colcon.colcon_core.environment:checking '/home/mk/dev_ws/install/realsense_gazebo_plugin/lib/python3.10/site-packages'
[1.705s] Level 1:colcon.colcon_core.environment:checking '/home/mk/dev_ws/install/realsense_gazebo_plugin/bin'
[1.706s] INFO:colcon.colcon_core.shell:Creating package script '/home/mk/dev_ws/install/realsense_gazebo_plugin/share/realsense_gazebo_plugin/package.ps1'
[1.707s] INFO:colcon.colcon_core.shell:Creating package descriptor '/home/mk/dev_ws/install/realsense_gazebo_plugin/share/realsense_gazebo_plugin/package.dsv'
[1.708s] INFO:colcon.colcon_core.shell:Creating package script '/home/mk/dev_ws/install/realsense_gazebo_plugin/share/realsense_gazebo_plugin/package.sh'
[1.709s] INFO:colcon.colcon_core.shell:Creating package script '/home/mk/dev_ws/install/realsense_gazebo_plugin/share/realsense_gazebo_plugin/package.bash'
[1.710s] INFO:colcon.colcon_core.shell:Creating package script '/home/mk/dev_ws/install/realsense_gazebo_plugin/share/realsense_gazebo_plugin/package.zsh'
[1.711s] Level 1:colcon.colcon_core.environment:create_file_with_runtime_dependencies(/home/mk/dev_ws/install/realsense_gazebo_plugin/share/colcon-core/packages/realsense_gazebo_plugin)
[1.713s] Level 1:colcon.colcon_core.environment:create_environment_scripts_only(realsense_gazebo_plugin)
[1.713s] Level 1:colcon.colcon_core.environment:checking '/home/mk/dev_ws/install/realsense_gazebo_plugin' for CMake module files
[1.715s] Level 1:colcon.colcon_core.environment:checking '/home/mk/dev_ws/install/realsense_gazebo_plugin' for CMake config files
[1.718s] Level 1:colcon.colcon_core.shell:create_environment_hook('realsense_gazebo_plugin', 'cmake_prefix_path')
[1.719s] INFO:colcon.colcon_core.shell:Creating environment hook '/home/mk/dev_ws/install/realsense_gazebo_plugin/share/realsense_gazebo_plugin/hook/cmake_prefix_path.ps1'
[1.720s] INFO:colcon.colcon_core.shell:Creating environment descriptor '/home/mk/dev_ws/install/realsense_gazebo_plugin/share/realsense_gazebo_plugin/hook/cmake_prefix_path.dsv'
[1.721s] INFO:colcon.colcon_core.shell:Creating environment hook '/home/mk/dev_ws/install/realsense_gazebo_plugin/share/realsense_gazebo_plugin/hook/cmake_prefix_path.sh'
[1.723s] Level 1:colcon.colcon_core.environment:checking '/home/mk/dev_ws/install/realsense_gazebo_plugin/lib'
[1.724s] Level 1:colcon.colcon_core.shell:create_environment_hook('realsense_gazebo_plugin', 'ld_library_path_lib')
[1.724s] INFO:colcon.colcon_core.shell:Creating environment hook '/home/mk/dev_ws/install/realsense_gazebo_plugin/share/realsense_gazebo_plugin/hook/ld_library_path_lib.ps1'
[1.726s] INFO:colcon.colcon_core.shell:Creating environment descriptor '/home/mk/dev_ws/install/realsense_gazebo_plugin/share/realsense_gazebo_plugin/hook/ld_library_path_lib.dsv'
[1.728s] INFO:colcon.colcon_core.shell:Creating environment hook '/home/mk/dev_ws/install/realsense_gazebo_plugin/share/realsense_gazebo_plugin/hook/ld_library_path_lib.sh'
[1.729s] Level 1:colcon.colcon_core.environment:checking '/home/mk/dev_ws/install/realsense_gazebo_plugin/bin'
[1.729s] Level 1:colcon.colcon_core.environment:checking '/home/mk/dev_ws/install/realsense_gazebo_plugin/lib/pkgconfig/realsense_gazebo_plugin.pc'
[1.729s] Level 1:colcon.colcon_core.environment:checking '/home/mk/dev_ws/install/realsense_gazebo_plugin/lib/python3.10/site-packages'
[1.730s] Level 1:colcon.colcon_core.environment:checking '/home/mk/dev_ws/install/realsense_gazebo_plugin/bin'
[1.730s] INFO:colcon.colcon_core.shell:Creating package script '/home/mk/dev_ws/install/realsense_gazebo_plugin/share/realsense_gazebo_plugin/package.ps1'
[1.732s] INFO:colcon.colcon_core.shell:Creating package descriptor '/home/mk/dev_ws/install/realsense_gazebo_plugin/share/realsense_gazebo_plugin/package.dsv'
[1.733s] INFO:colcon.colcon_core.shell:Creating package script '/home/mk/dev_ws/install/realsense_gazebo_plugin/share/realsense_gazebo_plugin/package.sh'
[1.734s] INFO:colcon.colcon_core.shell:Creating package script '/home/mk/dev_ws/install/realsense_gazebo_plugin/share/realsense_gazebo_plugin/package.bash'
[1.734s] INFO:colcon.colcon_core.shell:Creating package script '/home/mk/dev_ws/install/realsense_gazebo_plugin/share/realsense_gazebo_plugin/package.zsh'
[1.735s] Level 1:colcon.colcon_core.environment:create_file_with_runtime_dependencies(/home/mk/dev_ws/install/realsense_gazebo_plugin/share/colcon-core/packages/realsense_gazebo_plugin)
[1.735s] Level 1:colcon.colcon_core.environment:create_environment_scripts_only(whisper_cpp_vendor)
[1.736s] Level 1:colcon.colcon_core.environment:checking '/home/mk/dev_ws/install/whisper_cpp_vendor' for CMake module files
[1.737s] Level 1:colcon.colcon_core.environment:checking '/home/mk/dev_ws/install/whisper_cpp_vendor' for CMake config files
[1.739s] Level 1:colcon.colcon_core.shell:create_environment_hook('whisper_cpp_vendor', 'cmake_prefix_path')
[1.739s] INFO:colcon.colcon_core.shell:Creating environment hook '/home/mk/dev_ws/install/whisper_cpp_vendor/share/whisper_cpp_vendor/hook/cmake_prefix_path.ps1'
[1.739s] INFO:colcon.colcon_core.shell:Creating environment descriptor '/home/mk/dev_ws/install/whisper_cpp_vendor/share/whisper_cpp_vendor/hook/cmake_prefix_path.dsv'
[1.740s] INFO:colcon.colcon_core.shell:Creating environment hook '/home/mk/dev_ws/install/whisper_cpp_vendor/share/whisper_cpp_vendor/hook/cmake_prefix_path.sh'
[1.740s] Level 1:colcon.colcon_core.environment:checking '/home/mk/dev_ws/install/whisper_cpp_vendor/libggml.so'
[1.740s] Level 1:colcon.colcon_core.environment:checking '/home/mk/dev_ws/install/whisper_cpp_vendor/lib'
[1.741s] Level 1:colcon.colcon_core.shell:create_environment_hook('whisper_cpp_vendor', 'ld_library_path_lib')
[1.741s] INFO:colcon.colcon_core.shell:Creating environment hook '/home/mk/dev_ws/install/whisper_cpp_vendor/share/whisper_cpp_vendor/hook/ld_library_path_lib.ps1'
[1.741s] INFO:colcon.colcon_core.shell:Creating environment descriptor '/home/mk/dev_ws/install/whisper_cpp_vendor/share/whisper_cpp_vendor/hook/ld_library_path_lib.dsv'
[1.742s] INFO:colcon.colcon_core.shell:Creating environment hook '/home/mk/dev_ws/install/whisper_cpp_vendor/share/whisper_cpp_vendor/hook/ld_library_path_lib.sh'
[1.744s] Level 1:colcon.colcon_core.environment:checking '/home/mk/dev_ws/install/whisper_cpp_vendor/bin'
[1.745s] Level 1:colcon.colcon_core.environment:checking '/home/mk/dev_ws/install/whisper_cpp_vendor/lib/pkgconfig/whisper_cpp_vendor.pc'
[1.746s] Level 1:colcon.colcon_core.environment:checking '/home/mk/dev_ws/install/whisper_cpp_vendor/lib/python3.10/site-packages'
[1.746s] Level 1:colcon.colcon_core.environment:checking '/home/mk/dev_ws/install/whisper_cpp_vendor/bin'
[1.747s] INFO:colcon.colcon_core.shell:Creating package script '/home/mk/dev_ws/install/whisper_cpp_vendor/share/whisper_cpp_vendor/package.ps1'
[1.750s] INFO:colcon.colcon_core.shell:Creating package descriptor '/home/mk/dev_ws/install/whisper_cpp_vendor/share/whisper_cpp_vendor/package.dsv'
[1.751s] INFO:colcon.colcon_core.shell:Creating package script '/home/mk/dev_ws/install/whisper_cpp_vendor/share/whisper_cpp_vendor/package.sh'
[1.752s] INFO:colcon.colcon_core.shell:Creating package script '/home/mk/dev_ws/install/whisper_cpp_vendor/share/whisper_cpp_vendor/package.bash'
[1.753s] INFO:colcon.colcon_core.shell:Creating package script '/home/mk/dev_ws/install/whisper_cpp_vendor/share/whisper_cpp_vendor/package.zsh'
[1.756s] Level 1:colcon.colcon_core.environment:create_file_with_runtime_dependencies(/home/mk/dev_ws/install/whisper_cpp_vendor/share/colcon-core/packages/whisper_cpp_vendor)
[1.757s] Level 1:colcon.colcon_core.environment:create_environment_scripts_only(whisper_cpp_vendor)
[1.757s] Level 1:colcon.colcon_core.environment:checking '/home/mk/dev_ws/install/whisper_cpp_vendor' for CMake module files
[1.757s] Level 1:colcon.colcon_core.environment:checking '/home/mk/dev_ws/install/whisper_cpp_vendor' for CMake config files
[1.757s] Level 1:colcon.colcon_core.shell:create_environment_hook('whisper_cpp_vendor', 'cmake_prefix_path')
[1.758s] INFO:colcon.colcon_core.shell:Creating environment hook '/home/mk/dev_ws/install/whisper_cpp_vendor/share/whisper_cpp_vendor/hook/cmake_prefix_path.ps1'
[1.758s] INFO:colcon.colcon_core.shell:Creating environment descriptor '/home/mk/dev_ws/install/whisper_cpp_vendor/share/whisper_cpp_vendor/hook/cmake_prefix_path.dsv'
[1.758s] INFO:colcon.colcon_core.shell:Creating environment hook '/home/mk/dev_ws/install/whisper_cpp_vendor/share/whisper_cpp_vendor/hook/cmake_prefix_path.sh'
[1.759s] Level 1:colcon.colcon_core.environment:checking '/home/mk/dev_ws/install/whisper_cpp_vendor/libggml.so'
[1.759s] Level 1:colcon.colcon_core.environment:checking '/home/mk/dev_ws/install/whisper_cpp_vendor/lib'
[1.759s] Level 1:colcon.colcon_core.shell:create_environment_hook('whisper_cpp_vendor', 'ld_library_path_lib')
[1.760s] INFO:colcon.colcon_core.shell:Creating environment hook '/home/mk/dev_ws/install/whisper_cpp_vendor/share/whisper_cpp_vendor/hook/ld_library_path_lib.ps1'
[1.760s] INFO:colcon.colcon_core.shell:Creating environment descriptor '/home/mk/dev_ws/install/whisper_cpp_vendor/share/whisper_cpp_vendor/hook/ld_library_path_lib.dsv'
[1.760s] INFO:colcon.colcon_core.shell:Creating environment hook '/home/mk/dev_ws/install/whisper_cpp_vendor/share/whisper_cpp_vendor/hook/ld_library_path_lib.sh'
[1.761s] Level 1:colcon.colcon_core.environment:checking '/home/mk/dev_ws/install/whisper_cpp_vendor/bin'
[1.761s] Level 1:colcon.colcon_core.environment:checking '/home/mk/dev_ws/install/whisper_cpp_vendor/lib/pkgconfig/whisper_cpp_vendor.pc'
[1.764s] Level 1:colcon.colcon_core.environment:checking '/home/mk/dev_ws/install/whisper_cpp_vendor/lib/python3.10/site-packages'
[1.764s] Level 1:colcon.colcon_core.environment:checking '/home/mk/dev_ws/install/whisper_cpp_vendor/bin'
[1.765s] INFO:colcon.colcon_core.shell:Creating package script '/home/mk/dev_ws/install/whisper_cpp_vendor/share/whisper_cpp_vendor/package.ps1'
[1.766s] INFO:colcon.colcon_core.shell:Creating package descriptor '/home/mk/dev_ws/install/whisper_cpp_vendor/share/whisper_cpp_vendor/package.dsv'
[1.766s] INFO:colcon.colcon_core.shell:Creating package script '/home/mk/dev_ws/install/whisper_cpp_vendor/share/whisper_cpp_vendor/package.sh'
[1.769s] INFO:colcon.colcon_core.shell:Creating package script '/home/mk/dev_ws/install/whisper_cpp_vendor/share/whisper_cpp_vendor/package.bash'
[1.770s] INFO:colcon.colcon_core.shell:Creating package script '/home/mk/dev_ws/install/whisper_cpp_vendor/share/whisper_cpp_vendor/package.zsh'
[1.771s] Level 1:colcon.colcon_core.environment:create_file_with_runtime_dependencies(/home/mk/dev_ws/install/whisper_cpp_vendor/share/colcon-core/packages/whisper_cpp_vendor)
[1.771s] Level 1:colcon.colcon_core.environment:create_environment_scripts_only(mbot_demo)
[1.771s] Level 1:colcon.colcon_core.environment:checking '/home/mk/dev_ws/install/mbot_demo' for CMake module files
[1.771s] Level 1:colcon.colcon_core.environment:checking '/home/mk/dev_ws/install/mbot_demo' for CMake config files
[1.772s] Level 1:colcon.colcon_core.shell:create_environment_hook('mbot_demo', 'cmake_prefix_path')
[1.772s] INFO:colcon.colcon_core.shell:Creating environment hook '/home/mk/dev_ws/install/mbot_demo/share/mbot_demo/hook/cmake_prefix_path.ps1'
[1.773s] INFO:colcon.colcon_core.shell:Creating environment descriptor '/home/mk/dev_ws/install/mbot_demo/share/mbot_demo/hook/cmake_prefix_path.dsv'
[1.773s] INFO:colcon.colcon_core.shell:Creating environment hook '/home/mk/dev_ws/install/mbot_demo/share/mbot_demo/hook/cmake_prefix_path.sh'
[1.773s] Level 1:colcon.colcon_core.environment:checking '/home/mk/dev_ws/install/mbot_demo/bin'
[1.773s] Level 1:colcon.colcon_core.environment:checking '/home/mk/dev_ws/install/mbot_demo/lib/pkgconfig/mbot_demo.pc'
[1.774s] Level 1:colcon.colcon_core.environment:checking '/home/mk/dev_ws/install/mbot_demo/lib/python3.10/site-packages'
[1.774s] Level 1:colcon.colcon_core.environment:checking '/home/mk/dev_ws/install/mbot_demo/bin'
[1.776s] INFO:colcon.colcon_core.shell:Creating package script '/home/mk/dev_ws/install/mbot_demo/share/mbot_demo/package.ps1'
[1.777s] INFO:colcon.colcon_core.shell:Creating package descriptor '/home/mk/dev_ws/install/mbot_demo/share/mbot_demo/package.dsv'
[1.777s] INFO:colcon.colcon_core.shell:Creating package script '/home/mk/dev_ws/install/mbot_demo/share/mbot_demo/package.sh'
[1.778s] INFO:colcon.colcon_core.shell:Creating package script '/home/mk/dev_ws/install/mbot_demo/share/mbot_demo/package.bash'
[1.778s] INFO:colcon.colcon_core.shell:Creating package script '/home/mk/dev_ws/install/mbot_demo/share/mbot_demo/package.zsh'
[1.778s] Level 1:colcon.colcon_core.environment:create_file_with_runtime_dependencies(/home/mk/dev_ws/install/mbot_demo/share/colcon-core/packages/mbot_demo)
[1.779s] Level 1:colcon.colcon_core.environment:create_environment_scripts_only(mbot_demo)
[1.779s] Level 1:colcon.colcon_core.environment:checking '/home/mk/dev_ws/install/mbot_demo' for CMake module files
[1.779s] Level 1:colcon.colcon_core.environment:checking '/home/mk/dev_ws/install/mbot_demo' for CMake config files
[1.782s] DEBUG:colcon.colcon_core.event_handler.log_command:Invoked command in '/home/mk/dev_ws/build/realsense_gazebo_plugin' returned '0': CMAKE_PREFIX_PATH=${CMAKE_PREFIX_PATH}:/home/mk/dev_ws/install/yolo_object_detector:/home/mk/dev_ws/install/move_to_coordinator:/home/mk/dev_ws/install/motion_sequence:/home/mk/dev_ws/install/whisper_demos:/home/mk/dev_ws/install/voice_command_listener:/home/mk/dev_ws/install/uf_ros_lib:/home/mk/dev_ws/install/rviz_servo_status_overlay:/home/mk/dev_ws/install/rviz_marker_static_scene_objects:/home/mk/dev_ws/install/robot_motion_handler_movegroup:/home/mk/dev_ws/install/gaze_control:/home/mk/dev_ws/install/collision_check:/home/mk/dev_ws/install/audio_listener:/opt/ros/humble /usr/bin/cmake --install /home/mk/dev_ws/build/realsense_gazebo_plugin
[1.783s] Level 1:colcon.colcon_core.shell:create_environment_hook('mbot_demo', 'cmake_prefix_path')
[1.783s] INFO:colcon.colcon_core.shell:Creating environment hook '/home/mk/dev_ws/install/mbot_demo/share/mbot_demo/hook/cmake_prefix_path.ps1'
[1.784s] INFO:colcon.colcon_core.shell:Creating environment descriptor '/home/mk/dev_ws/install/mbot_demo/share/mbot_demo/hook/cmake_prefix_path.dsv'
[1.784s] INFO:colcon.colcon_core.shell:Creating environment hook '/home/mk/dev_ws/install/mbot_demo/share/mbot_demo/hook/cmake_prefix_path.sh'
[1.785s] Level 1:colcon.colcon_core.environment:checking '/home/mk/dev_ws/install/mbot_demo/bin'
[1.785s] Level 1:colcon.colcon_core.environment:checking '/home/mk/dev_ws/install/mbot_demo/lib/pkgconfig/mbot_demo.pc'
[1.785s] Level 1:colcon.colcon_core.environment:checking '/home/mk/dev_ws/install/mbot_demo/lib/python3.10/site-packages'
[1.785s] Level 1:colcon.colcon_core.environment:checking '/home/mk/dev_ws/install/mbot_demo/bin'
[1.785s] INFO:colcon.colcon_core.shell:Creating package script '/home/mk/dev_ws/install/mbot_demo/share/mbot_demo/package.ps1'
[1.786s] INFO:colcon.colcon_core.shell:Creating package descriptor '/home/mk/dev_ws/install/mbot_demo/share/mbot_demo/package.dsv'
[1.786s] INFO:colcon.colcon_core.shell:Creating package script '/home/mk/dev_ws/install/mbot_demo/share/mbot_demo/package.sh'
[1.787s] INFO:colcon.colcon_core.shell:Creating package script '/home/mk/dev_ws/install/mbot_demo/share/mbot_demo/package.bash'
[1.794s] INFO:colcon.colcon_core.shell:Creating package script '/home/mk/dev_ws/install/mbot_demo/share/mbot_demo/package.zsh'
[1.796s] Level 1:colcon.colcon_core.environment:create_file_with_runtime_dependencies(/home/mk/dev_ws/install/mbot_demo/share/colcon-core/packages/mbot_demo)
[1.798s] Level 1:colcon.colcon_core.environment:create_environment_scripts_only(xarm_sdk)
[1.798s] Level 1:colcon.colcon_core.environment:checking '/home/mk/dev_ws/install/xarm_sdk' for CMake module files
[1.804s] Level 1:colcon.colcon_core.environment:checking '/home/mk/dev_ws/install/xarm_sdk' for CMake config files
[1.809s] DEBUG:colcon.colcon_core.event_handler.log_command:Invoked command in '/home/mk/dev_ws/build/whisper_cpp_vendor' returned '0': CMAKE_PREFIX_PATH=${CMAKE_PREFIX_PATH}:/home/mk/dev_ws/install/yolo_object_detector:/home/mk/dev_ws/install/move_to_coordinator:/home/mk/dev_ws/install/motion_sequence:/home/mk/dev_ws/install/whisper_demos:/home/mk/dev_ws/install/voice_command_listener:/home/mk/dev_ws/install/uf_ros_lib:/home/mk/dev_ws/install/rviz_servo_status_overlay:/home/mk/dev_ws/install/rviz_marker_static_scene_objects:/home/mk/dev_ws/install/robot_motion_handler_movegroup:/home/mk/dev_ws/install/gaze_control:/home/mk/dev_ws/install/collision_check:/home/mk/dev_ws/install/audio_listener:/opt/ros/humble /usr/bin/cmake --install /home/mk/dev_ws/build/whisper_cpp_vendor
[1.809s] Level 1:colcon.colcon_core.shell:create_environment_hook('xarm_sdk', 'cmake_prefix_path')
[1.810s] INFO:colcon.colcon_core.shell:Creating environment hook '/home/mk/dev_ws/install/xarm_sdk/share/xarm_sdk/hook/cmake_prefix_path.ps1'
[1.810s] DEBUG:colcon.colcon_core.event_handler.log_command:Invoked command in '/home/mk/dev_ws/build/mbot_demo' returned '0': CMAKE_PREFIX_PATH=${CMAKE_PREFIX_PATH}:/home/mk/dev_ws/install/yolo_object_detector:/home/mk/dev_ws/install/move_to_coordinator:/home/mk/dev_ws/install/motion_sequence:/home/mk/dev_ws/install/whisper_demos:/home/mk/dev_ws/install/voice_command_listener:/home/mk/dev_ws/install/uf_ros_lib:/home/mk/dev_ws/install/rviz_servo_status_overlay:/home/mk/dev_ws/install/rviz_marker_static_scene_objects:/home/mk/dev_ws/install/robot_motion_handler_movegroup:/home/mk/dev_ws/install/gaze_control:/home/mk/dev_ws/install/collision_check:/home/mk/dev_ws/install/audio_listener:/opt/ros/humble /usr/bin/cmake --install /home/mk/dev_ws/build/mbot_demo
[1.811s] INFO:colcon.colcon_core.shell:Creating environment descriptor '/home/mk/dev_ws/install/xarm_sdk/share/xarm_sdk/hook/cmake_prefix_path.dsv'
[1.812s] DEBUG:colcon.colcon_core.event_handler.log_command:Invoked command in '/home/mk/dev_ws/build/xarm_sdk' returned '0': CMAKE_PREFIX_PATH=${CMAKE_PREFIX_PATH}:/home/mk/dev_ws/install/yolo_object_detector:/home/mk/dev_ws/install/move_to_coordinator:/home/mk/dev_ws/install/motion_sequence:/home/mk/dev_ws/install/whisper_demos:/home/mk/dev_ws/install/voice_command_listener:/home/mk/dev_ws/install/uf_ros_lib:/home/mk/dev_ws/install/rviz_servo_status_overlay:/home/mk/dev_ws/install/rviz_marker_static_scene_objects:/home/mk/dev_ws/install/robot_motion_handler_movegroup:/home/mk/dev_ws/install/gaze_control:/home/mk/dev_ws/install/collision_check:/home/mk/dev_ws/install/audio_listener:/opt/ros/humble /usr/bin/cmake --install /home/mk/dev_ws/build/xarm_sdk
[1.812s] INFO:colcon.colcon_core.shell:Creating environment hook '/home/mk/dev_ws/install/xarm_sdk/share/xarm_sdk/hook/cmake_prefix_path.sh'
[1.812s] Level 1:colcon.colcon_core.environment:checking '/home/mk/dev_ws/install/xarm_sdk/lib'
[1.812s] Level 1:colcon.colcon_core.shell:create_environment_hook('xarm_sdk', 'ld_library_path_lib')
[1.812s] INFO:colcon.colcon_core.shell:Creating environment hook '/home/mk/dev_ws/install/xarm_sdk/share/xarm_sdk/hook/ld_library_path_lib.ps1'
[1.813s] INFO:colcon.colcon_core.shell:Creating environment descriptor '/home/mk/dev_ws/install/xarm_sdk/share/xarm_sdk/hook/ld_library_path_lib.dsv'
[1.813s] INFO:colcon.colcon_core.shell:Creating environment hook '/home/mk/dev_ws/install/xarm_sdk/share/xarm_sdk/hook/ld_library_path_lib.sh'
[1.813s] Level 1:colcon.colcon_core.environment:checking '/home/mk/dev_ws/install/xarm_sdk/bin'
[1.813s] Level 1:colcon.colcon_core.environment:checking '/home/mk/dev_ws/install/xarm_sdk/lib/pkgconfig/xarm_sdk.pc'
[1.813s] Level 1:colcon.colcon_core.environment:checking '/home/mk/dev_ws/install/xarm_sdk/lib/python3.10/site-packages'
[1.814s] Level 1:colcon.colcon_core.environment:checking '/home/mk/dev_ws/install/xarm_sdk/bin'
[1.814s] INFO:colcon.colcon_core.shell:Creating package script '/home/mk/dev_ws/install/xarm_sdk/share/xarm_sdk/package.ps1'
[1.814s] INFO:colcon.colcon_core.shell:Creating package descriptor '/home/mk/dev_ws/install/xarm_sdk/share/xarm_sdk/package.dsv'
[1.815s] INFO:colcon.colcon_core.shell:Creating package script '/home/mk/dev_ws/install/xarm_sdk/share/xarm_sdk/package.sh'
[1.815s] INFO:colcon.colcon_core.shell:Creating package script '/home/mk/dev_ws/install/xarm_sdk/share/xarm_sdk/package.bash'
[1.815s] INFO:colcon.colcon_core.shell:Creating package script '/home/mk/dev_ws/install/xarm_sdk/share/xarm_sdk/package.zsh'
[1.816s] Level 1:colcon.colcon_core.environment:create_file_with_runtime_dependencies(/home/mk/dev_ws/install/xarm_sdk/share/colcon-core/packages/xarm_sdk)
[1.816s] Level 1:colcon.colcon_core.environment:create_environment_scripts_only(xarm_sdk)
[1.816s] Level 1:colcon.colcon_core.environment:checking '/home/mk/dev_ws/install/xarm_sdk' for CMake module files
[1.817s] Level 1:colcon.colcon_core.environment:checking '/home/mk/dev_ws/install/xarm_sdk' for CMake config files
[1.817s] Level 1:colcon.colcon_core.shell:create_environment_hook('xarm_sdk', 'cmake_prefix_path')
[1.817s] INFO:colcon.colcon_core.shell:Creating environment hook '/home/mk/dev_ws/install/xarm_sdk/share/xarm_sdk/hook/cmake_prefix_path.ps1'
[1.817s] INFO:colcon.colcon_core.shell:Creating environment descriptor '/home/mk/dev_ws/install/xarm_sdk/share/xarm_sdk/hook/cmake_prefix_path.dsv'
[1.818s] INFO:colcon.colcon_core.shell:Creating environment hook '/home/mk/dev_ws/install/xarm_sdk/share/xarm_sdk/hook/cmake_prefix_path.sh'
[1.818s] Level 1:colcon.colcon_core.environment:checking '/home/mk/dev_ws/install/xarm_sdk/lib'
[1.818s] Level 1:colcon.colcon_core.shell:create_environment_hook('xarm_sdk', 'ld_library_path_lib')
[1.818s] INFO:colcon.colcon_core.shell:Creating environment hook '/home/mk/dev_ws/install/xarm_sdk/share/xarm_sdk/hook/ld_library_path_lib.ps1'
[1.819s] INFO:colcon.colcon_core.shell:Creating environment descriptor '/home/mk/dev_ws/install/xarm_sdk/share/xarm_sdk/hook/ld_library_path_lib.dsv'
[1.819s] INFO:colcon.colcon_core.shell:Creating environment hook '/home/mk/dev_ws/install/xarm_sdk/share/xarm_sdk/hook/ld_library_path_lib.sh'
[1.819s] Level 1:colcon.colcon_core.environment:checking '/home/mk/dev_ws/install/xarm_sdk/bin'
[1.819s] Level 1:colcon.colcon_core.environment:checking '/home/mk/dev_ws/install/xarm_sdk/lib/pkgconfig/xarm_sdk.pc'
[1.819s] Level 1:colcon.colcon_core.environment:checking '/home/mk/dev_ws/install/xarm_sdk/lib/python3.10/site-packages'
[1.820s] Level 1:colcon.colcon_core.environment:checking '/home/mk/dev_ws/install/xarm_sdk/bin'
[1.820s] INFO:colcon.colcon_core.shell:Creating package script '/home/mk/dev_ws/install/xarm_sdk/share/xarm_sdk/package.ps1'
[1.820s] INFO:colcon.colcon_core.shell:Creating package descriptor '/home/mk/dev_ws/install/xarm_sdk/share/xarm_sdk/package.dsv'
[1.821s] INFO:colcon.colcon_core.shell:Creating package script '/home/mk/dev_ws/install/xarm_sdk/share/xarm_sdk/package.sh'
[1.821s] INFO:colcon.colcon_core.shell:Creating package script '/home/mk/dev_ws/install/xarm_sdk/share/xarm_sdk/package.bash'
[1.821s] INFO:colcon.colcon_core.shell:Creating package script '/home/mk/dev_ws/install/xarm_sdk/share/xarm_sdk/package.zsh'
[1.822s] Level 1:colcon.colcon_core.environment:create_file_with_runtime_dependencies(/home/mk/dev_ws/install/xarm_sdk/share/colcon-core/packages/xarm_sdk)
[1.822s] Level 1:colcon.colcon_core.environment:create_environment_scripts_only(xarm_description)
[1.822s] Level 1:colcon.colcon_core.environment:checking '/home/mk/dev_ws/install/xarm_description' for CMake module files
[1.823s] DEBUG:colcon.colcon_core.event_handler.log_command:Invoked command in '/home/mk/dev_ws/build/xarm_description' returned '0': CMAKE_PREFIX_PATH=${CMAKE_PREFIX_PATH}:/home/mk/dev_ws/install/yolo_object_detector:/home/mk/dev_ws/install/move_to_coordinator:/home/mk/dev_ws/install/motion_sequence:/home/mk/dev_ws/install/whisper_demos:/home/mk/dev_ws/install/voice_command_listener:/home/mk/dev_ws/install/uf_ros_lib:/home/mk/dev_ws/install/rviz_servo_status_overlay:/home/mk/dev_ws/install/rviz_marker_static_scene_objects:/home/mk/dev_ws/install/robot_motion_handler_movegroup:/home/mk/dev_ws/install/gaze_control:/home/mk/dev_ws/install/collision_check:/home/mk/dev_ws/install/audio_listener:/opt/ros/humble /usr/bin/cmake --install /home/mk/dev_ws/build/xarm_description
[1.823s] Level 1:colcon.colcon_core.environment:checking '/home/mk/dev_ws/install/xarm_description' for CMake config files
[1.825s] Level 1:colcon.colcon_core.shell:create_environment_hook('xarm_description', 'cmake_prefix_path')
[1.825s] INFO:colcon.colcon_core.shell:Creating environment hook '/home/mk/dev_ws/install/xarm_description/share/xarm_description/hook/cmake_prefix_path.ps1'
[1.826s] INFO:colcon.colcon_core.shell:Creating environment descriptor '/home/mk/dev_ws/install/xarm_description/share/xarm_description/hook/cmake_prefix_path.dsv'
[1.826s] INFO:colcon.colcon_core.shell:Creating environment hook '/home/mk/dev_ws/install/xarm_description/share/xarm_description/hook/cmake_prefix_path.sh'
[1.826s] Level 1:colcon.colcon_core.environment:checking '/home/mk/dev_ws/install/xarm_description/bin'
[1.826s] Level 1:colcon.colcon_core.environment:checking '/home/mk/dev_ws/install/xarm_description/lib/pkgconfig/xarm_description.pc'
[1.827s] Level 1:colcon.colcon_core.environment:checking '/home/mk/dev_ws/install/xarm_description/lib/python3.10/site-packages'
[1.827s] Level 1:colcon.colcon_core.environment:checking '/home/mk/dev_ws/install/xarm_description/bin'
[1.827s] INFO:colcon.colcon_core.shell:Creating package script '/home/mk/dev_ws/install/xarm_description/share/xarm_description/package.ps1'
[1.828s] INFO:colcon.colcon_core.shell:Creating package descriptor '/home/mk/dev_ws/install/xarm_description/share/xarm_description/package.dsv'
[1.828s] INFO:colcon.colcon_core.shell:Creating package script '/home/mk/dev_ws/install/xarm_description/share/xarm_description/package.sh'
[1.828s] INFO:colcon.colcon_core.shell:Creating package script '/home/mk/dev_ws/install/xarm_description/share/xarm_description/package.bash'
[1.828s] INFO:colcon.colcon_core.shell:Creating package script '/home/mk/dev_ws/install/xarm_description/share/xarm_description/package.zsh'
[1.829s] Level 1:colcon.colcon_core.environment:create_file_with_runtime_dependencies(/home/mk/dev_ws/install/xarm_description/share/colcon-core/packages/xarm_description)
[1.829s] Level 1:colcon.colcon_core.environment:create_environment_scripts_only(xarm_description)
[1.829s] Level 1:colcon.colcon_core.environment:checking '/home/mk/dev_ws/install/xarm_description' for CMake module files
[1.830s] Level 1:colcon.colcon_core.environment:checking '/home/mk/dev_ws/install/xarm_description' for CMake config files
[1.831s] Level 1:colcon.colcon_core.shell:create_environment_hook('xarm_description', 'cmake_prefix_path')
[1.831s] INFO:colcon.colcon_core.shell:Creating environment hook '/home/mk/dev_ws/install/xarm_description/share/xarm_description/hook/cmake_prefix_path.ps1'
[1.832s] INFO:colcon.colcon_core.shell:Creating environment descriptor '/home/mk/dev_ws/install/xarm_description/share/xarm_description/hook/cmake_prefix_path.dsv'
[1.832s] INFO:colcon.colcon_core.shell:Creating environment hook '/home/mk/dev_ws/install/xarm_description/share/xarm_description/hook/cmake_prefix_path.sh'
[1.832s] Level 1:colcon.colcon_core.environment:checking '/home/mk/dev_ws/install/xarm_description/bin'
[1.833s] Level 1:colcon.colcon_core.environment:checking '/home/mk/dev_ws/install/xarm_description/lib/pkgconfig/xarm_description.pc'
[1.833s] Level 1:colcon.colcon_core.environment:checking '/home/mk/dev_ws/install/xarm_description/lib/python3.10/site-packages'
[1.833s] Level 1:colcon.colcon_core.environment:checking '/home/mk/dev_ws/install/xarm_description/bin'
[1.833s] INFO:colcon.colcon_core.shell:Creating package script '/home/mk/dev_ws/install/xarm_description/share/xarm_description/package.ps1'
[1.834s] INFO:colcon.colcon_core.shell:Creating package descriptor '/home/mk/dev_ws/install/xarm_description/share/xarm_description/package.dsv'
[1.834s] INFO:colcon.colcon_core.shell:Creating package script '/home/mk/dev_ws/install/xarm_description/share/xarm_description/package.sh'
[1.834s] INFO:colcon.colcon_core.shell:Creating package script '/home/mk/dev_ws/install/xarm_description/share/xarm_description/package.bash'
[1.835s] INFO:colcon.colcon_core.shell:Creating package script '/home/mk/dev_ws/install/xarm_description/share/xarm_description/package.zsh'
[1.835s] Level 1:colcon.colcon_core.environment:create_file_with_runtime_dependencies(/home/mk/dev_ws/install/xarm_description/share/colcon-core/packages/xarm_description)
[1.835s] INFO:colcon.colcon_ros.task.ament_cmake.build:Building ROS package in '/home/mk/dev_ws/src/ros2_whisper/whisper_util' with build type 'ament_cmake'
[1.836s] INFO:colcon.colcon_cmake.task.cmake.build:Building CMake package in '/home/mk/dev_ws/src/ros2_whisper/whisper_util'
[1.836s] INFO:colcon.colcon_core.shell:Skip shell extension 'powershell' for command environment: Not usable outside of PowerShell
[1.836s] DEBUG:colcon.colcon_core.shell:Skip shell extension 'dsv' for command environment
[1.841s] Level 1:colcon.colcon_core.environment:create_environment_scripts_only(whisper_idl)
[1.842s] Level 1:colcon.colcon_core.environment:checking '/home/mk/dev_ws/install/whisper_idl' for CMake module files
[1.842s] DEBUG:colcon.colcon_core.event_handler.log_command:Invoked command in '/home/mk/dev_ws/build/whisper_idl' returned '0': CMAKE_PREFIX_PATH=${CMAKE_PREFIX_PATH}:/home/mk/dev_ws/install/yolo_object_detector:/home/mk/dev_ws/install/move_to_coordinator:/home/mk/dev_ws/install/motion_sequence:/home/mk/dev_ws/install/whisper_demos:/home/mk/dev_ws/install/voice_command_listener:/home/mk/dev_ws/install/uf_ros_lib:/home/mk/dev_ws/install/rviz_servo_status_overlay:/home/mk/dev_ws/install/rviz_marker_static_scene_objects:/home/mk/dev_ws/install/robot_motion_handler_movegroup:/home/mk/dev_ws/install/gaze_control:/home/mk/dev_ws/install/collision_check:/home/mk/dev_ws/install/audio_listener:/opt/ros/humble /usr/bin/cmake --install /home/mk/dev_ws/build/whisper_idl
[1.843s] Level 1:colcon.colcon_core.environment:checking '/home/mk/dev_ws/install/whisper_idl' for CMake config files
[1.843s] Level 1:colcon.colcon_core.shell:create_environment_hook('whisper_idl', 'cmake_prefix_path')
[1.844s] INFO:colcon.colcon_core.shell:Creating environment hook '/home/mk/dev_ws/install/whisper_idl/share/whisper_idl/hook/cmake_prefix_path.ps1'
[1.844s] INFO:colcon.colcon_core.shell:Creating environment descriptor '/home/mk/dev_ws/install/whisper_idl/share/whisper_idl/hook/cmake_prefix_path.dsv'
[1.845s] INFO:colcon.colcon_core.shell:Creating environment hook '/home/mk/dev_ws/install/whisper_idl/share/whisper_idl/hook/cmake_prefix_path.sh'
[1.845s] Level 1:colcon.colcon_core.environment:checking '/home/mk/dev_ws/install/whisper_idl/lib'
[1.845s] Level 1:colcon.colcon_core.shell:create_environment_hook('whisper_idl', 'ld_library_path_lib')
[1.845s] INFO:colcon.colcon_core.shell:Creating environment hook '/home/mk/dev_ws/install/whisper_idl/share/whisper_idl/hook/ld_library_path_lib.ps1'
[1.846s] INFO:colcon.colcon_core.shell:Creating environment descriptor '/home/mk/dev_ws/install/whisper_idl/share/whisper_idl/hook/ld_library_path_lib.dsv'
[1.846s] INFO:colcon.colcon_core.shell:Creating environment hook '/home/mk/dev_ws/install/whisper_idl/share/whisper_idl/hook/ld_library_path_lib.sh'
[1.846s] Level 1:colcon.colcon_core.environment:checking '/home/mk/dev_ws/install/whisper_idl/bin'
[1.846s] Level 1:colcon.colcon_core.environment:checking '/home/mk/dev_ws/install/whisper_idl/lib/pkgconfig/whisper_idl.pc'
[1.846s] Level 1:colcon.colcon_core.environment:checking '/home/mk/dev_ws/install/whisper_idl/lib/python3.10/site-packages'
[1.847s] Level 1:colcon.colcon_core.environment:checking '/home/mk/dev_ws/install/whisper_idl/bin'
[1.847s] INFO:colcon.colcon_core.shell:Creating package script '/home/mk/dev_ws/install/whisper_idl/share/whisper_idl/package.ps1'
[1.847s] INFO:colcon.colcon_core.shell:Creating package descriptor '/home/mk/dev_ws/install/whisper_idl/share/whisper_idl/package.dsv'
[1.848s] INFO:colcon.colcon_core.shell:Creating package script '/home/mk/dev_ws/install/whisper_idl/share/whisper_idl/package.sh'
[1.848s] INFO:colcon.colcon_core.shell:Creating package script '/home/mk/dev_ws/install/whisper_idl/share/whisper_idl/package.bash'
[1.849s] INFO:colcon.colcon_core.shell:Creating package script '/home/mk/dev_ws/install/whisper_idl/share/whisper_idl/package.zsh'
[1.849s] Level 1:colcon.colcon_core.environment:create_file_with_runtime_dependencies(/home/mk/dev_ws/install/whisper_idl/share/colcon-core/packages/whisper_idl)
[1.849s] Level 1:colcon.colcon_core.environment:create_environment_scripts_only(whisper_idl)
[1.849s] Level 1:colcon.colcon_core.environment:checking '/home/mk/dev_ws/install/whisper_idl' for CMake module files
[1.850s] Level 1:colcon.colcon_core.environment:checking '/home/mk/dev_ws/install/whisper_idl' for CMake config files
[1.851s] Level 1:colcon.colcon_core.shell:create_environment_hook('whisper_idl', 'cmake_prefix_path')
[1.851s] INFO:colcon.colcon_core.shell:Creating environment hook '/home/mk/dev_ws/install/whisper_idl/share/whisper_idl/hook/cmake_prefix_path.ps1'
[1.851s] INFO:colcon.colcon_core.shell:Creating environment descriptor '/home/mk/dev_ws/install/whisper_idl/share/whisper_idl/hook/cmake_prefix_path.dsv'
[1.851s] INFO:colcon.colcon_core.shell:Creating environment hook '/home/mk/dev_ws/install/whisper_idl/share/whisper_idl/hook/cmake_prefix_path.sh'
[1.851s] Level 1:colcon.colcon_core.environment:checking '/home/mk/dev_ws/install/whisper_idl/lib'
[1.851s] Level 1:colcon.colcon_core.shell:create_environment_hook('whisper_idl', 'ld_library_path_lib')
[1.852s] INFO:colcon.colcon_core.shell:Creating environment hook '/home/mk/dev_ws/install/whisper_idl/share/whisper_idl/hook/ld_library_path_lib.ps1'
[1.852s] INFO:colcon.colcon_core.shell:Creating environment descriptor '/home/mk/dev_ws/install/whisper_idl/share/whisper_idl/hook/ld_library_path_lib.dsv'
[1.852s] INFO:colcon.colcon_core.shell:Creating environment hook '/home/mk/dev_ws/install/whisper_idl/share/whisper_idl/hook/ld_library_path_lib.sh'
[1.852s] Level 1:colcon.colcon_core.environment:checking '/home/mk/dev_ws/install/whisper_idl/bin'
[1.852s] Level 1:colcon.colcon_core.environment:checking '/home/mk/dev_ws/install/whisper_idl/lib/pkgconfig/whisper_idl.pc'
[1.852s] Level 1:colcon.colcon_core.environment:checking '/home/mk/dev_ws/install/whisper_idl/lib/python3.10/site-packages'
[1.853s] Level 1:colcon.colcon_core.environment:checking '/home/mk/dev_ws/install/whisper_idl/bin'
[1.853s] INFO:colcon.colcon_core.shell:Creating package script '/home/mk/dev_ws/install/whisper_idl/share/whisper_idl/package.ps1'
[1.853s] INFO:colcon.colcon_core.shell:Creating package descriptor '/home/mk/dev_ws/install/whisper_idl/share/whisper_idl/package.dsv'
[1.854s] INFO:colcon.colcon_core.shell:Creating package script '/home/mk/dev_ws/install/whisper_idl/share/whisper_idl/package.sh'
[1.854s] INFO:colcon.colcon_core.shell:Creating package script '/home/mk/dev_ws/install/whisper_idl/share/whisper_idl/package.bash'
[1.855s] INFO:colcon.colcon_core.shell:Creating package script '/home/mk/dev_ws/install/whisper_idl/share/whisper_idl/package.zsh'
[1.855s] Level 1:colcon.colcon_core.environment:create_file_with_runtime_dependencies(/home/mk/dev_ws/install/whisper_idl/share/colcon-core/packages/whisper_idl)
[1.856s] Level 1:colcon.colcon_core.environment:create_environment_scripts_only(my_3d_vision_bringup)
[1.856s] Level 1:colcon.colcon_core.environment:checking '/home/mk/dev_ws/install/my_3d_vision_bringup' for CMake module files
[1.857s] DEBUG:colcon.colcon_core.event_handler.log_command:Invoked command in '/home/mk/dev_ws/build/my_3d_vision_bringup' returned '0': CMAKE_PREFIX_PATH=${CMAKE_PREFIX_PATH}:/home/mk/dev_ws/install/yolo_object_detector:/home/mk/dev_ws/install/move_to_coordinator:/home/mk/dev_ws/install/motion_sequence:/home/mk/dev_ws/install/whisper_demos:/home/mk/dev_ws/install/voice_command_listener:/home/mk/dev_ws/install/uf_ros_lib:/home/mk/dev_ws/install/rviz_servo_status_overlay:/home/mk/dev_ws/install/rviz_marker_static_scene_objects:/home/mk/dev_ws/install/robot_motion_handler_movegroup:/home/mk/dev_ws/install/gaze_control:/home/mk/dev_ws/install/collision_check:/home/mk/dev_ws/install/audio_listener:/opt/ros/humble /usr/bin/cmake --install /home/mk/dev_ws/build/my_3d_vision_bringup
[1.857s] Level 1:colcon.colcon_core.environment:checking '/home/mk/dev_ws/install/my_3d_vision_bringup' for CMake config files
[1.857s] Level 1:colcon.colcon_core.shell:create_environment_hook('my_3d_vision_bringup', 'cmake_prefix_path')
[1.858s] INFO:colcon.colcon_core.shell:Creating environment hook '/home/mk/dev_ws/install/my_3d_vision_bringup/share/my_3d_vision_bringup/hook/cmake_prefix_path.ps1'
[1.858s] INFO:colcon.colcon_core.shell:Creating environment descriptor '/home/mk/dev_ws/install/my_3d_vision_bringup/share/my_3d_vision_bringup/hook/cmake_prefix_path.dsv'
[1.858s] INFO:colcon.colcon_core.shell:Creating environment hook '/home/mk/dev_ws/install/my_3d_vision_bringup/share/my_3d_vision_bringup/hook/cmake_prefix_path.sh'
[1.859s] Level 1:colcon.colcon_core.environment:checking '/home/mk/dev_ws/install/my_3d_vision_bringup/lib'
[1.859s] Level 1:colcon.colcon_core.shell:create_environment_hook('my_3d_vision_bringup', 'ld_library_path_lib')
[1.859s] INFO:colcon.colcon_core.shell:Creating environment hook '/home/mk/dev_ws/install/my_3d_vision_bringup/share/my_3d_vision_bringup/hook/ld_library_path_lib.ps1'
[1.859s] INFO:colcon.colcon_core.shell:Creating environment descriptor '/home/mk/dev_ws/install/my_3d_vision_bringup/share/my_3d_vision_bringup/hook/ld_library_path_lib.dsv'
[1.859s] INFO:colcon.colcon_core.shell:Creating environment hook '/home/mk/dev_ws/install/my_3d_vision_bringup/share/my_3d_vision_bringup/hook/ld_library_path_lib.sh'
[1.860s] Level 1:colcon.colcon_core.environment:checking '/home/mk/dev_ws/install/my_3d_vision_bringup/bin'
[1.860s] Level 1:colcon.colcon_core.environment:checking '/home/mk/dev_ws/install/my_3d_vision_bringup/lib/pkgconfig/my_3d_vision_bringup.pc'
[1.860s] Level 1:colcon.colcon_core.environment:checking '/home/mk/dev_ws/install/my_3d_vision_bringup/lib/python3.10/site-packages'
[1.860s] Level 1:colcon.colcon_core.environment:checking '/home/mk/dev_ws/install/my_3d_vision_bringup/bin'
[1.860s] INFO:colcon.colcon_core.shell:Creating package script '/home/mk/dev_ws/install/my_3d_vision_bringup/share/my_3d_vision_bringup/package.ps1'
[1.861s] INFO:colcon.colcon_core.shell:Creating package descriptor '/home/mk/dev_ws/install/my_3d_vision_bringup/share/my_3d_vision_bringup/package.dsv'
[1.861s] INFO:colcon.colcon_core.shell:Creating package script '/home/mk/dev_ws/install/my_3d_vision_bringup/share/my_3d_vision_bringup/package.sh'
[1.861s] INFO:colcon.colcon_core.shell:Creating package script '/home/mk/dev_ws/install/my_3d_vision_bringup/share/my_3d_vision_bringup/package.bash'
[1.861s] INFO:colcon.colcon_core.shell:Creating package script '/home/mk/dev_ws/install/my_3d_vision_bringup/share/my_3d_vision_bringup/package.zsh'
[1.861s] Level 1:colcon.colcon_core.environment:create_file_with_runtime_dependencies(/home/mk/dev_ws/install/my_3d_vision_bringup/share/colcon-core/packages/my_3d_vision_bringup)
[1.862s] Level 1:colcon.colcon_core.environment:create_environment_scripts_only(my_3d_vision_bringup)
[1.862s] Level 1:colcon.colcon_core.environment:checking '/home/mk/dev_ws/install/my_3d_vision_bringup' for CMake module files
[1.862s] Level 1:colcon.colcon_core.environment:checking '/home/mk/dev_ws/install/my_3d_vision_bringup' for CMake config files
[1.862s] Level 1:colcon.colcon_core.shell:create_environment_hook('my_3d_vision_bringup', 'cmake_prefix_path')
[1.863s] INFO:colcon.colcon_core.shell:Creating environment hook '/home/mk/dev_ws/install/my_3d_vision_bringup/share/my_3d_vision_bringup/hook/cmake_prefix_path.ps1'
[1.863s] INFO:colcon.colcon_core.shell:Creating environment descriptor '/home/mk/dev_ws/install/my_3d_vision_bringup/share/my_3d_vision_bringup/hook/cmake_prefix_path.dsv'
[1.863s] INFO:colcon.colcon_core.shell:Creating environment hook '/home/mk/dev_ws/install/my_3d_vision_bringup/share/my_3d_vision_bringup/hook/cmake_prefix_path.sh'
[1.863s] Level 1:colcon.colcon_core.environment:checking '/home/mk/dev_ws/install/my_3d_vision_bringup/lib'
[1.863s] Level 1:colcon.colcon_core.shell:create_environment_hook('my_3d_vision_bringup', 'ld_library_path_lib')
[1.863s] INFO:colcon.colcon_core.shell:Creating environment hook '/home/mk/dev_ws/install/my_3d_vision_bringup/share/my_3d_vision_bringup/hook/ld_library_path_lib.ps1'
[1.864s] INFO:colcon.colcon_core.shell:Creating environment descriptor '/home/mk/dev_ws/install/my_3d_vision_bringup/share/my_3d_vision_bringup/hook/ld_library_path_lib.dsv'
[1.864s] INFO:colcon.colcon_core.shell:Creating environment hook '/home/mk/dev_ws/install/my_3d_vision_bringup/share/my_3d_vision_bringup/hook/ld_library_path_lib.sh'
[1.864s] Level 1:colcon.colcon_core.environment:checking '/home/mk/dev_ws/install/my_3d_vision_bringup/bin'
[1.864s] Level 1:colcon.colcon_core.environment:checking '/home/mk/dev_ws/install/my_3d_vision_bringup/lib/pkgconfig/my_3d_vision_bringup.pc'
[1.864s] Level 1:colcon.colcon_core.environment:checking '/home/mk/dev_ws/install/my_3d_vision_bringup/lib/python3.10/site-packages'
[1.864s] Level 1:colcon.colcon_core.environment:checking '/home/mk/dev_ws/install/my_3d_vision_bringup/bin'
[1.864s] INFO:colcon.colcon_core.shell:Creating package script '/home/mk/dev_ws/install/my_3d_vision_bringup/share/my_3d_vision_bringup/package.ps1'
[1.865s] INFO:colcon.colcon_core.shell:Creating package descriptor '/home/mk/dev_ws/install/my_3d_vision_bringup/share/my_3d_vision_bringup/package.dsv'
[1.865s] INFO:colcon.colcon_core.shell:Creating package script '/home/mk/dev_ws/install/my_3d_vision_bringup/share/my_3d_vision_bringup/package.sh'
[1.865s] INFO:colcon.colcon_core.shell:Creating package script '/home/mk/dev_ws/install/my_3d_vision_bringup/share/my_3d_vision_bringup/package.bash'
[1.865s] INFO:colcon.colcon_core.shell:Creating package script '/home/mk/dev_ws/install/my_3d_vision_bringup/share/my_3d_vision_bringup/package.zsh'
[1.866s] Level 1:colcon.colcon_core.environment:create_file_with_runtime_dependencies(/home/mk/dev_ws/install/my_3d_vision_bringup/share/colcon-core/packages/my_3d_vision_bringup)
[1.866s] Level 1:colcon.colcon_core.environment:create_environment_scripts_only(zed_interfaces)
[1.866s] Level 1:colcon.colcon_core.environment:checking '/home/mk/dev_ws/install/zed_interfaces' for CMake module files
[1.866s] DEBUG:colcon.colcon_core.event_handler.log_command:Invoked command in '/home/mk/dev_ws/build/zed_interfaces' returned '0': CMAKE_PREFIX_PATH=${CMAKE_PREFIX_PATH}:/home/mk/dev_ws/install/yolo_object_detector:/home/mk/dev_ws/install/move_to_coordinator:/home/mk/dev_ws/install/motion_sequence:/home/mk/dev_ws/install/whisper_demos:/home/mk/dev_ws/install/voice_command_listener:/home/mk/dev_ws/install/uf_ros_lib:/home/mk/dev_ws/install/rviz_servo_status_overlay:/home/mk/dev_ws/install/rviz_marker_static_scene_objects:/home/mk/dev_ws/install/robot_motion_handler_movegroup:/home/mk/dev_ws/install/gaze_control:/home/mk/dev_ws/install/collision_check:/home/mk/dev_ws/install/audio_listener:/opt/ros/humble /usr/bin/cmake --install /home/mk/dev_ws/build/zed_interfaces
[1.867s] Level 1:colcon.colcon_core.environment:checking '/home/mk/dev_ws/install/zed_interfaces' for CMake config files
[1.867s] Level 1:colcon.colcon_core.shell:create_environment_hook('zed_interfaces', 'cmake_prefix_path')
[1.867s] INFO:colcon.colcon_core.shell:Creating environment hook '/home/mk/dev_ws/install/zed_interfaces/share/zed_interfaces/hook/cmake_prefix_path.ps1'
[1.867s] INFO:colcon.colcon_core.shell:Creating environment descriptor '/home/mk/dev_ws/install/zed_interfaces/share/zed_interfaces/hook/cmake_prefix_path.dsv'
[1.867s] INFO:colcon.colcon_core.shell:Creating environment hook '/home/mk/dev_ws/install/zed_interfaces/share/zed_interfaces/hook/cmake_prefix_path.sh'
[1.868s] Level 1:colcon.colcon_core.environment:checking '/home/mk/dev_ws/install/zed_interfaces/lib'
[1.868s] Level 1:colcon.colcon_core.shell:create_environment_hook('zed_interfaces', 'ld_library_path_lib')
[1.868s] INFO:colcon.colcon_core.shell:Creating environment hook '/home/mk/dev_ws/install/zed_interfaces/share/zed_interfaces/hook/ld_library_path_lib.ps1'
[1.868s] INFO:colcon.colcon_core.shell:Creating environment descriptor '/home/mk/dev_ws/install/zed_interfaces/share/zed_interfaces/hook/ld_library_path_lib.dsv'
[1.868s] INFO:colcon.colcon_core.shell:Creating environment hook '/home/mk/dev_ws/install/zed_interfaces/share/zed_interfaces/hook/ld_library_path_lib.sh'
[1.868s] Level 1:colcon.colcon_core.environment:checking '/home/mk/dev_ws/install/zed_interfaces/bin'
[1.868s] Level 1:colcon.colcon_core.environment:checking '/home/mk/dev_ws/install/zed_interfaces/lib/pkgconfig/zed_interfaces.pc'
[1.869s] Level 1:colcon.colcon_core.environment:checking '/home/mk/dev_ws/install/zed_interfaces/lib/python3.10/site-packages'
[1.869s] Level 1:colcon.colcon_core.environment:checking '/home/mk/dev_ws/install/zed_interfaces/bin'
[1.869s] INFO:colcon.colcon_core.shell:Creating package script '/home/mk/dev_ws/install/zed_interfaces/share/zed_interfaces/package.ps1'
[1.869s] INFO:colcon.colcon_core.shell:Creating package descriptor '/home/mk/dev_ws/install/zed_interfaces/share/zed_interfaces/package.dsv'
[1.870s] INFO:colcon.colcon_core.shell:Creating package script '/home/mk/dev_ws/install/zed_interfaces/share/zed_interfaces/package.sh'
[1.870s] INFO:colcon.colcon_core.shell:Creating package script '/home/mk/dev_ws/install/zed_interfaces/share/zed_interfaces/package.bash'
[1.870s] INFO:colcon.colcon_core.shell:Creating package script '/home/mk/dev_ws/install/zed_interfaces/share/zed_interfaces/package.zsh'
[1.870s] Level 1:colcon.colcon_core.environment:create_file_with_runtime_dependencies(/home/mk/dev_ws/install/zed_interfaces/share/colcon-core/packages/zed_interfaces)
[1.870s] Level 1:colcon.colcon_core.environment:create_environment_scripts_only(zed_interfaces)
[1.870s] Level 1:colcon.colcon_core.environment:checking '/home/mk/dev_ws/install/zed_interfaces' for CMake module files
[1.871s] Level 1:colcon.colcon_core.environment:checking '/home/mk/dev_ws/install/zed_interfaces' for CMake config files
[1.871s] Level 1:colcon.colcon_core.shell:create_environment_hook('zed_interfaces', 'cmake_prefix_path')
[1.871s] INFO:colcon.colcon_core.shell:Creating environment hook '/home/mk/dev_ws/install/zed_interfaces/share/zed_interfaces/hook/cmake_prefix_path.ps1'
[1.871s] INFO:colcon.colcon_core.shell:Creating environment descriptor '/home/mk/dev_ws/install/zed_interfaces/share/zed_interfaces/hook/cmake_prefix_path.dsv'
[1.872s] INFO:colcon.colcon_core.shell:Creating environment hook '/home/mk/dev_ws/install/zed_interfaces/share/zed_interfaces/hook/cmake_prefix_path.sh'
[1.872s] Level 1:colcon.colcon_core.environment:checking '/home/mk/dev_ws/install/zed_interfaces/lib'
[1.872s] Level 1:colcon.colcon_core.shell:create_environment_hook('zed_interfaces', 'ld_library_path_lib')
[1.872s] INFO:colcon.colcon_core.shell:Creating environment hook '/home/mk/dev_ws/install/zed_interfaces/share/zed_interfaces/hook/ld_library_path_lib.ps1'
[1.872s] INFO:colcon.colcon_core.shell:Creating environment descriptor '/home/mk/dev_ws/install/zed_interfaces/share/zed_interfaces/hook/ld_library_path_lib.dsv'
[1.872s] INFO:colcon.colcon_core.shell:Creating environment hook '/home/mk/dev_ws/install/zed_interfaces/share/zed_interfaces/hook/ld_library_path_lib.sh'
[1.872s] Level 1:colcon.colcon_core.environment:checking '/home/mk/dev_ws/install/zed_interfaces/bin'
[1.873s] Level 1:colcon.colcon_core.environment:checking '/home/mk/dev_ws/install/zed_interfaces/lib/pkgconfig/zed_interfaces.pc'
[1.873s] Level 1:colcon.colcon_core.environment:checking '/home/mk/dev_ws/install/zed_interfaces/lib/python3.10/site-packages'
[1.873s] Level 1:colcon.colcon_core.environment:checking '/home/mk/dev_ws/install/zed_interfaces/bin'
[1.873s] INFO:colcon.colcon_core.shell:Creating package script '/home/mk/dev_ws/install/zed_interfaces/share/zed_interfaces/package.ps1'
[1.873s] INFO:colcon.colcon_core.shell:Creating package descriptor '/home/mk/dev_ws/install/zed_interfaces/share/zed_interfaces/package.dsv'
[1.874s] INFO:colcon.colcon_core.shell:Creating package script '/home/mk/dev_ws/install/zed_interfaces/share/zed_interfaces/package.sh'
[1.874s] INFO:colcon.colcon_core.shell:Creating package script '/home/mk/dev_ws/install/zed_interfaces/share/zed_interfaces/package.bash'
[1.874s] INFO:colcon.colcon_core.shell:Creating package script '/home/mk/dev_ws/install/zed_interfaces/share/zed_interfaces/package.zsh'
[1.874s] Level 1:colcon.colcon_core.environment:create_file_with_runtime_dependencies(/home/mk/dev_ws/install/zed_interfaces/share/colcon-core/packages/zed_interfaces)
[1.874s] Level 1:colcon.colcon_core.environment:create_environment_scripts_only(xarm_msgs)
[1.874s] Level 1:colcon.colcon_core.environment:checking '/home/mk/dev_ws/install/xarm_msgs' for CMake module files
[1.875s] DEBUG:colcon.colcon_core.event_handler.log_command:Invoked command in '/home/mk/dev_ws/build/xarm_msgs' returned '0': CMAKE_PREFIX_PATH=${CMAKE_PREFIX_PATH}:/home/mk/dev_ws/install/yolo_object_detector:/home/mk/dev_ws/install/move_to_coordinator:/home/mk/dev_ws/install/motion_sequence:/home/mk/dev_ws/install/whisper_demos:/home/mk/dev_ws/install/voice_command_listener:/home/mk/dev_ws/install/uf_ros_lib:/home/mk/dev_ws/install/rviz_servo_status_overlay:/home/mk/dev_ws/install/rviz_marker_static_scene_objects:/home/mk/dev_ws/install/robot_motion_handler_movegroup:/home/mk/dev_ws/install/gaze_control:/home/mk/dev_ws/install/collision_check:/home/mk/dev_ws/install/audio_listener:/opt/ros/humble /usr/bin/cmake --install /home/mk/dev_ws/build/xarm_msgs
[1.875s] Level 1:colcon.colcon_core.environment:checking '/home/mk/dev_ws/install/xarm_msgs' for CMake config files
[1.876s] Level 1:colcon.colcon_core.shell:create_environment_hook('xarm_msgs', 'cmake_prefix_path')
[1.876s] INFO:colcon.colcon_core.shell:Creating environment hook '/home/mk/dev_ws/install/xarm_msgs/share/xarm_msgs/hook/cmake_prefix_path.ps1'
[1.876s] INFO:colcon.colcon_core.shell:Creating environment descriptor '/home/mk/dev_ws/install/xarm_msgs/share/xarm_msgs/hook/cmake_prefix_path.dsv'
[1.877s] INFO:colcon.colcon_core.shell:Creating environment hook '/home/mk/dev_ws/install/xarm_msgs/share/xarm_msgs/hook/cmake_prefix_path.sh'
[1.877s] Level 1:colcon.colcon_core.environment:checking '/home/mk/dev_ws/install/xarm_msgs/lib'
[1.877s] Level 1:colcon.colcon_core.shell:create_environment_hook('xarm_msgs', 'ld_library_path_lib')
[1.877s] INFO:colcon.colcon_core.shell:Creating environment hook '/home/mk/dev_ws/install/xarm_msgs/share/xarm_msgs/hook/ld_library_path_lib.ps1'
[1.877s] INFO:colcon.colcon_core.shell:Creating environment descriptor '/home/mk/dev_ws/install/xarm_msgs/share/xarm_msgs/hook/ld_library_path_lib.dsv'
[1.877s] INFO:colcon.colcon_core.shell:Creating environment hook '/home/mk/dev_ws/install/xarm_msgs/share/xarm_msgs/hook/ld_library_path_lib.sh'
[1.878s] Level 1:colcon.colcon_core.environment:checking '/home/mk/dev_ws/install/xarm_msgs/bin'
[1.878s] Level 1:colcon.colcon_core.environment:checking '/home/mk/dev_ws/install/xarm_msgs/lib/pkgconfig/xarm_msgs.pc'
[1.878s] Level 1:colcon.colcon_core.environment:checking '/home/mk/dev_ws/install/xarm_msgs/lib/python3.10/site-packages'
[1.878s] Level 1:colcon.colcon_core.environment:checking '/home/mk/dev_ws/install/xarm_msgs/bin'
[1.878s] INFO:colcon.colcon_core.shell:Creating package script '/home/mk/dev_ws/install/xarm_msgs/share/xarm_msgs/package.ps1'
[1.879s] INFO:colcon.colcon_core.shell:Creating package descriptor '/home/mk/dev_ws/install/xarm_msgs/share/xarm_msgs/package.dsv'
[1.879s] INFO:colcon.colcon_core.shell:Creating package script '/home/mk/dev_ws/install/xarm_msgs/share/xarm_msgs/package.sh'
[1.879s] INFO:colcon.colcon_core.shell:Creating package script '/home/mk/dev_ws/install/xarm_msgs/share/xarm_msgs/package.bash'
[1.879s] INFO:colcon.colcon_core.shell:Creating package script '/home/mk/dev_ws/install/xarm_msgs/share/xarm_msgs/package.zsh'
[1.879s] Level 1:colcon.colcon_core.environment:create_file_with_runtime_dependencies(/home/mk/dev_ws/install/xarm_msgs/share/colcon-core/packages/xarm_msgs)
[1.880s] Level 1:colcon.colcon_core.environment:create_environment_scripts_only(xarm_msgs)
[1.880s] Level 1:colcon.colcon_core.environment:checking '/home/mk/dev_ws/install/xarm_msgs' for CMake module files
[1.880s] Level 1:colcon.colcon_core.environment:checking '/home/mk/dev_ws/install/xarm_msgs' for CMake config files
[1.881s] Level 1:colcon.colcon_core.shell:create_environment_hook('xarm_msgs', 'cmake_prefix_path')
[1.881s] INFO:colcon.colcon_core.shell:Creating environment hook '/home/mk/dev_ws/install/xarm_msgs/share/xarm_msgs/hook/cmake_prefix_path.ps1'
[1.881s] INFO:colcon.colcon_core.shell:Creating environment descriptor '/home/mk/dev_ws/install/xarm_msgs/share/xarm_msgs/hook/cmake_prefix_path.dsv'
[1.881s] INFO:colcon.colcon_core.shell:Creating environment hook '/home/mk/dev_ws/install/xarm_msgs/share/xarm_msgs/hook/cmake_prefix_path.sh'
[1.882s] Level 1:colcon.colcon_core.environment:checking '/home/mk/dev_ws/install/xarm_msgs/lib'
[1.882s] Level 1:colcon.colcon_core.shell:create_environment_hook('xarm_msgs', 'ld_library_path_lib')
[1.882s] INFO:colcon.colcon_core.shell:Creating environment hook '/home/mk/dev_ws/install/xarm_msgs/share/xarm_msgs/hook/ld_library_path_lib.ps1'
[1.882s] INFO:colcon.colcon_core.shell:Creating environment descriptor '/home/mk/dev_ws/install/xarm_msgs/share/xarm_msgs/hook/ld_library_path_lib.dsv'
[1.882s] INFO:colcon.colcon_core.shell:Creating environment hook '/home/mk/dev_ws/install/xarm_msgs/share/xarm_msgs/hook/ld_library_path_lib.sh'
[1.883s] Level 1:colcon.colcon_core.environment:checking '/home/mk/dev_ws/install/xarm_msgs/bin'
[1.883s] Level 1:colcon.colcon_core.environment:checking '/home/mk/dev_ws/install/xarm_msgs/lib/pkgconfig/xarm_msgs.pc'
[1.883s] Level 1:colcon.colcon_core.environment:checking '/home/mk/dev_ws/install/xarm_msgs/lib/python3.10/site-packages'
[1.883s] Level 1:colcon.colcon_core.environment:checking '/home/mk/dev_ws/install/xarm_msgs/bin'
[1.883s] INFO:colcon.colcon_core.shell:Creating package script '/home/mk/dev_ws/install/xarm_msgs/share/xarm_msgs/package.ps1'
[1.884s] INFO:colcon.colcon_core.shell:Creating package descriptor '/home/mk/dev_ws/install/xarm_msgs/share/xarm_msgs/package.dsv'
[1.884s] INFO:colcon.colcon_core.shell:Creating package script '/home/mk/dev_ws/install/xarm_msgs/share/xarm_msgs/package.sh'
[1.884s] INFO:colcon.colcon_core.shell:Creating package script '/home/mk/dev_ws/install/xarm_msgs/share/xarm_msgs/package.bash'
[1.884s] INFO:colcon.colcon_core.shell:Creating package script '/home/mk/dev_ws/install/xarm_msgs/share/xarm_msgs/package.zsh'
[1.885s] Level 1:colcon.colcon_core.environment:create_file_with_runtime_dependencies(/home/mk/dev_ws/install/xarm_msgs/share/colcon-core/packages/xarm_msgs)
[1.885s] INFO:colcon.colcon_ros.task.ament_cmake.build:Building ROS package in '/home/mk/dev_ws/src/xarm_ros2/xarm_api' with build type 'ament_cmake'
[1.885s] INFO:colcon.colcon_cmake.task.cmake.build:Building CMake package in '/home/mk/dev_ws/src/xarm_ros2/xarm_api'
[1.885s] INFO:colcon.colcon_core.shell:Skip shell extension 'powershell' for command environment: Not usable outside of PowerShell
[1.885s] DEBUG:colcon.colcon_core.shell:Skip shell extension 'dsv' for command environment
[1.888s] INFO:colcon.colcon_ros.task.ament_cmake.build:Building ROS package in '/home/mk/dev_ws/src/zed-ros2-wrapper/zed_components' with build type 'ament_cmake'
[1.888s] INFO:colcon.colcon_cmake.task.cmake.build:Building CMake package in '/home/mk/dev_ws/src/zed-ros2-wrapper/zed_components'
[1.888s] INFO:colcon.colcon_core.shell:Skip shell extension 'powershell' for command environment: Not usable outside of PowerShell
[1.888s] DEBUG:colcon.colcon_core.shell:Skip shell extension 'dsv' for command environment
[1.891s] INFO:colcon.colcon_ros.task.ament_python.build:Building ROS package in '/home/mk/dev_ws/src/motion_sequence' with build type 'ament_python'
[1.891s] Level 1:colcon.colcon_core.shell:create_environment_hook('motion_sequence', 'ament_prefix_path')
[1.891s] INFO:colcon.colcon_core.shell:Creating environment hook '/home/mk/dev_ws/install/motion_sequence/share/motion_sequence/hook/ament_prefix_path.ps1'
[1.892s] INFO:colcon.colcon_core.shell:Creating environment descriptor '/home/mk/dev_ws/install/motion_sequence/share/motion_sequence/hook/ament_prefix_path.dsv'
[1.892s] INFO:colcon.colcon_core.shell:Creating environment hook '/home/mk/dev_ws/install/motion_sequence/share/motion_sequence/hook/ament_prefix_path.sh'
[1.892s] INFO:colcon.colcon_core.shell:Skip shell extension 'powershell' for command environment: Not usable outside of PowerShell
[1.892s] DEBUG:colcon.colcon_core.shell:Skip shell extension 'dsv' for command environment
[1.895s] INFO:colcon.colcon_ros.task.ament_python.build:Building ROS package in '/home/mk/dev_ws/src/move_to_coordinator' with build type 'ament_python'
[1.895s] Level 1:colcon.colcon_core.shell:create_environment_hook('move_to_coordinator', 'ament_prefix_path')
[1.895s] INFO:colcon.colcon_core.shell:Creating environment hook '/home/mk/dev_ws/install/move_to_coordinator/share/move_to_coordinator/hook/ament_prefix_path.ps1'
[1.896s] INFO:colcon.colcon_core.shell:Creating environment descriptor '/home/mk/dev_ws/install/move_to_coordinator/share/move_to_coordinator/hook/ament_prefix_path.dsv'
[1.896s] INFO:colcon.colcon_core.shell:Creating environment hook '/home/mk/dev_ws/install/move_to_coordinator/share/move_to_coordinator/hook/ament_prefix_path.sh'
[1.896s] INFO:colcon.colcon_core.shell:Skip shell extension 'powershell' for command environment: Not usable outside of PowerShell
[1.896s] DEBUG:colcon.colcon_core.shell:Skip shell extension 'dsv' for command environment
[1.899s] INFO:colcon.colcon_ros.task.ament_cmake.build:Building ROS package in '/home/mk/dev_ws/src/rviz_robot_control_panel' with build type 'ament_cmake'
[1.900s] INFO:colcon.colcon_cmake.task.cmake.build:Building CMake package in '/home/mk/dev_ws/src/rviz_robot_control_panel'
[1.900s] INFO:colcon.colcon_core.shell:Skip shell extension 'powershell' for command environment: Not usable outside of PowerShell
[1.900s] DEBUG:colcon.colcon_core.shell:Skip shell extension 'dsv' for command environment
[1.904s] INFO:colcon.colcon_ros.task.ament_python.build:Building ROS package in '/home/mk/dev_ws/src/voice_command_listener' with build type 'ament_python'
[1.904s] Level 1:colcon.colcon_core.shell:create_environment_hook('voice_command_listener', 'ament_prefix_path')
[1.905s] INFO:colcon.colcon_core.shell:Creating environment hook '/home/mk/dev_ws/install/voice_command_listener/share/voice_command_listener/hook/ament_prefix_path.ps1'
[1.905s] INFO:colcon.colcon_core.shell:Creating environment descriptor '/home/mk/dev_ws/install/voice_command_listener/share/voice_command_listener/hook/ament_prefix_path.dsv'
[1.906s] INFO:colcon.colcon_core.shell:Creating environment hook '/home/mk/dev_ws/install/voice_command_listener/share/voice_command_listener/hook/ament_prefix_path.sh'
[1.906s] INFO:colcon.colcon_core.shell:Skip shell extension 'powershell' for command environment: Not usable outside of PowerShell
[1.906s] DEBUG:colcon.colcon_core.shell:Skip shell extension 'dsv' for command environment
[1.914s] DEBUG:colcon.colcon_core.event_handler.log_command:Invoking command in '/home/mk/dev_ws/build/whisper_util': CMAKE_PREFIX_PATH=/home/mk/dev_ws/install/whisper_cpp_vendor:/home/mk/dev_ws/install/zed_ros2:/home/mk/dev_ws/install/zed_wrapper:/home/mk/dev_ws/install/zed_components:/home/mk/dev_ws/install/zed_interfaces:/home/mk/dev_ws/install/xarm_planner:/home/mk/dev_ws/install/xarm_moveit_servo:/home/mk/dev_ws/install/xarm_moveit_config:/home/mk/dev_ws/install/xarm_gazebo:/home/mk/dev_ws/install/xarm_controller:/home/mk/dev_ws/install/xarm_api:/home/mk/dev_ws/install/xarm_sdk:/home/mk/dev_ws/install/rviz_robot_control_panel:/home/mk/dev_ws/install/xarm_msgs:/home/mk/dev_ws/install/xarm_description:/home/mk/dev_ws/install/whisper_bringup:/home/mk/dev_ws/install/whisper_server:/home/mk/dev_ws/install/transcript_manager:/home/mk/dev_ws/install/whisper_util:/home/mk/dev_ws/install/whisper_idl:/home/mk/dev_ws/install/realsense_gazebo_plugin:/home/mk/dev_ws/install/my_3d_vision_bringup:/home/mk/dev_ws/install/mbot_demo:/home/mk/dev_ws/install/yolo_object_detector:/home/mk/dev_ws/install/move_to_coordinator:/home/mk/dev_ws/install/motion_sequence:/home/mk/dev_ws/install/whisper_demos:/home/mk/dev_ws/install/voice_command_listener:/home/mk/dev_ws/install/uf_ros_lib:/home/mk/dev_ws/install/rviz_servo_status_overlay:/home/mk/dev_ws/install/rviz_marker_static_scene_objects:/home/mk/dev_ws/install/robot_motion_handler_movegroup:/home/mk/dev_ws/install/gaze_control:/home/mk/dev_ws/install/collision_check:/home/mk/dev_ws/install/audio_listener:/opt/ros/humble LD_LIBRARY_PATH=/home/mk/dev_ws/install/whisper_cpp_vendor/lib:/usr/local/cuda-12.1/lib64:/home/mk/dev_ws/install/zed_components/lib:/home/mk/dev_ws/install/zed_interfaces/lib:/home/mk/dev_ws/install/xarm_planner/lib:/home/mk/dev_ws/install/xarm_moveit_servo/lib:/home/mk/dev_ws/install/xarm_gazebo/lib:/home/mk/dev_ws/install/xarm_controller/lib:/home/mk/dev_ws/install/xarm_api/lib:/home/mk/dev_ws/install/xarm_sdk/lib:/home/mk/dev_ws/install/rviz_robot_control_panel/lib:/home/mk/dev_ws/install/xarm_msgs/lib:/home/mk/dev_ws/install/whisper_server/lib:/home/mk/dev_ws/install/transcript_manager/lib:/home/mk/dev_ws/install/whisper_util/lib:/home/mk/dev_ws/install/whisper_idl/lib:/home/mk/dev_ws/install/realsense_gazebo_plugin/lib:/home/mk/dev_ws/install/my_3d_vision_bringup/lib:/usr/lib/x86_64-linux-gnu/gazebo-11/plugins:/opt/ros/humble/opt/rviz_ogre_vendor/lib:/opt/ros/humble/lib/x86_64-linux-gnu:/opt/ros/humble/lib /usr/bin/cmake --build /home/mk/dev_ws/build/whisper_util -- -j20 -l20
[1.916s] DEBUG:colcon.colcon_core.event_handler.log_command:Invoking command in '/home/mk/dev_ws/build/xarm_api': CMAKE_PREFIX_PATH=/home/mk/dev_ws/install/xarm_sdk:/home/mk/dev_ws/install/xarm_msgs:/home/mk/dev_ws/install/xarm_description:/home/mk/dev_ws/install/zed_ros2:/home/mk/dev_ws/install/zed_wrapper:/home/mk/dev_ws/install/zed_components:/home/mk/dev_ws/install/zed_interfaces:/home/mk/dev_ws/install/xarm_planner:/home/mk/dev_ws/install/xarm_moveit_servo:/home/mk/dev_ws/install/xarm_moveit_config:/home/mk/dev_ws/install/xarm_gazebo:/home/mk/dev_ws/install/xarm_controller:/home/mk/dev_ws/install/xarm_api:/home/mk/dev_ws/install/rviz_robot_control_panel:/home/mk/dev_ws/install/whisper_bringup:/home/mk/dev_ws/install/whisper_server:/home/mk/dev_ws/install/transcript_manager:/home/mk/dev_ws/install/whisper_util:/home/mk/dev_ws/install/whisper_idl:/home/mk/dev_ws/install/whisper_cpp_vendor:/home/mk/dev_ws/install/realsense_gazebo_plugin:/home/mk/dev_ws/install/my_3d_vision_bringup:/home/mk/dev_ws/install/mbot_demo:/home/mk/dev_ws/install/yolo_object_detector:/home/mk/dev_ws/install/move_to_coordinator:/home/mk/dev_ws/install/motion_sequence:/home/mk/dev_ws/install/whisper_demos:/home/mk/dev_ws/install/voice_command_listener:/home/mk/dev_ws/install/uf_ros_lib:/home/mk/dev_ws/install/rviz_servo_status_overlay:/home/mk/dev_ws/install/rviz_marker_static_scene_objects:/home/mk/dev_ws/install/robot_motion_handler_movegroup:/home/mk/dev_ws/install/gaze_control:/home/mk/dev_ws/install/collision_check:/home/mk/dev_ws/install/audio_listener:/opt/ros/humble LD_LIBRARY_PATH=/home/mk/dev_ws/install/xarm_sdk/lib:/home/mk/dev_ws/install/xarm_msgs/lib:/usr/local/cuda-12.1/lib64:/home/mk/dev_ws/install/zed_components/lib:/home/mk/dev_ws/install/zed_interfaces/lib:/home/mk/dev_ws/install/xarm_planner/lib:/home/mk/dev_ws/install/xarm_moveit_servo/lib:/home/mk/dev_ws/install/xarm_gazebo/lib:/home/mk/dev_ws/install/xarm_controller/lib:/home/mk/dev_ws/install/xarm_api/lib:/home/mk/dev_ws/install/rviz_robot_control_panel/lib:/home/mk/dev_ws/install/whisper_server/lib:/home/mk/dev_ws/install/transcript_manager/lib:/home/mk/dev_ws/install/whisper_util/lib:/home/mk/dev_ws/install/whisper_idl/lib:/home/mk/dev_ws/install/whisper_cpp_vendor/lib:/home/mk/dev_ws/install/realsense_gazebo_plugin/lib:/home/mk/dev_ws/install/my_3d_vision_bringup/lib:/usr/lib/x86_64-linux-gnu/gazebo-11/plugins:/opt/ros/humble/opt/rviz_ogre_vendor/lib:/opt/ros/humble/lib/x86_64-linux-gnu:/opt/ros/humble/lib /usr/bin/cmake --build /home/mk/dev_ws/build/xarm_api -- -j20 -l20
[1.918s] DEBUG:colcon.colcon_core.event_handler.log_command:Invoking command in '/home/mk/dev_ws/build/zed_components': CMAKE_PREFIX_PATH=/home/mk/dev_ws/install/zed_interfaces:/home/mk/dev_ws/install/zed_ros2:/home/mk/dev_ws/install/zed_wrapper:/home/mk/dev_ws/install/zed_components:/home/mk/dev_ws/install/xarm_planner:/home/mk/dev_ws/install/xarm_moveit_servo:/home/mk/dev_ws/install/xarm_moveit_config:/home/mk/dev_ws/install/xarm_gazebo:/home/mk/dev_ws/install/xarm_controller:/home/mk/dev_ws/install/xarm_api:/home/mk/dev_ws/install/xarm_sdk:/home/mk/dev_ws/install/rviz_robot_control_panel:/home/mk/dev_ws/install/xarm_msgs:/home/mk/dev_ws/install/xarm_description:/home/mk/dev_ws/install/whisper_bringup:/home/mk/dev_ws/install/whisper_server:/home/mk/dev_ws/install/transcript_manager:/home/mk/dev_ws/install/whisper_util:/home/mk/dev_ws/install/whisper_idl:/home/mk/dev_ws/install/whisper_cpp_vendor:/home/mk/dev_ws/install/realsense_gazebo_plugin:/home/mk/dev_ws/install/my_3d_vision_bringup:/home/mk/dev_ws/install/mbot_demo:/home/mk/dev_ws/install/yolo_object_detector:/home/mk/dev_ws/install/move_to_coordinator:/home/mk/dev_ws/install/motion_sequence:/home/mk/dev_ws/install/whisper_demos:/home/mk/dev_ws/install/voice_command_listener:/home/mk/dev_ws/install/uf_ros_lib:/home/mk/dev_ws/install/rviz_servo_status_overlay:/home/mk/dev_ws/install/rviz_marker_static_scene_objects:/home/mk/dev_ws/install/robot_motion_handler_movegroup:/home/mk/dev_ws/install/gaze_control:/home/mk/dev_ws/install/collision_check:/home/mk/dev_ws/install/audio_listener:/opt/ros/humble LD_LIBRARY_PATH=/home/mk/dev_ws/install/zed_interfaces/lib:/usr/local/cuda-12.1/lib64:/home/mk/dev_ws/install/zed_components/lib:/home/mk/dev_ws/install/xarm_planner/lib:/home/mk/dev_ws/install/xarm_moveit_servo/lib:/home/mk/dev_ws/install/xarm_gazebo/lib:/home/mk/dev_ws/install/xarm_controller/lib:/home/mk/dev_ws/install/xarm_api/lib:/home/mk/dev_ws/install/xarm_sdk/lib:/home/mk/dev_ws/install/rviz_robot_control_panel/lib:/home/mk/dev_ws/install/xarm_msgs/lib:/home/mk/dev_ws/install/whisper_server/lib:/home/mk/dev_ws/install/transcript_manager/lib:/home/mk/dev_ws/install/whisper_util/lib:/home/mk/dev_ws/install/whisper_idl/lib:/home/mk/dev_ws/install/whisper_cpp_vendor/lib:/home/mk/dev_ws/install/realsense_gazebo_plugin/lib:/home/mk/dev_ws/install/my_3d_vision_bringup/lib:/usr/lib/x86_64-linux-gnu/gazebo-11/plugins:/opt/ros/humble/opt/rviz_ogre_vendor/lib:/opt/ros/humble/lib/x86_64-linux-gnu:/opt/ros/humble/lib /usr/bin/cmake --build /home/mk/dev_ws/build/zed_components -- -j20 -l20
[2.122s] INFO:colcon.colcon_core.task.python.build:Building Python package in '/home/mk/dev_ws/src/motion_sequence'
[2.123s] INFO:colcon.colcon_core.shell:Skip shell extension 'powershell' for command environment: Not usable outside of PowerShell
[2.123s] DEBUG:colcon.colcon_core.shell:Skip shell extension 'dsv' for command environment
[2.286s] INFO:colcon.colcon_core.task.python.build:Building Python package in '/home/mk/dev_ws/src/move_to_coordinator'
[2.286s] INFO:colcon.colcon_core.shell:Skip shell extension 'powershell' for command environment: Not usable outside of PowerShell
[2.286s] DEBUG:colcon.colcon_core.shell:Skip shell extension 'dsv' for command environment
[2.291s] DEBUG:colcon.colcon_core.event_handler.log_command:Invoking command in '/home/mk/dev_ws/build/rviz_robot_control_panel': CMAKE_PREFIX_PATH=/home/mk/dev_ws/install/xarm_msgs:/home/mk/dev_ws/install/zed_ros2:/home/mk/dev_ws/install/zed_wrapper:/home/mk/dev_ws/install/zed_components:/home/mk/dev_ws/install/zed_interfaces:/home/mk/dev_ws/install/xarm_planner:/home/mk/dev_ws/install/xarm_moveit_servo:/home/mk/dev_ws/install/xarm_moveit_config:/home/mk/dev_ws/install/xarm_gazebo:/home/mk/dev_ws/install/xarm_controller:/home/mk/dev_ws/install/xarm_api:/home/mk/dev_ws/install/xarm_sdk:/home/mk/dev_ws/install/rviz_robot_control_panel:/home/mk/dev_ws/install/xarm_description:/home/mk/dev_ws/install/whisper_bringup:/home/mk/dev_ws/install/whisper_server:/home/mk/dev_ws/install/transcript_manager:/home/mk/dev_ws/install/whisper_util:/home/mk/dev_ws/install/whisper_idl:/home/mk/dev_ws/install/whisper_cpp_vendor:/home/mk/dev_ws/install/realsense_gazebo_plugin:/home/mk/dev_ws/install/my_3d_vision_bringup:/home/mk/dev_ws/install/mbot_demo:/home/mk/dev_ws/install/yolo_object_detector:/home/mk/dev_ws/install/move_to_coordinator:/home/mk/dev_ws/install/motion_sequence:/home/mk/dev_ws/install/whisper_demos:/home/mk/dev_ws/install/voice_command_listener:/home/mk/dev_ws/install/uf_ros_lib:/home/mk/dev_ws/install/rviz_servo_status_overlay:/home/mk/dev_ws/install/rviz_marker_static_scene_objects:/home/mk/dev_ws/install/robot_motion_handler_movegroup:/home/mk/dev_ws/install/gaze_control:/home/mk/dev_ws/install/collision_check:/home/mk/dev_ws/install/audio_listener:/opt/ros/humble LD_LIBRARY_PATH=/home/mk/dev_ws/install/xarm_msgs/lib:/usr/local/cuda-12.1/lib64:/home/mk/dev_ws/install/zed_components/lib:/home/mk/dev_ws/install/zed_interfaces/lib:/home/mk/dev_ws/install/xarm_planner/lib:/home/mk/dev_ws/install/xarm_moveit_servo/lib:/home/mk/dev_ws/install/xarm_gazebo/lib:/home/mk/dev_ws/install/xarm_controller/lib:/home/mk/dev_ws/install/xarm_api/lib:/home/mk/dev_ws/install/xarm_sdk/lib:/home/mk/dev_ws/install/rviz_robot_control_panel/lib:/home/mk/dev_ws/install/whisper_server/lib:/home/mk/dev_ws/install/transcript_manager/lib:/home/mk/dev_ws/install/whisper_util/lib:/home/mk/dev_ws/install/whisper_idl/lib:/home/mk/dev_ws/install/whisper_cpp_vendor/lib:/home/mk/dev_ws/install/realsense_gazebo_plugin/lib:/home/mk/dev_ws/install/my_3d_vision_bringup/lib:/usr/lib/x86_64-linux-gnu/gazebo-11/plugins:/opt/ros/humble/opt/rviz_ogre_vendor/lib:/opt/ros/humble/lib/x86_64-linux-gnu:/opt/ros/humble/lib /usr/bin/cmake --build /home/mk/dev_ws/build/rviz_robot_control_panel -- -j20 -l20
[2.448s] INFO:colcon.colcon_core.task.python.build:Building Python package in '/home/mk/dev_ws/src/voice_command_listener'
[2.448s] INFO:colcon.colcon_core.shell:Skip shell extension 'powershell' for command environment: Not usable outside of PowerShell
[2.448s] DEBUG:colcon.colcon_core.shell:Skip shell extension 'dsv' for command environment
[2.453s] DEBUG:colcon.colcon_core.event_handler.log_command:Invoking command in '/home/mk/dev_ws/build/gaze_control': PYTHONPATH=/home/mk/dev_ws/build/gaze_control/prefix_override:/usr/lib/python3/dist-packages/colcon_core/task/python/colcon_distutils_commands:/home/mk/dev_ws/install/gaze_control/lib/python3.10/site-packages:${PYTHONPATH} /usr/bin/python3 -W ignore:setup.py install is deprecated -W ignore:easy_install command is deprecated setup.py develop --editable --build-directory /home/mk/dev_ws/build/gaze_control/build --no-deps symlink_data
[2.453s] DEBUG:colcon.colcon_core.event_handler.log_command:Invoking command in '/home/mk/dev_ws/build/audio_listener': PYTHONPATH=/home/mk/dev_ws/build/audio_listener/prefix_override:/usr/lib/python3/dist-packages/colcon_core/task/python/colcon_distutils_commands:/home/mk/dev_ws/install/audio_listener/lib/python3.10/site-packages:${PYTHONPATH} /usr/bin/python3 -W ignore:setup.py install is deprecated -W ignore:easy_install command is deprecated setup.py develop --editable --build-directory /home/mk/dev_ws/build/audio_listener/build --no-deps symlink_data
[2.454s] DEBUG:colcon.colcon_core.event_handler.log_command:Invoking command in '/home/mk/dev_ws/build/uf_ros_lib': PYTHONPATH=/home/mk/dev_ws/build/uf_ros_lib/prefix_override:/usr/lib/python3/dist-packages/colcon_core/task/python/colcon_distutils_commands:/home/mk/dev_ws/install/uf_ros_lib/lib/python3.10/site-packages:${PYTHONPATH} /usr/bin/python3 -W ignore:setup.py install is deprecated -W ignore:easy_install command is deprecated setup.py develop --editable --build-directory /home/mk/dev_ws/build/uf_ros_lib/build --no-deps symlink_data
[2.455s] DEBUG:colcon.colcon_core.event_handler.log_command:Invoking command in '/home/mk/dev_ws/build/rviz_marker_static_scene_objects': PYTHONPATH=/home/mk/dev_ws/build/rviz_marker_static_scene_objects/prefix_override:/usr/lib/python3/dist-packages/colcon_core/task/python/colcon_distutils_commands:/home/mk/dev_ws/install/rviz_marker_static_scene_objects/lib/python3.10/site-packages:${PYTHONPATH} /usr/bin/python3 -W ignore:setup.py install is deprecated -W ignore:easy_install command is deprecated setup.py develop --editable --build-directory /home/mk/dev_ws/build/rviz_marker_static_scene_objects/build --no-deps symlink_data
[2.456s] DEBUG:colcon.colcon_core.event_handler.log_command:Invoking command in '/home/mk/dev_ws/build/rviz_servo_status_overlay': PYTHONPATH=/home/mk/dev_ws/build/rviz_servo_status_overlay/prefix_override:/usr/lib/python3/dist-packages/colcon_core/task/python/colcon_distutils_commands:/home/mk/dev_ws/install/rviz_servo_status_overlay/lib/python3.10/site-packages:${PYTHONPATH} /usr/bin/python3 -W ignore:setup.py install is deprecated -W ignore:easy_install command is deprecated setup.py develop --editable --build-directory /home/mk/dev_ws/build/rviz_servo_status_overlay/build --no-deps symlink_data
[2.457s] DEBUG:colcon.colcon_core.event_handler.log_command:Invoking command in '/home/mk/dev_ws/build/collision_check': PYTHONPATH=/home/mk/dev_ws/build/collision_check/prefix_override:/usr/lib/python3/dist-packages/colcon_core/task/python/colcon_distutils_commands:/home/mk/dev_ws/install/collision_check/lib/python3.10/site-packages:${PYTHONPATH} /usr/bin/python3 -W ignore:setup.py install is deprecated -W ignore:easy_install command is deprecated setup.py develop --editable --build-directory /home/mk/dev_ws/build/collision_check/build --no-deps symlink_data
[2.458s] DEBUG:colcon.colcon_core.event_handler.log_command:Invoking command in '/home/mk/dev_ws/build/robot_motion_handler_movegroup': PYTHONPATH=/home/mk/dev_ws/build/robot_motion_handler_movegroup/prefix_override:/usr/lib/python3/dist-packages/colcon_core/task/python/colcon_distutils_commands:/home/mk/dev_ws/install/robot_motion_handler_movegroup/lib/python3.10/site-packages:${PYTHONPATH} /usr/bin/python3 -W ignore:setup.py install is deprecated -W ignore:easy_install command is deprecated setup.py develop --editable --build-directory /home/mk/dev_ws/build/robot_motion_handler_movegroup/build --no-deps symlink_data
[2.459s] DEBUG:colcon.colcon_core.event_handler.log_command:Invoking command in '/home/mk/dev_ws/build/yolo_object_detector': PYTHONPATH=/home/mk/dev_ws/build/yolo_object_detector/prefix_override:/usr/lib/python3/dist-packages/colcon_core/task/python/colcon_distutils_commands:/home/mk/dev_ws/install/yolo_object_detector/lib/python3.10/site-packages:${PYTHONPATH} /usr/bin/python3 -W ignore:setup.py install is deprecated -W ignore:easy_install command is deprecated setup.py develop --editable --build-directory /home/mk/dev_ws/build/yolo_object_detector/build --no-deps symlink_data
[2.459s] DEBUG:colcon.colcon_core.event_handler.log_command:Invoked command in '/home/mk/dev_ws/build/zed_components' returned '0': CMAKE_PREFIX_PATH=/home/mk/dev_ws/install/zed_interfaces:/home/mk/dev_ws/install/zed_ros2:/home/mk/dev_ws/install/zed_wrapper:/home/mk/dev_ws/install/zed_components:/home/mk/dev_ws/install/xarm_planner:/home/mk/dev_ws/install/xarm_moveit_servo:/home/mk/dev_ws/install/xarm_moveit_config:/home/mk/dev_ws/install/xarm_gazebo:/home/mk/dev_ws/install/xarm_controller:/home/mk/dev_ws/install/xarm_api:/home/mk/dev_ws/install/xarm_sdk:/home/mk/dev_ws/install/rviz_robot_control_panel:/home/mk/dev_ws/install/xarm_msgs:/home/mk/dev_ws/install/xarm_description:/home/mk/dev_ws/install/whisper_bringup:/home/mk/dev_ws/install/whisper_server:/home/mk/dev_ws/install/transcript_manager:/home/mk/dev_ws/install/whisper_util:/home/mk/dev_ws/install/whisper_idl:/home/mk/dev_ws/install/whisper_cpp_vendor:/home/mk/dev_ws/install/realsense_gazebo_plugin:/home/mk/dev_ws/install/my_3d_vision_bringup:/home/mk/dev_ws/install/mbot_demo:/home/mk/dev_ws/install/yolo_object_detector:/home/mk/dev_ws/install/move_to_coordinator:/home/mk/dev_ws/install/motion_sequence:/home/mk/dev_ws/install/whisper_demos:/home/mk/dev_ws/install/voice_command_listener:/home/mk/dev_ws/install/uf_ros_lib:/home/mk/dev_ws/install/rviz_servo_status_overlay:/home/mk/dev_ws/install/rviz_marker_static_scene_objects:/home/mk/dev_ws/install/robot_motion_handler_movegroup:/home/mk/dev_ws/install/gaze_control:/home/mk/dev_ws/install/collision_check:/home/mk/dev_ws/install/audio_listener:/opt/ros/humble LD_LIBRARY_PATH=/home/mk/dev_ws/install/zed_interfaces/lib:/usr/local/cuda-12.1/lib64:/home/mk/dev_ws/install/zed_components/lib:/home/mk/dev_ws/install/xarm_planner/lib:/home/mk/dev_ws/install/xarm_moveit_servo/lib:/home/mk/dev_ws/install/xarm_gazebo/lib:/home/mk/dev_ws/install/xarm_controller/lib:/home/mk/dev_ws/install/xarm_api/lib:/home/mk/dev_ws/install/xarm_sdk/lib:/home/mk/dev_ws/install/rviz_robot_control_panel/lib:/home/mk/dev_ws/install/xarm_msgs/lib:/home/mk/dev_ws/install/whisper_server/lib:/home/mk/dev_ws/install/transcript_manager/lib:/home/mk/dev_ws/install/whisper_util/lib:/home/mk/dev_ws/install/whisper_idl/lib:/home/mk/dev_ws/install/whisper_cpp_vendor/lib:/home/mk/dev_ws/install/realsense_gazebo_plugin/lib:/home/mk/dev_ws/install/my_3d_vision_bringup/lib:/usr/lib/x86_64-linux-gnu/gazebo-11/plugins:/opt/ros/humble/opt/rviz_ogre_vendor/lib:/opt/ros/humble/lib/x86_64-linux-gnu:/opt/ros/humble/lib /usr/bin/cmake --build /home/mk/dev_ws/build/zed_components -- -j20 -l20
[2.459s] DEBUG:colcon.colcon_core.event_handler.log_command:Invoking command in '/home/mk/dev_ws/build/zed_components': CMAKE_PREFIX_PATH=/home/mk/dev_ws/install/zed_interfaces:/home/mk/dev_ws/install/zed_ros2:/home/mk/dev_ws/install/zed_wrapper:/home/mk/dev_ws/install/zed_components:/home/mk/dev_ws/install/xarm_planner:/home/mk/dev_ws/install/xarm_moveit_servo:/home/mk/dev_ws/install/xarm_moveit_config:/home/mk/dev_ws/install/xarm_gazebo:/home/mk/dev_ws/install/xarm_controller:/home/mk/dev_ws/install/xarm_api:/home/mk/dev_ws/install/xarm_sdk:/home/mk/dev_ws/install/rviz_robot_control_panel:/home/mk/dev_ws/install/xarm_msgs:/home/mk/dev_ws/install/xarm_description:/home/mk/dev_ws/install/whisper_bringup:/home/mk/dev_ws/install/whisper_server:/home/mk/dev_ws/install/transcript_manager:/home/mk/dev_ws/install/whisper_util:/home/mk/dev_ws/install/whisper_idl:/home/mk/dev_ws/install/whisper_cpp_vendor:/home/mk/dev_ws/install/realsense_gazebo_plugin:/home/mk/dev_ws/install/my_3d_vision_bringup:/home/mk/dev_ws/install/mbot_demo:/home/mk/dev_ws/install/yolo_object_detector:/home/mk/dev_ws/install/move_to_coordinator:/home/mk/dev_ws/install/motion_sequence:/home/mk/dev_ws/install/whisper_demos:/home/mk/dev_ws/install/voice_command_listener:/home/mk/dev_ws/install/uf_ros_lib:/home/mk/dev_ws/install/rviz_servo_status_overlay:/home/mk/dev_ws/install/rviz_marker_static_scene_objects:/home/mk/dev_ws/install/robot_motion_handler_movegroup:/home/mk/dev_ws/install/gaze_control:/home/mk/dev_ws/install/collision_check:/home/mk/dev_ws/install/audio_listener:/opt/ros/humble LD_LIBRARY_PATH=/home/mk/dev_ws/install/zed_interfaces/lib:/usr/local/cuda-12.1/lib64:/home/mk/dev_ws/install/zed_components/lib:/home/mk/dev_ws/install/xarm_planner/lib:/home/mk/dev_ws/install/xarm_moveit_servo/lib:/home/mk/dev_ws/install/xarm_gazebo/lib:/home/mk/dev_ws/install/xarm_controller/lib:/home/mk/dev_ws/install/xarm_api/lib:/home/mk/dev_ws/install/xarm_sdk/lib:/home/mk/dev_ws/install/rviz_robot_control_panel/lib:/home/mk/dev_ws/install/xarm_msgs/lib:/home/mk/dev_ws/install/whisper_server/lib:/home/mk/dev_ws/install/transcript_manager/lib:/home/mk/dev_ws/install/whisper_util/lib:/home/mk/dev_ws/install/whisper_idl/lib:/home/mk/dev_ws/install/whisper_cpp_vendor/lib:/home/mk/dev_ws/install/realsense_gazebo_plugin/lib:/home/mk/dev_ws/install/my_3d_vision_bringup/lib:/usr/lib/x86_64-linux-gnu/gazebo-11/plugins:/opt/ros/humble/opt/rviz_ogre_vendor/lib:/opt/ros/humble/lib/x86_64-linux-gnu:/opt/ros/humble/lib /usr/bin/cmake --install /home/mk/dev_ws/build/zed_components
[2.459s] DEBUG:colcon.colcon_core.event_handler.log_command:Invoked command in '/home/mk/dev_ws/build/xarm_api' returned '0': CMAKE_PREFIX_PATH=/home/mk/dev_ws/install/xarm_sdk:/home/mk/dev_ws/install/xarm_msgs:/home/mk/dev_ws/install/xarm_description:/home/mk/dev_ws/install/zed_ros2:/home/mk/dev_ws/install/zed_wrapper:/home/mk/dev_ws/install/zed_components:/home/mk/dev_ws/install/zed_interfaces:/home/mk/dev_ws/install/xarm_planner:/home/mk/dev_ws/install/xarm_moveit_servo:/home/mk/dev_ws/install/xarm_moveit_config:/home/mk/dev_ws/install/xarm_gazebo:/home/mk/dev_ws/install/xarm_controller:/home/mk/dev_ws/install/xarm_api:/home/mk/dev_ws/install/rviz_robot_control_panel:/home/mk/dev_ws/install/whisper_bringup:/home/mk/dev_ws/install/whisper_server:/home/mk/dev_ws/install/transcript_manager:/home/mk/dev_ws/install/whisper_util:/home/mk/dev_ws/install/whisper_idl:/home/mk/dev_ws/install/whisper_cpp_vendor:/home/mk/dev_ws/install/realsense_gazebo_plugin:/home/mk/dev_ws/install/my_3d_vision_bringup:/home/mk/dev_ws/install/mbot_demo:/home/mk/dev_ws/install/yolo_object_detector:/home/mk/dev_ws/install/move_to_coordinator:/home/mk/dev_ws/install/motion_sequence:/home/mk/dev_ws/install/whisper_demos:/home/mk/dev_ws/install/voice_command_listener:/home/mk/dev_ws/install/uf_ros_lib:/home/mk/dev_ws/install/rviz_servo_status_overlay:/home/mk/dev_ws/install/rviz_marker_static_scene_objects:/home/mk/dev_ws/install/robot_motion_handler_movegroup:/home/mk/dev_ws/install/gaze_control:/home/mk/dev_ws/install/collision_check:/home/mk/dev_ws/install/audio_listener:/opt/ros/humble LD_LIBRARY_PATH=/home/mk/dev_ws/install/xarm_sdk/lib:/home/mk/dev_ws/install/xarm_msgs/lib:/usr/local/cuda-12.1/lib64:/home/mk/dev_ws/install/zed_components/lib:/home/mk/dev_ws/install/zed_interfaces/lib:/home/mk/dev_ws/install/xarm_planner/lib:/home/mk/dev_ws/install/xarm_moveit_servo/lib:/home/mk/dev_ws/install/xarm_gazebo/lib:/home/mk/dev_ws/install/xarm_controller/lib:/home/mk/dev_ws/install/xarm_api/lib:/home/mk/dev_ws/install/rviz_robot_control_panel/lib:/home/mk/dev_ws/install/whisper_server/lib:/home/mk/dev_ws/install/transcript_manager/lib:/home/mk/dev_ws/install/whisper_util/lib:/home/mk/dev_ws/install/whisper_idl/lib:/home/mk/dev_ws/install/whisper_cpp_vendor/lib:/home/mk/dev_ws/install/realsense_gazebo_plugin/lib:/home/mk/dev_ws/install/my_3d_vision_bringup/lib:/usr/lib/x86_64-linux-gnu/gazebo-11/plugins:/opt/ros/humble/opt/rviz_ogre_vendor/lib:/opt/ros/humble/lib/x86_64-linux-gnu:/opt/ros/humble/lib /usr/bin/cmake --build /home/mk/dev_ws/build/xarm_api -- -j20 -l20
[2.460s] DEBUG:colcon.colcon_core.event_handler.log_command:Invoking command in '/home/mk/dev_ws/build/xarm_api': CMAKE_PREFIX_PATH=/home/mk/dev_ws/install/xarm_sdk:/home/mk/dev_ws/install/xarm_msgs:/home/mk/dev_ws/install/xarm_description:/home/mk/dev_ws/install/zed_ros2:/home/mk/dev_ws/install/zed_wrapper:/home/mk/dev_ws/install/zed_components:/home/mk/dev_ws/install/zed_interfaces:/home/mk/dev_ws/install/xarm_planner:/home/mk/dev_ws/install/xarm_moveit_servo:/home/mk/dev_ws/install/xarm_moveit_config:/home/mk/dev_ws/install/xarm_gazebo:/home/mk/dev_ws/install/xarm_controller:/home/mk/dev_ws/install/xarm_api:/home/mk/dev_ws/install/rviz_robot_control_panel:/home/mk/dev_ws/install/whisper_bringup:/home/mk/dev_ws/install/whisper_server:/home/mk/dev_ws/install/transcript_manager:/home/mk/dev_ws/install/whisper_util:/home/mk/dev_ws/install/whisper_idl:/home/mk/dev_ws/install/whisper_cpp_vendor:/home/mk/dev_ws/install/realsense_gazebo_plugin:/home/mk/dev_ws/install/my_3d_vision_bringup:/home/mk/dev_ws/install/mbot_demo:/home/mk/dev_ws/install/yolo_object_detector:/home/mk/dev_ws/install/move_to_coordinator:/home/mk/dev_ws/install/motion_sequence:/home/mk/dev_ws/install/whisper_demos:/home/mk/dev_ws/install/voice_command_listener:/home/mk/dev_ws/install/uf_ros_lib:/home/mk/dev_ws/install/rviz_servo_status_overlay:/home/mk/dev_ws/install/rviz_marker_static_scene_objects:/home/mk/dev_ws/install/robot_motion_handler_movegroup:/home/mk/dev_ws/install/gaze_control:/home/mk/dev_ws/install/collision_check:/home/mk/dev_ws/install/audio_listener:/opt/ros/humble LD_LIBRARY_PATH=/home/mk/dev_ws/install/xarm_sdk/lib:/home/mk/dev_ws/install/xarm_msgs/lib:/usr/local/cuda-12.1/lib64:/home/mk/dev_ws/install/zed_components/lib:/home/mk/dev_ws/install/zed_interfaces/lib:/home/mk/dev_ws/install/xarm_planner/lib:/home/mk/dev_ws/install/xarm_moveit_servo/lib:/home/mk/dev_ws/install/xarm_gazebo/lib:/home/mk/dev_ws/install/xarm_controller/lib:/home/mk/dev_ws/install/xarm_api/lib:/home/mk/dev_ws/install/rviz_robot_control_panel/lib:/home/mk/dev_ws/install/whisper_server/lib:/home/mk/dev_ws/install/transcript_manager/lib:/home/mk/dev_ws/install/whisper_util/lib:/home/mk/dev_ws/install/whisper_idl/lib:/home/mk/dev_ws/install/whisper_cpp_vendor/lib:/home/mk/dev_ws/install/realsense_gazebo_plugin/lib:/home/mk/dev_ws/install/my_3d_vision_bringup/lib:/usr/lib/x86_64-linux-gnu/gazebo-11/plugins:/opt/ros/humble/opt/rviz_ogre_vendor/lib:/opt/ros/humble/lib/x86_64-linux-gnu:/opt/ros/humble/lib /usr/bin/cmake --install /home/mk/dev_ws/build/xarm_api
[2.461s] DEBUG:colcon.colcon_core.event_handler.log_command:Invoked command in '/home/mk/dev_ws/build/whisper_util' returned '0': CMAKE_PREFIX_PATH=/home/mk/dev_ws/install/whisper_cpp_vendor:/home/mk/dev_ws/install/zed_ros2:/home/mk/dev_ws/install/zed_wrapper:/home/mk/dev_ws/install/zed_components:/home/mk/dev_ws/install/zed_interfaces:/home/mk/dev_ws/install/xarm_planner:/home/mk/dev_ws/install/xarm_moveit_servo:/home/mk/dev_ws/install/xarm_moveit_config:/home/mk/dev_ws/install/xarm_gazebo:/home/mk/dev_ws/install/xarm_controller:/home/mk/dev_ws/install/xarm_api:/home/mk/dev_ws/install/xarm_sdk:/home/mk/dev_ws/install/rviz_robot_control_panel:/home/mk/dev_ws/install/xarm_msgs:/home/mk/dev_ws/install/xarm_description:/home/mk/dev_ws/install/whisper_bringup:/home/mk/dev_ws/install/whisper_server:/home/mk/dev_ws/install/transcript_manager:/home/mk/dev_ws/install/whisper_util:/home/mk/dev_ws/install/whisper_idl:/home/mk/dev_ws/install/realsense_gazebo_plugin:/home/mk/dev_ws/install/my_3d_vision_bringup:/home/mk/dev_ws/install/mbot_demo:/home/mk/dev_ws/install/yolo_object_detector:/home/mk/dev_ws/install/move_to_coordinator:/home/mk/dev_ws/install/motion_sequence:/home/mk/dev_ws/install/whisper_demos:/home/mk/dev_ws/install/voice_command_listener:/home/mk/dev_ws/install/uf_ros_lib:/home/mk/dev_ws/install/rviz_servo_status_overlay:/home/mk/dev_ws/install/rviz_marker_static_scene_objects:/home/mk/dev_ws/install/robot_motion_handler_movegroup:/home/mk/dev_ws/install/gaze_control:/home/mk/dev_ws/install/collision_check:/home/mk/dev_ws/install/audio_listener:/opt/ros/humble LD_LIBRARY_PATH=/home/mk/dev_ws/install/whisper_cpp_vendor/lib:/usr/local/cuda-12.1/lib64:/home/mk/dev_ws/install/zed_components/lib:/home/mk/dev_ws/install/zed_interfaces/lib:/home/mk/dev_ws/install/xarm_planner/lib:/home/mk/dev_ws/install/xarm_moveit_servo/lib:/home/mk/dev_ws/install/xarm_gazebo/lib:/home/mk/dev_ws/install/xarm_controller/lib:/home/mk/dev_ws/install/xarm_api/lib:/home/mk/dev_ws/install/xarm_sdk/lib:/home/mk/dev_ws/install/rviz_robot_control_panel/lib:/home/mk/dev_ws/install/xarm_msgs/lib:/home/mk/dev_ws/install/whisper_server/lib:/home/mk/dev_ws/install/transcript_manager/lib:/home/mk/dev_ws/install/whisper_util/lib:/home/mk/dev_ws/install/whisper_idl/lib:/home/mk/dev_ws/install/realsense_gazebo_plugin/lib:/home/mk/dev_ws/install/my_3d_vision_bringup/lib:/usr/lib/x86_64-linux-gnu/gazebo-11/plugins:/opt/ros/humble/opt/rviz_ogre_vendor/lib:/opt/ros/humble/lib/x86_64-linux-gnu:/opt/ros/humble/lib /usr/bin/cmake --build /home/mk/dev_ws/build/whisper_util -- -j20 -l20
[2.462s] DEBUG:colcon.colcon_core.event_handler.log_command:Invoking command in '/home/mk/dev_ws/build/whisper_util': CMAKE_PREFIX_PATH=/home/mk/dev_ws/install/whisper_cpp_vendor:/home/mk/dev_ws/install/zed_ros2:/home/mk/dev_ws/install/zed_wrapper:/home/mk/dev_ws/install/zed_components:/home/mk/dev_ws/install/zed_interfaces:/home/mk/dev_ws/install/xarm_planner:/home/mk/dev_ws/install/xarm_moveit_servo:/home/mk/dev_ws/install/xarm_moveit_config:/home/mk/dev_ws/install/xarm_gazebo:/home/mk/dev_ws/install/xarm_controller:/home/mk/dev_ws/install/xarm_api:/home/mk/dev_ws/install/xarm_sdk:/home/mk/dev_ws/install/rviz_robot_control_panel:/home/mk/dev_ws/install/xarm_msgs:/home/mk/dev_ws/install/xarm_description:/home/mk/dev_ws/install/whisper_bringup:/home/mk/dev_ws/install/whisper_server:/home/mk/dev_ws/install/transcript_manager:/home/mk/dev_ws/install/whisper_util:/home/mk/dev_ws/install/whisper_idl:/home/mk/dev_ws/install/realsense_gazebo_plugin:/home/mk/dev_ws/install/my_3d_vision_bringup:/home/mk/dev_ws/install/mbot_demo:/home/mk/dev_ws/install/yolo_object_detector:/home/mk/dev_ws/install/move_to_coordinator:/home/mk/dev_ws/install/motion_sequence:/home/mk/dev_ws/install/whisper_demos:/home/mk/dev_ws/install/voice_command_listener:/home/mk/dev_ws/install/uf_ros_lib:/home/mk/dev_ws/install/rviz_servo_status_overlay:/home/mk/dev_ws/install/rviz_marker_static_scene_objects:/home/mk/dev_ws/install/robot_motion_handler_movegroup:/home/mk/dev_ws/install/gaze_control:/home/mk/dev_ws/install/collision_check:/home/mk/dev_ws/install/audio_listener:/opt/ros/humble LD_LIBRARY_PATH=/home/mk/dev_ws/install/whisper_cpp_vendor/lib:/usr/local/cuda-12.1/lib64:/home/mk/dev_ws/install/zed_components/lib:/home/mk/dev_ws/install/zed_interfaces/lib:/home/mk/dev_ws/install/xarm_planner/lib:/home/mk/dev_ws/install/xarm_moveit_servo/lib:/home/mk/dev_ws/install/xarm_gazebo/lib:/home/mk/dev_ws/install/xarm_controller/lib:/home/mk/dev_ws/install/xarm_api/lib:/home/mk/dev_ws/install/xarm_sdk/lib:/home/mk/dev_ws/install/rviz_robot_control_panel/lib:/home/mk/dev_ws/install/xarm_msgs/lib:/home/mk/dev_ws/install/whisper_server/lib:/home/mk/dev_ws/install/transcript_manager/lib:/home/mk/dev_ws/install/whisper_util/lib:/home/mk/dev_ws/install/whisper_idl/lib:/home/mk/dev_ws/install/realsense_gazebo_plugin/lib:/home/mk/dev_ws/install/my_3d_vision_bringup/lib:/usr/lib/x86_64-linux-gnu/gazebo-11/plugins:/opt/ros/humble/opt/rviz_ogre_vendor/lib:/opt/ros/humble/lib/x86_64-linux-gnu:/opt/ros/humble/lib /usr/bin/cmake --install /home/mk/dev_ws/build/whisper_util
[2.470s] DEBUG:colcon.colcon_core.event_handler.log_command:Invoked command in '/home/mk/dev_ws/build/rviz_robot_control_panel' returned '0': CMAKE_PREFIX_PATH=/home/mk/dev_ws/install/xarm_msgs:/home/mk/dev_ws/install/zed_ros2:/home/mk/dev_ws/install/zed_wrapper:/home/mk/dev_ws/install/zed_components:/home/mk/dev_ws/install/zed_interfaces:/home/mk/dev_ws/install/xarm_planner:/home/mk/dev_ws/install/xarm_moveit_servo:/home/mk/dev_ws/install/xarm_moveit_config:/home/mk/dev_ws/install/xarm_gazebo:/home/mk/dev_ws/install/xarm_controller:/home/mk/dev_ws/install/xarm_api:/home/mk/dev_ws/install/xarm_sdk:/home/mk/dev_ws/install/rviz_robot_control_panel:/home/mk/dev_ws/install/xarm_description:/home/mk/dev_ws/install/whisper_bringup:/home/mk/dev_ws/install/whisper_server:/home/mk/dev_ws/install/transcript_manager:/home/mk/dev_ws/install/whisper_util:/home/mk/dev_ws/install/whisper_idl:/home/mk/dev_ws/install/whisper_cpp_vendor:/home/mk/dev_ws/install/realsense_gazebo_plugin:/home/mk/dev_ws/install/my_3d_vision_bringup:/home/mk/dev_ws/install/mbot_demo:/home/mk/dev_ws/install/yolo_object_detector:/home/mk/dev_ws/install/move_to_coordinator:/home/mk/dev_ws/install/motion_sequence:/home/mk/dev_ws/install/whisper_demos:/home/mk/dev_ws/install/voice_command_listener:/home/mk/dev_ws/install/uf_ros_lib:/home/mk/dev_ws/install/rviz_servo_status_overlay:/home/mk/dev_ws/install/rviz_marker_static_scene_objects:/home/mk/dev_ws/install/robot_motion_handler_movegroup:/home/mk/dev_ws/install/gaze_control:/home/mk/dev_ws/install/collision_check:/home/mk/dev_ws/install/audio_listener:/opt/ros/humble LD_LIBRARY_PATH=/home/mk/dev_ws/install/xarm_msgs/lib:/usr/local/cuda-12.1/lib64:/home/mk/dev_ws/install/zed_components/lib:/home/mk/dev_ws/install/zed_interfaces/lib:/home/mk/dev_ws/install/xarm_planner/lib:/home/mk/dev_ws/install/xarm_moveit_servo/lib:/home/mk/dev_ws/install/xarm_gazebo/lib:/home/mk/dev_ws/install/xarm_controller/lib:/home/mk/dev_ws/install/xarm_api/lib:/home/mk/dev_ws/install/xarm_sdk/lib:/home/mk/dev_ws/install/rviz_robot_control_panel/lib:/home/mk/dev_ws/install/whisper_server/lib:/home/mk/dev_ws/install/transcript_manager/lib:/home/mk/dev_ws/install/whisper_util/lib:/home/mk/dev_ws/install/whisper_idl/lib:/home/mk/dev_ws/install/whisper_cpp_vendor/lib:/home/mk/dev_ws/install/realsense_gazebo_plugin/lib:/home/mk/dev_ws/install/my_3d_vision_bringup/lib:/usr/lib/x86_64-linux-gnu/gazebo-11/plugins:/opt/ros/humble/opt/rviz_ogre_vendor/lib:/opt/ros/humble/lib/x86_64-linux-gnu:/opt/ros/humble/lib /usr/bin/cmake --build /home/mk/dev_ws/build/rviz_robot_control_panel -- -j20 -l20
[2.471s] DEBUG:colcon.colcon_core.event_handler.log_command:Invoking command in '/home/mk/dev_ws/build/rviz_robot_control_panel': CMAKE_PREFIX_PATH=/home/mk/dev_ws/install/xarm_msgs:/home/mk/dev_ws/install/zed_ros2:/home/mk/dev_ws/install/zed_wrapper:/home/mk/dev_ws/install/zed_components:/home/mk/dev_ws/install/zed_interfaces:/home/mk/dev_ws/install/xarm_planner:/home/mk/dev_ws/install/xarm_moveit_servo:/home/mk/dev_ws/install/xarm_moveit_config:/home/mk/dev_ws/install/xarm_gazebo:/home/mk/dev_ws/install/xarm_controller:/home/mk/dev_ws/install/xarm_api:/home/mk/dev_ws/install/xarm_sdk:/home/mk/dev_ws/install/rviz_robot_control_panel:/home/mk/dev_ws/install/xarm_description:/home/mk/dev_ws/install/whisper_bringup:/home/mk/dev_ws/install/whisper_server:/home/mk/dev_ws/install/transcript_manager:/home/mk/dev_ws/install/whisper_util:/home/mk/dev_ws/install/whisper_idl:/home/mk/dev_ws/install/whisper_cpp_vendor:/home/mk/dev_ws/install/realsense_gazebo_plugin:/home/mk/dev_ws/install/my_3d_vision_bringup:/home/mk/dev_ws/install/mbot_demo:/home/mk/dev_ws/install/yolo_object_detector:/home/mk/dev_ws/install/move_to_coordinator:/home/mk/dev_ws/install/motion_sequence:/home/mk/dev_ws/install/whisper_demos:/home/mk/dev_ws/install/voice_command_listener:/home/mk/dev_ws/install/uf_ros_lib:/home/mk/dev_ws/install/rviz_servo_status_overlay:/home/mk/dev_ws/install/rviz_marker_static_scene_objects:/home/mk/dev_ws/install/robot_motion_handler_movegroup:/home/mk/dev_ws/install/gaze_control:/home/mk/dev_ws/install/collision_check:/home/mk/dev_ws/install/audio_listener:/opt/ros/humble LD_LIBRARY_PATH=/home/mk/dev_ws/install/xarm_msgs/lib:/usr/local/cuda-12.1/lib64:/home/mk/dev_ws/install/zed_components/lib:/home/mk/dev_ws/install/zed_interfaces/lib:/home/mk/dev_ws/install/xarm_planner/lib:/home/mk/dev_ws/install/xarm_moveit_servo/lib:/home/mk/dev_ws/install/xarm_gazebo/lib:/home/mk/dev_ws/install/xarm_controller/lib:/home/mk/dev_ws/install/xarm_api/lib:/home/mk/dev_ws/install/xarm_sdk/lib:/home/mk/dev_ws/install/rviz_robot_control_panel/lib:/home/mk/dev_ws/install/whisper_server/lib:/home/mk/dev_ws/install/transcript_manager/lib:/home/mk/dev_ws/install/whisper_util/lib:/home/mk/dev_ws/install/whisper_idl/lib:/home/mk/dev_ws/install/whisper_cpp_vendor/lib:/home/mk/dev_ws/install/realsense_gazebo_plugin/lib:/home/mk/dev_ws/install/my_3d_vision_bringup/lib:/usr/lib/x86_64-linux-gnu/gazebo-11/plugins:/opt/ros/humble/opt/rviz_ogre_vendor/lib:/opt/ros/humble/lib/x86_64-linux-gnu:/opt/ros/humble/lib /usr/bin/cmake --install /home/mk/dev_ws/build/rviz_robot_control_panel
[2.477s] Level 1:colcon.colcon_core.environment:create_environment_scripts_only(zed_components)
[2.477s] Level 1:colcon.colcon_core.environment:checking '/home/mk/dev_ws/install/zed_components' for CMake module files
[2.478s] DEBUG:colcon.colcon_core.event_handler.log_command:Invoked command in '/home/mk/dev_ws/build/zed_components' returned '0': CMAKE_PREFIX_PATH=/home/mk/dev_ws/install/zed_interfaces:/home/mk/dev_ws/install/zed_ros2:/home/mk/dev_ws/install/zed_wrapper:/home/mk/dev_ws/install/zed_components:/home/mk/dev_ws/install/xarm_planner:/home/mk/dev_ws/install/xarm_moveit_servo:/home/mk/dev_ws/install/xarm_moveit_config:/home/mk/dev_ws/install/xarm_gazebo:/home/mk/dev_ws/install/xarm_controller:/home/mk/dev_ws/install/xarm_api:/home/mk/dev_ws/install/xarm_sdk:/home/mk/dev_ws/install/rviz_robot_control_panel:/home/mk/dev_ws/install/xarm_msgs:/home/mk/dev_ws/install/xarm_description:/home/mk/dev_ws/install/whisper_bringup:/home/mk/dev_ws/install/whisper_server:/home/mk/dev_ws/install/transcript_manager:/home/mk/dev_ws/install/whisper_util:/home/mk/dev_ws/install/whisper_idl:/home/mk/dev_ws/install/whisper_cpp_vendor:/home/mk/dev_ws/install/realsense_gazebo_plugin:/home/mk/dev_ws/install/my_3d_vision_bringup:/home/mk/dev_ws/install/mbot_demo:/home/mk/dev_ws/install/yolo_object_detector:/home/mk/dev_ws/install/move_to_coordinator:/home/mk/dev_ws/install/motion_sequence:/home/mk/dev_ws/install/whisper_demos:/home/mk/dev_ws/install/voice_command_listener:/home/mk/dev_ws/install/uf_ros_lib:/home/mk/dev_ws/install/rviz_servo_status_overlay:/home/mk/dev_ws/install/rviz_marker_static_scene_objects:/home/mk/dev_ws/install/robot_motion_handler_movegroup:/home/mk/dev_ws/install/gaze_control:/home/mk/dev_ws/install/collision_check:/home/mk/dev_ws/install/audio_listener:/opt/ros/humble LD_LIBRARY_PATH=/home/mk/dev_ws/install/zed_interfaces/lib:/usr/local/cuda-12.1/lib64:/home/mk/dev_ws/install/zed_components/lib:/home/mk/dev_ws/install/xarm_planner/lib:/home/mk/dev_ws/install/xarm_moveit_servo/lib:/home/mk/dev_ws/install/xarm_gazebo/lib:/home/mk/dev_ws/install/xarm_controller/lib:/home/mk/dev_ws/install/xarm_api/lib:/home/mk/dev_ws/install/xarm_sdk/lib:/home/mk/dev_ws/install/rviz_robot_control_panel/lib:/home/mk/dev_ws/install/xarm_msgs/lib:/home/mk/dev_ws/install/whisper_server/lib:/home/mk/dev_ws/install/transcript_manager/lib:/home/mk/dev_ws/install/whisper_util/lib:/home/mk/dev_ws/install/whisper_idl/lib:/home/mk/dev_ws/install/whisper_cpp_vendor/lib:/home/mk/dev_ws/install/realsense_gazebo_plugin/lib:/home/mk/dev_ws/install/my_3d_vision_bringup/lib:/usr/lib/x86_64-linux-gnu/gazebo-11/plugins:/opt/ros/humble/opt/rviz_ogre_vendor/lib:/opt/ros/humble/lib/x86_64-linux-gnu:/opt/ros/humble/lib /usr/bin/cmake --install /home/mk/dev_ws/build/zed_components
[2.479s] Level 1:colcon.colcon_core.environment:checking '/home/mk/dev_ws/install/zed_components' for CMake config files
[2.479s] Level 1:colcon.colcon_core.shell:create_environment_hook('zed_components', 'cmake_prefix_path')
[2.479s] INFO:colcon.colcon_core.shell:Creating environment hook '/home/mk/dev_ws/install/zed_components/share/zed_components/hook/cmake_prefix_path.ps1'
[2.480s] INFO:colcon.colcon_core.shell:Creating environment descriptor '/home/mk/dev_ws/install/zed_components/share/zed_components/hook/cmake_prefix_path.dsv'
[2.481s] INFO:colcon.colcon_core.shell:Creating environment hook '/home/mk/dev_ws/install/zed_components/share/zed_components/hook/cmake_prefix_path.sh'
[2.481s] Level 1:colcon.colcon_core.environment:checking '/home/mk/dev_ws/install/zed_components/lib'
[2.481s] Level 1:colcon.colcon_core.shell:create_environment_hook('zed_components', 'ld_library_path_lib')
[2.482s] INFO:colcon.colcon_core.shell:Creating environment hook '/home/mk/dev_ws/install/zed_components/share/zed_components/hook/ld_library_path_lib.ps1'
[2.482s] INFO:colcon.colcon_core.shell:Creating environment descriptor '/home/mk/dev_ws/install/zed_components/share/zed_components/hook/ld_library_path_lib.dsv'
[2.482s] INFO:colcon.colcon_core.shell:Creating environment hook '/home/mk/dev_ws/install/zed_components/share/zed_components/hook/ld_library_path_lib.sh'
[2.483s] Level 1:colcon.colcon_core.environment:checking '/home/mk/dev_ws/install/zed_components/bin'
[2.483s] Level 1:colcon.colcon_core.environment:checking '/home/mk/dev_ws/install/zed_components/lib/pkgconfig/zed_components.pc'
[2.483s] Level 1:colcon.colcon_core.environment:checking '/home/mk/dev_ws/install/zed_components/lib/python3.10/site-packages'
[2.483s] Level 1:colcon.colcon_core.environment:checking '/home/mk/dev_ws/install/zed_components/bin'
[2.483s] INFO:colcon.colcon_core.shell:Creating package script '/home/mk/dev_ws/install/zed_components/share/zed_components/package.ps1'
[2.484s] INFO:colcon.colcon_core.shell:Creating package descriptor '/home/mk/dev_ws/install/zed_components/share/zed_components/package.dsv'
[2.485s] INFO:colcon.colcon_core.shell:Creating package script '/home/mk/dev_ws/install/zed_components/share/zed_components/package.sh'
[2.485s] INFO:colcon.colcon_core.shell:Creating package script '/home/mk/dev_ws/install/zed_components/share/zed_components/package.bash'
[2.486s] INFO:colcon.colcon_core.shell:Creating package script '/home/mk/dev_ws/install/zed_components/share/zed_components/package.zsh'
[2.486s] Level 1:colcon.colcon_core.environment:create_file_with_runtime_dependencies(/home/mk/dev_ws/install/zed_components/share/colcon-core/packages/zed_components)
[2.486s] Level 1:colcon.colcon_core.environment:create_environment_scripts_only(zed_components)
[2.487s] Level 1:colcon.colcon_core.environment:checking '/home/mk/dev_ws/install/zed_components' for CMake module files
[2.487s] Level 1:colcon.colcon_core.environment:checking '/home/mk/dev_ws/install/zed_components' for CMake config files
[2.487s] Level 1:colcon.colcon_core.shell:create_environment_hook('zed_components', 'cmake_prefix_path')
[2.487s] INFO:colcon.colcon_core.shell:Creating environment hook '/home/mk/dev_ws/install/zed_components/share/zed_components/hook/cmake_prefix_path.ps1'
[2.488s] INFO:colcon.colcon_core.shell:Creating environment descriptor '/home/mk/dev_ws/install/zed_components/share/zed_components/hook/cmake_prefix_path.dsv'
[2.488s] INFO:colcon.colcon_core.shell:Creating environment hook '/home/mk/dev_ws/install/zed_components/share/zed_components/hook/cmake_prefix_path.sh'
[2.488s] Level 1:colcon.colcon_core.environment:checking '/home/mk/dev_ws/install/zed_components/lib'
[2.488s] Level 1:colcon.colcon_core.shell:create_environment_hook('zed_components', 'ld_library_path_lib')
[2.489s] INFO:colcon.colcon_core.shell:Creating environment hook '/home/mk/dev_ws/install/zed_components/share/zed_components/hook/ld_library_path_lib.ps1'
[2.489s] INFO:colcon.colcon_core.shell:Creating environment descriptor '/home/mk/dev_ws/install/zed_components/share/zed_components/hook/ld_library_path_lib.dsv'
[2.489s] INFO:colcon.colcon_core.shell:Creating environment hook '/home/mk/dev_ws/install/zed_components/share/zed_components/hook/ld_library_path_lib.sh'
[2.489s] Level 1:colcon.colcon_core.environment:checking '/home/mk/dev_ws/install/zed_components/bin'
[2.490s] Level 1:colcon.colcon_core.environment:checking '/home/mk/dev_ws/install/zed_components/lib/pkgconfig/zed_components.pc'
[2.490s] Level 1:colcon.colcon_core.environment:checking '/home/mk/dev_ws/install/zed_components/lib/python3.10/site-packages'
[2.490s] Level 1:colcon.colcon_core.environment:checking '/home/mk/dev_ws/install/zed_components/bin'
[2.490s] INFO:colcon.colcon_core.shell:Creating package script '/home/mk/dev_ws/install/zed_components/share/zed_components/package.ps1'
[2.491s] INFO:colcon.colcon_core.shell:Creating package descriptor '/home/mk/dev_ws/install/zed_components/share/zed_components/package.dsv'
[2.491s] INFO:colcon.colcon_core.shell:Creating package script '/home/mk/dev_ws/install/zed_components/share/zed_components/package.sh'
[2.492s] INFO:colcon.colcon_core.shell:Creating package script '/home/mk/dev_ws/install/zed_components/share/zed_components/package.bash'
[2.492s] INFO:colcon.colcon_core.shell:Creating package script '/home/mk/dev_ws/install/zed_components/share/zed_components/package.zsh'
[2.492s] Level 1:colcon.colcon_core.environment:create_file_with_runtime_dependencies(/home/mk/dev_ws/install/zed_components/share/colcon-core/packages/zed_components)
[2.492s] Level 1:colcon.colcon_core.environment:create_environment_scripts_only(xarm_api)
[2.493s] Level 1:colcon.colcon_core.environment:checking '/home/mk/dev_ws/install/xarm_api' for CMake module files
[2.494s] DEBUG:colcon.colcon_core.event_handler.log_command:Invoked command in '/home/mk/dev_ws/build/xarm_api' returned '0': CMAKE_PREFIX_PATH=/home/mk/dev_ws/install/xarm_sdk:/home/mk/dev_ws/install/xarm_msgs:/home/mk/dev_ws/install/xarm_description:/home/mk/dev_ws/install/zed_ros2:/home/mk/dev_ws/install/zed_wrapper:/home/mk/dev_ws/install/zed_components:/home/mk/dev_ws/install/zed_interfaces:/home/mk/dev_ws/install/xarm_planner:/home/mk/dev_ws/install/xarm_moveit_servo:/home/mk/dev_ws/install/xarm_moveit_config:/home/mk/dev_ws/install/xarm_gazebo:/home/mk/dev_ws/install/xarm_controller:/home/mk/dev_ws/install/xarm_api:/home/mk/dev_ws/install/rviz_robot_control_panel:/home/mk/dev_ws/install/whisper_bringup:/home/mk/dev_ws/install/whisper_server:/home/mk/dev_ws/install/transcript_manager:/home/mk/dev_ws/install/whisper_util:/home/mk/dev_ws/install/whisper_idl:/home/mk/dev_ws/install/whisper_cpp_vendor:/home/mk/dev_ws/install/realsense_gazebo_plugin:/home/mk/dev_ws/install/my_3d_vision_bringup:/home/mk/dev_ws/install/mbot_demo:/home/mk/dev_ws/install/yolo_object_detector:/home/mk/dev_ws/install/move_to_coordinator:/home/mk/dev_ws/install/motion_sequence:/home/mk/dev_ws/install/whisper_demos:/home/mk/dev_ws/install/voice_command_listener:/home/mk/dev_ws/install/uf_ros_lib:/home/mk/dev_ws/install/rviz_servo_status_overlay:/home/mk/dev_ws/install/rviz_marker_static_scene_objects:/home/mk/dev_ws/install/robot_motion_handler_movegroup:/home/mk/dev_ws/install/gaze_control:/home/mk/dev_ws/install/collision_check:/home/mk/dev_ws/install/audio_listener:/opt/ros/humble LD_LIBRARY_PATH=/home/mk/dev_ws/install/xarm_sdk/lib:/home/mk/dev_ws/install/xarm_msgs/lib:/usr/local/cuda-12.1/lib64:/home/mk/dev_ws/install/zed_components/lib:/home/mk/dev_ws/install/zed_interfaces/lib:/home/mk/dev_ws/install/xarm_planner/lib:/home/mk/dev_ws/install/xarm_moveit_servo/lib:/home/mk/dev_ws/install/xarm_gazebo/lib:/home/mk/dev_ws/install/xarm_controller/lib:/home/mk/dev_ws/install/xarm_api/lib:/home/mk/dev_ws/install/rviz_robot_control_panel/lib:/home/mk/dev_ws/install/whisper_server/lib:/home/mk/dev_ws/install/transcript_manager/lib:/home/mk/dev_ws/install/whisper_util/lib:/home/mk/dev_ws/install/whisper_idl/lib:/home/mk/dev_ws/install/whisper_cpp_vendor/lib:/home/mk/dev_ws/install/realsense_gazebo_plugin/lib:/home/mk/dev_ws/install/my_3d_vision_bringup/lib:/usr/lib/x86_64-linux-gnu/gazebo-11/plugins:/opt/ros/humble/opt/rviz_ogre_vendor/lib:/opt/ros/humble/lib/x86_64-linux-gnu:/opt/ros/humble/lib /usr/bin/cmake --install /home/mk/dev_ws/build/xarm_api
[2.494s] Level 1:colcon.colcon_core.environment:checking '/home/mk/dev_ws/install/xarm_api' for CMake config files
[2.494s] Level 1:colcon.colcon_core.shell:create_environment_hook('xarm_api', 'cmake_prefix_path')
[2.494s] INFO:colcon.colcon_core.shell:Creating environment hook '/home/mk/dev_ws/install/xarm_api/share/xarm_api/hook/cmake_prefix_path.ps1'
[2.495s] INFO:colcon.colcon_core.shell:Creating environment descriptor '/home/mk/dev_ws/install/xarm_api/share/xarm_api/hook/cmake_prefix_path.dsv'
[2.495s] INFO:colcon.colcon_core.shell:Creating environment hook '/home/mk/dev_ws/install/xarm_api/share/xarm_api/hook/cmake_prefix_path.sh'
[2.495s] Level 1:colcon.colcon_core.environment:checking '/home/mk/dev_ws/install/xarm_api/lib'
[2.495s] Level 1:colcon.colcon_core.shell:create_environment_hook('xarm_api', 'ld_library_path_lib')
[2.496s] INFO:colcon.colcon_core.shell:Creating environment hook '/home/mk/dev_ws/install/xarm_api/share/xarm_api/hook/ld_library_path_lib.ps1'
[2.496s] INFO:colcon.colcon_core.shell:Creating environment descriptor '/home/mk/dev_ws/install/xarm_api/share/xarm_api/hook/ld_library_path_lib.dsv'
[2.496s] INFO:colcon.colcon_core.shell:Creating environment hook '/home/mk/dev_ws/install/xarm_api/share/xarm_api/hook/ld_library_path_lib.sh'
[2.497s] Level 1:colcon.colcon_core.environment:checking '/home/mk/dev_ws/install/xarm_api/bin'
[2.497s] Level 1:colcon.colcon_core.environment:checking '/home/mk/dev_ws/install/xarm_api/lib/pkgconfig/xarm_api.pc'
[2.497s] Level 1:colcon.colcon_core.environment:checking '/home/mk/dev_ws/install/xarm_api/lib/python3.10/site-packages'
[2.497s] Level 1:colcon.colcon_core.environment:checking '/home/mk/dev_ws/install/xarm_api/bin'
[2.498s] INFO:colcon.colcon_core.shell:Creating package script '/home/mk/dev_ws/install/xarm_api/share/xarm_api/package.ps1'
[2.498s] INFO:colcon.colcon_core.shell:Creating package descriptor '/home/mk/dev_ws/install/xarm_api/share/xarm_api/package.dsv'
[2.499s] INFO:colcon.colcon_core.shell:Creating package script '/home/mk/dev_ws/install/xarm_api/share/xarm_api/package.sh'
[2.499s] INFO:colcon.colcon_core.shell:Creating package script '/home/mk/dev_ws/install/xarm_api/share/xarm_api/package.bash'
[2.500s] INFO:colcon.colcon_core.shell:Creating package script '/home/mk/dev_ws/install/xarm_api/share/xarm_api/package.zsh'
[2.500s] Level 1:colcon.colcon_core.environment:create_file_with_runtime_dependencies(/home/mk/dev_ws/install/xarm_api/share/colcon-core/packages/xarm_api)
[2.501s] Level 1:colcon.colcon_core.environment:create_environment_scripts_only(xarm_api)
[2.501s] Level 1:colcon.colcon_core.environment:checking '/home/mk/dev_ws/install/xarm_api' for CMake module files
[2.502s] Level 1:colcon.colcon_core.environment:checking '/home/mk/dev_ws/install/xarm_api' for CMake config files
[2.502s] Level 1:colcon.colcon_core.shell:create_environment_hook('xarm_api', 'cmake_prefix_path')
[2.502s] INFO:colcon.colcon_core.shell:Creating environment hook '/home/mk/dev_ws/install/xarm_api/share/xarm_api/hook/cmake_prefix_path.ps1'
[2.503s] INFO:colcon.colcon_core.shell:Creating environment descriptor '/home/mk/dev_ws/install/xarm_api/share/xarm_api/hook/cmake_prefix_path.dsv'
[2.503s] INFO:colcon.colcon_core.shell:Creating environment hook '/home/mk/dev_ws/install/xarm_api/share/xarm_api/hook/cmake_prefix_path.sh'
[2.504s] Level 1:colcon.colcon_core.environment:checking '/home/mk/dev_ws/install/xarm_api/lib'
[2.504s] Level 1:colcon.colcon_core.shell:create_environment_hook('xarm_api', 'ld_library_path_lib')
[2.504s] INFO:colcon.colcon_core.shell:Creating environment hook '/home/mk/dev_ws/install/xarm_api/share/xarm_api/hook/ld_library_path_lib.ps1'
[2.505s] INFO:colcon.colcon_core.shell:Creating environment descriptor '/home/mk/dev_ws/install/xarm_api/share/xarm_api/hook/ld_library_path_lib.dsv'
[2.505s] INFO:colcon.colcon_core.shell:Creating environment hook '/home/mk/dev_ws/install/xarm_api/share/xarm_api/hook/ld_library_path_lib.sh'
[2.506s] Level 1:colcon.colcon_core.environment:checking '/home/mk/dev_ws/install/xarm_api/bin'
[2.506s] Level 1:colcon.colcon_core.environment:checking '/home/mk/dev_ws/install/xarm_api/lib/pkgconfig/xarm_api.pc'
[2.506s] Level 1:colcon.colcon_core.environment:checking '/home/mk/dev_ws/install/xarm_api/lib/python3.10/site-packages'
[2.506s] Level 1:colcon.colcon_core.environment:checking '/home/mk/dev_ws/install/xarm_api/bin'
[2.507s] INFO:colcon.colcon_core.shell:Creating package script '/home/mk/dev_ws/install/xarm_api/share/xarm_api/package.ps1'
[2.508s] INFO:colcon.colcon_core.shell:Creating package descriptor '/home/mk/dev_ws/install/xarm_api/share/xarm_api/package.dsv'
[2.508s] INFO:colcon.colcon_core.shell:Creating package script '/home/mk/dev_ws/install/xarm_api/share/xarm_api/package.sh'
[2.508s] INFO:colcon.colcon_core.shell:Creating package script '/home/mk/dev_ws/install/xarm_api/share/xarm_api/package.bash'
[2.509s] INFO:colcon.colcon_core.shell:Creating package script '/home/mk/dev_ws/install/xarm_api/share/xarm_api/package.zsh'
[2.509s] Level 1:colcon.colcon_core.environment:create_file_with_runtime_dependencies(/home/mk/dev_ws/install/xarm_api/share/colcon-core/packages/xarm_api)
[2.510s] INFO:colcon.colcon_ros.task.ament_cmake.build:Building ROS package in '/home/mk/dev_ws/src/xarm_ros2/xarm_controller' with build type 'ament_cmake'
[2.510s] INFO:colcon.colcon_cmake.task.cmake.build:Building CMake package in '/home/mk/dev_ws/src/xarm_ros2/xarm_controller'
[2.511s] INFO:colcon.colcon_core.shell:Skip shell extension 'powershell' for command environment: Not usable outside of PowerShell
[2.511s] DEBUG:colcon.colcon_core.shell:Skip shell extension 'dsv' for command environment
[2.515s] INFO:colcon.colcon_ros.task.ament_cmake.build:Building ROS package in '/home/mk/dev_ws/src/zed-ros2-wrapper/zed_wrapper' with build type 'ament_cmake'
[2.515s] INFO:colcon.colcon_cmake.task.cmake.build:Building CMake package in '/home/mk/dev_ws/src/zed-ros2-wrapper/zed_wrapper'
[2.516s] INFO:colcon.colcon_core.shell:Skip shell extension 'powershell' for command environment: Not usable outside of PowerShell
[2.516s] DEBUG:colcon.colcon_core.shell:Skip shell extension 'dsv' for command environment
[2.522s] Level 1:colcon.colcon_core.environment:create_environment_scripts_only(whisper_util)
[2.523s] Level 1:colcon.colcon_core.environment:checking '/home/mk/dev_ws/install/whisper_util' for CMake module files
[2.523s] DEBUG:colcon.colcon_core.event_handler.log_command:Invoked command in '/home/mk/dev_ws/build/whisper_util' returned '0': CMAKE_PREFIX_PATH=/home/mk/dev_ws/install/whisper_cpp_vendor:/home/mk/dev_ws/install/zed_ros2:/home/mk/dev_ws/install/zed_wrapper:/home/mk/dev_ws/install/zed_components:/home/mk/dev_ws/install/zed_interfaces:/home/mk/dev_ws/install/xarm_planner:/home/mk/dev_ws/install/xarm_moveit_servo:/home/mk/dev_ws/install/xarm_moveit_config:/home/mk/dev_ws/install/xarm_gazebo:/home/mk/dev_ws/install/xarm_controller:/home/mk/dev_ws/install/xarm_api:/home/mk/dev_ws/install/xarm_sdk:/home/mk/dev_ws/install/rviz_robot_control_panel:/home/mk/dev_ws/install/xarm_msgs:/home/mk/dev_ws/install/xarm_description:/home/mk/dev_ws/install/whisper_bringup:/home/mk/dev_ws/install/whisper_server:/home/mk/dev_ws/install/transcript_manager:/home/mk/dev_ws/install/whisper_util:/home/mk/dev_ws/install/whisper_idl:/home/mk/dev_ws/install/realsense_gazebo_plugin:/home/mk/dev_ws/install/my_3d_vision_bringup:/home/mk/dev_ws/install/mbot_demo:/home/mk/dev_ws/install/yolo_object_detector:/home/mk/dev_ws/install/move_to_coordinator:/home/mk/dev_ws/install/motion_sequence:/home/mk/dev_ws/install/whisper_demos:/home/mk/dev_ws/install/voice_command_listener:/home/mk/dev_ws/install/uf_ros_lib:/home/mk/dev_ws/install/rviz_servo_status_overlay:/home/mk/dev_ws/install/rviz_marker_static_scene_objects:/home/mk/dev_ws/install/robot_motion_handler_movegroup:/home/mk/dev_ws/install/gaze_control:/home/mk/dev_ws/install/collision_check:/home/mk/dev_ws/install/audio_listener:/opt/ros/humble LD_LIBRARY_PATH=/home/mk/dev_ws/install/whisper_cpp_vendor/lib:/usr/local/cuda-12.1/lib64:/home/mk/dev_ws/install/zed_components/lib:/home/mk/dev_ws/install/zed_interfaces/lib:/home/mk/dev_ws/install/xarm_planner/lib:/home/mk/dev_ws/install/xarm_moveit_servo/lib:/home/mk/dev_ws/install/xarm_gazebo/lib:/home/mk/dev_ws/install/xarm_controller/lib:/home/mk/dev_ws/install/xarm_api/lib:/home/mk/dev_ws/install/xarm_sdk/lib:/home/mk/dev_ws/install/rviz_robot_control_panel/lib:/home/mk/dev_ws/install/xarm_msgs/lib:/home/mk/dev_ws/install/whisper_server/lib:/home/mk/dev_ws/install/transcript_manager/lib:/home/mk/dev_ws/install/whisper_util/lib:/home/mk/dev_ws/install/whisper_idl/lib:/home/mk/dev_ws/install/realsense_gazebo_plugin/lib:/home/mk/dev_ws/install/my_3d_vision_bringup/lib:/usr/lib/x86_64-linux-gnu/gazebo-11/plugins:/opt/ros/humble/opt/rviz_ogre_vendor/lib:/opt/ros/humble/lib/x86_64-linux-gnu:/opt/ros/humble/lib /usr/bin/cmake --install /home/mk/dev_ws/build/whisper_util
[2.523s] Level 1:colcon.colcon_core.environment:checking '/home/mk/dev_ws/install/whisper_util' for CMake config files
[2.524s] Level 1:colcon.colcon_core.shell:create_environment_hook('whisper_util', 'cmake_prefix_path')
[2.524s] INFO:colcon.colcon_core.shell:Creating environment hook '/home/mk/dev_ws/install/whisper_util/share/whisper_util/hook/cmake_prefix_path.ps1'
[2.525s] INFO:colcon.colcon_core.shell:Creating environment descriptor '/home/mk/dev_ws/install/whisper_util/share/whisper_util/hook/cmake_prefix_path.dsv'
[2.525s] INFO:colcon.colcon_core.shell:Creating environment hook '/home/mk/dev_ws/install/whisper_util/share/whisper_util/hook/cmake_prefix_path.sh'
[2.526s] Level 1:colcon.colcon_core.environment:checking '/home/mk/dev_ws/install/whisper_util/lib'
[2.526s] Level 1:colcon.colcon_core.shell:create_environment_hook('whisper_util', 'ld_library_path_lib')
[2.526s] INFO:colcon.colcon_core.shell:Creating environment hook '/home/mk/dev_ws/install/whisper_util/share/whisper_util/hook/ld_library_path_lib.ps1'
[2.526s] INFO:colcon.colcon_core.shell:Creating environment descriptor '/home/mk/dev_ws/install/whisper_util/share/whisper_util/hook/ld_library_path_lib.dsv'
[2.527s] INFO:colcon.colcon_core.shell:Creating environment hook '/home/mk/dev_ws/install/whisper_util/share/whisper_util/hook/ld_library_path_lib.sh'
[2.527s] Level 1:colcon.colcon_core.environment:checking '/home/mk/dev_ws/install/whisper_util/bin'
[2.527s] Level 1:colcon.colcon_core.environment:checking '/home/mk/dev_ws/install/whisper_util/lib/pkgconfig/whisper_util.pc'
[2.528s] Level 1:colcon.colcon_core.environment:checking '/home/mk/dev_ws/install/whisper_util/lib/python3.10/site-packages'
[2.528s] Level 1:colcon.colcon_core.environment:checking '/home/mk/dev_ws/install/whisper_util/bin'
[2.528s] INFO:colcon.colcon_core.shell:Creating package script '/home/mk/dev_ws/install/whisper_util/share/whisper_util/package.ps1'
[2.529s] INFO:colcon.colcon_core.shell:Creating package descriptor '/home/mk/dev_ws/install/whisper_util/share/whisper_util/package.dsv'
[2.529s] INFO:colcon.colcon_core.shell:Creating package script '/home/mk/dev_ws/install/whisper_util/share/whisper_util/package.sh'
[2.530s] INFO:colcon.colcon_core.shell:Creating package script '/home/mk/dev_ws/install/whisper_util/share/whisper_util/package.bash'
[2.530s] INFO:colcon.colcon_core.shell:Creating package script '/home/mk/dev_ws/install/whisper_util/share/whisper_util/package.zsh'
[2.531s] Level 1:colcon.colcon_core.environment:create_file_with_runtime_dependencies(/home/mk/dev_ws/install/whisper_util/share/colcon-core/packages/whisper_util)
[2.531s] Level 1:colcon.colcon_core.environment:create_environment_scripts_only(whisper_util)
[2.531s] Level 1:colcon.colcon_core.environment:checking '/home/mk/dev_ws/install/whisper_util' for CMake module files
[2.532s] Level 1:colcon.colcon_core.environment:checking '/home/mk/dev_ws/install/whisper_util' for CMake config files
[2.532s] Level 1:colcon.colcon_core.shell:create_environment_hook('whisper_util', 'cmake_prefix_path')
[2.532s] INFO:colcon.colcon_core.shell:Creating environment hook '/home/mk/dev_ws/install/whisper_util/share/whisper_util/hook/cmake_prefix_path.ps1'
[2.533s] INFO:colcon.colcon_core.shell:Creating environment descriptor '/home/mk/dev_ws/install/whisper_util/share/whisper_util/hook/cmake_prefix_path.dsv'
[2.533s] INFO:colcon.colcon_core.shell:Creating environment hook '/home/mk/dev_ws/install/whisper_util/share/whisper_util/hook/cmake_prefix_path.sh'
[2.534s] Level 1:colcon.colcon_core.environment:checking '/home/mk/dev_ws/install/whisper_util/lib'
[2.534s] Level 1:colcon.colcon_core.shell:create_environment_hook('whisper_util', 'ld_library_path_lib')
[2.534s] INFO:colcon.colcon_core.shell:Creating environment hook '/home/mk/dev_ws/install/whisper_util/share/whisper_util/hook/ld_library_path_lib.ps1'
[2.534s] INFO:colcon.colcon_core.shell:Creating environment descriptor '/home/mk/dev_ws/install/whisper_util/share/whisper_util/hook/ld_library_path_lib.dsv'
[2.535s] INFO:colcon.colcon_core.shell:Creating environment hook '/home/mk/dev_ws/install/whisper_util/share/whisper_util/hook/ld_library_path_lib.sh'
[2.535s] Level 1:colcon.colcon_core.environment:checking '/home/mk/dev_ws/install/whisper_util/bin'
[2.535s] Level 1:colcon.colcon_core.environment:checking '/home/mk/dev_ws/install/whisper_util/lib/pkgconfig/whisper_util.pc'
[2.536s] Level 1:colcon.colcon_core.environment:checking '/home/mk/dev_ws/install/whisper_util/lib/python3.10/site-packages'
[2.536s] Level 1:colcon.colcon_core.environment:checking '/home/mk/dev_ws/install/whisper_util/bin'
[2.536s] INFO:colcon.colcon_core.shell:Creating package script '/home/mk/dev_ws/install/whisper_util/share/whisper_util/package.ps1'
[2.537s] INFO:colcon.colcon_core.shell:Creating package descriptor '/home/mk/dev_ws/install/whisper_util/share/whisper_util/package.dsv'
[2.537s] INFO:colcon.colcon_core.shell:Creating package script '/home/mk/dev_ws/install/whisper_util/share/whisper_util/package.sh'
[2.538s] INFO:colcon.colcon_core.shell:Creating package script '/home/mk/dev_ws/install/whisper_util/share/whisper_util/package.bash'
[2.538s] INFO:colcon.colcon_core.shell:Creating package script '/home/mk/dev_ws/install/whisper_util/share/whisper_util/package.zsh'
[2.539s] Level 1:colcon.colcon_core.environment:create_file_with_runtime_dependencies(/home/mk/dev_ws/install/whisper_util/share/colcon-core/packages/whisper_util)
[2.539s] Level 1:colcon.colcon_core.environment:create_environment_scripts_only(rviz_robot_control_panel)
[2.539s] Level 1:colcon.colcon_core.environment:checking '/home/mk/dev_ws/install/rviz_robot_control_panel' for CMake module files
[2.540s] DEBUG:colcon.colcon_core.event_handler.log_command:Invoked command in '/home/mk/dev_ws/build/rviz_robot_control_panel' returned '0': CMAKE_PREFIX_PATH=/home/mk/dev_ws/install/xarm_msgs:/home/mk/dev_ws/install/zed_ros2:/home/mk/dev_ws/install/zed_wrapper:/home/mk/dev_ws/install/zed_components:/home/mk/dev_ws/install/zed_interfaces:/home/mk/dev_ws/install/xarm_planner:/home/mk/dev_ws/install/xarm_moveit_servo:/home/mk/dev_ws/install/xarm_moveit_config:/home/mk/dev_ws/install/xarm_gazebo:/home/mk/dev_ws/install/xarm_controller:/home/mk/dev_ws/install/xarm_api:/home/mk/dev_ws/install/xarm_sdk:/home/mk/dev_ws/install/rviz_robot_control_panel:/home/mk/dev_ws/install/xarm_description:/home/mk/dev_ws/install/whisper_bringup:/home/mk/dev_ws/install/whisper_server:/home/mk/dev_ws/install/transcript_manager:/home/mk/dev_ws/install/whisper_util:/home/mk/dev_ws/install/whisper_idl:/home/mk/dev_ws/install/whisper_cpp_vendor:/home/mk/dev_ws/install/realsense_gazebo_plugin:/home/mk/dev_ws/install/my_3d_vision_bringup:/home/mk/dev_ws/install/mbot_demo:/home/mk/dev_ws/install/yolo_object_detector:/home/mk/dev_ws/install/move_to_coordinator:/home/mk/dev_ws/install/motion_sequence:/home/mk/dev_ws/install/whisper_demos:/home/mk/dev_ws/install/voice_command_listener:/home/mk/dev_ws/install/uf_ros_lib:/home/mk/dev_ws/install/rviz_servo_status_overlay:/home/mk/dev_ws/install/rviz_marker_static_scene_objects:/home/mk/dev_ws/install/robot_motion_handler_movegroup:/home/mk/dev_ws/install/gaze_control:/home/mk/dev_ws/install/collision_check:/home/mk/dev_ws/install/audio_listener:/opt/ros/humble LD_LIBRARY_PATH=/home/mk/dev_ws/install/xarm_msgs/lib:/usr/local/cuda-12.1/lib64:/home/mk/dev_ws/install/zed_components/lib:/home/mk/dev_ws/install/zed_interfaces/lib:/home/mk/dev_ws/install/xarm_planner/lib:/home/mk/dev_ws/install/xarm_moveit_servo/lib:/home/mk/dev_ws/install/xarm_gazebo/lib:/home/mk/dev_ws/install/xarm_controller/lib:/home/mk/dev_ws/install/xarm_api/lib:/home/mk/dev_ws/install/xarm_sdk/lib:/home/mk/dev_ws/install/rviz_robot_control_panel/lib:/home/mk/dev_ws/install/whisper_server/lib:/home/mk/dev_ws/install/transcript_manager/lib:/home/mk/dev_ws/install/whisper_util/lib:/home/mk/dev_ws/install/whisper_idl/lib:/home/mk/dev_ws/install/whisper_cpp_vendor/lib:/home/mk/dev_ws/install/realsense_gazebo_plugin/lib:/home/mk/dev_ws/install/my_3d_vision_bringup/lib:/usr/lib/x86_64-linux-gnu/gazebo-11/plugins:/opt/ros/humble/opt/rviz_ogre_vendor/lib:/opt/ros/humble/lib/x86_64-linux-gnu:/opt/ros/humble/lib /usr/bin/cmake --install /home/mk/dev_ws/build/rviz_robot_control_panel
[2.540s] Level 1:colcon.colcon_core.environment:checking '/home/mk/dev_ws/install/rviz_robot_control_panel' for CMake config files
[2.541s] Level 1:colcon.colcon_core.shell:create_environment_hook('rviz_robot_control_panel', 'cmake_prefix_path')
[2.541s] INFO:colcon.colcon_core.shell:Creating environment hook '/home/mk/dev_ws/install/rviz_robot_control_panel/share/rviz_robot_control_panel/hook/cmake_prefix_path.ps1'
[2.542s] INFO:colcon.colcon_core.shell:Creating environment descriptor '/home/mk/dev_ws/install/rviz_robot_control_panel/share/rviz_robot_control_panel/hook/cmake_prefix_path.dsv'
[2.542s] INFO:colcon.colcon_core.shell:Creating environment hook '/home/mk/dev_ws/install/rviz_robot_control_panel/share/rviz_robot_control_panel/hook/cmake_prefix_path.sh'
[2.542s] Level 1:colcon.colcon_core.environment:checking '/home/mk/dev_ws/install/rviz_robot_control_panel/lib'
[2.543s] Level 1:colcon.colcon_core.shell:create_environment_hook('rviz_robot_control_panel', 'ld_library_path_lib')
[2.543s] INFO:colcon.colcon_core.shell:Creating environment hook '/home/mk/dev_ws/install/rviz_robot_control_panel/share/rviz_robot_control_panel/hook/ld_library_path_lib.ps1'
[2.543s] INFO:colcon.colcon_core.shell:Creating environment descriptor '/home/mk/dev_ws/install/rviz_robot_control_panel/share/rviz_robot_control_panel/hook/ld_library_path_lib.dsv'
[2.543s] INFO:colcon.colcon_core.shell:Creating environment hook '/home/mk/dev_ws/install/rviz_robot_control_panel/share/rviz_robot_control_panel/hook/ld_library_path_lib.sh'
[2.544s] Level 1:colcon.colcon_core.environment:checking '/home/mk/dev_ws/install/rviz_robot_control_panel/bin'
[2.544s] Level 1:colcon.colcon_core.environment:checking '/home/mk/dev_ws/install/rviz_robot_control_panel/lib/pkgconfig/rviz_robot_control_panel.pc'
[2.544s] Level 1:colcon.colcon_core.environment:checking '/home/mk/dev_ws/install/rviz_robot_control_panel/lib/python3.10/site-packages'
[2.545s] Level 1:colcon.colcon_core.environment:checking '/home/mk/dev_ws/install/rviz_robot_control_panel/bin'
[2.545s] INFO:colcon.colcon_core.shell:Creating package script '/home/mk/dev_ws/install/rviz_robot_control_panel/share/rviz_robot_control_panel/package.ps1'
[2.545s] INFO:colcon.colcon_core.shell:Creating package descriptor '/home/mk/dev_ws/install/rviz_robot_control_panel/share/rviz_robot_control_panel/package.dsv'
[2.546s] INFO:colcon.colcon_core.shell:Creating package script '/home/mk/dev_ws/install/rviz_robot_control_panel/share/rviz_robot_control_panel/package.sh'
[2.546s] INFO:colcon.colcon_core.shell:Creating package script '/home/mk/dev_ws/install/rviz_robot_control_panel/share/rviz_robot_control_panel/package.bash'
[2.547s] INFO:colcon.colcon_core.shell:Creating package script '/home/mk/dev_ws/install/rviz_robot_control_panel/share/rviz_robot_control_panel/package.zsh'
[2.547s] Level 1:colcon.colcon_core.environment:create_file_with_runtime_dependencies(/home/mk/dev_ws/install/rviz_robot_control_panel/share/colcon-core/packages/rviz_robot_control_panel)
[2.548s] Level 1:colcon.colcon_core.environment:create_environment_scripts_only(rviz_robot_control_panel)
[2.548s] Level 1:colcon.colcon_core.environment:checking '/home/mk/dev_ws/install/rviz_robot_control_panel' for CMake module files
[2.548s] Level 1:colcon.colcon_core.environment:checking '/home/mk/dev_ws/install/rviz_robot_control_panel' for CMake config files
[2.549s] Level 1:colcon.colcon_core.shell:create_environment_hook('rviz_robot_control_panel', 'cmake_prefix_path')
[2.549s] INFO:colcon.colcon_core.shell:Creating environment hook '/home/mk/dev_ws/install/rviz_robot_control_panel/share/rviz_robot_control_panel/hook/cmake_prefix_path.ps1'
[2.549s] INFO:colcon.colcon_core.shell:Creating environment descriptor '/home/mk/dev_ws/install/rviz_robot_control_panel/share/rviz_robot_control_panel/hook/cmake_prefix_path.dsv'
[2.550s] INFO:colcon.colcon_core.shell:Creating environment hook '/home/mk/dev_ws/install/rviz_robot_control_panel/share/rviz_robot_control_panel/hook/cmake_prefix_path.sh'
[2.550s] Level 1:colcon.colcon_core.environment:checking '/home/mk/dev_ws/install/rviz_robot_control_panel/lib'
[2.550s] Level 1:colcon.colcon_core.shell:create_environment_hook('rviz_robot_control_panel', 'ld_library_path_lib')
[2.551s] INFO:colcon.colcon_core.shell:Creating environment hook '/home/mk/dev_ws/install/rviz_robot_control_panel/share/rviz_robot_control_panel/hook/ld_library_path_lib.ps1'
[2.551s] INFO:colcon.colcon_core.shell:Creating environment descriptor '/home/mk/dev_ws/install/rviz_robot_control_panel/share/rviz_robot_control_panel/hook/ld_library_path_lib.dsv'
[2.551s] INFO:colcon.colcon_core.shell:Creating environment hook '/home/mk/dev_ws/install/rviz_robot_control_panel/share/rviz_robot_control_panel/hook/ld_library_path_lib.sh'
[2.552s] Level 1:colcon.colcon_core.environment:checking '/home/mk/dev_ws/install/rviz_robot_control_panel/bin'
[2.552s] Level 1:colcon.colcon_core.environment:checking '/home/mk/dev_ws/install/rviz_robot_control_panel/lib/pkgconfig/rviz_robot_control_panel.pc'
[2.552s] Level 1:colcon.colcon_core.environment:checking '/home/mk/dev_ws/install/rviz_robot_control_panel/lib/python3.10/site-packages'
[2.552s] Level 1:colcon.colcon_core.environment:checking '/home/mk/dev_ws/install/rviz_robot_control_panel/bin'
[2.553s] INFO:colcon.colcon_core.shell:Creating package script '/home/mk/dev_ws/install/rviz_robot_control_panel/share/rviz_robot_control_panel/package.ps1'
[2.553s] INFO:colcon.colcon_core.shell:Creating package descriptor '/home/mk/dev_ws/install/rviz_robot_control_panel/share/rviz_robot_control_panel/package.dsv'
[2.554s] INFO:colcon.colcon_core.shell:Creating package script '/home/mk/dev_ws/install/rviz_robot_control_panel/share/rviz_robot_control_panel/package.sh'
[2.555s] INFO:colcon.colcon_core.shell:Creating package script '/home/mk/dev_ws/install/rviz_robot_control_panel/share/rviz_robot_control_panel/package.bash'
[2.555s] INFO:colcon.colcon_core.shell:Creating package script '/home/mk/dev_ws/install/rviz_robot_control_panel/share/rviz_robot_control_panel/package.zsh'
[2.556s] Level 1:colcon.colcon_core.environment:create_file_with_runtime_dependencies(/home/mk/dev_ws/install/rviz_robot_control_panel/share/colcon-core/packages/rviz_robot_control_panel)
[2.557s] INFO:colcon.colcon_ros.task.ament_cmake.build:Building ROS package in '/home/mk/dev_ws/src/ros2_whisper/whisper_server' with build type 'ament_cmake'
[2.557s] INFO:colcon.colcon_cmake.task.cmake.build:Building CMake package in '/home/mk/dev_ws/src/ros2_whisper/whisper_server'
[2.557s] INFO:colcon.colcon_core.shell:Skip shell extension 'powershell' for command environment: Not usable outside of PowerShell
[2.557s] DEBUG:colcon.colcon_core.shell:Skip shell extension 'dsv' for command environment
[2.563s] INFO:colcon.colcon_ros.task.ament_cmake.build:Building ROS package in '/home/mk/dev_ws/src/ros2_whisper/transcript_manager' with build type 'ament_cmake'
[2.563s] INFO:colcon.colcon_cmake.task.cmake.build:Building CMake package in '/home/mk/dev_ws/src/ros2_whisper/transcript_manager'
[2.563s] INFO:colcon.colcon_core.shell:Skip shell extension 'powershell' for command environment: Not usable outside of PowerShell
[2.563s] DEBUG:colcon.colcon_core.shell:Skip shell extension 'dsv' for command environment
[2.572s] DEBUG:colcon.colcon_core.event_handler.log_command:Invoking command in '/home/mk/dev_ws/build/xarm_controller': CMAKE_PREFIX_PATH=/home/mk/dev_ws/install/xarm_api:/home/mk/dev_ws/install/xarm_sdk:/home/mk/dev_ws/install/xarm_msgs:/home/mk/dev_ws/install/xarm_description:/home/mk/dev_ws/install/zed_ros2:/home/mk/dev_ws/install/zed_wrapper:/home/mk/dev_ws/install/zed_components:/home/mk/dev_ws/install/zed_interfaces:/home/mk/dev_ws/install/xarm_planner:/home/mk/dev_ws/install/xarm_moveit_servo:/home/mk/dev_ws/install/xarm_moveit_config:/home/mk/dev_ws/install/xarm_gazebo:/home/mk/dev_ws/install/xarm_controller:/home/mk/dev_ws/install/rviz_robot_control_panel:/home/mk/dev_ws/install/whisper_bringup:/home/mk/dev_ws/install/whisper_server:/home/mk/dev_ws/install/transcript_manager:/home/mk/dev_ws/install/whisper_util:/home/mk/dev_ws/install/whisper_idl:/home/mk/dev_ws/install/whisper_cpp_vendor:/home/mk/dev_ws/install/realsense_gazebo_plugin:/home/mk/dev_ws/install/my_3d_vision_bringup:/home/mk/dev_ws/install/mbot_demo:/home/mk/dev_ws/install/yolo_object_detector:/home/mk/dev_ws/install/move_to_coordinator:/home/mk/dev_ws/install/motion_sequence:/home/mk/dev_ws/install/whisper_demos:/home/mk/dev_ws/install/voice_command_listener:/home/mk/dev_ws/install/uf_ros_lib:/home/mk/dev_ws/install/rviz_servo_status_overlay:/home/mk/dev_ws/install/rviz_marker_static_scene_objects:/home/mk/dev_ws/install/robot_motion_handler_movegroup:/home/mk/dev_ws/install/gaze_control:/home/mk/dev_ws/install/collision_check:/home/mk/dev_ws/install/audio_listener:/opt/ros/humble LD_LIBRARY_PATH=/home/mk/dev_ws/install/xarm_api/lib:/home/mk/dev_ws/install/xarm_sdk/lib:/home/mk/dev_ws/install/xarm_msgs/lib:/usr/local/cuda-12.1/lib64:/home/mk/dev_ws/install/zed_components/lib:/home/mk/dev_ws/install/zed_interfaces/lib:/home/mk/dev_ws/install/xarm_planner/lib:/home/mk/dev_ws/install/xarm_moveit_servo/lib:/home/mk/dev_ws/install/xarm_gazebo/lib:/home/mk/dev_ws/install/xarm_controller/lib:/home/mk/dev_ws/install/rviz_robot_control_panel/lib:/home/mk/dev_ws/install/whisper_server/lib:/home/mk/dev_ws/install/transcript_manager/lib:/home/mk/dev_ws/install/whisper_util/lib:/home/mk/dev_ws/install/whisper_idl/lib:/home/mk/dev_ws/install/whisper_cpp_vendor/lib:/home/mk/dev_ws/install/realsense_gazebo_plugin/lib:/home/mk/dev_ws/install/my_3d_vision_bringup/lib:/usr/lib/x86_64-linux-gnu/gazebo-11/plugins:/opt/ros/humble/opt/rviz_ogre_vendor/lib:/opt/ros/humble/lib/x86_64-linux-gnu:/opt/ros/humble/lib /usr/bin/cmake --build /home/mk/dev_ws/build/xarm_controller -- -j20 -l20
[2.575s] DEBUG:colcon.colcon_core.event_handler.log_command:Invoking command in '/home/mk/dev_ws/build/zed_wrapper': CMAKE_PREFIX_PATH=/home/mk/dev_ws/install/zed_components:/home/mk/dev_ws/install/zed_interfaces:/home/mk/dev_ws/install/zed_ros2:/home/mk/dev_ws/install/zed_wrapper:/home/mk/dev_ws/install/xarm_planner:/home/mk/dev_ws/install/xarm_moveit_servo:/home/mk/dev_ws/install/xarm_moveit_config:/home/mk/dev_ws/install/xarm_gazebo:/home/mk/dev_ws/install/xarm_controller:/home/mk/dev_ws/install/xarm_api:/home/mk/dev_ws/install/xarm_sdk:/home/mk/dev_ws/install/rviz_robot_control_panel:/home/mk/dev_ws/install/xarm_msgs:/home/mk/dev_ws/install/xarm_description:/home/mk/dev_ws/install/whisper_bringup:/home/mk/dev_ws/install/whisper_server:/home/mk/dev_ws/install/transcript_manager:/home/mk/dev_ws/install/whisper_util:/home/mk/dev_ws/install/whisper_idl:/home/mk/dev_ws/install/whisper_cpp_vendor:/home/mk/dev_ws/install/realsense_gazebo_plugin:/home/mk/dev_ws/install/my_3d_vision_bringup:/home/mk/dev_ws/install/mbot_demo:/home/mk/dev_ws/install/yolo_object_detector:/home/mk/dev_ws/install/move_to_coordinator:/home/mk/dev_ws/install/motion_sequence:/home/mk/dev_ws/install/whisper_demos:/home/mk/dev_ws/install/voice_command_listener:/home/mk/dev_ws/install/uf_ros_lib:/home/mk/dev_ws/install/rviz_servo_status_overlay:/home/mk/dev_ws/install/rviz_marker_static_scene_objects:/home/mk/dev_ws/install/robot_motion_handler_movegroup:/home/mk/dev_ws/install/gaze_control:/home/mk/dev_ws/install/collision_check:/home/mk/dev_ws/install/audio_listener:/opt/ros/humble LD_LIBRARY_PATH=/home/mk/dev_ws/install/zed_components/lib:/home/mk/dev_ws/install/zed_interfaces/lib:/usr/local/cuda-12.1/lib64:/home/mk/dev_ws/install/xarm_planner/lib:/home/mk/dev_ws/install/xarm_moveit_servo/lib:/home/mk/dev_ws/install/xarm_gazebo/lib:/home/mk/dev_ws/install/xarm_controller/lib:/home/mk/dev_ws/install/xarm_api/lib:/home/mk/dev_ws/install/xarm_sdk/lib:/home/mk/dev_ws/install/rviz_robot_control_panel/lib:/home/mk/dev_ws/install/xarm_msgs/lib:/home/mk/dev_ws/install/whisper_server/lib:/home/mk/dev_ws/install/transcript_manager/lib:/home/mk/dev_ws/install/whisper_util/lib:/home/mk/dev_ws/install/whisper_idl/lib:/home/mk/dev_ws/install/whisper_cpp_vendor/lib:/home/mk/dev_ws/install/realsense_gazebo_plugin/lib:/home/mk/dev_ws/install/my_3d_vision_bringup/lib:/usr/lib/x86_64-linux-gnu/gazebo-11/plugins:/opt/ros/humble/opt/rviz_ogre_vendor/lib:/opt/ros/humble/lib/x86_64-linux-gnu:/opt/ros/humble/lib /usr/bin/cmake --build /home/mk/dev_ws/build/zed_wrapper -- -j20 -l20
[2.577s] DEBUG:colcon.colcon_core.event_handler.log_command:Invoking command in '/home/mk/dev_ws/build/whisper_server': CMAKE_PREFIX_PATH=/home/mk/dev_ws/install/whisper_util:/home/mk/dev_ws/install/whisper_idl:/home/mk/dev_ws/install/whisper_cpp_vendor:/home/mk/dev_ws/install/zed_ros2:/home/mk/dev_ws/install/zed_wrapper:/home/mk/dev_ws/install/zed_components:/home/mk/dev_ws/install/zed_interfaces:/home/mk/dev_ws/install/xarm_planner:/home/mk/dev_ws/install/xarm_moveit_servo:/home/mk/dev_ws/install/xarm_moveit_config:/home/mk/dev_ws/install/xarm_gazebo:/home/mk/dev_ws/install/xarm_controller:/home/mk/dev_ws/install/xarm_api:/home/mk/dev_ws/install/xarm_sdk:/home/mk/dev_ws/install/rviz_robot_control_panel:/home/mk/dev_ws/install/xarm_msgs:/home/mk/dev_ws/install/xarm_description:/home/mk/dev_ws/install/whisper_bringup:/home/mk/dev_ws/install/whisper_server:/home/mk/dev_ws/install/transcript_manager:/home/mk/dev_ws/install/realsense_gazebo_plugin:/home/mk/dev_ws/install/my_3d_vision_bringup:/home/mk/dev_ws/install/mbot_demo:/home/mk/dev_ws/install/yolo_object_detector:/home/mk/dev_ws/install/move_to_coordinator:/home/mk/dev_ws/install/motion_sequence:/home/mk/dev_ws/install/whisper_demos:/home/mk/dev_ws/install/voice_command_listener:/home/mk/dev_ws/install/uf_ros_lib:/home/mk/dev_ws/install/rviz_servo_status_overlay:/home/mk/dev_ws/install/rviz_marker_static_scene_objects:/home/mk/dev_ws/install/robot_motion_handler_movegroup:/home/mk/dev_ws/install/gaze_control:/home/mk/dev_ws/install/collision_check:/home/mk/dev_ws/install/audio_listener:/opt/ros/humble LD_LIBRARY_PATH=/home/mk/dev_ws/install/whisper_util/lib:/home/mk/dev_ws/install/whisper_idl/lib:/home/mk/dev_ws/install/whisper_cpp_vendor/lib:/usr/local/cuda-12.1/lib64:/home/mk/dev_ws/install/zed_components/lib:/home/mk/dev_ws/install/zed_interfaces/lib:/home/mk/dev_ws/install/xarm_planner/lib:/home/mk/dev_ws/install/xarm_moveit_servo/lib:/home/mk/dev_ws/install/xarm_gazebo/lib:/home/mk/dev_ws/install/xarm_controller/lib:/home/mk/dev_ws/install/xarm_api/lib:/home/mk/dev_ws/install/xarm_sdk/lib:/home/mk/dev_ws/install/rviz_robot_control_panel/lib:/home/mk/dev_ws/install/xarm_msgs/lib:/home/mk/dev_ws/install/whisper_server/lib:/home/mk/dev_ws/install/transcript_manager/lib:/home/mk/dev_ws/install/realsense_gazebo_plugin/lib:/home/mk/dev_ws/install/my_3d_vision_bringup/lib:/usr/lib/x86_64-linux-gnu/gazebo-11/plugins:/opt/ros/humble/opt/rviz_ogre_vendor/lib:/opt/ros/humble/lib/x86_64-linux-gnu:/opt/ros/humble/lib /usr/bin/cmake --build /home/mk/dev_ws/build/whisper_server -- -j20 -l20
[2.579s] DEBUG:colcon.colcon_core.event_handler.log_command:Invoking command in '/home/mk/dev_ws/build/transcript_manager': CMAKE_PREFIX_PATH=/home/mk/dev_ws/install/whisper_util:/home/mk/dev_ws/install/whisper_idl:/home/mk/dev_ws/install/whisper_cpp_vendor:/home/mk/dev_ws/install/zed_ros2:/home/mk/dev_ws/install/zed_wrapper:/home/mk/dev_ws/install/zed_components:/home/mk/dev_ws/install/zed_interfaces:/home/mk/dev_ws/install/xarm_planner:/home/mk/dev_ws/install/xarm_moveit_servo:/home/mk/dev_ws/install/xarm_moveit_config:/home/mk/dev_ws/install/xarm_gazebo:/home/mk/dev_ws/install/xarm_controller:/home/mk/dev_ws/install/xarm_api:/home/mk/dev_ws/install/xarm_sdk:/home/mk/dev_ws/install/rviz_robot_control_panel:/home/mk/dev_ws/install/xarm_msgs:/home/mk/dev_ws/install/xarm_description:/home/mk/dev_ws/install/whisper_bringup:/home/mk/dev_ws/install/whisper_server:/home/mk/dev_ws/install/transcript_manager:/home/mk/dev_ws/install/realsense_gazebo_plugin:/home/mk/dev_ws/install/my_3d_vision_bringup:/home/mk/dev_ws/install/mbot_demo:/home/mk/dev_ws/install/yolo_object_detector:/home/mk/dev_ws/install/move_to_coordinator:/home/mk/dev_ws/install/motion_sequence:/home/mk/dev_ws/install/whisper_demos:/home/mk/dev_ws/install/voice_command_listener:/home/mk/dev_ws/install/uf_ros_lib:/home/mk/dev_ws/install/rviz_servo_status_overlay:/home/mk/dev_ws/install/rviz_marker_static_scene_objects:/home/mk/dev_ws/install/robot_motion_handler_movegroup:/home/mk/dev_ws/install/gaze_control:/home/mk/dev_ws/install/collision_check:/home/mk/dev_ws/install/audio_listener:/opt/ros/humble LD_LIBRARY_PATH=/home/mk/dev_ws/install/whisper_util/lib:/home/mk/dev_ws/install/whisper_idl/lib:/home/mk/dev_ws/install/whisper_cpp_vendor/lib:/usr/local/cuda-12.1/lib64:/home/mk/dev_ws/install/zed_components/lib:/home/mk/dev_ws/install/zed_interfaces/lib:/home/mk/dev_ws/install/xarm_planner/lib:/home/mk/dev_ws/install/xarm_moveit_servo/lib:/home/mk/dev_ws/install/xarm_gazebo/lib:/home/mk/dev_ws/install/xarm_controller/lib:/home/mk/dev_ws/install/xarm_api/lib:/home/mk/dev_ws/install/xarm_sdk/lib:/home/mk/dev_ws/install/rviz_robot_control_panel/lib:/home/mk/dev_ws/install/xarm_msgs/lib:/home/mk/dev_ws/install/whisper_server/lib:/home/mk/dev_ws/install/transcript_manager/lib:/home/mk/dev_ws/install/realsense_gazebo_plugin/lib:/home/mk/dev_ws/install/my_3d_vision_bringup/lib:/usr/lib/x86_64-linux-gnu/gazebo-11/plugins:/opt/ros/humble/opt/rviz_ogre_vendor/lib:/opt/ros/humble/lib/x86_64-linux-gnu:/opt/ros/humble/lib /usr/bin/cmake --build /home/mk/dev_ws/build/transcript_manager -- -j20 -l20
[2.636s] DEBUG:colcon.colcon_core.event_handler.log_command:Invoked command in '/home/mk/dev_ws/build/xarm_controller' returned '0': CMAKE_PREFIX_PATH=/home/mk/dev_ws/install/xarm_api:/home/mk/dev_ws/install/xarm_sdk:/home/mk/dev_ws/install/xarm_msgs:/home/mk/dev_ws/install/xarm_description:/home/mk/dev_ws/install/zed_ros2:/home/mk/dev_ws/install/zed_wrapper:/home/mk/dev_ws/install/zed_components:/home/mk/dev_ws/install/zed_interfaces:/home/mk/dev_ws/install/xarm_planner:/home/mk/dev_ws/install/xarm_moveit_servo:/home/mk/dev_ws/install/xarm_moveit_config:/home/mk/dev_ws/install/xarm_gazebo:/home/mk/dev_ws/install/xarm_controller:/home/mk/dev_ws/install/rviz_robot_control_panel:/home/mk/dev_ws/install/whisper_bringup:/home/mk/dev_ws/install/whisper_server:/home/mk/dev_ws/install/transcript_manager:/home/mk/dev_ws/install/whisper_util:/home/mk/dev_ws/install/whisper_idl:/home/mk/dev_ws/install/whisper_cpp_vendor:/home/mk/dev_ws/install/realsense_gazebo_plugin:/home/mk/dev_ws/install/my_3d_vision_bringup:/home/mk/dev_ws/install/mbot_demo:/home/mk/dev_ws/install/yolo_object_detector:/home/mk/dev_ws/install/move_to_coordinator:/home/mk/dev_ws/install/motion_sequence:/home/mk/dev_ws/install/whisper_demos:/home/mk/dev_ws/install/voice_command_listener:/home/mk/dev_ws/install/uf_ros_lib:/home/mk/dev_ws/install/rviz_servo_status_overlay:/home/mk/dev_ws/install/rviz_marker_static_scene_objects:/home/mk/dev_ws/install/robot_motion_handler_movegroup:/home/mk/dev_ws/install/gaze_control:/home/mk/dev_ws/install/collision_check:/home/mk/dev_ws/install/audio_listener:/opt/ros/humble LD_LIBRARY_PATH=/home/mk/dev_ws/install/xarm_api/lib:/home/mk/dev_ws/install/xarm_sdk/lib:/home/mk/dev_ws/install/xarm_msgs/lib:/usr/local/cuda-12.1/lib64:/home/mk/dev_ws/install/zed_components/lib:/home/mk/dev_ws/install/zed_interfaces/lib:/home/mk/dev_ws/install/xarm_planner/lib:/home/mk/dev_ws/install/xarm_moveit_servo/lib:/home/mk/dev_ws/install/xarm_gazebo/lib:/home/mk/dev_ws/install/xarm_controller/lib:/home/mk/dev_ws/install/rviz_robot_control_panel/lib:/home/mk/dev_ws/install/whisper_server/lib:/home/mk/dev_ws/install/transcript_manager/lib:/home/mk/dev_ws/install/whisper_util/lib:/home/mk/dev_ws/install/whisper_idl/lib:/home/mk/dev_ws/install/whisper_cpp_vendor/lib:/home/mk/dev_ws/install/realsense_gazebo_plugin/lib:/home/mk/dev_ws/install/my_3d_vision_bringup/lib:/usr/lib/x86_64-linux-gnu/gazebo-11/plugins:/opt/ros/humble/opt/rviz_ogre_vendor/lib:/opt/ros/humble/lib/x86_64-linux-gnu:/opt/ros/humble/lib /usr/bin/cmake --build /home/mk/dev_ws/build/xarm_controller -- -j20 -l20
[2.637s] DEBUG:colcon.colcon_core.event_handler.log_command:Invoking command in '/home/mk/dev_ws/build/xarm_controller': CMAKE_PREFIX_PATH=/home/mk/dev_ws/install/xarm_api:/home/mk/dev_ws/install/xarm_sdk:/home/mk/dev_ws/install/xarm_msgs:/home/mk/dev_ws/install/xarm_description:/home/mk/dev_ws/install/zed_ros2:/home/mk/dev_ws/install/zed_wrapper:/home/mk/dev_ws/install/zed_components:/home/mk/dev_ws/install/zed_interfaces:/home/mk/dev_ws/install/xarm_planner:/home/mk/dev_ws/install/xarm_moveit_servo:/home/mk/dev_ws/install/xarm_moveit_config:/home/mk/dev_ws/install/xarm_gazebo:/home/mk/dev_ws/install/xarm_controller:/home/mk/dev_ws/install/rviz_robot_control_panel:/home/mk/dev_ws/install/whisper_bringup:/home/mk/dev_ws/install/whisper_server:/home/mk/dev_ws/install/transcript_manager:/home/mk/dev_ws/install/whisper_util:/home/mk/dev_ws/install/whisper_idl:/home/mk/dev_ws/install/whisper_cpp_vendor:/home/mk/dev_ws/install/realsense_gazebo_plugin:/home/mk/dev_ws/install/my_3d_vision_bringup:/home/mk/dev_ws/install/mbot_demo:/home/mk/dev_ws/install/yolo_object_detector:/home/mk/dev_ws/install/move_to_coordinator:/home/mk/dev_ws/install/motion_sequence:/home/mk/dev_ws/install/whisper_demos:/home/mk/dev_ws/install/voice_command_listener:/home/mk/dev_ws/install/uf_ros_lib:/home/mk/dev_ws/install/rviz_servo_status_overlay:/home/mk/dev_ws/install/rviz_marker_static_scene_objects:/home/mk/dev_ws/install/robot_motion_handler_movegroup:/home/mk/dev_ws/install/gaze_control:/home/mk/dev_ws/install/collision_check:/home/mk/dev_ws/install/audio_listener:/opt/ros/humble LD_LIBRARY_PATH=/home/mk/dev_ws/install/xarm_api/lib:/home/mk/dev_ws/install/xarm_sdk/lib:/home/mk/dev_ws/install/xarm_msgs/lib:/usr/local/cuda-12.1/lib64:/home/mk/dev_ws/install/zed_components/lib:/home/mk/dev_ws/install/zed_interfaces/lib:/home/mk/dev_ws/install/xarm_planner/lib:/home/mk/dev_ws/install/xarm_moveit_servo/lib:/home/mk/dev_ws/install/xarm_gazebo/lib:/home/mk/dev_ws/install/xarm_controller/lib:/home/mk/dev_ws/install/rviz_robot_control_panel/lib:/home/mk/dev_ws/install/whisper_server/lib:/home/mk/dev_ws/install/transcript_manager/lib:/home/mk/dev_ws/install/whisper_util/lib:/home/mk/dev_ws/install/whisper_idl/lib:/home/mk/dev_ws/install/whisper_cpp_vendor/lib:/home/mk/dev_ws/install/realsense_gazebo_plugin/lib:/home/mk/dev_ws/install/my_3d_vision_bringup/lib:/usr/lib/x86_64-linux-gnu/gazebo-11/plugins:/opt/ros/humble/opt/rviz_ogre_vendor/lib:/opt/ros/humble/lib/x86_64-linux-gnu:/opt/ros/humble/lib /usr/bin/cmake --install /home/mk/dev_ws/build/xarm_controller
[2.639s] DEBUG:colcon.colcon_core.event_handler.log_command:Invoked command in '/home/mk/dev_ws/build/zed_wrapper' returned '0': CMAKE_PREFIX_PATH=/home/mk/dev_ws/install/zed_components:/home/mk/dev_ws/install/zed_interfaces:/home/mk/dev_ws/install/zed_ros2:/home/mk/dev_ws/install/zed_wrapper:/home/mk/dev_ws/install/xarm_planner:/home/mk/dev_ws/install/xarm_moveit_servo:/home/mk/dev_ws/install/xarm_moveit_config:/home/mk/dev_ws/install/xarm_gazebo:/home/mk/dev_ws/install/xarm_controller:/home/mk/dev_ws/install/xarm_api:/home/mk/dev_ws/install/xarm_sdk:/home/mk/dev_ws/install/rviz_robot_control_panel:/home/mk/dev_ws/install/xarm_msgs:/home/mk/dev_ws/install/xarm_description:/home/mk/dev_ws/install/whisper_bringup:/home/mk/dev_ws/install/whisper_server:/home/mk/dev_ws/install/transcript_manager:/home/mk/dev_ws/install/whisper_util:/home/mk/dev_ws/install/whisper_idl:/home/mk/dev_ws/install/whisper_cpp_vendor:/home/mk/dev_ws/install/realsense_gazebo_plugin:/home/mk/dev_ws/install/my_3d_vision_bringup:/home/mk/dev_ws/install/mbot_demo:/home/mk/dev_ws/install/yolo_object_detector:/home/mk/dev_ws/install/move_to_coordinator:/home/mk/dev_ws/install/motion_sequence:/home/mk/dev_ws/install/whisper_demos:/home/mk/dev_ws/install/voice_command_listener:/home/mk/dev_ws/install/uf_ros_lib:/home/mk/dev_ws/install/rviz_servo_status_overlay:/home/mk/dev_ws/install/rviz_marker_static_scene_objects:/home/mk/dev_ws/install/robot_motion_handler_movegroup:/home/mk/dev_ws/install/gaze_control:/home/mk/dev_ws/install/collision_check:/home/mk/dev_ws/install/audio_listener:/opt/ros/humble LD_LIBRARY_PATH=/home/mk/dev_ws/install/zed_components/lib:/home/mk/dev_ws/install/zed_interfaces/lib:/usr/local/cuda-12.1/lib64:/home/mk/dev_ws/install/xarm_planner/lib:/home/mk/dev_ws/install/xarm_moveit_servo/lib:/home/mk/dev_ws/install/xarm_gazebo/lib:/home/mk/dev_ws/install/xarm_controller/lib:/home/mk/dev_ws/install/xarm_api/lib:/home/mk/dev_ws/install/xarm_sdk/lib:/home/mk/dev_ws/install/rviz_robot_control_panel/lib:/home/mk/dev_ws/install/xarm_msgs/lib:/home/mk/dev_ws/install/whisper_server/lib:/home/mk/dev_ws/install/transcript_manager/lib:/home/mk/dev_ws/install/whisper_util/lib:/home/mk/dev_ws/install/whisper_idl/lib:/home/mk/dev_ws/install/whisper_cpp_vendor/lib:/home/mk/dev_ws/install/realsense_gazebo_plugin/lib:/home/mk/dev_ws/install/my_3d_vision_bringup/lib:/usr/lib/x86_64-linux-gnu/gazebo-11/plugins:/opt/ros/humble/opt/rviz_ogre_vendor/lib:/opt/ros/humble/lib/x86_64-linux-gnu:/opt/ros/humble/lib /usr/bin/cmake --build /home/mk/dev_ws/build/zed_wrapper -- -j20 -l20
[2.641s] DEBUG:colcon.colcon_core.event_handler.log_command:Invoking command in '/home/mk/dev_ws/build/zed_wrapper': CMAKE_PREFIX_PATH=/home/mk/dev_ws/install/zed_components:/home/mk/dev_ws/install/zed_interfaces:/home/mk/dev_ws/install/zed_ros2:/home/mk/dev_ws/install/zed_wrapper:/home/mk/dev_ws/install/xarm_planner:/home/mk/dev_ws/install/xarm_moveit_servo:/home/mk/dev_ws/install/xarm_moveit_config:/home/mk/dev_ws/install/xarm_gazebo:/home/mk/dev_ws/install/xarm_controller:/home/mk/dev_ws/install/xarm_api:/home/mk/dev_ws/install/xarm_sdk:/home/mk/dev_ws/install/rviz_robot_control_panel:/home/mk/dev_ws/install/xarm_msgs:/home/mk/dev_ws/install/xarm_description:/home/mk/dev_ws/install/whisper_bringup:/home/mk/dev_ws/install/whisper_server:/home/mk/dev_ws/install/transcript_manager:/home/mk/dev_ws/install/whisper_util:/home/mk/dev_ws/install/whisper_idl:/home/mk/dev_ws/install/whisper_cpp_vendor:/home/mk/dev_ws/install/realsense_gazebo_plugin:/home/mk/dev_ws/install/my_3d_vision_bringup:/home/mk/dev_ws/install/mbot_demo:/home/mk/dev_ws/install/yolo_object_detector:/home/mk/dev_ws/install/move_to_coordinator:/home/mk/dev_ws/install/motion_sequence:/home/mk/dev_ws/install/whisper_demos:/home/mk/dev_ws/install/voice_command_listener:/home/mk/dev_ws/install/uf_ros_lib:/home/mk/dev_ws/install/rviz_servo_status_overlay:/home/mk/dev_ws/install/rviz_marker_static_scene_objects:/home/mk/dev_ws/install/robot_motion_handler_movegroup:/home/mk/dev_ws/install/gaze_control:/home/mk/dev_ws/install/collision_check:/home/mk/dev_ws/install/audio_listener:/opt/ros/humble LD_LIBRARY_PATH=/home/mk/dev_ws/install/zed_components/lib:/home/mk/dev_ws/install/zed_interfaces/lib:/usr/local/cuda-12.1/lib64:/home/mk/dev_ws/install/xarm_planner/lib:/home/mk/dev_ws/install/xarm_moveit_servo/lib:/home/mk/dev_ws/install/xarm_gazebo/lib:/home/mk/dev_ws/install/xarm_controller/lib:/home/mk/dev_ws/install/xarm_api/lib:/home/mk/dev_ws/install/xarm_sdk/lib:/home/mk/dev_ws/install/rviz_robot_control_panel/lib:/home/mk/dev_ws/install/xarm_msgs/lib:/home/mk/dev_ws/install/whisper_server/lib:/home/mk/dev_ws/install/transcript_manager/lib:/home/mk/dev_ws/install/whisper_util/lib:/home/mk/dev_ws/install/whisper_idl/lib:/home/mk/dev_ws/install/whisper_cpp_vendor/lib:/home/mk/dev_ws/install/realsense_gazebo_plugin/lib:/home/mk/dev_ws/install/my_3d_vision_bringup/lib:/usr/lib/x86_64-linux-gnu/gazebo-11/plugins:/opt/ros/humble/opt/rviz_ogre_vendor/lib:/opt/ros/humble/lib/x86_64-linux-gnu:/opt/ros/humble/lib /usr/bin/cmake --install /home/mk/dev_ws/build/zed_wrapper
[2.641s] DEBUG:colcon.colcon_core.event_handler.log_command:Invoked command in '/home/mk/dev_ws/build/whisper_server' returned '0': CMAKE_PREFIX_PATH=/home/mk/dev_ws/install/whisper_util:/home/mk/dev_ws/install/whisper_idl:/home/mk/dev_ws/install/whisper_cpp_vendor:/home/mk/dev_ws/install/zed_ros2:/home/mk/dev_ws/install/zed_wrapper:/home/mk/dev_ws/install/zed_components:/home/mk/dev_ws/install/zed_interfaces:/home/mk/dev_ws/install/xarm_planner:/home/mk/dev_ws/install/xarm_moveit_servo:/home/mk/dev_ws/install/xarm_moveit_config:/home/mk/dev_ws/install/xarm_gazebo:/home/mk/dev_ws/install/xarm_controller:/home/mk/dev_ws/install/xarm_api:/home/mk/dev_ws/install/xarm_sdk:/home/mk/dev_ws/install/rviz_robot_control_panel:/home/mk/dev_ws/install/xarm_msgs:/home/mk/dev_ws/install/xarm_description:/home/mk/dev_ws/install/whisper_bringup:/home/mk/dev_ws/install/whisper_server:/home/mk/dev_ws/install/transcript_manager:/home/mk/dev_ws/install/realsense_gazebo_plugin:/home/mk/dev_ws/install/my_3d_vision_bringup:/home/mk/dev_ws/install/mbot_demo:/home/mk/dev_ws/install/yolo_object_detector:/home/mk/dev_ws/install/move_to_coordinator:/home/mk/dev_ws/install/motion_sequence:/home/mk/dev_ws/install/whisper_demos:/home/mk/dev_ws/install/voice_command_listener:/home/mk/dev_ws/install/uf_ros_lib:/home/mk/dev_ws/install/rviz_servo_status_overlay:/home/mk/dev_ws/install/rviz_marker_static_scene_objects:/home/mk/dev_ws/install/robot_motion_handler_movegroup:/home/mk/dev_ws/install/gaze_control:/home/mk/dev_ws/install/collision_check:/home/mk/dev_ws/install/audio_listener:/opt/ros/humble LD_LIBRARY_PATH=/home/mk/dev_ws/install/whisper_util/lib:/home/mk/dev_ws/install/whisper_idl/lib:/home/mk/dev_ws/install/whisper_cpp_vendor/lib:/usr/local/cuda-12.1/lib64:/home/mk/dev_ws/install/zed_components/lib:/home/mk/dev_ws/install/zed_interfaces/lib:/home/mk/dev_ws/install/xarm_planner/lib:/home/mk/dev_ws/install/xarm_moveit_servo/lib:/home/mk/dev_ws/install/xarm_gazebo/lib:/home/mk/dev_ws/install/xarm_controller/lib:/home/mk/dev_ws/install/xarm_api/lib:/home/mk/dev_ws/install/xarm_sdk/lib:/home/mk/dev_ws/install/rviz_robot_control_panel/lib:/home/mk/dev_ws/install/xarm_msgs/lib:/home/mk/dev_ws/install/whisper_server/lib:/home/mk/dev_ws/install/transcript_manager/lib:/home/mk/dev_ws/install/realsense_gazebo_plugin/lib:/home/mk/dev_ws/install/my_3d_vision_bringup/lib:/usr/lib/x86_64-linux-gnu/gazebo-11/plugins:/opt/ros/humble/opt/rviz_ogre_vendor/lib:/opt/ros/humble/lib/x86_64-linux-gnu:/opt/ros/humble/lib /usr/bin/cmake --build /home/mk/dev_ws/build/whisper_server -- -j20 -l20
[2.642s] DEBUG:colcon.colcon_core.event_handler.log_command:Invoking command in '/home/mk/dev_ws/build/whisper_server': CMAKE_PREFIX_PATH=/home/mk/dev_ws/install/whisper_util:/home/mk/dev_ws/install/whisper_idl:/home/mk/dev_ws/install/whisper_cpp_vendor:/home/mk/dev_ws/install/zed_ros2:/home/mk/dev_ws/install/zed_wrapper:/home/mk/dev_ws/install/zed_components:/home/mk/dev_ws/install/zed_interfaces:/home/mk/dev_ws/install/xarm_planner:/home/mk/dev_ws/install/xarm_moveit_servo:/home/mk/dev_ws/install/xarm_moveit_config:/home/mk/dev_ws/install/xarm_gazebo:/home/mk/dev_ws/install/xarm_controller:/home/mk/dev_ws/install/xarm_api:/home/mk/dev_ws/install/xarm_sdk:/home/mk/dev_ws/install/rviz_robot_control_panel:/home/mk/dev_ws/install/xarm_msgs:/home/mk/dev_ws/install/xarm_description:/home/mk/dev_ws/install/whisper_bringup:/home/mk/dev_ws/install/whisper_server:/home/mk/dev_ws/install/transcript_manager:/home/mk/dev_ws/install/realsense_gazebo_plugin:/home/mk/dev_ws/install/my_3d_vision_bringup:/home/mk/dev_ws/install/mbot_demo:/home/mk/dev_ws/install/yolo_object_detector:/home/mk/dev_ws/install/move_to_coordinator:/home/mk/dev_ws/install/motion_sequence:/home/mk/dev_ws/install/whisper_demos:/home/mk/dev_ws/install/voice_command_listener:/home/mk/dev_ws/install/uf_ros_lib:/home/mk/dev_ws/install/rviz_servo_status_overlay:/home/mk/dev_ws/install/rviz_marker_static_scene_objects:/home/mk/dev_ws/install/robot_motion_handler_movegroup:/home/mk/dev_ws/install/gaze_control:/home/mk/dev_ws/install/collision_check:/home/mk/dev_ws/install/audio_listener:/opt/ros/humble LD_LIBRARY_PATH=/home/mk/dev_ws/install/whisper_util/lib:/home/mk/dev_ws/install/whisper_idl/lib:/home/mk/dev_ws/install/whisper_cpp_vendor/lib:/usr/local/cuda-12.1/lib64:/home/mk/dev_ws/install/zed_components/lib:/home/mk/dev_ws/install/zed_interfaces/lib:/home/mk/dev_ws/install/xarm_planner/lib:/home/mk/dev_ws/install/xarm_moveit_servo/lib:/home/mk/dev_ws/install/xarm_gazebo/lib:/home/mk/dev_ws/install/xarm_controller/lib:/home/mk/dev_ws/install/xarm_api/lib:/home/mk/dev_ws/install/xarm_sdk/lib:/home/mk/dev_ws/install/rviz_robot_control_panel/lib:/home/mk/dev_ws/install/xarm_msgs/lib:/home/mk/dev_ws/install/whisper_server/lib:/home/mk/dev_ws/install/transcript_manager/lib:/home/mk/dev_ws/install/realsense_gazebo_plugin/lib:/home/mk/dev_ws/install/my_3d_vision_bringup/lib:/usr/lib/x86_64-linux-gnu/gazebo-11/plugins:/opt/ros/humble/opt/rviz_ogre_vendor/lib:/opt/ros/humble/lib/x86_64-linux-gnu:/opt/ros/humble/lib /usr/bin/cmake --install /home/mk/dev_ws/build/whisper_server
[2.644s] DEBUG:colcon.colcon_core.event_handler.log_command:Invoked command in '/home/mk/dev_ws/build/transcript_manager' returned '0': CMAKE_PREFIX_PATH=/home/mk/dev_ws/install/whisper_util:/home/mk/dev_ws/install/whisper_idl:/home/mk/dev_ws/install/whisper_cpp_vendor:/home/mk/dev_ws/install/zed_ros2:/home/mk/dev_ws/install/zed_wrapper:/home/mk/dev_ws/install/zed_components:/home/mk/dev_ws/install/zed_interfaces:/home/mk/dev_ws/install/xarm_planner:/home/mk/dev_ws/install/xarm_moveit_servo:/home/mk/dev_ws/install/xarm_moveit_config:/home/mk/dev_ws/install/xarm_gazebo:/home/mk/dev_ws/install/xarm_controller:/home/mk/dev_ws/install/xarm_api:/home/mk/dev_ws/install/xarm_sdk:/home/mk/dev_ws/install/rviz_robot_control_panel:/home/mk/dev_ws/install/xarm_msgs:/home/mk/dev_ws/install/xarm_description:/home/mk/dev_ws/install/whisper_bringup:/home/mk/dev_ws/install/whisper_server:/home/mk/dev_ws/install/transcript_manager:/home/mk/dev_ws/install/realsense_gazebo_plugin:/home/mk/dev_ws/install/my_3d_vision_bringup:/home/mk/dev_ws/install/mbot_demo:/home/mk/dev_ws/install/yolo_object_detector:/home/mk/dev_ws/install/move_to_coordinator:/home/mk/dev_ws/install/motion_sequence:/home/mk/dev_ws/install/whisper_demos:/home/mk/dev_ws/install/voice_command_listener:/home/mk/dev_ws/install/uf_ros_lib:/home/mk/dev_ws/install/rviz_servo_status_overlay:/home/mk/dev_ws/install/rviz_marker_static_scene_objects:/home/mk/dev_ws/install/robot_motion_handler_movegroup:/home/mk/dev_ws/install/gaze_control:/home/mk/dev_ws/install/collision_check:/home/mk/dev_ws/install/audio_listener:/opt/ros/humble LD_LIBRARY_PATH=/home/mk/dev_ws/install/whisper_util/lib:/home/mk/dev_ws/install/whisper_idl/lib:/home/mk/dev_ws/install/whisper_cpp_vendor/lib:/usr/local/cuda-12.1/lib64:/home/mk/dev_ws/install/zed_components/lib:/home/mk/dev_ws/install/zed_interfaces/lib:/home/mk/dev_ws/install/xarm_planner/lib:/home/mk/dev_ws/install/xarm_moveit_servo/lib:/home/mk/dev_ws/install/xarm_gazebo/lib:/home/mk/dev_ws/install/xarm_controller/lib:/home/mk/dev_ws/install/xarm_api/lib:/home/mk/dev_ws/install/xarm_sdk/lib:/home/mk/dev_ws/install/rviz_robot_control_panel/lib:/home/mk/dev_ws/install/xarm_msgs/lib:/home/mk/dev_ws/install/whisper_server/lib:/home/mk/dev_ws/install/transcript_manager/lib:/home/mk/dev_ws/install/realsense_gazebo_plugin/lib:/home/mk/dev_ws/install/my_3d_vision_bringup/lib:/usr/lib/x86_64-linux-gnu/gazebo-11/plugins:/opt/ros/humble/opt/rviz_ogre_vendor/lib:/opt/ros/humble/lib/x86_64-linux-gnu:/opt/ros/humble/lib /usr/bin/cmake --build /home/mk/dev_ws/build/transcript_manager -- -j20 -l20
[2.645s] DEBUG:colcon.colcon_core.event_handler.log_command:Invoking command in '/home/mk/dev_ws/build/transcript_manager': CMAKE_PREFIX_PATH=/home/mk/dev_ws/install/whisper_util:/home/mk/dev_ws/install/whisper_idl:/home/mk/dev_ws/install/whisper_cpp_vendor:/home/mk/dev_ws/install/zed_ros2:/home/mk/dev_ws/install/zed_wrapper:/home/mk/dev_ws/install/zed_components:/home/mk/dev_ws/install/zed_interfaces:/home/mk/dev_ws/install/xarm_planner:/home/mk/dev_ws/install/xarm_moveit_servo:/home/mk/dev_ws/install/xarm_moveit_config:/home/mk/dev_ws/install/xarm_gazebo:/home/mk/dev_ws/install/xarm_controller:/home/mk/dev_ws/install/xarm_api:/home/mk/dev_ws/install/xarm_sdk:/home/mk/dev_ws/install/rviz_robot_control_panel:/home/mk/dev_ws/install/xarm_msgs:/home/mk/dev_ws/install/xarm_description:/home/mk/dev_ws/install/whisper_bringup:/home/mk/dev_ws/install/whisper_server:/home/mk/dev_ws/install/transcript_manager:/home/mk/dev_ws/install/realsense_gazebo_plugin:/home/mk/dev_ws/install/my_3d_vision_bringup:/home/mk/dev_ws/install/mbot_demo:/home/mk/dev_ws/install/yolo_object_detector:/home/mk/dev_ws/install/move_to_coordinator:/home/mk/dev_ws/install/motion_sequence:/home/mk/dev_ws/install/whisper_demos:/home/mk/dev_ws/install/voice_command_listener:/home/mk/dev_ws/install/uf_ros_lib:/home/mk/dev_ws/install/rviz_servo_status_overlay:/home/mk/dev_ws/install/rviz_marker_static_scene_objects:/home/mk/dev_ws/install/robot_motion_handler_movegroup:/home/mk/dev_ws/install/gaze_control:/home/mk/dev_ws/install/collision_check:/home/mk/dev_ws/install/audio_listener:/opt/ros/humble LD_LIBRARY_PATH=/home/mk/dev_ws/install/whisper_util/lib:/home/mk/dev_ws/install/whisper_idl/lib:/home/mk/dev_ws/install/whisper_cpp_vendor/lib:/usr/local/cuda-12.1/lib64:/home/mk/dev_ws/install/zed_components/lib:/home/mk/dev_ws/install/zed_interfaces/lib:/home/mk/dev_ws/install/xarm_planner/lib:/home/mk/dev_ws/install/xarm_moveit_servo/lib:/home/mk/dev_ws/install/xarm_gazebo/lib:/home/mk/dev_ws/install/xarm_controller/lib:/home/mk/dev_ws/install/xarm_api/lib:/home/mk/dev_ws/install/xarm_sdk/lib:/home/mk/dev_ws/install/rviz_robot_control_panel/lib:/home/mk/dev_ws/install/xarm_msgs/lib:/home/mk/dev_ws/install/whisper_server/lib:/home/mk/dev_ws/install/transcript_manager/lib:/home/mk/dev_ws/install/realsense_gazebo_plugin/lib:/home/mk/dev_ws/install/my_3d_vision_bringup/lib:/usr/lib/x86_64-linux-gnu/gazebo-11/plugins:/opt/ros/humble/opt/rviz_ogre_vendor/lib:/opt/ros/humble/lib/x86_64-linux-gnu:/opt/ros/humble/lib /usr/bin/cmake --install /home/mk/dev_ws/build/transcript_manager
[2.661s] Level 1:colcon.colcon_core.environment:create_environment_scripts_only(zed_wrapper)
[2.661s] Level 1:colcon.colcon_core.environment:checking '/home/mk/dev_ws/install/zed_wrapper' for CMake module files
[2.662s] DEBUG:colcon.colcon_core.event_handler.log_command:Invoked command in '/home/mk/dev_ws/build/zed_wrapper' returned '0': CMAKE_PREFIX_PATH=/home/mk/dev_ws/install/zed_components:/home/mk/dev_ws/install/zed_interfaces:/home/mk/dev_ws/install/zed_ros2:/home/mk/dev_ws/install/zed_wrapper:/home/mk/dev_ws/install/xarm_planner:/home/mk/dev_ws/install/xarm_moveit_servo:/home/mk/dev_ws/install/xarm_moveit_config:/home/mk/dev_ws/install/xarm_gazebo:/home/mk/dev_ws/install/xarm_controller:/home/mk/dev_ws/install/xarm_api:/home/mk/dev_ws/install/xarm_sdk:/home/mk/dev_ws/install/rviz_robot_control_panel:/home/mk/dev_ws/install/xarm_msgs:/home/mk/dev_ws/install/xarm_description:/home/mk/dev_ws/install/whisper_bringup:/home/mk/dev_ws/install/whisper_server:/home/mk/dev_ws/install/transcript_manager:/home/mk/dev_ws/install/whisper_util:/home/mk/dev_ws/install/whisper_idl:/home/mk/dev_ws/install/whisper_cpp_vendor:/home/mk/dev_ws/install/realsense_gazebo_plugin:/home/mk/dev_ws/install/my_3d_vision_bringup:/home/mk/dev_ws/install/mbot_demo:/home/mk/dev_ws/install/yolo_object_detector:/home/mk/dev_ws/install/move_to_coordinator:/home/mk/dev_ws/install/motion_sequence:/home/mk/dev_ws/install/whisper_demos:/home/mk/dev_ws/install/voice_command_listener:/home/mk/dev_ws/install/uf_ros_lib:/home/mk/dev_ws/install/rviz_servo_status_overlay:/home/mk/dev_ws/install/rviz_marker_static_scene_objects:/home/mk/dev_ws/install/robot_motion_handler_movegroup:/home/mk/dev_ws/install/gaze_control:/home/mk/dev_ws/install/collision_check:/home/mk/dev_ws/install/audio_listener:/opt/ros/humble LD_LIBRARY_PATH=/home/mk/dev_ws/install/zed_components/lib:/home/mk/dev_ws/install/zed_interfaces/lib:/usr/local/cuda-12.1/lib64:/home/mk/dev_ws/install/xarm_planner/lib:/home/mk/dev_ws/install/xarm_moveit_servo/lib:/home/mk/dev_ws/install/xarm_gazebo/lib:/home/mk/dev_ws/install/xarm_controller/lib:/home/mk/dev_ws/install/xarm_api/lib:/home/mk/dev_ws/install/xarm_sdk/lib:/home/mk/dev_ws/install/rviz_robot_control_panel/lib:/home/mk/dev_ws/install/xarm_msgs/lib:/home/mk/dev_ws/install/whisper_server/lib:/home/mk/dev_ws/install/transcript_manager/lib:/home/mk/dev_ws/install/whisper_util/lib:/home/mk/dev_ws/install/whisper_idl/lib:/home/mk/dev_ws/install/whisper_cpp_vendor/lib:/home/mk/dev_ws/install/realsense_gazebo_plugin/lib:/home/mk/dev_ws/install/my_3d_vision_bringup/lib:/usr/lib/x86_64-linux-gnu/gazebo-11/plugins:/opt/ros/humble/opt/rviz_ogre_vendor/lib:/opt/ros/humble/lib/x86_64-linux-gnu:/opt/ros/humble/lib /usr/bin/cmake --install /home/mk/dev_ws/build/zed_wrapper
[2.663s] Level 1:colcon.colcon_core.environment:checking '/home/mk/dev_ws/install/zed_wrapper' for CMake config files
[2.663s] Level 1:colcon.colcon_core.shell:create_environment_hook('zed_wrapper', 'cmake_prefix_path')
[2.663s] INFO:colcon.colcon_core.shell:Creating environment hook '/home/mk/dev_ws/install/zed_wrapper/share/zed_wrapper/hook/cmake_prefix_path.ps1'
[2.664s] INFO:colcon.colcon_core.shell:Creating environment descriptor '/home/mk/dev_ws/install/zed_wrapper/share/zed_wrapper/hook/cmake_prefix_path.dsv'
[2.664s] INFO:colcon.colcon_core.shell:Creating environment hook '/home/mk/dev_ws/install/zed_wrapper/share/zed_wrapper/hook/cmake_prefix_path.sh'
[2.665s] Level 1:colcon.colcon_core.environment:checking '/home/mk/dev_ws/install/zed_wrapper/lib'
[2.665s] Level 1:colcon.colcon_core.environment:checking '/home/mk/dev_ws/install/zed_wrapper/bin'
[2.665s] Level 1:colcon.colcon_core.environment:checking '/home/mk/dev_ws/install/zed_wrapper/lib/pkgconfig/zed_wrapper.pc'
[2.665s] Level 1:colcon.colcon_core.environment:checking '/home/mk/dev_ws/install/zed_wrapper/lib/python3.10/site-packages'
[2.665s] Level 1:colcon.colcon_core.environment:checking '/home/mk/dev_ws/install/zed_wrapper/bin'
[2.665s] INFO:colcon.colcon_core.shell:Creating package script '/home/mk/dev_ws/install/zed_wrapper/share/zed_wrapper/package.ps1'
[2.666s] INFO:colcon.colcon_core.shell:Creating package descriptor '/home/mk/dev_ws/install/zed_wrapper/share/zed_wrapper/package.dsv'
[2.666s] INFO:colcon.colcon_core.shell:Creating package script '/home/mk/dev_ws/install/zed_wrapper/share/zed_wrapper/package.sh'
[2.667s] INFO:colcon.colcon_core.shell:Creating package script '/home/mk/dev_ws/install/zed_wrapper/share/zed_wrapper/package.bash'
[2.667s] INFO:colcon.colcon_core.shell:Creating package script '/home/mk/dev_ws/install/zed_wrapper/share/zed_wrapper/package.zsh'
[2.667s] Level 1:colcon.colcon_core.environment:create_file_with_runtime_dependencies(/home/mk/dev_ws/install/zed_wrapper/share/colcon-core/packages/zed_wrapper)
[2.668s] Level 1:colcon.colcon_core.environment:create_environment_scripts_only(zed_wrapper)
[2.668s] Level 1:colcon.colcon_core.environment:checking '/home/mk/dev_ws/install/zed_wrapper' for CMake module files
[2.668s] Level 1:colcon.colcon_core.environment:checking '/home/mk/dev_ws/install/zed_wrapper' for CMake config files
[2.668s] Level 1:colcon.colcon_core.shell:create_environment_hook('zed_wrapper', 'cmake_prefix_path')
[2.669s] INFO:colcon.colcon_core.shell:Creating environment hook '/home/mk/dev_ws/install/zed_wrapper/share/zed_wrapper/hook/cmake_prefix_path.ps1'
[2.669s] INFO:colcon.colcon_core.shell:Creating environment descriptor '/home/mk/dev_ws/install/zed_wrapper/share/zed_wrapper/hook/cmake_prefix_path.dsv'
[2.669s] INFO:colcon.colcon_core.shell:Creating environment hook '/home/mk/dev_ws/install/zed_wrapper/share/zed_wrapper/hook/cmake_prefix_path.sh'
[2.670s] Level 1:colcon.colcon_core.environment:checking '/home/mk/dev_ws/install/zed_wrapper/lib'
[2.670s] Level 1:colcon.colcon_core.environment:checking '/home/mk/dev_ws/install/zed_wrapper/bin'
[2.670s] Level 1:colcon.colcon_core.environment:checking '/home/mk/dev_ws/install/zed_wrapper/lib/pkgconfig/zed_wrapper.pc'
[2.670s] Level 1:colcon.colcon_core.environment:checking '/home/mk/dev_ws/install/zed_wrapper/lib/python3.10/site-packages'
[2.670s] Level 1:colcon.colcon_core.environment:checking '/home/mk/dev_ws/install/zed_wrapper/bin'
[2.670s] INFO:colcon.colcon_core.shell:Creating package script '/home/mk/dev_ws/install/zed_wrapper/share/zed_wrapper/package.ps1'
[2.671s] INFO:colcon.colcon_core.shell:Creating package descriptor '/home/mk/dev_ws/install/zed_wrapper/share/zed_wrapper/package.dsv'
[2.671s] INFO:colcon.colcon_core.shell:Creating package script '/home/mk/dev_ws/install/zed_wrapper/share/zed_wrapper/package.sh'
[2.672s] INFO:colcon.colcon_core.shell:Creating package script '/home/mk/dev_ws/install/zed_wrapper/share/zed_wrapper/package.bash'
[2.672s] INFO:colcon.colcon_core.shell:Creating package script '/home/mk/dev_ws/install/zed_wrapper/share/zed_wrapper/package.zsh'
[2.672s] Level 1:colcon.colcon_core.environment:create_file_with_runtime_dependencies(/home/mk/dev_ws/install/zed_wrapper/share/colcon-core/packages/zed_wrapper)
[2.672s] Level 1:colcon.colcon_core.environment:create_environment_scripts_only(whisper_server)
[2.673s] Level 1:colcon.colcon_core.environment:checking '/home/mk/dev_ws/install/whisper_server' for CMake module files
[2.673s] DEBUG:colcon.colcon_core.event_handler.log_command:Invoked command in '/home/mk/dev_ws/build/whisper_server' returned '0': CMAKE_PREFIX_PATH=/home/mk/dev_ws/install/whisper_util:/home/mk/dev_ws/install/whisper_idl:/home/mk/dev_ws/install/whisper_cpp_vendor:/home/mk/dev_ws/install/zed_ros2:/home/mk/dev_ws/install/zed_wrapper:/home/mk/dev_ws/install/zed_components:/home/mk/dev_ws/install/zed_interfaces:/home/mk/dev_ws/install/xarm_planner:/home/mk/dev_ws/install/xarm_moveit_servo:/home/mk/dev_ws/install/xarm_moveit_config:/home/mk/dev_ws/install/xarm_gazebo:/home/mk/dev_ws/install/xarm_controller:/home/mk/dev_ws/install/xarm_api:/home/mk/dev_ws/install/xarm_sdk:/home/mk/dev_ws/install/rviz_robot_control_panel:/home/mk/dev_ws/install/xarm_msgs:/home/mk/dev_ws/install/xarm_description:/home/mk/dev_ws/install/whisper_bringup:/home/mk/dev_ws/install/whisper_server:/home/mk/dev_ws/install/transcript_manager:/home/mk/dev_ws/install/realsense_gazebo_plugin:/home/mk/dev_ws/install/my_3d_vision_bringup:/home/mk/dev_ws/install/mbot_demo:/home/mk/dev_ws/install/yolo_object_detector:/home/mk/dev_ws/install/move_to_coordinator:/home/mk/dev_ws/install/motion_sequence:/home/mk/dev_ws/install/whisper_demos:/home/mk/dev_ws/install/voice_command_listener:/home/mk/dev_ws/install/uf_ros_lib:/home/mk/dev_ws/install/rviz_servo_status_overlay:/home/mk/dev_ws/install/rviz_marker_static_scene_objects:/home/mk/dev_ws/install/robot_motion_handler_movegroup:/home/mk/dev_ws/install/gaze_control:/home/mk/dev_ws/install/collision_check:/home/mk/dev_ws/install/audio_listener:/opt/ros/humble LD_LIBRARY_PATH=/home/mk/dev_ws/install/whisper_util/lib:/home/mk/dev_ws/install/whisper_idl/lib:/home/mk/dev_ws/install/whisper_cpp_vendor/lib:/usr/local/cuda-12.1/lib64:/home/mk/dev_ws/install/zed_components/lib:/home/mk/dev_ws/install/zed_interfaces/lib:/home/mk/dev_ws/install/xarm_planner/lib:/home/mk/dev_ws/install/xarm_moveit_servo/lib:/home/mk/dev_ws/install/xarm_gazebo/lib:/home/mk/dev_ws/install/xarm_controller/lib:/home/mk/dev_ws/install/xarm_api/lib:/home/mk/dev_ws/install/xarm_sdk/lib:/home/mk/dev_ws/install/rviz_robot_control_panel/lib:/home/mk/dev_ws/install/xarm_msgs/lib:/home/mk/dev_ws/install/whisper_server/lib:/home/mk/dev_ws/install/transcript_manager/lib:/home/mk/dev_ws/install/realsense_gazebo_plugin/lib:/home/mk/dev_ws/install/my_3d_vision_bringup/lib:/usr/lib/x86_64-linux-gnu/gazebo-11/plugins:/opt/ros/humble/opt/rviz_ogre_vendor/lib:/opt/ros/humble/lib/x86_64-linux-gnu:/opt/ros/humble/lib /usr/bin/cmake --install /home/mk/dev_ws/build/whisper_server
[2.673s] Level 1:colcon.colcon_core.environment:checking '/home/mk/dev_ws/install/whisper_server' for CMake config files
[2.674s] Level 1:colcon.colcon_core.shell:create_environment_hook('whisper_server', 'cmake_prefix_path')
[2.674s] INFO:colcon.colcon_core.shell:Creating environment hook '/home/mk/dev_ws/install/whisper_server/share/whisper_server/hook/cmake_prefix_path.ps1'
[2.674s] INFO:colcon.colcon_core.shell:Creating environment descriptor '/home/mk/dev_ws/install/whisper_server/share/whisper_server/hook/cmake_prefix_path.dsv'
[2.675s] INFO:colcon.colcon_core.shell:Creating environment hook '/home/mk/dev_ws/install/whisper_server/share/whisper_server/hook/cmake_prefix_path.sh'
[2.675s] Level 1:colcon.colcon_core.environment:checking '/home/mk/dev_ws/install/whisper_server/lib'
[2.675s] Level 1:colcon.colcon_core.shell:create_environment_hook('whisper_server', 'ld_library_path_lib')
[2.675s] INFO:colcon.colcon_core.shell:Creating environment hook '/home/mk/dev_ws/install/whisper_server/share/whisper_server/hook/ld_library_path_lib.ps1'
[2.676s] INFO:colcon.colcon_core.shell:Creating environment descriptor '/home/mk/dev_ws/install/whisper_server/share/whisper_server/hook/ld_library_path_lib.dsv'
[2.676s] INFO:colcon.colcon_core.shell:Creating environment hook '/home/mk/dev_ws/install/whisper_server/share/whisper_server/hook/ld_library_path_lib.sh'
[2.676s] Level 1:colcon.colcon_core.environment:checking '/home/mk/dev_ws/install/whisper_server/bin'
[2.676s] Level 1:colcon.colcon_core.environment:checking '/home/mk/dev_ws/install/whisper_server/lib/pkgconfig/whisper_server.pc'
[2.677s] Level 1:colcon.colcon_core.environment:checking '/home/mk/dev_ws/install/whisper_server/lib/python3.10/site-packages'
[2.677s] Level 1:colcon.colcon_core.environment:checking '/home/mk/dev_ws/install/whisper_server/bin'
[2.677s] INFO:colcon.colcon_core.shell:Creating package script '/home/mk/dev_ws/install/whisper_server/share/whisper_server/package.ps1'
[2.678s] INFO:colcon.colcon_core.shell:Creating package descriptor '/home/mk/dev_ws/install/whisper_server/share/whisper_server/package.dsv'
[2.678s] INFO:colcon.colcon_core.shell:Creating package script '/home/mk/dev_ws/install/whisper_server/share/whisper_server/package.sh'
[2.678s] INFO:colcon.colcon_core.shell:Creating package script '/home/mk/dev_ws/install/whisper_server/share/whisper_server/package.bash'
[2.679s] INFO:colcon.colcon_core.shell:Creating package script '/home/mk/dev_ws/install/whisper_server/share/whisper_server/package.zsh'
[2.679s] Level 1:colcon.colcon_core.environment:create_file_with_runtime_dependencies(/home/mk/dev_ws/install/whisper_server/share/colcon-core/packages/whisper_server)
[2.679s] Level 1:colcon.colcon_core.environment:create_environment_scripts_only(whisper_server)
[2.679s] Level 1:colcon.colcon_core.environment:checking '/home/mk/dev_ws/install/whisper_server' for CMake module files
[2.680s] Level 1:colcon.colcon_core.environment:checking '/home/mk/dev_ws/install/whisper_server' for CMake config files
[2.680s] Level 1:colcon.colcon_core.shell:create_environment_hook('whisper_server', 'cmake_prefix_path')
[2.680s] INFO:colcon.colcon_core.shell:Creating environment hook '/home/mk/dev_ws/install/whisper_server/share/whisper_server/hook/cmake_prefix_path.ps1'
[2.681s] INFO:colcon.colcon_core.shell:Creating environment descriptor '/home/mk/dev_ws/install/whisper_server/share/whisper_server/hook/cmake_prefix_path.dsv'
[2.681s] INFO:colcon.colcon_core.shell:Creating environment hook '/home/mk/dev_ws/install/whisper_server/share/whisper_server/hook/cmake_prefix_path.sh'
[2.681s] Level 1:colcon.colcon_core.environment:checking '/home/mk/dev_ws/install/whisper_server/lib'
[2.681s] Level 1:colcon.colcon_core.shell:create_environment_hook('whisper_server', 'ld_library_path_lib')
[2.682s] INFO:colcon.colcon_core.shell:Creating environment hook '/home/mk/dev_ws/install/whisper_server/share/whisper_server/hook/ld_library_path_lib.ps1'
[2.682s] INFO:colcon.colcon_core.shell:Creating environment descriptor '/home/mk/dev_ws/install/whisper_server/share/whisper_server/hook/ld_library_path_lib.dsv'
[2.682s] INFO:colcon.colcon_core.shell:Creating environment hook '/home/mk/dev_ws/install/whisper_server/share/whisper_server/hook/ld_library_path_lib.sh'
[2.682s] Level 1:colcon.colcon_core.environment:checking '/home/mk/dev_ws/install/whisper_server/bin'
[2.682s] Level 1:colcon.colcon_core.environment:checking '/home/mk/dev_ws/install/whisper_server/lib/pkgconfig/whisper_server.pc'
[2.683s] Level 1:colcon.colcon_core.environment:checking '/home/mk/dev_ws/install/whisper_server/lib/python3.10/site-packages'
[2.683s] Level 1:colcon.colcon_core.environment:checking '/home/mk/dev_ws/install/whisper_server/bin'
[2.683s] INFO:colcon.colcon_core.shell:Creating package script '/home/mk/dev_ws/install/whisper_server/share/whisper_server/package.ps1'
[2.684s] INFO:colcon.colcon_core.shell:Creating package descriptor '/home/mk/dev_ws/install/whisper_server/share/whisper_server/package.dsv'
[2.684s] INFO:colcon.colcon_core.shell:Creating package script '/home/mk/dev_ws/install/whisper_server/share/whisper_server/package.sh'
[2.684s] INFO:colcon.colcon_core.shell:Creating package script '/home/mk/dev_ws/install/whisper_server/share/whisper_server/package.bash'
[2.685s] INFO:colcon.colcon_core.shell:Creating package script '/home/mk/dev_ws/install/whisper_server/share/whisper_server/package.zsh'
[2.685s] Level 1:colcon.colcon_core.environment:create_file_with_runtime_dependencies(/home/mk/dev_ws/install/whisper_server/share/colcon-core/packages/whisper_server)
[2.686s] INFO:colcon.colcon_ros.task.ament_cmake.build:Building ROS package in '/home/mk/dev_ws/src/ros2_whisper/whisper_bringup' with build type 'ament_cmake'
[2.686s] INFO:colcon.colcon_cmake.task.cmake.build:Building CMake package in '/home/mk/dev_ws/src/ros2_whisper/whisper_bringup'
[2.686s] INFO:colcon.colcon_core.shell:Skip shell extension 'powershell' for command environment: Not usable outside of PowerShell
[2.686s] DEBUG:colcon.colcon_core.shell:Skip shell extension 'dsv' for command environment
[2.690s] INFO:colcon.colcon_ros.task.ament_cmake.build:Building ROS package in '/home/mk/dev_ws/src/zed-ros2-wrapper/zed_ros2' with build type 'ament_cmake'
[2.691s] INFO:colcon.colcon_cmake.task.cmake.build:Building CMake package in '/home/mk/dev_ws/src/zed-ros2-wrapper/zed_ros2'
[2.691s] INFO:colcon.colcon_core.shell:Skip shell extension 'powershell' for command environment: Not usable outside of PowerShell
[2.691s] DEBUG:colcon.colcon_core.shell:Skip shell extension 'dsv' for command environment
[2.695s] Level 1:colcon.colcon_core.environment:create_environment_scripts_only(xarm_controller)
[2.696s] Level 1:colcon.colcon_core.environment:checking '/home/mk/dev_ws/install/xarm_controller' for CMake module files
[2.696s] DEBUG:colcon.colcon_core.event_handler.log_command:Invoked command in '/home/mk/dev_ws/build/xarm_controller' returned '0': CMAKE_PREFIX_PATH=/home/mk/dev_ws/install/xarm_api:/home/mk/dev_ws/install/xarm_sdk:/home/mk/dev_ws/install/xarm_msgs:/home/mk/dev_ws/install/xarm_description:/home/mk/dev_ws/install/zed_ros2:/home/mk/dev_ws/install/zed_wrapper:/home/mk/dev_ws/install/zed_components:/home/mk/dev_ws/install/zed_interfaces:/home/mk/dev_ws/install/xarm_planner:/home/mk/dev_ws/install/xarm_moveit_servo:/home/mk/dev_ws/install/xarm_moveit_config:/home/mk/dev_ws/install/xarm_gazebo:/home/mk/dev_ws/install/xarm_controller:/home/mk/dev_ws/install/rviz_robot_control_panel:/home/mk/dev_ws/install/whisper_bringup:/home/mk/dev_ws/install/whisper_server:/home/mk/dev_ws/install/transcript_manager:/home/mk/dev_ws/install/whisper_util:/home/mk/dev_ws/install/whisper_idl:/home/mk/dev_ws/install/whisper_cpp_vendor:/home/mk/dev_ws/install/realsense_gazebo_plugin:/home/mk/dev_ws/install/my_3d_vision_bringup:/home/mk/dev_ws/install/mbot_demo:/home/mk/dev_ws/install/yolo_object_detector:/home/mk/dev_ws/install/move_to_coordinator:/home/mk/dev_ws/install/motion_sequence:/home/mk/dev_ws/install/whisper_demos:/home/mk/dev_ws/install/voice_command_listener:/home/mk/dev_ws/install/uf_ros_lib:/home/mk/dev_ws/install/rviz_servo_status_overlay:/home/mk/dev_ws/install/rviz_marker_static_scene_objects:/home/mk/dev_ws/install/robot_motion_handler_movegroup:/home/mk/dev_ws/install/gaze_control:/home/mk/dev_ws/install/collision_check:/home/mk/dev_ws/install/audio_listener:/opt/ros/humble LD_LIBRARY_PATH=/home/mk/dev_ws/install/xarm_api/lib:/home/mk/dev_ws/install/xarm_sdk/lib:/home/mk/dev_ws/install/xarm_msgs/lib:/usr/local/cuda-12.1/lib64:/home/mk/dev_ws/install/zed_components/lib:/home/mk/dev_ws/install/zed_interfaces/lib:/home/mk/dev_ws/install/xarm_planner/lib:/home/mk/dev_ws/install/xarm_moveit_servo/lib:/home/mk/dev_ws/install/xarm_gazebo/lib:/home/mk/dev_ws/install/xarm_controller/lib:/home/mk/dev_ws/install/rviz_robot_control_panel/lib:/home/mk/dev_ws/install/whisper_server/lib:/home/mk/dev_ws/install/transcript_manager/lib:/home/mk/dev_ws/install/whisper_util/lib:/home/mk/dev_ws/install/whisper_idl/lib:/home/mk/dev_ws/install/whisper_cpp_vendor/lib:/home/mk/dev_ws/install/realsense_gazebo_plugin/lib:/home/mk/dev_ws/install/my_3d_vision_bringup/lib:/usr/lib/x86_64-linux-gnu/gazebo-11/plugins:/opt/ros/humble/opt/rviz_ogre_vendor/lib:/opt/ros/humble/lib/x86_64-linux-gnu:/opt/ros/humble/lib /usr/bin/cmake --install /home/mk/dev_ws/build/xarm_controller
[2.696s] Level 1:colcon.colcon_core.environment:checking '/home/mk/dev_ws/install/xarm_controller' for CMake config files
[2.697s] Level 1:colcon.colcon_core.shell:create_environment_hook('xarm_controller', 'cmake_prefix_path')
[2.697s] INFO:colcon.colcon_core.shell:Creating environment hook '/home/mk/dev_ws/install/xarm_controller/share/xarm_controller/hook/cmake_prefix_path.ps1'
[2.697s] INFO:colcon.colcon_core.shell:Creating environment descriptor '/home/mk/dev_ws/install/xarm_controller/share/xarm_controller/hook/cmake_prefix_path.dsv'
[2.698s] INFO:colcon.colcon_core.shell:Creating environment hook '/home/mk/dev_ws/install/xarm_controller/share/xarm_controller/hook/cmake_prefix_path.sh'
[2.698s] Level 1:colcon.colcon_core.environment:checking '/home/mk/dev_ws/install/xarm_controller/lib'
[2.698s] Level 1:colcon.colcon_core.shell:create_environment_hook('xarm_controller', 'ld_library_path_lib')
[2.698s] INFO:colcon.colcon_core.shell:Creating environment hook '/home/mk/dev_ws/install/xarm_controller/share/xarm_controller/hook/ld_library_path_lib.ps1'
[2.699s] INFO:colcon.colcon_core.shell:Creating environment descriptor '/home/mk/dev_ws/install/xarm_controller/share/xarm_controller/hook/ld_library_path_lib.dsv'
[2.699s] INFO:colcon.colcon_core.shell:Creating environment hook '/home/mk/dev_ws/install/xarm_controller/share/xarm_controller/hook/ld_library_path_lib.sh'
[2.699s] Level 1:colcon.colcon_core.environment:checking '/home/mk/dev_ws/install/xarm_controller/bin'
[2.699s] Level 1:colcon.colcon_core.environment:checking '/home/mk/dev_ws/install/xarm_controller/lib/pkgconfig/xarm_controller.pc'
[2.699s] Level 1:colcon.colcon_core.environment:checking '/home/mk/dev_ws/install/xarm_controller/lib/python3.10/site-packages'
[2.700s] Level 1:colcon.colcon_core.environment:checking '/home/mk/dev_ws/install/xarm_controller/bin'
[2.700s] INFO:colcon.colcon_core.shell:Creating package script '/home/mk/dev_ws/install/xarm_controller/share/xarm_controller/package.ps1'
[2.700s] INFO:colcon.colcon_core.shell:Creating package descriptor '/home/mk/dev_ws/install/xarm_controller/share/xarm_controller/package.dsv'
[2.701s] INFO:colcon.colcon_core.shell:Creating package script '/home/mk/dev_ws/install/xarm_controller/share/xarm_controller/package.sh'
[2.701s] INFO:colcon.colcon_core.shell:Creating package script '/home/mk/dev_ws/install/xarm_controller/share/xarm_controller/package.bash'
[2.701s] INFO:colcon.colcon_core.shell:Creating package script '/home/mk/dev_ws/install/xarm_controller/share/xarm_controller/package.zsh'
[2.702s] Level 1:colcon.colcon_core.environment:create_file_with_runtime_dependencies(/home/mk/dev_ws/install/xarm_controller/share/colcon-core/packages/xarm_controller)
[2.702s] Level 1:colcon.colcon_core.environment:create_environment_scripts_only(xarm_controller)
[2.702s] Level 1:colcon.colcon_core.environment:checking '/home/mk/dev_ws/install/xarm_controller' for CMake module files
[2.703s] Level 1:colcon.colcon_core.environment:checking '/home/mk/dev_ws/install/xarm_controller' for CMake config files
[2.703s] Level 1:colcon.colcon_core.shell:create_environment_hook('xarm_controller', 'cmake_prefix_path')
[2.703s] INFO:colcon.colcon_core.shell:Creating environment hook '/home/mk/dev_ws/install/xarm_controller/share/xarm_controller/hook/cmake_prefix_path.ps1'
[2.703s] INFO:colcon.colcon_core.shell:Creating environment descriptor '/home/mk/dev_ws/install/xarm_controller/share/xarm_controller/hook/cmake_prefix_path.dsv'
[2.704s] INFO:colcon.colcon_core.shell:Creating environment hook '/home/mk/dev_ws/install/xarm_controller/share/xarm_controller/hook/cmake_prefix_path.sh'
[2.704s] Level 1:colcon.colcon_core.environment:checking '/home/mk/dev_ws/install/xarm_controller/lib'
[2.704s] Level 1:colcon.colcon_core.shell:create_environment_hook('xarm_controller', 'ld_library_path_lib')
[2.704s] INFO:colcon.colcon_core.shell:Creating environment hook '/home/mk/dev_ws/install/xarm_controller/share/xarm_controller/hook/ld_library_path_lib.ps1'
[2.704s] INFO:colcon.colcon_core.shell:Creating environment descriptor '/home/mk/dev_ws/install/xarm_controller/share/xarm_controller/hook/ld_library_path_lib.dsv'
[2.705s] INFO:colcon.colcon_core.shell:Creating environment hook '/home/mk/dev_ws/install/xarm_controller/share/xarm_controller/hook/ld_library_path_lib.sh'
[2.705s] Level 1:colcon.colcon_core.environment:checking '/home/mk/dev_ws/install/xarm_controller/bin'
[2.705s] Level 1:colcon.colcon_core.environment:checking '/home/mk/dev_ws/install/xarm_controller/lib/pkgconfig/xarm_controller.pc'
[2.705s] Level 1:colcon.colcon_core.environment:checking '/home/mk/dev_ws/install/xarm_controller/lib/python3.10/site-packages'
[2.705s] Level 1:colcon.colcon_core.environment:checking '/home/mk/dev_ws/install/xarm_controller/bin'
[2.705s] INFO:colcon.colcon_core.shell:Creating package script '/home/mk/dev_ws/install/xarm_controller/share/xarm_controller/package.ps1'
[2.706s] INFO:colcon.colcon_core.shell:Creating package descriptor '/home/mk/dev_ws/install/xarm_controller/share/xarm_controller/package.dsv'
[2.706s] INFO:colcon.colcon_core.shell:Creating package script '/home/mk/dev_ws/install/xarm_controller/share/xarm_controller/package.sh'
[2.706s] INFO:colcon.colcon_core.shell:Creating package script '/home/mk/dev_ws/install/xarm_controller/share/xarm_controller/package.bash'
[2.706s] INFO:colcon.colcon_core.shell:Creating package script '/home/mk/dev_ws/install/xarm_controller/share/xarm_controller/package.zsh'
[2.707s] Level 1:colcon.colcon_core.environment:create_file_with_runtime_dependencies(/home/mk/dev_ws/install/xarm_controller/share/colcon-core/packages/xarm_controller)
[2.707s] Level 1:colcon.colcon_core.environment:create_environment_scripts_only(transcript_manager)
[2.707s] Level 1:colcon.colcon_core.environment:checking '/home/mk/dev_ws/install/transcript_manager' for CMake module files
[2.708s] DEBUG:colcon.colcon_core.event_handler.log_command:Invoked command in '/home/mk/dev_ws/build/transcript_manager' returned '0': CMAKE_PREFIX_PATH=/home/mk/dev_ws/install/whisper_util:/home/mk/dev_ws/install/whisper_idl:/home/mk/dev_ws/install/whisper_cpp_vendor:/home/mk/dev_ws/install/zed_ros2:/home/mk/dev_ws/install/zed_wrapper:/home/mk/dev_ws/install/zed_components:/home/mk/dev_ws/install/zed_interfaces:/home/mk/dev_ws/install/xarm_planner:/home/mk/dev_ws/install/xarm_moveit_servo:/home/mk/dev_ws/install/xarm_moveit_config:/home/mk/dev_ws/install/xarm_gazebo:/home/mk/dev_ws/install/xarm_controller:/home/mk/dev_ws/install/xarm_api:/home/mk/dev_ws/install/xarm_sdk:/home/mk/dev_ws/install/rviz_robot_control_panel:/home/mk/dev_ws/install/xarm_msgs:/home/mk/dev_ws/install/xarm_description:/home/mk/dev_ws/install/whisper_bringup:/home/mk/dev_ws/install/whisper_server:/home/mk/dev_ws/install/transcript_manager:/home/mk/dev_ws/install/realsense_gazebo_plugin:/home/mk/dev_ws/install/my_3d_vision_bringup:/home/mk/dev_ws/install/mbot_demo:/home/mk/dev_ws/install/yolo_object_detector:/home/mk/dev_ws/install/move_to_coordinator:/home/mk/dev_ws/install/motion_sequence:/home/mk/dev_ws/install/whisper_demos:/home/mk/dev_ws/install/voice_command_listener:/home/mk/dev_ws/install/uf_ros_lib:/home/mk/dev_ws/install/rviz_servo_status_overlay:/home/mk/dev_ws/install/rviz_marker_static_scene_objects:/home/mk/dev_ws/install/robot_motion_handler_movegroup:/home/mk/dev_ws/install/gaze_control:/home/mk/dev_ws/install/collision_check:/home/mk/dev_ws/install/audio_listener:/opt/ros/humble LD_LIBRARY_PATH=/home/mk/dev_ws/install/whisper_util/lib:/home/mk/dev_ws/install/whisper_idl/lib:/home/mk/dev_ws/install/whisper_cpp_vendor/lib:/usr/local/cuda-12.1/lib64:/home/mk/dev_ws/install/zed_components/lib:/home/mk/dev_ws/install/zed_interfaces/lib:/home/mk/dev_ws/install/xarm_planner/lib:/home/mk/dev_ws/install/xarm_moveit_servo/lib:/home/mk/dev_ws/install/xarm_gazebo/lib:/home/mk/dev_ws/install/xarm_controller/lib:/home/mk/dev_ws/install/xarm_api/lib:/home/mk/dev_ws/install/xarm_sdk/lib:/home/mk/dev_ws/install/rviz_robot_control_panel/lib:/home/mk/dev_ws/install/xarm_msgs/lib:/home/mk/dev_ws/install/whisper_server/lib:/home/mk/dev_ws/install/transcript_manager/lib:/home/mk/dev_ws/install/realsense_gazebo_plugin/lib:/home/mk/dev_ws/install/my_3d_vision_bringup/lib:/usr/lib/x86_64-linux-gnu/gazebo-11/plugins:/opt/ros/humble/opt/rviz_ogre_vendor/lib:/opt/ros/humble/lib/x86_64-linux-gnu:/opt/ros/humble/lib /usr/bin/cmake --install /home/mk/dev_ws/build/transcript_manager
[2.708s] Level 1:colcon.colcon_core.environment:checking '/home/mk/dev_ws/install/transcript_manager' for CMake config files
[2.708s] Level 1:colcon.colcon_core.shell:create_environment_hook('transcript_manager', 'cmake_prefix_path')
[2.708s] INFO:colcon.colcon_core.shell:Creating environment hook '/home/mk/dev_ws/install/transcript_manager/share/transcript_manager/hook/cmake_prefix_path.ps1'
[2.708s] INFO:colcon.colcon_core.shell:Creating environment descriptor '/home/mk/dev_ws/install/transcript_manager/share/transcript_manager/hook/cmake_prefix_path.dsv'
[2.708s] INFO:colcon.colcon_core.shell:Creating environment hook '/home/mk/dev_ws/install/transcript_manager/share/transcript_manager/hook/cmake_prefix_path.sh'
[2.709s] Level 1:colcon.colcon_core.environment:checking '/home/mk/dev_ws/install/transcript_manager/lib'
[2.709s] Level 1:colcon.colcon_core.shell:create_environment_hook('transcript_manager', 'ld_library_path_lib')
[2.709s] INFO:colcon.colcon_core.shell:Creating environment hook '/home/mk/dev_ws/install/transcript_manager/share/transcript_manager/hook/ld_library_path_lib.ps1'
[2.709s] INFO:colcon.colcon_core.shell:Creating environment descriptor '/home/mk/dev_ws/install/transcript_manager/share/transcript_manager/hook/ld_library_path_lib.dsv'
[2.709s] INFO:colcon.colcon_core.shell:Creating environment hook '/home/mk/dev_ws/install/transcript_manager/share/transcript_manager/hook/ld_library_path_lib.sh'
[2.709s] Level 1:colcon.colcon_core.environment:checking '/home/mk/dev_ws/install/transcript_manager/bin'
[2.709s] Level 1:colcon.colcon_core.environment:checking '/home/mk/dev_ws/install/transcript_manager/lib/pkgconfig/transcript_manager.pc'
[2.710s] Level 1:colcon.colcon_core.environment:checking '/home/mk/dev_ws/install/transcript_manager/lib/python3.10/site-packages'
[2.710s] Level 1:colcon.colcon_core.environment:checking '/home/mk/dev_ws/install/transcript_manager/bin'
[2.710s] INFO:colcon.colcon_core.shell:Creating package script '/home/mk/dev_ws/install/transcript_manager/share/transcript_manager/package.ps1'
[2.710s] INFO:colcon.colcon_core.shell:Creating package descriptor '/home/mk/dev_ws/install/transcript_manager/share/transcript_manager/package.dsv'
[2.710s] INFO:colcon.colcon_core.shell:Creating package script '/home/mk/dev_ws/install/transcript_manager/share/transcript_manager/package.sh'
[2.711s] INFO:colcon.colcon_core.shell:Creating package script '/home/mk/dev_ws/install/transcript_manager/share/transcript_manager/package.bash'
[2.711s] INFO:colcon.colcon_core.shell:Creating package script '/home/mk/dev_ws/install/transcript_manager/share/transcript_manager/package.zsh'
[2.711s] Level 1:colcon.colcon_core.environment:create_file_with_runtime_dependencies(/home/mk/dev_ws/install/transcript_manager/share/colcon-core/packages/transcript_manager)
[2.711s] Level 1:colcon.colcon_core.environment:create_environment_scripts_only(transcript_manager)
[2.711s] Level 1:colcon.colcon_core.environment:checking '/home/mk/dev_ws/install/transcript_manager' for CMake module files
[2.712s] Level 1:colcon.colcon_core.environment:checking '/home/mk/dev_ws/install/transcript_manager' for CMake config files
[2.712s] Level 1:colcon.colcon_core.shell:create_environment_hook('transcript_manager', 'cmake_prefix_path')
[2.712s] INFO:colcon.colcon_core.shell:Creating environment hook '/home/mk/dev_ws/install/transcript_manager/share/transcript_manager/hook/cmake_prefix_path.ps1'
[2.712s] INFO:colcon.colcon_core.shell:Creating environment descriptor '/home/mk/dev_ws/install/transcript_manager/share/transcript_manager/hook/cmake_prefix_path.dsv'
[2.712s] INFO:colcon.colcon_core.shell:Creating environment hook '/home/mk/dev_ws/install/transcript_manager/share/transcript_manager/hook/cmake_prefix_path.sh'
[2.712s] Level 1:colcon.colcon_core.environment:checking '/home/mk/dev_ws/install/transcript_manager/lib'
[2.712s] Level 1:colcon.colcon_core.shell:create_environment_hook('transcript_manager', 'ld_library_path_lib')
[2.713s] INFO:colcon.colcon_core.shell:Creating environment hook '/home/mk/dev_ws/install/transcript_manager/share/transcript_manager/hook/ld_library_path_lib.ps1'
[2.713s] INFO:colcon.colcon_core.shell:Creating environment descriptor '/home/mk/dev_ws/install/transcript_manager/share/transcript_manager/hook/ld_library_path_lib.dsv'
[2.714s] INFO:colcon.colcon_core.shell:Creating environment hook '/home/mk/dev_ws/install/transcript_manager/share/transcript_manager/hook/ld_library_path_lib.sh'
[2.714s] Level 1:colcon.colcon_core.environment:checking '/home/mk/dev_ws/install/transcript_manager/bin'
[2.714s] Level 1:colcon.colcon_core.environment:checking '/home/mk/dev_ws/install/transcript_manager/lib/pkgconfig/transcript_manager.pc'
[2.714s] Level 1:colcon.colcon_core.environment:checking '/home/mk/dev_ws/install/transcript_manager/lib/python3.10/site-packages'
[2.714s] Level 1:colcon.colcon_core.environment:checking '/home/mk/dev_ws/install/transcript_manager/bin'
[2.714s] INFO:colcon.colcon_core.shell:Creating package script '/home/mk/dev_ws/install/transcript_manager/share/transcript_manager/package.ps1'
[2.715s] INFO:colcon.colcon_core.shell:Creating package descriptor '/home/mk/dev_ws/install/transcript_manager/share/transcript_manager/package.dsv'
[2.715s] INFO:colcon.colcon_core.shell:Creating package script '/home/mk/dev_ws/install/transcript_manager/share/transcript_manager/package.sh'
[2.715s] INFO:colcon.colcon_core.shell:Creating package script '/home/mk/dev_ws/install/transcript_manager/share/transcript_manager/package.bash'
[2.715s] INFO:colcon.colcon_core.shell:Creating package script '/home/mk/dev_ws/install/transcript_manager/share/transcript_manager/package.zsh'
[2.715s] Level 1:colcon.colcon_core.environment:create_file_with_runtime_dependencies(/home/mk/dev_ws/install/transcript_manager/share/colcon-core/packages/transcript_manager)
[2.718s] DEBUG:colcon.colcon_core.event_handler.log_command:Invoking command in '/home/mk/dev_ws/build/whisper_bringup': CMAKE_PREFIX_PATH=/home/mk/dev_ws/install/whisper_server:/home/mk/dev_ws/install/whisper_util:/home/mk/dev_ws/install/whisper_idl:/home/mk/dev_ws/install/whisper_cpp_vendor:/home/mk/dev_ws/install/zed_ros2:/home/mk/dev_ws/install/zed_wrapper:/home/mk/dev_ws/install/zed_components:/home/mk/dev_ws/install/zed_interfaces:/home/mk/dev_ws/install/xarm_planner:/home/mk/dev_ws/install/xarm_moveit_servo:/home/mk/dev_ws/install/xarm_moveit_config:/home/mk/dev_ws/install/xarm_gazebo:/home/mk/dev_ws/install/xarm_controller:/home/mk/dev_ws/install/xarm_api:/home/mk/dev_ws/install/xarm_sdk:/home/mk/dev_ws/install/rviz_robot_control_panel:/home/mk/dev_ws/install/xarm_msgs:/home/mk/dev_ws/install/xarm_description:/home/mk/dev_ws/install/whisper_bringup:/home/mk/dev_ws/install/transcript_manager:/home/mk/dev_ws/install/realsense_gazebo_plugin:/home/mk/dev_ws/install/my_3d_vision_bringup:/home/mk/dev_ws/install/mbot_demo:/home/mk/dev_ws/install/yolo_object_detector:/home/mk/dev_ws/install/move_to_coordinator:/home/mk/dev_ws/install/motion_sequence:/home/mk/dev_ws/install/whisper_demos:/home/mk/dev_ws/install/voice_command_listener:/home/mk/dev_ws/install/uf_ros_lib:/home/mk/dev_ws/install/rviz_servo_status_overlay:/home/mk/dev_ws/install/rviz_marker_static_scene_objects:/home/mk/dev_ws/install/robot_motion_handler_movegroup:/home/mk/dev_ws/install/gaze_control:/home/mk/dev_ws/install/collision_check:/home/mk/dev_ws/install/audio_listener:/opt/ros/humble LD_LIBRARY_PATH=/home/mk/dev_ws/install/whisper_server/lib:/home/mk/dev_ws/install/whisper_util/lib:/home/mk/dev_ws/install/whisper_idl/lib:/home/mk/dev_ws/install/whisper_cpp_vendor/lib:/usr/local/cuda-12.1/lib64:/home/mk/dev_ws/install/zed_components/lib:/home/mk/dev_ws/install/zed_interfaces/lib:/home/mk/dev_ws/install/xarm_planner/lib:/home/mk/dev_ws/install/xarm_moveit_servo/lib:/home/mk/dev_ws/install/xarm_gazebo/lib:/home/mk/dev_ws/install/xarm_controller/lib:/home/mk/dev_ws/install/xarm_api/lib:/home/mk/dev_ws/install/xarm_sdk/lib:/home/mk/dev_ws/install/rviz_robot_control_panel/lib:/home/mk/dev_ws/install/xarm_msgs/lib:/home/mk/dev_ws/install/transcript_manager/lib:/home/mk/dev_ws/install/realsense_gazebo_plugin/lib:/home/mk/dev_ws/install/my_3d_vision_bringup/lib:/usr/lib/x86_64-linux-gnu/gazebo-11/plugins:/opt/ros/humble/opt/rviz_ogre_vendor/lib:/opt/ros/humble/lib/x86_64-linux-gnu:/opt/ros/humble/lib /usr/bin/cmake --build /home/mk/dev_ws/build/whisper_bringup -- -j20 -l20
[2.720s] DEBUG:colcon.colcon_core.event_handler.log_command:Invoking command in '/home/mk/dev_ws/build/zed_ros2': CMAKE_PREFIX_PATH=/home/mk/dev_ws/install/zed_wrapper:/home/mk/dev_ws/install/zed_components:/home/mk/dev_ws/install/zed_interfaces:/home/mk/dev_ws/install/zed_ros2:/home/mk/dev_ws/install/xarm_planner:/home/mk/dev_ws/install/xarm_moveit_servo:/home/mk/dev_ws/install/xarm_moveit_config:/home/mk/dev_ws/install/xarm_gazebo:/home/mk/dev_ws/install/xarm_controller:/home/mk/dev_ws/install/xarm_api:/home/mk/dev_ws/install/xarm_sdk:/home/mk/dev_ws/install/rviz_robot_control_panel:/home/mk/dev_ws/install/xarm_msgs:/home/mk/dev_ws/install/xarm_description:/home/mk/dev_ws/install/whisper_bringup:/home/mk/dev_ws/install/whisper_server:/home/mk/dev_ws/install/transcript_manager:/home/mk/dev_ws/install/whisper_util:/home/mk/dev_ws/install/whisper_idl:/home/mk/dev_ws/install/whisper_cpp_vendor:/home/mk/dev_ws/install/realsense_gazebo_plugin:/home/mk/dev_ws/install/my_3d_vision_bringup:/home/mk/dev_ws/install/mbot_demo:/home/mk/dev_ws/install/yolo_object_detector:/home/mk/dev_ws/install/move_to_coordinator:/home/mk/dev_ws/install/motion_sequence:/home/mk/dev_ws/install/whisper_demos:/home/mk/dev_ws/install/voice_command_listener:/home/mk/dev_ws/install/uf_ros_lib:/home/mk/dev_ws/install/rviz_servo_status_overlay:/home/mk/dev_ws/install/rviz_marker_static_scene_objects:/home/mk/dev_ws/install/robot_motion_handler_movegroup:/home/mk/dev_ws/install/gaze_control:/home/mk/dev_ws/install/collision_check:/home/mk/dev_ws/install/audio_listener:/opt/ros/humble LD_LIBRARY_PATH=/home/mk/dev_ws/install/zed_components/lib:/home/mk/dev_ws/install/zed_interfaces/lib:/usr/local/cuda-12.1/lib64:/home/mk/dev_ws/install/xarm_planner/lib:/home/mk/dev_ws/install/xarm_moveit_servo/lib:/home/mk/dev_ws/install/xarm_gazebo/lib:/home/mk/dev_ws/install/xarm_controller/lib:/home/mk/dev_ws/install/xarm_api/lib:/home/mk/dev_ws/install/xarm_sdk/lib:/home/mk/dev_ws/install/rviz_robot_control_panel/lib:/home/mk/dev_ws/install/xarm_msgs/lib:/home/mk/dev_ws/install/whisper_server/lib:/home/mk/dev_ws/install/transcript_manager/lib:/home/mk/dev_ws/install/whisper_util/lib:/home/mk/dev_ws/install/whisper_idl/lib:/home/mk/dev_ws/install/whisper_cpp_vendor/lib:/home/mk/dev_ws/install/realsense_gazebo_plugin/lib:/home/mk/dev_ws/install/my_3d_vision_bringup/lib:/usr/lib/x86_64-linux-gnu/gazebo-11/plugins:/opt/ros/humble/opt/rviz_ogre_vendor/lib:/opt/ros/humble/lib/x86_64-linux-gnu:/opt/ros/humble/lib /usr/bin/cmake --build /home/mk/dev_ws/build/zed_ros2 -- -j20 -l20
[2.742s] DEBUG:colcon.colcon_core.event_handler.log_command:Invoked command in '/home/mk/dev_ws/build/whisper_bringup' returned '0': CMAKE_PREFIX_PATH=/home/mk/dev_ws/install/whisper_server:/home/mk/dev_ws/install/whisper_util:/home/mk/dev_ws/install/whisper_idl:/home/mk/dev_ws/install/whisper_cpp_vendor:/home/mk/dev_ws/install/zed_ros2:/home/mk/dev_ws/install/zed_wrapper:/home/mk/dev_ws/install/zed_components:/home/mk/dev_ws/install/zed_interfaces:/home/mk/dev_ws/install/xarm_planner:/home/mk/dev_ws/install/xarm_moveit_servo:/home/mk/dev_ws/install/xarm_moveit_config:/home/mk/dev_ws/install/xarm_gazebo:/home/mk/dev_ws/install/xarm_controller:/home/mk/dev_ws/install/xarm_api:/home/mk/dev_ws/install/xarm_sdk:/home/mk/dev_ws/install/rviz_robot_control_panel:/home/mk/dev_ws/install/xarm_msgs:/home/mk/dev_ws/install/xarm_description:/home/mk/dev_ws/install/whisper_bringup:/home/mk/dev_ws/install/transcript_manager:/home/mk/dev_ws/install/realsense_gazebo_plugin:/home/mk/dev_ws/install/my_3d_vision_bringup:/home/mk/dev_ws/install/mbot_demo:/home/mk/dev_ws/install/yolo_object_detector:/home/mk/dev_ws/install/move_to_coordinator:/home/mk/dev_ws/install/motion_sequence:/home/mk/dev_ws/install/whisper_demos:/home/mk/dev_ws/install/voice_command_listener:/home/mk/dev_ws/install/uf_ros_lib:/home/mk/dev_ws/install/rviz_servo_status_overlay:/home/mk/dev_ws/install/rviz_marker_static_scene_objects:/home/mk/dev_ws/install/robot_motion_handler_movegroup:/home/mk/dev_ws/install/gaze_control:/home/mk/dev_ws/install/collision_check:/home/mk/dev_ws/install/audio_listener:/opt/ros/humble LD_LIBRARY_PATH=/home/mk/dev_ws/install/whisper_server/lib:/home/mk/dev_ws/install/whisper_util/lib:/home/mk/dev_ws/install/whisper_idl/lib:/home/mk/dev_ws/install/whisper_cpp_vendor/lib:/usr/local/cuda-12.1/lib64:/home/mk/dev_ws/install/zed_components/lib:/home/mk/dev_ws/install/zed_interfaces/lib:/home/mk/dev_ws/install/xarm_planner/lib:/home/mk/dev_ws/install/xarm_moveit_servo/lib:/home/mk/dev_ws/install/xarm_gazebo/lib:/home/mk/dev_ws/install/xarm_controller/lib:/home/mk/dev_ws/install/xarm_api/lib:/home/mk/dev_ws/install/xarm_sdk/lib:/home/mk/dev_ws/install/rviz_robot_control_panel/lib:/home/mk/dev_ws/install/xarm_msgs/lib:/home/mk/dev_ws/install/transcript_manager/lib:/home/mk/dev_ws/install/realsense_gazebo_plugin/lib:/home/mk/dev_ws/install/my_3d_vision_bringup/lib:/usr/lib/x86_64-linux-gnu/gazebo-11/plugins:/opt/ros/humble/opt/rviz_ogre_vendor/lib:/opt/ros/humble/lib/x86_64-linux-gnu:/opt/ros/humble/lib /usr/bin/cmake --build /home/mk/dev_ws/build/whisper_bringup -- -j20 -l20
[2.744s] DEBUG:colcon.colcon_core.event_handler.log_command:Invoking command in '/home/mk/dev_ws/build/whisper_bringup': CMAKE_PREFIX_PATH=/home/mk/dev_ws/install/whisper_server:/home/mk/dev_ws/install/whisper_util:/home/mk/dev_ws/install/whisper_idl:/home/mk/dev_ws/install/whisper_cpp_vendor:/home/mk/dev_ws/install/zed_ros2:/home/mk/dev_ws/install/zed_wrapper:/home/mk/dev_ws/install/zed_components:/home/mk/dev_ws/install/zed_interfaces:/home/mk/dev_ws/install/xarm_planner:/home/mk/dev_ws/install/xarm_moveit_servo:/home/mk/dev_ws/install/xarm_moveit_config:/home/mk/dev_ws/install/xarm_gazebo:/home/mk/dev_ws/install/xarm_controller:/home/mk/dev_ws/install/xarm_api:/home/mk/dev_ws/install/xarm_sdk:/home/mk/dev_ws/install/rviz_robot_control_panel:/home/mk/dev_ws/install/xarm_msgs:/home/mk/dev_ws/install/xarm_description:/home/mk/dev_ws/install/whisper_bringup:/home/mk/dev_ws/install/transcript_manager:/home/mk/dev_ws/install/realsense_gazebo_plugin:/home/mk/dev_ws/install/my_3d_vision_bringup:/home/mk/dev_ws/install/mbot_demo:/home/mk/dev_ws/install/yolo_object_detector:/home/mk/dev_ws/install/move_to_coordinator:/home/mk/dev_ws/install/motion_sequence:/home/mk/dev_ws/install/whisper_demos:/home/mk/dev_ws/install/voice_command_listener:/home/mk/dev_ws/install/uf_ros_lib:/home/mk/dev_ws/install/rviz_servo_status_overlay:/home/mk/dev_ws/install/rviz_marker_static_scene_objects:/home/mk/dev_ws/install/robot_motion_handler_movegroup:/home/mk/dev_ws/install/gaze_control:/home/mk/dev_ws/install/collision_check:/home/mk/dev_ws/install/audio_listener:/opt/ros/humble LD_LIBRARY_PATH=/home/mk/dev_ws/install/whisper_server/lib:/home/mk/dev_ws/install/whisper_util/lib:/home/mk/dev_ws/install/whisper_idl/lib:/home/mk/dev_ws/install/whisper_cpp_vendor/lib:/usr/local/cuda-12.1/lib64:/home/mk/dev_ws/install/zed_components/lib:/home/mk/dev_ws/install/zed_interfaces/lib:/home/mk/dev_ws/install/xarm_planner/lib:/home/mk/dev_ws/install/xarm_moveit_servo/lib:/home/mk/dev_ws/install/xarm_gazebo/lib:/home/mk/dev_ws/install/xarm_controller/lib:/home/mk/dev_ws/install/xarm_api/lib:/home/mk/dev_ws/install/xarm_sdk/lib:/home/mk/dev_ws/install/rviz_robot_control_panel/lib:/home/mk/dev_ws/install/xarm_msgs/lib:/home/mk/dev_ws/install/transcript_manager/lib:/home/mk/dev_ws/install/realsense_gazebo_plugin/lib:/home/mk/dev_ws/install/my_3d_vision_bringup/lib:/usr/lib/x86_64-linux-gnu/gazebo-11/plugins:/opt/ros/humble/opt/rviz_ogre_vendor/lib:/opt/ros/humble/lib/x86_64-linux-gnu:/opt/ros/humble/lib /usr/bin/cmake --install /home/mk/dev_ws/build/whisper_bringup
[2.753s] DEBUG:colcon.colcon_core.event_handler.log_command:Invoked command in '/home/mk/dev_ws/build/zed_ros2' returned '0': CMAKE_PREFIX_PATH=/home/mk/dev_ws/install/zed_wrapper:/home/mk/dev_ws/install/zed_components:/home/mk/dev_ws/install/zed_interfaces:/home/mk/dev_ws/install/zed_ros2:/home/mk/dev_ws/install/xarm_planner:/home/mk/dev_ws/install/xarm_moveit_servo:/home/mk/dev_ws/install/xarm_moveit_config:/home/mk/dev_ws/install/xarm_gazebo:/home/mk/dev_ws/install/xarm_controller:/home/mk/dev_ws/install/xarm_api:/home/mk/dev_ws/install/xarm_sdk:/home/mk/dev_ws/install/rviz_robot_control_panel:/home/mk/dev_ws/install/xarm_msgs:/home/mk/dev_ws/install/xarm_description:/home/mk/dev_ws/install/whisper_bringup:/home/mk/dev_ws/install/whisper_server:/home/mk/dev_ws/install/transcript_manager:/home/mk/dev_ws/install/whisper_util:/home/mk/dev_ws/install/whisper_idl:/home/mk/dev_ws/install/whisper_cpp_vendor:/home/mk/dev_ws/install/realsense_gazebo_plugin:/home/mk/dev_ws/install/my_3d_vision_bringup:/home/mk/dev_ws/install/mbot_demo:/home/mk/dev_ws/install/yolo_object_detector:/home/mk/dev_ws/install/move_to_coordinator:/home/mk/dev_ws/install/motion_sequence:/home/mk/dev_ws/install/whisper_demos:/home/mk/dev_ws/install/voice_command_listener:/home/mk/dev_ws/install/uf_ros_lib:/home/mk/dev_ws/install/rviz_servo_status_overlay:/home/mk/dev_ws/install/rviz_marker_static_scene_objects:/home/mk/dev_ws/install/robot_motion_handler_movegroup:/home/mk/dev_ws/install/gaze_control:/home/mk/dev_ws/install/collision_check:/home/mk/dev_ws/install/audio_listener:/opt/ros/humble LD_LIBRARY_PATH=/home/mk/dev_ws/install/zed_components/lib:/home/mk/dev_ws/install/zed_interfaces/lib:/usr/local/cuda-12.1/lib64:/home/mk/dev_ws/install/xarm_planner/lib:/home/mk/dev_ws/install/xarm_moveit_servo/lib:/home/mk/dev_ws/install/xarm_gazebo/lib:/home/mk/dev_ws/install/xarm_controller/lib:/home/mk/dev_ws/install/xarm_api/lib:/home/mk/dev_ws/install/xarm_sdk/lib:/home/mk/dev_ws/install/rviz_robot_control_panel/lib:/home/mk/dev_ws/install/xarm_msgs/lib:/home/mk/dev_ws/install/whisper_server/lib:/home/mk/dev_ws/install/transcript_manager/lib:/home/mk/dev_ws/install/whisper_util/lib:/home/mk/dev_ws/install/whisper_idl/lib:/home/mk/dev_ws/install/whisper_cpp_vendor/lib:/home/mk/dev_ws/install/realsense_gazebo_plugin/lib:/home/mk/dev_ws/install/my_3d_vision_bringup/lib:/usr/lib/x86_64-linux-gnu/gazebo-11/plugins:/opt/ros/humble/opt/rviz_ogre_vendor/lib:/opt/ros/humble/lib/x86_64-linux-gnu:/opt/ros/humble/lib /usr/bin/cmake --build /home/mk/dev_ws/build/zed_ros2 -- -j20 -l20
[2.755s] DEBUG:colcon.colcon_core.event_handler.log_command:Invoking command in '/home/mk/dev_ws/build/zed_ros2': CMAKE_PREFIX_PATH=/home/mk/dev_ws/install/zed_wrapper:/home/mk/dev_ws/install/zed_components:/home/mk/dev_ws/install/zed_interfaces:/home/mk/dev_ws/install/zed_ros2:/home/mk/dev_ws/install/xarm_planner:/home/mk/dev_ws/install/xarm_moveit_servo:/home/mk/dev_ws/install/xarm_moveit_config:/home/mk/dev_ws/install/xarm_gazebo:/home/mk/dev_ws/install/xarm_controller:/home/mk/dev_ws/install/xarm_api:/home/mk/dev_ws/install/xarm_sdk:/home/mk/dev_ws/install/rviz_robot_control_panel:/home/mk/dev_ws/install/xarm_msgs:/home/mk/dev_ws/install/xarm_description:/home/mk/dev_ws/install/whisper_bringup:/home/mk/dev_ws/install/whisper_server:/home/mk/dev_ws/install/transcript_manager:/home/mk/dev_ws/install/whisper_util:/home/mk/dev_ws/install/whisper_idl:/home/mk/dev_ws/install/whisper_cpp_vendor:/home/mk/dev_ws/install/realsense_gazebo_plugin:/home/mk/dev_ws/install/my_3d_vision_bringup:/home/mk/dev_ws/install/mbot_demo:/home/mk/dev_ws/install/yolo_object_detector:/home/mk/dev_ws/install/move_to_coordinator:/home/mk/dev_ws/install/motion_sequence:/home/mk/dev_ws/install/whisper_demos:/home/mk/dev_ws/install/voice_command_listener:/home/mk/dev_ws/install/uf_ros_lib:/home/mk/dev_ws/install/rviz_servo_status_overlay:/home/mk/dev_ws/install/rviz_marker_static_scene_objects:/home/mk/dev_ws/install/robot_motion_handler_movegroup:/home/mk/dev_ws/install/gaze_control:/home/mk/dev_ws/install/collision_check:/home/mk/dev_ws/install/audio_listener:/opt/ros/humble LD_LIBRARY_PATH=/home/mk/dev_ws/install/zed_components/lib:/home/mk/dev_ws/install/zed_interfaces/lib:/usr/local/cuda-12.1/lib64:/home/mk/dev_ws/install/xarm_planner/lib:/home/mk/dev_ws/install/xarm_moveit_servo/lib:/home/mk/dev_ws/install/xarm_gazebo/lib:/home/mk/dev_ws/install/xarm_controller/lib:/home/mk/dev_ws/install/xarm_api/lib:/home/mk/dev_ws/install/xarm_sdk/lib:/home/mk/dev_ws/install/rviz_robot_control_panel/lib:/home/mk/dev_ws/install/xarm_msgs/lib:/home/mk/dev_ws/install/whisper_server/lib:/home/mk/dev_ws/install/transcript_manager/lib:/home/mk/dev_ws/install/whisper_util/lib:/home/mk/dev_ws/install/whisper_idl/lib:/home/mk/dev_ws/install/whisper_cpp_vendor/lib:/home/mk/dev_ws/install/realsense_gazebo_plugin/lib:/home/mk/dev_ws/install/my_3d_vision_bringup/lib:/usr/lib/x86_64-linux-gnu/gazebo-11/plugins:/opt/ros/humble/opt/rviz_ogre_vendor/lib:/opt/ros/humble/lib/x86_64-linux-gnu:/opt/ros/humble/lib /usr/bin/cmake --install /home/mk/dev_ws/build/zed_ros2
[2.763s] Level 1:colcon.colcon_core.environment:create_environment_scripts_only(whisper_bringup)
[2.764s] Level 1:colcon.colcon_core.environment:checking '/home/mk/dev_ws/install/whisper_bringup' for CMake module files
[2.765s] DEBUG:colcon.colcon_core.event_handler.log_command:Invoked command in '/home/mk/dev_ws/build/whisper_bringup' returned '0': CMAKE_PREFIX_PATH=/home/mk/dev_ws/install/whisper_server:/home/mk/dev_ws/install/whisper_util:/home/mk/dev_ws/install/whisper_idl:/home/mk/dev_ws/install/whisper_cpp_vendor:/home/mk/dev_ws/install/zed_ros2:/home/mk/dev_ws/install/zed_wrapper:/home/mk/dev_ws/install/zed_components:/home/mk/dev_ws/install/zed_interfaces:/home/mk/dev_ws/install/xarm_planner:/home/mk/dev_ws/install/xarm_moveit_servo:/home/mk/dev_ws/install/xarm_moveit_config:/home/mk/dev_ws/install/xarm_gazebo:/home/mk/dev_ws/install/xarm_controller:/home/mk/dev_ws/install/xarm_api:/home/mk/dev_ws/install/xarm_sdk:/home/mk/dev_ws/install/rviz_robot_control_panel:/home/mk/dev_ws/install/xarm_msgs:/home/mk/dev_ws/install/xarm_description:/home/mk/dev_ws/install/whisper_bringup:/home/mk/dev_ws/install/transcript_manager:/home/mk/dev_ws/install/realsense_gazebo_plugin:/home/mk/dev_ws/install/my_3d_vision_bringup:/home/mk/dev_ws/install/mbot_demo:/home/mk/dev_ws/install/yolo_object_detector:/home/mk/dev_ws/install/move_to_coordinator:/home/mk/dev_ws/install/motion_sequence:/home/mk/dev_ws/install/whisper_demos:/home/mk/dev_ws/install/voice_command_listener:/home/mk/dev_ws/install/uf_ros_lib:/home/mk/dev_ws/install/rviz_servo_status_overlay:/home/mk/dev_ws/install/rviz_marker_static_scene_objects:/home/mk/dev_ws/install/robot_motion_handler_movegroup:/home/mk/dev_ws/install/gaze_control:/home/mk/dev_ws/install/collision_check:/home/mk/dev_ws/install/audio_listener:/opt/ros/humble LD_LIBRARY_PATH=/home/mk/dev_ws/install/whisper_server/lib:/home/mk/dev_ws/install/whisper_util/lib:/home/mk/dev_ws/install/whisper_idl/lib:/home/mk/dev_ws/install/whisper_cpp_vendor/lib:/usr/local/cuda-12.1/lib64:/home/mk/dev_ws/install/zed_components/lib:/home/mk/dev_ws/install/zed_interfaces/lib:/home/mk/dev_ws/install/xarm_planner/lib:/home/mk/dev_ws/install/xarm_moveit_servo/lib:/home/mk/dev_ws/install/xarm_gazebo/lib:/home/mk/dev_ws/install/xarm_controller/lib:/home/mk/dev_ws/install/xarm_api/lib:/home/mk/dev_ws/install/xarm_sdk/lib:/home/mk/dev_ws/install/rviz_robot_control_panel/lib:/home/mk/dev_ws/install/xarm_msgs/lib:/home/mk/dev_ws/install/transcript_manager/lib:/home/mk/dev_ws/install/realsense_gazebo_plugin/lib:/home/mk/dev_ws/install/my_3d_vision_bringup/lib:/usr/lib/x86_64-linux-gnu/gazebo-11/plugins:/opt/ros/humble/opt/rviz_ogre_vendor/lib:/opt/ros/humble/lib/x86_64-linux-gnu:/opt/ros/humble/lib /usr/bin/cmake --install /home/mk/dev_ws/build/whisper_bringup
[2.765s] Level 1:colcon.colcon_core.environment:checking '/home/mk/dev_ws/install/whisper_bringup' for CMake config files
[2.765s] Level 1:colcon.colcon_core.shell:create_environment_hook('whisper_bringup', 'cmake_prefix_path')
[2.766s] INFO:colcon.colcon_core.shell:Creating environment hook '/home/mk/dev_ws/install/whisper_bringup/share/whisper_bringup/hook/cmake_prefix_path.ps1'
[2.766s] INFO:colcon.colcon_core.shell:Creating environment descriptor '/home/mk/dev_ws/install/whisper_bringup/share/whisper_bringup/hook/cmake_prefix_path.dsv'
[2.766s] INFO:colcon.colcon_core.shell:Creating environment hook '/home/mk/dev_ws/install/whisper_bringup/share/whisper_bringup/hook/cmake_prefix_path.sh'
[2.767s] Level 1:colcon.colcon_core.environment:checking '/home/mk/dev_ws/install/whisper_bringup/bin'
[2.767s] Level 1:colcon.colcon_core.environment:checking '/home/mk/dev_ws/install/whisper_bringup/lib/pkgconfig/whisper_bringup.pc'
[2.767s] Level 1:colcon.colcon_core.environment:checking '/home/mk/dev_ws/install/whisper_bringup/lib/python3.10/site-packages'
[2.767s] Level 1:colcon.colcon_core.environment:checking '/home/mk/dev_ws/install/whisper_bringup/bin'
[2.768s] INFO:colcon.colcon_core.shell:Creating package script '/home/mk/dev_ws/install/whisper_bringup/share/whisper_bringup/package.ps1'
[2.768s] INFO:colcon.colcon_core.shell:Creating package descriptor '/home/mk/dev_ws/install/whisper_bringup/share/whisper_bringup/package.dsv'
[2.769s] INFO:colcon.colcon_core.shell:Creating package script '/home/mk/dev_ws/install/whisper_bringup/share/whisper_bringup/package.sh'
[2.769s] INFO:colcon.colcon_core.shell:Creating package script '/home/mk/dev_ws/install/whisper_bringup/share/whisper_bringup/package.bash'
[2.770s] INFO:colcon.colcon_core.shell:Creating package script '/home/mk/dev_ws/install/whisper_bringup/share/whisper_bringup/package.zsh'
[2.770s] Level 1:colcon.colcon_core.environment:create_file_with_runtime_dependencies(/home/mk/dev_ws/install/whisper_bringup/share/colcon-core/packages/whisper_bringup)
[2.771s] Level 1:colcon.colcon_core.environment:create_environment_scripts_only(whisper_bringup)
[2.771s] Level 1:colcon.colcon_core.environment:checking '/home/mk/dev_ws/install/whisper_bringup' for CMake module files
[2.772s] Level 1:colcon.colcon_core.environment:checking '/home/mk/dev_ws/install/whisper_bringup' for CMake config files
[2.772s] Level 1:colcon.colcon_core.shell:create_environment_hook('whisper_bringup', 'cmake_prefix_path')
[2.773s] INFO:colcon.colcon_core.shell:Creating environment hook '/home/mk/dev_ws/install/whisper_bringup/share/whisper_bringup/hook/cmake_prefix_path.ps1'
[2.774s] INFO:colcon.colcon_core.shell:Creating environment descriptor '/home/mk/dev_ws/install/whisper_bringup/share/whisper_bringup/hook/cmake_prefix_path.dsv'
[2.774s] INFO:colcon.colcon_core.shell:Creating environment hook '/home/mk/dev_ws/install/whisper_bringup/share/whisper_bringup/hook/cmake_prefix_path.sh'
[2.775s] Level 1:colcon.colcon_core.environment:checking '/home/mk/dev_ws/install/whisper_bringup/bin'
[2.775s] Level 1:colcon.colcon_core.environment:checking '/home/mk/dev_ws/install/whisper_bringup/lib/pkgconfig/whisper_bringup.pc'
[2.775s] Level 1:colcon.colcon_core.environment:checking '/home/mk/dev_ws/install/whisper_bringup/lib/python3.10/site-packages'
[2.775s] Level 1:colcon.colcon_core.environment:checking '/home/mk/dev_ws/install/whisper_bringup/bin'
[2.776s] INFO:colcon.colcon_core.shell:Creating package script '/home/mk/dev_ws/install/whisper_bringup/share/whisper_bringup/package.ps1'
[2.776s] INFO:colcon.colcon_core.shell:Creating package descriptor '/home/mk/dev_ws/install/whisper_bringup/share/whisper_bringup/package.dsv'
[2.777s] INFO:colcon.colcon_core.shell:Creating package script '/home/mk/dev_ws/install/whisper_bringup/share/whisper_bringup/package.sh'
[2.777s] INFO:colcon.colcon_core.shell:Creating package script '/home/mk/dev_ws/install/whisper_bringup/share/whisper_bringup/package.bash'
[2.777s] INFO:colcon.colcon_core.shell:Creating package script '/home/mk/dev_ws/install/whisper_bringup/share/whisper_bringup/package.zsh'
[2.778s] Level 1:colcon.colcon_core.environment:create_file_with_runtime_dependencies(/home/mk/dev_ws/install/whisper_bringup/share/colcon-core/packages/whisper_bringup)
[2.778s] Level 1:colcon.colcon_core.environment:create_environment_scripts_only(zed_ros2)
[2.779s] Level 1:colcon.colcon_core.environment:checking '/home/mk/dev_ws/install/zed_ros2' for CMake module files
[2.779s] DEBUG:colcon.colcon_core.event_handler.log_command:Invoked command in '/home/mk/dev_ws/build/zed_ros2' returned '0': CMAKE_PREFIX_PATH=/home/mk/dev_ws/install/zed_wrapper:/home/mk/dev_ws/install/zed_components:/home/mk/dev_ws/install/zed_interfaces:/home/mk/dev_ws/install/zed_ros2:/home/mk/dev_ws/install/xarm_planner:/home/mk/dev_ws/install/xarm_moveit_servo:/home/mk/dev_ws/install/xarm_moveit_config:/home/mk/dev_ws/install/xarm_gazebo:/home/mk/dev_ws/install/xarm_controller:/home/mk/dev_ws/install/xarm_api:/home/mk/dev_ws/install/xarm_sdk:/home/mk/dev_ws/install/rviz_robot_control_panel:/home/mk/dev_ws/install/xarm_msgs:/home/mk/dev_ws/install/xarm_description:/home/mk/dev_ws/install/whisper_bringup:/home/mk/dev_ws/install/whisper_server:/home/mk/dev_ws/install/transcript_manager:/home/mk/dev_ws/install/whisper_util:/home/mk/dev_ws/install/whisper_idl:/home/mk/dev_ws/install/whisper_cpp_vendor:/home/mk/dev_ws/install/realsense_gazebo_plugin:/home/mk/dev_ws/install/my_3d_vision_bringup:/home/mk/dev_ws/install/mbot_demo:/home/mk/dev_ws/install/yolo_object_detector:/home/mk/dev_ws/install/move_to_coordinator:/home/mk/dev_ws/install/motion_sequence:/home/mk/dev_ws/install/whisper_demos:/home/mk/dev_ws/install/voice_command_listener:/home/mk/dev_ws/install/uf_ros_lib:/home/mk/dev_ws/install/rviz_servo_status_overlay:/home/mk/dev_ws/install/rviz_marker_static_scene_objects:/home/mk/dev_ws/install/robot_motion_handler_movegroup:/home/mk/dev_ws/install/gaze_control:/home/mk/dev_ws/install/collision_check:/home/mk/dev_ws/install/audio_listener:/opt/ros/humble LD_LIBRARY_PATH=/home/mk/dev_ws/install/zed_components/lib:/home/mk/dev_ws/install/zed_interfaces/lib:/usr/local/cuda-12.1/lib64:/home/mk/dev_ws/install/xarm_planner/lib:/home/mk/dev_ws/install/xarm_moveit_servo/lib:/home/mk/dev_ws/install/xarm_gazebo/lib:/home/mk/dev_ws/install/xarm_controller/lib:/home/mk/dev_ws/install/xarm_api/lib:/home/mk/dev_ws/install/xarm_sdk/lib:/home/mk/dev_ws/install/rviz_robot_control_panel/lib:/home/mk/dev_ws/install/xarm_msgs/lib:/home/mk/dev_ws/install/whisper_server/lib:/home/mk/dev_ws/install/transcript_manager/lib:/home/mk/dev_ws/install/whisper_util/lib:/home/mk/dev_ws/install/whisper_idl/lib:/home/mk/dev_ws/install/whisper_cpp_vendor/lib:/home/mk/dev_ws/install/realsense_gazebo_plugin/lib:/home/mk/dev_ws/install/my_3d_vision_bringup/lib:/usr/lib/x86_64-linux-gnu/gazebo-11/plugins:/opt/ros/humble/opt/rviz_ogre_vendor/lib:/opt/ros/humble/lib/x86_64-linux-gnu:/opt/ros/humble/lib /usr/bin/cmake --install /home/mk/dev_ws/build/zed_ros2
[2.780s] Level 1:colcon.colcon_core.environment:checking '/home/mk/dev_ws/install/zed_ros2' for CMake config files
[2.780s] Level 1:colcon.colcon_core.shell:create_environment_hook('zed_ros2', 'cmake_prefix_path')
[2.780s] INFO:colcon.colcon_core.shell:Creating environment hook '/home/mk/dev_ws/install/zed_ros2/share/zed_ros2/hook/cmake_prefix_path.ps1'
[2.780s] INFO:colcon.colcon_core.shell:Creating environment descriptor '/home/mk/dev_ws/install/zed_ros2/share/zed_ros2/hook/cmake_prefix_path.dsv'
[2.781s] INFO:colcon.colcon_core.shell:Creating environment hook '/home/mk/dev_ws/install/zed_ros2/share/zed_ros2/hook/cmake_prefix_path.sh'
[2.781s] Level 1:colcon.colcon_core.environment:checking '/home/mk/dev_ws/install/zed_ros2/bin'
[2.781s] Level 1:colcon.colcon_core.environment:checking '/home/mk/dev_ws/install/zed_ros2/lib/pkgconfig/zed_ros2.pc'
[2.781s] Level 1:colcon.colcon_core.environment:checking '/home/mk/dev_ws/install/zed_ros2/lib/python3.10/site-packages'
[2.782s] Level 1:colcon.colcon_core.environment:checking '/home/mk/dev_ws/install/zed_ros2/bin'
[2.782s] INFO:colcon.colcon_core.shell:Creating package script '/home/mk/dev_ws/install/zed_ros2/share/zed_ros2/package.ps1'
[2.782s] INFO:colcon.colcon_core.shell:Creating package descriptor '/home/mk/dev_ws/install/zed_ros2/share/zed_ros2/package.dsv'
[2.783s] INFO:colcon.colcon_core.shell:Creating package script '/home/mk/dev_ws/install/zed_ros2/share/zed_ros2/package.sh'
[2.783s] INFO:colcon.colcon_core.shell:Creating package script '/home/mk/dev_ws/install/zed_ros2/share/zed_ros2/package.bash'
[2.783s] INFO:colcon.colcon_core.shell:Creating package script '/home/mk/dev_ws/install/zed_ros2/share/zed_ros2/package.zsh'
[2.783s] Level 1:colcon.colcon_core.environment:create_file_with_runtime_dependencies(/home/mk/dev_ws/install/zed_ros2/share/colcon-core/packages/zed_ros2)
[2.784s] Level 1:colcon.colcon_core.environment:create_environment_scripts_only(zed_ros2)
[2.784s] Level 1:colcon.colcon_core.environment:checking '/home/mk/dev_ws/install/zed_ros2' for CMake module files
[2.784s] Level 1:colcon.colcon_core.environment:checking '/home/mk/dev_ws/install/zed_ros2' for CMake config files
[2.785s] Level 1:colcon.colcon_core.shell:create_environment_hook('zed_ros2', 'cmake_prefix_path')
[2.785s] INFO:colcon.colcon_core.shell:Creating environment hook '/home/mk/dev_ws/install/zed_ros2/share/zed_ros2/hook/cmake_prefix_path.ps1'
[2.785s] INFO:colcon.colcon_core.shell:Creating environment descriptor '/home/mk/dev_ws/install/zed_ros2/share/zed_ros2/hook/cmake_prefix_path.dsv'
[2.785s] INFO:colcon.colcon_core.shell:Creating environment hook '/home/mk/dev_ws/install/zed_ros2/share/zed_ros2/hook/cmake_prefix_path.sh'
[2.786s] Level 1:colcon.colcon_core.environment:checking '/home/mk/dev_ws/install/zed_ros2/bin'
[2.786s] Level 1:colcon.colcon_core.environment:checking '/home/mk/dev_ws/install/zed_ros2/lib/pkgconfig/zed_ros2.pc'
[2.786s] Level 1:colcon.colcon_core.environment:checking '/home/mk/dev_ws/install/zed_ros2/lib/python3.10/site-packages'
[2.786s] Level 1:colcon.colcon_core.environment:checking '/home/mk/dev_ws/install/zed_ros2/bin'
[2.786s] INFO:colcon.colcon_core.shell:Creating package script '/home/mk/dev_ws/install/zed_ros2/share/zed_ros2/package.ps1'
[2.787s] INFO:colcon.colcon_core.shell:Creating package descriptor '/home/mk/dev_ws/install/zed_ros2/share/zed_ros2/package.dsv'
[2.787s] INFO:colcon.colcon_core.shell:Creating package script '/home/mk/dev_ws/install/zed_ros2/share/zed_ros2/package.sh'
[2.787s] INFO:colcon.colcon_core.shell:Creating package script '/home/mk/dev_ws/install/zed_ros2/share/zed_ros2/package.bash'
[2.788s] INFO:colcon.colcon_core.shell:Creating package script '/home/mk/dev_ws/install/zed_ros2/share/zed_ros2/package.zsh'
[2.788s] Level 1:colcon.colcon_core.environment:create_file_with_runtime_dependencies(/home/mk/dev_ws/install/zed_ros2/share/colcon-core/packages/zed_ros2)
[2.790s] DEBUG:colcon.colcon_core.event_handler.log_command:Invoking command in '/home/mk/dev_ws/build/move_to_coordinator': CMAKE_PREFIX_PATH=/home/mk/dev_ws/install/xarm_msgs:/home/mk/dev_ws/install/zed_ros2:/home/mk/dev_ws/install/zed_wrapper:/home/mk/dev_ws/install/zed_components:/home/mk/dev_ws/install/zed_interfaces:/home/mk/dev_ws/install/xarm_planner:/home/mk/dev_ws/install/xarm_moveit_servo:/home/mk/dev_ws/install/xarm_moveit_config:/home/mk/dev_ws/install/xarm_gazebo:/home/mk/dev_ws/install/xarm_controller:/home/mk/dev_ws/install/xarm_api:/home/mk/dev_ws/install/xarm_sdk:/home/mk/dev_ws/install/rviz_robot_control_panel:/home/mk/dev_ws/install/xarm_description:/home/mk/dev_ws/install/whisper_bringup:/home/mk/dev_ws/install/whisper_server:/home/mk/dev_ws/install/transcript_manager:/home/mk/dev_ws/install/whisper_util:/home/mk/dev_ws/install/whisper_idl:/home/mk/dev_ws/install/whisper_cpp_vendor:/home/mk/dev_ws/install/realsense_gazebo_plugin:/home/mk/dev_ws/install/my_3d_vision_bringup:/home/mk/dev_ws/install/mbot_demo LD_LIBRARY_PATH=/home/mk/dev_ws/install/xarm_msgs/lib:/usr/local/cuda-12.1/lib64:/home/mk/dev_ws/install/zed_components/lib:/home/mk/dev_ws/install/zed_interfaces/lib:/home/mk/dev_ws/install/xarm_planner/lib:/home/mk/dev_ws/install/xarm_moveit_servo/lib:/home/mk/dev_ws/install/xarm_gazebo/lib:/home/mk/dev_ws/install/xarm_controller/lib:/home/mk/dev_ws/install/xarm_api/lib:/home/mk/dev_ws/install/xarm_sdk/lib:/home/mk/dev_ws/install/rviz_robot_control_panel/lib:/home/mk/dev_ws/install/whisper_server/lib:/home/mk/dev_ws/install/transcript_manager/lib:/home/mk/dev_ws/install/whisper_util/lib:/home/mk/dev_ws/install/whisper_idl/lib:/home/mk/dev_ws/install/whisper_cpp_vendor/lib:/home/mk/dev_ws/install/realsense_gazebo_plugin/lib:/home/mk/dev_ws/install/my_3d_vision_bringup/lib:/usr/lib/x86_64-linux-gnu/gazebo-11/plugins:/opt/ros/humble/opt/rviz_ogre_vendor/lib:/opt/ros/humble/lib/x86_64-linux-gnu:/opt/ros/humble/lib PYTHONPATH=/home/mk/dev_ws/build/move_to_coordinator/prefix_override:/usr/lib/python3/dist-packages/colcon_core/task/python/colcon_distutils_commands:/home/mk/dev_ws/install/move_to_coordinator/lib/python3.10/site-packages:${PYTHONPATH} /usr/bin/python3 -W ignore:setup.py install is deprecated -W ignore:easy_install command is deprecated setup.py develop --editable --build-directory /home/mk/dev_ws/build/move_to_coordinator/build --no-deps symlink_data
[2.792s] DEBUG:colcon.colcon_core.event_handler.log_command:Invoking command in '/home/mk/dev_ws/build/voice_command_listener': CMAKE_PREFIX_PATH=/home/mk/dev_ws/install/whisper_idl:/home/mk/dev_ws/install/zed_ros2:/home/mk/dev_ws/install/zed_wrapper:/home/mk/dev_ws/install/zed_components:/home/mk/dev_ws/install/zed_interfaces:/home/mk/dev_ws/install/xarm_planner:/home/mk/dev_ws/install/xarm_moveit_servo:/home/mk/dev_ws/install/xarm_moveit_config:/home/mk/dev_ws/install/xarm_gazebo:/home/mk/dev_ws/install/xarm_controller:/home/mk/dev_ws/install/xarm_api:/home/mk/dev_ws/install/xarm_sdk:/home/mk/dev_ws/install/rviz_robot_control_panel:/home/mk/dev_ws/install/xarm_msgs:/home/mk/dev_ws/install/xarm_description:/home/mk/dev_ws/install/whisper_bringup:/home/mk/dev_ws/install/whisper_server:/home/mk/dev_ws/install/transcript_manager:/home/mk/dev_ws/install/whisper_util:/home/mk/dev_ws/install/whisper_cpp_vendor:/home/mk/dev_ws/install/realsense_gazebo_plugin:/home/mk/dev_ws/install/my_3d_vision_bringup:/home/mk/dev_ws/install/mbot_demo LD_LIBRARY_PATH=/home/mk/dev_ws/install/whisper_idl/lib:/usr/local/cuda-12.1/lib64:/home/mk/dev_ws/install/zed_components/lib:/home/mk/dev_ws/install/zed_interfaces/lib:/home/mk/dev_ws/install/xarm_planner/lib:/home/mk/dev_ws/install/xarm_moveit_servo/lib:/home/mk/dev_ws/install/xarm_gazebo/lib:/home/mk/dev_ws/install/xarm_controller/lib:/home/mk/dev_ws/install/xarm_api/lib:/home/mk/dev_ws/install/xarm_sdk/lib:/home/mk/dev_ws/install/rviz_robot_control_panel/lib:/home/mk/dev_ws/install/xarm_msgs/lib:/home/mk/dev_ws/install/whisper_server/lib:/home/mk/dev_ws/install/transcript_manager/lib:/home/mk/dev_ws/install/whisper_util/lib:/home/mk/dev_ws/install/whisper_cpp_vendor/lib:/home/mk/dev_ws/install/realsense_gazebo_plugin/lib:/home/mk/dev_ws/install/my_3d_vision_bringup/lib:/usr/lib/x86_64-linux-gnu/gazebo-11/plugins:/opt/ros/humble/opt/rviz_ogre_vendor/lib:/opt/ros/humble/lib/x86_64-linux-gnu:/opt/ros/humble/lib PYTHONPATH=/home/mk/dev_ws/build/voice_command_listener/prefix_override:/usr/lib/python3/dist-packages/colcon_core/task/python/colcon_distutils_commands:/home/mk/dev_ws/install/voice_command_listener/lib/python3.10/site-packages:${PYTHONPATH} /usr/bin/python3 -W ignore:setup.py install is deprecated -W ignore:easy_install command is deprecated setup.py develop --editable --build-directory /home/mk/dev_ws/build/voice_command_listener/build --no-deps symlink_data
[2.826s] Level 1:colcon.colcon_core.shell:create_environment_hook('robot_motion_handler_movegroup', 'pythonpath_develop')
[2.827s] INFO:colcon.colcon_core.shell:Creating environment hook '/home/mk/dev_ws/build/robot_motion_handler_movegroup/share/robot_motion_handler_movegroup/hook/pythonpath_develop.ps1'
[2.827s] DEBUG:colcon.colcon_core.event_handler.log_command:Invoked command in '/home/mk/dev_ws/build/robot_motion_handler_movegroup' returned '0': PYTHONPATH=/home/mk/dev_ws/build/robot_motion_handler_movegroup/prefix_override:/usr/lib/python3/dist-packages/colcon_core/task/python/colcon_distutils_commands:/home/mk/dev_ws/install/robot_motion_handler_movegroup/lib/python3.10/site-packages:${PYTHONPATH} /usr/bin/python3 -W ignore:setup.py install is deprecated -W ignore:easy_install command is deprecated setup.py develop --editable --build-directory /home/mk/dev_ws/build/robot_motion_handler_movegroup/build --no-deps symlink_data
[2.828s] INFO:colcon.colcon_core.shell:Creating environment descriptor '/home/mk/dev_ws/build/robot_motion_handler_movegroup/share/robot_motion_handler_movegroup/hook/pythonpath_develop.dsv'
[2.828s] INFO:colcon.colcon_core.shell:Creating environment hook '/home/mk/dev_ws/build/robot_motion_handler_movegroup/share/robot_motion_handler_movegroup/hook/pythonpath_develop.sh'
[2.828s] Level 1:colcon.colcon_core.environment:checking '/home/mk/dev_ws/install/robot_motion_handler_movegroup' for CMake module files
[2.829s] Level 1:colcon.colcon_core.environment:checking '/home/mk/dev_ws/install/robot_motion_handler_movegroup' for CMake config files
[2.829s] Level 1:colcon.colcon_core.environment:checking '/home/mk/dev_ws/install/robot_motion_handler_movegroup/lib'
[2.829s] Level 1:colcon.colcon_core.environment:checking '/home/mk/dev_ws/install/robot_motion_handler_movegroup/bin'
[2.829s] Level 1:colcon.colcon_core.environment:checking '/home/mk/dev_ws/install/robot_motion_handler_movegroup/lib/pkgconfig/robot_motion_handler_movegroup.pc'
[2.829s] Level 1:colcon.colcon_core.environment:checking '/home/mk/dev_ws/install/robot_motion_handler_movegroup/lib/python3.10/site-packages'
[2.830s] Level 1:colcon.colcon_core.shell:create_environment_hook('robot_motion_handler_movegroup', 'pythonpath')
[2.830s] INFO:colcon.colcon_core.shell:Creating environment hook '/home/mk/dev_ws/install/robot_motion_handler_movegroup/share/robot_motion_handler_movegroup/hook/pythonpath.ps1'
[2.830s] INFO:colcon.colcon_core.shell:Creating environment descriptor '/home/mk/dev_ws/install/robot_motion_handler_movegroup/share/robot_motion_handler_movegroup/hook/pythonpath.dsv'
[2.831s] INFO:colcon.colcon_core.shell:Creating environment hook '/home/mk/dev_ws/install/robot_motion_handler_movegroup/share/robot_motion_handler_movegroup/hook/pythonpath.sh'
[2.831s] Level 1:colcon.colcon_core.environment:checking '/home/mk/dev_ws/install/robot_motion_handler_movegroup/bin'
[2.831s] Level 1:colcon.colcon_core.environment:create_environment_scripts_only(robot_motion_handler_movegroup)
[2.832s] INFO:colcon.colcon_core.shell:Creating package script '/home/mk/dev_ws/install/robot_motion_handler_movegroup/share/robot_motion_handler_movegroup/package.ps1'
[2.832s] INFO:colcon.colcon_core.shell:Creating package descriptor '/home/mk/dev_ws/install/robot_motion_handler_movegroup/share/robot_motion_handler_movegroup/package.dsv'
[2.833s] INFO:colcon.colcon_core.shell:Creating package script '/home/mk/dev_ws/install/robot_motion_handler_movegroup/share/robot_motion_handler_movegroup/package.sh'
[2.833s] INFO:colcon.colcon_core.shell:Creating package script '/home/mk/dev_ws/install/robot_motion_handler_movegroup/share/robot_motion_handler_movegroup/package.bash'
[2.833s] INFO:colcon.colcon_core.shell:Creating package script '/home/mk/dev_ws/install/robot_motion_handler_movegroup/share/robot_motion_handler_movegroup/package.zsh'
[2.834s] Level 1:colcon.colcon_core.environment:create_file_with_runtime_dependencies(/home/mk/dev_ws/install/robot_motion_handler_movegroup/share/colcon-core/packages/robot_motion_handler_movegroup)
[2.835s] Level 1:colcon.colcon_core.shell:create_environment_hook('rviz_servo_status_overlay', 'pythonpath_develop')
[2.835s] INFO:colcon.colcon_core.shell:Creating environment hook '/home/mk/dev_ws/build/rviz_servo_status_overlay/share/rviz_servo_status_overlay/hook/pythonpath_develop.ps1'
[2.836s] INFO:colcon.colcon_core.shell:Creating environment descriptor '/home/mk/dev_ws/build/rviz_servo_status_overlay/share/rviz_servo_status_overlay/hook/pythonpath_develop.dsv'
[2.836s] DEBUG:colcon.colcon_core.event_handler.log_command:Invoked command in '/home/mk/dev_ws/build/rviz_servo_status_overlay' returned '0': PYTHONPATH=/home/mk/dev_ws/build/rviz_servo_status_overlay/prefix_override:/usr/lib/python3/dist-packages/colcon_core/task/python/colcon_distutils_commands:/home/mk/dev_ws/install/rviz_servo_status_overlay/lib/python3.10/site-packages:${PYTHONPATH} /usr/bin/python3 -W ignore:setup.py install is deprecated -W ignore:easy_install command is deprecated setup.py develop --editable --build-directory /home/mk/dev_ws/build/rviz_servo_status_overlay/build --no-deps symlink_data
[2.836s] INFO:colcon.colcon_core.shell:Creating environment hook '/home/mk/dev_ws/build/rviz_servo_status_overlay/share/rviz_servo_status_overlay/hook/pythonpath_develop.sh'
[2.836s] Level 1:colcon.colcon_core.environment:checking '/home/mk/dev_ws/install/rviz_servo_status_overlay' for CMake module files
[2.836s] Level 1:colcon.colcon_core.environment:checking '/home/mk/dev_ws/install/rviz_servo_status_overlay' for CMake config files
[2.837s] Level 1:colcon.colcon_core.environment:checking '/home/mk/dev_ws/install/rviz_servo_status_overlay/lib'
[2.837s] Level 1:colcon.colcon_core.environment:checking '/home/mk/dev_ws/install/rviz_servo_status_overlay/bin'
[2.837s] Level 1:colcon.colcon_core.environment:checking '/home/mk/dev_ws/install/rviz_servo_status_overlay/lib/pkgconfig/rviz_servo_status_overlay.pc'
[2.837s] Level 1:colcon.colcon_core.environment:checking '/home/mk/dev_ws/install/rviz_servo_status_overlay/lib/python3.10/site-packages'
[2.837s] Level 1:colcon.colcon_core.shell:create_environment_hook('rviz_servo_status_overlay', 'pythonpath')
[2.837s] INFO:colcon.colcon_core.shell:Creating environment hook '/home/mk/dev_ws/install/rviz_servo_status_overlay/share/rviz_servo_status_overlay/hook/pythonpath.ps1'
[2.837s] INFO:colcon.colcon_core.shell:Creating environment descriptor '/home/mk/dev_ws/install/rviz_servo_status_overlay/share/rviz_servo_status_overlay/hook/pythonpath.dsv'
[2.838s] INFO:colcon.colcon_core.shell:Creating environment hook '/home/mk/dev_ws/install/rviz_servo_status_overlay/share/rviz_servo_status_overlay/hook/pythonpath.sh'
[2.838s] Level 1:colcon.colcon_core.environment:checking '/home/mk/dev_ws/install/rviz_servo_status_overlay/bin'
[2.838s] Level 1:colcon.colcon_core.environment:create_environment_scripts_only(rviz_servo_status_overlay)
[2.838s] INFO:colcon.colcon_core.shell:Creating package script '/home/mk/dev_ws/install/rviz_servo_status_overlay/share/rviz_servo_status_overlay/package.ps1'
[2.839s] INFO:colcon.colcon_core.shell:Creating package descriptor '/home/mk/dev_ws/install/rviz_servo_status_overlay/share/rviz_servo_status_overlay/package.dsv'
[2.839s] INFO:colcon.colcon_core.shell:Creating package script '/home/mk/dev_ws/install/rviz_servo_status_overlay/share/rviz_servo_status_overlay/package.sh'
[2.839s] INFO:colcon.colcon_core.shell:Creating package script '/home/mk/dev_ws/install/rviz_servo_status_overlay/share/rviz_servo_status_overlay/package.bash'
[2.839s] INFO:colcon.colcon_core.shell:Creating package script '/home/mk/dev_ws/install/rviz_servo_status_overlay/share/rviz_servo_status_overlay/package.zsh'
[2.839s] Level 1:colcon.colcon_core.environment:create_file_with_runtime_dependencies(/home/mk/dev_ws/install/rviz_servo_status_overlay/share/colcon-core/packages/rviz_servo_status_overlay)
[2.840s] Level 1:colcon.colcon_core.shell:create_environment_hook('gaze_control', 'pythonpath_develop')
[2.841s] INFO:colcon.colcon_core.shell:Creating environment hook '/home/mk/dev_ws/build/gaze_control/share/gaze_control/hook/pythonpath_develop.ps1'
[2.841s] DEBUG:colcon.colcon_core.event_handler.log_command:Invoked command in '/home/mk/dev_ws/build/gaze_control' returned '0': PYTHONPATH=/home/mk/dev_ws/build/gaze_control/prefix_override:/usr/lib/python3/dist-packages/colcon_core/task/python/colcon_distutils_commands:/home/mk/dev_ws/install/gaze_control/lib/python3.10/site-packages:${PYTHONPATH} /usr/bin/python3 -W ignore:setup.py install is deprecated -W ignore:easy_install command is deprecated setup.py develop --editable --build-directory /home/mk/dev_ws/build/gaze_control/build --no-deps symlink_data
[2.841s] INFO:colcon.colcon_core.shell:Creating environment descriptor '/home/mk/dev_ws/build/gaze_control/share/gaze_control/hook/pythonpath_develop.dsv'
[2.842s] INFO:colcon.colcon_core.shell:Creating environment hook '/home/mk/dev_ws/build/gaze_control/share/gaze_control/hook/pythonpath_develop.sh'
[2.842s] Level 1:colcon.colcon_core.environment:checking '/home/mk/dev_ws/install/gaze_control' for CMake module files
[2.843s] Level 1:colcon.colcon_core.environment:checking '/home/mk/dev_ws/install/gaze_control' for CMake config files
[2.843s] Level 1:colcon.colcon_core.environment:checking '/home/mk/dev_ws/install/gaze_control/lib'
[2.843s] Level 1:colcon.colcon_core.environment:checking '/home/mk/dev_ws/install/gaze_control/bin'
[2.843s] Level 1:colcon.colcon_core.environment:checking '/home/mk/dev_ws/install/gaze_control/lib/pkgconfig/gaze_control.pc'
[2.844s] Level 1:colcon.colcon_core.environment:checking '/home/mk/dev_ws/install/gaze_control/lib/python3.10/site-packages'
[2.844s] Level 1:colcon.colcon_core.shell:create_environment_hook('gaze_control', 'pythonpath')
[2.844s] INFO:colcon.colcon_core.shell:Creating environment hook '/home/mk/dev_ws/install/gaze_control/share/gaze_control/hook/pythonpath.ps1'
[2.845s] INFO:colcon.colcon_core.shell:Creating environment descriptor '/home/mk/dev_ws/install/gaze_control/share/gaze_control/hook/pythonpath.dsv'
[2.845s] INFO:colcon.colcon_core.shell:Creating environment hook '/home/mk/dev_ws/install/gaze_control/share/gaze_control/hook/pythonpath.sh'
[2.846s] Level 1:colcon.colcon_core.environment:checking '/home/mk/dev_ws/install/gaze_control/bin'
[2.846s] Level 1:colcon.colcon_core.environment:create_environment_scripts_only(gaze_control)
[2.846s] INFO:colcon.colcon_core.shell:Creating package script '/home/mk/dev_ws/install/gaze_control/share/gaze_control/package.ps1'
[2.847s] INFO:colcon.colcon_core.shell:Creating package descriptor '/home/mk/dev_ws/install/gaze_control/share/gaze_control/package.dsv'
[2.847s] INFO:colcon.colcon_core.shell:Creating package script '/home/mk/dev_ws/install/gaze_control/share/gaze_control/package.sh'
[2.848s] INFO:colcon.colcon_core.shell:Creating package script '/home/mk/dev_ws/install/gaze_control/share/gaze_control/package.bash'
[2.848s] INFO:colcon.colcon_core.shell:Creating package script '/home/mk/dev_ws/install/gaze_control/share/gaze_control/package.zsh'
[2.849s] Level 1:colcon.colcon_core.environment:create_file_with_runtime_dependencies(/home/mk/dev_ws/install/gaze_control/share/colcon-core/packages/gaze_control)
[2.849s] Level 1:colcon.colcon_core.shell:create_environment_hook('uf_ros_lib', 'pythonpath_develop')
[2.850s] INFO:colcon.colcon_core.shell:Creating environment hook '/home/mk/dev_ws/build/uf_ros_lib/share/uf_ros_lib/hook/pythonpath_develop.ps1'
[2.850s] DEBUG:colcon.colcon_core.event_handler.log_command:Invoked command in '/home/mk/dev_ws/build/uf_ros_lib' returned '0': PYTHONPATH=/home/mk/dev_ws/build/uf_ros_lib/prefix_override:/usr/lib/python3/dist-packages/colcon_core/task/python/colcon_distutils_commands:/home/mk/dev_ws/install/uf_ros_lib/lib/python3.10/site-packages:${PYTHONPATH} /usr/bin/python3 -W ignore:setup.py install is deprecated -W ignore:easy_install command is deprecated setup.py develop --editable --build-directory /home/mk/dev_ws/build/uf_ros_lib/build --no-deps symlink_data
[2.850s] INFO:colcon.colcon_core.shell:Creating environment descriptor '/home/mk/dev_ws/build/uf_ros_lib/share/uf_ros_lib/hook/pythonpath_develop.dsv'
[2.850s] INFO:colcon.colcon_core.shell:Creating environment hook '/home/mk/dev_ws/build/uf_ros_lib/share/uf_ros_lib/hook/pythonpath_develop.sh'
[2.851s] Level 1:colcon.colcon_core.environment:checking '/home/mk/dev_ws/install/uf_ros_lib' for CMake module files
[2.851s] Level 1:colcon.colcon_core.environment:checking '/home/mk/dev_ws/install/uf_ros_lib' for CMake config files
[2.851s] Level 1:colcon.colcon_core.environment:checking '/home/mk/dev_ws/install/uf_ros_lib/lib'
[2.851s] Level 1:colcon.colcon_core.environment:checking '/home/mk/dev_ws/install/uf_ros_lib/bin'
[2.851s] Level 1:colcon.colcon_core.environment:checking '/home/mk/dev_ws/install/uf_ros_lib/lib/pkgconfig/uf_ros_lib.pc'
[2.851s] Level 1:colcon.colcon_core.environment:checking '/home/mk/dev_ws/install/uf_ros_lib/lib/python3.10/site-packages'
[2.851s] Level 1:colcon.colcon_core.shell:create_environment_hook('uf_ros_lib', 'pythonpath')
[2.851s] INFO:colcon.colcon_core.shell:Creating environment hook '/home/mk/dev_ws/install/uf_ros_lib/share/uf_ros_lib/hook/pythonpath.ps1'
[2.852s] INFO:colcon.colcon_core.shell:Creating environment descriptor '/home/mk/dev_ws/install/uf_ros_lib/share/uf_ros_lib/hook/pythonpath.dsv'
[2.852s] INFO:colcon.colcon_core.shell:Creating environment hook '/home/mk/dev_ws/install/uf_ros_lib/share/uf_ros_lib/hook/pythonpath.sh'
[2.852s] Level 1:colcon.colcon_core.environment:checking '/home/mk/dev_ws/install/uf_ros_lib/bin'
[2.852s] Level 1:colcon.colcon_core.environment:create_environment_scripts_only(uf_ros_lib)
[2.852s] INFO:colcon.colcon_core.shell:Creating package script '/home/mk/dev_ws/install/uf_ros_lib/share/uf_ros_lib/package.ps1'
[2.853s] INFO:colcon.colcon_core.shell:Creating package descriptor '/home/mk/dev_ws/install/uf_ros_lib/share/uf_ros_lib/package.dsv'
[2.853s] INFO:colcon.colcon_core.shell:Creating package script '/home/mk/dev_ws/install/uf_ros_lib/share/uf_ros_lib/package.sh'
[2.853s] INFO:colcon.colcon_core.shell:Creating package script '/home/mk/dev_ws/install/uf_ros_lib/share/uf_ros_lib/package.bash'
[2.853s] INFO:colcon.colcon_core.shell:Creating package script '/home/mk/dev_ws/install/uf_ros_lib/share/uf_ros_lib/package.zsh'
[2.853s] Level 1:colcon.colcon_core.environment:create_file_with_runtime_dependencies(/home/mk/dev_ws/install/uf_ros_lib/share/colcon-core/packages/uf_ros_lib)
[2.854s] INFO:colcon.colcon_ros.task.ament_cmake.build:Building ROS package in '/home/mk/dev_ws/src/xarm_ros2/xarm_gazebo' with build type 'ament_cmake'
[2.854s] INFO:colcon.colcon_cmake.task.cmake.build:Building CMake package in '/home/mk/dev_ws/src/xarm_ros2/xarm_gazebo'
[2.854s] INFO:colcon.colcon_core.shell:Skip shell extension 'powershell' for command environment: Not usable outside of PowerShell
[2.854s] DEBUG:colcon.colcon_core.shell:Skip shell extension 'dsv' for command environment
[2.858s] Level 1:colcon.colcon_core.shell:create_environment_hook('collision_check', 'pythonpath_develop')
[2.858s] INFO:colcon.colcon_core.shell:Creating environment hook '/home/mk/dev_ws/build/collision_check/share/collision_check/hook/pythonpath_develop.ps1'
[2.858s] DEBUG:colcon.colcon_core.event_handler.log_command:Invoked command in '/home/mk/dev_ws/build/collision_check' returned '0': PYTHONPATH=/home/mk/dev_ws/build/collision_check/prefix_override:/usr/lib/python3/dist-packages/colcon_core/task/python/colcon_distutils_commands:/home/mk/dev_ws/install/collision_check/lib/python3.10/site-packages:${PYTHONPATH} /usr/bin/python3 -W ignore:setup.py install is deprecated -W ignore:easy_install command is deprecated setup.py develop --editable --build-directory /home/mk/dev_ws/build/collision_check/build --no-deps symlink_data
[2.859s] INFO:colcon.colcon_core.shell:Creating environment descriptor '/home/mk/dev_ws/build/collision_check/share/collision_check/hook/pythonpath_develop.dsv'
[2.859s] INFO:colcon.colcon_core.shell:Creating environment hook '/home/mk/dev_ws/build/collision_check/share/collision_check/hook/pythonpath_develop.sh'
[2.859s] Level 1:colcon.colcon_core.environment:checking '/home/mk/dev_ws/install/collision_check' for CMake module files
[2.859s] Level 1:colcon.colcon_core.environment:checking '/home/mk/dev_ws/install/collision_check' for CMake config files
[2.860s] Level 1:colcon.colcon_core.environment:checking '/home/mk/dev_ws/install/collision_check/lib'
[2.860s] Level 1:colcon.colcon_core.environment:checking '/home/mk/dev_ws/install/collision_check/bin'
[2.860s] Level 1:colcon.colcon_core.environment:checking '/home/mk/dev_ws/install/collision_check/lib/pkgconfig/collision_check.pc'
[2.860s] Level 1:colcon.colcon_core.environment:checking '/home/mk/dev_ws/install/collision_check/lib/python3.10/site-packages'
[2.860s] Level 1:colcon.colcon_core.shell:create_environment_hook('collision_check', 'pythonpath')
[2.860s] INFO:colcon.colcon_core.shell:Creating environment hook '/home/mk/dev_ws/install/collision_check/share/collision_check/hook/pythonpath.ps1'
[2.860s] INFO:colcon.colcon_core.shell:Creating environment descriptor '/home/mk/dev_ws/install/collision_check/share/collision_check/hook/pythonpath.dsv'
[2.860s] INFO:colcon.colcon_core.shell:Creating environment hook '/home/mk/dev_ws/install/collision_check/share/collision_check/hook/pythonpath.sh'
[2.861s] Level 1:colcon.colcon_core.environment:checking '/home/mk/dev_ws/install/collision_check/bin'
[2.861s] Level 1:colcon.colcon_core.environment:create_environment_scripts_only(collision_check)
[2.861s] INFO:colcon.colcon_core.shell:Creating package script '/home/mk/dev_ws/install/collision_check/share/collision_check/package.ps1'
[2.861s] INFO:colcon.colcon_core.shell:Creating package descriptor '/home/mk/dev_ws/install/collision_check/share/collision_check/package.dsv'
[2.862s] INFO:colcon.colcon_core.shell:Creating package script '/home/mk/dev_ws/install/collision_check/share/collision_check/package.sh'
[2.862s] INFO:colcon.colcon_core.shell:Creating package script '/home/mk/dev_ws/install/collision_check/share/collision_check/package.bash'
[2.862s] INFO:colcon.colcon_core.shell:Creating package script '/home/mk/dev_ws/install/collision_check/share/collision_check/package.zsh'
[2.862s] Level 1:colcon.colcon_core.environment:create_file_with_runtime_dependencies(/home/mk/dev_ws/install/collision_check/share/colcon-core/packages/collision_check)
[2.862s] Level 1:colcon.colcon_core.shell:create_environment_hook('yolo_object_detector', 'pythonpath_develop')
[2.863s] INFO:colcon.colcon_core.shell:Creating environment hook '/home/mk/dev_ws/build/yolo_object_detector/share/yolo_object_detector/hook/pythonpath_develop.ps1'
[2.863s] INFO:colcon.colcon_core.shell:Creating environment descriptor '/home/mk/dev_ws/build/yolo_object_detector/share/yolo_object_detector/hook/pythonpath_develop.dsv'
[2.863s] DEBUG:colcon.colcon_core.event_handler.log_command:Invoked command in '/home/mk/dev_ws/build/yolo_object_detector' returned '0': PYTHONPATH=/home/mk/dev_ws/build/yolo_object_detector/prefix_override:/usr/lib/python3/dist-packages/colcon_core/task/python/colcon_distutils_commands:/home/mk/dev_ws/install/yolo_object_detector/lib/python3.10/site-packages:${PYTHONPATH} /usr/bin/python3 -W ignore:setup.py install is deprecated -W ignore:easy_install command is deprecated setup.py develop --editable --build-directory /home/mk/dev_ws/build/yolo_object_detector/build --no-deps symlink_data
[2.864s] INFO:colcon.colcon_core.shell:Creating environment hook '/home/mk/dev_ws/build/yolo_object_detector/share/yolo_object_detector/hook/pythonpath_develop.sh'
[2.864s] Level 1:colcon.colcon_core.environment:checking '/home/mk/dev_ws/install/yolo_object_detector' for CMake module files
[2.864s] Level 1:colcon.colcon_core.environment:checking '/home/mk/dev_ws/install/yolo_object_detector' for CMake config files
[2.864s] Level 1:colcon.colcon_core.environment:checking '/home/mk/dev_ws/install/yolo_object_detector/lib'
[2.864s] Level 1:colcon.colcon_core.environment:checking '/home/mk/dev_ws/install/yolo_object_detector/bin'
[2.864s] Level 1:colcon.colcon_core.environment:checking '/home/mk/dev_ws/install/yolo_object_detector/lib/pkgconfig/yolo_object_detector.pc'
[2.865s] Level 1:colcon.colcon_core.environment:checking '/home/mk/dev_ws/install/yolo_object_detector/lib/python3.10/site-packages'
[2.865s] Level 1:colcon.colcon_core.shell:create_environment_hook('yolo_object_detector', 'pythonpath')
[2.865s] INFO:colcon.colcon_core.shell:Creating environment hook '/home/mk/dev_ws/install/yolo_object_detector/share/yolo_object_detector/hook/pythonpath.ps1'
[2.865s] INFO:colcon.colcon_core.shell:Creating environment descriptor '/home/mk/dev_ws/install/yolo_object_detector/share/yolo_object_detector/hook/pythonpath.dsv'
[2.865s] INFO:colcon.colcon_core.shell:Creating environment hook '/home/mk/dev_ws/install/yolo_object_detector/share/yolo_object_detector/hook/pythonpath.sh'
[2.865s] Level 1:colcon.colcon_core.environment:checking '/home/mk/dev_ws/install/yolo_object_detector/bin'
[2.865s] Level 1:colcon.colcon_core.environment:create_environment_scripts_only(yolo_object_detector)
[2.866s] INFO:colcon.colcon_core.shell:Creating package script '/home/mk/dev_ws/install/yolo_object_detector/share/yolo_object_detector/package.ps1'
[2.866s] INFO:colcon.colcon_core.shell:Creating package descriptor '/home/mk/dev_ws/install/yolo_object_detector/share/yolo_object_detector/package.dsv'
[2.866s] INFO:colcon.colcon_core.shell:Creating package script '/home/mk/dev_ws/install/yolo_object_detector/share/yolo_object_detector/package.sh'
[2.866s] INFO:colcon.colcon_core.shell:Creating package script '/home/mk/dev_ws/install/yolo_object_detector/share/yolo_object_detector/package.bash'
[2.867s] INFO:colcon.colcon_core.shell:Creating package script '/home/mk/dev_ws/install/yolo_object_detector/share/yolo_object_detector/package.zsh'
[2.867s] Level 1:colcon.colcon_core.environment:create_file_with_runtime_dependencies(/home/mk/dev_ws/install/yolo_object_detector/share/colcon-core/packages/yolo_object_detector)
[2.873s] DEBUG:colcon.colcon_core.event_handler.log_command:Invoking command in '/home/mk/dev_ws/build/xarm_gazebo': AMENT_PREFIX_PATH=/home/mk/dev_ws/install/uf_ros_lib:/home/mk/dev_ws/install/zed_ros2:/home/mk/dev_ws/install/zed_wrapper:/home/mk/dev_ws/install/zed_components:/home/mk/dev_ws/install/zed_interfaces:/home/mk/dev_ws/install/yolo_object_detector:/home/mk/dev_ws/install/xarm_planner:/home/mk/dev_ws/install/xarm_moveit_servo:/home/mk/dev_ws/install/xarm_moveit_config:/home/mk/dev_ws/install/xarm_gazebo:/home/mk/dev_ws/install/xarm_controller:/home/mk/dev_ws/install/xarm_api:/home/mk/dev_ws/install/xarm_sdk:/home/mk/dev_ws/install/rviz_robot_control_panel:/home/mk/dev_ws/install/move_to_coordinator:/home/mk/dev_ws/install/motion_sequence:/home/mk/dev_ws/install/xarm_msgs:/home/mk/dev_ws/install/xarm_description:/home/mk/dev_ws/install/whisper_demos:/home/mk/dev_ws/install/whisper_bringup:/home/mk/dev_ws/install/whisper_server:/home/mk/dev_ws/install/transcript_manager:/home/mk/dev_ws/install/whisper_util:/home/mk/dev_ws/install/voice_command_listener:/home/mk/dev_ws/install/whisper_idl:/home/mk/dev_ws/install/whisper_cpp_vendor:/home/mk/dev_ws/install/rviz_servo_status_overlay:/home/mk/dev_ws/install/rviz_marker_static_scene_objects:/home/mk/dev_ws/install/robot_motion_handler_movegroup:/home/mk/dev_ws/install/realsense_gazebo_plugin:/home/mk/dev_ws/install/my_3d_vision_bringup:/home/mk/dev_ws/install/mbot_demo:/home/mk/dev_ws/install/gaze_control:/home/mk/dev_ws/install/collision_check:/home/mk/dev_ws/install/audio_listener:/opt/ros/humble CMAKE_PREFIX_PATH=/home/mk/dev_ws/install/xarm_controller:/home/mk/dev_ws/install/xarm_api:/home/mk/dev_ws/install/xarm_sdk:/home/mk/dev_ws/install/xarm_msgs:/home/mk/dev_ws/install/xarm_description:/home/mk/dev_ws/install/zed_ros2:/home/mk/dev_ws/install/zed_wrapper:/home/mk/dev_ws/install/zed_components:/home/mk/dev_ws/install/zed_interfaces:/home/mk/dev_ws/install/xarm_planner:/home/mk/dev_ws/install/xarm_moveit_servo:/home/mk/dev_ws/install/xarm_moveit_config:/home/mk/dev_ws/install/xarm_gazebo:/home/mk/dev_ws/install/rviz_robot_control_panel:/home/mk/dev_ws/install/whisper_bringup:/home/mk/dev_ws/install/whisper_server:/home/mk/dev_ws/install/transcript_manager:/home/mk/dev_ws/install/whisper_util:/home/mk/dev_ws/install/whisper_idl:/home/mk/dev_ws/install/whisper_cpp_vendor:/home/mk/dev_ws/install/realsense_gazebo_plugin:/home/mk/dev_ws/install/my_3d_vision_bringup:/home/mk/dev_ws/install/mbot_demo:/home/mk/dev_ws/install/yolo_object_detector:/home/mk/dev_ws/install/move_to_coordinator:/home/mk/dev_ws/install/motion_sequence:/home/mk/dev_ws/install/whisper_demos:/home/mk/dev_ws/install/voice_command_listener:/home/mk/dev_ws/install/uf_ros_lib:/home/mk/dev_ws/install/rviz_servo_status_overlay:/home/mk/dev_ws/install/rviz_marker_static_scene_objects:/home/mk/dev_ws/install/robot_motion_handler_movegroup:/home/mk/dev_ws/install/gaze_control:/home/mk/dev_ws/install/collision_check:/home/mk/dev_ws/install/audio_listener:/opt/ros/humble LD_LIBRARY_PATH=/home/mk/dev_ws/install/xarm_controller/lib:/home/mk/dev_ws/install/xarm_api/lib:/home/mk/dev_ws/install/xarm_sdk/lib:/home/mk/dev_ws/install/xarm_msgs/lib:/usr/local/cuda-12.1/lib64:/home/mk/dev_ws/install/zed_components/lib:/home/mk/dev_ws/install/zed_interfaces/lib:/home/mk/dev_ws/install/xarm_planner/lib:/home/mk/dev_ws/install/xarm_moveit_servo/lib:/home/mk/dev_ws/install/xarm_gazebo/lib:/home/mk/dev_ws/install/rviz_robot_control_panel/lib:/home/mk/dev_ws/install/whisper_server/lib:/home/mk/dev_ws/install/transcript_manager/lib:/home/mk/dev_ws/install/whisper_util/lib:/home/mk/dev_ws/install/whisper_idl/lib:/home/mk/dev_ws/install/whisper_cpp_vendor/lib:/home/mk/dev_ws/install/realsense_gazebo_plugin/lib:/home/mk/dev_ws/install/my_3d_vision_bringup/lib:/usr/lib/x86_64-linux-gnu/gazebo-11/plugins:/opt/ros/humble/opt/rviz_ogre_vendor/lib:/opt/ros/humble/lib/x86_64-linux-gnu:/opt/ros/humble/lib PYTHONPATH=/home/mk/dev_ws/build/uf_ros_lib:/home/mk/dev_ws/install/uf_ros_lib/lib/python3.10/site-packages:/home/mk/dev_ws/install/zed_interfaces/local/lib/python3.10/dist-packages:/home/mk/dev_ws/build/yolo_object_detector:/home/mk/dev_ws/install/yolo_object_detector/lib/python3.10/site-packages:/home/mk/dev_ws/build/move_to_coordinator:/home/mk/dev_ws/install/move_to_coordinator/lib/python3.10/site-packages:/home/mk/dev_ws/build/motion_sequence:/home/mk/dev_ws/install/motion_sequence/lib/python3.10/site-packages:/home/mk/dev_ws/install/xarm_msgs/local/lib/python3.10/dist-packages:/home/mk/dev_ws/build/whisper_demos:/home/mk/dev_ws/install/whisper_demos/lib/python3.10/site-packages:/home/mk/dev_ws/build/voice_command_listener:/home/mk/dev_ws/install/voice_command_listener/lib/python3.10/site-packages:/home/mk/dev_ws/install/whisper_idl/local/lib/python3.10/dist-packages:/home/mk/dev_ws/build/rviz_servo_status_overlay:/home/mk/dev_ws/install/rviz_servo_status_overlay/lib/python3.10/site-packages:/home/mk/dev_ws/build/rviz_marker_static_scene_objects:/home/mk/dev_ws/install/rviz_marker_static_scene_objects/lib/python3.10/site-packages:/home/mk/dev_ws/build/robot_motion_handler_movegroup:/home/mk/dev_ws/install/robot_motion_handler_movegroup/lib/python3.10/site-packages:/home/mk/dev_ws/install/my_3d_vision_bringup/local/lib/python3.10/dist-packages:/home/mk/dev_ws/build/gaze_control:/home/mk/dev_ws/install/gaze_control/lib/python3.10/site-packages:/home/mk/dev_ws/build/collision_check:/home/mk/dev_ws/install/collision_check/lib/python3.10/site-packages:/home/mk/dev_ws/build/audio_listener:/home/mk/dev_ws/install/audio_listener/lib/python3.10/site-packages:/opt/ros/humble/lib/python3.10/site-packages:/opt/ros/humble/local/lib/python3.10/dist-packages /usr/bin/cmake --build /home/mk/dev_ws/build/xarm_gazebo -- -j20 -l20
[2.900s] DEBUG:colcon.colcon_core.event_handler.log_command:Invoking command in '/home/mk/dev_ws/build/motion_sequence': CMAKE_PREFIX_PATH=/home/mk/dev_ws/install/xarm_msgs:/home/mk/dev_ws/install/zed_ros2:/home/mk/dev_ws/install/zed_wrapper:/home/mk/dev_ws/install/zed_components:/home/mk/dev_ws/install/zed_interfaces:/home/mk/dev_ws/install/xarm_planner:/home/mk/dev_ws/install/xarm_moveit_servo:/home/mk/dev_ws/install/xarm_moveit_config:/home/mk/dev_ws/install/xarm_gazebo:/home/mk/dev_ws/install/xarm_controller:/home/mk/dev_ws/install/xarm_api:/home/mk/dev_ws/install/xarm_sdk:/home/mk/dev_ws/install/rviz_robot_control_panel:/home/mk/dev_ws/install/xarm_description:/home/mk/dev_ws/install/whisper_bringup:/home/mk/dev_ws/install/whisper_server:/home/mk/dev_ws/install/transcript_manager:/home/mk/dev_ws/install/whisper_util:/home/mk/dev_ws/install/whisper_idl:/home/mk/dev_ws/install/whisper_cpp_vendor:/home/mk/dev_ws/install/realsense_gazebo_plugin:/home/mk/dev_ws/install/my_3d_vision_bringup:/home/mk/dev_ws/install/mbot_demo LD_LIBRARY_PATH=/home/mk/dev_ws/install/xarm_msgs/lib:/usr/local/cuda-12.1/lib64:/home/mk/dev_ws/install/zed_components/lib:/home/mk/dev_ws/install/zed_interfaces/lib:/home/mk/dev_ws/install/xarm_planner/lib:/home/mk/dev_ws/install/xarm_moveit_servo/lib:/home/mk/dev_ws/install/xarm_gazebo/lib:/home/mk/dev_ws/install/xarm_controller/lib:/home/mk/dev_ws/install/xarm_api/lib:/home/mk/dev_ws/install/xarm_sdk/lib:/home/mk/dev_ws/install/rviz_robot_control_panel/lib:/home/mk/dev_ws/install/whisper_server/lib:/home/mk/dev_ws/install/transcript_manager/lib:/home/mk/dev_ws/install/whisper_util/lib:/home/mk/dev_ws/install/whisper_idl/lib:/home/mk/dev_ws/install/whisper_cpp_vendor/lib:/home/mk/dev_ws/install/realsense_gazebo_plugin/lib:/home/mk/dev_ws/install/my_3d_vision_bringup/lib:/usr/lib/x86_64-linux-gnu/gazebo-11/plugins:/opt/ros/humble/opt/rviz_ogre_vendor/lib:/opt/ros/humble/lib/x86_64-linux-gnu:/opt/ros/humble/lib PYTHONPATH=/home/mk/dev_ws/build/motion_sequence/prefix_override:/usr/lib/python3/dist-packages/colcon_core/task/python/colcon_distutils_commands:/home/mk/dev_ws/install/motion_sequence/lib/python3.10/site-packages:${PYTHONPATH} /usr/bin/python3 -W ignore:setup.py install is deprecated -W ignore:easy_install command is deprecated setup.py develop --editable --build-directory /home/mk/dev_ws/build/motion_sequence/build --no-deps symlink_data
[2.936s] DEBUG:colcon.colcon_core.event_handler.log_command:Invoked command in '/home/mk/dev_ws/build/xarm_gazebo' returned '0': AMENT_PREFIX_PATH=/home/mk/dev_ws/install/uf_ros_lib:/home/mk/dev_ws/install/zed_ros2:/home/mk/dev_ws/install/zed_wrapper:/home/mk/dev_ws/install/zed_components:/home/mk/dev_ws/install/zed_interfaces:/home/mk/dev_ws/install/yolo_object_detector:/home/mk/dev_ws/install/xarm_planner:/home/mk/dev_ws/install/xarm_moveit_servo:/home/mk/dev_ws/install/xarm_moveit_config:/home/mk/dev_ws/install/xarm_gazebo:/home/mk/dev_ws/install/xarm_controller:/home/mk/dev_ws/install/xarm_api:/home/mk/dev_ws/install/xarm_sdk:/home/mk/dev_ws/install/rviz_robot_control_panel:/home/mk/dev_ws/install/move_to_coordinator:/home/mk/dev_ws/install/motion_sequence:/home/mk/dev_ws/install/xarm_msgs:/home/mk/dev_ws/install/xarm_description:/home/mk/dev_ws/install/whisper_demos:/home/mk/dev_ws/install/whisper_bringup:/home/mk/dev_ws/install/whisper_server:/home/mk/dev_ws/install/transcript_manager:/home/mk/dev_ws/install/whisper_util:/home/mk/dev_ws/install/voice_command_listener:/home/mk/dev_ws/install/whisper_idl:/home/mk/dev_ws/install/whisper_cpp_vendor:/home/mk/dev_ws/install/rviz_servo_status_overlay:/home/mk/dev_ws/install/rviz_marker_static_scene_objects:/home/mk/dev_ws/install/robot_motion_handler_movegroup:/home/mk/dev_ws/install/realsense_gazebo_plugin:/home/mk/dev_ws/install/my_3d_vision_bringup:/home/mk/dev_ws/install/mbot_demo:/home/mk/dev_ws/install/gaze_control:/home/mk/dev_ws/install/collision_check:/home/mk/dev_ws/install/audio_listener:/opt/ros/humble CMAKE_PREFIX_PATH=/home/mk/dev_ws/install/xarm_controller:/home/mk/dev_ws/install/xarm_api:/home/mk/dev_ws/install/xarm_sdk:/home/mk/dev_ws/install/xarm_msgs:/home/mk/dev_ws/install/xarm_description:/home/mk/dev_ws/install/zed_ros2:/home/mk/dev_ws/install/zed_wrapper:/home/mk/dev_ws/install/zed_components:/home/mk/dev_ws/install/zed_interfaces:/home/mk/dev_ws/install/xarm_planner:/home/mk/dev_ws/install/xarm_moveit_servo:/home/mk/dev_ws/install/xarm_moveit_config:/home/mk/dev_ws/install/xarm_gazebo:/home/mk/dev_ws/install/rviz_robot_control_panel:/home/mk/dev_ws/install/whisper_bringup:/home/mk/dev_ws/install/whisper_server:/home/mk/dev_ws/install/transcript_manager:/home/mk/dev_ws/install/whisper_util:/home/mk/dev_ws/install/whisper_idl:/home/mk/dev_ws/install/whisper_cpp_vendor:/home/mk/dev_ws/install/realsense_gazebo_plugin:/home/mk/dev_ws/install/my_3d_vision_bringup:/home/mk/dev_ws/install/mbot_demo:/home/mk/dev_ws/install/yolo_object_detector:/home/mk/dev_ws/install/move_to_coordinator:/home/mk/dev_ws/install/motion_sequence:/home/mk/dev_ws/install/whisper_demos:/home/mk/dev_ws/install/voice_command_listener:/home/mk/dev_ws/install/uf_ros_lib:/home/mk/dev_ws/install/rviz_servo_status_overlay:/home/mk/dev_ws/install/rviz_marker_static_scene_objects:/home/mk/dev_ws/install/robot_motion_handler_movegroup:/home/mk/dev_ws/install/gaze_control:/home/mk/dev_ws/install/collision_check:/home/mk/dev_ws/install/audio_listener:/opt/ros/humble LD_LIBRARY_PATH=/home/mk/dev_ws/install/xarm_controller/lib:/home/mk/dev_ws/install/xarm_api/lib:/home/mk/dev_ws/install/xarm_sdk/lib:/home/mk/dev_ws/install/xarm_msgs/lib:/usr/local/cuda-12.1/lib64:/home/mk/dev_ws/install/zed_components/lib:/home/mk/dev_ws/install/zed_interfaces/lib:/home/mk/dev_ws/install/xarm_planner/lib:/home/mk/dev_ws/install/xarm_moveit_servo/lib:/home/mk/dev_ws/install/xarm_gazebo/lib:/home/mk/dev_ws/install/rviz_robot_control_panel/lib:/home/mk/dev_ws/install/whisper_server/lib:/home/mk/dev_ws/install/transcript_manager/lib:/home/mk/dev_ws/install/whisper_util/lib:/home/mk/dev_ws/install/whisper_idl/lib:/home/mk/dev_ws/install/whisper_cpp_vendor/lib:/home/mk/dev_ws/install/realsense_gazebo_plugin/lib:/home/mk/dev_ws/install/my_3d_vision_bringup/lib:/usr/lib/x86_64-linux-gnu/gazebo-11/plugins:/opt/ros/humble/opt/rviz_ogre_vendor/lib:/opt/ros/humble/lib/x86_64-linux-gnu:/opt/ros/humble/lib PYTHONPATH=/home/mk/dev_ws/build/uf_ros_lib:/home/mk/dev_ws/install/uf_ros_lib/lib/python3.10/site-packages:/home/mk/dev_ws/install/zed_interfaces/local/lib/python3.10/dist-packages:/home/mk/dev_ws/build/yolo_object_detector:/home/mk/dev_ws/install/yolo_object_detector/lib/python3.10/site-packages:/home/mk/dev_ws/build/move_to_coordinator:/home/mk/dev_ws/install/move_to_coordinator/lib/python3.10/site-packages:/home/mk/dev_ws/build/motion_sequence:/home/mk/dev_ws/install/motion_sequence/lib/python3.10/site-packages:/home/mk/dev_ws/install/xarm_msgs/local/lib/python3.10/dist-packages:/home/mk/dev_ws/build/whisper_demos:/home/mk/dev_ws/install/whisper_demos/lib/python3.10/site-packages:/home/mk/dev_ws/build/voice_command_listener:/home/mk/dev_ws/install/voice_command_listener/lib/python3.10/site-packages:/home/mk/dev_ws/install/whisper_idl/local/lib/python3.10/dist-packages:/home/mk/dev_ws/build/rviz_servo_status_overlay:/home/mk/dev_ws/install/rviz_servo_status_overlay/lib/python3.10/site-packages:/home/mk/dev_ws/build/rviz_marker_static_scene_objects:/home/mk/dev_ws/install/rviz_marker_static_scene_objects/lib/python3.10/site-packages:/home/mk/dev_ws/build/robot_motion_handler_movegroup:/home/mk/dev_ws/install/robot_motion_handler_movegroup/lib/python3.10/site-packages:/home/mk/dev_ws/install/my_3d_vision_bringup/local/lib/python3.10/dist-packages:/home/mk/dev_ws/build/gaze_control:/home/mk/dev_ws/install/gaze_control/lib/python3.10/site-packages:/home/mk/dev_ws/build/collision_check:/home/mk/dev_ws/install/collision_check/lib/python3.10/site-packages:/home/mk/dev_ws/build/audio_listener:/home/mk/dev_ws/install/audio_listener/lib/python3.10/site-packages:/opt/ros/humble/lib/python3.10/site-packages:/opt/ros/humble/local/lib/python3.10/dist-packages /usr/bin/cmake --build /home/mk/dev_ws/build/xarm_gazebo -- -j20 -l20
[2.938s] DEBUG:colcon.colcon_core.event_handler.log_command:Invoking command in '/home/mk/dev_ws/build/xarm_gazebo': AMENT_PREFIX_PATH=/home/mk/dev_ws/install/uf_ros_lib:/home/mk/dev_ws/install/zed_ros2:/home/mk/dev_ws/install/zed_wrapper:/home/mk/dev_ws/install/zed_components:/home/mk/dev_ws/install/zed_interfaces:/home/mk/dev_ws/install/yolo_object_detector:/home/mk/dev_ws/install/xarm_planner:/home/mk/dev_ws/install/xarm_moveit_servo:/home/mk/dev_ws/install/xarm_moveit_config:/home/mk/dev_ws/install/xarm_gazebo:/home/mk/dev_ws/install/xarm_controller:/home/mk/dev_ws/install/xarm_api:/home/mk/dev_ws/install/xarm_sdk:/home/mk/dev_ws/install/rviz_robot_control_panel:/home/mk/dev_ws/install/move_to_coordinator:/home/mk/dev_ws/install/motion_sequence:/home/mk/dev_ws/install/xarm_msgs:/home/mk/dev_ws/install/xarm_description:/home/mk/dev_ws/install/whisper_demos:/home/mk/dev_ws/install/whisper_bringup:/home/mk/dev_ws/install/whisper_server:/home/mk/dev_ws/install/transcript_manager:/home/mk/dev_ws/install/whisper_util:/home/mk/dev_ws/install/voice_command_listener:/home/mk/dev_ws/install/whisper_idl:/home/mk/dev_ws/install/whisper_cpp_vendor:/home/mk/dev_ws/install/rviz_servo_status_overlay:/home/mk/dev_ws/install/rviz_marker_static_scene_objects:/home/mk/dev_ws/install/robot_motion_handler_movegroup:/home/mk/dev_ws/install/realsense_gazebo_plugin:/home/mk/dev_ws/install/my_3d_vision_bringup:/home/mk/dev_ws/install/mbot_demo:/home/mk/dev_ws/install/gaze_control:/home/mk/dev_ws/install/collision_check:/home/mk/dev_ws/install/audio_listener:/opt/ros/humble CMAKE_PREFIX_PATH=/home/mk/dev_ws/install/xarm_controller:/home/mk/dev_ws/install/xarm_api:/home/mk/dev_ws/install/xarm_sdk:/home/mk/dev_ws/install/xarm_msgs:/home/mk/dev_ws/install/xarm_description:/home/mk/dev_ws/install/zed_ros2:/home/mk/dev_ws/install/zed_wrapper:/home/mk/dev_ws/install/zed_components:/home/mk/dev_ws/install/zed_interfaces:/home/mk/dev_ws/install/xarm_planner:/home/mk/dev_ws/install/xarm_moveit_servo:/home/mk/dev_ws/install/xarm_moveit_config:/home/mk/dev_ws/install/xarm_gazebo:/home/mk/dev_ws/install/rviz_robot_control_panel:/home/mk/dev_ws/install/whisper_bringup:/home/mk/dev_ws/install/whisper_server:/home/mk/dev_ws/install/transcript_manager:/home/mk/dev_ws/install/whisper_util:/home/mk/dev_ws/install/whisper_idl:/home/mk/dev_ws/install/whisper_cpp_vendor:/home/mk/dev_ws/install/realsense_gazebo_plugin:/home/mk/dev_ws/install/my_3d_vision_bringup:/home/mk/dev_ws/install/mbot_demo:/home/mk/dev_ws/install/yolo_object_detector:/home/mk/dev_ws/install/move_to_coordinator:/home/mk/dev_ws/install/motion_sequence:/home/mk/dev_ws/install/whisper_demos:/home/mk/dev_ws/install/voice_command_listener:/home/mk/dev_ws/install/uf_ros_lib:/home/mk/dev_ws/install/rviz_servo_status_overlay:/home/mk/dev_ws/install/rviz_marker_static_scene_objects:/home/mk/dev_ws/install/robot_motion_handler_movegroup:/home/mk/dev_ws/install/gaze_control:/home/mk/dev_ws/install/collision_check:/home/mk/dev_ws/install/audio_listener:/opt/ros/humble LD_LIBRARY_PATH=/home/mk/dev_ws/install/xarm_controller/lib:/home/mk/dev_ws/install/xarm_api/lib:/home/mk/dev_ws/install/xarm_sdk/lib:/home/mk/dev_ws/install/xarm_msgs/lib:/usr/local/cuda-12.1/lib64:/home/mk/dev_ws/install/zed_components/lib:/home/mk/dev_ws/install/zed_interfaces/lib:/home/mk/dev_ws/install/xarm_planner/lib:/home/mk/dev_ws/install/xarm_moveit_servo/lib:/home/mk/dev_ws/install/xarm_gazebo/lib:/home/mk/dev_ws/install/rviz_robot_control_panel/lib:/home/mk/dev_ws/install/whisper_server/lib:/home/mk/dev_ws/install/transcript_manager/lib:/home/mk/dev_ws/install/whisper_util/lib:/home/mk/dev_ws/install/whisper_idl/lib:/home/mk/dev_ws/install/whisper_cpp_vendor/lib:/home/mk/dev_ws/install/realsense_gazebo_plugin/lib:/home/mk/dev_ws/install/my_3d_vision_bringup/lib:/usr/lib/x86_64-linux-gnu/gazebo-11/plugins:/opt/ros/humble/opt/rviz_ogre_vendor/lib:/opt/ros/humble/lib/x86_64-linux-gnu:/opt/ros/humble/lib PYTHONPATH=/home/mk/dev_ws/build/uf_ros_lib:/home/mk/dev_ws/install/uf_ros_lib/lib/python3.10/site-packages:/home/mk/dev_ws/install/zed_interfaces/local/lib/python3.10/dist-packages:/home/mk/dev_ws/build/yolo_object_detector:/home/mk/dev_ws/install/yolo_object_detector/lib/python3.10/site-packages:/home/mk/dev_ws/build/move_to_coordinator:/home/mk/dev_ws/install/move_to_coordinator/lib/python3.10/site-packages:/home/mk/dev_ws/build/motion_sequence:/home/mk/dev_ws/install/motion_sequence/lib/python3.10/site-packages:/home/mk/dev_ws/install/xarm_msgs/local/lib/python3.10/dist-packages:/home/mk/dev_ws/build/whisper_demos:/home/mk/dev_ws/install/whisper_demos/lib/python3.10/site-packages:/home/mk/dev_ws/build/voice_command_listener:/home/mk/dev_ws/install/voice_command_listener/lib/python3.10/site-packages:/home/mk/dev_ws/install/whisper_idl/local/lib/python3.10/dist-packages:/home/mk/dev_ws/build/rviz_servo_status_overlay:/home/mk/dev_ws/install/rviz_servo_status_overlay/lib/python3.10/site-packages:/home/mk/dev_ws/build/rviz_marker_static_scene_objects:/home/mk/dev_ws/install/rviz_marker_static_scene_objects/lib/python3.10/site-packages:/home/mk/dev_ws/build/robot_motion_handler_movegroup:/home/mk/dev_ws/install/robot_motion_handler_movegroup/lib/python3.10/site-packages:/home/mk/dev_ws/install/my_3d_vision_bringup/local/lib/python3.10/dist-packages:/home/mk/dev_ws/build/gaze_control:/home/mk/dev_ws/install/gaze_control/lib/python3.10/site-packages:/home/mk/dev_ws/build/collision_check:/home/mk/dev_ws/install/collision_check/lib/python3.10/site-packages:/home/mk/dev_ws/build/audio_listener:/home/mk/dev_ws/install/audio_listener/lib/python3.10/site-packages:/opt/ros/humble/lib/python3.10/site-packages:/opt/ros/humble/local/lib/python3.10/dist-packages /usr/bin/cmake --install /home/mk/dev_ws/build/xarm_gazebo
[2.954s] Level 1:colcon.colcon_core.environment:create_environment_scripts_only(xarm_gazebo)
[2.955s] Level 1:colcon.colcon_core.environment:checking '/home/mk/dev_ws/install/xarm_gazebo' for CMake module files
[2.955s] DEBUG:colcon.colcon_core.event_handler.log_command:Invoked command in '/home/mk/dev_ws/build/xarm_gazebo' returned '0': AMENT_PREFIX_PATH=/home/mk/dev_ws/install/uf_ros_lib:/home/mk/dev_ws/install/zed_ros2:/home/mk/dev_ws/install/zed_wrapper:/home/mk/dev_ws/install/zed_components:/home/mk/dev_ws/install/zed_interfaces:/home/mk/dev_ws/install/yolo_object_detector:/home/mk/dev_ws/install/xarm_planner:/home/mk/dev_ws/install/xarm_moveit_servo:/home/mk/dev_ws/install/xarm_moveit_config:/home/mk/dev_ws/install/xarm_gazebo:/home/mk/dev_ws/install/xarm_controller:/home/mk/dev_ws/install/xarm_api:/home/mk/dev_ws/install/xarm_sdk:/home/mk/dev_ws/install/rviz_robot_control_panel:/home/mk/dev_ws/install/move_to_coordinator:/home/mk/dev_ws/install/motion_sequence:/home/mk/dev_ws/install/xarm_msgs:/home/mk/dev_ws/install/xarm_description:/home/mk/dev_ws/install/whisper_demos:/home/mk/dev_ws/install/whisper_bringup:/home/mk/dev_ws/install/whisper_server:/home/mk/dev_ws/install/transcript_manager:/home/mk/dev_ws/install/whisper_util:/home/mk/dev_ws/install/voice_command_listener:/home/mk/dev_ws/install/whisper_idl:/home/mk/dev_ws/install/whisper_cpp_vendor:/home/mk/dev_ws/install/rviz_servo_status_overlay:/home/mk/dev_ws/install/rviz_marker_static_scene_objects:/home/mk/dev_ws/install/robot_motion_handler_movegroup:/home/mk/dev_ws/install/realsense_gazebo_plugin:/home/mk/dev_ws/install/my_3d_vision_bringup:/home/mk/dev_ws/install/mbot_demo:/home/mk/dev_ws/install/gaze_control:/home/mk/dev_ws/install/collision_check:/home/mk/dev_ws/install/audio_listener:/opt/ros/humble CMAKE_PREFIX_PATH=/home/mk/dev_ws/install/xarm_controller:/home/mk/dev_ws/install/xarm_api:/home/mk/dev_ws/install/xarm_sdk:/home/mk/dev_ws/install/xarm_msgs:/home/mk/dev_ws/install/xarm_description:/home/mk/dev_ws/install/zed_ros2:/home/mk/dev_ws/install/zed_wrapper:/home/mk/dev_ws/install/zed_components:/home/mk/dev_ws/install/zed_interfaces:/home/mk/dev_ws/install/xarm_planner:/home/mk/dev_ws/install/xarm_moveit_servo:/home/mk/dev_ws/install/xarm_moveit_config:/home/mk/dev_ws/install/xarm_gazebo:/home/mk/dev_ws/install/rviz_robot_control_panel:/home/mk/dev_ws/install/whisper_bringup:/home/mk/dev_ws/install/whisper_server:/home/mk/dev_ws/install/transcript_manager:/home/mk/dev_ws/install/whisper_util:/home/mk/dev_ws/install/whisper_idl:/home/mk/dev_ws/install/whisper_cpp_vendor:/home/mk/dev_ws/install/realsense_gazebo_plugin:/home/mk/dev_ws/install/my_3d_vision_bringup:/home/mk/dev_ws/install/mbot_demo:/home/mk/dev_ws/install/yolo_object_detector:/home/mk/dev_ws/install/move_to_coordinator:/home/mk/dev_ws/install/motion_sequence:/home/mk/dev_ws/install/whisper_demos:/home/mk/dev_ws/install/voice_command_listener:/home/mk/dev_ws/install/uf_ros_lib:/home/mk/dev_ws/install/rviz_servo_status_overlay:/home/mk/dev_ws/install/rviz_marker_static_scene_objects:/home/mk/dev_ws/install/robot_motion_handler_movegroup:/home/mk/dev_ws/install/gaze_control:/home/mk/dev_ws/install/collision_check:/home/mk/dev_ws/install/audio_listener:/opt/ros/humble LD_LIBRARY_PATH=/home/mk/dev_ws/install/xarm_controller/lib:/home/mk/dev_ws/install/xarm_api/lib:/home/mk/dev_ws/install/xarm_sdk/lib:/home/mk/dev_ws/install/xarm_msgs/lib:/usr/local/cuda-12.1/lib64:/home/mk/dev_ws/install/zed_components/lib:/home/mk/dev_ws/install/zed_interfaces/lib:/home/mk/dev_ws/install/xarm_planner/lib:/home/mk/dev_ws/install/xarm_moveit_servo/lib:/home/mk/dev_ws/install/xarm_gazebo/lib:/home/mk/dev_ws/install/rviz_robot_control_panel/lib:/home/mk/dev_ws/install/whisper_server/lib:/home/mk/dev_ws/install/transcript_manager/lib:/home/mk/dev_ws/install/whisper_util/lib:/home/mk/dev_ws/install/whisper_idl/lib:/home/mk/dev_ws/install/whisper_cpp_vendor/lib:/home/mk/dev_ws/install/realsense_gazebo_plugin/lib:/home/mk/dev_ws/install/my_3d_vision_bringup/lib:/usr/lib/x86_64-linux-gnu/gazebo-11/plugins:/opt/ros/humble/opt/rviz_ogre_vendor/lib:/opt/ros/humble/lib/x86_64-linux-gnu:/opt/ros/humble/lib PYTHONPATH=/home/mk/dev_ws/build/uf_ros_lib:/home/mk/dev_ws/install/uf_ros_lib/lib/python3.10/site-packages:/home/mk/dev_ws/install/zed_interfaces/local/lib/python3.10/dist-packages:/home/mk/dev_ws/build/yolo_object_detector:/home/mk/dev_ws/install/yolo_object_detector/lib/python3.10/site-packages:/home/mk/dev_ws/build/move_to_coordinator:/home/mk/dev_ws/install/move_to_coordinator/lib/python3.10/site-packages:/home/mk/dev_ws/build/motion_sequence:/home/mk/dev_ws/install/motion_sequence/lib/python3.10/site-packages:/home/mk/dev_ws/install/xarm_msgs/local/lib/python3.10/dist-packages:/home/mk/dev_ws/build/whisper_demos:/home/mk/dev_ws/install/whisper_demos/lib/python3.10/site-packages:/home/mk/dev_ws/build/voice_command_listener:/home/mk/dev_ws/install/voice_command_listener/lib/python3.10/site-packages:/home/mk/dev_ws/install/whisper_idl/local/lib/python3.10/dist-packages:/home/mk/dev_ws/build/rviz_servo_status_overlay:/home/mk/dev_ws/install/rviz_servo_status_overlay/lib/python3.10/site-packages:/home/mk/dev_ws/build/rviz_marker_static_scene_objects:/home/mk/dev_ws/install/rviz_marker_static_scene_objects/lib/python3.10/site-packages:/home/mk/dev_ws/build/robot_motion_handler_movegroup:/home/mk/dev_ws/install/robot_motion_handler_movegroup/lib/python3.10/site-packages:/home/mk/dev_ws/install/my_3d_vision_bringup/local/lib/python3.10/dist-packages:/home/mk/dev_ws/build/gaze_control:/home/mk/dev_ws/install/gaze_control/lib/python3.10/site-packages:/home/mk/dev_ws/build/collision_check:/home/mk/dev_ws/install/collision_check/lib/python3.10/site-packages:/home/mk/dev_ws/build/audio_listener:/home/mk/dev_ws/install/audio_listener/lib/python3.10/site-packages:/opt/ros/humble/lib/python3.10/site-packages:/opt/ros/humble/local/lib/python3.10/dist-packages /usr/bin/cmake --install /home/mk/dev_ws/build/xarm_gazebo
[2.956s] Level 1:colcon.colcon_core.environment:checking '/home/mk/dev_ws/install/xarm_gazebo' for CMake config files
[2.956s] Level 1:colcon.colcon_core.shell:create_environment_hook('xarm_gazebo', 'cmake_prefix_path')
[2.956s] INFO:colcon.colcon_core.shell:Creating environment hook '/home/mk/dev_ws/install/xarm_gazebo/share/xarm_gazebo/hook/cmake_prefix_path.ps1'
[2.957s] INFO:colcon.colcon_core.shell:Creating environment descriptor '/home/mk/dev_ws/install/xarm_gazebo/share/xarm_gazebo/hook/cmake_prefix_path.dsv'
[2.957s] INFO:colcon.colcon_core.shell:Creating environment hook '/home/mk/dev_ws/install/xarm_gazebo/share/xarm_gazebo/hook/cmake_prefix_path.sh'
[2.958s] Level 1:colcon.colcon_core.environment:checking '/home/mk/dev_ws/install/xarm_gazebo/lib'
[2.958s] Level 1:colcon.colcon_core.shell:create_environment_hook('xarm_gazebo', 'ld_library_path_lib')
[2.958s] INFO:colcon.colcon_core.shell:Creating environment hook '/home/mk/dev_ws/install/xarm_gazebo/share/xarm_gazebo/hook/ld_library_path_lib.ps1'
[2.958s] INFO:colcon.colcon_core.shell:Creating environment descriptor '/home/mk/dev_ws/install/xarm_gazebo/share/xarm_gazebo/hook/ld_library_path_lib.dsv'
[2.958s] INFO:colcon.colcon_core.shell:Creating environment hook '/home/mk/dev_ws/install/xarm_gazebo/share/xarm_gazebo/hook/ld_library_path_lib.sh'
[2.958s] Level 1:colcon.colcon_core.environment:checking '/home/mk/dev_ws/install/xarm_gazebo/bin'
[2.958s] Level 1:colcon.colcon_core.environment:checking '/home/mk/dev_ws/install/xarm_gazebo/lib/pkgconfig/xarm_gazebo.pc'
[2.959s] Level 1:colcon.colcon_core.environment:checking '/home/mk/dev_ws/install/xarm_gazebo/lib/python3.10/site-packages'
[2.959s] Level 1:colcon.colcon_core.environment:checking '/home/mk/dev_ws/install/xarm_gazebo/bin'
[2.959s] INFO:colcon.colcon_core.shell:Creating package script '/home/mk/dev_ws/install/xarm_gazebo/share/xarm_gazebo/package.ps1'
[2.959s] INFO:colcon.colcon_core.shell:Creating package descriptor '/home/mk/dev_ws/install/xarm_gazebo/share/xarm_gazebo/package.dsv'
[2.960s] INFO:colcon.colcon_core.shell:Creating package script '/home/mk/dev_ws/install/xarm_gazebo/share/xarm_gazebo/package.sh'
[2.960s] INFO:colcon.colcon_core.shell:Creating package script '/home/mk/dev_ws/install/xarm_gazebo/share/xarm_gazebo/package.bash'
[2.960s] INFO:colcon.colcon_core.shell:Creating package script '/home/mk/dev_ws/install/xarm_gazebo/share/xarm_gazebo/package.zsh'
[2.960s] Level 1:colcon.colcon_core.environment:create_file_with_runtime_dependencies(/home/mk/dev_ws/install/xarm_gazebo/share/colcon-core/packages/xarm_gazebo)
[2.960s] Level 1:colcon.colcon_core.environment:create_environment_scripts_only(xarm_gazebo)
[2.961s] Level 1:colcon.colcon_core.environment:checking '/home/mk/dev_ws/install/xarm_gazebo' for CMake module files
[2.961s] Level 1:colcon.colcon_core.environment:checking '/home/mk/dev_ws/install/xarm_gazebo' for CMake config files
[2.961s] Level 1:colcon.colcon_core.shell:create_environment_hook('xarm_gazebo', 'cmake_prefix_path')
[2.961s] INFO:colcon.colcon_core.shell:Creating environment hook '/home/mk/dev_ws/install/xarm_gazebo/share/xarm_gazebo/hook/cmake_prefix_path.ps1'
[2.961s] INFO:colcon.colcon_core.shell:Creating environment descriptor '/home/mk/dev_ws/install/xarm_gazebo/share/xarm_gazebo/hook/cmake_prefix_path.dsv'
[2.961s] INFO:colcon.colcon_core.shell:Creating environment hook '/home/mk/dev_ws/install/xarm_gazebo/share/xarm_gazebo/hook/cmake_prefix_path.sh'
[2.962s] Level 1:colcon.colcon_core.environment:checking '/home/mk/dev_ws/install/xarm_gazebo/lib'
[2.962s] Level 1:colcon.colcon_core.shell:create_environment_hook('xarm_gazebo', 'ld_library_path_lib')
[2.962s] INFO:colcon.colcon_core.shell:Creating environment hook '/home/mk/dev_ws/install/xarm_gazebo/share/xarm_gazebo/hook/ld_library_path_lib.ps1'
[2.962s] INFO:colcon.colcon_core.shell:Creating environment descriptor '/home/mk/dev_ws/install/xarm_gazebo/share/xarm_gazebo/hook/ld_library_path_lib.dsv'
[2.962s] INFO:colcon.colcon_core.shell:Creating environment hook '/home/mk/dev_ws/install/xarm_gazebo/share/xarm_gazebo/hook/ld_library_path_lib.sh'
[2.962s] Level 1:colcon.colcon_core.environment:checking '/home/mk/dev_ws/install/xarm_gazebo/bin'
[2.962s] Level 1:colcon.colcon_core.environment:checking '/home/mk/dev_ws/install/xarm_gazebo/lib/pkgconfig/xarm_gazebo.pc'
[2.963s] Level 1:colcon.colcon_core.environment:checking '/home/mk/dev_ws/install/xarm_gazebo/lib/python3.10/site-packages'
[2.963s] Level 1:colcon.colcon_core.environment:checking '/home/mk/dev_ws/install/xarm_gazebo/bin'
[2.963s] INFO:colcon.colcon_core.shell:Creating package script '/home/mk/dev_ws/install/xarm_gazebo/share/xarm_gazebo/package.ps1'
[2.964s] INFO:colcon.colcon_core.shell:Creating package descriptor '/home/mk/dev_ws/install/xarm_gazebo/share/xarm_gazebo/package.dsv'
[2.964s] INFO:colcon.colcon_core.shell:Creating package script '/home/mk/dev_ws/install/xarm_gazebo/share/xarm_gazebo/package.sh'
[2.964s] INFO:colcon.colcon_core.shell:Creating package script '/home/mk/dev_ws/install/xarm_gazebo/share/xarm_gazebo/package.bash'
[2.964s] INFO:colcon.colcon_core.shell:Creating package script '/home/mk/dev_ws/install/xarm_gazebo/share/xarm_gazebo/package.zsh'
[2.964s] Level 1:colcon.colcon_core.environment:create_file_with_runtime_dependencies(/home/mk/dev_ws/install/xarm_gazebo/share/colcon-core/packages/xarm_gazebo)
[2.965s] INFO:colcon.colcon_ros.task.ament_cmake.build:Building ROS package in '/home/mk/dev_ws/src/xarm_ros2/xarm_moveit_config' with build type 'ament_cmake'
[2.965s] INFO:colcon.colcon_cmake.task.cmake.build:Building CMake package in '/home/mk/dev_ws/src/xarm_ros2/xarm_moveit_config'
[2.965s] INFO:colcon.colcon_core.shell:Skip shell extension 'powershell' for command environment: Not usable outside of PowerShell
[2.965s] DEBUG:colcon.colcon_core.shell:Skip shell extension 'dsv' for command environment
[2.972s] Level 1:colcon.colcon_core.shell:create_environment_hook('audio_listener', 'pythonpath_develop')
[2.972s] INFO:colcon.colcon_core.shell:Creating environment hook '/home/mk/dev_ws/build/audio_listener/share/audio_listener/hook/pythonpath_develop.ps1'
[2.972s] DEBUG:colcon.colcon_core.event_handler.log_command:Invoked command in '/home/mk/dev_ws/build/audio_listener' returned '0': PYTHONPATH=/home/mk/dev_ws/build/audio_listener/prefix_override:/usr/lib/python3/dist-packages/colcon_core/task/python/colcon_distutils_commands:/home/mk/dev_ws/install/audio_listener/lib/python3.10/site-packages:${PYTHONPATH} /usr/bin/python3 -W ignore:setup.py install is deprecated -W ignore:easy_install command is deprecated setup.py develop --editable --build-directory /home/mk/dev_ws/build/audio_listener/build --no-deps symlink_data
[2.973s] INFO:colcon.colcon_core.shell:Creating environment descriptor '/home/mk/dev_ws/build/audio_listener/share/audio_listener/hook/pythonpath_develop.dsv'
[2.973s] INFO:colcon.colcon_core.shell:Creating environment hook '/home/mk/dev_ws/build/audio_listener/share/audio_listener/hook/pythonpath_develop.sh'
[2.973s] Level 1:colcon.colcon_core.environment:checking '/home/mk/dev_ws/install/audio_listener' for CMake module files
[2.973s] Level 1:colcon.colcon_core.environment:checking '/home/mk/dev_ws/install/audio_listener' for CMake config files
[2.974s] Level 1:colcon.colcon_core.environment:checking '/home/mk/dev_ws/install/audio_listener/lib'
[2.974s] Level 1:colcon.colcon_core.environment:checking '/home/mk/dev_ws/install/audio_listener/bin'
[2.974s] Level 1:colcon.colcon_core.environment:checking '/home/mk/dev_ws/install/audio_listener/lib/pkgconfig/audio_listener.pc'
[2.974s] Level 1:colcon.colcon_core.environment:checking '/home/mk/dev_ws/install/audio_listener/lib/python3.10/site-packages'
[2.974s] Level 1:colcon.colcon_core.shell:create_environment_hook('audio_listener', 'pythonpath')
[2.974s] INFO:colcon.colcon_core.shell:Creating environment hook '/home/mk/dev_ws/install/audio_listener/share/audio_listener/hook/pythonpath.ps1'
[2.974s] INFO:colcon.colcon_core.shell:Creating environment descriptor '/home/mk/dev_ws/install/audio_listener/share/audio_listener/hook/pythonpath.dsv'
[2.974s] INFO:colcon.colcon_core.shell:Creating environment hook '/home/mk/dev_ws/install/audio_listener/share/audio_listener/hook/pythonpath.sh'
[2.975s] Level 1:colcon.colcon_core.environment:checking '/home/mk/dev_ws/install/audio_listener/bin'
[2.975s] Level 1:colcon.colcon_core.environment:create_environment_scripts_only(audio_listener)
[2.975s] INFO:colcon.colcon_core.shell:Creating package script '/home/mk/dev_ws/install/audio_listener/share/audio_listener/package.ps1'
[2.975s] INFO:colcon.colcon_core.shell:Creating package descriptor '/home/mk/dev_ws/install/audio_listener/share/audio_listener/package.dsv'
[2.975s] INFO:colcon.colcon_core.shell:Creating package script '/home/mk/dev_ws/install/audio_listener/share/audio_listener/package.sh'
[2.976s] INFO:colcon.colcon_core.shell:Creating package script '/home/mk/dev_ws/install/audio_listener/share/audio_listener/package.bash'
[2.976s] INFO:colcon.colcon_core.shell:Creating package script '/home/mk/dev_ws/install/audio_listener/share/audio_listener/package.zsh'
[2.976s] Level 1:colcon.colcon_core.environment:create_file_with_runtime_dependencies(/home/mk/dev_ws/install/audio_listener/share/colcon-core/packages/audio_listener)
[2.976s] INFO:colcon.colcon_ros.task.ament_python.build:Building ROS package in '/home/mk/dev_ws/src/ros2_whisper/whisper_demos' with build type 'ament_python'
[2.976s] Level 1:colcon.colcon_core.shell:create_environment_hook('whisper_demos', 'ament_prefix_path')
[2.976s] INFO:colcon.colcon_core.shell:Creating environment hook '/home/mk/dev_ws/install/whisper_demos/share/whisper_demos/hook/ament_prefix_path.ps1'
[2.977s] INFO:colcon.colcon_core.shell:Creating environment descriptor '/home/mk/dev_ws/install/whisper_demos/share/whisper_demos/hook/ament_prefix_path.dsv'
[2.977s] INFO:colcon.colcon_core.shell:Creating environment hook '/home/mk/dev_ws/install/whisper_demos/share/whisper_demos/hook/ament_prefix_path.sh'
[2.977s] INFO:colcon.colcon_core.shell:Skip shell extension 'powershell' for command environment: Not usable outside of PowerShell
[2.977s] DEBUG:colcon.colcon_core.shell:Skip shell extension 'dsv' for command environment
[2.980s] Level 1:colcon.colcon_core.shell:create_environment_hook('rviz_marker_static_scene_objects', 'pythonpath_develop')
[2.980s] INFO:colcon.colcon_core.shell:Creating environment hook '/home/mk/dev_ws/build/rviz_marker_static_scene_objects/share/rviz_marker_static_scene_objects/hook/pythonpath_develop.ps1'
[2.981s] DEBUG:colcon.colcon_core.event_handler.log_command:Invoked command in '/home/mk/dev_ws/build/rviz_marker_static_scene_objects' returned '0': PYTHONPATH=/home/mk/dev_ws/build/rviz_marker_static_scene_objects/prefix_override:/usr/lib/python3/dist-packages/colcon_core/task/python/colcon_distutils_commands:/home/mk/dev_ws/install/rviz_marker_static_scene_objects/lib/python3.10/site-packages:${PYTHONPATH} /usr/bin/python3 -W ignore:setup.py install is deprecated -W ignore:easy_install command is deprecated setup.py develop --editable --build-directory /home/mk/dev_ws/build/rviz_marker_static_scene_objects/build --no-deps symlink_data
[2.981s] INFO:colcon.colcon_core.shell:Creating environment descriptor '/home/mk/dev_ws/build/rviz_marker_static_scene_objects/share/rviz_marker_static_scene_objects/hook/pythonpath_develop.dsv'
[2.981s] INFO:colcon.colcon_core.shell:Creating environment hook '/home/mk/dev_ws/build/rviz_marker_static_scene_objects/share/rviz_marker_static_scene_objects/hook/pythonpath_develop.sh'
[2.981s] Level 1:colcon.colcon_core.environment:checking '/home/mk/dev_ws/install/rviz_marker_static_scene_objects' for CMake module files
[2.982s] Level 1:colcon.colcon_core.environment:checking '/home/mk/dev_ws/install/rviz_marker_static_scene_objects' for CMake config files
[2.982s] Level 1:colcon.colcon_core.environment:checking '/home/mk/dev_ws/install/rviz_marker_static_scene_objects/lib'
[2.982s] Level 1:colcon.colcon_core.environment:checking '/home/mk/dev_ws/install/rviz_marker_static_scene_objects/bin'
[2.982s] Level 1:colcon.colcon_core.environment:checking '/home/mk/dev_ws/install/rviz_marker_static_scene_objects/lib/pkgconfig/rviz_marker_static_scene_objects.pc'
[2.982s] Level 1:colcon.colcon_core.environment:checking '/home/mk/dev_ws/install/rviz_marker_static_scene_objects/lib/python3.10/site-packages'
[2.982s] Level 1:colcon.colcon_core.shell:create_environment_hook('rviz_marker_static_scene_objects', 'pythonpath')
[2.982s] INFO:colcon.colcon_core.shell:Creating environment hook '/home/mk/dev_ws/install/rviz_marker_static_scene_objects/share/rviz_marker_static_scene_objects/hook/pythonpath.ps1'
[2.982s] INFO:colcon.colcon_core.shell:Creating environment descriptor '/home/mk/dev_ws/install/rviz_marker_static_scene_objects/share/rviz_marker_static_scene_objects/hook/pythonpath.dsv'
[2.982s] INFO:colcon.colcon_core.shell:Creating environment hook '/home/mk/dev_ws/install/rviz_marker_static_scene_objects/share/rviz_marker_static_scene_objects/hook/pythonpath.sh'
[2.983s] Level 1:colcon.colcon_core.environment:checking '/home/mk/dev_ws/install/rviz_marker_static_scene_objects/bin'
[2.983s] Level 1:colcon.colcon_core.environment:create_environment_scripts_only(rviz_marker_static_scene_objects)
[2.983s] INFO:colcon.colcon_core.shell:Creating package script '/home/mk/dev_ws/install/rviz_marker_static_scene_objects/share/rviz_marker_static_scene_objects/package.ps1'
[2.983s] INFO:colcon.colcon_core.shell:Creating package descriptor '/home/mk/dev_ws/install/rviz_marker_static_scene_objects/share/rviz_marker_static_scene_objects/package.dsv'
[2.984s] INFO:colcon.colcon_core.shell:Creating package script '/home/mk/dev_ws/install/rviz_marker_static_scene_objects/share/rviz_marker_static_scene_objects/package.sh'
[2.984s] INFO:colcon.colcon_core.shell:Creating package script '/home/mk/dev_ws/install/rviz_marker_static_scene_objects/share/rviz_marker_static_scene_objects/package.bash'
[2.984s] INFO:colcon.colcon_core.shell:Creating package script '/home/mk/dev_ws/install/rviz_marker_static_scene_objects/share/rviz_marker_static_scene_objects/package.zsh'
[2.984s] Level 1:colcon.colcon_core.environment:create_file_with_runtime_dependencies(/home/mk/dev_ws/install/rviz_marker_static_scene_objects/share/colcon-core/packages/rviz_marker_static_scene_objects)
[2.986s] DEBUG:colcon.colcon_core.event_handler.log_command:Invoking command in '/home/mk/dev_ws/build/xarm_moveit_config': AMENT_PREFIX_PATH=/home/mk/dev_ws/install/uf_ros_lib:/home/mk/dev_ws/install/zed_ros2:/home/mk/dev_ws/install/zed_wrapper:/home/mk/dev_ws/install/zed_components:/home/mk/dev_ws/install/zed_interfaces:/home/mk/dev_ws/install/yolo_object_detector:/home/mk/dev_ws/install/xarm_planner:/home/mk/dev_ws/install/xarm_moveit_servo:/home/mk/dev_ws/install/xarm_moveit_config:/home/mk/dev_ws/install/xarm_gazebo:/home/mk/dev_ws/install/xarm_controller:/home/mk/dev_ws/install/xarm_api:/home/mk/dev_ws/install/xarm_sdk:/home/mk/dev_ws/install/rviz_robot_control_panel:/home/mk/dev_ws/install/move_to_coordinator:/home/mk/dev_ws/install/motion_sequence:/home/mk/dev_ws/install/xarm_msgs:/home/mk/dev_ws/install/xarm_description:/home/mk/dev_ws/install/whisper_demos:/home/mk/dev_ws/install/whisper_bringup:/home/mk/dev_ws/install/whisper_server:/home/mk/dev_ws/install/transcript_manager:/home/mk/dev_ws/install/whisper_util:/home/mk/dev_ws/install/voice_command_listener:/home/mk/dev_ws/install/whisper_idl:/home/mk/dev_ws/install/whisper_cpp_vendor:/home/mk/dev_ws/install/rviz_servo_status_overlay:/home/mk/dev_ws/install/rviz_marker_static_scene_objects:/home/mk/dev_ws/install/robot_motion_handler_movegroup:/home/mk/dev_ws/install/realsense_gazebo_plugin:/home/mk/dev_ws/install/my_3d_vision_bringup:/home/mk/dev_ws/install/mbot_demo:/home/mk/dev_ws/install/gaze_control:/home/mk/dev_ws/install/collision_check:/home/mk/dev_ws/install/audio_listener:/opt/ros/humble CMAKE_PREFIX_PATH=/home/mk/dev_ws/install/xarm_gazebo:/home/mk/dev_ws/install/xarm_controller:/home/mk/dev_ws/install/xarm_api:/home/mk/dev_ws/install/xarm_sdk:/home/mk/dev_ws/install/xarm_msgs:/home/mk/dev_ws/install/xarm_description:/home/mk/dev_ws/install/zed_ros2:/home/mk/dev_ws/install/zed_wrapper:/home/mk/dev_ws/install/zed_components:/home/mk/dev_ws/install/zed_interfaces:/home/mk/dev_ws/install/xarm_planner:/home/mk/dev_ws/install/xarm_moveit_servo:/home/mk/dev_ws/install/xarm_moveit_config:/home/mk/dev_ws/install/rviz_robot_control_panel:/home/mk/dev_ws/install/whisper_bringup:/home/mk/dev_ws/install/whisper_server:/home/mk/dev_ws/install/transcript_manager:/home/mk/dev_ws/install/whisper_util:/home/mk/dev_ws/install/whisper_idl:/home/mk/dev_ws/install/whisper_cpp_vendor:/home/mk/dev_ws/install/realsense_gazebo_plugin:/home/mk/dev_ws/install/my_3d_vision_bringup:/home/mk/dev_ws/install/mbot_demo:/home/mk/dev_ws/install/yolo_object_detector:/home/mk/dev_ws/install/move_to_coordinator:/home/mk/dev_ws/install/motion_sequence:/home/mk/dev_ws/install/whisper_demos:/home/mk/dev_ws/install/voice_command_listener:/home/mk/dev_ws/install/uf_ros_lib:/home/mk/dev_ws/install/rviz_servo_status_overlay:/home/mk/dev_ws/install/rviz_marker_static_scene_objects:/home/mk/dev_ws/install/robot_motion_handler_movegroup:/home/mk/dev_ws/install/gaze_control:/home/mk/dev_ws/install/collision_check:/home/mk/dev_ws/install/audio_listener:/opt/ros/humble LD_LIBRARY_PATH=/home/mk/dev_ws/install/xarm_gazebo/lib:/home/mk/dev_ws/install/xarm_controller/lib:/home/mk/dev_ws/install/xarm_api/lib:/home/mk/dev_ws/install/xarm_sdk/lib:/home/mk/dev_ws/install/xarm_msgs/lib:/usr/local/cuda-12.1/lib64:/home/mk/dev_ws/install/zed_components/lib:/home/mk/dev_ws/install/zed_interfaces/lib:/home/mk/dev_ws/install/xarm_planner/lib:/home/mk/dev_ws/install/xarm_moveit_servo/lib:/home/mk/dev_ws/install/rviz_robot_control_panel/lib:/home/mk/dev_ws/install/whisper_server/lib:/home/mk/dev_ws/install/transcript_manager/lib:/home/mk/dev_ws/install/whisper_util/lib:/home/mk/dev_ws/install/whisper_idl/lib:/home/mk/dev_ws/install/whisper_cpp_vendor/lib:/home/mk/dev_ws/install/realsense_gazebo_plugin/lib:/home/mk/dev_ws/install/my_3d_vision_bringup/lib:/usr/lib/x86_64-linux-gnu/gazebo-11/plugins:/opt/ros/humble/opt/rviz_ogre_vendor/lib:/opt/ros/humble/lib/x86_64-linux-gnu:/opt/ros/humble/lib PYTHONPATH=/home/mk/dev_ws/build/uf_ros_lib:/home/mk/dev_ws/install/uf_ros_lib/lib/python3.10/site-packages:/home/mk/dev_ws/install/zed_interfaces/local/lib/python3.10/dist-packages:/home/mk/dev_ws/build/yolo_object_detector:/home/mk/dev_ws/install/yolo_object_detector/lib/python3.10/site-packages:/home/mk/dev_ws/build/move_to_coordinator:/home/mk/dev_ws/install/move_to_coordinator/lib/python3.10/site-packages:/home/mk/dev_ws/build/motion_sequence:/home/mk/dev_ws/install/motion_sequence/lib/python3.10/site-packages:/home/mk/dev_ws/install/xarm_msgs/local/lib/python3.10/dist-packages:/home/mk/dev_ws/build/whisper_demos:/home/mk/dev_ws/install/whisper_demos/lib/python3.10/site-packages:/home/mk/dev_ws/build/voice_command_listener:/home/mk/dev_ws/install/voice_command_listener/lib/python3.10/site-packages:/home/mk/dev_ws/install/whisper_idl/local/lib/python3.10/dist-packages:/home/mk/dev_ws/build/rviz_servo_status_overlay:/home/mk/dev_ws/install/rviz_servo_status_overlay/lib/python3.10/site-packages:/home/mk/dev_ws/build/rviz_marker_static_scene_objects:/home/mk/dev_ws/install/rviz_marker_static_scene_objects/lib/python3.10/site-packages:/home/mk/dev_ws/build/robot_motion_handler_movegroup:/home/mk/dev_ws/install/robot_motion_handler_movegroup/lib/python3.10/site-packages:/home/mk/dev_ws/install/my_3d_vision_bringup/local/lib/python3.10/dist-packages:/home/mk/dev_ws/build/gaze_control:/home/mk/dev_ws/install/gaze_control/lib/python3.10/site-packages:/home/mk/dev_ws/build/collision_check:/home/mk/dev_ws/install/collision_check/lib/python3.10/site-packages:/home/mk/dev_ws/build/audio_listener:/home/mk/dev_ws/install/audio_listener/lib/python3.10/site-packages:/opt/ros/humble/lib/python3.10/site-packages:/opt/ros/humble/local/lib/python3.10/dist-packages /usr/bin/cmake --build /home/mk/dev_ws/build/xarm_moveit_config -- -j20 -l20
[3.148s] INFO:colcon.colcon_core.task.python.build:Building Python package in '/home/mk/dev_ws/src/ros2_whisper/whisper_demos'
[3.149s] INFO:colcon.colcon_core.shell:Skip shell extension 'powershell' for command environment: Not usable outside of PowerShell
[3.149s] DEBUG:colcon.colcon_core.shell:Skip shell extension 'dsv' for command environment
[3.153s] DEBUG:colcon.colcon_core.event_handler.log_command:Invoked command in '/home/mk/dev_ws/build/xarm_moveit_config' returned '0': AMENT_PREFIX_PATH=/home/mk/dev_ws/install/uf_ros_lib:/home/mk/dev_ws/install/zed_ros2:/home/mk/dev_ws/install/zed_wrapper:/home/mk/dev_ws/install/zed_components:/home/mk/dev_ws/install/zed_interfaces:/home/mk/dev_ws/install/yolo_object_detector:/home/mk/dev_ws/install/xarm_planner:/home/mk/dev_ws/install/xarm_moveit_servo:/home/mk/dev_ws/install/xarm_moveit_config:/home/mk/dev_ws/install/xarm_gazebo:/home/mk/dev_ws/install/xarm_controller:/home/mk/dev_ws/install/xarm_api:/home/mk/dev_ws/install/xarm_sdk:/home/mk/dev_ws/install/rviz_robot_control_panel:/home/mk/dev_ws/install/move_to_coordinator:/home/mk/dev_ws/install/motion_sequence:/home/mk/dev_ws/install/xarm_msgs:/home/mk/dev_ws/install/xarm_description:/home/mk/dev_ws/install/whisper_demos:/home/mk/dev_ws/install/whisper_bringup:/home/mk/dev_ws/install/whisper_server:/home/mk/dev_ws/install/transcript_manager:/home/mk/dev_ws/install/whisper_util:/home/mk/dev_ws/install/voice_command_listener:/home/mk/dev_ws/install/whisper_idl:/home/mk/dev_ws/install/whisper_cpp_vendor:/home/mk/dev_ws/install/rviz_servo_status_overlay:/home/mk/dev_ws/install/rviz_marker_static_scene_objects:/home/mk/dev_ws/install/robot_motion_handler_movegroup:/home/mk/dev_ws/install/realsense_gazebo_plugin:/home/mk/dev_ws/install/my_3d_vision_bringup:/home/mk/dev_ws/install/mbot_demo:/home/mk/dev_ws/install/gaze_control:/home/mk/dev_ws/install/collision_check:/home/mk/dev_ws/install/audio_listener:/opt/ros/humble CMAKE_PREFIX_PATH=/home/mk/dev_ws/install/xarm_gazebo:/home/mk/dev_ws/install/xarm_controller:/home/mk/dev_ws/install/xarm_api:/home/mk/dev_ws/install/xarm_sdk:/home/mk/dev_ws/install/xarm_msgs:/home/mk/dev_ws/install/xarm_description:/home/mk/dev_ws/install/zed_ros2:/home/mk/dev_ws/install/zed_wrapper:/home/mk/dev_ws/install/zed_components:/home/mk/dev_ws/install/zed_interfaces:/home/mk/dev_ws/install/xarm_planner:/home/mk/dev_ws/install/xarm_moveit_servo:/home/mk/dev_ws/install/xarm_moveit_config:/home/mk/dev_ws/install/rviz_robot_control_panel:/home/mk/dev_ws/install/whisper_bringup:/home/mk/dev_ws/install/whisper_server:/home/mk/dev_ws/install/transcript_manager:/home/mk/dev_ws/install/whisper_util:/home/mk/dev_ws/install/whisper_idl:/home/mk/dev_ws/install/whisper_cpp_vendor:/home/mk/dev_ws/install/realsense_gazebo_plugin:/home/mk/dev_ws/install/my_3d_vision_bringup:/home/mk/dev_ws/install/mbot_demo:/home/mk/dev_ws/install/yolo_object_detector:/home/mk/dev_ws/install/move_to_coordinator:/home/mk/dev_ws/install/motion_sequence:/home/mk/dev_ws/install/whisper_demos:/home/mk/dev_ws/install/voice_command_listener:/home/mk/dev_ws/install/uf_ros_lib:/home/mk/dev_ws/install/rviz_servo_status_overlay:/home/mk/dev_ws/install/rviz_marker_static_scene_objects:/home/mk/dev_ws/install/robot_motion_handler_movegroup:/home/mk/dev_ws/install/gaze_control:/home/mk/dev_ws/install/collision_check:/home/mk/dev_ws/install/audio_listener:/opt/ros/humble LD_LIBRARY_PATH=/home/mk/dev_ws/install/xarm_gazebo/lib:/home/mk/dev_ws/install/xarm_controller/lib:/home/mk/dev_ws/install/xarm_api/lib:/home/mk/dev_ws/install/xarm_sdk/lib:/home/mk/dev_ws/install/xarm_msgs/lib:/usr/local/cuda-12.1/lib64:/home/mk/dev_ws/install/zed_components/lib:/home/mk/dev_ws/install/zed_interfaces/lib:/home/mk/dev_ws/install/xarm_planner/lib:/home/mk/dev_ws/install/xarm_moveit_servo/lib:/home/mk/dev_ws/install/rviz_robot_control_panel/lib:/home/mk/dev_ws/install/whisper_server/lib:/home/mk/dev_ws/install/transcript_manager/lib:/home/mk/dev_ws/install/whisper_util/lib:/home/mk/dev_ws/install/whisper_idl/lib:/home/mk/dev_ws/install/whisper_cpp_vendor/lib:/home/mk/dev_ws/install/realsense_gazebo_plugin/lib:/home/mk/dev_ws/install/my_3d_vision_bringup/lib:/usr/lib/x86_64-linux-gnu/gazebo-11/plugins:/opt/ros/humble/opt/rviz_ogre_vendor/lib:/opt/ros/humble/lib/x86_64-linux-gnu:/opt/ros/humble/lib PYTHONPATH=/home/mk/dev_ws/build/uf_ros_lib:/home/mk/dev_ws/install/uf_ros_lib/lib/python3.10/site-packages:/home/mk/dev_ws/install/zed_interfaces/local/lib/python3.10/dist-packages:/home/mk/dev_ws/build/yolo_object_detector:/home/mk/dev_ws/install/yolo_object_detector/lib/python3.10/site-packages:/home/mk/dev_ws/build/move_to_coordinator:/home/mk/dev_ws/install/move_to_coordinator/lib/python3.10/site-packages:/home/mk/dev_ws/build/motion_sequence:/home/mk/dev_ws/install/motion_sequence/lib/python3.10/site-packages:/home/mk/dev_ws/install/xarm_msgs/local/lib/python3.10/dist-packages:/home/mk/dev_ws/build/whisper_demos:/home/mk/dev_ws/install/whisper_demos/lib/python3.10/site-packages:/home/mk/dev_ws/build/voice_command_listener:/home/mk/dev_ws/install/voice_command_listener/lib/python3.10/site-packages:/home/mk/dev_ws/install/whisper_idl/local/lib/python3.10/dist-packages:/home/mk/dev_ws/build/rviz_servo_status_overlay:/home/mk/dev_ws/install/rviz_servo_status_overlay/lib/python3.10/site-packages:/home/mk/dev_ws/build/rviz_marker_static_scene_objects:/home/mk/dev_ws/install/rviz_marker_static_scene_objects/lib/python3.10/site-packages:/home/mk/dev_ws/build/robot_motion_handler_movegroup:/home/mk/dev_ws/install/robot_motion_handler_movegroup/lib/python3.10/site-packages:/home/mk/dev_ws/install/my_3d_vision_bringup/local/lib/python3.10/dist-packages:/home/mk/dev_ws/build/gaze_control:/home/mk/dev_ws/install/gaze_control/lib/python3.10/site-packages:/home/mk/dev_ws/build/collision_check:/home/mk/dev_ws/install/collision_check/lib/python3.10/site-packages:/home/mk/dev_ws/build/audio_listener:/home/mk/dev_ws/install/audio_listener/lib/python3.10/site-packages:/opt/ros/humble/lib/python3.10/site-packages:/opt/ros/humble/local/lib/python3.10/dist-packages /usr/bin/cmake --build /home/mk/dev_ws/build/xarm_moveit_config -- -j20 -l20
[3.154s] Level 1:colcon.colcon_core.shell:create_environment_hook('voice_command_listener', 'pythonpath_develop')
[3.154s] INFO:colcon.colcon_core.shell:Creating environment hook '/home/mk/dev_ws/build/voice_command_listener/share/voice_command_listener/hook/pythonpath_develop.ps1'
[3.154s] DEBUG:colcon.colcon_core.event_handler.log_command:Invoking command in '/home/mk/dev_ws/build/xarm_moveit_config': AMENT_PREFIX_PATH=/home/mk/dev_ws/install/uf_ros_lib:/home/mk/dev_ws/install/zed_ros2:/home/mk/dev_ws/install/zed_wrapper:/home/mk/dev_ws/install/zed_components:/home/mk/dev_ws/install/zed_interfaces:/home/mk/dev_ws/install/yolo_object_detector:/home/mk/dev_ws/install/xarm_planner:/home/mk/dev_ws/install/xarm_moveit_servo:/home/mk/dev_ws/install/xarm_moveit_config:/home/mk/dev_ws/install/xarm_gazebo:/home/mk/dev_ws/install/xarm_controller:/home/mk/dev_ws/install/xarm_api:/home/mk/dev_ws/install/xarm_sdk:/home/mk/dev_ws/install/rviz_robot_control_panel:/home/mk/dev_ws/install/move_to_coordinator:/home/mk/dev_ws/install/motion_sequence:/home/mk/dev_ws/install/xarm_msgs:/home/mk/dev_ws/install/xarm_description:/home/mk/dev_ws/install/whisper_demos:/home/mk/dev_ws/install/whisper_bringup:/home/mk/dev_ws/install/whisper_server:/home/mk/dev_ws/install/transcript_manager:/home/mk/dev_ws/install/whisper_util:/home/mk/dev_ws/install/voice_command_listener:/home/mk/dev_ws/install/whisper_idl:/home/mk/dev_ws/install/whisper_cpp_vendor:/home/mk/dev_ws/install/rviz_servo_status_overlay:/home/mk/dev_ws/install/rviz_marker_static_scene_objects:/home/mk/dev_ws/install/robot_motion_handler_movegroup:/home/mk/dev_ws/install/realsense_gazebo_plugin:/home/mk/dev_ws/install/my_3d_vision_bringup:/home/mk/dev_ws/install/mbot_demo:/home/mk/dev_ws/install/gaze_control:/home/mk/dev_ws/install/collision_check:/home/mk/dev_ws/install/audio_listener:/opt/ros/humble CMAKE_PREFIX_PATH=/home/mk/dev_ws/install/xarm_gazebo:/home/mk/dev_ws/install/xarm_controller:/home/mk/dev_ws/install/xarm_api:/home/mk/dev_ws/install/xarm_sdk:/home/mk/dev_ws/install/xarm_msgs:/home/mk/dev_ws/install/xarm_description:/home/mk/dev_ws/install/zed_ros2:/home/mk/dev_ws/install/zed_wrapper:/home/mk/dev_ws/install/zed_components:/home/mk/dev_ws/install/zed_interfaces:/home/mk/dev_ws/install/xarm_planner:/home/mk/dev_ws/install/xarm_moveit_servo:/home/mk/dev_ws/install/xarm_moveit_config:/home/mk/dev_ws/install/rviz_robot_control_panel:/home/mk/dev_ws/install/whisper_bringup:/home/mk/dev_ws/install/whisper_server:/home/mk/dev_ws/install/transcript_manager:/home/mk/dev_ws/install/whisper_util:/home/mk/dev_ws/install/whisper_idl:/home/mk/dev_ws/install/whisper_cpp_vendor:/home/mk/dev_ws/install/realsense_gazebo_plugin:/home/mk/dev_ws/install/my_3d_vision_bringup:/home/mk/dev_ws/install/mbot_demo:/home/mk/dev_ws/install/yolo_object_detector:/home/mk/dev_ws/install/move_to_coordinator:/home/mk/dev_ws/install/motion_sequence:/home/mk/dev_ws/install/whisper_demos:/home/mk/dev_ws/install/voice_command_listener:/home/mk/dev_ws/install/uf_ros_lib:/home/mk/dev_ws/install/rviz_servo_status_overlay:/home/mk/dev_ws/install/rviz_marker_static_scene_objects:/home/mk/dev_ws/install/robot_motion_handler_movegroup:/home/mk/dev_ws/install/gaze_control:/home/mk/dev_ws/install/collision_check:/home/mk/dev_ws/install/audio_listener:/opt/ros/humble LD_LIBRARY_PATH=/home/mk/dev_ws/install/xarm_gazebo/lib:/home/mk/dev_ws/install/xarm_controller/lib:/home/mk/dev_ws/install/xarm_api/lib:/home/mk/dev_ws/install/xarm_sdk/lib:/home/mk/dev_ws/install/xarm_msgs/lib:/usr/local/cuda-12.1/lib64:/home/mk/dev_ws/install/zed_components/lib:/home/mk/dev_ws/install/zed_interfaces/lib:/home/mk/dev_ws/install/xarm_planner/lib:/home/mk/dev_ws/install/xarm_moveit_servo/lib:/home/mk/dev_ws/install/rviz_robot_control_panel/lib:/home/mk/dev_ws/install/whisper_server/lib:/home/mk/dev_ws/install/transcript_manager/lib:/home/mk/dev_ws/install/whisper_util/lib:/home/mk/dev_ws/install/whisper_idl/lib:/home/mk/dev_ws/install/whisper_cpp_vendor/lib:/home/mk/dev_ws/install/realsense_gazebo_plugin/lib:/home/mk/dev_ws/install/my_3d_vision_bringup/lib:/usr/lib/x86_64-linux-gnu/gazebo-11/plugins:/opt/ros/humble/opt/rviz_ogre_vendor/lib:/opt/ros/humble/lib/x86_64-linux-gnu:/opt/ros/humble/lib PYTHONPATH=/home/mk/dev_ws/build/uf_ros_lib:/home/mk/dev_ws/install/uf_ros_lib/lib/python3.10/site-packages:/home/mk/dev_ws/install/zed_interfaces/local/lib/python3.10/dist-packages:/home/mk/dev_ws/build/yolo_object_detector:/home/mk/dev_ws/install/yolo_object_detector/lib/python3.10/site-packages:/home/mk/dev_ws/build/move_to_coordinator:/home/mk/dev_ws/install/move_to_coordinator/lib/python3.10/site-packages:/home/mk/dev_ws/build/motion_sequence:/home/mk/dev_ws/install/motion_sequence/lib/python3.10/site-packages:/home/mk/dev_ws/install/xarm_msgs/local/lib/python3.10/dist-packages:/home/mk/dev_ws/build/whisper_demos:/home/mk/dev_ws/install/whisper_demos/lib/python3.10/site-packages:/home/mk/dev_ws/build/voice_command_listener:/home/mk/dev_ws/install/voice_command_listener/lib/python3.10/site-packages:/home/mk/dev_ws/install/whisper_idl/local/lib/python3.10/dist-packages:/home/mk/dev_ws/build/rviz_servo_status_overlay:/home/mk/dev_ws/install/rviz_servo_status_overlay/lib/python3.10/site-packages:/home/mk/dev_ws/build/rviz_marker_static_scene_objects:/home/mk/dev_ws/install/rviz_marker_static_scene_objects/lib/python3.10/site-packages:/home/mk/dev_ws/build/robot_motion_handler_movegroup:/home/mk/dev_ws/install/robot_motion_handler_movegroup/lib/python3.10/site-packages:/home/mk/dev_ws/install/my_3d_vision_bringup/local/lib/python3.10/dist-packages:/home/mk/dev_ws/build/gaze_control:/home/mk/dev_ws/install/gaze_control/lib/python3.10/site-packages:/home/mk/dev_ws/build/collision_check:/home/mk/dev_ws/install/collision_check/lib/python3.10/site-packages:/home/mk/dev_ws/build/audio_listener:/home/mk/dev_ws/install/audio_listener/lib/python3.10/site-packages:/opt/ros/humble/lib/python3.10/site-packages:/opt/ros/humble/local/lib/python3.10/dist-packages /usr/bin/cmake --install /home/mk/dev_ws/build/xarm_moveit_config
[3.154s] DEBUG:colcon.colcon_core.event_handler.log_command:Invoked command in '/home/mk/dev_ws/build/voice_command_listener' returned '0': CMAKE_PREFIX_PATH=/home/mk/dev_ws/install/whisper_idl:/home/mk/dev_ws/install/zed_ros2:/home/mk/dev_ws/install/zed_wrapper:/home/mk/dev_ws/install/zed_components:/home/mk/dev_ws/install/zed_interfaces:/home/mk/dev_ws/install/xarm_planner:/home/mk/dev_ws/install/xarm_moveit_servo:/home/mk/dev_ws/install/xarm_moveit_config:/home/mk/dev_ws/install/xarm_gazebo:/home/mk/dev_ws/install/xarm_controller:/home/mk/dev_ws/install/xarm_api:/home/mk/dev_ws/install/xarm_sdk:/home/mk/dev_ws/install/rviz_robot_control_panel:/home/mk/dev_ws/install/xarm_msgs:/home/mk/dev_ws/install/xarm_description:/home/mk/dev_ws/install/whisper_bringup:/home/mk/dev_ws/install/whisper_server:/home/mk/dev_ws/install/transcript_manager:/home/mk/dev_ws/install/whisper_util:/home/mk/dev_ws/install/whisper_cpp_vendor:/home/mk/dev_ws/install/realsense_gazebo_plugin:/home/mk/dev_ws/install/my_3d_vision_bringup:/home/mk/dev_ws/install/mbot_demo LD_LIBRARY_PATH=/home/mk/dev_ws/install/whisper_idl/lib:/usr/local/cuda-12.1/lib64:/home/mk/dev_ws/install/zed_components/lib:/home/mk/dev_ws/install/zed_interfaces/lib:/home/mk/dev_ws/install/xarm_planner/lib:/home/mk/dev_ws/install/xarm_moveit_servo/lib:/home/mk/dev_ws/install/xarm_gazebo/lib:/home/mk/dev_ws/install/xarm_controller/lib:/home/mk/dev_ws/install/xarm_api/lib:/home/mk/dev_ws/install/xarm_sdk/lib:/home/mk/dev_ws/install/rviz_robot_control_panel/lib:/home/mk/dev_ws/install/xarm_msgs/lib:/home/mk/dev_ws/install/whisper_server/lib:/home/mk/dev_ws/install/transcript_manager/lib:/home/mk/dev_ws/install/whisper_util/lib:/home/mk/dev_ws/install/whisper_cpp_vendor/lib:/home/mk/dev_ws/install/realsense_gazebo_plugin/lib:/home/mk/dev_ws/install/my_3d_vision_bringup/lib:/usr/lib/x86_64-linux-gnu/gazebo-11/plugins:/opt/ros/humble/opt/rviz_ogre_vendor/lib:/opt/ros/humble/lib/x86_64-linux-gnu:/opt/ros/humble/lib PYTHONPATH=/home/mk/dev_ws/build/voice_command_listener/prefix_override:/usr/lib/python3/dist-packages/colcon_core/task/python/colcon_distutils_commands:/home/mk/dev_ws/install/voice_command_listener/lib/python3.10/site-packages:${PYTHONPATH} /usr/bin/python3 -W ignore:setup.py install is deprecated -W ignore:easy_install command is deprecated setup.py develop --editable --build-directory /home/mk/dev_ws/build/voice_command_listener/build --no-deps symlink_data
[3.154s] INFO:colcon.colcon_core.shell:Creating environment descriptor '/home/mk/dev_ws/build/voice_command_listener/share/voice_command_listener/hook/pythonpath_develop.dsv'
[3.155s] INFO:colcon.colcon_core.shell:Creating environment hook '/home/mk/dev_ws/build/voice_command_listener/share/voice_command_listener/hook/pythonpath_develop.sh'
[3.155s] Level 1:colcon.colcon_core.environment:checking '/home/mk/dev_ws/install/voice_command_listener' for CMake module files
[3.155s] Level 1:colcon.colcon_core.environment:checking '/home/mk/dev_ws/install/voice_command_listener' for CMake config files
[3.155s] Level 1:colcon.colcon_core.environment:checking '/home/mk/dev_ws/install/voice_command_listener/lib'
[3.155s] Level 1:colcon.colcon_core.environment:checking '/home/mk/dev_ws/install/voice_command_listener/bin'
[3.155s] Level 1:colcon.colcon_core.environment:checking '/home/mk/dev_ws/install/voice_command_listener/lib/pkgconfig/voice_command_listener.pc'
[3.155s] Level 1:colcon.colcon_core.environment:checking '/home/mk/dev_ws/install/voice_command_listener/lib/python3.10/site-packages'
[3.155s] Level 1:colcon.colcon_core.shell:create_environment_hook('voice_command_listener', 'pythonpath')
[3.156s] INFO:colcon.colcon_core.shell:Creating environment hook '/home/mk/dev_ws/install/voice_command_listener/share/voice_command_listener/hook/pythonpath.ps1'
[3.156s] INFO:colcon.colcon_core.shell:Creating environment descriptor '/home/mk/dev_ws/install/voice_command_listener/share/voice_command_listener/hook/pythonpath.dsv'
[3.156s] INFO:colcon.colcon_core.shell:Creating environment hook '/home/mk/dev_ws/install/voice_command_listener/share/voice_command_listener/hook/pythonpath.sh'
[3.156s] Level 1:colcon.colcon_core.environment:checking '/home/mk/dev_ws/install/voice_command_listener/bin'
[3.156s] Level 1:colcon.colcon_core.environment:create_environment_scripts_only(voice_command_listener)
[3.156s] INFO:colcon.colcon_core.shell:Creating package script '/home/mk/dev_ws/install/voice_command_listener/share/voice_command_listener/package.ps1'
[3.157s] INFO:colcon.colcon_core.shell:Creating package descriptor '/home/mk/dev_ws/install/voice_command_listener/share/voice_command_listener/package.dsv'
[3.157s] INFO:colcon.colcon_core.shell:Creating package script '/home/mk/dev_ws/install/voice_command_listener/share/voice_command_listener/package.sh'
[3.157s] INFO:colcon.colcon_core.shell:Creating package script '/home/mk/dev_ws/install/voice_command_listener/share/voice_command_listener/package.bash'
[3.157s] INFO:colcon.colcon_core.shell:Creating package script '/home/mk/dev_ws/install/voice_command_listener/share/voice_command_listener/package.zsh'
[3.157s] Level 1:colcon.colcon_core.environment:create_file_with_runtime_dependencies(/home/mk/dev_ws/install/voice_command_listener/share/colcon-core/packages/voice_command_listener)
[3.158s] Level 1:colcon.colcon_core.shell:create_environment_hook('move_to_coordinator', 'pythonpath_develop')
[3.158s] INFO:colcon.colcon_core.shell:Creating environment hook '/home/mk/dev_ws/build/move_to_coordinator/share/move_to_coordinator/hook/pythonpath_develop.ps1'
[3.158s] DEBUG:colcon.colcon_core.event_handler.log_command:Invoked command in '/home/mk/dev_ws/build/move_to_coordinator' returned '0': CMAKE_PREFIX_PATH=/home/mk/dev_ws/install/xarm_msgs:/home/mk/dev_ws/install/zed_ros2:/home/mk/dev_ws/install/zed_wrapper:/home/mk/dev_ws/install/zed_components:/home/mk/dev_ws/install/zed_interfaces:/home/mk/dev_ws/install/xarm_planner:/home/mk/dev_ws/install/xarm_moveit_servo:/home/mk/dev_ws/install/xarm_moveit_config:/home/mk/dev_ws/install/xarm_gazebo:/home/mk/dev_ws/install/xarm_controller:/home/mk/dev_ws/install/xarm_api:/home/mk/dev_ws/install/xarm_sdk:/home/mk/dev_ws/install/rviz_robot_control_panel:/home/mk/dev_ws/install/xarm_description:/home/mk/dev_ws/install/whisper_bringup:/home/mk/dev_ws/install/whisper_server:/home/mk/dev_ws/install/transcript_manager:/home/mk/dev_ws/install/whisper_util:/home/mk/dev_ws/install/whisper_idl:/home/mk/dev_ws/install/whisper_cpp_vendor:/home/mk/dev_ws/install/realsense_gazebo_plugin:/home/mk/dev_ws/install/my_3d_vision_bringup:/home/mk/dev_ws/install/mbot_demo LD_LIBRARY_PATH=/home/mk/dev_ws/install/xarm_msgs/lib:/usr/local/cuda-12.1/lib64:/home/mk/dev_ws/install/zed_components/lib:/home/mk/dev_ws/install/zed_interfaces/lib:/home/mk/dev_ws/install/xarm_planner/lib:/home/mk/dev_ws/install/xarm_moveit_servo/lib:/home/mk/dev_ws/install/xarm_gazebo/lib:/home/mk/dev_ws/install/xarm_controller/lib:/home/mk/dev_ws/install/xarm_api/lib:/home/mk/dev_ws/install/xarm_sdk/lib:/home/mk/dev_ws/install/rviz_robot_control_panel/lib:/home/mk/dev_ws/install/whisper_server/lib:/home/mk/dev_ws/install/transcript_manager/lib:/home/mk/dev_ws/install/whisper_util/lib:/home/mk/dev_ws/install/whisper_idl/lib:/home/mk/dev_ws/install/whisper_cpp_vendor/lib:/home/mk/dev_ws/install/realsense_gazebo_plugin/lib:/home/mk/dev_ws/install/my_3d_vision_bringup/lib:/usr/lib/x86_64-linux-gnu/gazebo-11/plugins:/opt/ros/humble/opt/rviz_ogre_vendor/lib:/opt/ros/humble/lib/x86_64-linux-gnu:/opt/ros/humble/lib PYTHONPATH=/home/mk/dev_ws/build/move_to_coordinator/prefix_override:/usr/lib/python3/dist-packages/colcon_core/task/python/colcon_distutils_commands:/home/mk/dev_ws/install/move_to_coordinator/lib/python3.10/site-packages:${PYTHONPATH} /usr/bin/python3 -W ignore:setup.py install is deprecated -W ignore:easy_install command is deprecated setup.py develop --editable --build-directory /home/mk/dev_ws/build/move_to_coordinator/build --no-deps symlink_data
[3.158s] INFO:colcon.colcon_core.shell:Creating environment descriptor '/home/mk/dev_ws/build/move_to_coordinator/share/move_to_coordinator/hook/pythonpath_develop.dsv'
[3.159s] INFO:colcon.colcon_core.shell:Creating environment hook '/home/mk/dev_ws/build/move_to_coordinator/share/move_to_coordinator/hook/pythonpath_develop.sh'
[3.159s] Level 1:colcon.colcon_core.environment:checking '/home/mk/dev_ws/install/move_to_coordinator' for CMake module files
[3.159s] Level 1:colcon.colcon_core.environment:checking '/home/mk/dev_ws/install/move_to_coordinator' for CMake config files
[3.161s] Level 1:colcon.colcon_core.environment:checking '/home/mk/dev_ws/install/move_to_coordinator/lib'
[3.161s] Level 1:colcon.colcon_core.environment:checking '/home/mk/dev_ws/install/move_to_coordinator/bin'
[3.162s] Level 1:colcon.colcon_core.environment:checking '/home/mk/dev_ws/install/move_to_coordinator/lib/pkgconfig/move_to_coordinator.pc'
[3.162s] Level 1:colcon.colcon_core.environment:checking '/home/mk/dev_ws/install/move_to_coordinator/lib/python3.10/site-packages'
[3.162s] Level 1:colcon.colcon_core.shell:create_environment_hook('move_to_coordinator', 'pythonpath')
[3.162s] INFO:colcon.colcon_core.shell:Creating environment hook '/home/mk/dev_ws/install/move_to_coordinator/share/move_to_coordinator/hook/pythonpath.ps1'
[3.163s] INFO:colcon.colcon_core.shell:Creating environment descriptor '/home/mk/dev_ws/install/move_to_coordinator/share/move_to_coordinator/hook/pythonpath.dsv'
[3.164s] INFO:colcon.colcon_core.shell:Creating environment hook '/home/mk/dev_ws/install/move_to_coordinator/share/move_to_coordinator/hook/pythonpath.sh'
[3.164s] Level 1:colcon.colcon_core.environment:checking '/home/mk/dev_ws/install/move_to_coordinator/bin'
[3.164s] Level 1:colcon.colcon_core.environment:create_environment_scripts_only(move_to_coordinator)
[3.165s] INFO:colcon.colcon_core.shell:Creating package script '/home/mk/dev_ws/install/move_to_coordinator/share/move_to_coordinator/package.ps1'
[3.165s] INFO:colcon.colcon_core.shell:Creating package descriptor '/home/mk/dev_ws/install/move_to_coordinator/share/move_to_coordinator/package.dsv'
[3.165s] INFO:colcon.colcon_core.shell:Creating package script '/home/mk/dev_ws/install/move_to_coordinator/share/move_to_coordinator/package.sh'
[3.165s] INFO:colcon.colcon_core.shell:Creating package script '/home/mk/dev_ws/install/move_to_coordinator/share/move_to_coordinator/package.bash'
[3.166s] INFO:colcon.colcon_core.shell:Creating package script '/home/mk/dev_ws/install/move_to_coordinator/share/move_to_coordinator/package.zsh'
[3.166s] Level 1:colcon.colcon_core.environment:create_file_with_runtime_dependencies(/home/mk/dev_ws/install/move_to_coordinator/share/colcon-core/packages/move_to_coordinator)
[3.173s] Level 1:colcon.colcon_core.environment:create_environment_scripts_only(xarm_moveit_config)
[3.174s] Level 1:colcon.colcon_core.environment:checking '/home/mk/dev_ws/install/xarm_moveit_config' for CMake module files
[3.174s] DEBUG:colcon.colcon_core.event_handler.log_command:Invoked command in '/home/mk/dev_ws/build/xarm_moveit_config' returned '0': AMENT_PREFIX_PATH=/home/mk/dev_ws/install/uf_ros_lib:/home/mk/dev_ws/install/zed_ros2:/home/mk/dev_ws/install/zed_wrapper:/home/mk/dev_ws/install/zed_components:/home/mk/dev_ws/install/zed_interfaces:/home/mk/dev_ws/install/yolo_object_detector:/home/mk/dev_ws/install/xarm_planner:/home/mk/dev_ws/install/xarm_moveit_servo:/home/mk/dev_ws/install/xarm_moveit_config:/home/mk/dev_ws/install/xarm_gazebo:/home/mk/dev_ws/install/xarm_controller:/home/mk/dev_ws/install/xarm_api:/home/mk/dev_ws/install/xarm_sdk:/home/mk/dev_ws/install/rviz_robot_control_panel:/home/mk/dev_ws/install/move_to_coordinator:/home/mk/dev_ws/install/motion_sequence:/home/mk/dev_ws/install/xarm_msgs:/home/mk/dev_ws/install/xarm_description:/home/mk/dev_ws/install/whisper_demos:/home/mk/dev_ws/install/whisper_bringup:/home/mk/dev_ws/install/whisper_server:/home/mk/dev_ws/install/transcript_manager:/home/mk/dev_ws/install/whisper_util:/home/mk/dev_ws/install/voice_command_listener:/home/mk/dev_ws/install/whisper_idl:/home/mk/dev_ws/install/whisper_cpp_vendor:/home/mk/dev_ws/install/rviz_servo_status_overlay:/home/mk/dev_ws/install/rviz_marker_static_scene_objects:/home/mk/dev_ws/install/robot_motion_handler_movegroup:/home/mk/dev_ws/install/realsense_gazebo_plugin:/home/mk/dev_ws/install/my_3d_vision_bringup:/home/mk/dev_ws/install/mbot_demo:/home/mk/dev_ws/install/gaze_control:/home/mk/dev_ws/install/collision_check:/home/mk/dev_ws/install/audio_listener:/opt/ros/humble CMAKE_PREFIX_PATH=/home/mk/dev_ws/install/xarm_gazebo:/home/mk/dev_ws/install/xarm_controller:/home/mk/dev_ws/install/xarm_api:/home/mk/dev_ws/install/xarm_sdk:/home/mk/dev_ws/install/xarm_msgs:/home/mk/dev_ws/install/xarm_description:/home/mk/dev_ws/install/zed_ros2:/home/mk/dev_ws/install/zed_wrapper:/home/mk/dev_ws/install/zed_components:/home/mk/dev_ws/install/zed_interfaces:/home/mk/dev_ws/install/xarm_planner:/home/mk/dev_ws/install/xarm_moveit_servo:/home/mk/dev_ws/install/xarm_moveit_config:/home/mk/dev_ws/install/rviz_robot_control_panel:/home/mk/dev_ws/install/whisper_bringup:/home/mk/dev_ws/install/whisper_server:/home/mk/dev_ws/install/transcript_manager:/home/mk/dev_ws/install/whisper_util:/home/mk/dev_ws/install/whisper_idl:/home/mk/dev_ws/install/whisper_cpp_vendor:/home/mk/dev_ws/install/realsense_gazebo_plugin:/home/mk/dev_ws/install/my_3d_vision_bringup:/home/mk/dev_ws/install/mbot_demo:/home/mk/dev_ws/install/yolo_object_detector:/home/mk/dev_ws/install/move_to_coordinator:/home/mk/dev_ws/install/motion_sequence:/home/mk/dev_ws/install/whisper_demos:/home/mk/dev_ws/install/voice_command_listener:/home/mk/dev_ws/install/uf_ros_lib:/home/mk/dev_ws/install/rviz_servo_status_overlay:/home/mk/dev_ws/install/rviz_marker_static_scene_objects:/home/mk/dev_ws/install/robot_motion_handler_movegroup:/home/mk/dev_ws/install/gaze_control:/home/mk/dev_ws/install/collision_check:/home/mk/dev_ws/install/audio_listener:/opt/ros/humble LD_LIBRARY_PATH=/home/mk/dev_ws/install/xarm_gazebo/lib:/home/mk/dev_ws/install/xarm_controller/lib:/home/mk/dev_ws/install/xarm_api/lib:/home/mk/dev_ws/install/xarm_sdk/lib:/home/mk/dev_ws/install/xarm_msgs/lib:/usr/local/cuda-12.1/lib64:/home/mk/dev_ws/install/zed_components/lib:/home/mk/dev_ws/install/zed_interfaces/lib:/home/mk/dev_ws/install/xarm_planner/lib:/home/mk/dev_ws/install/xarm_moveit_servo/lib:/home/mk/dev_ws/install/rviz_robot_control_panel/lib:/home/mk/dev_ws/install/whisper_server/lib:/home/mk/dev_ws/install/transcript_manager/lib:/home/mk/dev_ws/install/whisper_util/lib:/home/mk/dev_ws/install/whisper_idl/lib:/home/mk/dev_ws/install/whisper_cpp_vendor/lib:/home/mk/dev_ws/install/realsense_gazebo_plugin/lib:/home/mk/dev_ws/install/my_3d_vision_bringup/lib:/usr/lib/x86_64-linux-gnu/gazebo-11/plugins:/opt/ros/humble/opt/rviz_ogre_vendor/lib:/opt/ros/humble/lib/x86_64-linux-gnu:/opt/ros/humble/lib PYTHONPATH=/home/mk/dev_ws/build/uf_ros_lib:/home/mk/dev_ws/install/uf_ros_lib/lib/python3.10/site-packages:/home/mk/dev_ws/install/zed_interfaces/local/lib/python3.10/dist-packages:/home/mk/dev_ws/build/yolo_object_detector:/home/mk/dev_ws/install/yolo_object_detector/lib/python3.10/site-packages:/home/mk/dev_ws/build/move_to_coordinator:/home/mk/dev_ws/install/move_to_coordinator/lib/python3.10/site-packages:/home/mk/dev_ws/build/motion_sequence:/home/mk/dev_ws/install/motion_sequence/lib/python3.10/site-packages:/home/mk/dev_ws/install/xarm_msgs/local/lib/python3.10/dist-packages:/home/mk/dev_ws/build/whisper_demos:/home/mk/dev_ws/install/whisper_demos/lib/python3.10/site-packages:/home/mk/dev_ws/build/voice_command_listener:/home/mk/dev_ws/install/voice_command_listener/lib/python3.10/site-packages:/home/mk/dev_ws/install/whisper_idl/local/lib/python3.10/dist-packages:/home/mk/dev_ws/build/rviz_servo_status_overlay:/home/mk/dev_ws/install/rviz_servo_status_overlay/lib/python3.10/site-packages:/home/mk/dev_ws/build/rviz_marker_static_scene_objects:/home/mk/dev_ws/install/rviz_marker_static_scene_objects/lib/python3.10/site-packages:/home/mk/dev_ws/build/robot_motion_handler_movegroup:/home/mk/dev_ws/install/robot_motion_handler_movegroup/lib/python3.10/site-packages:/home/mk/dev_ws/install/my_3d_vision_bringup/local/lib/python3.10/dist-packages:/home/mk/dev_ws/build/gaze_control:/home/mk/dev_ws/install/gaze_control/lib/python3.10/site-packages:/home/mk/dev_ws/build/collision_check:/home/mk/dev_ws/install/collision_check/lib/python3.10/site-packages:/home/mk/dev_ws/build/audio_listener:/home/mk/dev_ws/install/audio_listener/lib/python3.10/site-packages:/opt/ros/humble/lib/python3.10/site-packages:/opt/ros/humble/local/lib/python3.10/dist-packages /usr/bin/cmake --install /home/mk/dev_ws/build/xarm_moveit_config
[3.174s] Level 1:colcon.colcon_core.environment:checking '/home/mk/dev_ws/install/xarm_moveit_config' for CMake config files
[3.175s] Level 1:colcon.colcon_core.shell:create_environment_hook('xarm_moveit_config', 'cmake_prefix_path')
[3.175s] INFO:colcon.colcon_core.shell:Creating environment hook '/home/mk/dev_ws/install/xarm_moveit_config/share/xarm_moveit_config/hook/cmake_prefix_path.ps1'
[3.175s] INFO:colcon.colcon_core.shell:Creating environment descriptor '/home/mk/dev_ws/install/xarm_moveit_config/share/xarm_moveit_config/hook/cmake_prefix_path.dsv'
[3.175s] INFO:colcon.colcon_core.shell:Creating environment hook '/home/mk/dev_ws/install/xarm_moveit_config/share/xarm_moveit_config/hook/cmake_prefix_path.sh'
[3.175s] Level 1:colcon.colcon_core.environment:checking '/home/mk/dev_ws/install/xarm_moveit_config/bin'
[3.176s] Level 1:colcon.colcon_core.environment:checking '/home/mk/dev_ws/install/xarm_moveit_config/lib/pkgconfig/xarm_moveit_config.pc'
[3.176s] Level 1:colcon.colcon_core.environment:checking '/home/mk/dev_ws/install/xarm_moveit_config/lib/python3.10/site-packages'
[3.176s] Level 1:colcon.colcon_core.environment:checking '/home/mk/dev_ws/install/xarm_moveit_config/bin'
[3.176s] INFO:colcon.colcon_core.shell:Creating package script '/home/mk/dev_ws/install/xarm_moveit_config/share/xarm_moveit_config/package.ps1'
[3.176s] INFO:colcon.colcon_core.shell:Creating package descriptor '/home/mk/dev_ws/install/xarm_moveit_config/share/xarm_moveit_config/package.dsv'
[3.176s] INFO:colcon.colcon_core.shell:Creating package script '/home/mk/dev_ws/install/xarm_moveit_config/share/xarm_moveit_config/package.sh'
[3.177s] INFO:colcon.colcon_core.shell:Creating package script '/home/mk/dev_ws/install/xarm_moveit_config/share/xarm_moveit_config/package.bash'
[3.177s] INFO:colcon.colcon_core.shell:Creating package script '/home/mk/dev_ws/install/xarm_moveit_config/share/xarm_moveit_config/package.zsh'
[3.177s] Level 1:colcon.colcon_core.environment:create_file_with_runtime_dependencies(/home/mk/dev_ws/install/xarm_moveit_config/share/colcon-core/packages/xarm_moveit_config)
[3.177s] Level 1:colcon.colcon_core.environment:create_environment_scripts_only(xarm_moveit_config)
[3.177s] Level 1:colcon.colcon_core.environment:checking '/home/mk/dev_ws/install/xarm_moveit_config' for CMake module files
[3.178s] Level 1:colcon.colcon_core.environment:checking '/home/mk/dev_ws/install/xarm_moveit_config' for CMake config files
[3.178s] Level 1:colcon.colcon_core.shell:create_environment_hook('xarm_moveit_config', 'cmake_prefix_path')
[3.178s] INFO:colcon.colcon_core.shell:Creating environment hook '/home/mk/dev_ws/install/xarm_moveit_config/share/xarm_moveit_config/hook/cmake_prefix_path.ps1'
[3.178s] INFO:colcon.colcon_core.shell:Creating environment descriptor '/home/mk/dev_ws/install/xarm_moveit_config/share/xarm_moveit_config/hook/cmake_prefix_path.dsv'
[3.178s] INFO:colcon.colcon_core.shell:Creating environment hook '/home/mk/dev_ws/install/xarm_moveit_config/share/xarm_moveit_config/hook/cmake_prefix_path.sh'
[3.179s] Level 1:colcon.colcon_core.environment:checking '/home/mk/dev_ws/install/xarm_moveit_config/bin'
[3.179s] Level 1:colcon.colcon_core.environment:checking '/home/mk/dev_ws/install/xarm_moveit_config/lib/pkgconfig/xarm_moveit_config.pc'
[3.179s] Level 1:colcon.colcon_core.environment:checking '/home/mk/dev_ws/install/xarm_moveit_config/lib/python3.10/site-packages'
[3.179s] Level 1:colcon.colcon_core.environment:checking '/home/mk/dev_ws/install/xarm_moveit_config/bin'
[3.179s] INFO:colcon.colcon_core.shell:Creating package script '/home/mk/dev_ws/install/xarm_moveit_config/share/xarm_moveit_config/package.ps1'
[3.179s] INFO:colcon.colcon_core.shell:Creating package descriptor '/home/mk/dev_ws/install/xarm_moveit_config/share/xarm_moveit_config/package.dsv'
[3.180s] INFO:colcon.colcon_core.shell:Creating package script '/home/mk/dev_ws/install/xarm_moveit_config/share/xarm_moveit_config/package.sh'
[3.180s] INFO:colcon.colcon_core.shell:Creating package script '/home/mk/dev_ws/install/xarm_moveit_config/share/xarm_moveit_config/package.bash'
[3.180s] INFO:colcon.colcon_core.shell:Creating package script '/home/mk/dev_ws/install/xarm_moveit_config/share/xarm_moveit_config/package.zsh'
[3.180s] Level 1:colcon.colcon_core.environment:create_file_with_runtime_dependencies(/home/mk/dev_ws/install/xarm_moveit_config/share/colcon-core/packages/xarm_moveit_config)
[3.180s] INFO:colcon.colcon_ros.task.ament_cmake.build:Building ROS package in '/home/mk/dev_ws/src/xarm_ros2/xarm_moveit_servo' with build type 'ament_cmake'
[3.180s] INFO:colcon.colcon_cmake.task.cmake.build:Building CMake package in '/home/mk/dev_ws/src/xarm_ros2/xarm_moveit_servo'
[3.181s] INFO:colcon.colcon_core.shell:Skip shell extension 'powershell' for command environment: Not usable outside of PowerShell
[3.181s] DEBUG:colcon.colcon_core.shell:Skip shell extension 'dsv' for command environment
[3.183s] INFO:colcon.colcon_ros.task.ament_cmake.build:Building ROS package in '/home/mk/dev_ws/src/xarm_ros2/xarm_planner' with build type 'ament_cmake'
[3.183s] INFO:colcon.colcon_cmake.task.cmake.build:Building CMake package in '/home/mk/dev_ws/src/xarm_ros2/xarm_planner'
[3.184s] INFO:colcon.colcon_core.shell:Skip shell extension 'powershell' for command environment: Not usable outside of PowerShell
[3.184s] DEBUG:colcon.colcon_core.shell:Skip shell extension 'dsv' for command environment
[3.199s] DEBUG:colcon.colcon_core.event_handler.log_command:Invoking command in '/home/mk/dev_ws/build/xarm_moveit_servo': AMENT_PREFIX_PATH=/home/mk/dev_ws/install/uf_ros_lib:/home/mk/dev_ws/install/zed_ros2:/home/mk/dev_ws/install/zed_wrapper:/home/mk/dev_ws/install/zed_components:/home/mk/dev_ws/install/zed_interfaces:/home/mk/dev_ws/install/yolo_object_detector:/home/mk/dev_ws/install/xarm_planner:/home/mk/dev_ws/install/xarm_moveit_servo:/home/mk/dev_ws/install/xarm_moveit_config:/home/mk/dev_ws/install/xarm_gazebo:/home/mk/dev_ws/install/xarm_controller:/home/mk/dev_ws/install/xarm_api:/home/mk/dev_ws/install/xarm_sdk:/home/mk/dev_ws/install/rviz_robot_control_panel:/home/mk/dev_ws/install/move_to_coordinator:/home/mk/dev_ws/install/motion_sequence:/home/mk/dev_ws/install/xarm_msgs:/home/mk/dev_ws/install/xarm_description:/home/mk/dev_ws/install/whisper_demos:/home/mk/dev_ws/install/whisper_bringup:/home/mk/dev_ws/install/whisper_server:/home/mk/dev_ws/install/transcript_manager:/home/mk/dev_ws/install/whisper_util:/home/mk/dev_ws/install/voice_command_listener:/home/mk/dev_ws/install/whisper_idl:/home/mk/dev_ws/install/whisper_cpp_vendor:/home/mk/dev_ws/install/rviz_servo_status_overlay:/home/mk/dev_ws/install/rviz_marker_static_scene_objects:/home/mk/dev_ws/install/robot_motion_handler_movegroup:/home/mk/dev_ws/install/realsense_gazebo_plugin:/home/mk/dev_ws/install/my_3d_vision_bringup:/home/mk/dev_ws/install/mbot_demo:/home/mk/dev_ws/install/gaze_control:/home/mk/dev_ws/install/collision_check:/home/mk/dev_ws/install/audio_listener:/opt/ros/humble CMAKE_PREFIX_PATH=/home/mk/dev_ws/install/xarm_moveit_config:/home/mk/dev_ws/install/xarm_gazebo:/home/mk/dev_ws/install/xarm_controller:/home/mk/dev_ws/install/xarm_api:/home/mk/dev_ws/install/xarm_sdk:/home/mk/dev_ws/install/xarm_msgs:/home/mk/dev_ws/install/xarm_description:/home/mk/dev_ws/install/whisper_idl:/home/mk/dev_ws/install/zed_ros2:/home/mk/dev_ws/install/zed_wrapper:/home/mk/dev_ws/install/zed_components:/home/mk/dev_ws/install/zed_interfaces:/home/mk/dev_ws/install/xarm_planner:/home/mk/dev_ws/install/xarm_moveit_servo:/home/mk/dev_ws/install/rviz_robot_control_panel:/home/mk/dev_ws/install/whisper_bringup:/home/mk/dev_ws/install/whisper_server:/home/mk/dev_ws/install/transcript_manager:/home/mk/dev_ws/install/whisper_util:/home/mk/dev_ws/install/whisper_cpp_vendor:/home/mk/dev_ws/install/realsense_gazebo_plugin:/home/mk/dev_ws/install/my_3d_vision_bringup:/home/mk/dev_ws/install/mbot_demo:/home/mk/dev_ws/install/yolo_object_detector:/home/mk/dev_ws/install/move_to_coordinator:/home/mk/dev_ws/install/motion_sequence:/home/mk/dev_ws/install/whisper_demos:/home/mk/dev_ws/install/voice_command_listener:/home/mk/dev_ws/install/uf_ros_lib:/home/mk/dev_ws/install/rviz_servo_status_overlay:/home/mk/dev_ws/install/rviz_marker_static_scene_objects:/home/mk/dev_ws/install/robot_motion_handler_movegroup:/home/mk/dev_ws/install/gaze_control:/home/mk/dev_ws/install/collision_check:/home/mk/dev_ws/install/audio_listener:/opt/ros/humble LD_LIBRARY_PATH=/home/mk/dev_ws/install/xarm_gazebo/lib:/home/mk/dev_ws/install/xarm_controller/lib:/home/mk/dev_ws/install/xarm_api/lib:/home/mk/dev_ws/install/xarm_sdk/lib:/home/mk/dev_ws/install/xarm_msgs/lib:/home/mk/dev_ws/install/whisper_idl/lib:/usr/local/cuda-12.1/lib64:/home/mk/dev_ws/install/zed_components/lib:/home/mk/dev_ws/install/zed_interfaces/lib:/home/mk/dev_ws/install/xarm_planner/lib:/home/mk/dev_ws/install/xarm_moveit_servo/lib:/home/mk/dev_ws/install/rviz_robot_control_panel/lib:/home/mk/dev_ws/install/whisper_server/lib:/home/mk/dev_ws/install/transcript_manager/lib:/home/mk/dev_ws/install/whisper_util/lib:/home/mk/dev_ws/install/whisper_cpp_vendor/lib:/home/mk/dev_ws/install/realsense_gazebo_plugin/lib:/home/mk/dev_ws/install/my_3d_vision_bringup/lib:/usr/lib/x86_64-linux-gnu/gazebo-11/plugins:/opt/ros/humble/opt/rviz_ogre_vendor/lib:/opt/ros/humble/lib/x86_64-linux-gnu:/opt/ros/humble/lib PYTHONPATH=/home/mk/dev_ws/build/uf_ros_lib:/home/mk/dev_ws/install/uf_ros_lib/lib/python3.10/site-packages:/home/mk/dev_ws/install/zed_interfaces/local/lib/python3.10/dist-packages:/home/mk/dev_ws/build/yolo_object_detector:/home/mk/dev_ws/install/yolo_object_detector/lib/python3.10/site-packages:/home/mk/dev_ws/build/move_to_coordinator:/home/mk/dev_ws/install/move_to_coordinator/lib/python3.10/site-packages:/home/mk/dev_ws/build/motion_sequence:/home/mk/dev_ws/install/motion_sequence/lib/python3.10/site-packages:/home/mk/dev_ws/install/xarm_msgs/local/lib/python3.10/dist-packages:/home/mk/dev_ws/build/whisper_demos:/home/mk/dev_ws/install/whisper_demos/lib/python3.10/site-packages:/home/mk/dev_ws/build/voice_command_listener:/home/mk/dev_ws/install/voice_command_listener/lib/python3.10/site-packages:/home/mk/dev_ws/install/whisper_idl/local/lib/python3.10/dist-packages:/home/mk/dev_ws/build/rviz_servo_status_overlay:/home/mk/dev_ws/install/rviz_servo_status_overlay/lib/python3.10/site-packages:/home/mk/dev_ws/build/rviz_marker_static_scene_objects:/home/mk/dev_ws/install/rviz_marker_static_scene_objects/lib/python3.10/site-packages:/home/mk/dev_ws/build/robot_motion_handler_movegroup:/home/mk/dev_ws/install/robot_motion_handler_movegroup/lib/python3.10/site-packages:/home/mk/dev_ws/install/my_3d_vision_bringup/local/lib/python3.10/dist-packages:/home/mk/dev_ws/build/gaze_control:/home/mk/dev_ws/install/gaze_control/lib/python3.10/site-packages:/home/mk/dev_ws/build/collision_check:/home/mk/dev_ws/install/collision_check/lib/python3.10/site-packages:/home/mk/dev_ws/build/audio_listener:/home/mk/dev_ws/install/audio_listener/lib/python3.10/site-packages:/opt/ros/humble/lib/python3.10/site-packages:/opt/ros/humble/local/lib/python3.10/dist-packages /usr/bin/cmake --build /home/mk/dev_ws/build/xarm_moveit_servo -- -j20 -l20
[3.200s] DEBUG:colcon.colcon_core.event_handler.log_command:Invoking command in '/home/mk/dev_ws/build/xarm_planner': AMENT_PREFIX_PATH=/home/mk/dev_ws/install/uf_ros_lib:/home/mk/dev_ws/install/zed_ros2:/home/mk/dev_ws/install/zed_wrapper:/home/mk/dev_ws/install/zed_components:/home/mk/dev_ws/install/zed_interfaces:/home/mk/dev_ws/install/yolo_object_detector:/home/mk/dev_ws/install/xarm_planner:/home/mk/dev_ws/install/xarm_moveit_servo:/home/mk/dev_ws/install/xarm_moveit_config:/home/mk/dev_ws/install/xarm_gazebo:/home/mk/dev_ws/install/xarm_controller:/home/mk/dev_ws/install/xarm_api:/home/mk/dev_ws/install/xarm_sdk:/home/mk/dev_ws/install/rviz_robot_control_panel:/home/mk/dev_ws/install/move_to_coordinator:/home/mk/dev_ws/install/motion_sequence:/home/mk/dev_ws/install/xarm_msgs:/home/mk/dev_ws/install/xarm_description:/home/mk/dev_ws/install/whisper_demos:/home/mk/dev_ws/install/whisper_bringup:/home/mk/dev_ws/install/whisper_server:/home/mk/dev_ws/install/transcript_manager:/home/mk/dev_ws/install/whisper_util:/home/mk/dev_ws/install/voice_command_listener:/home/mk/dev_ws/install/whisper_idl:/home/mk/dev_ws/install/whisper_cpp_vendor:/home/mk/dev_ws/install/rviz_servo_status_overlay:/home/mk/dev_ws/install/rviz_marker_static_scene_objects:/home/mk/dev_ws/install/robot_motion_handler_movegroup:/home/mk/dev_ws/install/realsense_gazebo_plugin:/home/mk/dev_ws/install/my_3d_vision_bringup:/home/mk/dev_ws/install/mbot_demo:/home/mk/dev_ws/install/gaze_control:/home/mk/dev_ws/install/collision_check:/home/mk/dev_ws/install/audio_listener:/opt/ros/humble CMAKE_PREFIX_PATH=/home/mk/dev_ws/install/xarm_moveit_config:/home/mk/dev_ws/install/xarm_gazebo:/home/mk/dev_ws/install/xarm_controller:/home/mk/dev_ws/install/xarm_api:/home/mk/dev_ws/install/xarm_sdk:/home/mk/dev_ws/install/xarm_msgs:/home/mk/dev_ws/install/xarm_description:/home/mk/dev_ws/install/zed_ros2:/home/mk/dev_ws/install/zed_wrapper:/home/mk/dev_ws/install/zed_components:/home/mk/dev_ws/install/zed_interfaces:/home/mk/dev_ws/install/xarm_planner:/home/mk/dev_ws/install/xarm_moveit_servo:/home/mk/dev_ws/install/rviz_robot_control_panel:/home/mk/dev_ws/install/whisper_bringup:/home/mk/dev_ws/install/whisper_server:/home/mk/dev_ws/install/transcript_manager:/home/mk/dev_ws/install/whisper_util:/home/mk/dev_ws/install/whisper_idl:/home/mk/dev_ws/install/whisper_cpp_vendor:/home/mk/dev_ws/install/realsense_gazebo_plugin:/home/mk/dev_ws/install/my_3d_vision_bringup:/home/mk/dev_ws/install/mbot_demo:/home/mk/dev_ws/install/yolo_object_detector:/home/mk/dev_ws/install/move_to_coordinator:/home/mk/dev_ws/install/motion_sequence:/home/mk/dev_ws/install/whisper_demos:/home/mk/dev_ws/install/voice_command_listener:/home/mk/dev_ws/install/uf_ros_lib:/home/mk/dev_ws/install/rviz_servo_status_overlay:/home/mk/dev_ws/install/rviz_marker_static_scene_objects:/home/mk/dev_ws/install/robot_motion_handler_movegroup:/home/mk/dev_ws/install/gaze_control:/home/mk/dev_ws/install/collision_check:/home/mk/dev_ws/install/audio_listener:/opt/ros/humble LD_LIBRARY_PATH=/home/mk/dev_ws/install/xarm_gazebo/lib:/home/mk/dev_ws/install/xarm_controller/lib:/home/mk/dev_ws/install/xarm_api/lib:/home/mk/dev_ws/install/xarm_sdk/lib:/home/mk/dev_ws/install/xarm_msgs/lib:/usr/local/cuda-12.1/lib64:/home/mk/dev_ws/install/zed_components/lib:/home/mk/dev_ws/install/zed_interfaces/lib:/home/mk/dev_ws/install/xarm_planner/lib:/home/mk/dev_ws/install/xarm_moveit_servo/lib:/home/mk/dev_ws/install/rviz_robot_control_panel/lib:/home/mk/dev_ws/install/whisper_server/lib:/home/mk/dev_ws/install/transcript_manager/lib:/home/mk/dev_ws/install/whisper_util/lib:/home/mk/dev_ws/install/whisper_idl/lib:/home/mk/dev_ws/install/whisper_cpp_vendor/lib:/home/mk/dev_ws/install/realsense_gazebo_plugin/lib:/home/mk/dev_ws/install/my_3d_vision_bringup/lib:/usr/lib/x86_64-linux-gnu/gazebo-11/plugins:/opt/ros/humble/opt/rviz_ogre_vendor/lib:/opt/ros/humble/lib/x86_64-linux-gnu:/opt/ros/humble/lib PYTHONPATH=/home/mk/dev_ws/build/uf_ros_lib:/home/mk/dev_ws/install/uf_ros_lib/lib/python3.10/site-packages:/home/mk/dev_ws/install/zed_interfaces/local/lib/python3.10/dist-packages:/home/mk/dev_ws/build/yolo_object_detector:/home/mk/dev_ws/install/yolo_object_detector/lib/python3.10/site-packages:/home/mk/dev_ws/build/move_to_coordinator:/home/mk/dev_ws/install/move_to_coordinator/lib/python3.10/site-packages:/home/mk/dev_ws/build/motion_sequence:/home/mk/dev_ws/install/motion_sequence/lib/python3.10/site-packages:/home/mk/dev_ws/install/xarm_msgs/local/lib/python3.10/dist-packages:/home/mk/dev_ws/build/whisper_demos:/home/mk/dev_ws/install/whisper_demos/lib/python3.10/site-packages:/home/mk/dev_ws/build/voice_command_listener:/home/mk/dev_ws/install/voice_command_listener/lib/python3.10/site-packages:/home/mk/dev_ws/install/whisper_idl/local/lib/python3.10/dist-packages:/home/mk/dev_ws/build/rviz_servo_status_overlay:/home/mk/dev_ws/install/rviz_servo_status_overlay/lib/python3.10/site-packages:/home/mk/dev_ws/build/rviz_marker_static_scene_objects:/home/mk/dev_ws/install/rviz_marker_static_scene_objects/lib/python3.10/site-packages:/home/mk/dev_ws/build/robot_motion_handler_movegroup:/home/mk/dev_ws/install/robot_motion_handler_movegroup/lib/python3.10/site-packages:/home/mk/dev_ws/install/my_3d_vision_bringup/local/lib/python3.10/dist-packages:/home/mk/dev_ws/build/gaze_control:/home/mk/dev_ws/install/gaze_control/lib/python3.10/site-packages:/home/mk/dev_ws/build/collision_check:/home/mk/dev_ws/install/collision_check/lib/python3.10/site-packages:/home/mk/dev_ws/build/audio_listener:/home/mk/dev_ws/install/audio_listener/lib/python3.10/site-packages:/opt/ros/humble/lib/python3.10/site-packages:/opt/ros/humble/local/lib/python3.10/dist-packages /usr/bin/cmake --build /home/mk/dev_ws/build/xarm_planner -- -j20 -l20
[3.217s] Level 1:colcon.colcon_core.shell:create_environment_hook('motion_sequence', 'pythonpath_develop')
[3.218s] INFO:colcon.colcon_core.shell:Creating environment hook '/home/mk/dev_ws/build/motion_sequence/share/motion_sequence/hook/pythonpath_develop.ps1'
[3.218s] DEBUG:colcon.colcon_core.event_handler.log_command:Invoked command in '/home/mk/dev_ws/build/motion_sequence' returned '0': CMAKE_PREFIX_PATH=/home/mk/dev_ws/install/xarm_msgs:/home/mk/dev_ws/install/zed_ros2:/home/mk/dev_ws/install/zed_wrapper:/home/mk/dev_ws/install/zed_components:/home/mk/dev_ws/install/zed_interfaces:/home/mk/dev_ws/install/xarm_planner:/home/mk/dev_ws/install/xarm_moveit_servo:/home/mk/dev_ws/install/xarm_moveit_config:/home/mk/dev_ws/install/xarm_gazebo:/home/mk/dev_ws/install/xarm_controller:/home/mk/dev_ws/install/xarm_api:/home/mk/dev_ws/install/xarm_sdk:/home/mk/dev_ws/install/rviz_robot_control_panel:/home/mk/dev_ws/install/xarm_description:/home/mk/dev_ws/install/whisper_bringup:/home/mk/dev_ws/install/whisper_server:/home/mk/dev_ws/install/transcript_manager:/home/mk/dev_ws/install/whisper_util:/home/mk/dev_ws/install/whisper_idl:/home/mk/dev_ws/install/whisper_cpp_vendor:/home/mk/dev_ws/install/realsense_gazebo_plugin:/home/mk/dev_ws/install/my_3d_vision_bringup:/home/mk/dev_ws/install/mbot_demo LD_LIBRARY_PATH=/home/mk/dev_ws/install/xarm_msgs/lib:/usr/local/cuda-12.1/lib64:/home/mk/dev_ws/install/zed_components/lib:/home/mk/dev_ws/install/zed_interfaces/lib:/home/mk/dev_ws/install/xarm_planner/lib:/home/mk/dev_ws/install/xarm_moveit_servo/lib:/home/mk/dev_ws/install/xarm_gazebo/lib:/home/mk/dev_ws/install/xarm_controller/lib:/home/mk/dev_ws/install/xarm_api/lib:/home/mk/dev_ws/install/xarm_sdk/lib:/home/mk/dev_ws/install/rviz_robot_control_panel/lib:/home/mk/dev_ws/install/whisper_server/lib:/home/mk/dev_ws/install/transcript_manager/lib:/home/mk/dev_ws/install/whisper_util/lib:/home/mk/dev_ws/install/whisper_idl/lib:/home/mk/dev_ws/install/whisper_cpp_vendor/lib:/home/mk/dev_ws/install/realsense_gazebo_plugin/lib:/home/mk/dev_ws/install/my_3d_vision_bringup/lib:/usr/lib/x86_64-linux-gnu/gazebo-11/plugins:/opt/ros/humble/opt/rviz_ogre_vendor/lib:/opt/ros/humble/lib/x86_64-linux-gnu:/opt/ros/humble/lib PYTHONPATH=/home/mk/dev_ws/build/motion_sequence/prefix_override:/usr/lib/python3/dist-packages/colcon_core/task/python/colcon_distutils_commands:/home/mk/dev_ws/install/motion_sequence/lib/python3.10/site-packages:${PYTHONPATH} /usr/bin/python3 -W ignore:setup.py install is deprecated -W ignore:easy_install command is deprecated setup.py develop --editable --build-directory /home/mk/dev_ws/build/motion_sequence/build --no-deps symlink_data
[3.218s] INFO:colcon.colcon_core.shell:Creating environment descriptor '/home/mk/dev_ws/build/motion_sequence/share/motion_sequence/hook/pythonpath_develop.dsv'
[3.219s] INFO:colcon.colcon_core.shell:Creating environment hook '/home/mk/dev_ws/build/motion_sequence/share/motion_sequence/hook/pythonpath_develop.sh'
[3.219s] Level 1:colcon.colcon_core.environment:checking '/home/mk/dev_ws/install/motion_sequence' for CMake module files
[3.220s] Level 1:colcon.colcon_core.environment:checking '/home/mk/dev_ws/install/motion_sequence' for CMake config files
[3.220s] Level 1:colcon.colcon_core.environment:checking '/home/mk/dev_ws/install/motion_sequence/lib'
[3.220s] Level 1:colcon.colcon_core.environment:checking '/home/mk/dev_ws/install/motion_sequence/bin'
[3.220s] Level 1:colcon.colcon_core.environment:checking '/home/mk/dev_ws/install/motion_sequence/lib/pkgconfig/motion_sequence.pc'
[3.220s] Level 1:colcon.colcon_core.environment:checking '/home/mk/dev_ws/install/motion_sequence/lib/python3.10/site-packages'
[3.221s] Level 1:colcon.colcon_core.shell:create_environment_hook('motion_sequence', 'pythonpath')
[3.221s] INFO:colcon.colcon_core.shell:Creating environment hook '/home/mk/dev_ws/install/motion_sequence/share/motion_sequence/hook/pythonpath.ps1'
[3.221s] INFO:colcon.colcon_core.shell:Creating environment descriptor '/home/mk/dev_ws/install/motion_sequence/share/motion_sequence/hook/pythonpath.dsv'
[3.221s] INFO:colcon.colcon_core.shell:Creating environment hook '/home/mk/dev_ws/install/motion_sequence/share/motion_sequence/hook/pythonpath.sh'
[3.222s] Level 1:colcon.colcon_core.environment:checking '/home/mk/dev_ws/install/motion_sequence/bin'
[3.222s] Level 1:colcon.colcon_core.environment:create_environment_scripts_only(motion_sequence)
[3.223s] INFO:colcon.colcon_core.shell:Creating package script '/home/mk/dev_ws/install/motion_sequence/share/motion_sequence/package.ps1'
[3.223s] INFO:colcon.colcon_core.shell:Creating package descriptor '/home/mk/dev_ws/install/motion_sequence/share/motion_sequence/package.dsv'
[3.224s] INFO:colcon.colcon_core.shell:Creating package script '/home/mk/dev_ws/install/motion_sequence/share/motion_sequence/package.sh'
[3.224s] INFO:colcon.colcon_core.shell:Creating package script '/home/mk/dev_ws/install/motion_sequence/share/motion_sequence/package.bash'
[3.225s] INFO:colcon.colcon_core.shell:Creating package script '/home/mk/dev_ws/install/motion_sequence/share/motion_sequence/package.zsh'
[3.225s] Level 1:colcon.colcon_core.environment:create_file_with_runtime_dependencies(/home/mk/dev_ws/install/motion_sequence/share/colcon-core/packages/motion_sequence)
[3.258s] DEBUG:colcon.colcon_core.event_handler.log_command:Invoked command in '/home/mk/dev_ws/build/xarm_moveit_servo' returned '0': AMENT_PREFIX_PATH=/home/mk/dev_ws/install/uf_ros_lib:/home/mk/dev_ws/install/zed_ros2:/home/mk/dev_ws/install/zed_wrapper:/home/mk/dev_ws/install/zed_components:/home/mk/dev_ws/install/zed_interfaces:/home/mk/dev_ws/install/yolo_object_detector:/home/mk/dev_ws/install/xarm_planner:/home/mk/dev_ws/install/xarm_moveit_servo:/home/mk/dev_ws/install/xarm_moveit_config:/home/mk/dev_ws/install/xarm_gazebo:/home/mk/dev_ws/install/xarm_controller:/home/mk/dev_ws/install/xarm_api:/home/mk/dev_ws/install/xarm_sdk:/home/mk/dev_ws/install/rviz_robot_control_panel:/home/mk/dev_ws/install/move_to_coordinator:/home/mk/dev_ws/install/motion_sequence:/home/mk/dev_ws/install/xarm_msgs:/home/mk/dev_ws/install/xarm_description:/home/mk/dev_ws/install/whisper_demos:/home/mk/dev_ws/install/whisper_bringup:/home/mk/dev_ws/install/whisper_server:/home/mk/dev_ws/install/transcript_manager:/home/mk/dev_ws/install/whisper_util:/home/mk/dev_ws/install/voice_command_listener:/home/mk/dev_ws/install/whisper_idl:/home/mk/dev_ws/install/whisper_cpp_vendor:/home/mk/dev_ws/install/rviz_servo_status_overlay:/home/mk/dev_ws/install/rviz_marker_static_scene_objects:/home/mk/dev_ws/install/robot_motion_handler_movegroup:/home/mk/dev_ws/install/realsense_gazebo_plugin:/home/mk/dev_ws/install/my_3d_vision_bringup:/home/mk/dev_ws/install/mbot_demo:/home/mk/dev_ws/install/gaze_control:/home/mk/dev_ws/install/collision_check:/home/mk/dev_ws/install/audio_listener:/opt/ros/humble CMAKE_PREFIX_PATH=/home/mk/dev_ws/install/xarm_moveit_config:/home/mk/dev_ws/install/xarm_gazebo:/home/mk/dev_ws/install/xarm_controller:/home/mk/dev_ws/install/xarm_api:/home/mk/dev_ws/install/xarm_sdk:/home/mk/dev_ws/install/xarm_msgs:/home/mk/dev_ws/install/xarm_description:/home/mk/dev_ws/install/whisper_idl:/home/mk/dev_ws/install/zed_ros2:/home/mk/dev_ws/install/zed_wrapper:/home/mk/dev_ws/install/zed_components:/home/mk/dev_ws/install/zed_interfaces:/home/mk/dev_ws/install/xarm_planner:/home/mk/dev_ws/install/xarm_moveit_servo:/home/mk/dev_ws/install/rviz_robot_control_panel:/home/mk/dev_ws/install/whisper_bringup:/home/mk/dev_ws/install/whisper_server:/home/mk/dev_ws/install/transcript_manager:/home/mk/dev_ws/install/whisper_util:/home/mk/dev_ws/install/whisper_cpp_vendor:/home/mk/dev_ws/install/realsense_gazebo_plugin:/home/mk/dev_ws/install/my_3d_vision_bringup:/home/mk/dev_ws/install/mbot_demo:/home/mk/dev_ws/install/yolo_object_detector:/home/mk/dev_ws/install/move_to_coordinator:/home/mk/dev_ws/install/motion_sequence:/home/mk/dev_ws/install/whisper_demos:/home/mk/dev_ws/install/voice_command_listener:/home/mk/dev_ws/install/uf_ros_lib:/home/mk/dev_ws/install/rviz_servo_status_overlay:/home/mk/dev_ws/install/rviz_marker_static_scene_objects:/home/mk/dev_ws/install/robot_motion_handler_movegroup:/home/mk/dev_ws/install/gaze_control:/home/mk/dev_ws/install/collision_check:/home/mk/dev_ws/install/audio_listener:/opt/ros/humble LD_LIBRARY_PATH=/home/mk/dev_ws/install/xarm_gazebo/lib:/home/mk/dev_ws/install/xarm_controller/lib:/home/mk/dev_ws/install/xarm_api/lib:/home/mk/dev_ws/install/xarm_sdk/lib:/home/mk/dev_ws/install/xarm_msgs/lib:/home/mk/dev_ws/install/whisper_idl/lib:/usr/local/cuda-12.1/lib64:/home/mk/dev_ws/install/zed_components/lib:/home/mk/dev_ws/install/zed_interfaces/lib:/home/mk/dev_ws/install/xarm_planner/lib:/home/mk/dev_ws/install/xarm_moveit_servo/lib:/home/mk/dev_ws/install/rviz_robot_control_panel/lib:/home/mk/dev_ws/install/whisper_server/lib:/home/mk/dev_ws/install/transcript_manager/lib:/home/mk/dev_ws/install/whisper_util/lib:/home/mk/dev_ws/install/whisper_cpp_vendor/lib:/home/mk/dev_ws/install/realsense_gazebo_plugin/lib:/home/mk/dev_ws/install/my_3d_vision_bringup/lib:/usr/lib/x86_64-linux-gnu/gazebo-11/plugins:/opt/ros/humble/opt/rviz_ogre_vendor/lib:/opt/ros/humble/lib/x86_64-linux-gnu:/opt/ros/humble/lib PYTHONPATH=/home/mk/dev_ws/build/uf_ros_lib:/home/mk/dev_ws/install/uf_ros_lib/lib/python3.10/site-packages:/home/mk/dev_ws/install/zed_interfaces/local/lib/python3.10/dist-packages:/home/mk/dev_ws/build/yolo_object_detector:/home/mk/dev_ws/install/yolo_object_detector/lib/python3.10/site-packages:/home/mk/dev_ws/build/move_to_coordinator:/home/mk/dev_ws/install/move_to_coordinator/lib/python3.10/site-packages:/home/mk/dev_ws/build/motion_sequence:/home/mk/dev_ws/install/motion_sequence/lib/python3.10/site-packages:/home/mk/dev_ws/install/xarm_msgs/local/lib/python3.10/dist-packages:/home/mk/dev_ws/build/whisper_demos:/home/mk/dev_ws/install/whisper_demos/lib/python3.10/site-packages:/home/mk/dev_ws/build/voice_command_listener:/home/mk/dev_ws/install/voice_command_listener/lib/python3.10/site-packages:/home/mk/dev_ws/install/whisper_idl/local/lib/python3.10/dist-packages:/home/mk/dev_ws/build/rviz_servo_status_overlay:/home/mk/dev_ws/install/rviz_servo_status_overlay/lib/python3.10/site-packages:/home/mk/dev_ws/build/rviz_marker_static_scene_objects:/home/mk/dev_ws/install/rviz_marker_static_scene_objects/lib/python3.10/site-packages:/home/mk/dev_ws/build/robot_motion_handler_movegroup:/home/mk/dev_ws/install/robot_motion_handler_movegroup/lib/python3.10/site-packages:/home/mk/dev_ws/install/my_3d_vision_bringup/local/lib/python3.10/dist-packages:/home/mk/dev_ws/build/gaze_control:/home/mk/dev_ws/install/gaze_control/lib/python3.10/site-packages:/home/mk/dev_ws/build/collision_check:/home/mk/dev_ws/install/collision_check/lib/python3.10/site-packages:/home/mk/dev_ws/build/audio_listener:/home/mk/dev_ws/install/audio_listener/lib/python3.10/site-packages:/opt/ros/humble/lib/python3.10/site-packages:/opt/ros/humble/local/lib/python3.10/dist-packages /usr/bin/cmake --build /home/mk/dev_ws/build/xarm_moveit_servo -- -j20 -l20
[3.260s] DEBUG:colcon.colcon_core.event_handler.log_command:Invoking command in '/home/mk/dev_ws/build/xarm_moveit_servo': AMENT_PREFIX_PATH=/home/mk/dev_ws/install/uf_ros_lib:/home/mk/dev_ws/install/zed_ros2:/home/mk/dev_ws/install/zed_wrapper:/home/mk/dev_ws/install/zed_components:/home/mk/dev_ws/install/zed_interfaces:/home/mk/dev_ws/install/yolo_object_detector:/home/mk/dev_ws/install/xarm_planner:/home/mk/dev_ws/install/xarm_moveit_servo:/home/mk/dev_ws/install/xarm_moveit_config:/home/mk/dev_ws/install/xarm_gazebo:/home/mk/dev_ws/install/xarm_controller:/home/mk/dev_ws/install/xarm_api:/home/mk/dev_ws/install/xarm_sdk:/home/mk/dev_ws/install/rviz_robot_control_panel:/home/mk/dev_ws/install/move_to_coordinator:/home/mk/dev_ws/install/motion_sequence:/home/mk/dev_ws/install/xarm_msgs:/home/mk/dev_ws/install/xarm_description:/home/mk/dev_ws/install/whisper_demos:/home/mk/dev_ws/install/whisper_bringup:/home/mk/dev_ws/install/whisper_server:/home/mk/dev_ws/install/transcript_manager:/home/mk/dev_ws/install/whisper_util:/home/mk/dev_ws/install/voice_command_listener:/home/mk/dev_ws/install/whisper_idl:/home/mk/dev_ws/install/whisper_cpp_vendor:/home/mk/dev_ws/install/rviz_servo_status_overlay:/home/mk/dev_ws/install/rviz_marker_static_scene_objects:/home/mk/dev_ws/install/robot_motion_handler_movegroup:/home/mk/dev_ws/install/realsense_gazebo_plugin:/home/mk/dev_ws/install/my_3d_vision_bringup:/home/mk/dev_ws/install/mbot_demo:/home/mk/dev_ws/install/gaze_control:/home/mk/dev_ws/install/collision_check:/home/mk/dev_ws/install/audio_listener:/opt/ros/humble CMAKE_PREFIX_PATH=/home/mk/dev_ws/install/xarm_moveit_config:/home/mk/dev_ws/install/xarm_gazebo:/home/mk/dev_ws/install/xarm_controller:/home/mk/dev_ws/install/xarm_api:/home/mk/dev_ws/install/xarm_sdk:/home/mk/dev_ws/install/xarm_msgs:/home/mk/dev_ws/install/xarm_description:/home/mk/dev_ws/install/whisper_idl:/home/mk/dev_ws/install/zed_ros2:/home/mk/dev_ws/install/zed_wrapper:/home/mk/dev_ws/install/zed_components:/home/mk/dev_ws/install/zed_interfaces:/home/mk/dev_ws/install/xarm_planner:/home/mk/dev_ws/install/xarm_moveit_servo:/home/mk/dev_ws/install/rviz_robot_control_panel:/home/mk/dev_ws/install/whisper_bringup:/home/mk/dev_ws/install/whisper_server:/home/mk/dev_ws/install/transcript_manager:/home/mk/dev_ws/install/whisper_util:/home/mk/dev_ws/install/whisper_cpp_vendor:/home/mk/dev_ws/install/realsense_gazebo_plugin:/home/mk/dev_ws/install/my_3d_vision_bringup:/home/mk/dev_ws/install/mbot_demo:/home/mk/dev_ws/install/yolo_object_detector:/home/mk/dev_ws/install/move_to_coordinator:/home/mk/dev_ws/install/motion_sequence:/home/mk/dev_ws/install/whisper_demos:/home/mk/dev_ws/install/voice_command_listener:/home/mk/dev_ws/install/uf_ros_lib:/home/mk/dev_ws/install/rviz_servo_status_overlay:/home/mk/dev_ws/install/rviz_marker_static_scene_objects:/home/mk/dev_ws/install/robot_motion_handler_movegroup:/home/mk/dev_ws/install/gaze_control:/home/mk/dev_ws/install/collision_check:/home/mk/dev_ws/install/audio_listener:/opt/ros/humble LD_LIBRARY_PATH=/home/mk/dev_ws/install/xarm_gazebo/lib:/home/mk/dev_ws/install/xarm_controller/lib:/home/mk/dev_ws/install/xarm_api/lib:/home/mk/dev_ws/install/xarm_sdk/lib:/home/mk/dev_ws/install/xarm_msgs/lib:/home/mk/dev_ws/install/whisper_idl/lib:/usr/local/cuda-12.1/lib64:/home/mk/dev_ws/install/zed_components/lib:/home/mk/dev_ws/install/zed_interfaces/lib:/home/mk/dev_ws/install/xarm_planner/lib:/home/mk/dev_ws/install/xarm_moveit_servo/lib:/home/mk/dev_ws/install/rviz_robot_control_panel/lib:/home/mk/dev_ws/install/whisper_server/lib:/home/mk/dev_ws/install/transcript_manager/lib:/home/mk/dev_ws/install/whisper_util/lib:/home/mk/dev_ws/install/whisper_cpp_vendor/lib:/home/mk/dev_ws/install/realsense_gazebo_plugin/lib:/home/mk/dev_ws/install/my_3d_vision_bringup/lib:/usr/lib/x86_64-linux-gnu/gazebo-11/plugins:/opt/ros/humble/opt/rviz_ogre_vendor/lib:/opt/ros/humble/lib/x86_64-linux-gnu:/opt/ros/humble/lib PYTHONPATH=/home/mk/dev_ws/build/uf_ros_lib:/home/mk/dev_ws/install/uf_ros_lib/lib/python3.10/site-packages:/home/mk/dev_ws/install/zed_interfaces/local/lib/python3.10/dist-packages:/home/mk/dev_ws/build/yolo_object_detector:/home/mk/dev_ws/install/yolo_object_detector/lib/python3.10/site-packages:/home/mk/dev_ws/build/move_to_coordinator:/home/mk/dev_ws/install/move_to_coordinator/lib/python3.10/site-packages:/home/mk/dev_ws/build/motion_sequence:/home/mk/dev_ws/install/motion_sequence/lib/python3.10/site-packages:/home/mk/dev_ws/install/xarm_msgs/local/lib/python3.10/dist-packages:/home/mk/dev_ws/build/whisper_demos:/home/mk/dev_ws/install/whisper_demos/lib/python3.10/site-packages:/home/mk/dev_ws/build/voice_command_listener:/home/mk/dev_ws/install/voice_command_listener/lib/python3.10/site-packages:/home/mk/dev_ws/install/whisper_idl/local/lib/python3.10/dist-packages:/home/mk/dev_ws/build/rviz_servo_status_overlay:/home/mk/dev_ws/install/rviz_servo_status_overlay/lib/python3.10/site-packages:/home/mk/dev_ws/build/rviz_marker_static_scene_objects:/home/mk/dev_ws/install/rviz_marker_static_scene_objects/lib/python3.10/site-packages:/home/mk/dev_ws/build/robot_motion_handler_movegroup:/home/mk/dev_ws/install/robot_motion_handler_movegroup/lib/python3.10/site-packages:/home/mk/dev_ws/install/my_3d_vision_bringup/local/lib/python3.10/dist-packages:/home/mk/dev_ws/build/gaze_control:/home/mk/dev_ws/install/gaze_control/lib/python3.10/site-packages:/home/mk/dev_ws/build/collision_check:/home/mk/dev_ws/install/collision_check/lib/python3.10/site-packages:/home/mk/dev_ws/build/audio_listener:/home/mk/dev_ws/install/audio_listener/lib/python3.10/site-packages:/opt/ros/humble/lib/python3.10/site-packages:/opt/ros/humble/local/lib/python3.10/dist-packages /usr/bin/cmake --install /home/mk/dev_ws/build/xarm_moveit_servo
[3.270s] DEBUG:colcon.colcon_core.event_handler.log_command:Invoked command in '/home/mk/dev_ws/build/xarm_planner' returned '0': AMENT_PREFIX_PATH=/home/mk/dev_ws/install/uf_ros_lib:/home/mk/dev_ws/install/zed_ros2:/home/mk/dev_ws/install/zed_wrapper:/home/mk/dev_ws/install/zed_components:/home/mk/dev_ws/install/zed_interfaces:/home/mk/dev_ws/install/yolo_object_detector:/home/mk/dev_ws/install/xarm_planner:/home/mk/dev_ws/install/xarm_moveit_servo:/home/mk/dev_ws/install/xarm_moveit_config:/home/mk/dev_ws/install/xarm_gazebo:/home/mk/dev_ws/install/xarm_controller:/home/mk/dev_ws/install/xarm_api:/home/mk/dev_ws/install/xarm_sdk:/home/mk/dev_ws/install/rviz_robot_control_panel:/home/mk/dev_ws/install/move_to_coordinator:/home/mk/dev_ws/install/motion_sequence:/home/mk/dev_ws/install/xarm_msgs:/home/mk/dev_ws/install/xarm_description:/home/mk/dev_ws/install/whisper_demos:/home/mk/dev_ws/install/whisper_bringup:/home/mk/dev_ws/install/whisper_server:/home/mk/dev_ws/install/transcript_manager:/home/mk/dev_ws/install/whisper_util:/home/mk/dev_ws/install/voice_command_listener:/home/mk/dev_ws/install/whisper_idl:/home/mk/dev_ws/install/whisper_cpp_vendor:/home/mk/dev_ws/install/rviz_servo_status_overlay:/home/mk/dev_ws/install/rviz_marker_static_scene_objects:/home/mk/dev_ws/install/robot_motion_handler_movegroup:/home/mk/dev_ws/install/realsense_gazebo_plugin:/home/mk/dev_ws/install/my_3d_vision_bringup:/home/mk/dev_ws/install/mbot_demo:/home/mk/dev_ws/install/gaze_control:/home/mk/dev_ws/install/collision_check:/home/mk/dev_ws/install/audio_listener:/opt/ros/humble CMAKE_PREFIX_PATH=/home/mk/dev_ws/install/xarm_moveit_config:/home/mk/dev_ws/install/xarm_gazebo:/home/mk/dev_ws/install/xarm_controller:/home/mk/dev_ws/install/xarm_api:/home/mk/dev_ws/install/xarm_sdk:/home/mk/dev_ws/install/xarm_msgs:/home/mk/dev_ws/install/xarm_description:/home/mk/dev_ws/install/zed_ros2:/home/mk/dev_ws/install/zed_wrapper:/home/mk/dev_ws/install/zed_components:/home/mk/dev_ws/install/zed_interfaces:/home/mk/dev_ws/install/xarm_planner:/home/mk/dev_ws/install/xarm_moveit_servo:/home/mk/dev_ws/install/rviz_robot_control_panel:/home/mk/dev_ws/install/whisper_bringup:/home/mk/dev_ws/install/whisper_server:/home/mk/dev_ws/install/transcript_manager:/home/mk/dev_ws/install/whisper_util:/home/mk/dev_ws/install/whisper_idl:/home/mk/dev_ws/install/whisper_cpp_vendor:/home/mk/dev_ws/install/realsense_gazebo_plugin:/home/mk/dev_ws/install/my_3d_vision_bringup:/home/mk/dev_ws/install/mbot_demo:/home/mk/dev_ws/install/yolo_object_detector:/home/mk/dev_ws/install/move_to_coordinator:/home/mk/dev_ws/install/motion_sequence:/home/mk/dev_ws/install/whisper_demos:/home/mk/dev_ws/install/voice_command_listener:/home/mk/dev_ws/install/uf_ros_lib:/home/mk/dev_ws/install/rviz_servo_status_overlay:/home/mk/dev_ws/install/rviz_marker_static_scene_objects:/home/mk/dev_ws/install/robot_motion_handler_movegroup:/home/mk/dev_ws/install/gaze_control:/home/mk/dev_ws/install/collision_check:/home/mk/dev_ws/install/audio_listener:/opt/ros/humble LD_LIBRARY_PATH=/home/mk/dev_ws/install/xarm_gazebo/lib:/home/mk/dev_ws/install/xarm_controller/lib:/home/mk/dev_ws/install/xarm_api/lib:/home/mk/dev_ws/install/xarm_sdk/lib:/home/mk/dev_ws/install/xarm_msgs/lib:/usr/local/cuda-12.1/lib64:/home/mk/dev_ws/install/zed_components/lib:/home/mk/dev_ws/install/zed_interfaces/lib:/home/mk/dev_ws/install/xarm_planner/lib:/home/mk/dev_ws/install/xarm_moveit_servo/lib:/home/mk/dev_ws/install/rviz_robot_control_panel/lib:/home/mk/dev_ws/install/whisper_server/lib:/home/mk/dev_ws/install/transcript_manager/lib:/home/mk/dev_ws/install/whisper_util/lib:/home/mk/dev_ws/install/whisper_idl/lib:/home/mk/dev_ws/install/whisper_cpp_vendor/lib:/home/mk/dev_ws/install/realsense_gazebo_plugin/lib:/home/mk/dev_ws/install/my_3d_vision_bringup/lib:/usr/lib/x86_64-linux-gnu/gazebo-11/plugins:/opt/ros/humble/opt/rviz_ogre_vendor/lib:/opt/ros/humble/lib/x86_64-linux-gnu:/opt/ros/humble/lib PYTHONPATH=/home/mk/dev_ws/build/uf_ros_lib:/home/mk/dev_ws/install/uf_ros_lib/lib/python3.10/site-packages:/home/mk/dev_ws/install/zed_interfaces/local/lib/python3.10/dist-packages:/home/mk/dev_ws/build/yolo_object_detector:/home/mk/dev_ws/install/yolo_object_detector/lib/python3.10/site-packages:/home/mk/dev_ws/build/move_to_coordinator:/home/mk/dev_ws/install/move_to_coordinator/lib/python3.10/site-packages:/home/mk/dev_ws/build/motion_sequence:/home/mk/dev_ws/install/motion_sequence/lib/python3.10/site-packages:/home/mk/dev_ws/install/xarm_msgs/local/lib/python3.10/dist-packages:/home/mk/dev_ws/build/whisper_demos:/home/mk/dev_ws/install/whisper_demos/lib/python3.10/site-packages:/home/mk/dev_ws/build/voice_command_listener:/home/mk/dev_ws/install/voice_command_listener/lib/python3.10/site-packages:/home/mk/dev_ws/install/whisper_idl/local/lib/python3.10/dist-packages:/home/mk/dev_ws/build/rviz_servo_status_overlay:/home/mk/dev_ws/install/rviz_servo_status_overlay/lib/python3.10/site-packages:/home/mk/dev_ws/build/rviz_marker_static_scene_objects:/home/mk/dev_ws/install/rviz_marker_static_scene_objects/lib/python3.10/site-packages:/home/mk/dev_ws/build/robot_motion_handler_movegroup:/home/mk/dev_ws/install/robot_motion_handler_movegroup/lib/python3.10/site-packages:/home/mk/dev_ws/install/my_3d_vision_bringup/local/lib/python3.10/dist-packages:/home/mk/dev_ws/build/gaze_control:/home/mk/dev_ws/install/gaze_control/lib/python3.10/site-packages:/home/mk/dev_ws/build/collision_check:/home/mk/dev_ws/install/collision_check/lib/python3.10/site-packages:/home/mk/dev_ws/build/audio_listener:/home/mk/dev_ws/install/audio_listener/lib/python3.10/site-packages:/opt/ros/humble/lib/python3.10/site-packages:/opt/ros/humble/local/lib/python3.10/dist-packages /usr/bin/cmake --build /home/mk/dev_ws/build/xarm_planner -- -j20 -l20
[3.271s] DEBUG:colcon.colcon_core.event_handler.log_command:Invoking command in '/home/mk/dev_ws/build/xarm_planner': AMENT_PREFIX_PATH=/home/mk/dev_ws/install/uf_ros_lib:/home/mk/dev_ws/install/zed_ros2:/home/mk/dev_ws/install/zed_wrapper:/home/mk/dev_ws/install/zed_components:/home/mk/dev_ws/install/zed_interfaces:/home/mk/dev_ws/install/yolo_object_detector:/home/mk/dev_ws/install/xarm_planner:/home/mk/dev_ws/install/xarm_moveit_servo:/home/mk/dev_ws/install/xarm_moveit_config:/home/mk/dev_ws/install/xarm_gazebo:/home/mk/dev_ws/install/xarm_controller:/home/mk/dev_ws/install/xarm_api:/home/mk/dev_ws/install/xarm_sdk:/home/mk/dev_ws/install/rviz_robot_control_panel:/home/mk/dev_ws/install/move_to_coordinator:/home/mk/dev_ws/install/motion_sequence:/home/mk/dev_ws/install/xarm_msgs:/home/mk/dev_ws/install/xarm_description:/home/mk/dev_ws/install/whisper_demos:/home/mk/dev_ws/install/whisper_bringup:/home/mk/dev_ws/install/whisper_server:/home/mk/dev_ws/install/transcript_manager:/home/mk/dev_ws/install/whisper_util:/home/mk/dev_ws/install/voice_command_listener:/home/mk/dev_ws/install/whisper_idl:/home/mk/dev_ws/install/whisper_cpp_vendor:/home/mk/dev_ws/install/rviz_servo_status_overlay:/home/mk/dev_ws/install/rviz_marker_static_scene_objects:/home/mk/dev_ws/install/robot_motion_handler_movegroup:/home/mk/dev_ws/install/realsense_gazebo_plugin:/home/mk/dev_ws/install/my_3d_vision_bringup:/home/mk/dev_ws/install/mbot_demo:/home/mk/dev_ws/install/gaze_control:/home/mk/dev_ws/install/collision_check:/home/mk/dev_ws/install/audio_listener:/opt/ros/humble CMAKE_PREFIX_PATH=/home/mk/dev_ws/install/xarm_moveit_config:/home/mk/dev_ws/install/xarm_gazebo:/home/mk/dev_ws/install/xarm_controller:/home/mk/dev_ws/install/xarm_api:/home/mk/dev_ws/install/xarm_sdk:/home/mk/dev_ws/install/xarm_msgs:/home/mk/dev_ws/install/xarm_description:/home/mk/dev_ws/install/zed_ros2:/home/mk/dev_ws/install/zed_wrapper:/home/mk/dev_ws/install/zed_components:/home/mk/dev_ws/install/zed_interfaces:/home/mk/dev_ws/install/xarm_planner:/home/mk/dev_ws/install/xarm_moveit_servo:/home/mk/dev_ws/install/rviz_robot_control_panel:/home/mk/dev_ws/install/whisper_bringup:/home/mk/dev_ws/install/whisper_server:/home/mk/dev_ws/install/transcript_manager:/home/mk/dev_ws/install/whisper_util:/home/mk/dev_ws/install/whisper_idl:/home/mk/dev_ws/install/whisper_cpp_vendor:/home/mk/dev_ws/install/realsense_gazebo_plugin:/home/mk/dev_ws/install/my_3d_vision_bringup:/home/mk/dev_ws/install/mbot_demo:/home/mk/dev_ws/install/yolo_object_detector:/home/mk/dev_ws/install/move_to_coordinator:/home/mk/dev_ws/install/motion_sequence:/home/mk/dev_ws/install/whisper_demos:/home/mk/dev_ws/install/voice_command_listener:/home/mk/dev_ws/install/uf_ros_lib:/home/mk/dev_ws/install/rviz_servo_status_overlay:/home/mk/dev_ws/install/rviz_marker_static_scene_objects:/home/mk/dev_ws/install/robot_motion_handler_movegroup:/home/mk/dev_ws/install/gaze_control:/home/mk/dev_ws/install/collision_check:/home/mk/dev_ws/install/audio_listener:/opt/ros/humble LD_LIBRARY_PATH=/home/mk/dev_ws/install/xarm_gazebo/lib:/home/mk/dev_ws/install/xarm_controller/lib:/home/mk/dev_ws/install/xarm_api/lib:/home/mk/dev_ws/install/xarm_sdk/lib:/home/mk/dev_ws/install/xarm_msgs/lib:/usr/local/cuda-12.1/lib64:/home/mk/dev_ws/install/zed_components/lib:/home/mk/dev_ws/install/zed_interfaces/lib:/home/mk/dev_ws/install/xarm_planner/lib:/home/mk/dev_ws/install/xarm_moveit_servo/lib:/home/mk/dev_ws/install/rviz_robot_control_panel/lib:/home/mk/dev_ws/install/whisper_server/lib:/home/mk/dev_ws/install/transcript_manager/lib:/home/mk/dev_ws/install/whisper_util/lib:/home/mk/dev_ws/install/whisper_idl/lib:/home/mk/dev_ws/install/whisper_cpp_vendor/lib:/home/mk/dev_ws/install/realsense_gazebo_plugin/lib:/home/mk/dev_ws/install/my_3d_vision_bringup/lib:/usr/lib/x86_64-linux-gnu/gazebo-11/plugins:/opt/ros/humble/opt/rviz_ogre_vendor/lib:/opt/ros/humble/lib/x86_64-linux-gnu:/opt/ros/humble/lib PYTHONPATH=/home/mk/dev_ws/build/uf_ros_lib:/home/mk/dev_ws/install/uf_ros_lib/lib/python3.10/site-packages:/home/mk/dev_ws/install/zed_interfaces/local/lib/python3.10/dist-packages:/home/mk/dev_ws/build/yolo_object_detector:/home/mk/dev_ws/install/yolo_object_detector/lib/python3.10/site-packages:/home/mk/dev_ws/build/move_to_coordinator:/home/mk/dev_ws/install/move_to_coordinator/lib/python3.10/site-packages:/home/mk/dev_ws/build/motion_sequence:/home/mk/dev_ws/install/motion_sequence/lib/python3.10/site-packages:/home/mk/dev_ws/install/xarm_msgs/local/lib/python3.10/dist-packages:/home/mk/dev_ws/build/whisper_demos:/home/mk/dev_ws/install/whisper_demos/lib/python3.10/site-packages:/home/mk/dev_ws/build/voice_command_listener:/home/mk/dev_ws/install/voice_command_listener/lib/python3.10/site-packages:/home/mk/dev_ws/install/whisper_idl/local/lib/python3.10/dist-packages:/home/mk/dev_ws/build/rviz_servo_status_overlay:/home/mk/dev_ws/install/rviz_servo_status_overlay/lib/python3.10/site-packages:/home/mk/dev_ws/build/rviz_marker_static_scene_objects:/home/mk/dev_ws/install/rviz_marker_static_scene_objects/lib/python3.10/site-packages:/home/mk/dev_ws/build/robot_motion_handler_movegroup:/home/mk/dev_ws/install/robot_motion_handler_movegroup/lib/python3.10/site-packages:/home/mk/dev_ws/install/my_3d_vision_bringup/local/lib/python3.10/dist-packages:/home/mk/dev_ws/build/gaze_control:/home/mk/dev_ws/install/gaze_control/lib/python3.10/site-packages:/home/mk/dev_ws/build/collision_check:/home/mk/dev_ws/install/collision_check/lib/python3.10/site-packages:/home/mk/dev_ws/build/audio_listener:/home/mk/dev_ws/install/audio_listener/lib/python3.10/site-packages:/opt/ros/humble/lib/python3.10/site-packages:/opt/ros/humble/local/lib/python3.10/dist-packages /usr/bin/cmake --install /home/mk/dev_ws/build/xarm_planner
[3.273s] Level 1:colcon.colcon_core.environment:create_environment_scripts_only(xarm_moveit_servo)
[3.273s] Level 1:colcon.colcon_core.environment:checking '/home/mk/dev_ws/install/xarm_moveit_servo' for CMake module files
[3.274s] DEBUG:colcon.colcon_core.event_handler.log_command:Invoked command in '/home/mk/dev_ws/build/xarm_moveit_servo' returned '0': AMENT_PREFIX_PATH=/home/mk/dev_ws/install/uf_ros_lib:/home/mk/dev_ws/install/zed_ros2:/home/mk/dev_ws/install/zed_wrapper:/home/mk/dev_ws/install/zed_components:/home/mk/dev_ws/install/zed_interfaces:/home/mk/dev_ws/install/yolo_object_detector:/home/mk/dev_ws/install/xarm_planner:/home/mk/dev_ws/install/xarm_moveit_servo:/home/mk/dev_ws/install/xarm_moveit_config:/home/mk/dev_ws/install/xarm_gazebo:/home/mk/dev_ws/install/xarm_controller:/home/mk/dev_ws/install/xarm_api:/home/mk/dev_ws/install/xarm_sdk:/home/mk/dev_ws/install/rviz_robot_control_panel:/home/mk/dev_ws/install/move_to_coordinator:/home/mk/dev_ws/install/motion_sequence:/home/mk/dev_ws/install/xarm_msgs:/home/mk/dev_ws/install/xarm_description:/home/mk/dev_ws/install/whisper_demos:/home/mk/dev_ws/install/whisper_bringup:/home/mk/dev_ws/install/whisper_server:/home/mk/dev_ws/install/transcript_manager:/home/mk/dev_ws/install/whisper_util:/home/mk/dev_ws/install/voice_command_listener:/home/mk/dev_ws/install/whisper_idl:/home/mk/dev_ws/install/whisper_cpp_vendor:/home/mk/dev_ws/install/rviz_servo_status_overlay:/home/mk/dev_ws/install/rviz_marker_static_scene_objects:/home/mk/dev_ws/install/robot_motion_handler_movegroup:/home/mk/dev_ws/install/realsense_gazebo_plugin:/home/mk/dev_ws/install/my_3d_vision_bringup:/home/mk/dev_ws/install/mbot_demo:/home/mk/dev_ws/install/gaze_control:/home/mk/dev_ws/install/collision_check:/home/mk/dev_ws/install/audio_listener:/opt/ros/humble CMAKE_PREFIX_PATH=/home/mk/dev_ws/install/xarm_moveit_config:/home/mk/dev_ws/install/xarm_gazebo:/home/mk/dev_ws/install/xarm_controller:/home/mk/dev_ws/install/xarm_api:/home/mk/dev_ws/install/xarm_sdk:/home/mk/dev_ws/install/xarm_msgs:/home/mk/dev_ws/install/xarm_description:/home/mk/dev_ws/install/whisper_idl:/home/mk/dev_ws/install/zed_ros2:/home/mk/dev_ws/install/zed_wrapper:/home/mk/dev_ws/install/zed_components:/home/mk/dev_ws/install/zed_interfaces:/home/mk/dev_ws/install/xarm_planner:/home/mk/dev_ws/install/xarm_moveit_servo:/home/mk/dev_ws/install/rviz_robot_control_panel:/home/mk/dev_ws/install/whisper_bringup:/home/mk/dev_ws/install/whisper_server:/home/mk/dev_ws/install/transcript_manager:/home/mk/dev_ws/install/whisper_util:/home/mk/dev_ws/install/whisper_cpp_vendor:/home/mk/dev_ws/install/realsense_gazebo_plugin:/home/mk/dev_ws/install/my_3d_vision_bringup:/home/mk/dev_ws/install/mbot_demo:/home/mk/dev_ws/install/yolo_object_detector:/home/mk/dev_ws/install/move_to_coordinator:/home/mk/dev_ws/install/motion_sequence:/home/mk/dev_ws/install/whisper_demos:/home/mk/dev_ws/install/voice_command_listener:/home/mk/dev_ws/install/uf_ros_lib:/home/mk/dev_ws/install/rviz_servo_status_overlay:/home/mk/dev_ws/install/rviz_marker_static_scene_objects:/home/mk/dev_ws/install/robot_motion_handler_movegroup:/home/mk/dev_ws/install/gaze_control:/home/mk/dev_ws/install/collision_check:/home/mk/dev_ws/install/audio_listener:/opt/ros/humble LD_LIBRARY_PATH=/home/mk/dev_ws/install/xarm_gazebo/lib:/home/mk/dev_ws/install/xarm_controller/lib:/home/mk/dev_ws/install/xarm_api/lib:/home/mk/dev_ws/install/xarm_sdk/lib:/home/mk/dev_ws/install/xarm_msgs/lib:/home/mk/dev_ws/install/whisper_idl/lib:/usr/local/cuda-12.1/lib64:/home/mk/dev_ws/install/zed_components/lib:/home/mk/dev_ws/install/zed_interfaces/lib:/home/mk/dev_ws/install/xarm_planner/lib:/home/mk/dev_ws/install/xarm_moveit_servo/lib:/home/mk/dev_ws/install/rviz_robot_control_panel/lib:/home/mk/dev_ws/install/whisper_server/lib:/home/mk/dev_ws/install/transcript_manager/lib:/home/mk/dev_ws/install/whisper_util/lib:/home/mk/dev_ws/install/whisper_cpp_vendor/lib:/home/mk/dev_ws/install/realsense_gazebo_plugin/lib:/home/mk/dev_ws/install/my_3d_vision_bringup/lib:/usr/lib/x86_64-linux-gnu/gazebo-11/plugins:/opt/ros/humble/opt/rviz_ogre_vendor/lib:/opt/ros/humble/lib/x86_64-linux-gnu:/opt/ros/humble/lib PYTHONPATH=/home/mk/dev_ws/build/uf_ros_lib:/home/mk/dev_ws/install/uf_ros_lib/lib/python3.10/site-packages:/home/mk/dev_ws/install/zed_interfaces/local/lib/python3.10/dist-packages:/home/mk/dev_ws/build/yolo_object_detector:/home/mk/dev_ws/install/yolo_object_detector/lib/python3.10/site-packages:/home/mk/dev_ws/build/move_to_coordinator:/home/mk/dev_ws/install/move_to_coordinator/lib/python3.10/site-packages:/home/mk/dev_ws/build/motion_sequence:/home/mk/dev_ws/install/motion_sequence/lib/python3.10/site-packages:/home/mk/dev_ws/install/xarm_msgs/local/lib/python3.10/dist-packages:/home/mk/dev_ws/build/whisper_demos:/home/mk/dev_ws/install/whisper_demos/lib/python3.10/site-packages:/home/mk/dev_ws/build/voice_command_listener:/home/mk/dev_ws/install/voice_command_listener/lib/python3.10/site-packages:/home/mk/dev_ws/install/whisper_idl/local/lib/python3.10/dist-packages:/home/mk/dev_ws/build/rviz_servo_status_overlay:/home/mk/dev_ws/install/rviz_servo_status_overlay/lib/python3.10/site-packages:/home/mk/dev_ws/build/rviz_marker_static_scene_objects:/home/mk/dev_ws/install/rviz_marker_static_scene_objects/lib/python3.10/site-packages:/home/mk/dev_ws/build/robot_motion_handler_movegroup:/home/mk/dev_ws/install/robot_motion_handler_movegroup/lib/python3.10/site-packages:/home/mk/dev_ws/install/my_3d_vision_bringup/local/lib/python3.10/dist-packages:/home/mk/dev_ws/build/gaze_control:/home/mk/dev_ws/install/gaze_control/lib/python3.10/site-packages:/home/mk/dev_ws/build/collision_check:/home/mk/dev_ws/install/collision_check/lib/python3.10/site-packages:/home/mk/dev_ws/build/audio_listener:/home/mk/dev_ws/install/audio_listener/lib/python3.10/site-packages:/opt/ros/humble/lib/python3.10/site-packages:/opt/ros/humble/local/lib/python3.10/dist-packages /usr/bin/cmake --install /home/mk/dev_ws/build/xarm_moveit_servo
[3.274s] Level 1:colcon.colcon_core.environment:checking '/home/mk/dev_ws/install/xarm_moveit_servo' for CMake config files
[3.274s] Level 1:colcon.colcon_core.shell:create_environment_hook('xarm_moveit_servo', 'cmake_prefix_path')
[3.274s] INFO:colcon.colcon_core.shell:Creating environment hook '/home/mk/dev_ws/install/xarm_moveit_servo/share/xarm_moveit_servo/hook/cmake_prefix_path.ps1'
[3.274s] INFO:colcon.colcon_core.shell:Creating environment descriptor '/home/mk/dev_ws/install/xarm_moveit_servo/share/xarm_moveit_servo/hook/cmake_prefix_path.dsv'
[3.275s] INFO:colcon.colcon_core.shell:Creating environment hook '/home/mk/dev_ws/install/xarm_moveit_servo/share/xarm_moveit_servo/hook/cmake_prefix_path.sh'
[3.275s] Level 1:colcon.colcon_core.environment:checking '/home/mk/dev_ws/install/xarm_moveit_servo/lib'
[3.275s] Level 1:colcon.colcon_core.shell:create_environment_hook('xarm_moveit_servo', 'ld_library_path_lib')
[3.275s] INFO:colcon.colcon_core.shell:Creating environment hook '/home/mk/dev_ws/install/xarm_moveit_servo/share/xarm_moveit_servo/hook/ld_library_path_lib.ps1'
[3.276s] INFO:colcon.colcon_core.shell:Creating environment descriptor '/home/mk/dev_ws/install/xarm_moveit_servo/share/xarm_moveit_servo/hook/ld_library_path_lib.dsv'
[3.276s] INFO:colcon.colcon_core.shell:Creating environment hook '/home/mk/dev_ws/install/xarm_moveit_servo/share/xarm_moveit_servo/hook/ld_library_path_lib.sh'
[3.276s] Level 1:colcon.colcon_core.environment:checking '/home/mk/dev_ws/install/xarm_moveit_servo/bin'
[3.276s] Level 1:colcon.colcon_core.environment:checking '/home/mk/dev_ws/install/xarm_moveit_servo/lib/pkgconfig/xarm_moveit_servo.pc'
[3.276s] Level 1:colcon.colcon_core.environment:checking '/home/mk/dev_ws/install/xarm_moveit_servo/lib/python3.10/site-packages'
[3.277s] Level 1:colcon.colcon_core.environment:checking '/home/mk/dev_ws/install/xarm_moveit_servo/bin'
[3.277s] INFO:colcon.colcon_core.shell:Creating package script '/home/mk/dev_ws/install/xarm_moveit_servo/share/xarm_moveit_servo/package.ps1'
[3.278s] INFO:colcon.colcon_core.shell:Creating package descriptor '/home/mk/dev_ws/install/xarm_moveit_servo/share/xarm_moveit_servo/package.dsv'
[3.278s] INFO:colcon.colcon_core.shell:Creating package script '/home/mk/dev_ws/install/xarm_moveit_servo/share/xarm_moveit_servo/package.sh'
[3.279s] INFO:colcon.colcon_core.shell:Creating package script '/home/mk/dev_ws/install/xarm_moveit_servo/share/xarm_moveit_servo/package.bash'
[3.279s] INFO:colcon.colcon_core.shell:Creating package script '/home/mk/dev_ws/install/xarm_moveit_servo/share/xarm_moveit_servo/package.zsh'
[3.279s] Level 1:colcon.colcon_core.environment:create_file_with_runtime_dependencies(/home/mk/dev_ws/install/xarm_moveit_servo/share/colcon-core/packages/xarm_moveit_servo)
[3.279s] Level 1:colcon.colcon_core.environment:create_environment_scripts_only(xarm_moveit_servo)
[3.279s] Level 1:colcon.colcon_core.environment:checking '/home/mk/dev_ws/install/xarm_moveit_servo' for CMake module files
[3.280s] Level 1:colcon.colcon_core.environment:checking '/home/mk/dev_ws/install/xarm_moveit_servo' for CMake config files
[3.280s] Level 1:colcon.colcon_core.shell:create_environment_hook('xarm_moveit_servo', 'cmake_prefix_path')
[3.280s] INFO:colcon.colcon_core.shell:Creating environment hook '/home/mk/dev_ws/install/xarm_moveit_servo/share/xarm_moveit_servo/hook/cmake_prefix_path.ps1'
[3.280s] INFO:colcon.colcon_core.shell:Creating environment descriptor '/home/mk/dev_ws/install/xarm_moveit_servo/share/xarm_moveit_servo/hook/cmake_prefix_path.dsv'
[3.280s] INFO:colcon.colcon_core.shell:Creating environment hook '/home/mk/dev_ws/install/xarm_moveit_servo/share/xarm_moveit_servo/hook/cmake_prefix_path.sh'
[3.281s] Level 1:colcon.colcon_core.environment:checking '/home/mk/dev_ws/install/xarm_moveit_servo/lib'
[3.281s] Level 1:colcon.colcon_core.shell:create_environment_hook('xarm_moveit_servo', 'ld_library_path_lib')
[3.281s] INFO:colcon.colcon_core.shell:Creating environment hook '/home/mk/dev_ws/install/xarm_moveit_servo/share/xarm_moveit_servo/hook/ld_library_path_lib.ps1'
[3.281s] INFO:colcon.colcon_core.shell:Creating environment descriptor '/home/mk/dev_ws/install/xarm_moveit_servo/share/xarm_moveit_servo/hook/ld_library_path_lib.dsv'
[3.281s] INFO:colcon.colcon_core.shell:Creating environment hook '/home/mk/dev_ws/install/xarm_moveit_servo/share/xarm_moveit_servo/hook/ld_library_path_lib.sh'
[3.281s] Level 1:colcon.colcon_core.environment:checking '/home/mk/dev_ws/install/xarm_moveit_servo/bin'
[3.281s] Level 1:colcon.colcon_core.environment:checking '/home/mk/dev_ws/install/xarm_moveit_servo/lib/pkgconfig/xarm_moveit_servo.pc'
[3.281s] Level 1:colcon.colcon_core.environment:checking '/home/mk/dev_ws/install/xarm_moveit_servo/lib/python3.10/site-packages'
[3.281s] Level 1:colcon.colcon_core.environment:checking '/home/mk/dev_ws/install/xarm_moveit_servo/bin'
[3.282s] INFO:colcon.colcon_core.shell:Creating package script '/home/mk/dev_ws/install/xarm_moveit_servo/share/xarm_moveit_servo/package.ps1'
[3.282s] INFO:colcon.colcon_core.shell:Creating package descriptor '/home/mk/dev_ws/install/xarm_moveit_servo/share/xarm_moveit_servo/package.dsv'
[3.282s] INFO:colcon.colcon_core.shell:Creating package script '/home/mk/dev_ws/install/xarm_moveit_servo/share/xarm_moveit_servo/package.sh'
[3.282s] INFO:colcon.colcon_core.shell:Creating package script '/home/mk/dev_ws/install/xarm_moveit_servo/share/xarm_moveit_servo/package.bash'
[3.283s] INFO:colcon.colcon_core.shell:Creating package script '/home/mk/dev_ws/install/xarm_moveit_servo/share/xarm_moveit_servo/package.zsh'
[3.283s] Level 1:colcon.colcon_core.environment:create_file_with_runtime_dependencies(/home/mk/dev_ws/install/xarm_moveit_servo/share/colcon-core/packages/xarm_moveit_servo)
[3.284s] Level 1:colcon.colcon_core.environment:create_environment_scripts_only(xarm_planner)
[3.284s] Level 1:colcon.colcon_core.environment:checking '/home/mk/dev_ws/install/xarm_planner' for CMake module files
[3.285s] DEBUG:colcon.colcon_core.event_handler.log_command:Invoked command in '/home/mk/dev_ws/build/xarm_planner' returned '0': AMENT_PREFIX_PATH=/home/mk/dev_ws/install/uf_ros_lib:/home/mk/dev_ws/install/zed_ros2:/home/mk/dev_ws/install/zed_wrapper:/home/mk/dev_ws/install/zed_components:/home/mk/dev_ws/install/zed_interfaces:/home/mk/dev_ws/install/yolo_object_detector:/home/mk/dev_ws/install/xarm_planner:/home/mk/dev_ws/install/xarm_moveit_servo:/home/mk/dev_ws/install/xarm_moveit_config:/home/mk/dev_ws/install/xarm_gazebo:/home/mk/dev_ws/install/xarm_controller:/home/mk/dev_ws/install/xarm_api:/home/mk/dev_ws/install/xarm_sdk:/home/mk/dev_ws/install/rviz_robot_control_panel:/home/mk/dev_ws/install/move_to_coordinator:/home/mk/dev_ws/install/motion_sequence:/home/mk/dev_ws/install/xarm_msgs:/home/mk/dev_ws/install/xarm_description:/home/mk/dev_ws/install/whisper_demos:/home/mk/dev_ws/install/whisper_bringup:/home/mk/dev_ws/install/whisper_server:/home/mk/dev_ws/install/transcript_manager:/home/mk/dev_ws/install/whisper_util:/home/mk/dev_ws/install/voice_command_listener:/home/mk/dev_ws/install/whisper_idl:/home/mk/dev_ws/install/whisper_cpp_vendor:/home/mk/dev_ws/install/rviz_servo_status_overlay:/home/mk/dev_ws/install/rviz_marker_static_scene_objects:/home/mk/dev_ws/install/robot_motion_handler_movegroup:/home/mk/dev_ws/install/realsense_gazebo_plugin:/home/mk/dev_ws/install/my_3d_vision_bringup:/home/mk/dev_ws/install/mbot_demo:/home/mk/dev_ws/install/gaze_control:/home/mk/dev_ws/install/collision_check:/home/mk/dev_ws/install/audio_listener:/opt/ros/humble CMAKE_PREFIX_PATH=/home/mk/dev_ws/install/xarm_moveit_config:/home/mk/dev_ws/install/xarm_gazebo:/home/mk/dev_ws/install/xarm_controller:/home/mk/dev_ws/install/xarm_api:/home/mk/dev_ws/install/xarm_sdk:/home/mk/dev_ws/install/xarm_msgs:/home/mk/dev_ws/install/xarm_description:/home/mk/dev_ws/install/zed_ros2:/home/mk/dev_ws/install/zed_wrapper:/home/mk/dev_ws/install/zed_components:/home/mk/dev_ws/install/zed_interfaces:/home/mk/dev_ws/install/xarm_planner:/home/mk/dev_ws/install/xarm_moveit_servo:/home/mk/dev_ws/install/rviz_robot_control_panel:/home/mk/dev_ws/install/whisper_bringup:/home/mk/dev_ws/install/whisper_server:/home/mk/dev_ws/install/transcript_manager:/home/mk/dev_ws/install/whisper_util:/home/mk/dev_ws/install/whisper_idl:/home/mk/dev_ws/install/whisper_cpp_vendor:/home/mk/dev_ws/install/realsense_gazebo_plugin:/home/mk/dev_ws/install/my_3d_vision_bringup:/home/mk/dev_ws/install/mbot_demo:/home/mk/dev_ws/install/yolo_object_detector:/home/mk/dev_ws/install/move_to_coordinator:/home/mk/dev_ws/install/motion_sequence:/home/mk/dev_ws/install/whisper_demos:/home/mk/dev_ws/install/voice_command_listener:/home/mk/dev_ws/install/uf_ros_lib:/home/mk/dev_ws/install/rviz_servo_status_overlay:/home/mk/dev_ws/install/rviz_marker_static_scene_objects:/home/mk/dev_ws/install/robot_motion_handler_movegroup:/home/mk/dev_ws/install/gaze_control:/home/mk/dev_ws/install/collision_check:/home/mk/dev_ws/install/audio_listener:/opt/ros/humble LD_LIBRARY_PATH=/home/mk/dev_ws/install/xarm_gazebo/lib:/home/mk/dev_ws/install/xarm_controller/lib:/home/mk/dev_ws/install/xarm_api/lib:/home/mk/dev_ws/install/xarm_sdk/lib:/home/mk/dev_ws/install/xarm_msgs/lib:/usr/local/cuda-12.1/lib64:/home/mk/dev_ws/install/zed_components/lib:/home/mk/dev_ws/install/zed_interfaces/lib:/home/mk/dev_ws/install/xarm_planner/lib:/home/mk/dev_ws/install/xarm_moveit_servo/lib:/home/mk/dev_ws/install/rviz_robot_control_panel/lib:/home/mk/dev_ws/install/whisper_server/lib:/home/mk/dev_ws/install/transcript_manager/lib:/home/mk/dev_ws/install/whisper_util/lib:/home/mk/dev_ws/install/whisper_idl/lib:/home/mk/dev_ws/install/whisper_cpp_vendor/lib:/home/mk/dev_ws/install/realsense_gazebo_plugin/lib:/home/mk/dev_ws/install/my_3d_vision_bringup/lib:/usr/lib/x86_64-linux-gnu/gazebo-11/plugins:/opt/ros/humble/opt/rviz_ogre_vendor/lib:/opt/ros/humble/lib/x86_64-linux-gnu:/opt/ros/humble/lib PYTHONPATH=/home/mk/dev_ws/build/uf_ros_lib:/home/mk/dev_ws/install/uf_ros_lib/lib/python3.10/site-packages:/home/mk/dev_ws/install/zed_interfaces/local/lib/python3.10/dist-packages:/home/mk/dev_ws/build/yolo_object_detector:/home/mk/dev_ws/install/yolo_object_detector/lib/python3.10/site-packages:/home/mk/dev_ws/build/move_to_coordinator:/home/mk/dev_ws/install/move_to_coordinator/lib/python3.10/site-packages:/home/mk/dev_ws/build/motion_sequence:/home/mk/dev_ws/install/motion_sequence/lib/python3.10/site-packages:/home/mk/dev_ws/install/xarm_msgs/local/lib/python3.10/dist-packages:/home/mk/dev_ws/build/whisper_demos:/home/mk/dev_ws/install/whisper_demos/lib/python3.10/site-packages:/home/mk/dev_ws/build/voice_command_listener:/home/mk/dev_ws/install/voice_command_listener/lib/python3.10/site-packages:/home/mk/dev_ws/install/whisper_idl/local/lib/python3.10/dist-packages:/home/mk/dev_ws/build/rviz_servo_status_overlay:/home/mk/dev_ws/install/rviz_servo_status_overlay/lib/python3.10/site-packages:/home/mk/dev_ws/build/rviz_marker_static_scene_objects:/home/mk/dev_ws/install/rviz_marker_static_scene_objects/lib/python3.10/site-packages:/home/mk/dev_ws/build/robot_motion_handler_movegroup:/home/mk/dev_ws/install/robot_motion_handler_movegroup/lib/python3.10/site-packages:/home/mk/dev_ws/install/my_3d_vision_bringup/local/lib/python3.10/dist-packages:/home/mk/dev_ws/build/gaze_control:/home/mk/dev_ws/install/gaze_control/lib/python3.10/site-packages:/home/mk/dev_ws/build/collision_check:/home/mk/dev_ws/install/collision_check/lib/python3.10/site-packages:/home/mk/dev_ws/build/audio_listener:/home/mk/dev_ws/install/audio_listener/lib/python3.10/site-packages:/opt/ros/humble/lib/python3.10/site-packages:/opt/ros/humble/local/lib/python3.10/dist-packages /usr/bin/cmake --install /home/mk/dev_ws/build/xarm_planner
[3.285s] Level 1:colcon.colcon_core.environment:checking '/home/mk/dev_ws/install/xarm_planner' for CMake config files
[3.285s] Level 1:colcon.colcon_core.shell:create_environment_hook('xarm_planner', 'cmake_prefix_path')
[3.285s] INFO:colcon.colcon_core.shell:Creating environment hook '/home/mk/dev_ws/install/xarm_planner/share/xarm_planner/hook/cmake_prefix_path.ps1'
[3.285s] INFO:colcon.colcon_core.shell:Creating environment descriptor '/home/mk/dev_ws/install/xarm_planner/share/xarm_planner/hook/cmake_prefix_path.dsv'
[3.286s] INFO:colcon.colcon_core.shell:Creating environment hook '/home/mk/dev_ws/install/xarm_planner/share/xarm_planner/hook/cmake_prefix_path.sh'
[3.286s] Level 1:colcon.colcon_core.environment:checking '/home/mk/dev_ws/install/xarm_planner/lib'
[3.286s] Level 1:colcon.colcon_core.shell:create_environment_hook('xarm_planner', 'ld_library_path_lib')
[3.286s] INFO:colcon.colcon_core.shell:Creating environment hook '/home/mk/dev_ws/install/xarm_planner/share/xarm_planner/hook/ld_library_path_lib.ps1'
[3.286s] INFO:colcon.colcon_core.shell:Creating environment descriptor '/home/mk/dev_ws/install/xarm_planner/share/xarm_planner/hook/ld_library_path_lib.dsv'
[3.286s] INFO:colcon.colcon_core.shell:Creating environment hook '/home/mk/dev_ws/install/xarm_planner/share/xarm_planner/hook/ld_library_path_lib.sh'
[3.286s] Level 1:colcon.colcon_core.environment:checking '/home/mk/dev_ws/install/xarm_planner/bin'
[3.286s] Level 1:colcon.colcon_core.environment:checking '/home/mk/dev_ws/install/xarm_planner/lib/pkgconfig/xarm_planner.pc'
[3.287s] Level 1:colcon.colcon_core.environment:checking '/home/mk/dev_ws/install/xarm_planner/lib/python3.10/site-packages'
[3.287s] Level 1:colcon.colcon_core.environment:checking '/home/mk/dev_ws/install/xarm_planner/bin'
[3.287s] INFO:colcon.colcon_core.shell:Creating package script '/home/mk/dev_ws/install/xarm_planner/share/xarm_planner/package.ps1'
[3.287s] INFO:colcon.colcon_core.shell:Creating package descriptor '/home/mk/dev_ws/install/xarm_planner/share/xarm_planner/package.dsv'
[3.287s] INFO:colcon.colcon_core.shell:Creating package script '/home/mk/dev_ws/install/xarm_planner/share/xarm_planner/package.sh'
[3.288s] INFO:colcon.colcon_core.shell:Creating package script '/home/mk/dev_ws/install/xarm_planner/share/xarm_planner/package.bash'
[3.288s] INFO:colcon.colcon_core.shell:Creating package script '/home/mk/dev_ws/install/xarm_planner/share/xarm_planner/package.zsh'
[3.288s] Level 1:colcon.colcon_core.environment:create_file_with_runtime_dependencies(/home/mk/dev_ws/install/xarm_planner/share/colcon-core/packages/xarm_planner)
[3.288s] Level 1:colcon.colcon_core.environment:create_environment_scripts_only(xarm_planner)
[3.288s] Level 1:colcon.colcon_core.environment:checking '/home/mk/dev_ws/install/xarm_planner' for CMake module files
[3.289s] Level 1:colcon.colcon_core.environment:checking '/home/mk/dev_ws/install/xarm_planner' for CMake config files
[3.289s] Level 1:colcon.colcon_core.shell:create_environment_hook('xarm_planner', 'cmake_prefix_path')
[3.289s] INFO:colcon.colcon_core.shell:Creating environment hook '/home/mk/dev_ws/install/xarm_planner/share/xarm_planner/hook/cmake_prefix_path.ps1'
[3.289s] INFO:colcon.colcon_core.shell:Creating environment descriptor '/home/mk/dev_ws/install/xarm_planner/share/xarm_planner/hook/cmake_prefix_path.dsv'
[3.289s] INFO:colcon.colcon_core.shell:Creating environment hook '/home/mk/dev_ws/install/xarm_planner/share/xarm_planner/hook/cmake_prefix_path.sh'
[3.289s] Level 1:colcon.colcon_core.environment:checking '/home/mk/dev_ws/install/xarm_planner/lib'
[3.289s] Level 1:colcon.colcon_core.shell:create_environment_hook('xarm_planner', 'ld_library_path_lib')
[3.290s] INFO:colcon.colcon_core.shell:Creating environment hook '/home/mk/dev_ws/install/xarm_planner/share/xarm_planner/hook/ld_library_path_lib.ps1'
[3.290s] INFO:colcon.colcon_core.shell:Creating environment descriptor '/home/mk/dev_ws/install/xarm_planner/share/xarm_planner/hook/ld_library_path_lib.dsv'
[3.290s] INFO:colcon.colcon_core.shell:Creating environment hook '/home/mk/dev_ws/install/xarm_planner/share/xarm_planner/hook/ld_library_path_lib.sh'
[3.290s] Level 1:colcon.colcon_core.environment:checking '/home/mk/dev_ws/install/xarm_planner/bin'
[3.290s] Level 1:colcon.colcon_core.environment:checking '/home/mk/dev_ws/install/xarm_planner/lib/pkgconfig/xarm_planner.pc'
[3.290s] Level 1:colcon.colcon_core.environment:checking '/home/mk/dev_ws/install/xarm_planner/lib/python3.10/site-packages'
[3.290s] Level 1:colcon.colcon_core.environment:checking '/home/mk/dev_ws/install/xarm_planner/bin'
[3.290s] INFO:colcon.colcon_core.shell:Creating package script '/home/mk/dev_ws/install/xarm_planner/share/xarm_planner/package.ps1'
[3.291s] INFO:colcon.colcon_core.shell:Creating package descriptor '/home/mk/dev_ws/install/xarm_planner/share/xarm_planner/package.dsv'
[3.291s] INFO:colcon.colcon_core.shell:Creating package script '/home/mk/dev_ws/install/xarm_planner/share/xarm_planner/package.sh'
[3.291s] INFO:colcon.colcon_core.shell:Creating package script '/home/mk/dev_ws/install/xarm_planner/share/xarm_planner/package.bash'
[3.291s] INFO:colcon.colcon_core.shell:Creating package script '/home/mk/dev_ws/install/xarm_planner/share/xarm_planner/package.zsh'
[3.292s] Level 1:colcon.colcon_core.environment:create_file_with_runtime_dependencies(/home/mk/dev_ws/install/xarm_planner/share/colcon-core/packages/xarm_planner)
[3.406s] DEBUG:colcon.colcon_core.event_handler.log_command:Invoking command in '/home/mk/dev_ws/build/whisper_demos': AMENT_PREFIX_PATH=/home/mk/dev_ws/install/audio_listener:/home/mk/dev_ws/install/zed_ros2:/home/mk/dev_ws/install/zed_wrapper:/home/mk/dev_ws/install/zed_components:/home/mk/dev_ws/install/zed_interfaces:/home/mk/dev_ws/install/yolo_object_detector:/home/mk/dev_ws/install/xarm_planner:/home/mk/dev_ws/install/xarm_moveit_servo:/home/mk/dev_ws/install/xarm_moveit_config:/home/mk/dev_ws/install/xarm_gazebo:/home/mk/dev_ws/install/xarm_controller:/home/mk/dev_ws/install/xarm_api:/home/mk/dev_ws/install/xarm_sdk:/home/mk/dev_ws/install/rviz_robot_control_panel:/home/mk/dev_ws/install/move_to_coordinator:/home/mk/dev_ws/install/motion_sequence:/home/mk/dev_ws/install/xarm_msgs:/home/mk/dev_ws/install/xarm_description:/home/mk/dev_ws/install/whisper_demos:/home/mk/dev_ws/install/whisper_bringup:/home/mk/dev_ws/install/whisper_server:/home/mk/dev_ws/install/transcript_manager:/home/mk/dev_ws/install/whisper_util:/home/mk/dev_ws/install/voice_command_listener:/home/mk/dev_ws/install/whisper_idl:/home/mk/dev_ws/install/whisper_cpp_vendor:/home/mk/dev_ws/install/uf_ros_lib:/home/mk/dev_ws/install/rviz_servo_status_overlay:/home/mk/dev_ws/install/rviz_marker_static_scene_objects:/home/mk/dev_ws/install/robot_motion_handler_movegroup:/home/mk/dev_ws/install/realsense_gazebo_plugin:/home/mk/dev_ws/install/my_3d_vision_bringup:/home/mk/dev_ws/install/mbot_demo:/home/mk/dev_ws/install/gaze_control:/home/mk/dev_ws/install/collision_check:/opt/ros/humble CMAKE_PREFIX_PATH=/home/mk/dev_ws/install/whisper_server:/home/mk/dev_ws/install/whisper_util:/home/mk/dev_ws/install/whisper_idl:/home/mk/dev_ws/install/whisper_cpp_vendor:/home/mk/dev_ws/install/zed_ros2:/home/mk/dev_ws/install/zed_wrapper:/home/mk/dev_ws/install/zed_components:/home/mk/dev_ws/install/zed_interfaces:/home/mk/dev_ws/install/xarm_planner:/home/mk/dev_ws/install/xarm_moveit_servo:/home/mk/dev_ws/install/xarm_moveit_config:/home/mk/dev_ws/install/xarm_gazebo:/home/mk/dev_ws/install/xarm_controller:/home/mk/dev_ws/install/xarm_api:/home/mk/dev_ws/install/xarm_sdk:/home/mk/dev_ws/install/rviz_robot_control_panel:/home/mk/dev_ws/install/xarm_msgs:/home/mk/dev_ws/install/xarm_description:/home/mk/dev_ws/install/whisper_bringup:/home/mk/dev_ws/install/transcript_manager:/home/mk/dev_ws/install/realsense_gazebo_plugin:/home/mk/dev_ws/install/my_3d_vision_bringup:/home/mk/dev_ws/install/mbot_demo LD_LIBRARY_PATH=/home/mk/dev_ws/install/whisper_server/lib:/home/mk/dev_ws/install/whisper_util/lib:/home/mk/dev_ws/install/whisper_idl/lib:/home/mk/dev_ws/install/whisper_cpp_vendor/lib:/usr/local/cuda-12.1/lib64:/home/mk/dev_ws/install/zed_components/lib:/home/mk/dev_ws/install/zed_interfaces/lib:/home/mk/dev_ws/install/xarm_planner/lib:/home/mk/dev_ws/install/xarm_moveit_servo/lib:/home/mk/dev_ws/install/xarm_gazebo/lib:/home/mk/dev_ws/install/xarm_controller/lib:/home/mk/dev_ws/install/xarm_api/lib:/home/mk/dev_ws/install/xarm_sdk/lib:/home/mk/dev_ws/install/rviz_robot_control_panel/lib:/home/mk/dev_ws/install/xarm_msgs/lib:/home/mk/dev_ws/install/transcript_manager/lib:/home/mk/dev_ws/install/realsense_gazebo_plugin/lib:/home/mk/dev_ws/install/my_3d_vision_bringup/lib:/usr/lib/x86_64-linux-gnu/gazebo-11/plugins:/opt/ros/humble/opt/rviz_ogre_vendor/lib:/opt/ros/humble/lib/x86_64-linux-gnu:/opt/ros/humble/lib PYTHONPATH=/home/mk/dev_ws/build/whisper_demos/prefix_override:/usr/lib/python3/dist-packages/colcon_core/task/python/colcon_distutils_commands:/home/mk/dev_ws/install/whisper_demos/lib/python3.10/site-packages:/home/mk/dev_ws/build/audio_listener:/home/mk/dev_ws/install/audio_listener/lib/python3.10/site-packages:/home/mk/dev_ws/install/zed_interfaces/local/lib/python3.10/dist-packages:/home/mk/dev_ws/build/yolo_object_detector:/home/mk/dev_ws/install/yolo_object_detector/lib/python3.10/site-packages:/home/mk/dev_ws/build/move_to_coordinator:/home/mk/dev_ws/install/move_to_coordinator/lib/python3.10/site-packages:/home/mk/dev_ws/build/motion_sequence:/home/mk/dev_ws/install/motion_sequence/lib/python3.10/site-packages:/home/mk/dev_ws/install/xarm_msgs/local/lib/python3.10/dist-packages:/home/mk/dev_ws/build/whisper_demos:/home/mk/dev_ws/install/whisper_demos/lib/python3.10/site-packages:/home/mk/dev_ws/build/voice_command_listener:/home/mk/dev_ws/install/voice_command_listener/lib/python3.10/site-packages:/home/mk/dev_ws/install/whisper_idl/local/lib/python3.10/dist-packages:/home/mk/dev_ws/build/uf_ros_lib:/home/mk/dev_ws/install/uf_ros_lib/lib/python3.10/site-packages:/home/mk/dev_ws/build/rviz_servo_status_overlay:/home/mk/dev_ws/install/rviz_servo_status_overlay/lib/python3.10/site-packages:/home/mk/dev_ws/build/rviz_marker_static_scene_objects:/home/mk/dev_ws/install/rviz_marker_static_scene_objects/lib/python3.10/site-packages:/home/mk/dev_ws/build/robot_motion_handler_movegroup:/home/mk/dev_ws/install/robot_motion_handler_movegroup/lib/python3.10/site-packages:/home/mk/dev_ws/install/my_3d_vision_bringup/local/lib/python3.10/dist-packages:/home/mk/dev_ws/build/gaze_control:/home/mk/dev_ws/install/gaze_control/lib/python3.10/site-packages:/home/mk/dev_ws/build/collision_check:/home/mk/dev_ws/install/collision_check/lib/python3.10/site-packages:/opt/ros/humble/lib/python3.10/site-packages:/opt/ros/humble/local/lib/python3.10/dist-packages /usr/bin/python3 -W ignore:setup.py install is deprecated -W ignore:easy_install command is deprecated setup.py develop --editable --build-directory /home/mk/dev_ws/build/whisper_demos/build --no-deps symlink_data
[3.691s] Level 1:colcon.colcon_core.shell:create_environment_hook('whisper_demos', 'pythonpath_develop')
[3.691s] INFO:colcon.colcon_core.shell:Creating environment hook '/home/mk/dev_ws/build/whisper_demos/share/whisper_demos/hook/pythonpath_develop.ps1'
[3.691s] DEBUG:colcon.colcon_core.event_handler.log_command:Invoked command in '/home/mk/dev_ws/build/whisper_demos' returned '0': AMENT_PREFIX_PATH=/home/mk/dev_ws/install/audio_listener:/home/mk/dev_ws/install/zed_ros2:/home/mk/dev_ws/install/zed_wrapper:/home/mk/dev_ws/install/zed_components:/home/mk/dev_ws/install/zed_interfaces:/home/mk/dev_ws/install/yolo_object_detector:/home/mk/dev_ws/install/xarm_planner:/home/mk/dev_ws/install/xarm_moveit_servo:/home/mk/dev_ws/install/xarm_moveit_config:/home/mk/dev_ws/install/xarm_gazebo:/home/mk/dev_ws/install/xarm_controller:/home/mk/dev_ws/install/xarm_api:/home/mk/dev_ws/install/xarm_sdk:/home/mk/dev_ws/install/rviz_robot_control_panel:/home/mk/dev_ws/install/move_to_coordinator:/home/mk/dev_ws/install/motion_sequence:/home/mk/dev_ws/install/xarm_msgs:/home/mk/dev_ws/install/xarm_description:/home/mk/dev_ws/install/whisper_demos:/home/mk/dev_ws/install/whisper_bringup:/home/mk/dev_ws/install/whisper_server:/home/mk/dev_ws/install/transcript_manager:/home/mk/dev_ws/install/whisper_util:/home/mk/dev_ws/install/voice_command_listener:/home/mk/dev_ws/install/whisper_idl:/home/mk/dev_ws/install/whisper_cpp_vendor:/home/mk/dev_ws/install/uf_ros_lib:/home/mk/dev_ws/install/rviz_servo_status_overlay:/home/mk/dev_ws/install/rviz_marker_static_scene_objects:/home/mk/dev_ws/install/robot_motion_handler_movegroup:/home/mk/dev_ws/install/realsense_gazebo_plugin:/home/mk/dev_ws/install/my_3d_vision_bringup:/home/mk/dev_ws/install/mbot_demo:/home/mk/dev_ws/install/gaze_control:/home/mk/dev_ws/install/collision_check:/opt/ros/humble CMAKE_PREFIX_PATH=/home/mk/dev_ws/install/whisper_server:/home/mk/dev_ws/install/whisper_util:/home/mk/dev_ws/install/whisper_idl:/home/mk/dev_ws/install/whisper_cpp_vendor:/home/mk/dev_ws/install/zed_ros2:/home/mk/dev_ws/install/zed_wrapper:/home/mk/dev_ws/install/zed_components:/home/mk/dev_ws/install/zed_interfaces:/home/mk/dev_ws/install/xarm_planner:/home/mk/dev_ws/install/xarm_moveit_servo:/home/mk/dev_ws/install/xarm_moveit_config:/home/mk/dev_ws/install/xarm_gazebo:/home/mk/dev_ws/install/xarm_controller:/home/mk/dev_ws/install/xarm_api:/home/mk/dev_ws/install/xarm_sdk:/home/mk/dev_ws/install/rviz_robot_control_panel:/home/mk/dev_ws/install/xarm_msgs:/home/mk/dev_ws/install/xarm_description:/home/mk/dev_ws/install/whisper_bringup:/home/mk/dev_ws/install/transcript_manager:/home/mk/dev_ws/install/realsense_gazebo_plugin:/home/mk/dev_ws/install/my_3d_vision_bringup:/home/mk/dev_ws/install/mbot_demo LD_LIBRARY_PATH=/home/mk/dev_ws/install/whisper_server/lib:/home/mk/dev_ws/install/whisper_util/lib:/home/mk/dev_ws/install/whisper_idl/lib:/home/mk/dev_ws/install/whisper_cpp_vendor/lib:/usr/local/cuda-12.1/lib64:/home/mk/dev_ws/install/zed_components/lib:/home/mk/dev_ws/install/zed_interfaces/lib:/home/mk/dev_ws/install/xarm_planner/lib:/home/mk/dev_ws/install/xarm_moveit_servo/lib:/home/mk/dev_ws/install/xarm_gazebo/lib:/home/mk/dev_ws/install/xarm_controller/lib:/home/mk/dev_ws/install/xarm_api/lib:/home/mk/dev_ws/install/xarm_sdk/lib:/home/mk/dev_ws/install/rviz_robot_control_panel/lib:/home/mk/dev_ws/install/xarm_msgs/lib:/home/mk/dev_ws/install/transcript_manager/lib:/home/mk/dev_ws/install/realsense_gazebo_plugin/lib:/home/mk/dev_ws/install/my_3d_vision_bringup/lib:/usr/lib/x86_64-linux-gnu/gazebo-11/plugins:/opt/ros/humble/opt/rviz_ogre_vendor/lib:/opt/ros/humble/lib/x86_64-linux-gnu:/opt/ros/humble/lib PYTHONPATH=/home/mk/dev_ws/build/whisper_demos/prefix_override:/usr/lib/python3/dist-packages/colcon_core/task/python/colcon_distutils_commands:/home/mk/dev_ws/install/whisper_demos/lib/python3.10/site-packages:/home/mk/dev_ws/build/audio_listener:/home/mk/dev_ws/install/audio_listener/lib/python3.10/site-packages:/home/mk/dev_ws/install/zed_interfaces/local/lib/python3.10/dist-packages:/home/mk/dev_ws/build/yolo_object_detector:/home/mk/dev_ws/install/yolo_object_detector/lib/python3.10/site-packages:/home/mk/dev_ws/build/move_to_coordinator:/home/mk/dev_ws/install/move_to_coordinator/lib/python3.10/site-packages:/home/mk/dev_ws/build/motion_sequence:/home/mk/dev_ws/install/motion_sequence/lib/python3.10/site-packages:/home/mk/dev_ws/install/xarm_msgs/local/lib/python3.10/dist-packages:/home/mk/dev_ws/build/whisper_demos:/home/mk/dev_ws/install/whisper_demos/lib/python3.10/site-packages:/home/mk/dev_ws/build/voice_command_listener:/home/mk/dev_ws/install/voice_command_listener/lib/python3.10/site-packages:/home/mk/dev_ws/install/whisper_idl/local/lib/python3.10/dist-packages:/home/mk/dev_ws/build/uf_ros_lib:/home/mk/dev_ws/install/uf_ros_lib/lib/python3.10/site-packages:/home/mk/dev_ws/build/rviz_servo_status_overlay:/home/mk/dev_ws/install/rviz_servo_status_overlay/lib/python3.10/site-packages:/home/mk/dev_ws/build/rviz_marker_static_scene_objects:/home/mk/dev_ws/install/rviz_marker_static_scene_objects/lib/python3.10/site-packages:/home/mk/dev_ws/build/robot_motion_handler_movegroup:/home/mk/dev_ws/install/robot_motion_handler_movegroup/lib/python3.10/site-packages:/home/mk/dev_ws/install/my_3d_vision_bringup/local/lib/python3.10/dist-packages:/home/mk/dev_ws/build/gaze_control:/home/mk/dev_ws/install/gaze_control/lib/python3.10/site-packages:/home/mk/dev_ws/build/collision_check:/home/mk/dev_ws/install/collision_check/lib/python3.10/site-packages:/opt/ros/humble/lib/python3.10/site-packages:/opt/ros/humble/local/lib/python3.10/dist-packages /usr/bin/python3 -W ignore:setup.py install is deprecated -W ignore:easy_install command is deprecated setup.py develop --editable --build-directory /home/mk/dev_ws/build/whisper_demos/build --no-deps symlink_data
[3.691s] INFO:colcon.colcon_core.shell:Creating environment descriptor '/home/mk/dev_ws/build/whisper_demos/share/whisper_demos/hook/pythonpath_develop.dsv'
[3.692s] INFO:colcon.colcon_core.shell:Creating environment hook '/home/mk/dev_ws/build/whisper_demos/share/whisper_demos/hook/pythonpath_develop.sh'
[3.692s] Level 1:colcon.colcon_core.environment:checking '/home/mk/dev_ws/install/whisper_demos' for CMake module files
[3.692s] Level 1:colcon.colcon_core.environment:checking '/home/mk/dev_ws/install/whisper_demos' for CMake config files
[3.692s] Level 1:colcon.colcon_core.environment:checking '/home/mk/dev_ws/install/whisper_demos/lib'
[3.692s] Level 1:colcon.colcon_core.environment:checking '/home/mk/dev_ws/install/whisper_demos/bin'
[3.692s] Level 1:colcon.colcon_core.environment:checking '/home/mk/dev_ws/install/whisper_demos/lib/pkgconfig/whisper_demos.pc'
[3.693s] Level 1:colcon.colcon_core.environment:checking '/home/mk/dev_ws/install/whisper_demos/lib/python3.10/site-packages'
[3.693s] Level 1:colcon.colcon_core.shell:create_environment_hook('whisper_demos', 'pythonpath')
[3.693s] INFO:colcon.colcon_core.shell:Creating environment hook '/home/mk/dev_ws/install/whisper_demos/share/whisper_demos/hook/pythonpath.ps1'
[3.693s] INFO:colcon.colcon_core.shell:Creating environment descriptor '/home/mk/dev_ws/install/whisper_demos/share/whisper_demos/hook/pythonpath.dsv'
[3.693s] INFO:colcon.colcon_core.shell:Creating environment hook '/home/mk/dev_ws/install/whisper_demos/share/whisper_demos/hook/pythonpath.sh'
[3.693s] Level 1:colcon.colcon_core.environment:checking '/home/mk/dev_ws/install/whisper_demos/bin'
[3.693s] Level 1:colcon.colcon_core.environment:create_environment_scripts_only(whisper_demos)
[3.694s] INFO:colcon.colcon_core.shell:Creating package script '/home/mk/dev_ws/install/whisper_demos/share/whisper_demos/package.ps1'
[3.694s] INFO:colcon.colcon_core.shell:Creating package descriptor '/home/mk/dev_ws/install/whisper_demos/share/whisper_demos/package.dsv'
[3.694s] INFO:colcon.colcon_core.shell:Creating package script '/home/mk/dev_ws/install/whisper_demos/share/whisper_demos/package.sh'
[3.694s] INFO:colcon.colcon_core.shell:Creating package script '/home/mk/dev_ws/install/whisper_demos/share/whisper_demos/package.bash'
[3.695s] INFO:colcon.colcon_core.shell:Creating package script '/home/mk/dev_ws/install/whisper_demos/share/whisper_demos/package.zsh'
[3.695s] Level 1:colcon.colcon_core.environment:create_file_with_runtime_dependencies(/home/mk/dev_ws/install/whisper_demos/share/colcon-core/packages/whisper_demos)
[3.695s] DEBUG:colcon.colcon_parallel_executor.executor.parallel:closing loop
[3.695s] DEBUG:colcon.colcon_parallel_executor.executor.parallel:loop closed
[3.695s] DEBUG:colcon.colcon_parallel_executor.executor.parallel:run_until_complete finished with '0'
[3.695s] DEBUG:colcon.colcon_core.event_reactor:joining thread
[3.699s] INFO:colcon.colcon_core.plugin_system:Skipping extension 'colcon_notification.desktop_notification.terminal_notifier': Not used on non-Darwin systems
[3.699s] INFO:colcon.colcon_core.plugin_system:Skipping extension 'colcon_notification.desktop_notification.win32': Not used on non-Windows systems
[3.699s] INFO:colcon.colcon_notification.desktop_notification:Sending desktop notification using 'notify2'
[3.703s] DEBUG:colcon.colcon_core.event_reactor:joined thread
[3.703s] INFO:colcon.colcon_core.shell:Creating prefix script '/home/mk/dev_ws/install/local_setup.ps1'
[3.703s] INFO:colcon.colcon_core.shell:Creating prefix util module '/home/mk/dev_ws/install/_local_setup_util_ps1.py'
[3.704s] INFO:colcon.colcon_core.shell:Creating prefix chain script '/home/mk/dev_ws/install/setup.ps1'
[3.705s] INFO:colcon.colcon_core.shell:Creating prefix script '/home/mk/dev_ws/install/local_setup.sh'
[3.705s] INFO:colcon.colcon_core.shell:Creating prefix util module '/home/mk/dev_ws/install/_local_setup_util_sh.py'
[3.706s] INFO:colcon.colcon_core.shell:Creating prefix chain script '/home/mk/dev_ws/install/setup.sh'
[3.706s] INFO:colcon.colcon_core.shell:Creating prefix script '/home/mk/dev_ws/install/local_setup.bash'
[3.707s] INFO:colcon.colcon_core.shell:Creating prefix chain script '/home/mk/dev_ws/install/setup.bash'
[3.708s] INFO:colcon.colcon_core.shell:Creating prefix script '/home/mk/dev_ws/install/local_setup.zsh'
[3.708s] INFO:colcon.colcon_core.shell:Creating prefix chain script '/home/mk/dev_ws/install/setup.zsh'
