[0.070s] DEBUG:colcon:Command line arguments: ['/usr/bin/colcon', 'build', '--packages-up-to', 'rviz_robot_control_panel', 'xarm_moveit_servo']
[0.070s] DEBUG:colcon:Parsed command line arguments: Namespace(log_base=None, log_level=None, verb_name='build', build_base='build', install_base='install', merge_install=False, symlink_install=False, test_result_base=None, continue_on_error=False, executor='parallel', parallel_workers=16, event_handlers=None, ignore_user_meta=False, metas=['./colcon.meta'], base_paths=['.'], packages_ignore=None, packages_ignore_regex=None, paths=None, packages_up_to=['rviz_robot_control_panel', 'xarm_moveit_servo'], packages_up_to_regex=None, packages_above=None, packages_above_and_dependencies=None, packages_above_depth=None, packages_select_by_dep=None, packages_skip_by_dep=None, packages_skip_up_to=None, packages_select_build_failed=False, packages_skip_build_finished=False, packages_select_test_failures=False, packages_skip_test_passed=False, packages_select=None, packages_skip=None, packages_select_regex=None, packages_skip_regex=None, packages_start=None, packages_end=None, allow_overriding=[], cmake_args=None, cmake_target=None, cmake_target_skip_unavailable=False, cmake_clean_cache=False, cmake_clean_first=False, cmake_force_configure=False, ament_cmake_args=None, catkin_cmake_args=None, catkin_skip_building_tests=False, mixin_files=None, mixin=None, verb_parser=<colcon_mixin.mixin.mixin_argument.MixinArgumentDecorator object at 0x7b3ac8887670>, verb_extension=<colcon_core.verb.build.BuildVerb object at 0x7b3ac8886fe0>, main=<bound method BuildVerb.main of <colcon_core.verb.build.BuildVerb object at 0x7b3ac8886fe0>>, mixin_verb=('build',))
[0.181s] Level 1:colcon.colcon_core.package_discovery:discover_packages(colcon_meta) check parameters
[0.181s] Level 1:colcon.colcon_core.package_discovery:discover_packages(recursive) check parameters
[0.181s] Level 1:colcon.colcon_core.package_discovery:discover_packages(ignore) check parameters
[0.181s] Level 1:colcon.colcon_core.package_discovery:discover_packages(path) check parameters
[0.181s] Level 1:colcon.colcon_core.package_discovery:discover_packages(colcon_meta) discover
[0.181s] Level 1:colcon.colcon_core.package_discovery:discover_packages(recursive) discover
[0.181s] INFO:colcon.colcon_core.package_discovery:Crawling recursively for packages in '/home/mk/dev_ws'
[0.181s] Level 1:colcon.colcon_core.package_identification:_identify(.) by extensions ['ignore', 'ignore_ament_install']
[0.182s] Level 1:colcon.colcon_core.package_identification:_identify(.) by extension 'ignore'
[0.182s] Level 1:colcon.colcon_core.package_identification:_identify(.) by extension 'ignore_ament_install'
[0.182s] Level 1:colcon.colcon_core.package_identification:_identify(.) by extensions ['colcon_pkg']
[0.182s] Level 1:colcon.colcon_core.package_identification:_identify(.) by extension 'colcon_pkg'
[0.182s] Level 1:colcon.colcon_core.package_identification:_identify(.) by extensions ['colcon_meta']
[0.182s] Level 1:colcon.colcon_core.package_identification:_identify(.) by extension 'colcon_meta'
[0.182s] Level 1:colcon.colcon_core.package_identification:_identify(.) by extensions ['ros']
[0.182s] Level 1:colcon.colcon_core.package_identification:_identify(.) by extension 'ros'
[0.206s] Level 1:colcon.colcon_core.package_identification:_identify(.) by extensions ['cmake', 'python']
[0.206s] Level 1:colcon.colcon_core.package_identification:_identify(.) by extension 'cmake'
[0.206s] Level 1:colcon.colcon_core.package_identification:_identify(.) by extension 'python'
[0.206s] Level 1:colcon.colcon_core.package_identification:_identify(.) by extensions ['python_setup_py']
[0.206s] Level 1:colcon.colcon_core.package_identification:_identify(.) by extension 'python_setup_py'
[0.206s] Level 1:colcon.colcon_core.package_identification:_identify(_imgs) by extensions ['ignore', 'ignore_ament_install']
[0.206s] Level 1:colcon.colcon_core.package_identification:_identify(_imgs) by extension 'ignore'
[0.206s] Level 1:colcon.colcon_core.package_identification:_identify(_imgs) by extension 'ignore_ament_install'
[0.206s] Level 1:colcon.colcon_core.package_identification:_identify(_imgs) by extensions ['colcon_pkg']
[0.206s] Level 1:colcon.colcon_core.package_identification:_identify(_imgs) by extension 'colcon_pkg'
[0.206s] Level 1:colcon.colcon_core.package_identification:_identify(_imgs) by extensions ['colcon_meta']
[0.206s] Level 1:colcon.colcon_core.package_identification:_identify(_imgs) by extension 'colcon_meta'
[0.206s] Level 1:colcon.colcon_core.package_identification:_identify(_imgs) by extensions ['ros']
[0.206s] Level 1:colcon.colcon_core.package_identification:_identify(_imgs) by extension 'ros'
[0.206s] Level 1:colcon.colcon_core.package_identification:_identify(_imgs) by extensions ['cmake', 'python']
[0.206s] Level 1:colcon.colcon_core.package_identification:_identify(_imgs) by extension 'cmake'
[0.206s] Level 1:colcon.colcon_core.package_identification:_identify(_imgs) by extension 'python'
[0.206s] Level 1:colcon.colcon_core.package_identification:_identify(_imgs) by extensions ['python_setup_py']
[0.206s] Level 1:colcon.colcon_core.package_identification:_identify(_imgs) by extension 'python_setup_py'
[0.206s] Level 1:colcon.colcon_core.package_identification:_identify(_sh) by extensions ['ignore', 'ignore_ament_install']
[0.206s] Level 1:colcon.colcon_core.package_identification:_identify(_sh) by extension 'ignore'
[0.206s] Level 1:colcon.colcon_core.package_identification:_identify(_sh) by extension 'ignore_ament_install'
[0.206s] Level 1:colcon.colcon_core.package_identification:_identify(_sh) by extensions ['colcon_pkg']
[0.206s] Level 1:colcon.colcon_core.package_identification:_identify(_sh) by extension 'colcon_pkg'
[0.206s] Level 1:colcon.colcon_core.package_identification:_identify(_sh) by extensions ['colcon_meta']
[0.206s] Level 1:colcon.colcon_core.package_identification:_identify(_sh) by extension 'colcon_meta'
[0.206s] Level 1:colcon.colcon_core.package_identification:_identify(_sh) by extensions ['ros']
[0.206s] Level 1:colcon.colcon_core.package_identification:_identify(_sh) by extension 'ros'
[0.206s] Level 1:colcon.colcon_core.package_identification:_identify(_sh) by extensions ['cmake', 'python']
[0.206s] Level 1:colcon.colcon_core.package_identification:_identify(_sh) by extension 'cmake'
[0.206s] Level 1:colcon.colcon_core.package_identification:_identify(_sh) by extension 'python'
[0.206s] Level 1:colcon.colcon_core.package_identification:_identify(_sh) by extensions ['python_setup_py']
[0.206s] Level 1:colcon.colcon_core.package_identification:_identify(_sh) by extension 'python_setup_py'
[0.206s] Level 1:colcon.colcon_core.package_identification:_identify(build) by extensions ['ignore', 'ignore_ament_install']
[0.206s] Level 1:colcon.colcon_core.package_identification:_identify(build) by extension 'ignore'
[0.207s] Level 1:colcon.colcon_core.package_identification:_identify(build) ignored
[0.207s] Level 1:colcon.colcon_core.package_identification:_identify(install) by extensions ['ignore', 'ignore_ament_install']
[0.207s] Level 1:colcon.colcon_core.package_identification:_identify(install) by extension 'ignore'
[0.207s] Level 1:colcon.colcon_core.package_identification:_identify(install) ignored
[0.207s] Level 1:colcon.colcon_core.package_identification:_identify(log) by extensions ['ignore', 'ignore_ament_install']
[0.207s] Level 1:colcon.colcon_core.package_identification:_identify(log) by extension 'ignore'
[0.207s] Level 1:colcon.colcon_core.package_identification:_identify(log) ignored
[0.207s] Level 1:colcon.colcon_core.package_identification:_identify(ros2_nexus) by extensions ['ignore', 'ignore_ament_install']
[0.207s] Level 1:colcon.colcon_core.package_identification:_identify(ros2_nexus) by extension 'ignore'
[0.207s] Level 1:colcon.colcon_core.package_identification:_identify(ros2_nexus) by extension 'ignore_ament_install'
[0.207s] Level 1:colcon.colcon_core.package_identification:_identify(ros2_nexus) by extensions ['colcon_pkg']
[0.207s] Level 1:colcon.colcon_core.package_identification:_identify(ros2_nexus) by extension 'colcon_pkg'
[0.207s] Level 1:colcon.colcon_core.package_identification:_identify(ros2_nexus) by extensions ['colcon_meta']
[0.207s] Level 1:colcon.colcon_core.package_identification:_identify(ros2_nexus) by extension 'colcon_meta'
[0.207s] Level 1:colcon.colcon_core.package_identification:_identify(ros2_nexus) by extensions ['ros']
[0.207s] Level 1:colcon.colcon_core.package_identification:_identify(ros2_nexus) by extension 'ros'
[0.207s] Level 1:colcon.colcon_core.package_identification:_identify(ros2_nexus) by extensions ['cmake', 'python']
[0.207s] Level 1:colcon.colcon_core.package_identification:_identify(ros2_nexus) by extension 'cmake'
[0.207s] Level 1:colcon.colcon_core.package_identification:_identify(ros2_nexus) by extension 'python'
[0.207s] Level 1:colcon.colcon_core.package_identification:_identify(ros2_nexus) by extensions ['python_setup_py']
[0.207s] Level 1:colcon.colcon_core.package_identification:_identify(ros2_nexus) by extension 'python_setup_py'
[0.207s] Level 1:colcon.colcon_core.package_identification:_identify(ros2_nexus/__pycache__) by extensions ['ignore', 'ignore_ament_install']
[0.207s] Level 1:colcon.colcon_core.package_identification:_identify(ros2_nexus/__pycache__) by extension 'ignore'
[0.207s] Level 1:colcon.colcon_core.package_identification:_identify(ros2_nexus/__pycache__) by extension 'ignore_ament_install'
[0.207s] Level 1:colcon.colcon_core.package_identification:_identify(ros2_nexus/__pycache__) by extensions ['colcon_pkg']
[0.207s] Level 1:colcon.colcon_core.package_identification:_identify(ros2_nexus/__pycache__) by extension 'colcon_pkg'
[0.207s] Level 1:colcon.colcon_core.package_identification:_identify(ros2_nexus/__pycache__) by extensions ['colcon_meta']
[0.207s] Level 1:colcon.colcon_core.package_identification:_identify(ros2_nexus/__pycache__) by extension 'colcon_meta'
[0.207s] Level 1:colcon.colcon_core.package_identification:_identify(ros2_nexus/__pycache__) by extensions ['ros']
[0.207s] Level 1:colcon.colcon_core.package_identification:_identify(ros2_nexus/__pycache__) by extension 'ros'
[0.207s] Level 1:colcon.colcon_core.package_identification:_identify(ros2_nexus/__pycache__) by extensions ['cmake', 'python']
[0.207s] Level 1:colcon.colcon_core.package_identification:_identify(ros2_nexus/__pycache__) by extension 'cmake'
[0.207s] Level 1:colcon.colcon_core.package_identification:_identify(ros2_nexus/__pycache__) by extension 'python'
[0.207s] Level 1:colcon.colcon_core.package_identification:_identify(ros2_nexus/__pycache__) by extensions ['python_setup_py']
[0.207s] Level 1:colcon.colcon_core.package_identification:_identify(ros2_nexus/__pycache__) by extension 'python_setup_py'
[0.207s] Level 1:colcon.colcon_core.package_identification:_identify(src) by extensions ['ignore', 'ignore_ament_install']
[0.207s] Level 1:colcon.colcon_core.package_identification:_identify(src) by extension 'ignore'
[0.207s] Level 1:colcon.colcon_core.package_identification:_identify(src) by extension 'ignore_ament_install'
[0.207s] Level 1:colcon.colcon_core.package_identification:_identify(src) by extensions ['colcon_pkg']
[0.207s] Level 1:colcon.colcon_core.package_identification:_identify(src) by extension 'colcon_pkg'
[0.207s] Level 1:colcon.colcon_core.package_identification:_identify(src) by extensions ['colcon_meta']
[0.207s] Level 1:colcon.colcon_core.package_identification:_identify(src) by extension 'colcon_meta'
[0.208s] Level 1:colcon.colcon_core.package_identification:_identify(src) by extensions ['ros']
[0.208s] Level 1:colcon.colcon_core.package_identification:_identify(src) by extension 'ros'
[0.208s] Level 1:colcon.colcon_core.package_identification:_identify(src) by extensions ['cmake', 'python']
[0.208s] Level 1:colcon.colcon_core.package_identification:_identify(src) by extension 'cmake'
[0.208s] Level 1:colcon.colcon_core.package_identification:_identify(src) by extension 'python'
[0.208s] Level 1:colcon.colcon_core.package_identification:_identify(src) by extensions ['python_setup_py']
[0.208s] Level 1:colcon.colcon_core.package_identification:_identify(src) by extension 'python_setup_py'
[0.208s] Level 1:colcon.colcon_core.package_identification:_identify(src/collision_check) by extensions ['ignore', 'ignore_ament_install']
[0.208s] Level 1:colcon.colcon_core.package_identification:_identify(src/collision_check) by extension 'ignore'
[0.208s] Level 1:colcon.colcon_core.package_identification:_identify(src/collision_check) by extension 'ignore_ament_install'
[0.208s] Level 1:colcon.colcon_core.package_identification:_identify(src/collision_check) by extensions ['colcon_pkg']
[0.208s] Level 1:colcon.colcon_core.package_identification:_identify(src/collision_check) by extension 'colcon_pkg'
[0.208s] Level 1:colcon.colcon_core.package_identification:_identify(src/collision_check) by extensions ['colcon_meta']
[0.208s] Level 1:colcon.colcon_core.package_identification:_identify(src/collision_check) by extension 'colcon_meta'
[0.208s] Level 1:colcon.colcon_core.package_identification:_identify(src/collision_check) by extensions ['ros']
[0.208s] Level 1:colcon.colcon_core.package_identification:_identify(src/collision_check) by extension 'ros'
[0.209s] DEBUG:colcon.colcon_core.package_identification:Package 'src/collision_check' with type 'ros.ament_python' and name 'collision_check'
[0.209s] Level 1:colcon.colcon_core.package_identification:_identify(src/dashboard_monitoring) by extensions ['ignore', 'ignore_ament_install']
[0.209s] Level 1:colcon.colcon_core.package_identification:_identify(src/dashboard_monitoring) by extension 'ignore'
[0.209s] Level 1:colcon.colcon_core.package_identification:_identify(src/dashboard_monitoring) by extension 'ignore_ament_install'
[0.209s] Level 1:colcon.colcon_core.package_identification:_identify(src/dashboard_monitoring) by extensions ['colcon_pkg']
[0.209s] Level 1:colcon.colcon_core.package_identification:_identify(src/dashboard_monitoring) by extension 'colcon_pkg'
[0.209s] Level 1:colcon.colcon_core.package_identification:_identify(src/dashboard_monitoring) by extensions ['colcon_meta']
[0.209s] Level 1:colcon.colcon_core.package_identification:_identify(src/dashboard_monitoring) by extension 'colcon_meta'
[0.209s] Level 1:colcon.colcon_core.package_identification:_identify(src/dashboard_monitoring) by extensions ['ros']
[0.209s] Level 1:colcon.colcon_core.package_identification:_identify(src/dashboard_monitoring) by extension 'ros'
[0.210s] Level 1:colcon.colcon_core.package_identification:_identify(src/dashboard_monitoring) by extensions ['cmake', 'python']
[0.210s] Level 1:colcon.colcon_core.package_identification:_identify(src/dashboard_monitoring) by extension 'cmake'
[0.210s] Level 1:colcon.colcon_core.package_identification:_identify(src/dashboard_monitoring) by extension 'python'
[0.210s] Level 1:colcon.colcon_core.package_identification:_identify(src/dashboard_monitoring) by extensions ['python_setup_py']
[0.210s] Level 1:colcon.colcon_core.package_identification:_identify(src/dashboard_monitoring) by extension 'python_setup_py'
[0.210s] Level 1:colcon.colcon_core.package_identification:_identify(src/dashboard_monitoring/__pycache__) by extensions ['ignore', 'ignore_ament_install']
[0.210s] Level 1:colcon.colcon_core.package_identification:_identify(src/dashboard_monitoring/__pycache__) by extension 'ignore'
[0.210s] Level 1:colcon.colcon_core.package_identification:_identify(src/dashboard_monitoring/__pycache__) by extension 'ignore_ament_install'
[0.210s] Level 1:colcon.colcon_core.package_identification:_identify(src/dashboard_monitoring/__pycache__) by extensions ['colcon_pkg']
[0.210s] Level 1:colcon.colcon_core.package_identification:_identify(src/dashboard_monitoring/__pycache__) by extension 'colcon_pkg'
[0.210s] Level 1:colcon.colcon_core.package_identification:_identify(src/dashboard_monitoring/__pycache__) by extensions ['colcon_meta']
[0.210s] Level 1:colcon.colcon_core.package_identification:_identify(src/dashboard_monitoring/__pycache__) by extension 'colcon_meta'
[0.210s] Level 1:colcon.colcon_core.package_identification:_identify(src/dashboard_monitoring/__pycache__) by extensions ['ros']
[0.210s] Level 1:colcon.colcon_core.package_identification:_identify(src/dashboard_monitoring/__pycache__) by extension 'ros'
[0.210s] Level 1:colcon.colcon_core.package_identification:_identify(src/dashboard_monitoring/__pycache__) by extensions ['cmake', 'python']
[0.210s] Level 1:colcon.colcon_core.package_identification:_identify(src/dashboard_monitoring/__pycache__) by extension 'cmake'
[0.210s] Level 1:colcon.colcon_core.package_identification:_identify(src/dashboard_monitoring/__pycache__) by extension 'python'
[0.210s] Level 1:colcon.colcon_core.package_identification:_identify(src/dashboard_monitoring/__pycache__) by extensions ['python_setup_py']
[0.210s] Level 1:colcon.colcon_core.package_identification:_identify(src/dashboard_monitoring/__pycache__) by extension 'python_setup_py'
[0.210s] Level 1:colcon.colcon_core.package_identification:_identify(src/dashboard_monitoring/videos) by extensions ['ignore', 'ignore_ament_install']
[0.210s] Level 1:colcon.colcon_core.package_identification:_identify(src/dashboard_monitoring/videos) by extension 'ignore'
[0.210s] Level 1:colcon.colcon_core.package_identification:_identify(src/dashboard_monitoring/videos) by extension 'ignore_ament_install'
[0.210s] Level 1:colcon.colcon_core.package_identification:_identify(src/dashboard_monitoring/videos) by extensions ['colcon_pkg']
[0.210s] Level 1:colcon.colcon_core.package_identification:_identify(src/dashboard_monitoring/videos) by extension 'colcon_pkg'
[0.210s] Level 1:colcon.colcon_core.package_identification:_identify(src/dashboard_monitoring/videos) by extensions ['colcon_meta']
[0.210s] Level 1:colcon.colcon_core.package_identification:_identify(src/dashboard_monitoring/videos) by extension 'colcon_meta'
[0.210s] Level 1:colcon.colcon_core.package_identification:_identify(src/dashboard_monitoring/videos) by extensions ['ros']
[0.210s] Level 1:colcon.colcon_core.package_identification:_identify(src/dashboard_monitoring/videos) by extension 'ros'
[0.210s] Level 1:colcon.colcon_core.package_identification:_identify(src/dashboard_monitoring/videos) by extensions ['cmake', 'python']
[0.210s] Level 1:colcon.colcon_core.package_identification:_identify(src/dashboard_monitoring/videos) by extension 'cmake'
[0.210s] Level 1:colcon.colcon_core.package_identification:_identify(src/dashboard_monitoring/videos) by extension 'python'
[0.210s] Level 1:colcon.colcon_core.package_identification:_identify(src/dashboard_monitoring/videos) by extensions ['python_setup_py']
[0.210s] Level 1:colcon.colcon_core.package_identification:_identify(src/dashboard_monitoring/videos) by extension 'python_setup_py'
[0.210s] Level 1:colcon.colcon_core.package_identification:_identify(src/dashboard_monitoring/views) by extensions ['ignore', 'ignore_ament_install']
[0.210s] Level 1:colcon.colcon_core.package_identification:_identify(src/dashboard_monitoring/views) by extension 'ignore'
[0.210s] Level 1:colcon.colcon_core.package_identification:_identify(src/dashboard_monitoring/views) by extension 'ignore_ament_install'
[0.210s] Level 1:colcon.colcon_core.package_identification:_identify(src/dashboard_monitoring/views) by extensions ['colcon_pkg']
[0.210s] Level 1:colcon.colcon_core.package_identification:_identify(src/dashboard_monitoring/views) by extension 'colcon_pkg'
[0.210s] Level 1:colcon.colcon_core.package_identification:_identify(src/dashboard_monitoring/views) by extensions ['colcon_meta']
[0.210s] Level 1:colcon.colcon_core.package_identification:_identify(src/dashboard_monitoring/views) by extension 'colcon_meta'
[0.210s] Level 1:colcon.colcon_core.package_identification:_identify(src/dashboard_monitoring/views) by extensions ['ros']
[0.210s] Level 1:colcon.colcon_core.package_identification:_identify(src/dashboard_monitoring/views) by extension 'ros'
[0.210s] Level 1:colcon.colcon_core.package_identification:_identify(src/dashboard_monitoring/views) by extensions ['cmake', 'python']
[0.210s] Level 1:colcon.colcon_core.package_identification:_identify(src/dashboard_monitoring/views) by extension 'cmake'
[0.210s] Level 1:colcon.colcon_core.package_identification:_identify(src/dashboard_monitoring/views) by extension 'python'
[0.210s] Level 1:colcon.colcon_core.package_identification:_identify(src/dashboard_monitoring/views) by extensions ['python_setup_py']
[0.210s] Level 1:colcon.colcon_core.package_identification:_identify(src/dashboard_monitoring/views) by extension 'python_setup_py'
[0.211s] Level 1:colcon.colcon_core.package_identification:_identify(src/gaze_control) by extensions ['ignore', 'ignore_ament_install']
[0.211s] Level 1:colcon.colcon_core.package_identification:_identify(src/gaze_control) by extension 'ignore'
[0.211s] Level 1:colcon.colcon_core.package_identification:_identify(src/gaze_control) by extension 'ignore_ament_install'
[0.211s] Level 1:colcon.colcon_core.package_identification:_identify(src/gaze_control) by extensions ['colcon_pkg']
[0.211s] Level 1:colcon.colcon_core.package_identification:_identify(src/gaze_control) by extension 'colcon_pkg'
[0.211s] Level 1:colcon.colcon_core.package_identification:_identify(src/gaze_control) by extensions ['colcon_meta']
[0.211s] Level 1:colcon.colcon_core.package_identification:_identify(src/gaze_control) by extension 'colcon_meta'
[0.211s] Level 1:colcon.colcon_core.package_identification:_identify(src/gaze_control) by extensions ['ros']
[0.211s] Level 1:colcon.colcon_core.package_identification:_identify(src/gaze_control) by extension 'ros'
[0.211s] DEBUG:colcon.colcon_core.package_identification:Package 'src/gaze_control' with type 'ros.ament_python' and name 'gaze_control'
[0.211s] Level 1:colcon.colcon_core.package_identification:_identify(src/motion_sequence) by extensions ['ignore', 'ignore_ament_install']
[0.211s] Level 1:colcon.colcon_core.package_identification:_identify(src/motion_sequence) by extension 'ignore'
[0.211s] Level 1:colcon.colcon_core.package_identification:_identify(src/motion_sequence) by extension 'ignore_ament_install'
[0.211s] Level 1:colcon.colcon_core.package_identification:_identify(src/motion_sequence) by extensions ['colcon_pkg']
[0.211s] Level 1:colcon.colcon_core.package_identification:_identify(src/motion_sequence) by extension 'colcon_pkg'
[0.211s] Level 1:colcon.colcon_core.package_identification:_identify(src/motion_sequence) by extensions ['colcon_meta']
[0.211s] Level 1:colcon.colcon_core.package_identification:_identify(src/motion_sequence) by extension 'colcon_meta'
[0.211s] Level 1:colcon.colcon_core.package_identification:_identify(src/motion_sequence) by extensions ['ros']
[0.211s] Level 1:colcon.colcon_core.package_identification:_identify(src/motion_sequence) by extension 'ros'
[0.212s] DEBUG:colcon.colcon_core.package_identification:Package 'src/motion_sequence' with type 'ros.ament_python' and name 'motion_sequence'
[0.212s] Level 1:colcon.colcon_core.package_identification:_identify(src/move_to_coordinator) by extensions ['ignore', 'ignore_ament_install']
[0.212s] Level 1:colcon.colcon_core.package_identification:_identify(src/move_to_coordinator) by extension 'ignore'
[0.212s] Level 1:colcon.colcon_core.package_identification:_identify(src/move_to_coordinator) by extension 'ignore_ament_install'
[0.212s] Level 1:colcon.colcon_core.package_identification:_identify(src/move_to_coordinator) by extensions ['colcon_pkg']
[0.212s] Level 1:colcon.colcon_core.package_identification:_identify(src/move_to_coordinator) by extension 'colcon_pkg'
[0.212s] Level 1:colcon.colcon_core.package_identification:_identify(src/move_to_coordinator) by extensions ['colcon_meta']
[0.212s] Level 1:colcon.colcon_core.package_identification:_identify(src/move_to_coordinator) by extension 'colcon_meta'
[0.212s] Level 1:colcon.colcon_core.package_identification:_identify(src/move_to_coordinator) by extensions ['ros']
[0.212s] Level 1:colcon.colcon_core.package_identification:_identify(src/move_to_coordinator) by extension 'ros'
[0.212s] DEBUG:colcon.colcon_core.package_identification:Package 'src/move_to_coordinator' with type 'ros.ament_python' and name 'move_to_coordinator'
[0.213s] Level 1:colcon.colcon_core.package_identification:_identify(src/my_3d_vision_bringup) by extensions ['ignore', 'ignore_ament_install']
[0.213s] Level 1:colcon.colcon_core.package_identification:_identify(src/my_3d_vision_bringup) by extension 'ignore'
[0.213s] Level 1:colcon.colcon_core.package_identification:_identify(src/my_3d_vision_bringup) by extension 'ignore_ament_install'
[0.213s] Level 1:colcon.colcon_core.package_identification:_identify(src/my_3d_vision_bringup) by extensions ['colcon_pkg']
[0.213s] Level 1:colcon.colcon_core.package_identification:_identify(src/my_3d_vision_bringup) by extension 'colcon_pkg'
[0.213s] Level 1:colcon.colcon_core.package_identification:_identify(src/my_3d_vision_bringup) by extensions ['colcon_meta']
[0.213s] Level 1:colcon.colcon_core.package_identification:_identify(src/my_3d_vision_bringup) by extension 'colcon_meta'
[0.213s] Level 1:colcon.colcon_core.package_identification:_identify(src/my_3d_vision_bringup) by extensions ['ros']
[0.213s] Level 1:colcon.colcon_core.package_identification:_identify(src/my_3d_vision_bringup) by extension 'ros'
[0.213s] DEBUG:colcon.colcon_core.package_identification:Package 'src/my_3d_vision_bringup' with type 'ros.ament_cmake' and name 'my_3d_vision_bringup'
[0.213s] Level 1:colcon.colcon_core.package_identification:_identify(src/robot_control_web_ui) by extensions ['ignore', 'ignore_ament_install']
[0.213s] Level 1:colcon.colcon_core.package_identification:_identify(src/robot_control_web_ui) by extension 'ignore'
[0.213s] Level 1:colcon.colcon_core.package_identification:_identify(src/robot_control_web_ui) by extension 'ignore_ament_install'
[0.213s] Level 1:colcon.colcon_core.package_identification:_identify(src/robot_control_web_ui) by extensions ['colcon_pkg']
[0.213s] Level 1:colcon.colcon_core.package_identification:_identify(src/robot_control_web_ui) by extension 'colcon_pkg'
[0.213s] Level 1:colcon.colcon_core.package_identification:_identify(src/robot_control_web_ui) by extensions ['colcon_meta']
[0.213s] Level 1:colcon.colcon_core.package_identification:_identify(src/robot_control_web_ui) by extension 'colcon_meta'
[0.213s] Level 1:colcon.colcon_core.package_identification:_identify(src/robot_control_web_ui) by extensions ['ros']
[0.213s] Level 1:colcon.colcon_core.package_identification:_identify(src/robot_control_web_ui) by extension 'ros'
[0.213s] Level 1:colcon.colcon_core.package_identification:_identify(src/robot_control_web_ui) by extensions ['cmake', 'python']
[0.213s] Level 1:colcon.colcon_core.package_identification:_identify(src/robot_control_web_ui) by extension 'cmake'
[0.213s] Level 1:colcon.colcon_core.package_identification:_identify(src/robot_control_web_ui) by extension 'python'
[0.213s] Level 1:colcon.colcon_core.package_identification:_identify(src/robot_control_web_ui) by extensions ['python_setup_py']
[0.213s] Level 1:colcon.colcon_core.package_identification:_identify(src/robot_control_web_ui) by extension 'python_setup_py'
[0.213s] Level 1:colcon.colcon_core.package_identification:_identify(src/robot_motion_handler_movegroup) by extensions ['ignore', 'ignore_ament_install']
[0.213s] Level 1:colcon.colcon_core.package_identification:_identify(src/robot_motion_handler_movegroup) by extension 'ignore'
[0.213s] Level 1:colcon.colcon_core.package_identification:_identify(src/robot_motion_handler_movegroup) by extension 'ignore_ament_install'
[0.213s] Level 1:colcon.colcon_core.package_identification:_identify(src/robot_motion_handler_movegroup) by extensions ['colcon_pkg']
[0.214s] Level 1:colcon.colcon_core.package_identification:_identify(src/robot_motion_handler_movegroup) by extension 'colcon_pkg'
[0.214s] Level 1:colcon.colcon_core.package_identification:_identify(src/robot_motion_handler_movegroup) by extensions ['colcon_meta']
[0.214s] Level 1:colcon.colcon_core.package_identification:_identify(src/robot_motion_handler_movegroup) by extension 'colcon_meta'
[0.214s] Level 1:colcon.colcon_core.package_identification:_identify(src/robot_motion_handler_movegroup) by extensions ['ros']
[0.214s] Level 1:colcon.colcon_core.package_identification:_identify(src/robot_motion_handler_movegroup) by extension 'ros'
[0.214s] DEBUG:colcon.colcon_core.package_identification:Package 'src/robot_motion_handler_movegroup' with type 'ros.ament_python' and name 'robot_motion_handler_movegroup'
[0.214s] Level 1:colcon.colcon_core.package_identification:_identify(src/ros2_whisper) by extensions ['ignore', 'ignore_ament_install']
[0.214s] Level 1:colcon.colcon_core.package_identification:_identify(src/ros2_whisper) by extension 'ignore'
[0.214s] Level 1:colcon.colcon_core.package_identification:_identify(src/ros2_whisper) by extension 'ignore_ament_install'
[0.214s] Level 1:colcon.colcon_core.package_identification:_identify(src/ros2_whisper) by extensions ['colcon_pkg']
[0.214s] Level 1:colcon.colcon_core.package_identification:_identify(src/ros2_whisper) by extension 'colcon_pkg'
[0.214s] Level 1:colcon.colcon_core.package_identification:_identify(src/ros2_whisper) by extensions ['colcon_meta']
[0.214s] Level 1:colcon.colcon_core.package_identification:_identify(src/ros2_whisper) by extension 'colcon_meta'
[0.214s] Level 1:colcon.colcon_core.package_identification:_identify(src/ros2_whisper) by extensions ['ros']
[0.214s] Level 1:colcon.colcon_core.package_identification:_identify(src/ros2_whisper) by extension 'ros'
[0.214s] Level 1:colcon.colcon_core.package_identification:_identify(src/ros2_whisper) by extensions ['cmake', 'python']
[0.214s] Level 1:colcon.colcon_core.package_identification:_identify(src/ros2_whisper) by extension 'cmake'
[0.214s] Level 1:colcon.colcon_core.package_identification:_identify(src/ros2_whisper) by extension 'python'
[0.214s] Level 1:colcon.colcon_core.package_identification:_identify(src/ros2_whisper) by extensions ['python_setup_py']
[0.214s] Level 1:colcon.colcon_core.package_identification:_identify(src/ros2_whisper) by extension 'python_setup_py'
[0.214s] Level 1:colcon.colcon_core.package_identification:_identify(src/ros2_whisper/audio_listener) by extensions ['ignore', 'ignore_ament_install']
[0.215s] Level 1:colcon.colcon_core.package_identification:_identify(src/ros2_whisper/audio_listener) by extension 'ignore'
[0.215s] Level 1:colcon.colcon_core.package_identification:_identify(src/ros2_whisper/audio_listener) by extension 'ignore_ament_install'
[0.215s] Level 1:colcon.colcon_core.package_identification:_identify(src/ros2_whisper/audio_listener) by extensions ['colcon_pkg']
[0.215s] Level 1:colcon.colcon_core.package_identification:_identify(src/ros2_whisper/audio_listener) by extension 'colcon_pkg'
[0.215s] Level 1:colcon.colcon_core.package_identification:_identify(src/ros2_whisper/audio_listener) by extensions ['colcon_meta']
[0.215s] Level 1:colcon.colcon_core.package_identification:_identify(src/ros2_whisper/audio_listener) by extension 'colcon_meta'
[0.215s] Level 1:colcon.colcon_core.package_identification:_identify(src/ros2_whisper/audio_listener) by extensions ['ros']
[0.215s] Level 1:colcon.colcon_core.package_identification:_identify(src/ros2_whisper/audio_listener) by extension 'ros'
[0.215s] DEBUG:colcon.colcon_core.package_identification:Package 'src/ros2_whisper/audio_listener' with type 'ros.ament_python' and name 'audio_listener'
[0.215s] Level 1:colcon.colcon_core.package_identification:_identify(src/ros2_whisper/doc) by extensions ['ignore', 'ignore_ament_install']
[0.215s] Level 1:colcon.colcon_core.package_identification:_identify(src/ros2_whisper/doc) by extension 'ignore'
[0.215s] Level 1:colcon.colcon_core.package_identification:_identify(src/ros2_whisper/doc) by extension 'ignore_ament_install'
[0.215s] Level 1:colcon.colcon_core.package_identification:_identify(src/ros2_whisper/doc) by extensions ['colcon_pkg']
[0.215s] Level 1:colcon.colcon_core.package_identification:_identify(src/ros2_whisper/doc) by extension 'colcon_pkg'
[0.215s] Level 1:colcon.colcon_core.package_identification:_identify(src/ros2_whisper/doc) by extensions ['colcon_meta']
[0.215s] Level 1:colcon.colcon_core.package_identification:_identify(src/ros2_whisper/doc) by extension 'colcon_meta'
[0.215s] Level 1:colcon.colcon_core.package_identification:_identify(src/ros2_whisper/doc) by extensions ['ros']
[0.215s] Level 1:colcon.colcon_core.package_identification:_identify(src/ros2_whisper/doc) by extension 'ros'
[0.215s] Level 1:colcon.colcon_core.package_identification:_identify(src/ros2_whisper/doc) by extensions ['cmake', 'python']
[0.215s] Level 1:colcon.colcon_core.package_identification:_identify(src/ros2_whisper/doc) by extension 'cmake'
[0.215s] Level 1:colcon.colcon_core.package_identification:_identify(src/ros2_whisper/doc) by extension 'python'
[0.215s] Level 1:colcon.colcon_core.package_identification:_identify(src/ros2_whisper/doc) by extensions ['python_setup_py']
[0.215s] Level 1:colcon.colcon_core.package_identification:_identify(src/ros2_whisper/doc) by extension 'python_setup_py'
[0.215s] Level 1:colcon.colcon_core.package_identification:_identify(src/ros2_whisper/transcript_manager) by extensions ['ignore', 'ignore_ament_install']
[0.215s] Level 1:colcon.colcon_core.package_identification:_identify(src/ros2_whisper/transcript_manager) by extension 'ignore'
[0.215s] Level 1:colcon.colcon_core.package_identification:_identify(src/ros2_whisper/transcript_manager) by extension 'ignore_ament_install'
[0.215s] Level 1:colcon.colcon_core.package_identification:_identify(src/ros2_whisper/transcript_manager) by extensions ['colcon_pkg']
[0.215s] Level 1:colcon.colcon_core.package_identification:_identify(src/ros2_whisper/transcript_manager) by extension 'colcon_pkg'
[0.215s] Level 1:colcon.colcon_core.package_identification:_identify(src/ros2_whisper/transcript_manager) by extensions ['colcon_meta']
[0.215s] Level 1:colcon.colcon_core.package_identification:_identify(src/ros2_whisper/transcript_manager) by extension 'colcon_meta'
[0.215s] Level 1:colcon.colcon_core.package_identification:_identify(src/ros2_whisper/transcript_manager) by extensions ['ros']
[0.215s] Level 1:colcon.colcon_core.package_identification:_identify(src/ros2_whisper/transcript_manager) by extension 'ros'
[0.216s] DEBUG:colcon.colcon_core.package_identification:Package 'src/ros2_whisper/transcript_manager' with type 'ros.ament_cmake' and name 'transcript_manager'
[0.216s] Level 1:colcon.colcon_core.package_identification:_identify(src/ros2_whisper/whisper_bringup) by extensions ['ignore', 'ignore_ament_install']
[0.216s] Level 1:colcon.colcon_core.package_identification:_identify(src/ros2_whisper/whisper_bringup) by extension 'ignore'
[0.216s] Level 1:colcon.colcon_core.package_identification:_identify(src/ros2_whisper/whisper_bringup) by extension 'ignore_ament_install'
[0.216s] Level 1:colcon.colcon_core.package_identification:_identify(src/ros2_whisper/whisper_bringup) by extensions ['colcon_pkg']
[0.216s] Level 1:colcon.colcon_core.package_identification:_identify(src/ros2_whisper/whisper_bringup) by extension 'colcon_pkg'
[0.216s] Level 1:colcon.colcon_core.package_identification:_identify(src/ros2_whisper/whisper_bringup) by extensions ['colcon_meta']
[0.216s] Level 1:colcon.colcon_core.package_identification:_identify(src/ros2_whisper/whisper_bringup) by extension 'colcon_meta'
[0.216s] Level 1:colcon.colcon_core.package_identification:_identify(src/ros2_whisper/whisper_bringup) by extensions ['ros']
[0.216s] Level 1:colcon.colcon_core.package_identification:_identify(src/ros2_whisper/whisper_bringup) by extension 'ros'
[0.217s] DEBUG:colcon.colcon_core.package_identification:Package 'src/ros2_whisper/whisper_bringup' with type 'ros.ament_cmake' and name 'whisper_bringup'
[0.217s] Level 1:colcon.colcon_core.package_identification:_identify(src/ros2_whisper/whisper_cpp_vendor) by extensions ['ignore', 'ignore_ament_install']
[0.217s] Level 1:colcon.colcon_core.package_identification:_identify(src/ros2_whisper/whisper_cpp_vendor) by extension 'ignore'
[0.217s] Level 1:colcon.colcon_core.package_identification:_identify(src/ros2_whisper/whisper_cpp_vendor) by extension 'ignore_ament_install'
[0.217s] Level 1:colcon.colcon_core.package_identification:_identify(src/ros2_whisper/whisper_cpp_vendor) by extensions ['colcon_pkg']
[0.217s] Level 1:colcon.colcon_core.package_identification:_identify(src/ros2_whisper/whisper_cpp_vendor) by extension 'colcon_pkg'
[0.217s] Level 1:colcon.colcon_core.package_identification:_identify(src/ros2_whisper/whisper_cpp_vendor) by extensions ['colcon_meta']
[0.217s] Level 1:colcon.colcon_core.package_identification:_identify(src/ros2_whisper/whisper_cpp_vendor) by extension 'colcon_meta'
[0.217s] Level 1:colcon.colcon_core.package_identification:_identify(src/ros2_whisper/whisper_cpp_vendor) by extensions ['ros']
[0.217s] Level 1:colcon.colcon_core.package_identification:_identify(src/ros2_whisper/whisper_cpp_vendor) by extension 'ros'
[0.217s] DEBUG:colcon.colcon_core.package_identification:Package 'src/ros2_whisper/whisper_cpp_vendor' with type 'ros.ament_cmake' and name 'whisper_cpp_vendor'
[0.217s] Level 1:colcon.colcon_core.package_identification:_identify(src/ros2_whisper/whisper_demos) by extensions ['ignore', 'ignore_ament_install']
[0.217s] Level 1:colcon.colcon_core.package_identification:_identify(src/ros2_whisper/whisper_demos) by extension 'ignore'
[0.217s] Level 1:colcon.colcon_core.package_identification:_identify(src/ros2_whisper/whisper_demos) by extension 'ignore_ament_install'
[0.217s] Level 1:colcon.colcon_core.package_identification:_identify(src/ros2_whisper/whisper_demos) by extensions ['colcon_pkg']
[0.217s] Level 1:colcon.colcon_core.package_identification:_identify(src/ros2_whisper/whisper_demos) by extension 'colcon_pkg'
[0.217s] Level 1:colcon.colcon_core.package_identification:_identify(src/ros2_whisper/whisper_demos) by extensions ['colcon_meta']
[0.217s] Level 1:colcon.colcon_core.package_identification:_identify(src/ros2_whisper/whisper_demos) by extension 'colcon_meta'
[0.217s] Level 1:colcon.colcon_core.package_identification:_identify(src/ros2_whisper/whisper_demos) by extensions ['ros']
[0.217s] Level 1:colcon.colcon_core.package_identification:_identify(src/ros2_whisper/whisper_demos) by extension 'ros'
[0.217s] DEBUG:colcon.colcon_core.package_identification:Package 'src/ros2_whisper/whisper_demos' with type 'ros.ament_python' and name 'whisper_demos'
[0.218s] Level 1:colcon.colcon_core.package_identification:_identify(src/ros2_whisper/whisper_idl) by extensions ['ignore', 'ignore_ament_install']
[0.218s] Level 1:colcon.colcon_core.package_identification:_identify(src/ros2_whisper/whisper_idl) by extension 'ignore'
[0.218s] Level 1:colcon.colcon_core.package_identification:_identify(src/ros2_whisper/whisper_idl) by extension 'ignore_ament_install'
[0.218s] Level 1:colcon.colcon_core.package_identification:_identify(src/ros2_whisper/whisper_idl) by extensions ['colcon_pkg']
[0.218s] Level 1:colcon.colcon_core.package_identification:_identify(src/ros2_whisper/whisper_idl) by extension 'colcon_pkg'
[0.218s] Level 1:colcon.colcon_core.package_identification:_identify(src/ros2_whisper/whisper_idl) by extensions ['colcon_meta']
[0.218s] Level 1:colcon.colcon_core.package_identification:_identify(src/ros2_whisper/whisper_idl) by extension 'colcon_meta'
[0.218s] Level 1:colcon.colcon_core.package_identification:_identify(src/ros2_whisper/whisper_idl) by extensions ['ros']
[0.218s] Level 1:colcon.colcon_core.package_identification:_identify(src/ros2_whisper/whisper_idl) by extension 'ros'
[0.218s] DEBUG:colcon.colcon_core.package_identification:Package 'src/ros2_whisper/whisper_idl' with type 'ros.ament_cmake' and name 'whisper_idl'
[0.218s] Level 1:colcon.colcon_core.package_identification:_identify(src/ros2_whisper/whisper_server) by extensions ['ignore', 'ignore_ament_install']
[0.218s] Level 1:colcon.colcon_core.package_identification:_identify(src/ros2_whisper/whisper_server) by extension 'ignore'
[0.218s] Level 1:colcon.colcon_core.package_identification:_identify(src/ros2_whisper/whisper_server) by extension 'ignore_ament_install'
[0.218s] Level 1:colcon.colcon_core.package_identification:_identify(src/ros2_whisper/whisper_server) by extensions ['colcon_pkg']
[0.218s] Level 1:colcon.colcon_core.package_identification:_identify(src/ros2_whisper/whisper_server) by extension 'colcon_pkg'
[0.218s] Level 1:colcon.colcon_core.package_identification:_identify(src/ros2_whisper/whisper_server) by extensions ['colcon_meta']
[0.218s] Level 1:colcon.colcon_core.package_identification:_identify(src/ros2_whisper/whisper_server) by extension 'colcon_meta'
[0.218s] Level 1:colcon.colcon_core.package_identification:_identify(src/ros2_whisper/whisper_server) by extensions ['ros']
[0.219s] Level 1:colcon.colcon_core.package_identification:_identify(src/ros2_whisper/whisper_server) by extension 'ros'
[0.219s] DEBUG:colcon.colcon_core.package_identification:Package 'src/ros2_whisper/whisper_server' with type 'ros.ament_cmake' and name 'whisper_server'
[0.219s] Level 1:colcon.colcon_core.package_identification:_identify(src/ros2_whisper/whisper_util) by extensions ['ignore', 'ignore_ament_install']
[0.219s] Level 1:colcon.colcon_core.package_identification:_identify(src/ros2_whisper/whisper_util) by extension 'ignore'
[0.219s] Level 1:colcon.colcon_core.package_identification:_identify(src/ros2_whisper/whisper_util) by extension 'ignore_ament_install'
[0.219s] Level 1:colcon.colcon_core.package_identification:_identify(src/ros2_whisper/whisper_util) by extensions ['colcon_pkg']
[0.219s] Level 1:colcon.colcon_core.package_identification:_identify(src/ros2_whisper/whisper_util) by extension 'colcon_pkg'
[0.219s] Level 1:colcon.colcon_core.package_identification:_identify(src/ros2_whisper/whisper_util) by extensions ['colcon_meta']
[0.219s] Level 1:colcon.colcon_core.package_identification:_identify(src/ros2_whisper/whisper_util) by extension 'colcon_meta'
[0.219s] Level 1:colcon.colcon_core.package_identification:_identify(src/ros2_whisper/whisper_util) by extensions ['ros']
[0.219s] Level 1:colcon.colcon_core.package_identification:_identify(src/ros2_whisper/whisper_util) by extension 'ros'
[0.220s] DEBUG:colcon.colcon_core.package_identification:Package 'src/ros2_whisper/whisper_util' with type 'ros.ament_cmake' and name 'whisper_util'
[0.220s] Level 1:colcon.colcon_core.package_identification:_identify(src/rviz_marker_static_scene_objects) by extensions ['ignore', 'ignore_ament_install']
[0.220s] Level 1:colcon.colcon_core.package_identification:_identify(src/rviz_marker_static_scene_objects) by extension 'ignore'
[0.220s] Level 1:colcon.colcon_core.package_identification:_identify(src/rviz_marker_static_scene_objects) by extension 'ignore_ament_install'
[0.220s] Level 1:colcon.colcon_core.package_identification:_identify(src/rviz_marker_static_scene_objects) by extensions ['colcon_pkg']
[0.220s] Level 1:colcon.colcon_core.package_identification:_identify(src/rviz_marker_static_scene_objects) by extension 'colcon_pkg'
[0.220s] Level 1:colcon.colcon_core.package_identification:_identify(src/rviz_marker_static_scene_objects) by extensions ['colcon_meta']
[0.220s] Level 1:colcon.colcon_core.package_identification:_identify(src/rviz_marker_static_scene_objects) by extension 'colcon_meta'
[0.220s] Level 1:colcon.colcon_core.package_identification:_identify(src/rviz_marker_static_scene_objects) by extensions ['ros']
[0.220s] Level 1:colcon.colcon_core.package_identification:_identify(src/rviz_marker_static_scene_objects) by extension 'ros'
[0.220s] DEBUG:colcon.colcon_core.package_identification:Package 'src/rviz_marker_static_scene_objects' with type 'ros.ament_python' and name 'rviz_marker_static_scene_objects'
[0.220s] Level 1:colcon.colcon_core.package_identification:_identify(src/rviz_robot_control_panel) by extensions ['ignore', 'ignore_ament_install']
[0.220s] Level 1:colcon.colcon_core.package_identification:_identify(src/rviz_robot_control_panel) by extension 'ignore'
[0.220s] Level 1:colcon.colcon_core.package_identification:_identify(src/rviz_robot_control_panel) by extension 'ignore_ament_install'
[0.220s] Level 1:colcon.colcon_core.package_identification:_identify(src/rviz_robot_control_panel) by extensions ['colcon_pkg']
[0.220s] Level 1:colcon.colcon_core.package_identification:_identify(src/rviz_robot_control_panel) by extension 'colcon_pkg'
[0.220s] Level 1:colcon.colcon_core.package_identification:_identify(src/rviz_robot_control_panel) by extensions ['colcon_meta']
[0.220s] Level 1:colcon.colcon_core.package_identification:_identify(src/rviz_robot_control_panel) by extension 'colcon_meta'
[0.220s] Level 1:colcon.colcon_core.package_identification:_identify(src/rviz_robot_control_panel) by extensions ['ros']
[0.220s] Level 1:colcon.colcon_core.package_identification:_identify(src/rviz_robot_control_panel) by extension 'ros'
[0.221s] DEBUG:colcon.colcon_core.package_identification:Package 'src/rviz_robot_control_panel' with type 'ros.ament_cmake' and name 'rviz_robot_control_panel'
[0.221s] Level 1:colcon.colcon_core.package_identification:_identify(src/rviz_servo_status_overlay) by extensions ['ignore', 'ignore_ament_install']
[0.221s] Level 1:colcon.colcon_core.package_identification:_identify(src/rviz_servo_status_overlay) by extension 'ignore'
[0.221s] Level 1:colcon.colcon_core.package_identification:_identify(src/rviz_servo_status_overlay) by extension 'ignore_ament_install'
[0.221s] Level 1:colcon.colcon_core.package_identification:_identify(src/rviz_servo_status_overlay) by extensions ['colcon_pkg']
[0.221s] Level 1:colcon.colcon_core.package_identification:_identify(src/rviz_servo_status_overlay) by extension 'colcon_pkg'
[0.221s] Level 1:colcon.colcon_core.package_identification:_identify(src/rviz_servo_status_overlay) by extensions ['colcon_meta']
[0.221s] Level 1:colcon.colcon_core.package_identification:_identify(src/rviz_servo_status_overlay) by extension 'colcon_meta'
[0.221s] Level 1:colcon.colcon_core.package_identification:_identify(src/rviz_servo_status_overlay) by extensions ['ros']
[0.221s] Level 1:colcon.colcon_core.package_identification:_identify(src/rviz_servo_status_overlay) by extension 'ros'
[0.222s] DEBUG:colcon.colcon_core.package_identification:Package 'src/rviz_servo_status_overlay' with type 'ros.ament_python' and name 'rviz_servo_status_overlay'
[0.222s] Level 1:colcon.colcon_core.package_identification:_identify(src/voice_command_listener) by extensions ['ignore', 'ignore_ament_install']
[0.222s] Level 1:colcon.colcon_core.package_identification:_identify(src/voice_command_listener) by extension 'ignore'
[0.222s] Level 1:colcon.colcon_core.package_identification:_identify(src/voice_command_listener) by extension 'ignore_ament_install'
[0.222s] Level 1:colcon.colcon_core.package_identification:_identify(src/voice_command_listener) by extensions ['colcon_pkg']
[0.222s] Level 1:colcon.colcon_core.package_identification:_identify(src/voice_command_listener) by extension 'colcon_pkg'
[0.222s] Level 1:colcon.colcon_core.package_identification:_identify(src/voice_command_listener) by extensions ['colcon_meta']
[0.222s] Level 1:colcon.colcon_core.package_identification:_identify(src/voice_command_listener) by extension 'colcon_meta'
[0.222s] Level 1:colcon.colcon_core.package_identification:_identify(src/voice_command_listener) by extensions ['ros']
[0.222s] Level 1:colcon.colcon_core.package_identification:_identify(src/voice_command_listener) by extension 'ros'
[0.222s] DEBUG:colcon.colcon_core.package_identification:Package 'src/voice_command_listener' with type 'ros.ament_python' and name 'voice_command_listener'
[0.222s] Level 1:colcon.colcon_core.package_identification:_identify(src/xarm_ros2) by extensions ['ignore', 'ignore_ament_install']
[0.222s] Level 1:colcon.colcon_core.package_identification:_identify(src/xarm_ros2) by extension 'ignore'
[0.222s] Level 1:colcon.colcon_core.package_identification:_identify(src/xarm_ros2) by extension 'ignore_ament_install'
[0.222s] Level 1:colcon.colcon_core.package_identification:_identify(src/xarm_ros2) by extensions ['colcon_pkg']
[0.222s] Level 1:colcon.colcon_core.package_identification:_identify(src/xarm_ros2) by extension 'colcon_pkg'
[0.222s] Level 1:colcon.colcon_core.package_identification:_identify(src/xarm_ros2) by extensions ['colcon_meta']
[0.222s] Level 1:colcon.colcon_core.package_identification:_identify(src/xarm_ros2) by extension 'colcon_meta'
[0.222s] Level 1:colcon.colcon_core.package_identification:_identify(src/xarm_ros2) by extensions ['ros']
[0.222s] Level 1:colcon.colcon_core.package_identification:_identify(src/xarm_ros2) by extension 'ros'
[0.222s] Level 1:colcon.colcon_core.package_identification:_identify(src/xarm_ros2) by extensions ['cmake', 'python']
[0.222s] Level 1:colcon.colcon_core.package_identification:_identify(src/xarm_ros2) by extension 'cmake'
[0.222s] Level 1:colcon.colcon_core.package_identification:_identify(src/xarm_ros2) by extension 'python'
[0.222s] Level 1:colcon.colcon_core.package_identification:_identify(src/xarm_ros2) by extensions ['python_setup_py']
[0.222s] Level 1:colcon.colcon_core.package_identification:_identify(src/xarm_ros2) by extension 'python_setup_py'
[0.222s] Level 1:colcon.colcon_core.package_identification:_identify(src/xarm_ros2/demo) by extensions ['ignore', 'ignore_ament_install']
[0.222s] Level 1:colcon.colcon_core.package_identification:_identify(src/xarm_ros2/demo) by extension 'ignore'
[0.222s] Level 1:colcon.colcon_core.package_identification:_identify(src/xarm_ros2/demo) by extension 'ignore_ament_install'
[0.222s] Level 1:colcon.colcon_core.package_identification:_identify(src/xarm_ros2/demo) by extensions ['colcon_pkg']
[0.222s] Level 1:colcon.colcon_core.package_identification:_identify(src/xarm_ros2/demo) by extension 'colcon_pkg'
[0.222s] Level 1:colcon.colcon_core.package_identification:_identify(src/xarm_ros2/demo) by extensions ['colcon_meta']
[0.222s] Level 1:colcon.colcon_core.package_identification:_identify(src/xarm_ros2/demo) by extension 'colcon_meta'
[0.222s] Level 1:colcon.colcon_core.package_identification:_identify(src/xarm_ros2/demo) by extensions ['ros']
[0.222s] Level 1:colcon.colcon_core.package_identification:_identify(src/xarm_ros2/demo) by extension 'ros'
[0.223s] Level 1:colcon.colcon_core.package_identification:_identify(src/xarm_ros2/demo) by extensions ['cmake', 'python']
[0.223s] Level 1:colcon.colcon_core.package_identification:_identify(src/xarm_ros2/demo) by extension 'cmake'
[0.223s] Level 1:colcon.colcon_core.package_identification:_identify(src/xarm_ros2/demo) by extension 'python'
[0.223s] Level 1:colcon.colcon_core.package_identification:_identify(src/xarm_ros2/demo) by extensions ['python_setup_py']
[0.223s] Level 1:colcon.colcon_core.package_identification:_identify(src/xarm_ros2/demo) by extension 'python_setup_py'
[0.223s] Level 1:colcon.colcon_core.package_identification:_identify(src/xarm_ros2/demo/mbot_demo) by extensions ['ignore', 'ignore_ament_install']
[0.223s] Level 1:colcon.colcon_core.package_identification:_identify(src/xarm_ros2/demo/mbot_demo) by extension 'ignore'
[0.223s] Level 1:colcon.colcon_core.package_identification:_identify(src/xarm_ros2/demo/mbot_demo) by extension 'ignore_ament_install'
[0.223s] Level 1:colcon.colcon_core.package_identification:_identify(src/xarm_ros2/demo/mbot_demo) by extensions ['colcon_pkg']
[0.223s] Level 1:colcon.colcon_core.package_identification:_identify(src/xarm_ros2/demo/mbot_demo) by extension 'colcon_pkg'
[0.223s] Level 1:colcon.colcon_core.package_identification:_identify(src/xarm_ros2/demo/mbot_demo) by extensions ['colcon_meta']
[0.223s] Level 1:colcon.colcon_core.package_identification:_identify(src/xarm_ros2/demo/mbot_demo) by extension 'colcon_meta'
[0.223s] Level 1:colcon.colcon_core.package_identification:_identify(src/xarm_ros2/demo/mbot_demo) by extensions ['ros']
[0.223s] Level 1:colcon.colcon_core.package_identification:_identify(src/xarm_ros2/demo/mbot_demo) by extension 'ros'
[0.223s] DEBUG:colcon.colcon_core.package_identification:Package 'src/xarm_ros2/demo/mbot_demo' with type 'ros.ament_cmake' and name 'mbot_demo'
[0.223s] Level 1:colcon.colcon_core.package_identification:_identify(src/xarm_ros2/thirdparty) by extensions ['ignore', 'ignore_ament_install']
[0.223s] Level 1:colcon.colcon_core.package_identification:_identify(src/xarm_ros2/thirdparty) by extension 'ignore'
[0.223s] Level 1:colcon.colcon_core.package_identification:_identify(src/xarm_ros2/thirdparty) by extension 'ignore_ament_install'
[0.223s] Level 1:colcon.colcon_core.package_identification:_identify(src/xarm_ros2/thirdparty) by extensions ['colcon_pkg']
[0.223s] Level 1:colcon.colcon_core.package_identification:_identify(src/xarm_ros2/thirdparty) by extension 'colcon_pkg'
[0.223s] Level 1:colcon.colcon_core.package_identification:_identify(src/xarm_ros2/thirdparty) by extensions ['colcon_meta']
[0.223s] Level 1:colcon.colcon_core.package_identification:_identify(src/xarm_ros2/thirdparty) by extension 'colcon_meta'
[0.223s] Level 1:colcon.colcon_core.package_identification:_identify(src/xarm_ros2/thirdparty) by extensions ['ros']
[0.223s] Level 1:colcon.colcon_core.package_identification:_identify(src/xarm_ros2/thirdparty) by extension 'ros'
[0.223s] Level 1:colcon.colcon_core.package_identification:_identify(src/xarm_ros2/thirdparty) by extensions ['cmake', 'python']
[0.223s] Level 1:colcon.colcon_core.package_identification:_identify(src/xarm_ros2/thirdparty) by extension 'cmake'
[0.223s] Level 1:colcon.colcon_core.package_identification:_identify(src/xarm_ros2/thirdparty) by extension 'python'
[0.223s] Level 1:colcon.colcon_core.package_identification:_identify(src/xarm_ros2/thirdparty) by extensions ['python_setup_py']
[0.223s] Level 1:colcon.colcon_core.package_identification:_identify(src/xarm_ros2/thirdparty) by extension 'python_setup_py'
[0.223s] Level 1:colcon.colcon_core.package_identification:_identify(src/xarm_ros2/thirdparty/realsense_gazebo_plugin) by extensions ['ignore', 'ignore_ament_install']
[0.223s] Level 1:colcon.colcon_core.package_identification:_identify(src/xarm_ros2/thirdparty/realsense_gazebo_plugin) by extension 'ignore'
[0.223s] Level 1:colcon.colcon_core.package_identification:_identify(src/xarm_ros2/thirdparty/realsense_gazebo_plugin) by extension 'ignore_ament_install'
[0.223s] Level 1:colcon.colcon_core.package_identification:_identify(src/xarm_ros2/thirdparty/realsense_gazebo_plugin) by extensions ['colcon_pkg']
[0.224s] Level 1:colcon.colcon_core.package_identification:_identify(src/xarm_ros2/thirdparty/realsense_gazebo_plugin) by extension 'colcon_pkg'
[0.224s] Level 1:colcon.colcon_core.package_identification:_identify(src/xarm_ros2/thirdparty/realsense_gazebo_plugin) by extensions ['colcon_meta']
[0.224s] Level 1:colcon.colcon_core.package_identification:_identify(src/xarm_ros2/thirdparty/realsense_gazebo_plugin) by extension 'colcon_meta'
[0.224s] Level 1:colcon.colcon_core.package_identification:_identify(src/xarm_ros2/thirdparty/realsense_gazebo_plugin) by extensions ['ros']
[0.224s] Level 1:colcon.colcon_core.package_identification:_identify(src/xarm_ros2/thirdparty/realsense_gazebo_plugin) by extension 'ros'
[0.224s] DEBUG:colcon.colcon_core.package_identification:Package 'src/xarm_ros2/thirdparty/realsense_gazebo_plugin' with type 'ros.ament_cmake' and name 'realsense_gazebo_plugin'
[0.224s] Level 1:colcon.colcon_core.package_identification:_identify(src/xarm_ros2/uf_ros_lib) by extensions ['ignore', 'ignore_ament_install']
[0.224s] Level 1:colcon.colcon_core.package_identification:_identify(src/xarm_ros2/uf_ros_lib) by extension 'ignore'
[0.224s] Level 1:colcon.colcon_core.package_identification:_identify(src/xarm_ros2/uf_ros_lib) by extension 'ignore_ament_install'
[0.224s] Level 1:colcon.colcon_core.package_identification:_identify(src/xarm_ros2/uf_ros_lib) by extensions ['colcon_pkg']
[0.224s] Level 1:colcon.colcon_core.package_identification:_identify(src/xarm_ros2/uf_ros_lib) by extension 'colcon_pkg'
[0.224s] Level 1:colcon.colcon_core.package_identification:_identify(src/xarm_ros2/uf_ros_lib) by extensions ['colcon_meta']
[0.224s] Level 1:colcon.colcon_core.package_identification:_identify(src/xarm_ros2/uf_ros_lib) by extension 'colcon_meta'
[0.224s] Level 1:colcon.colcon_core.package_identification:_identify(src/xarm_ros2/uf_ros_lib) by extensions ['ros']
[0.224s] Level 1:colcon.colcon_core.package_identification:_identify(src/xarm_ros2/uf_ros_lib) by extension 'ros'
[0.225s] DEBUG:colcon.colcon_core.package_identification:Package 'src/xarm_ros2/uf_ros_lib' with type 'ros.ament_python' and name 'uf_ros_lib'
[0.225s] Level 1:colcon.colcon_core.package_identification:_identify(src/xarm_ros2/xarm_api) by extensions ['ignore', 'ignore_ament_install']
[0.225s] Level 1:colcon.colcon_core.package_identification:_identify(src/xarm_ros2/xarm_api) by extension 'ignore'
[0.225s] Level 1:colcon.colcon_core.package_identification:_identify(src/xarm_ros2/xarm_api) by extension 'ignore_ament_install'
[0.225s] Level 1:colcon.colcon_core.package_identification:_identify(src/xarm_ros2/xarm_api) by extensions ['colcon_pkg']
[0.225s] Level 1:colcon.colcon_core.package_identification:_identify(src/xarm_ros2/xarm_api) by extension 'colcon_pkg'
[0.225s] Level 1:colcon.colcon_core.package_identification:_identify(src/xarm_ros2/xarm_api) by extensions ['colcon_meta']
[0.225s] Level 1:colcon.colcon_core.package_identification:_identify(src/xarm_ros2/xarm_api) by extension 'colcon_meta'
[0.225s] Level 1:colcon.colcon_core.package_identification:_identify(src/xarm_ros2/xarm_api) by extensions ['ros']
[0.225s] Level 1:colcon.colcon_core.package_identification:_identify(src/xarm_ros2/xarm_api) by extension 'ros'
[0.225s] DEBUG:colcon.colcon_core.package_identification:Package 'src/xarm_ros2/xarm_api' with type 'ros.ament_cmake' and name 'xarm_api'
[0.225s] Level 1:colcon.colcon_core.package_identification:_identify(src/xarm_ros2/xarm_controller) by extensions ['ignore', 'ignore_ament_install']
[0.225s] Level 1:colcon.colcon_core.package_identification:_identify(src/xarm_ros2/xarm_controller) by extension 'ignore'
[0.225s] Level 1:colcon.colcon_core.package_identification:_identify(src/xarm_ros2/xarm_controller) by extension 'ignore_ament_install'
[0.226s] Level 1:colcon.colcon_core.package_identification:_identify(src/xarm_ros2/xarm_controller) by extensions ['colcon_pkg']
[0.226s] Level 1:colcon.colcon_core.package_identification:_identify(src/xarm_ros2/xarm_controller) by extension 'colcon_pkg'
[0.226s] Level 1:colcon.colcon_core.package_identification:_identify(src/xarm_ros2/xarm_controller) by extensions ['colcon_meta']
[0.226s] Level 1:colcon.colcon_core.package_identification:_identify(src/xarm_ros2/xarm_controller) by extension 'colcon_meta'
[0.226s] Level 1:colcon.colcon_core.package_identification:_identify(src/xarm_ros2/xarm_controller) by extensions ['ros']
[0.226s] Level 1:colcon.colcon_core.package_identification:_identify(src/xarm_ros2/xarm_controller) by extension 'ros'
[0.226s] DEBUG:colcon.colcon_core.package_identification:Package 'src/xarm_ros2/xarm_controller' with type 'ros.ament_cmake' and name 'xarm_controller'
[0.226s] Level 1:colcon.colcon_core.package_identification:_identify(src/xarm_ros2/xarm_description) by extensions ['ignore', 'ignore_ament_install']
[0.226s] Level 1:colcon.colcon_core.package_identification:_identify(src/xarm_ros2/xarm_description) by extension 'ignore'
[0.226s] Level 1:colcon.colcon_core.package_identification:_identify(src/xarm_ros2/xarm_description) by extension 'ignore_ament_install'
[0.226s] Level 1:colcon.colcon_core.package_identification:_identify(src/xarm_ros2/xarm_description) by extensions ['colcon_pkg']
[0.226s] Level 1:colcon.colcon_core.package_identification:_identify(src/xarm_ros2/xarm_description) by extension 'colcon_pkg'
[0.226s] Level 1:colcon.colcon_core.package_identification:_identify(src/xarm_ros2/xarm_description) by extensions ['colcon_meta']
[0.226s] Level 1:colcon.colcon_core.package_identification:_identify(src/xarm_ros2/xarm_description) by extension 'colcon_meta'
[0.226s] Level 1:colcon.colcon_core.package_identification:_identify(src/xarm_ros2/xarm_description) by extensions ['ros']
[0.226s] Level 1:colcon.colcon_core.package_identification:_identify(src/xarm_ros2/xarm_description) by extension 'ros'
[0.227s] DEBUG:colcon.colcon_core.package_identification:Package 'src/xarm_ros2/xarm_description' with type 'ros.ament_cmake' and name 'xarm_description'
[0.227s] Level 1:colcon.colcon_core.package_identification:_identify(src/xarm_ros2/xarm_gazebo) by extensions ['ignore', 'ignore_ament_install']
[0.227s] Level 1:colcon.colcon_core.package_identification:_identify(src/xarm_ros2/xarm_gazebo) by extension 'ignore'
[0.227s] Level 1:colcon.colcon_core.package_identification:_identify(src/xarm_ros2/xarm_gazebo) by extension 'ignore_ament_install'
[0.227s] Level 1:colcon.colcon_core.package_identification:_identify(src/xarm_ros2/xarm_gazebo) by extensions ['colcon_pkg']
[0.227s] Level 1:colcon.colcon_core.package_identification:_identify(src/xarm_ros2/xarm_gazebo) by extension 'colcon_pkg'
[0.227s] Level 1:colcon.colcon_core.package_identification:_identify(src/xarm_ros2/xarm_gazebo) by extensions ['colcon_meta']
[0.227s] Level 1:colcon.colcon_core.package_identification:_identify(src/xarm_ros2/xarm_gazebo) by extension 'colcon_meta'
[0.227s] Level 1:colcon.colcon_core.package_identification:_identify(src/xarm_ros2/xarm_gazebo) by extensions ['ros']
[0.227s] Level 1:colcon.colcon_core.package_identification:_identify(src/xarm_ros2/xarm_gazebo) by extension 'ros'
[0.227s] DEBUG:colcon.colcon_core.package_identification:Package 'src/xarm_ros2/xarm_gazebo' with type 'ros.ament_cmake' and name 'xarm_gazebo'
[0.228s] Level 1:colcon.colcon_core.package_identification:_identify(src/xarm_ros2/xarm_moveit_config) by extensions ['ignore', 'ignore_ament_install']
[0.228s] Level 1:colcon.colcon_core.package_identification:_identify(src/xarm_ros2/xarm_moveit_config) by extension 'ignore'
[0.228s] Level 1:colcon.colcon_core.package_identification:_identify(src/xarm_ros2/xarm_moveit_config) by extension 'ignore_ament_install'
[0.228s] Level 1:colcon.colcon_core.package_identification:_identify(src/xarm_ros2/xarm_moveit_config) by extensions ['colcon_pkg']
[0.228s] Level 1:colcon.colcon_core.package_identification:_identify(src/xarm_ros2/xarm_moveit_config) by extension 'colcon_pkg'
[0.228s] Level 1:colcon.colcon_core.package_identification:_identify(src/xarm_ros2/xarm_moveit_config) by extensions ['colcon_meta']
[0.228s] Level 1:colcon.colcon_core.package_identification:_identify(src/xarm_ros2/xarm_moveit_config) by extension 'colcon_meta'
[0.228s] Level 1:colcon.colcon_core.package_identification:_identify(src/xarm_ros2/xarm_moveit_config) by extensions ['ros']
[0.228s] Level 1:colcon.colcon_core.package_identification:_identify(src/xarm_ros2/xarm_moveit_config) by extension 'ros'
[0.228s] DEBUG:colcon.colcon_core.package_identification:Package 'src/xarm_ros2/xarm_moveit_config' with type 'ros.ament_cmake' and name 'xarm_moveit_config'
[0.228s] Level 1:colcon.colcon_core.package_identification:_identify(src/xarm_ros2/xarm_moveit_servo) by extensions ['ignore', 'ignore_ament_install']
[0.228s] Level 1:colcon.colcon_core.package_identification:_identify(src/xarm_ros2/xarm_moveit_servo) by extension 'ignore'
[0.228s] Level 1:colcon.colcon_core.package_identification:_identify(src/xarm_ros2/xarm_moveit_servo) by extension 'ignore_ament_install'
[0.229s] Level 1:colcon.colcon_core.package_identification:_identify(src/xarm_ros2/xarm_moveit_servo) by extensions ['colcon_pkg']
[0.229s] Level 1:colcon.colcon_core.package_identification:_identify(src/xarm_ros2/xarm_moveit_servo) by extension 'colcon_pkg'
[0.229s] Level 1:colcon.colcon_core.package_identification:_identify(src/xarm_ros2/xarm_moveit_servo) by extensions ['colcon_meta']
[0.229s] Level 1:colcon.colcon_core.package_identification:_identify(src/xarm_ros2/xarm_moveit_servo) by extension 'colcon_meta'
[0.229s] Level 1:colcon.colcon_core.package_identification:_identify(src/xarm_ros2/xarm_moveit_servo) by extensions ['ros']
[0.229s] Level 1:colcon.colcon_core.package_identification:_identify(src/xarm_ros2/xarm_moveit_servo) by extension 'ros'
[0.230s] DEBUG:colcon.colcon_core.package_identification:Package 'src/xarm_ros2/xarm_moveit_servo' with type 'ros.ament_cmake' and name 'xarm_moveit_servo'
[0.230s] Level 1:colcon.colcon_core.package_identification:_identify(src/xarm_ros2/xarm_msgs) by extensions ['ignore', 'ignore_ament_install']
[0.230s] Level 1:colcon.colcon_core.package_identification:_identify(src/xarm_ros2/xarm_msgs) by extension 'ignore'
[0.230s] Level 1:colcon.colcon_core.package_identification:_identify(src/xarm_ros2/xarm_msgs) by extension 'ignore_ament_install'
[0.230s] Level 1:colcon.colcon_core.package_identification:_identify(src/xarm_ros2/xarm_msgs) by extensions ['colcon_pkg']
[0.230s] Level 1:colcon.colcon_core.package_identification:_identify(src/xarm_ros2/xarm_msgs) by extension 'colcon_pkg'
[0.230s] Level 1:colcon.colcon_core.package_identification:_identify(src/xarm_ros2/xarm_msgs) by extensions ['colcon_meta']
[0.230s] Level 1:colcon.colcon_core.package_identification:_identify(src/xarm_ros2/xarm_msgs) by extension 'colcon_meta'
[0.230s] Level 1:colcon.colcon_core.package_identification:_identify(src/xarm_ros2/xarm_msgs) by extensions ['ros']
[0.230s] Level 1:colcon.colcon_core.package_identification:_identify(src/xarm_ros2/xarm_msgs) by extension 'ros'
[0.230s] DEBUG:colcon.colcon_core.package_identification:Package 'src/xarm_ros2/xarm_msgs' with type 'ros.ament_cmake' and name 'xarm_msgs'
[0.230s] Level 1:colcon.colcon_core.package_identification:_identify(src/xarm_ros2/xarm_planner) by extensions ['ignore', 'ignore_ament_install']
[0.230s] Level 1:colcon.colcon_core.package_identification:_identify(src/xarm_ros2/xarm_planner) by extension 'ignore'
[0.230s] Level 1:colcon.colcon_core.package_identification:_identify(src/xarm_ros2/xarm_planner) by extension 'ignore_ament_install'
[0.230s] Level 1:colcon.colcon_core.package_identification:_identify(src/xarm_ros2/xarm_planner) by extensions ['colcon_pkg']
[0.230s] Level 1:colcon.colcon_core.package_identification:_identify(src/xarm_ros2/xarm_planner) by extension 'colcon_pkg'
[0.230s] Level 1:colcon.colcon_core.package_identification:_identify(src/xarm_ros2/xarm_planner) by extensions ['colcon_meta']
[0.230s] Level 1:colcon.colcon_core.package_identification:_identify(src/xarm_ros2/xarm_planner) by extension 'colcon_meta'
[0.230s] Level 1:colcon.colcon_core.package_identification:_identify(src/xarm_ros2/xarm_planner) by extensions ['ros']
[0.230s] Level 1:colcon.colcon_core.package_identification:_identify(src/xarm_ros2/xarm_planner) by extension 'ros'
[0.231s] DEBUG:colcon.colcon_core.package_identification:Package 'src/xarm_ros2/xarm_planner' with type 'ros.ament_cmake' and name 'xarm_planner'
[0.231s] Level 1:colcon.colcon_core.package_identification:_identify(src/xarm_ros2/xarm_sdk) by extensions ['ignore', 'ignore_ament_install']
[0.231s] Level 1:colcon.colcon_core.package_identification:_identify(src/xarm_ros2/xarm_sdk) by extension 'ignore'
[0.231s] Level 1:colcon.colcon_core.package_identification:_identify(src/xarm_ros2/xarm_sdk) by extension 'ignore_ament_install'
[0.231s] Level 1:colcon.colcon_core.package_identification:_identify(src/xarm_ros2/xarm_sdk) by extensions ['colcon_pkg']
[0.231s] Level 1:colcon.colcon_core.package_identification:_identify(src/xarm_ros2/xarm_sdk) by extension 'colcon_pkg'
[0.231s] Level 1:colcon.colcon_core.package_identification:_identify(src/xarm_ros2/xarm_sdk) by extensions ['colcon_meta']
[0.231s] Level 1:colcon.colcon_core.package_identification:_identify(src/xarm_ros2/xarm_sdk) by extension 'colcon_meta'
[0.231s] Level 1:colcon.colcon_core.package_identification:_identify(src/xarm_ros2/xarm_sdk) by extensions ['ros']
[0.231s] Level 1:colcon.colcon_core.package_identification:_identify(src/xarm_ros2/xarm_sdk) by extension 'ros'
[0.231s] DEBUG:colcon.colcon_core.package_identification:Package 'src/xarm_ros2/xarm_sdk' with type 'ros.ament_cmake' and name 'xarm_sdk'
[0.232s] Level 1:colcon.colcon_core.package_identification:_identify(src/yolo_object_detector) by extensions ['ignore', 'ignore_ament_install']
[0.232s] Level 1:colcon.colcon_core.package_identification:_identify(src/yolo_object_detector) by extension 'ignore'
[0.232s] Level 1:colcon.colcon_core.package_identification:_identify(src/yolo_object_detector) by extension 'ignore_ament_install'
[0.232s] Level 1:colcon.colcon_core.package_identification:_identify(src/yolo_object_detector) by extensions ['colcon_pkg']
[0.232s] Level 1:colcon.colcon_core.package_identification:_identify(src/yolo_object_detector) by extension 'colcon_pkg'
[0.232s] Level 1:colcon.colcon_core.package_identification:_identify(src/yolo_object_detector) by extensions ['colcon_meta']
[0.232s] Level 1:colcon.colcon_core.package_identification:_identify(src/yolo_object_detector) by extension 'colcon_meta'
[0.232s] Level 1:colcon.colcon_core.package_identification:_identify(src/yolo_object_detector) by extensions ['ros']
[0.232s] Level 1:colcon.colcon_core.package_identification:_identify(src/yolo_object_detector) by extension 'ros'
[0.232s] DEBUG:colcon.colcon_core.package_identification:Package 'src/yolo_object_detector' with type 'ros.ament_python' and name 'yolo_object_detector'
[0.232s] Level 1:colcon.colcon_core.package_identification:_identify(src/zed-ros2-interfaces) by extensions ['ignore', 'ignore_ament_install']
[0.232s] Level 1:colcon.colcon_core.package_identification:_identify(src/zed-ros2-interfaces) by extension 'ignore'
[0.232s] Level 1:colcon.colcon_core.package_identification:_identify(src/zed-ros2-interfaces) by extension 'ignore_ament_install'
[0.232s] Level 1:colcon.colcon_core.package_identification:_identify(src/zed-ros2-interfaces) by extensions ['colcon_pkg']
[0.232s] Level 1:colcon.colcon_core.package_identification:_identify(src/zed-ros2-interfaces) by extension 'colcon_pkg'
[0.232s] Level 1:colcon.colcon_core.package_identification:_identify(src/zed-ros2-interfaces) by extensions ['colcon_meta']
[0.232s] Level 1:colcon.colcon_core.package_identification:_identify(src/zed-ros2-interfaces) by extension 'colcon_meta'
[0.232s] Level 1:colcon.colcon_core.package_identification:_identify(src/zed-ros2-interfaces) by extensions ['ros']
[0.232s] Level 1:colcon.colcon_core.package_identification:_identify(src/zed-ros2-interfaces) by extension 'ros'
[0.233s] DEBUG:colcon.colcon_core.package_identification:Package 'src/zed-ros2-interfaces' with type 'ros.ament_cmake' and name 'zed_interfaces'
[0.233s] Level 1:colcon.colcon_core.package_identification:_identify(src/zed-ros2-wrapper) by extensions ['ignore', 'ignore_ament_install']
[0.233s] Level 1:colcon.colcon_core.package_identification:_identify(src/zed-ros2-wrapper) by extension 'ignore'
[0.233s] Level 1:colcon.colcon_core.package_identification:_identify(src/zed-ros2-wrapper) by extension 'ignore_ament_install'
[0.233s] Level 1:colcon.colcon_core.package_identification:_identify(src/zed-ros2-wrapper) by extensions ['colcon_pkg']
[0.233s] Level 1:colcon.colcon_core.package_identification:_identify(src/zed-ros2-wrapper) by extension 'colcon_pkg'
[0.233s] Level 1:colcon.colcon_core.package_identification:_identify(src/zed-ros2-wrapper) by extensions ['colcon_meta']
[0.233s] Level 1:colcon.colcon_core.package_identification:_identify(src/zed-ros2-wrapper) by extension 'colcon_meta'
[0.233s] Level 1:colcon.colcon_core.package_identification:_identify(src/zed-ros2-wrapper) by extensions ['ros']
[0.233s] Level 1:colcon.colcon_core.package_identification:_identify(src/zed-ros2-wrapper) by extension 'ros'
[0.233s] Level 1:colcon.colcon_core.package_identification:_identify(src/zed-ros2-wrapper) by extensions ['cmake', 'python']
[0.233s] Level 1:colcon.colcon_core.package_identification:_identify(src/zed-ros2-wrapper) by extension 'cmake'
[0.233s] Level 1:colcon.colcon_core.package_identification:_identify(src/zed-ros2-wrapper) by extension 'python'
[0.233s] Level 1:colcon.colcon_core.package_identification:_identify(src/zed-ros2-wrapper) by extensions ['python_setup_py']
[0.233s] Level 1:colcon.colcon_core.package_identification:_identify(src/zed-ros2-wrapper) by extension 'python_setup_py'
[0.233s] Level 1:colcon.colcon_core.package_identification:_identify(src/zed-ros2-wrapper/docker) by extensions ['ignore', 'ignore_ament_install']
[0.233s] Level 1:colcon.colcon_core.package_identification:_identify(src/zed-ros2-wrapper/docker) by extension 'ignore'
[0.233s] Level 1:colcon.colcon_core.package_identification:_identify(src/zed-ros2-wrapper/docker) by extension 'ignore_ament_install'
[0.233s] Level 1:colcon.colcon_core.package_identification:_identify(src/zed-ros2-wrapper/docker) by extensions ['colcon_pkg']
[0.233s] Level 1:colcon.colcon_core.package_identification:_identify(src/zed-ros2-wrapper/docker) by extension 'colcon_pkg'
[0.233s] Level 1:colcon.colcon_core.package_identification:_identify(src/zed-ros2-wrapper/docker) by extensions ['colcon_meta']
[0.233s] Level 1:colcon.colcon_core.package_identification:_identify(src/zed-ros2-wrapper/docker) by extension 'colcon_meta'
[0.233s] Level 1:colcon.colcon_core.package_identification:_identify(src/zed-ros2-wrapper/docker) by extensions ['ros']
[0.233s] Level 1:colcon.colcon_core.package_identification:_identify(src/zed-ros2-wrapper/docker) by extension 'ros'
[0.233s] Level 1:colcon.colcon_core.package_identification:_identify(src/zed-ros2-wrapper/docker) by extensions ['cmake', 'python']
[0.233s] Level 1:colcon.colcon_core.package_identification:_identify(src/zed-ros2-wrapper/docker) by extension 'cmake'
[0.233s] Level 1:colcon.colcon_core.package_identification:_identify(src/zed-ros2-wrapper/docker) by extension 'python'
[0.233s] Level 1:colcon.colcon_core.package_identification:_identify(src/zed-ros2-wrapper/docker) by extensions ['python_setup_py']
[0.233s] Level 1:colcon.colcon_core.package_identification:_identify(src/zed-ros2-wrapper/docker) by extension 'python_setup_py'
[0.233s] Level 1:colcon.colcon_core.package_identification:_identify(src/zed-ros2-wrapper/images) by extensions ['ignore', 'ignore_ament_install']
[0.233s] Level 1:colcon.colcon_core.package_identification:_identify(src/zed-ros2-wrapper/images) by extension 'ignore'
[0.233s] Level 1:colcon.colcon_core.package_identification:_identify(src/zed-ros2-wrapper/images) by extension 'ignore_ament_install'
[0.233s] Level 1:colcon.colcon_core.package_identification:_identify(src/zed-ros2-wrapper/images) by extensions ['colcon_pkg']
[0.233s] Level 1:colcon.colcon_core.package_identification:_identify(src/zed-ros2-wrapper/images) by extension 'colcon_pkg'
[0.233s] Level 1:colcon.colcon_core.package_identification:_identify(src/zed-ros2-wrapper/images) by extensions ['colcon_meta']
[0.233s] Level 1:colcon.colcon_core.package_identification:_identify(src/zed-ros2-wrapper/images) by extension 'colcon_meta'
[0.233s] Level 1:colcon.colcon_core.package_identification:_identify(src/zed-ros2-wrapper/images) by extensions ['ros']
[0.233s] Level 1:colcon.colcon_core.package_identification:_identify(src/zed-ros2-wrapper/images) by extension 'ros'
[0.234s] Level 1:colcon.colcon_core.package_identification:_identify(src/zed-ros2-wrapper/images) by extensions ['cmake', 'python']
[0.234s] Level 1:colcon.colcon_core.package_identification:_identify(src/zed-ros2-wrapper/images) by extension 'cmake'
[0.234s] Level 1:colcon.colcon_core.package_identification:_identify(src/zed-ros2-wrapper/images) by extension 'python'
[0.234s] Level 1:colcon.colcon_core.package_identification:_identify(src/zed-ros2-wrapper/images) by extensions ['python_setup_py']
[0.234s] Level 1:colcon.colcon_core.package_identification:_identify(src/zed-ros2-wrapper/images) by extension 'python_setup_py'
[0.234s] Level 1:colcon.colcon_core.package_identification:_identify(src/zed-ros2-wrapper/zed_components) by extensions ['ignore', 'ignore_ament_install']
[0.234s] Level 1:colcon.colcon_core.package_identification:_identify(src/zed-ros2-wrapper/zed_components) by extension 'ignore'
[0.234s] Level 1:colcon.colcon_core.package_identification:_identify(src/zed-ros2-wrapper/zed_components) by extension 'ignore_ament_install'
[0.234s] Level 1:colcon.colcon_core.package_identification:_identify(src/zed-ros2-wrapper/zed_components) by extensions ['colcon_pkg']
[0.234s] Level 1:colcon.colcon_core.package_identification:_identify(src/zed-ros2-wrapper/zed_components) by extension 'colcon_pkg'
[0.234s] Level 1:colcon.colcon_core.package_identification:_identify(src/zed-ros2-wrapper/zed_components) by extensions ['colcon_meta']
[0.234s] Level 1:colcon.colcon_core.package_identification:_identify(src/zed-ros2-wrapper/zed_components) by extension 'colcon_meta'
[0.234s] Level 1:colcon.colcon_core.package_identification:_identify(src/zed-ros2-wrapper/zed_components) by extensions ['ros']
[0.234s] Level 1:colcon.colcon_core.package_identification:_identify(src/zed-ros2-wrapper/zed_components) by extension 'ros'
[0.234s] DEBUG:colcon.colcon_core.package_identification:Package 'src/zed-ros2-wrapper/zed_components' with type 'ros.ament_cmake' and name 'zed_components'
[0.234s] Level 1:colcon.colcon_core.package_identification:_identify(src/zed-ros2-wrapper/zed_ros2) by extensions ['ignore', 'ignore_ament_install']
[0.235s] Level 1:colcon.colcon_core.package_identification:_identify(src/zed-ros2-wrapper/zed_ros2) by extension 'ignore'
[0.235s] Level 1:colcon.colcon_core.package_identification:_identify(src/zed-ros2-wrapper/zed_ros2) by extension 'ignore_ament_install'
[0.235s] Level 1:colcon.colcon_core.package_identification:_identify(src/zed-ros2-wrapper/zed_ros2) by extensions ['colcon_pkg']
[0.235s] Level 1:colcon.colcon_core.package_identification:_identify(src/zed-ros2-wrapper/zed_ros2) by extension 'colcon_pkg'
[0.235s] Level 1:colcon.colcon_core.package_identification:_identify(src/zed-ros2-wrapper/zed_ros2) by extensions ['colcon_meta']
[0.235s] Level 1:colcon.colcon_core.package_identification:_identify(src/zed-ros2-wrapper/zed_ros2) by extension 'colcon_meta'
[0.235s] Level 1:colcon.colcon_core.package_identification:_identify(src/zed-ros2-wrapper/zed_ros2) by extensions ['ros']
[0.235s] Level 1:colcon.colcon_core.package_identification:_identify(src/zed-ros2-wrapper/zed_ros2) by extension 'ros'
[0.235s] DEBUG:colcon.colcon_core.package_identification:Package 'src/zed-ros2-wrapper/zed_ros2' with type 'ros.ament_cmake' and name 'zed_ros2'
[0.235s] Level 1:colcon.colcon_core.package_identification:_identify(src/zed-ros2-wrapper/zed_wrapper) by extensions ['ignore', 'ignore_ament_install']
[0.235s] Level 1:colcon.colcon_core.package_identification:_identify(src/zed-ros2-wrapper/zed_wrapper) by extension 'ignore'
[0.235s] Level 1:colcon.colcon_core.package_identification:_identify(src/zed-ros2-wrapper/zed_wrapper) by extension 'ignore_ament_install'
[0.235s] Level 1:colcon.colcon_core.package_identification:_identify(src/zed-ros2-wrapper/zed_wrapper) by extensions ['colcon_pkg']
[0.235s] Level 1:colcon.colcon_core.package_identification:_identify(src/zed-ros2-wrapper/zed_wrapper) by extension 'colcon_pkg'
[0.235s] Level 1:colcon.colcon_core.package_identification:_identify(src/zed-ros2-wrapper/zed_wrapper) by extensions ['colcon_meta']
[0.235s] Level 1:colcon.colcon_core.package_identification:_identify(src/zed-ros2-wrapper/zed_wrapper) by extension 'colcon_meta'
[0.235s] Level 1:colcon.colcon_core.package_identification:_identify(src/zed-ros2-wrapper/zed_wrapper) by extensions ['ros']
[0.235s] Level 1:colcon.colcon_core.package_identification:_identify(src/zed-ros2-wrapper/zed_wrapper) by extension 'ros'
[0.236s] DEBUG:colcon.colcon_core.package_identification:Package 'src/zed-ros2-wrapper/zed_wrapper' with type 'ros.ament_cmake' and name 'zed_wrapper'
[0.236s] Level 1:colcon.colcon_core.package_discovery:discover_packages(recursive) using defaults
[0.236s] Level 1:colcon.colcon_core.package_discovery:discover_packages(ignore) discover
[0.236s] Level 1:colcon.colcon_core.package_discovery:discover_packages(ignore) using defaults
[0.236s] Level 1:colcon.colcon_core.package_discovery:discover_packages(path) discover
[0.236s] Level 1:colcon.colcon_core.package_discovery:discover_packages(path) using defaults
[0.253s] INFO:colcon.colcon_core.package_selection:Skipping package 'xarm_planner' in 'src/xarm_ros2/xarm_planner'
[0.253s] INFO:colcon.colcon_core.package_selection:Skipping package 'zed_ros2' in 'src/zed-ros2-wrapper/zed_ros2'
[0.253s] INFO:colcon.colcon_core.package_selection:Skipping package 'whisper_demos' in 'src/ros2_whisper/whisper_demos'
[0.253s] INFO:colcon.colcon_core.package_selection:Skipping package 'whisper_bringup' in 'src/ros2_whisper/whisper_bringup'
[0.253s] INFO:colcon.colcon_core.package_selection:Skipping package 'zed_wrapper' in 'src/zed-ros2-wrapper/zed_wrapper'
[0.253s] INFO:colcon.colcon_core.package_selection:Skipping package 'whisper_server' in 'src/ros2_whisper/whisper_server'
[0.253s] INFO:colcon.colcon_core.package_selection:Skipping package 'transcript_manager' in 'src/ros2_whisper/transcript_manager'
[0.253s] INFO:colcon.colcon_core.package_selection:Skipping package 'zed_components' in 'src/zed-ros2-wrapper/zed_components'
[0.254s] INFO:colcon.colcon_core.package_selection:Skipping package 'whisper_util' in 'src/ros2_whisper/whisper_util'
[0.254s] INFO:colcon.colcon_core.package_selection:Skipping package 'voice_command_listener' in 'src/voice_command_listener'
[0.254s] INFO:colcon.colcon_core.package_selection:Skipping package 'move_to_coordinator' in 'src/move_to_coordinator'
[0.254s] INFO:colcon.colcon_core.package_selection:Skipping package 'motion_sequence' in 'src/motion_sequence'
[0.254s] INFO:colcon.colcon_core.package_selection:Skipping package 'zed_interfaces' in 'src/zed-ros2-interfaces'
[0.254s] INFO:colcon.colcon_core.package_selection:Skipping package 'yolo_object_detector' in 'src/yolo_object_detector'
[0.254s] INFO:colcon.colcon_core.package_selection:Skipping package 'whisper_cpp_vendor' in 'src/ros2_whisper/whisper_cpp_vendor'
[0.254s] INFO:colcon.colcon_core.package_selection:Skipping package 'rviz_servo_status_overlay' in 'src/rviz_servo_status_overlay'
[0.254s] INFO:colcon.colcon_core.package_selection:Skipping package 'rviz_marker_static_scene_objects' in 'src/rviz_marker_static_scene_objects'
[0.254s] INFO:colcon.colcon_core.package_selection:Skipping package 'robot_motion_handler_movegroup' in 'src/robot_motion_handler_movegroup'
[0.254s] INFO:colcon.colcon_core.package_selection:Skipping package 'realsense_gazebo_plugin' in 'src/xarm_ros2/thirdparty/realsense_gazebo_plugin'
[0.254s] INFO:colcon.colcon_core.package_selection:Skipping package 'my_3d_vision_bringup' in 'src/my_3d_vision_bringup'
[0.254s] INFO:colcon.colcon_core.package_selection:Skipping package 'mbot_demo' in 'src/xarm_ros2/demo/mbot_demo'
[0.254s] INFO:colcon.colcon_core.package_selection:Skipping package 'gaze_control' in 'src/gaze_control'
[0.254s] INFO:colcon.colcon_core.package_selection:Skipping package 'collision_check' in 'src/collision_check'
[0.254s] INFO:colcon.colcon_core.package_selection:Skipping package 'audio_listener' in 'src/ros2_whisper/audio_listener'
[0.254s] Level 1:colcon.colcon_core.package_discovery:discover_packages(prefix_path) check parameters
[0.254s] Level 1:colcon.colcon_core.package_discovery:discover_packages(prefix_path) discover
[0.256s] DEBUG:colcon.colcon_installed_package_information.package_discovery:Found 35 installed packages in /home/mk/dev_ws/install
[0.256s] DEBUG:colcon.colcon_installed_package_information.package_discovery:Found 365 installed packages in /opt/ros/humble
[0.258s] Level 1:colcon.colcon_core.package_discovery:discover_packages(prefix_path) using defaults
[0.282s] WARNING:colcon.colcon_core.package_selection:Some selected packages are already built in one or more underlay workspaces:
	'xarm_moveit_config' is in: /home/mk/dev_ws/install/xarm_moveit_config
	'uf_ros_lib' is in: /home/mk/dev_ws/install/uf_ros_lib
	'xarm_description' is in: /home/mk/dev_ws/install/xarm_description
	'whisper_idl' is in: /home/mk/dev_ws/install/whisper_idl
	'xarm_msgs' is in: /home/mk/dev_ws/install/xarm_msgs
If a package in a merged underlay workspace is overridden and it installs headers, then all packages in the overlay must sort their include directories by workspace order. Failure to do so may result in build failures or undefined behavior at run time.
If the overridden package is used by another package in any underlay, then the overriding package in the overlay must be API and ABI compatible or undefined behavior at run time may occur.

If you understand the risks and want to override a package anyways, add the following to the command line:
	--allow-overriding uf_ros_lib whisper_idl xarm_description xarm_moveit_config xarm_msgs

This may be promoted to an error in a future release of colcon-override-check.
[0.283s] Level 5:colcon.colcon_core.verb:set package 'uf_ros_lib' build argument 'cmake_args' from command line to 'None'
[0.283s] Level 5:colcon.colcon_core.verb:set package 'uf_ros_lib' build argument 'cmake_target' from command line to 'None'
[0.283s] Level 5:colcon.colcon_core.verb:set package 'uf_ros_lib' build argument 'cmake_target_skip_unavailable' from command line to 'False'
[0.283s] Level 5:colcon.colcon_core.verb:set package 'uf_ros_lib' build argument 'cmake_clean_cache' from command line to 'False'
[0.283s] Level 5:colcon.colcon_core.verb:set package 'uf_ros_lib' build argument 'cmake_clean_first' from command line to 'False'
[0.283s] Level 5:colcon.colcon_core.verb:set package 'uf_ros_lib' build argument 'cmake_force_configure' from command line to 'False'
[0.283s] Level 5:colcon.colcon_core.verb:set package 'uf_ros_lib' build argument 'ament_cmake_args' from command line to 'None'
[0.283s] Level 5:colcon.colcon_core.verb:set package 'uf_ros_lib' build argument 'catkin_cmake_args' from command line to 'None'
[0.283s] Level 5:colcon.colcon_core.verb:set package 'uf_ros_lib' build argument 'catkin_skip_building_tests' from command line to 'False'
[0.283s] DEBUG:colcon.colcon_core.verb:Building package 'uf_ros_lib' with the following arguments: {'ament_cmake_args': None, 'build_base': '/home/mk/dev_ws/build/uf_ros_lib', 'catkin_cmake_args': None, 'catkin_skip_building_tests': False, 'cmake_args': None, 'cmake_clean_cache': False, 'cmake_clean_first': False, 'cmake_force_configure': False, 'cmake_target': None, 'cmake_target_skip_unavailable': False, 'install_base': '/home/mk/dev_ws/install/uf_ros_lib', 'merge_install': False, 'path': '/home/mk/dev_ws/src/xarm_ros2/uf_ros_lib', 'symlink_install': False, 'test_result_base': None}
[0.283s] Level 5:colcon.colcon_core.verb:set package 'whisper_idl' build argument 'cmake_args' from command line to 'None'
[0.283s] Level 5:colcon.colcon_core.verb:set package 'whisper_idl' build argument 'cmake_target' from command line to 'None'
[0.283s] Level 5:colcon.colcon_core.verb:set package 'whisper_idl' build argument 'cmake_target_skip_unavailable' from command line to 'False'
[0.283s] Level 5:colcon.colcon_core.verb:set package 'whisper_idl' build argument 'cmake_clean_cache' from command line to 'False'
[0.283s] Level 5:colcon.colcon_core.verb:set package 'whisper_idl' build argument 'cmake_clean_first' from command line to 'False'
[0.283s] Level 5:colcon.colcon_core.verb:set package 'whisper_idl' build argument 'cmake_force_configure' from command line to 'False'
[0.283s] Level 5:colcon.colcon_core.verb:set package 'whisper_idl' build argument 'ament_cmake_args' from command line to 'None'
[0.283s] Level 5:colcon.colcon_core.verb:set package 'whisper_idl' build argument 'catkin_cmake_args' from command line to 'None'
[0.283s] Level 5:colcon.colcon_core.verb:set package 'whisper_idl' build argument 'catkin_skip_building_tests' from command line to 'False'
[0.283s] DEBUG:colcon.colcon_core.verb:Building package 'whisper_idl' with the following arguments: {'ament_cmake_args': None, 'build_base': '/home/mk/dev_ws/build/whisper_idl', 'catkin_cmake_args': None, 'catkin_skip_building_tests': False, 'cmake_args': None, 'cmake_clean_cache': False, 'cmake_clean_first': False, 'cmake_force_configure': False, 'cmake_target': None, 'cmake_target_skip_unavailable': False, 'install_base': '/home/mk/dev_ws/install/whisper_idl', 'merge_install': False, 'path': '/home/mk/dev_ws/src/ros2_whisper/whisper_idl', 'symlink_install': False, 'test_result_base': None}
[0.283s] Level 5:colcon.colcon_core.verb:set package 'xarm_description' build argument 'cmake_args' from command line to 'None'
[0.283s] Level 5:colcon.colcon_core.verb:set package 'xarm_description' build argument 'cmake_target' from command line to 'None'
[0.283s] Level 5:colcon.colcon_core.verb:set package 'xarm_description' build argument 'cmake_target_skip_unavailable' from command line to 'False'
[0.283s] Level 5:colcon.colcon_core.verb:set package 'xarm_description' build argument 'cmake_clean_cache' from command line to 'False'
[0.283s] Level 5:colcon.colcon_core.verb:set package 'xarm_description' build argument 'cmake_clean_first' from command line to 'False'
[0.283s] Level 5:colcon.colcon_core.verb:set package 'xarm_description' build argument 'cmake_force_configure' from command line to 'False'
[0.283s] Level 5:colcon.colcon_core.verb:set package 'xarm_description' build argument 'ament_cmake_args' from command line to 'None'
[0.283s] Level 5:colcon.colcon_core.verb:set package 'xarm_description' build argument 'catkin_cmake_args' from command line to 'None'
[0.283s] Level 5:colcon.colcon_core.verb:set package 'xarm_description' build argument 'catkin_skip_building_tests' from command line to 'False'
[0.283s] DEBUG:colcon.colcon_core.verb:Building package 'xarm_description' with the following arguments: {'ament_cmake_args': None, 'build_base': '/home/mk/dev_ws/build/xarm_description', 'catkin_cmake_args': None, 'catkin_skip_building_tests': False, 'cmake_args': None, 'cmake_clean_cache': False, 'cmake_clean_first': False, 'cmake_force_configure': False, 'cmake_target': None, 'cmake_target_skip_unavailable': False, 'install_base': '/home/mk/dev_ws/install/xarm_description', 'merge_install': False, 'path': '/home/mk/dev_ws/src/xarm_ros2/xarm_description', 'symlink_install': False, 'test_result_base': None}
[0.283s] Level 5:colcon.colcon_core.verb:set package 'xarm_msgs' build argument 'cmake_args' from command line to 'None'
[0.283s] Level 5:colcon.colcon_core.verb:set package 'xarm_msgs' build argument 'cmake_target' from command line to 'None'
[0.283s] Level 5:colcon.colcon_core.verb:set package 'xarm_msgs' build argument 'cmake_target_skip_unavailable' from command line to 'False'
[0.283s] Level 5:colcon.colcon_core.verb:set package 'xarm_msgs' build argument 'cmake_clean_cache' from command line to 'False'
[0.283s] Level 5:colcon.colcon_core.verb:set package 'xarm_msgs' build argument 'cmake_clean_first' from command line to 'False'
[0.284s] Level 5:colcon.colcon_core.verb:set package 'xarm_msgs' build argument 'cmake_force_configure' from command line to 'False'
[0.284s] Level 5:colcon.colcon_core.verb:set package 'xarm_msgs' build argument 'ament_cmake_args' from command line to 'None'
[0.284s] Level 5:colcon.colcon_core.verb:set package 'xarm_msgs' build argument 'catkin_cmake_args' from command line to 'None'
[0.284s] Level 5:colcon.colcon_core.verb:set package 'xarm_msgs' build argument 'catkin_skip_building_tests' from command line to 'False'
[0.284s] DEBUG:colcon.colcon_core.verb:Building package 'xarm_msgs' with the following arguments: {'ament_cmake_args': None, 'build_base': '/home/mk/dev_ws/build/xarm_msgs', 'catkin_cmake_args': None, 'catkin_skip_building_tests': False, 'cmake_args': None, 'cmake_clean_cache': False, 'cmake_clean_first': False, 'cmake_force_configure': False, 'cmake_target': None, 'cmake_target_skip_unavailable': False, 'install_base': '/home/mk/dev_ws/install/xarm_msgs', 'merge_install': False, 'path': '/home/mk/dev_ws/src/xarm_ros2/xarm_msgs', 'symlink_install': False, 'test_result_base': None}
[0.284s] Level 5:colcon.colcon_core.verb:set package 'xarm_sdk' build argument 'cmake_args' from command line to 'None'
[0.284s] Level 5:colcon.colcon_core.verb:set package 'xarm_sdk' build argument 'cmake_target' from command line to 'None'
[0.284s] Level 5:colcon.colcon_core.verb:set package 'xarm_sdk' build argument 'cmake_target_skip_unavailable' from command line to 'False'
[0.284s] Level 5:colcon.colcon_core.verb:set package 'xarm_sdk' build argument 'cmake_clean_cache' from command line to 'False'
[0.284s] Level 5:colcon.colcon_core.verb:set package 'xarm_sdk' build argument 'cmake_clean_first' from command line to 'False'
[0.284s] Level 5:colcon.colcon_core.verb:set package 'xarm_sdk' build argument 'cmake_force_configure' from command line to 'False'
[0.284s] Level 5:colcon.colcon_core.verb:set package 'xarm_sdk' build argument 'ament_cmake_args' from command line to 'None'
[0.284s] Level 5:colcon.colcon_core.verb:set package 'xarm_sdk' build argument 'catkin_cmake_args' from command line to 'None'
[0.284s] Level 5:colcon.colcon_core.verb:set package 'xarm_sdk' build argument 'catkin_skip_building_tests' from command line to 'False'
[0.284s] DEBUG:colcon.colcon_core.verb:Building package 'xarm_sdk' with the following arguments: {'ament_cmake_args': None, 'build_base': '/home/mk/dev_ws/build/xarm_sdk', 'catkin_cmake_args': None, 'catkin_skip_building_tests': False, 'cmake_args': None, 'cmake_clean_cache': False, 'cmake_clean_first': False, 'cmake_force_configure': False, 'cmake_target': None, 'cmake_target_skip_unavailable': False, 'install_base': '/home/mk/dev_ws/install/xarm_sdk', 'merge_install': False, 'path': '/home/mk/dev_ws/src/xarm_ros2/xarm_sdk', 'symlink_install': False, 'test_result_base': None}
[0.284s] Level 5:colcon.colcon_core.verb:set package 'rviz_robot_control_panel' build argument 'cmake_args' from command line to 'None'
[0.284s] Level 5:colcon.colcon_core.verb:set package 'rviz_robot_control_panel' build argument 'cmake_target' from command line to 'None'
[0.284s] Level 5:colcon.colcon_core.verb:set package 'rviz_robot_control_panel' build argument 'cmake_target_skip_unavailable' from command line to 'False'
[0.284s] Level 5:colcon.colcon_core.verb:set package 'rviz_robot_control_panel' build argument 'cmake_clean_cache' from command line to 'False'
[0.284s] Level 5:colcon.colcon_core.verb:set package 'rviz_robot_control_panel' build argument 'cmake_clean_first' from command line to 'False'
[0.284s] Level 5:colcon.colcon_core.verb:set package 'rviz_robot_control_panel' build argument 'cmake_force_configure' from command line to 'False'
[0.284s] Level 5:colcon.colcon_core.verb:set package 'rviz_robot_control_panel' build argument 'ament_cmake_args' from command line to 'None'
[0.284s] Level 5:colcon.colcon_core.verb:set package 'rviz_robot_control_panel' build argument 'catkin_cmake_args' from command line to 'None'
[0.284s] Level 5:colcon.colcon_core.verb:set package 'rviz_robot_control_panel' build argument 'catkin_skip_building_tests' from command line to 'False'
[0.284s] DEBUG:colcon.colcon_core.verb:Building package 'rviz_robot_control_panel' with the following arguments: {'ament_cmake_args': None, 'build_base': '/home/mk/dev_ws/build/rviz_robot_control_panel', 'catkin_cmake_args': None, 'catkin_skip_building_tests': False, 'cmake_args': None, 'cmake_clean_cache': False, 'cmake_clean_first': False, 'cmake_force_configure': False, 'cmake_target': None, 'cmake_target_skip_unavailable': False, 'install_base': '/home/mk/dev_ws/install/rviz_robot_control_panel', 'merge_install': False, 'path': '/home/mk/dev_ws/src/rviz_robot_control_panel', 'symlink_install': False, 'test_result_base': None}
[0.284s] Level 5:colcon.colcon_core.verb:set package 'xarm_api' build argument 'cmake_args' from command line to 'None'
[0.284s] Level 5:colcon.colcon_core.verb:set package 'xarm_api' build argument 'cmake_target' from command line to 'None'
[0.284s] Level 5:colcon.colcon_core.verb:set package 'xarm_api' build argument 'cmake_target_skip_unavailable' from command line to 'False'
[0.284s] Level 5:colcon.colcon_core.verb:set package 'xarm_api' build argument 'cmake_clean_cache' from command line to 'False'
[0.284s] Level 5:colcon.colcon_core.verb:set package 'xarm_api' build argument 'cmake_clean_first' from command line to 'False'
[0.284s] Level 5:colcon.colcon_core.verb:set package 'xarm_api' build argument 'cmake_force_configure' from command line to 'False'
[0.284s] Level 5:colcon.colcon_core.verb:set package 'xarm_api' build argument 'ament_cmake_args' from command line to 'None'
[0.284s] Level 5:colcon.colcon_core.verb:set package 'xarm_api' build argument 'catkin_cmake_args' from command line to 'None'
[0.284s] Level 5:colcon.colcon_core.verb:set package 'xarm_api' build argument 'catkin_skip_building_tests' from command line to 'False'
[0.284s] DEBUG:colcon.colcon_core.verb:Building package 'xarm_api' with the following arguments: {'ament_cmake_args': None, 'build_base': '/home/mk/dev_ws/build/xarm_api', 'catkin_cmake_args': None, 'catkin_skip_building_tests': False, 'cmake_args': None, 'cmake_clean_cache': False, 'cmake_clean_first': False, 'cmake_force_configure': False, 'cmake_target': None, 'cmake_target_skip_unavailable': False, 'install_base': '/home/mk/dev_ws/install/xarm_api', 'merge_install': False, 'path': '/home/mk/dev_ws/src/xarm_ros2/xarm_api', 'symlink_install': False, 'test_result_base': None}
[0.284s] Level 5:colcon.colcon_core.verb:set package 'xarm_controller' build argument 'cmake_args' from command line to 'None'
[0.284s] Level 5:colcon.colcon_core.verb:set package 'xarm_controller' build argument 'cmake_target' from command line to 'None'
[0.284s] Level 5:colcon.colcon_core.verb:set package 'xarm_controller' build argument 'cmake_target_skip_unavailable' from command line to 'False'
[0.284s] Level 5:colcon.colcon_core.verb:set package 'xarm_controller' build argument 'cmake_clean_cache' from command line to 'False'
[0.284s] Level 5:colcon.colcon_core.verb:set package 'xarm_controller' build argument 'cmake_clean_first' from command line to 'False'
[0.284s] Level 5:colcon.colcon_core.verb:set package 'xarm_controller' build argument 'cmake_force_configure' from command line to 'False'
[0.284s] Level 5:colcon.colcon_core.verb:set package 'xarm_controller' build argument 'ament_cmake_args' from command line to 'None'
[0.284s] Level 5:colcon.colcon_core.verb:set package 'xarm_controller' build argument 'catkin_cmake_args' from command line to 'None'
[0.284s] Level 5:colcon.colcon_core.verb:set package 'xarm_controller' build argument 'catkin_skip_building_tests' from command line to 'False'
[0.284s] DEBUG:colcon.colcon_core.verb:Building package 'xarm_controller' with the following arguments: {'ament_cmake_args': None, 'build_base': '/home/mk/dev_ws/build/xarm_controller', 'catkin_cmake_args': None, 'catkin_skip_building_tests': False, 'cmake_args': None, 'cmake_clean_cache': False, 'cmake_clean_first': False, 'cmake_force_configure': False, 'cmake_target': None, 'cmake_target_skip_unavailable': False, 'install_base': '/home/mk/dev_ws/install/xarm_controller', 'merge_install': False, 'path': '/home/mk/dev_ws/src/xarm_ros2/xarm_controller', 'symlink_install': False, 'test_result_base': None}
[0.285s] Level 5:colcon.colcon_core.verb:set package 'xarm_gazebo' build argument 'cmake_args' from command line to 'None'
[0.285s] Level 5:colcon.colcon_core.verb:set package 'xarm_gazebo' build argument 'cmake_target' from command line to 'None'
[0.285s] Level 5:colcon.colcon_core.verb:set package 'xarm_gazebo' build argument 'cmake_target_skip_unavailable' from command line to 'False'
[0.285s] Level 5:colcon.colcon_core.verb:set package 'xarm_gazebo' build argument 'cmake_clean_cache' from command line to 'False'
[0.285s] Level 5:colcon.colcon_core.verb:set package 'xarm_gazebo' build argument 'cmake_clean_first' from command line to 'False'
[0.285s] Level 5:colcon.colcon_core.verb:set package 'xarm_gazebo' build argument 'cmake_force_configure' from command line to 'False'
[0.285s] Level 5:colcon.colcon_core.verb:set package 'xarm_gazebo' build argument 'ament_cmake_args' from command line to 'None'
[0.285s] Level 5:colcon.colcon_core.verb:set package 'xarm_gazebo' build argument 'catkin_cmake_args' from command line to 'None'
[0.285s] Level 5:colcon.colcon_core.verb:set package 'xarm_gazebo' build argument 'catkin_skip_building_tests' from command line to 'False'
[0.285s] DEBUG:colcon.colcon_core.verb:Building package 'xarm_gazebo' with the following arguments: {'ament_cmake_args': None, 'build_base': '/home/mk/dev_ws/build/xarm_gazebo', 'catkin_cmake_args': None, 'catkin_skip_building_tests': False, 'cmake_args': None, 'cmake_clean_cache': False, 'cmake_clean_first': False, 'cmake_force_configure': False, 'cmake_target': None, 'cmake_target_skip_unavailable': False, 'install_base': '/home/mk/dev_ws/install/xarm_gazebo', 'merge_install': False, 'path': '/home/mk/dev_ws/src/xarm_ros2/xarm_gazebo', 'symlink_install': False, 'test_result_base': None}
[0.285s] Level 5:colcon.colcon_core.verb:set package 'xarm_moveit_config' build argument 'cmake_args' from command line to 'None'
[0.285s] Level 5:colcon.colcon_core.verb:set package 'xarm_moveit_config' build argument 'cmake_target' from command line to 'None'
[0.285s] Level 5:colcon.colcon_core.verb:set package 'xarm_moveit_config' build argument 'cmake_target_skip_unavailable' from command line to 'False'
[0.285s] Level 5:colcon.colcon_core.verb:set package 'xarm_moveit_config' build argument 'cmake_clean_cache' from command line to 'False'
[0.285s] Level 5:colcon.colcon_core.verb:set package 'xarm_moveit_config' build argument 'cmake_clean_first' from command line to 'False'
[0.285s] Level 5:colcon.colcon_core.verb:set package 'xarm_moveit_config' build argument 'cmake_force_configure' from command line to 'False'
[0.285s] Level 5:colcon.colcon_core.verb:set package 'xarm_moveit_config' build argument 'ament_cmake_args' from command line to 'None'
[0.285s] Level 5:colcon.colcon_core.verb:set package 'xarm_moveit_config' build argument 'catkin_cmake_args' from command line to 'None'
[0.285s] Level 5:colcon.colcon_core.verb:set package 'xarm_moveit_config' build argument 'catkin_skip_building_tests' from command line to 'False'
[0.285s] DEBUG:colcon.colcon_core.verb:Building package 'xarm_moveit_config' with the following arguments: {'ament_cmake_args': None, 'build_base': '/home/mk/dev_ws/build/xarm_moveit_config', 'catkin_cmake_args': None, 'catkin_skip_building_tests': False, 'cmake_args': None, 'cmake_clean_cache': False, 'cmake_clean_first': False, 'cmake_force_configure': False, 'cmake_target': None, 'cmake_target_skip_unavailable': False, 'install_base': '/home/mk/dev_ws/install/xarm_moveit_config', 'merge_install': False, 'path': '/home/mk/dev_ws/src/xarm_ros2/xarm_moveit_config', 'symlink_install': False, 'test_result_base': None}
[0.285s] Level 5:colcon.colcon_core.verb:set package 'xarm_moveit_servo' build argument 'cmake_args' from command line to 'None'
[0.285s] Level 5:colcon.colcon_core.verb:set package 'xarm_moveit_servo' build argument 'cmake_target' from command line to 'None'
[0.285s] Level 5:colcon.colcon_core.verb:set package 'xarm_moveit_servo' build argument 'cmake_target_skip_unavailable' from command line to 'False'
[0.285s] Level 5:colcon.colcon_core.verb:set package 'xarm_moveit_servo' build argument 'cmake_clean_cache' from command line to 'False'
[0.285s] Level 5:colcon.colcon_core.verb:set package 'xarm_moveit_servo' build argument 'cmake_clean_first' from command line to 'False'
[0.285s] Level 5:colcon.colcon_core.verb:set package 'xarm_moveit_servo' build argument 'cmake_force_configure' from command line to 'False'
[0.285s] Level 5:colcon.colcon_core.verb:set package 'xarm_moveit_servo' build argument 'ament_cmake_args' from command line to 'None'
[0.285s] Level 5:colcon.colcon_core.verb:set package 'xarm_moveit_servo' build argument 'catkin_cmake_args' from command line to 'None'
[0.285s] Level 5:colcon.colcon_core.verb:set package 'xarm_moveit_servo' build argument 'catkin_skip_building_tests' from command line to 'False'
[0.285s] DEBUG:colcon.colcon_core.verb:Building package 'xarm_moveit_servo' with the following arguments: {'ament_cmake_args': None, 'build_base': '/home/mk/dev_ws/build/xarm_moveit_servo', 'catkin_cmake_args': None, 'catkin_skip_building_tests': False, 'cmake_args': None, 'cmake_clean_cache': False, 'cmake_clean_first': False, 'cmake_force_configure': False, 'cmake_target': None, 'cmake_target_skip_unavailable': False, 'install_base': '/home/mk/dev_ws/install/xarm_moveit_servo', 'merge_install': False, 'path': '/home/mk/dev_ws/src/xarm_ros2/xarm_moveit_servo', 'symlink_install': False, 'test_result_base': None}
[0.285s] INFO:colcon.colcon_core.executor:Executing jobs using 'parallel' executor
[0.286s] DEBUG:colcon.colcon_parallel_executor.executor.parallel:run_until_complete
[0.286s] INFO:colcon.colcon_ros.task.ament_cmake.build:Building ROS package in '/home/mk/dev_ws/src/xarm_ros2/xarm_msgs' with build type 'ament_cmake'
[0.286s] INFO:colcon.colcon_cmake.task.cmake.build:Building CMake package in '/home/mk/dev_ws/src/xarm_ros2/xarm_msgs'
[0.288s] INFO:colcon.colcon_core.plugin_system:Skipping extension 'colcon_core.shell.bat': Not used on non-Windows systems
[0.288s] INFO:colcon.colcon_core.shell:Skip shell extension 'powershell' for command environment: Not usable outside of PowerShell
[0.288s] DEBUG:colcon.colcon_core.shell:Skip shell extension 'dsv' for command environment
[0.290s] INFO:colcon.colcon_ros.task.ament_cmake.build:Building ROS package in '/home/mk/dev_ws/src/xarm_ros2/xarm_description' with build type 'ament_cmake'
[0.291s] INFO:colcon.colcon_cmake.task.cmake.build:Building CMake package in '/home/mk/dev_ws/src/xarm_ros2/xarm_description'
[0.291s] INFO:colcon.colcon_core.shell:Skip shell extension 'powershell' for command environment: Not usable outside of PowerShell
[0.291s] DEBUG:colcon.colcon_core.shell:Skip shell extension 'dsv' for command environment
[0.294s] INFO:colcon.colcon_ros.task.ament_cmake.build:Building ROS package in '/home/mk/dev_ws/src/xarm_ros2/xarm_sdk' with build type 'ament_cmake'
[0.294s] INFO:colcon.colcon_cmake.task.cmake.build:Building CMake package in '/home/mk/dev_ws/src/xarm_ros2/xarm_sdk'
[0.294s] INFO:colcon.colcon_core.shell:Skip shell extension 'powershell' for command environment: Not usable outside of PowerShell
[0.294s] DEBUG:colcon.colcon_core.shell:Skip shell extension 'dsv' for command environment
[0.298s] INFO:colcon.colcon_ros.task.ament_python.build:Building ROS package in '/home/mk/dev_ws/src/xarm_ros2/uf_ros_lib' with build type 'ament_python'
[0.298s] Level 1:colcon.colcon_core.shell:create_environment_hook('uf_ros_lib', 'ament_prefix_path')
[0.298s] INFO:colcon.colcon_core.shell:Creating environment hook '/home/mk/dev_ws/install/uf_ros_lib/share/uf_ros_lib/hook/ament_prefix_path.ps1'
[0.299s] INFO:colcon.colcon_core.shell:Creating environment descriptor '/home/mk/dev_ws/install/uf_ros_lib/share/uf_ros_lib/hook/ament_prefix_path.dsv'
[0.299s] INFO:colcon.colcon_core.shell:Creating environment hook '/home/mk/dev_ws/install/uf_ros_lib/share/uf_ros_lib/hook/ament_prefix_path.sh'
[0.300s] INFO:colcon.colcon_core.shell:Skip shell extension 'powershell' for command environment: Not usable outside of PowerShell
[0.300s] DEBUG:colcon.colcon_core.shell:Skip shell extension 'dsv' for command environment
[0.302s] INFO:colcon.colcon_ros.task.ament_cmake.build:Building ROS package in '/home/mk/dev_ws/src/ros2_whisper/whisper_idl' with build type 'ament_cmake'
[0.302s] INFO:colcon.colcon_cmake.task.cmake.build:Building CMake package in '/home/mk/dev_ws/src/ros2_whisper/whisper_idl'
[0.303s] INFO:colcon.colcon_core.shell:Skip shell extension 'powershell' for command environment: Not usable outside of PowerShell
[0.303s] DEBUG:colcon.colcon_core.shell:Skip shell extension 'dsv' for command environment
[0.308s] DEBUG:colcon.colcon_core.event_handler.log_command:Invoking command in '/home/mk/dev_ws/build/xarm_msgs': CMAKE_PREFIX_PATH=${CMAKE_PREFIX_PATH}:/home/mk/dev_ws/install/yolo_object_detector:/home/mk/dev_ws/install/move_to_coordinator:/home/mk/dev_ws/install/motion_sequence:/home/mk/dev_ws/install/whisper_demos:/home/mk/dev_ws/install/voice_command_listener:/home/mk/dev_ws/install/uf_ros_lib:/home/mk/dev_ws/install/rviz_servo_status_overlay:/home/mk/dev_ws/install/rviz_marker_static_scene_objects:/home/mk/dev_ws/install/robot_motion_handler_movegroup:/home/mk/dev_ws/install/gaze_control:/home/mk/dev_ws/install/collision_check:/home/mk/dev_ws/install/audio_listener:/opt/ros/humble /usr/bin/cmake --build /home/mk/dev_ws/build/xarm_msgs -- -j16 -l16
[0.311s] DEBUG:colcon.colcon_core.event_handler.log_command:Invoking command in '/home/mk/dev_ws/build/xarm_description': CMAKE_PREFIX_PATH=${CMAKE_PREFIX_PATH}:/home/mk/dev_ws/install/yolo_object_detector:/home/mk/dev_ws/install/move_to_coordinator:/home/mk/dev_ws/install/motion_sequence:/home/mk/dev_ws/install/whisper_demos:/home/mk/dev_ws/install/voice_command_listener:/home/mk/dev_ws/install/uf_ros_lib:/home/mk/dev_ws/install/rviz_servo_status_overlay:/home/mk/dev_ws/install/rviz_marker_static_scene_objects:/home/mk/dev_ws/install/robot_motion_handler_movegroup:/home/mk/dev_ws/install/gaze_control:/home/mk/dev_ws/install/collision_check:/home/mk/dev_ws/install/audio_listener:/opt/ros/humble /usr/bin/cmake --build /home/mk/dev_ws/build/xarm_description -- -j16 -l16
[0.313s] DEBUG:colcon.colcon_core.event_handler.log_command:Invoking command in '/home/mk/dev_ws/build/xarm_sdk': CMAKE_PREFIX_PATH=${CMAKE_PREFIX_PATH}:/home/mk/dev_ws/install/yolo_object_detector:/home/mk/dev_ws/install/move_to_coordinator:/home/mk/dev_ws/install/motion_sequence:/home/mk/dev_ws/install/whisper_demos:/home/mk/dev_ws/install/voice_command_listener:/home/mk/dev_ws/install/uf_ros_lib:/home/mk/dev_ws/install/rviz_servo_status_overlay:/home/mk/dev_ws/install/rviz_marker_static_scene_objects:/home/mk/dev_ws/install/robot_motion_handler_movegroup:/home/mk/dev_ws/install/gaze_control:/home/mk/dev_ws/install/collision_check:/home/mk/dev_ws/install/audio_listener:/opt/ros/humble /usr/bin/cmake --build /home/mk/dev_ws/build/xarm_sdk -- -j16 -l16
[0.510s] INFO:colcon.colcon_core.task.python.build:Building Python package in '/home/mk/dev_ws/src/xarm_ros2/uf_ros_lib'
[0.510s] INFO:colcon.colcon_core.shell:Skip shell extension 'powershell' for command environment: Not usable outside of PowerShell
[0.510s] DEBUG:colcon.colcon_core.shell:Skip shell extension 'dsv' for command environment
[0.517s] DEBUG:colcon.colcon_core.event_handler.log_command:Invoked command in '/home/mk/dev_ws/build/xarm_description' returned '0': CMAKE_PREFIX_PATH=${CMAKE_PREFIX_PATH}:/home/mk/dev_ws/install/yolo_object_detector:/home/mk/dev_ws/install/move_to_coordinator:/home/mk/dev_ws/install/motion_sequence:/home/mk/dev_ws/install/whisper_demos:/home/mk/dev_ws/install/voice_command_listener:/home/mk/dev_ws/install/uf_ros_lib:/home/mk/dev_ws/install/rviz_servo_status_overlay:/home/mk/dev_ws/install/rviz_marker_static_scene_objects:/home/mk/dev_ws/install/robot_motion_handler_movegroup:/home/mk/dev_ws/install/gaze_control:/home/mk/dev_ws/install/collision_check:/home/mk/dev_ws/install/audio_listener:/opt/ros/humble /usr/bin/cmake --build /home/mk/dev_ws/build/xarm_description -- -j16 -l16
[0.525s] DEBUG:colcon.colcon_core.event_handler.log_command:Invoking command in '/home/mk/dev_ws/build/xarm_description': CMAKE_PREFIX_PATH=${CMAKE_PREFIX_PATH}:/home/mk/dev_ws/install/yolo_object_detector:/home/mk/dev_ws/install/move_to_coordinator:/home/mk/dev_ws/install/motion_sequence:/home/mk/dev_ws/install/whisper_demos:/home/mk/dev_ws/install/voice_command_listener:/home/mk/dev_ws/install/uf_ros_lib:/home/mk/dev_ws/install/rviz_servo_status_overlay:/home/mk/dev_ws/install/rviz_marker_static_scene_objects:/home/mk/dev_ws/install/robot_motion_handler_movegroup:/home/mk/dev_ws/install/gaze_control:/home/mk/dev_ws/install/collision_check:/home/mk/dev_ws/install/audio_listener:/opt/ros/humble /usr/bin/cmake --install /home/mk/dev_ws/build/xarm_description
[0.525s] DEBUG:colcon.colcon_core.event_handler.log_command:Invoked command in '/home/mk/dev_ws/build/xarm_sdk' returned '0': CMAKE_PREFIX_PATH=${CMAKE_PREFIX_PATH}:/home/mk/dev_ws/install/yolo_object_detector:/home/mk/dev_ws/install/move_to_coordinator:/home/mk/dev_ws/install/motion_sequence:/home/mk/dev_ws/install/whisper_demos:/home/mk/dev_ws/install/voice_command_listener:/home/mk/dev_ws/install/uf_ros_lib:/home/mk/dev_ws/install/rviz_servo_status_overlay:/home/mk/dev_ws/install/rviz_marker_static_scene_objects:/home/mk/dev_ws/install/robot_motion_handler_movegroup:/home/mk/dev_ws/install/gaze_control:/home/mk/dev_ws/install/collision_check:/home/mk/dev_ws/install/audio_listener:/opt/ros/humble /usr/bin/cmake --build /home/mk/dev_ws/build/xarm_sdk -- -j16 -l16
[0.526s] DEBUG:colcon.colcon_core.event_handler.log_command:Invoking command in '/home/mk/dev_ws/build/xarm_sdk': CMAKE_PREFIX_PATH=${CMAKE_PREFIX_PATH}:/home/mk/dev_ws/install/yolo_object_detector:/home/mk/dev_ws/install/move_to_coordinator:/home/mk/dev_ws/install/motion_sequence:/home/mk/dev_ws/install/whisper_demos:/home/mk/dev_ws/install/voice_command_listener:/home/mk/dev_ws/install/uf_ros_lib:/home/mk/dev_ws/install/rviz_servo_status_overlay:/home/mk/dev_ws/install/rviz_marker_static_scene_objects:/home/mk/dev_ws/install/robot_motion_handler_movegroup:/home/mk/dev_ws/install/gaze_control:/home/mk/dev_ws/install/collision_check:/home/mk/dev_ws/install/audio_listener:/opt/ros/humble /usr/bin/cmake --install /home/mk/dev_ws/build/xarm_sdk
[0.529s] DEBUG:colcon.colcon_core.event_handler.log_command:Invoking command in '/home/mk/dev_ws/build/whisper_idl': CMAKE_PREFIX_PATH=${CMAKE_PREFIX_PATH}:/home/mk/dev_ws/install/yolo_object_detector:/home/mk/dev_ws/install/move_to_coordinator:/home/mk/dev_ws/install/motion_sequence:/home/mk/dev_ws/install/whisper_demos:/home/mk/dev_ws/install/voice_command_listener:/home/mk/dev_ws/install/uf_ros_lib:/home/mk/dev_ws/install/rviz_servo_status_overlay:/home/mk/dev_ws/install/rviz_marker_static_scene_objects:/home/mk/dev_ws/install/robot_motion_handler_movegroup:/home/mk/dev_ws/install/gaze_control:/home/mk/dev_ws/install/collision_check:/home/mk/dev_ws/install/audio_listener:/opt/ros/humble /usr/bin/cmake --build /home/mk/dev_ws/build/whisper_idl -- -j16 -l16
[0.544s] Level 1:colcon.colcon_core.environment:create_environment_scripts_only(xarm_sdk)
[0.545s] DEBUG:colcon.colcon_core.event_handler.log_command:Invoked command in '/home/mk/dev_ws/build/xarm_sdk' returned '0': CMAKE_PREFIX_PATH=${CMAKE_PREFIX_PATH}:/home/mk/dev_ws/install/yolo_object_detector:/home/mk/dev_ws/install/move_to_coordinator:/home/mk/dev_ws/install/motion_sequence:/home/mk/dev_ws/install/whisper_demos:/home/mk/dev_ws/install/voice_command_listener:/home/mk/dev_ws/install/uf_ros_lib:/home/mk/dev_ws/install/rviz_servo_status_overlay:/home/mk/dev_ws/install/rviz_marker_static_scene_objects:/home/mk/dev_ws/install/robot_motion_handler_movegroup:/home/mk/dev_ws/install/gaze_control:/home/mk/dev_ws/install/collision_check:/home/mk/dev_ws/install/audio_listener:/opt/ros/humble /usr/bin/cmake --install /home/mk/dev_ws/build/xarm_sdk
[0.550s] Level 1:colcon.colcon_core.environment:checking '/home/mk/dev_ws/install/xarm_sdk' for CMake module files
[0.551s] Level 1:colcon.colcon_core.environment:checking '/home/mk/dev_ws/install/xarm_sdk' for CMake config files
[0.551s] Level 1:colcon.colcon_core.shell:create_environment_hook('xarm_sdk', 'cmake_prefix_path')
[0.551s] INFO:colcon.colcon_core.shell:Creating environment hook '/home/mk/dev_ws/install/xarm_sdk/share/xarm_sdk/hook/cmake_prefix_path.ps1'
[0.552s] INFO:colcon.colcon_core.shell:Creating environment descriptor '/home/mk/dev_ws/install/xarm_sdk/share/xarm_sdk/hook/cmake_prefix_path.dsv'
[0.552s] INFO:colcon.colcon_core.shell:Creating environment hook '/home/mk/dev_ws/install/xarm_sdk/share/xarm_sdk/hook/cmake_prefix_path.sh'
[0.552s] Level 1:colcon.colcon_core.environment:checking '/home/mk/dev_ws/install/xarm_sdk/lib'
[0.552s] Level 1:colcon.colcon_core.shell:create_environment_hook('xarm_sdk', 'ld_library_path_lib')
[0.553s] INFO:colcon.colcon_core.shell:Creating environment hook '/home/mk/dev_ws/install/xarm_sdk/share/xarm_sdk/hook/ld_library_path_lib.ps1'
[0.553s] INFO:colcon.colcon_core.shell:Creating environment descriptor '/home/mk/dev_ws/install/xarm_sdk/share/xarm_sdk/hook/ld_library_path_lib.dsv'
[0.553s] INFO:colcon.colcon_core.shell:Creating environment hook '/home/mk/dev_ws/install/xarm_sdk/share/xarm_sdk/hook/ld_library_path_lib.sh'
[0.553s] Level 1:colcon.colcon_core.environment:checking '/home/mk/dev_ws/install/xarm_sdk/bin'
[0.553s] Level 1:colcon.colcon_core.environment:checking '/home/mk/dev_ws/install/xarm_sdk/lib/pkgconfig/xarm_sdk.pc'
[0.554s] Level 1:colcon.colcon_core.environment:checking '/home/mk/dev_ws/install/xarm_sdk/lib/python3.10/site-packages'
[0.554s] Level 1:colcon.colcon_core.environment:checking '/home/mk/dev_ws/install/xarm_sdk/bin'
[0.554s] INFO:colcon.colcon_core.shell:Creating package script '/home/mk/dev_ws/install/xarm_sdk/share/xarm_sdk/package.ps1'
[0.555s] INFO:colcon.colcon_core.shell:Creating package descriptor '/home/mk/dev_ws/install/xarm_sdk/share/xarm_sdk/package.dsv'
[0.556s] INFO:colcon.colcon_core.shell:Creating package script '/home/mk/dev_ws/install/xarm_sdk/share/xarm_sdk/package.sh'
[0.556s] INFO:colcon.colcon_core.shell:Creating package script '/home/mk/dev_ws/install/xarm_sdk/share/xarm_sdk/package.bash'
[0.557s] INFO:colcon.colcon_core.shell:Creating package script '/home/mk/dev_ws/install/xarm_sdk/share/xarm_sdk/package.zsh'
[0.558s] Level 1:colcon.colcon_core.environment:create_file_with_runtime_dependencies(/home/mk/dev_ws/install/xarm_sdk/share/colcon-core/packages/xarm_sdk)
[0.558s] Level 1:colcon.colcon_core.environment:create_environment_scripts_only(xarm_sdk)
[0.558s] Level 1:colcon.colcon_core.environment:checking '/home/mk/dev_ws/install/xarm_sdk' for CMake module files
[0.559s] Level 1:colcon.colcon_core.environment:checking '/home/mk/dev_ws/install/xarm_sdk' for CMake config files
[0.559s] Level 1:colcon.colcon_core.shell:create_environment_hook('xarm_sdk', 'cmake_prefix_path')
[0.559s] INFO:colcon.colcon_core.shell:Creating environment hook '/home/mk/dev_ws/install/xarm_sdk/share/xarm_sdk/hook/cmake_prefix_path.ps1'
[0.559s] INFO:colcon.colcon_core.shell:Creating environment descriptor '/home/mk/dev_ws/install/xarm_sdk/share/xarm_sdk/hook/cmake_prefix_path.dsv'
[0.560s] INFO:colcon.colcon_core.shell:Creating environment hook '/home/mk/dev_ws/install/xarm_sdk/share/xarm_sdk/hook/cmake_prefix_path.sh'
[0.560s] Level 1:colcon.colcon_core.environment:checking '/home/mk/dev_ws/install/xarm_sdk/lib'
[0.560s] Level 1:colcon.colcon_core.shell:create_environment_hook('xarm_sdk', 'ld_library_path_lib')
[0.560s] INFO:colcon.colcon_core.shell:Creating environment hook '/home/mk/dev_ws/install/xarm_sdk/share/xarm_sdk/hook/ld_library_path_lib.ps1'
[0.560s] INFO:colcon.colcon_core.shell:Creating environment descriptor '/home/mk/dev_ws/install/xarm_sdk/share/xarm_sdk/hook/ld_library_path_lib.dsv'
[0.561s] INFO:colcon.colcon_core.shell:Creating environment hook '/home/mk/dev_ws/install/xarm_sdk/share/xarm_sdk/hook/ld_library_path_lib.sh'
[0.561s] Level 1:colcon.colcon_core.environment:checking '/home/mk/dev_ws/install/xarm_sdk/bin'
[0.561s] Level 1:colcon.colcon_core.environment:checking '/home/mk/dev_ws/install/xarm_sdk/lib/pkgconfig/xarm_sdk.pc'
[0.561s] Level 1:colcon.colcon_core.environment:checking '/home/mk/dev_ws/install/xarm_sdk/lib/python3.10/site-packages'
[0.561s] Level 1:colcon.colcon_core.environment:checking '/home/mk/dev_ws/install/xarm_sdk/bin'
[0.562s] INFO:colcon.colcon_core.shell:Creating package script '/home/mk/dev_ws/install/xarm_sdk/share/xarm_sdk/package.ps1'
[0.562s] INFO:colcon.colcon_core.shell:Creating package descriptor '/home/mk/dev_ws/install/xarm_sdk/share/xarm_sdk/package.dsv'
[0.563s] INFO:colcon.colcon_core.shell:Creating package script '/home/mk/dev_ws/install/xarm_sdk/share/xarm_sdk/package.sh'
[0.563s] INFO:colcon.colcon_core.shell:Creating package script '/home/mk/dev_ws/install/xarm_sdk/share/xarm_sdk/package.bash'
[0.564s] INFO:colcon.colcon_core.shell:Creating package script '/home/mk/dev_ws/install/xarm_sdk/share/xarm_sdk/package.zsh'
[0.564s] Level 1:colcon.colcon_core.environment:create_file_with_runtime_dependencies(/home/mk/dev_ws/install/xarm_sdk/share/colcon-core/packages/xarm_sdk)
[0.565s] Level 1:colcon.colcon_core.environment:create_environment_scripts_only(xarm_description)
[0.565s] Level 1:colcon.colcon_core.environment:checking '/home/mk/dev_ws/install/xarm_description' for CMake module files
[0.565s] DEBUG:colcon.colcon_core.event_handler.log_command:Invoked command in '/home/mk/dev_ws/build/xarm_description' returned '0': CMAKE_PREFIX_PATH=${CMAKE_PREFIX_PATH}:/home/mk/dev_ws/install/yolo_object_detector:/home/mk/dev_ws/install/move_to_coordinator:/home/mk/dev_ws/install/motion_sequence:/home/mk/dev_ws/install/whisper_demos:/home/mk/dev_ws/install/voice_command_listener:/home/mk/dev_ws/install/uf_ros_lib:/home/mk/dev_ws/install/rviz_servo_status_overlay:/home/mk/dev_ws/install/rviz_marker_static_scene_objects:/home/mk/dev_ws/install/robot_motion_handler_movegroup:/home/mk/dev_ws/install/gaze_control:/home/mk/dev_ws/install/collision_check:/home/mk/dev_ws/install/audio_listener:/opt/ros/humble /usr/bin/cmake --install /home/mk/dev_ws/build/xarm_description
[0.566s] Level 1:colcon.colcon_core.environment:checking '/home/mk/dev_ws/install/xarm_description' for CMake config files
[0.568s] Level 1:colcon.colcon_core.shell:create_environment_hook('xarm_description', 'cmake_prefix_path')
[0.568s] INFO:colcon.colcon_core.shell:Creating environment hook '/home/mk/dev_ws/install/xarm_description/share/xarm_description/hook/cmake_prefix_path.ps1'
[0.569s] INFO:colcon.colcon_core.shell:Creating environment descriptor '/home/mk/dev_ws/install/xarm_description/share/xarm_description/hook/cmake_prefix_path.dsv'
[0.569s] INFO:colcon.colcon_core.shell:Creating environment hook '/home/mk/dev_ws/install/xarm_description/share/xarm_description/hook/cmake_prefix_path.sh'
[0.569s] Level 1:colcon.colcon_core.environment:checking '/home/mk/dev_ws/install/xarm_description/bin'
[0.569s] Level 1:colcon.colcon_core.environment:checking '/home/mk/dev_ws/install/xarm_description/lib/pkgconfig/xarm_description.pc'
[0.569s] Level 1:colcon.colcon_core.environment:checking '/home/mk/dev_ws/install/xarm_description/lib/python3.10/site-packages'
[0.570s] Level 1:colcon.colcon_core.environment:checking '/home/mk/dev_ws/install/xarm_description/bin'
[0.570s] INFO:colcon.colcon_core.shell:Creating package script '/home/mk/dev_ws/install/xarm_description/share/xarm_description/package.ps1'
[0.570s] INFO:colcon.colcon_core.shell:Creating package descriptor '/home/mk/dev_ws/install/xarm_description/share/xarm_description/package.dsv'
[0.571s] INFO:colcon.colcon_core.shell:Creating package script '/home/mk/dev_ws/install/xarm_description/share/xarm_description/package.sh'
[0.571s] INFO:colcon.colcon_core.shell:Creating package script '/home/mk/dev_ws/install/xarm_description/share/xarm_description/package.bash'
[0.571s] INFO:colcon.colcon_core.shell:Creating package script '/home/mk/dev_ws/install/xarm_description/share/xarm_description/package.zsh'
[0.571s] Level 1:colcon.colcon_core.environment:create_file_with_runtime_dependencies(/home/mk/dev_ws/install/xarm_description/share/colcon-core/packages/xarm_description)
[0.572s] Level 1:colcon.colcon_core.environment:create_environment_scripts_only(xarm_description)
[0.572s] Level 1:colcon.colcon_core.environment:checking '/home/mk/dev_ws/install/xarm_description' for CMake module files
[0.572s] Level 1:colcon.colcon_core.environment:checking '/home/mk/dev_ws/install/xarm_description' for CMake config files
[0.574s] Level 1:colcon.colcon_core.shell:create_environment_hook('xarm_description', 'cmake_prefix_path')
[0.574s] INFO:colcon.colcon_core.shell:Creating environment hook '/home/mk/dev_ws/install/xarm_description/share/xarm_description/hook/cmake_prefix_path.ps1'
[0.575s] INFO:colcon.colcon_core.shell:Creating environment descriptor '/home/mk/dev_ws/install/xarm_description/share/xarm_description/hook/cmake_prefix_path.dsv'
[0.575s] INFO:colcon.colcon_core.shell:Creating environment hook '/home/mk/dev_ws/install/xarm_description/share/xarm_description/hook/cmake_prefix_path.sh'
[0.575s] Level 1:colcon.colcon_core.environment:checking '/home/mk/dev_ws/install/xarm_description/bin'
[0.575s] Level 1:colcon.colcon_core.environment:checking '/home/mk/dev_ws/install/xarm_description/lib/pkgconfig/xarm_description.pc'
[0.576s] Level 1:colcon.colcon_core.environment:checking '/home/mk/dev_ws/install/xarm_description/lib/python3.10/site-packages'
[0.576s] Level 1:colcon.colcon_core.environment:checking '/home/mk/dev_ws/install/xarm_description/bin'
[0.576s] INFO:colcon.colcon_core.shell:Creating package script '/home/mk/dev_ws/install/xarm_description/share/xarm_description/package.ps1'
[0.577s] INFO:colcon.colcon_core.shell:Creating package descriptor '/home/mk/dev_ws/install/xarm_description/share/xarm_description/package.dsv'
[0.577s] INFO:colcon.colcon_core.shell:Creating package script '/home/mk/dev_ws/install/xarm_description/share/xarm_description/package.sh'
[0.577s] INFO:colcon.colcon_core.shell:Creating package script '/home/mk/dev_ws/install/xarm_description/share/xarm_description/package.bash'
[0.577s] INFO:colcon.colcon_core.shell:Creating package script '/home/mk/dev_ws/install/xarm_description/share/xarm_description/package.zsh'
[0.578s] Level 1:colcon.colcon_core.environment:create_file_with_runtime_dependencies(/home/mk/dev_ws/install/xarm_description/share/colcon-core/packages/xarm_description)
[0.603s] DEBUG:colcon.colcon_core.event_handler.log_command:Invoked command in '/home/mk/dev_ws/build/xarm_msgs' returned '0': CMAKE_PREFIX_PATH=${CMAKE_PREFIX_PATH}:/home/mk/dev_ws/install/yolo_object_detector:/home/mk/dev_ws/install/move_to_coordinator:/home/mk/dev_ws/install/motion_sequence:/home/mk/dev_ws/install/whisper_demos:/home/mk/dev_ws/install/voice_command_listener:/home/mk/dev_ws/install/uf_ros_lib:/home/mk/dev_ws/install/rviz_servo_status_overlay:/home/mk/dev_ws/install/rviz_marker_static_scene_objects:/home/mk/dev_ws/install/robot_motion_handler_movegroup:/home/mk/dev_ws/install/gaze_control:/home/mk/dev_ws/install/collision_check:/home/mk/dev_ws/install/audio_listener:/opt/ros/humble /usr/bin/cmake --build /home/mk/dev_ws/build/xarm_msgs -- -j16 -l16
[0.604s] DEBUG:colcon.colcon_core.event_handler.log_command:Invoking command in '/home/mk/dev_ws/build/xarm_msgs': CMAKE_PREFIX_PATH=${CMAKE_PREFIX_PATH}:/home/mk/dev_ws/install/yolo_object_detector:/home/mk/dev_ws/install/move_to_coordinator:/home/mk/dev_ws/install/motion_sequence:/home/mk/dev_ws/install/whisper_demos:/home/mk/dev_ws/install/voice_command_listener:/home/mk/dev_ws/install/uf_ros_lib:/home/mk/dev_ws/install/rviz_servo_status_overlay:/home/mk/dev_ws/install/rviz_marker_static_scene_objects:/home/mk/dev_ws/install/robot_motion_handler_movegroup:/home/mk/dev_ws/install/gaze_control:/home/mk/dev_ws/install/collision_check:/home/mk/dev_ws/install/audio_listener:/opt/ros/humble /usr/bin/cmake --install /home/mk/dev_ws/build/xarm_msgs
[0.714s] Level 1:colcon.colcon_core.environment:create_environment_scripts_only(xarm_msgs)
[0.714s] Level 1:colcon.colcon_core.environment:checking '/home/mk/dev_ws/install/xarm_msgs' for CMake module files
[0.715s] DEBUG:colcon.colcon_core.event_handler.log_command:Invoked command in '/home/mk/dev_ws/build/xarm_msgs' returned '0': CMAKE_PREFIX_PATH=${CMAKE_PREFIX_PATH}:/home/mk/dev_ws/install/yolo_object_detector:/home/mk/dev_ws/install/move_to_coordinator:/home/mk/dev_ws/install/motion_sequence:/home/mk/dev_ws/install/whisper_demos:/home/mk/dev_ws/install/voice_command_listener:/home/mk/dev_ws/install/uf_ros_lib:/home/mk/dev_ws/install/rviz_servo_status_overlay:/home/mk/dev_ws/install/rviz_marker_static_scene_objects:/home/mk/dev_ws/install/robot_motion_handler_movegroup:/home/mk/dev_ws/install/gaze_control:/home/mk/dev_ws/install/collision_check:/home/mk/dev_ws/install/audio_listener:/opt/ros/humble /usr/bin/cmake --install /home/mk/dev_ws/build/xarm_msgs
[0.715s] Level 1:colcon.colcon_core.environment:checking '/home/mk/dev_ws/install/xarm_msgs' for CMake config files
[0.716s] Level 1:colcon.colcon_core.shell:create_environment_hook('xarm_msgs', 'cmake_prefix_path')
[0.717s] INFO:colcon.colcon_core.shell:Creating environment hook '/home/mk/dev_ws/install/xarm_msgs/share/xarm_msgs/hook/cmake_prefix_path.ps1'
[0.717s] INFO:colcon.colcon_core.shell:Creating environment descriptor '/home/mk/dev_ws/install/xarm_msgs/share/xarm_msgs/hook/cmake_prefix_path.dsv'
[0.717s] INFO:colcon.colcon_core.shell:Creating environment hook '/home/mk/dev_ws/install/xarm_msgs/share/xarm_msgs/hook/cmake_prefix_path.sh'
[0.718s] Level 1:colcon.colcon_core.environment:checking '/home/mk/dev_ws/install/xarm_msgs/lib'
[0.718s] Level 1:colcon.colcon_core.shell:create_environment_hook('xarm_msgs', 'ld_library_path_lib')
[0.718s] INFO:colcon.colcon_core.shell:Creating environment hook '/home/mk/dev_ws/install/xarm_msgs/share/xarm_msgs/hook/ld_library_path_lib.ps1'
[0.718s] INFO:colcon.colcon_core.shell:Creating environment descriptor '/home/mk/dev_ws/install/xarm_msgs/share/xarm_msgs/hook/ld_library_path_lib.dsv'
[0.718s] INFO:colcon.colcon_core.shell:Creating environment hook '/home/mk/dev_ws/install/xarm_msgs/share/xarm_msgs/hook/ld_library_path_lib.sh'
[0.719s] Level 1:colcon.colcon_core.environment:checking '/home/mk/dev_ws/install/xarm_msgs/bin'
[0.719s] Level 1:colcon.colcon_core.environment:checking '/home/mk/dev_ws/install/xarm_msgs/lib/pkgconfig/xarm_msgs.pc'
[0.719s] Level 1:colcon.colcon_core.environment:checking '/home/mk/dev_ws/install/xarm_msgs/lib/python3.10/site-packages'
[0.719s] Level 1:colcon.colcon_core.environment:checking '/home/mk/dev_ws/install/xarm_msgs/bin'
[0.719s] INFO:colcon.colcon_core.shell:Creating package script '/home/mk/dev_ws/install/xarm_msgs/share/xarm_msgs/package.ps1'
[0.720s] INFO:colcon.colcon_core.shell:Creating package descriptor '/home/mk/dev_ws/install/xarm_msgs/share/xarm_msgs/package.dsv'
[0.720s] INFO:colcon.colcon_core.shell:Creating package script '/home/mk/dev_ws/install/xarm_msgs/share/xarm_msgs/package.sh'
[0.720s] INFO:colcon.colcon_core.shell:Creating package script '/home/mk/dev_ws/install/xarm_msgs/share/xarm_msgs/package.bash'
[0.720s] INFO:colcon.colcon_core.shell:Creating package script '/home/mk/dev_ws/install/xarm_msgs/share/xarm_msgs/package.zsh'
[0.720s] Level 1:colcon.colcon_core.environment:create_file_with_runtime_dependencies(/home/mk/dev_ws/install/xarm_msgs/share/colcon-core/packages/xarm_msgs)
[0.721s] Level 1:colcon.colcon_core.environment:create_environment_scripts_only(xarm_msgs)
[0.721s] Level 1:colcon.colcon_core.environment:checking '/home/mk/dev_ws/install/xarm_msgs' for CMake module files
[0.721s] Level 1:colcon.colcon_core.environment:checking '/home/mk/dev_ws/install/xarm_msgs' for CMake config files
[0.722s] Level 1:colcon.colcon_core.shell:create_environment_hook('xarm_msgs', 'cmake_prefix_path')
[0.722s] INFO:colcon.colcon_core.shell:Creating environment hook '/home/mk/dev_ws/install/xarm_msgs/share/xarm_msgs/hook/cmake_prefix_path.ps1'
[0.723s] INFO:colcon.colcon_core.shell:Creating environment descriptor '/home/mk/dev_ws/install/xarm_msgs/share/xarm_msgs/hook/cmake_prefix_path.dsv'
[0.723s] INFO:colcon.colcon_core.shell:Creating environment hook '/home/mk/dev_ws/install/xarm_msgs/share/xarm_msgs/hook/cmake_prefix_path.sh'
[0.723s] Level 1:colcon.colcon_core.environment:checking '/home/mk/dev_ws/install/xarm_msgs/lib'
[0.723s] Level 1:colcon.colcon_core.shell:create_environment_hook('xarm_msgs', 'ld_library_path_lib')
[0.723s] INFO:colcon.colcon_core.shell:Creating environment hook '/home/mk/dev_ws/install/xarm_msgs/share/xarm_msgs/hook/ld_library_path_lib.ps1'
[0.724s] INFO:colcon.colcon_core.shell:Creating environment descriptor '/home/mk/dev_ws/install/xarm_msgs/share/xarm_msgs/hook/ld_library_path_lib.dsv'
[0.724s] INFO:colcon.colcon_core.shell:Creating environment hook '/home/mk/dev_ws/install/xarm_msgs/share/xarm_msgs/hook/ld_library_path_lib.sh'
[0.724s] Level 1:colcon.colcon_core.environment:checking '/home/mk/dev_ws/install/xarm_msgs/bin'
[0.724s] Level 1:colcon.colcon_core.environment:checking '/home/mk/dev_ws/install/xarm_msgs/lib/pkgconfig/xarm_msgs.pc'
[0.724s] Level 1:colcon.colcon_core.environment:checking '/home/mk/dev_ws/install/xarm_msgs/lib/python3.10/site-packages'
[0.724s] Level 1:colcon.colcon_core.environment:checking '/home/mk/dev_ws/install/xarm_msgs/bin'
[0.724s] INFO:colcon.colcon_core.shell:Creating package script '/home/mk/dev_ws/install/xarm_msgs/share/xarm_msgs/package.ps1'
[0.725s] INFO:colcon.colcon_core.shell:Creating package descriptor '/home/mk/dev_ws/install/xarm_msgs/share/xarm_msgs/package.dsv'
[0.725s] INFO:colcon.colcon_core.shell:Creating package script '/home/mk/dev_ws/install/xarm_msgs/share/xarm_msgs/package.sh'
[0.725s] INFO:colcon.colcon_core.shell:Creating package script '/home/mk/dev_ws/install/xarm_msgs/share/xarm_msgs/package.bash'
[0.726s] INFO:colcon.colcon_core.shell:Creating package script '/home/mk/dev_ws/install/xarm_msgs/share/xarm_msgs/package.zsh'
[0.726s] Level 1:colcon.colcon_core.environment:create_file_with_runtime_dependencies(/home/mk/dev_ws/install/xarm_msgs/share/colcon-core/packages/xarm_msgs)
[0.726s] INFO:colcon.colcon_ros.task.ament_cmake.build:Building ROS package in '/home/mk/dev_ws/src/xarm_ros2/xarm_api' with build type 'ament_cmake'
[0.726s] INFO:colcon.colcon_cmake.task.cmake.build:Building CMake package in '/home/mk/dev_ws/src/xarm_ros2/xarm_api'
[0.726s] INFO:colcon.colcon_core.shell:Skip shell extension 'powershell' for command environment: Not usable outside of PowerShell
[0.726s] DEBUG:colcon.colcon_core.shell:Skip shell extension 'dsv' for command environment
[0.730s] INFO:colcon.colcon_ros.task.ament_cmake.build:Building ROS package in '/home/mk/dev_ws/src/rviz_robot_control_panel' with build type 'ament_cmake'
[0.730s] INFO:colcon.colcon_cmake.task.cmake.build:Building CMake package in '/home/mk/dev_ws/src/rviz_robot_control_panel'
[0.731s] INFO:colcon.colcon_core.shell:Skip shell extension 'powershell' for command environment: Not usable outside of PowerShell
[0.731s] DEBUG:colcon.colcon_core.shell:Skip shell extension 'dsv' for command environment
[0.737s] DEBUG:colcon.colcon_core.event_handler.log_command:Invoking command in '/home/mk/dev_ws/build/xarm_api': CMAKE_PREFIX_PATH=/home/mk/dev_ws/install/xarm_sdk:/home/mk/dev_ws/install/xarm_msgs:/home/mk/dev_ws/install/xarm_description:/home/mk/dev_ws/install/zed_ros2:/home/mk/dev_ws/install/zed_wrapper:/home/mk/dev_ws/install/zed_components:/home/mk/dev_ws/install/zed_interfaces:/home/mk/dev_ws/install/xarm_planner:/home/mk/dev_ws/install/xarm_moveit_servo:/home/mk/dev_ws/install/xarm_moveit_config:/home/mk/dev_ws/install/xarm_gazebo:/home/mk/dev_ws/install/xarm_controller:/home/mk/dev_ws/install/xarm_api:/home/mk/dev_ws/install/rviz_robot_control_panel:/home/mk/dev_ws/install/whisper_bringup:/home/mk/dev_ws/install/whisper_server:/home/mk/dev_ws/install/transcript_manager:/home/mk/dev_ws/install/whisper_util:/home/mk/dev_ws/install/whisper_idl:/home/mk/dev_ws/install/whisper_cpp_vendor:/home/mk/dev_ws/install/realsense_gazebo_plugin:/home/mk/dev_ws/install/my_3d_vision_bringup:/home/mk/dev_ws/install/mbot_demo:/home/mk/dev_ws/install/yolo_object_detector:/home/mk/dev_ws/install/move_to_coordinator:/home/mk/dev_ws/install/motion_sequence:/home/mk/dev_ws/install/whisper_demos:/home/mk/dev_ws/install/voice_command_listener:/home/mk/dev_ws/install/uf_ros_lib:/home/mk/dev_ws/install/rviz_servo_status_overlay:/home/mk/dev_ws/install/rviz_marker_static_scene_objects:/home/mk/dev_ws/install/robot_motion_handler_movegroup:/home/mk/dev_ws/install/gaze_control:/home/mk/dev_ws/install/collision_check:/home/mk/dev_ws/install/audio_listener:/opt/ros/humble LD_LIBRARY_PATH=/home/mk/dev_ws/install/xarm_sdk/lib:/home/mk/dev_ws/install/xarm_msgs/lib:/usr/local/cuda-12.1/lib64:/home/mk/dev_ws/install/zed_components/lib:/home/mk/dev_ws/install/zed_interfaces/lib:/home/mk/dev_ws/install/xarm_planner/lib:/home/mk/dev_ws/install/xarm_moveit_servo/lib:/home/mk/dev_ws/install/xarm_gazebo/lib:/home/mk/dev_ws/install/xarm_controller/lib:/home/mk/dev_ws/install/xarm_api/lib:/home/mk/dev_ws/install/rviz_robot_control_panel/lib:/home/mk/dev_ws/install/whisper_server/lib:/home/mk/dev_ws/install/transcript_manager/lib:/home/mk/dev_ws/install/whisper_util/lib:/home/mk/dev_ws/install/whisper_idl/lib:/home/mk/dev_ws/install/whisper_cpp_vendor/lib:/home/mk/dev_ws/install/realsense_gazebo_plugin/lib:/home/mk/dev_ws/install/my_3d_vision_bringup/lib:/usr/lib/x86_64-linux-gnu/gazebo-11/plugins:/opt/ros/humble/opt/rviz_ogre_vendor/lib:/opt/ros/humble/lib/x86_64-linux-gnu:/opt/ros/humble/lib /usr/bin/cmake --build /home/mk/dev_ws/build/xarm_api -- -j16 -l16
[0.739s] DEBUG:colcon.colcon_core.event_handler.log_command:Invoking command in '/home/mk/dev_ws/build/rviz_robot_control_panel': CMAKE_PREFIX_PATH=/home/mk/dev_ws/install/xarm_msgs:/home/mk/dev_ws/install/zed_ros2:/home/mk/dev_ws/install/zed_wrapper:/home/mk/dev_ws/install/zed_components:/home/mk/dev_ws/install/zed_interfaces:/home/mk/dev_ws/install/xarm_planner:/home/mk/dev_ws/install/xarm_moveit_servo:/home/mk/dev_ws/install/xarm_moveit_config:/home/mk/dev_ws/install/xarm_gazebo:/home/mk/dev_ws/install/xarm_controller:/home/mk/dev_ws/install/xarm_api:/home/mk/dev_ws/install/xarm_sdk:/home/mk/dev_ws/install/rviz_robot_control_panel:/home/mk/dev_ws/install/xarm_description:/home/mk/dev_ws/install/whisper_bringup:/home/mk/dev_ws/install/whisper_server:/home/mk/dev_ws/install/transcript_manager:/home/mk/dev_ws/install/whisper_util:/home/mk/dev_ws/install/whisper_idl:/home/mk/dev_ws/install/whisper_cpp_vendor:/home/mk/dev_ws/install/realsense_gazebo_plugin:/home/mk/dev_ws/install/my_3d_vision_bringup:/home/mk/dev_ws/install/mbot_demo:/home/mk/dev_ws/install/yolo_object_detector:/home/mk/dev_ws/install/move_to_coordinator:/home/mk/dev_ws/install/motion_sequence:/home/mk/dev_ws/install/whisper_demos:/home/mk/dev_ws/install/voice_command_listener:/home/mk/dev_ws/install/uf_ros_lib:/home/mk/dev_ws/install/rviz_servo_status_overlay:/home/mk/dev_ws/install/rviz_marker_static_scene_objects:/home/mk/dev_ws/install/robot_motion_handler_movegroup:/home/mk/dev_ws/install/gaze_control:/home/mk/dev_ws/install/collision_check:/home/mk/dev_ws/install/audio_listener:/opt/ros/humble LD_LIBRARY_PATH=/home/mk/dev_ws/install/xarm_msgs/lib:/usr/local/cuda-12.1/lib64:/home/mk/dev_ws/install/zed_components/lib:/home/mk/dev_ws/install/zed_interfaces/lib:/home/mk/dev_ws/install/xarm_planner/lib:/home/mk/dev_ws/install/xarm_moveit_servo/lib:/home/mk/dev_ws/install/xarm_gazebo/lib:/home/mk/dev_ws/install/xarm_controller/lib:/home/mk/dev_ws/install/xarm_api/lib:/home/mk/dev_ws/install/xarm_sdk/lib:/home/mk/dev_ws/install/rviz_robot_control_panel/lib:/home/mk/dev_ws/install/whisper_server/lib:/home/mk/dev_ws/install/transcript_manager/lib:/home/mk/dev_ws/install/whisper_util/lib:/home/mk/dev_ws/install/whisper_idl/lib:/home/mk/dev_ws/install/whisper_cpp_vendor/lib:/home/mk/dev_ws/install/realsense_gazebo_plugin/lib:/home/mk/dev_ws/install/my_3d_vision_bringup/lib:/usr/lib/x86_64-linux-gnu/gazebo-11/plugins:/opt/ros/humble/opt/rviz_ogre_vendor/lib:/opt/ros/humble/lib/x86_64-linux-gnu:/opt/ros/humble/lib /usr/bin/cmake --build /home/mk/dev_ws/build/rviz_robot_control_panel -- -j16 -l16
[0.801s] DEBUG:colcon.colcon_core.event_handler.log_command:Invoked command in '/home/mk/dev_ws/build/xarm_api' returned '0': CMAKE_PREFIX_PATH=/home/mk/dev_ws/install/xarm_sdk:/home/mk/dev_ws/install/xarm_msgs:/home/mk/dev_ws/install/xarm_description:/home/mk/dev_ws/install/zed_ros2:/home/mk/dev_ws/install/zed_wrapper:/home/mk/dev_ws/install/zed_components:/home/mk/dev_ws/install/zed_interfaces:/home/mk/dev_ws/install/xarm_planner:/home/mk/dev_ws/install/xarm_moveit_servo:/home/mk/dev_ws/install/xarm_moveit_config:/home/mk/dev_ws/install/xarm_gazebo:/home/mk/dev_ws/install/xarm_controller:/home/mk/dev_ws/install/xarm_api:/home/mk/dev_ws/install/rviz_robot_control_panel:/home/mk/dev_ws/install/whisper_bringup:/home/mk/dev_ws/install/whisper_server:/home/mk/dev_ws/install/transcript_manager:/home/mk/dev_ws/install/whisper_util:/home/mk/dev_ws/install/whisper_idl:/home/mk/dev_ws/install/whisper_cpp_vendor:/home/mk/dev_ws/install/realsense_gazebo_plugin:/home/mk/dev_ws/install/my_3d_vision_bringup:/home/mk/dev_ws/install/mbot_demo:/home/mk/dev_ws/install/yolo_object_detector:/home/mk/dev_ws/install/move_to_coordinator:/home/mk/dev_ws/install/motion_sequence:/home/mk/dev_ws/install/whisper_demos:/home/mk/dev_ws/install/voice_command_listener:/home/mk/dev_ws/install/uf_ros_lib:/home/mk/dev_ws/install/rviz_servo_status_overlay:/home/mk/dev_ws/install/rviz_marker_static_scene_objects:/home/mk/dev_ws/install/robot_motion_handler_movegroup:/home/mk/dev_ws/install/gaze_control:/home/mk/dev_ws/install/collision_check:/home/mk/dev_ws/install/audio_listener:/opt/ros/humble LD_LIBRARY_PATH=/home/mk/dev_ws/install/xarm_sdk/lib:/home/mk/dev_ws/install/xarm_msgs/lib:/usr/local/cuda-12.1/lib64:/home/mk/dev_ws/install/zed_components/lib:/home/mk/dev_ws/install/zed_interfaces/lib:/home/mk/dev_ws/install/xarm_planner/lib:/home/mk/dev_ws/install/xarm_moveit_servo/lib:/home/mk/dev_ws/install/xarm_gazebo/lib:/home/mk/dev_ws/install/xarm_controller/lib:/home/mk/dev_ws/install/xarm_api/lib:/home/mk/dev_ws/install/rviz_robot_control_panel/lib:/home/mk/dev_ws/install/whisper_server/lib:/home/mk/dev_ws/install/transcript_manager/lib:/home/mk/dev_ws/install/whisper_util/lib:/home/mk/dev_ws/install/whisper_idl/lib:/home/mk/dev_ws/install/whisper_cpp_vendor/lib:/home/mk/dev_ws/install/realsense_gazebo_plugin/lib:/home/mk/dev_ws/install/my_3d_vision_bringup/lib:/usr/lib/x86_64-linux-gnu/gazebo-11/plugins:/opt/ros/humble/opt/rviz_ogre_vendor/lib:/opt/ros/humble/lib/x86_64-linux-gnu:/opt/ros/humble/lib /usr/bin/cmake --build /home/mk/dev_ws/build/xarm_api -- -j16 -l16
[0.803s] DEBUG:colcon.colcon_core.event_handler.log_command:Invoking command in '/home/mk/dev_ws/build/xarm_api': CMAKE_PREFIX_PATH=/home/mk/dev_ws/install/xarm_sdk:/home/mk/dev_ws/install/xarm_msgs:/home/mk/dev_ws/install/xarm_description:/home/mk/dev_ws/install/zed_ros2:/home/mk/dev_ws/install/zed_wrapper:/home/mk/dev_ws/install/zed_components:/home/mk/dev_ws/install/zed_interfaces:/home/mk/dev_ws/install/xarm_planner:/home/mk/dev_ws/install/xarm_moveit_servo:/home/mk/dev_ws/install/xarm_moveit_config:/home/mk/dev_ws/install/xarm_gazebo:/home/mk/dev_ws/install/xarm_controller:/home/mk/dev_ws/install/xarm_api:/home/mk/dev_ws/install/rviz_robot_control_panel:/home/mk/dev_ws/install/whisper_bringup:/home/mk/dev_ws/install/whisper_server:/home/mk/dev_ws/install/transcript_manager:/home/mk/dev_ws/install/whisper_util:/home/mk/dev_ws/install/whisper_idl:/home/mk/dev_ws/install/whisper_cpp_vendor:/home/mk/dev_ws/install/realsense_gazebo_plugin:/home/mk/dev_ws/install/my_3d_vision_bringup:/home/mk/dev_ws/install/mbot_demo:/home/mk/dev_ws/install/yolo_object_detector:/home/mk/dev_ws/install/move_to_coordinator:/home/mk/dev_ws/install/motion_sequence:/home/mk/dev_ws/install/whisper_demos:/home/mk/dev_ws/install/voice_command_listener:/home/mk/dev_ws/install/uf_ros_lib:/home/mk/dev_ws/install/rviz_servo_status_overlay:/home/mk/dev_ws/install/rviz_marker_static_scene_objects:/home/mk/dev_ws/install/robot_motion_handler_movegroup:/home/mk/dev_ws/install/gaze_control:/home/mk/dev_ws/install/collision_check:/home/mk/dev_ws/install/audio_listener:/opt/ros/humble LD_LIBRARY_PATH=/home/mk/dev_ws/install/xarm_sdk/lib:/home/mk/dev_ws/install/xarm_msgs/lib:/usr/local/cuda-12.1/lib64:/home/mk/dev_ws/install/zed_components/lib:/home/mk/dev_ws/install/zed_interfaces/lib:/home/mk/dev_ws/install/xarm_planner/lib:/home/mk/dev_ws/install/xarm_moveit_servo/lib:/home/mk/dev_ws/install/xarm_gazebo/lib:/home/mk/dev_ws/install/xarm_controller/lib:/home/mk/dev_ws/install/xarm_api/lib:/home/mk/dev_ws/install/rviz_robot_control_panel/lib:/home/mk/dev_ws/install/whisper_server/lib:/home/mk/dev_ws/install/transcript_manager/lib:/home/mk/dev_ws/install/whisper_util/lib:/home/mk/dev_ws/install/whisper_idl/lib:/home/mk/dev_ws/install/whisper_cpp_vendor/lib:/home/mk/dev_ws/install/realsense_gazebo_plugin/lib:/home/mk/dev_ws/install/my_3d_vision_bringup/lib:/usr/lib/x86_64-linux-gnu/gazebo-11/plugins:/opt/ros/humble/opt/rviz_ogre_vendor/lib:/opt/ros/humble/lib/x86_64-linux-gnu:/opt/ros/humble/lib /usr/bin/cmake --install /home/mk/dev_ws/build/xarm_api
[0.803s] DEBUG:colcon.colcon_core.event_handler.log_command:Invoked command in '/home/mk/dev_ws/build/whisper_idl' returned '0': CMAKE_PREFIX_PATH=${CMAKE_PREFIX_PATH}:/home/mk/dev_ws/install/yolo_object_detector:/home/mk/dev_ws/install/move_to_coordinator:/home/mk/dev_ws/install/motion_sequence:/home/mk/dev_ws/install/whisper_demos:/home/mk/dev_ws/install/voice_command_listener:/home/mk/dev_ws/install/uf_ros_lib:/home/mk/dev_ws/install/rviz_servo_status_overlay:/home/mk/dev_ws/install/rviz_marker_static_scene_objects:/home/mk/dev_ws/install/robot_motion_handler_movegroup:/home/mk/dev_ws/install/gaze_control:/home/mk/dev_ws/install/collision_check:/home/mk/dev_ws/install/audio_listener:/opt/ros/humble /usr/bin/cmake --build /home/mk/dev_ws/build/whisper_idl -- -j16 -l16
[0.804s] DEBUG:colcon.colcon_core.event_handler.log_command:Invoking command in '/home/mk/dev_ws/build/whisper_idl': CMAKE_PREFIX_PATH=${CMAKE_PREFIX_PATH}:/home/mk/dev_ws/install/yolo_object_detector:/home/mk/dev_ws/install/move_to_coordinator:/home/mk/dev_ws/install/motion_sequence:/home/mk/dev_ws/install/whisper_demos:/home/mk/dev_ws/install/voice_command_listener:/home/mk/dev_ws/install/uf_ros_lib:/home/mk/dev_ws/install/rviz_servo_status_overlay:/home/mk/dev_ws/install/rviz_marker_static_scene_objects:/home/mk/dev_ws/install/robot_motion_handler_movegroup:/home/mk/dev_ws/install/gaze_control:/home/mk/dev_ws/install/collision_check:/home/mk/dev_ws/install/audio_listener:/opt/ros/humble /usr/bin/cmake --install /home/mk/dev_ws/build/whisper_idl
[0.818s] Level 1:colcon.colcon_core.environment:create_environment_scripts_only(xarm_api)
[0.818s] Level 1:colcon.colcon_core.environment:checking '/home/mk/dev_ws/install/xarm_api' for CMake module files
[0.818s] DEBUG:colcon.colcon_core.event_handler.log_command:Invoked command in '/home/mk/dev_ws/build/xarm_api' returned '0': CMAKE_PREFIX_PATH=/home/mk/dev_ws/install/xarm_sdk:/home/mk/dev_ws/install/xarm_msgs:/home/mk/dev_ws/install/xarm_description:/home/mk/dev_ws/install/zed_ros2:/home/mk/dev_ws/install/zed_wrapper:/home/mk/dev_ws/install/zed_components:/home/mk/dev_ws/install/zed_interfaces:/home/mk/dev_ws/install/xarm_planner:/home/mk/dev_ws/install/xarm_moveit_servo:/home/mk/dev_ws/install/xarm_moveit_config:/home/mk/dev_ws/install/xarm_gazebo:/home/mk/dev_ws/install/xarm_controller:/home/mk/dev_ws/install/xarm_api:/home/mk/dev_ws/install/rviz_robot_control_panel:/home/mk/dev_ws/install/whisper_bringup:/home/mk/dev_ws/install/whisper_server:/home/mk/dev_ws/install/transcript_manager:/home/mk/dev_ws/install/whisper_util:/home/mk/dev_ws/install/whisper_idl:/home/mk/dev_ws/install/whisper_cpp_vendor:/home/mk/dev_ws/install/realsense_gazebo_plugin:/home/mk/dev_ws/install/my_3d_vision_bringup:/home/mk/dev_ws/install/mbot_demo:/home/mk/dev_ws/install/yolo_object_detector:/home/mk/dev_ws/install/move_to_coordinator:/home/mk/dev_ws/install/motion_sequence:/home/mk/dev_ws/install/whisper_demos:/home/mk/dev_ws/install/voice_command_listener:/home/mk/dev_ws/install/uf_ros_lib:/home/mk/dev_ws/install/rviz_servo_status_overlay:/home/mk/dev_ws/install/rviz_marker_static_scene_objects:/home/mk/dev_ws/install/robot_motion_handler_movegroup:/home/mk/dev_ws/install/gaze_control:/home/mk/dev_ws/install/collision_check:/home/mk/dev_ws/install/audio_listener:/opt/ros/humble LD_LIBRARY_PATH=/home/mk/dev_ws/install/xarm_sdk/lib:/home/mk/dev_ws/install/xarm_msgs/lib:/usr/local/cuda-12.1/lib64:/home/mk/dev_ws/install/zed_components/lib:/home/mk/dev_ws/install/zed_interfaces/lib:/home/mk/dev_ws/install/xarm_planner/lib:/home/mk/dev_ws/install/xarm_moveit_servo/lib:/home/mk/dev_ws/install/xarm_gazebo/lib:/home/mk/dev_ws/install/xarm_controller/lib:/home/mk/dev_ws/install/xarm_api/lib:/home/mk/dev_ws/install/rviz_robot_control_panel/lib:/home/mk/dev_ws/install/whisper_server/lib:/home/mk/dev_ws/install/transcript_manager/lib:/home/mk/dev_ws/install/whisper_util/lib:/home/mk/dev_ws/install/whisper_idl/lib:/home/mk/dev_ws/install/whisper_cpp_vendor/lib:/home/mk/dev_ws/install/realsense_gazebo_plugin/lib:/home/mk/dev_ws/install/my_3d_vision_bringup/lib:/usr/lib/x86_64-linux-gnu/gazebo-11/plugins:/opt/ros/humble/opt/rviz_ogre_vendor/lib:/opt/ros/humble/lib/x86_64-linux-gnu:/opt/ros/humble/lib /usr/bin/cmake --install /home/mk/dev_ws/build/xarm_api
[0.818s] Level 1:colcon.colcon_core.environment:checking '/home/mk/dev_ws/install/xarm_api' for CMake config files
[0.819s] Level 1:colcon.colcon_core.shell:create_environment_hook('xarm_api', 'cmake_prefix_path')
[0.819s] INFO:colcon.colcon_core.shell:Creating environment hook '/home/mk/dev_ws/install/xarm_api/share/xarm_api/hook/cmake_prefix_path.ps1'
[0.819s] INFO:colcon.colcon_core.shell:Creating environment descriptor '/home/mk/dev_ws/install/xarm_api/share/xarm_api/hook/cmake_prefix_path.dsv'
[0.819s] INFO:colcon.colcon_core.shell:Creating environment hook '/home/mk/dev_ws/install/xarm_api/share/xarm_api/hook/cmake_prefix_path.sh'
[0.820s] Level 1:colcon.colcon_core.environment:checking '/home/mk/dev_ws/install/xarm_api/lib'
[0.820s] Level 1:colcon.colcon_core.shell:create_environment_hook('xarm_api', 'ld_library_path_lib')
[0.820s] INFO:colcon.colcon_core.shell:Creating environment hook '/home/mk/dev_ws/install/xarm_api/share/xarm_api/hook/ld_library_path_lib.ps1'
[0.820s] INFO:colcon.colcon_core.shell:Creating environment descriptor '/home/mk/dev_ws/install/xarm_api/share/xarm_api/hook/ld_library_path_lib.dsv'
[0.820s] INFO:colcon.colcon_core.shell:Creating environment hook '/home/mk/dev_ws/install/xarm_api/share/xarm_api/hook/ld_library_path_lib.sh'
[0.820s] Level 1:colcon.colcon_core.environment:checking '/home/mk/dev_ws/install/xarm_api/bin'
[0.820s] Level 1:colcon.colcon_core.environment:checking '/home/mk/dev_ws/install/xarm_api/lib/pkgconfig/xarm_api.pc'
[0.821s] Level 1:colcon.colcon_core.environment:checking '/home/mk/dev_ws/install/xarm_api/lib/python3.10/site-packages'
[0.821s] Level 1:colcon.colcon_core.environment:checking '/home/mk/dev_ws/install/xarm_api/bin'
[0.821s] INFO:colcon.colcon_core.shell:Creating package script '/home/mk/dev_ws/install/xarm_api/share/xarm_api/package.ps1'
[0.821s] INFO:colcon.colcon_core.shell:Creating package descriptor '/home/mk/dev_ws/install/xarm_api/share/xarm_api/package.dsv'
[0.822s] INFO:colcon.colcon_core.shell:Creating package script '/home/mk/dev_ws/install/xarm_api/share/xarm_api/package.sh'
[0.822s] INFO:colcon.colcon_core.shell:Creating package script '/home/mk/dev_ws/install/xarm_api/share/xarm_api/package.bash'
[0.822s] INFO:colcon.colcon_core.shell:Creating package script '/home/mk/dev_ws/install/xarm_api/share/xarm_api/package.zsh'
[0.822s] Level 1:colcon.colcon_core.environment:create_file_with_runtime_dependencies(/home/mk/dev_ws/install/xarm_api/share/colcon-core/packages/xarm_api)
[0.823s] Level 1:colcon.colcon_core.environment:create_environment_scripts_only(xarm_api)
[0.823s] Level 1:colcon.colcon_core.environment:checking '/home/mk/dev_ws/install/xarm_api' for CMake module files
[0.824s] Level 1:colcon.colcon_core.environment:checking '/home/mk/dev_ws/install/xarm_api' for CMake config files
[0.824s] Level 1:colcon.colcon_core.shell:create_environment_hook('xarm_api', 'cmake_prefix_path')
[0.824s] INFO:colcon.colcon_core.shell:Creating environment hook '/home/mk/dev_ws/install/xarm_api/share/xarm_api/hook/cmake_prefix_path.ps1'
[0.824s] INFO:colcon.colcon_core.shell:Creating environment descriptor '/home/mk/dev_ws/install/xarm_api/share/xarm_api/hook/cmake_prefix_path.dsv'
[0.824s] INFO:colcon.colcon_core.shell:Creating environment hook '/home/mk/dev_ws/install/xarm_api/share/xarm_api/hook/cmake_prefix_path.sh'
[0.825s] Level 1:colcon.colcon_core.environment:checking '/home/mk/dev_ws/install/xarm_api/lib'
[0.825s] Level 1:colcon.colcon_core.shell:create_environment_hook('xarm_api', 'ld_library_path_lib')
[0.825s] INFO:colcon.colcon_core.shell:Creating environment hook '/home/mk/dev_ws/install/xarm_api/share/xarm_api/hook/ld_library_path_lib.ps1'
[0.825s] INFO:colcon.colcon_core.shell:Creating environment descriptor '/home/mk/dev_ws/install/xarm_api/share/xarm_api/hook/ld_library_path_lib.dsv'
[0.825s] INFO:colcon.colcon_core.shell:Creating environment hook '/home/mk/dev_ws/install/xarm_api/share/xarm_api/hook/ld_library_path_lib.sh'
[0.825s] Level 1:colcon.colcon_core.environment:checking '/home/mk/dev_ws/install/xarm_api/bin'
[0.825s] Level 1:colcon.colcon_core.environment:checking '/home/mk/dev_ws/install/xarm_api/lib/pkgconfig/xarm_api.pc'
[0.825s] Level 1:colcon.colcon_core.environment:checking '/home/mk/dev_ws/install/xarm_api/lib/python3.10/site-packages'
[0.826s] Level 1:colcon.colcon_core.environment:checking '/home/mk/dev_ws/install/xarm_api/bin'
[0.826s] INFO:colcon.colcon_core.shell:Creating package script '/home/mk/dev_ws/install/xarm_api/share/xarm_api/package.ps1'
[0.826s] INFO:colcon.colcon_core.shell:Creating package descriptor '/home/mk/dev_ws/install/xarm_api/share/xarm_api/package.dsv'
[0.826s] INFO:colcon.colcon_core.shell:Creating package script '/home/mk/dev_ws/install/xarm_api/share/xarm_api/package.sh'
[0.827s] INFO:colcon.colcon_core.shell:Creating package script '/home/mk/dev_ws/install/xarm_api/share/xarm_api/package.bash'
[0.827s] INFO:colcon.colcon_core.shell:Creating package script '/home/mk/dev_ws/install/xarm_api/share/xarm_api/package.zsh'
[0.827s] Level 1:colcon.colcon_core.environment:create_file_with_runtime_dependencies(/home/mk/dev_ws/install/xarm_api/share/colcon-core/packages/xarm_api)
[0.827s] INFO:colcon.colcon_ros.task.ament_cmake.build:Building ROS package in '/home/mk/dev_ws/src/xarm_ros2/xarm_controller' with build type 'ament_cmake'
[0.827s] INFO:colcon.colcon_cmake.task.cmake.build:Building CMake package in '/home/mk/dev_ws/src/xarm_ros2/xarm_controller'
[0.827s] INFO:colcon.colcon_core.shell:Skip shell extension 'powershell' for command environment: Not usable outside of PowerShell
[0.827s] DEBUG:colcon.colcon_core.shell:Skip shell extension 'dsv' for command environment
[0.838s] DEBUG:colcon.colcon_core.event_handler.log_command:Invoking command in '/home/mk/dev_ws/build/xarm_controller': CMAKE_PREFIX_PATH=/home/mk/dev_ws/install/xarm_api:/home/mk/dev_ws/install/xarm_sdk:/home/mk/dev_ws/install/xarm_msgs:/home/mk/dev_ws/install/xarm_description:/home/mk/dev_ws/install/zed_ros2:/home/mk/dev_ws/install/zed_wrapper:/home/mk/dev_ws/install/zed_components:/home/mk/dev_ws/install/zed_interfaces:/home/mk/dev_ws/install/xarm_planner:/home/mk/dev_ws/install/xarm_moveit_servo:/home/mk/dev_ws/install/xarm_moveit_config:/home/mk/dev_ws/install/xarm_gazebo:/home/mk/dev_ws/install/xarm_controller:/home/mk/dev_ws/install/rviz_robot_control_panel:/home/mk/dev_ws/install/whisper_bringup:/home/mk/dev_ws/install/whisper_server:/home/mk/dev_ws/install/transcript_manager:/home/mk/dev_ws/install/whisper_util:/home/mk/dev_ws/install/whisper_idl:/home/mk/dev_ws/install/whisper_cpp_vendor:/home/mk/dev_ws/install/realsense_gazebo_plugin:/home/mk/dev_ws/install/my_3d_vision_bringup:/home/mk/dev_ws/install/mbot_demo:/home/mk/dev_ws/install/yolo_object_detector:/home/mk/dev_ws/install/move_to_coordinator:/home/mk/dev_ws/install/motion_sequence:/home/mk/dev_ws/install/whisper_demos:/home/mk/dev_ws/install/voice_command_listener:/home/mk/dev_ws/install/uf_ros_lib:/home/mk/dev_ws/install/rviz_servo_status_overlay:/home/mk/dev_ws/install/rviz_marker_static_scene_objects:/home/mk/dev_ws/install/robot_motion_handler_movegroup:/home/mk/dev_ws/install/gaze_control:/home/mk/dev_ws/install/collision_check:/home/mk/dev_ws/install/audio_listener:/opt/ros/humble LD_LIBRARY_PATH=/home/mk/dev_ws/install/xarm_api/lib:/home/mk/dev_ws/install/xarm_sdk/lib:/home/mk/dev_ws/install/xarm_msgs/lib:/usr/local/cuda-12.1/lib64:/home/mk/dev_ws/install/zed_components/lib:/home/mk/dev_ws/install/zed_interfaces/lib:/home/mk/dev_ws/install/xarm_planner/lib:/home/mk/dev_ws/install/xarm_moveit_servo/lib:/home/mk/dev_ws/install/xarm_gazebo/lib:/home/mk/dev_ws/install/xarm_controller/lib:/home/mk/dev_ws/install/rviz_robot_control_panel/lib:/home/mk/dev_ws/install/whisper_server/lib:/home/mk/dev_ws/install/transcript_manager/lib:/home/mk/dev_ws/install/whisper_util/lib:/home/mk/dev_ws/install/whisper_idl/lib:/home/mk/dev_ws/install/whisper_cpp_vendor/lib:/home/mk/dev_ws/install/realsense_gazebo_plugin/lib:/home/mk/dev_ws/install/my_3d_vision_bringup/lib:/usr/lib/x86_64-linux-gnu/gazebo-11/plugins:/opt/ros/humble/opt/rviz_ogre_vendor/lib:/opt/ros/humble/lib/x86_64-linux-gnu:/opt/ros/humble/lib /usr/bin/cmake --build /home/mk/dev_ws/build/xarm_controller -- -j16 -l16
[0.847s] DEBUG:colcon.colcon_core.event_handler.log_command:Invoking command in '/home/mk/dev_ws/src/xarm_ros2/uf_ros_lib': PYTHONPATH=/home/mk/dev_ws/build/uf_ros_lib/prefix_override:/usr/lib/python3/dist-packages/colcon_core/task/python/colcon_distutils_commands:/home/mk/dev_ws/install/uf_ros_lib/lib/python3.10/site-packages:${PYTHONPATH} /usr/bin/python3 -W ignore:setup.py install is deprecated -W ignore:easy_install command is deprecated setup.py egg_info --egg-base ../../../build/uf_ros_lib build --build-base /home/mk/dev_ws/build/uf_ros_lib/build install --record /home/mk/dev_ws/build/uf_ros_lib/install.log --single-version-externally-managed install_data
[0.854s] Level 1:colcon.colcon_core.environment:create_environment_scripts_only(whisper_idl)
[0.854s] Level 1:colcon.colcon_core.environment:checking '/home/mk/dev_ws/install/whisper_idl' for CMake module files
[0.855s] DEBUG:colcon.colcon_core.event_handler.log_command:Invoked command in '/home/mk/dev_ws/build/whisper_idl' returned '0': CMAKE_PREFIX_PATH=${CMAKE_PREFIX_PATH}:/home/mk/dev_ws/install/yolo_object_detector:/home/mk/dev_ws/install/move_to_coordinator:/home/mk/dev_ws/install/motion_sequence:/home/mk/dev_ws/install/whisper_demos:/home/mk/dev_ws/install/voice_command_listener:/home/mk/dev_ws/install/uf_ros_lib:/home/mk/dev_ws/install/rviz_servo_status_overlay:/home/mk/dev_ws/install/rviz_marker_static_scene_objects:/home/mk/dev_ws/install/robot_motion_handler_movegroup:/home/mk/dev_ws/install/gaze_control:/home/mk/dev_ws/install/collision_check:/home/mk/dev_ws/install/audio_listener:/opt/ros/humble /usr/bin/cmake --install /home/mk/dev_ws/build/whisper_idl
[0.855s] Level 1:colcon.colcon_core.environment:checking '/home/mk/dev_ws/install/whisper_idl' for CMake config files
[0.855s] Level 1:colcon.colcon_core.shell:create_environment_hook('whisper_idl', 'cmake_prefix_path')
[0.855s] INFO:colcon.colcon_core.shell:Creating environment hook '/home/mk/dev_ws/install/whisper_idl/share/whisper_idl/hook/cmake_prefix_path.ps1'
[0.856s] INFO:colcon.colcon_core.shell:Creating environment descriptor '/home/mk/dev_ws/install/whisper_idl/share/whisper_idl/hook/cmake_prefix_path.dsv'
[0.856s] INFO:colcon.colcon_core.shell:Creating environment hook '/home/mk/dev_ws/install/whisper_idl/share/whisper_idl/hook/cmake_prefix_path.sh'
[0.856s] Level 1:colcon.colcon_core.environment:checking '/home/mk/dev_ws/install/whisper_idl/lib'
[0.856s] Level 1:colcon.colcon_core.shell:create_environment_hook('whisper_idl', 'ld_library_path_lib')
[0.856s] INFO:colcon.colcon_core.shell:Creating environment hook '/home/mk/dev_ws/install/whisper_idl/share/whisper_idl/hook/ld_library_path_lib.ps1'
[0.857s] INFO:colcon.colcon_core.shell:Creating environment descriptor '/home/mk/dev_ws/install/whisper_idl/share/whisper_idl/hook/ld_library_path_lib.dsv'
[0.857s] INFO:colcon.colcon_core.shell:Creating environment hook '/home/mk/dev_ws/install/whisper_idl/share/whisper_idl/hook/ld_library_path_lib.sh'
[0.857s] Level 1:colcon.colcon_core.environment:checking '/home/mk/dev_ws/install/whisper_idl/bin'
[0.857s] Level 1:colcon.colcon_core.environment:checking '/home/mk/dev_ws/install/whisper_idl/lib/pkgconfig/whisper_idl.pc'
[0.857s] Level 1:colcon.colcon_core.environment:checking '/home/mk/dev_ws/install/whisper_idl/lib/python3.10/site-packages'
[0.857s] Level 1:colcon.colcon_core.environment:checking '/home/mk/dev_ws/install/whisper_idl/bin'
[0.858s] INFO:colcon.colcon_core.shell:Creating package script '/home/mk/dev_ws/install/whisper_idl/share/whisper_idl/package.ps1'
[0.858s] INFO:colcon.colcon_core.shell:Creating package descriptor '/home/mk/dev_ws/install/whisper_idl/share/whisper_idl/package.dsv'
[0.858s] INFO:colcon.colcon_core.shell:Creating package script '/home/mk/dev_ws/install/whisper_idl/share/whisper_idl/package.sh'
[0.858s] INFO:colcon.colcon_core.shell:Creating package script '/home/mk/dev_ws/install/whisper_idl/share/whisper_idl/package.bash'
[0.858s] INFO:colcon.colcon_core.shell:Creating package script '/home/mk/dev_ws/install/whisper_idl/share/whisper_idl/package.zsh'
[0.859s] Level 1:colcon.colcon_core.environment:create_file_with_runtime_dependencies(/home/mk/dev_ws/install/whisper_idl/share/colcon-core/packages/whisper_idl)
[0.859s] Level 1:colcon.colcon_core.environment:create_environment_scripts_only(whisper_idl)
[0.859s] Level 1:colcon.colcon_core.environment:checking '/home/mk/dev_ws/install/whisper_idl' for CMake module files
[0.859s] Level 1:colcon.colcon_core.environment:checking '/home/mk/dev_ws/install/whisper_idl' for CMake config files
[0.860s] Level 1:colcon.colcon_core.shell:create_environment_hook('whisper_idl', 'cmake_prefix_path')
[0.860s] INFO:colcon.colcon_core.shell:Creating environment hook '/home/mk/dev_ws/install/whisper_idl/share/whisper_idl/hook/cmake_prefix_path.ps1'
[0.860s] INFO:colcon.colcon_core.shell:Creating environment descriptor '/home/mk/dev_ws/install/whisper_idl/share/whisper_idl/hook/cmake_prefix_path.dsv'
[0.860s] INFO:colcon.colcon_core.shell:Creating environment hook '/home/mk/dev_ws/install/whisper_idl/share/whisper_idl/hook/cmake_prefix_path.sh'
[0.860s] Level 1:colcon.colcon_core.environment:checking '/home/mk/dev_ws/install/whisper_idl/lib'
[0.860s] Level 1:colcon.colcon_core.shell:create_environment_hook('whisper_idl', 'ld_library_path_lib')
[0.860s] INFO:colcon.colcon_core.shell:Creating environment hook '/home/mk/dev_ws/install/whisper_idl/share/whisper_idl/hook/ld_library_path_lib.ps1'
[0.861s] INFO:colcon.colcon_core.shell:Creating environment descriptor '/home/mk/dev_ws/install/whisper_idl/share/whisper_idl/hook/ld_library_path_lib.dsv'
[0.861s] INFO:colcon.colcon_core.shell:Creating environment hook '/home/mk/dev_ws/install/whisper_idl/share/whisper_idl/hook/ld_library_path_lib.sh'
[0.861s] Level 1:colcon.colcon_core.environment:checking '/home/mk/dev_ws/install/whisper_idl/bin'
[0.861s] Level 1:colcon.colcon_core.environment:checking '/home/mk/dev_ws/install/whisper_idl/lib/pkgconfig/whisper_idl.pc'
[0.861s] Level 1:colcon.colcon_core.environment:checking '/home/mk/dev_ws/install/whisper_idl/lib/python3.10/site-packages'
[0.861s] Level 1:colcon.colcon_core.environment:checking '/home/mk/dev_ws/install/whisper_idl/bin'
[0.861s] INFO:colcon.colcon_core.shell:Creating package script '/home/mk/dev_ws/install/whisper_idl/share/whisper_idl/package.ps1'
[0.862s] INFO:colcon.colcon_core.shell:Creating package descriptor '/home/mk/dev_ws/install/whisper_idl/share/whisper_idl/package.dsv'
[0.862s] INFO:colcon.colcon_core.shell:Creating package script '/home/mk/dev_ws/install/whisper_idl/share/whisper_idl/package.sh'
[0.862s] INFO:colcon.colcon_core.shell:Creating package script '/home/mk/dev_ws/install/whisper_idl/share/whisper_idl/package.bash'
[0.862s] INFO:colcon.colcon_core.shell:Creating package script '/home/mk/dev_ws/install/whisper_idl/share/whisper_idl/package.zsh'
[0.863s] Level 1:colcon.colcon_core.environment:create_file_with_runtime_dependencies(/home/mk/dev_ws/install/whisper_idl/share/colcon-core/packages/whisper_idl)
[0.888s] DEBUG:colcon.colcon_core.event_handler.log_command:Invoked command in '/home/mk/dev_ws/build/xarm_controller' returned '0': CMAKE_PREFIX_PATH=/home/mk/dev_ws/install/xarm_api:/home/mk/dev_ws/install/xarm_sdk:/home/mk/dev_ws/install/xarm_msgs:/home/mk/dev_ws/install/xarm_description:/home/mk/dev_ws/install/zed_ros2:/home/mk/dev_ws/install/zed_wrapper:/home/mk/dev_ws/install/zed_components:/home/mk/dev_ws/install/zed_interfaces:/home/mk/dev_ws/install/xarm_planner:/home/mk/dev_ws/install/xarm_moveit_servo:/home/mk/dev_ws/install/xarm_moveit_config:/home/mk/dev_ws/install/xarm_gazebo:/home/mk/dev_ws/install/xarm_controller:/home/mk/dev_ws/install/rviz_robot_control_panel:/home/mk/dev_ws/install/whisper_bringup:/home/mk/dev_ws/install/whisper_server:/home/mk/dev_ws/install/transcript_manager:/home/mk/dev_ws/install/whisper_util:/home/mk/dev_ws/install/whisper_idl:/home/mk/dev_ws/install/whisper_cpp_vendor:/home/mk/dev_ws/install/realsense_gazebo_plugin:/home/mk/dev_ws/install/my_3d_vision_bringup:/home/mk/dev_ws/install/mbot_demo:/home/mk/dev_ws/install/yolo_object_detector:/home/mk/dev_ws/install/move_to_coordinator:/home/mk/dev_ws/install/motion_sequence:/home/mk/dev_ws/install/whisper_demos:/home/mk/dev_ws/install/voice_command_listener:/home/mk/dev_ws/install/uf_ros_lib:/home/mk/dev_ws/install/rviz_servo_status_overlay:/home/mk/dev_ws/install/rviz_marker_static_scene_objects:/home/mk/dev_ws/install/robot_motion_handler_movegroup:/home/mk/dev_ws/install/gaze_control:/home/mk/dev_ws/install/collision_check:/home/mk/dev_ws/install/audio_listener:/opt/ros/humble LD_LIBRARY_PATH=/home/mk/dev_ws/install/xarm_api/lib:/home/mk/dev_ws/install/xarm_sdk/lib:/home/mk/dev_ws/install/xarm_msgs/lib:/usr/local/cuda-12.1/lib64:/home/mk/dev_ws/install/zed_components/lib:/home/mk/dev_ws/install/zed_interfaces/lib:/home/mk/dev_ws/install/xarm_planner/lib:/home/mk/dev_ws/install/xarm_moveit_servo/lib:/home/mk/dev_ws/install/xarm_gazebo/lib:/home/mk/dev_ws/install/xarm_controller/lib:/home/mk/dev_ws/install/rviz_robot_control_panel/lib:/home/mk/dev_ws/install/whisper_server/lib:/home/mk/dev_ws/install/transcript_manager/lib:/home/mk/dev_ws/install/whisper_util/lib:/home/mk/dev_ws/install/whisper_idl/lib:/home/mk/dev_ws/install/whisper_cpp_vendor/lib:/home/mk/dev_ws/install/realsense_gazebo_plugin/lib:/home/mk/dev_ws/install/my_3d_vision_bringup/lib:/usr/lib/x86_64-linux-gnu/gazebo-11/plugins:/opt/ros/humble/opt/rviz_ogre_vendor/lib:/opt/ros/humble/lib/x86_64-linux-gnu:/opt/ros/humble/lib /usr/bin/cmake --build /home/mk/dev_ws/build/xarm_controller -- -j16 -l16
[0.888s] DEBUG:colcon.colcon_core.event_handler.log_command:Invoking command in '/home/mk/dev_ws/build/xarm_controller': CMAKE_PREFIX_PATH=/home/mk/dev_ws/install/xarm_api:/home/mk/dev_ws/install/xarm_sdk:/home/mk/dev_ws/install/xarm_msgs:/home/mk/dev_ws/install/xarm_description:/home/mk/dev_ws/install/zed_ros2:/home/mk/dev_ws/install/zed_wrapper:/home/mk/dev_ws/install/zed_components:/home/mk/dev_ws/install/zed_interfaces:/home/mk/dev_ws/install/xarm_planner:/home/mk/dev_ws/install/xarm_moveit_servo:/home/mk/dev_ws/install/xarm_moveit_config:/home/mk/dev_ws/install/xarm_gazebo:/home/mk/dev_ws/install/xarm_controller:/home/mk/dev_ws/install/rviz_robot_control_panel:/home/mk/dev_ws/install/whisper_bringup:/home/mk/dev_ws/install/whisper_server:/home/mk/dev_ws/install/transcript_manager:/home/mk/dev_ws/install/whisper_util:/home/mk/dev_ws/install/whisper_idl:/home/mk/dev_ws/install/whisper_cpp_vendor:/home/mk/dev_ws/install/realsense_gazebo_plugin:/home/mk/dev_ws/install/my_3d_vision_bringup:/home/mk/dev_ws/install/mbot_demo:/home/mk/dev_ws/install/yolo_object_detector:/home/mk/dev_ws/install/move_to_coordinator:/home/mk/dev_ws/install/motion_sequence:/home/mk/dev_ws/install/whisper_demos:/home/mk/dev_ws/install/voice_command_listener:/home/mk/dev_ws/install/uf_ros_lib:/home/mk/dev_ws/install/rviz_servo_status_overlay:/home/mk/dev_ws/install/rviz_marker_static_scene_objects:/home/mk/dev_ws/install/robot_motion_handler_movegroup:/home/mk/dev_ws/install/gaze_control:/home/mk/dev_ws/install/collision_check:/home/mk/dev_ws/install/audio_listener:/opt/ros/humble LD_LIBRARY_PATH=/home/mk/dev_ws/install/xarm_api/lib:/home/mk/dev_ws/install/xarm_sdk/lib:/home/mk/dev_ws/install/xarm_msgs/lib:/usr/local/cuda-12.1/lib64:/home/mk/dev_ws/install/zed_components/lib:/home/mk/dev_ws/install/zed_interfaces/lib:/home/mk/dev_ws/install/xarm_planner/lib:/home/mk/dev_ws/install/xarm_moveit_servo/lib:/home/mk/dev_ws/install/xarm_gazebo/lib:/home/mk/dev_ws/install/xarm_controller/lib:/home/mk/dev_ws/install/rviz_robot_control_panel/lib:/home/mk/dev_ws/install/whisper_server/lib:/home/mk/dev_ws/install/transcript_manager/lib:/home/mk/dev_ws/install/whisper_util/lib:/home/mk/dev_ws/install/whisper_idl/lib:/home/mk/dev_ws/install/whisper_cpp_vendor/lib:/home/mk/dev_ws/install/realsense_gazebo_plugin/lib:/home/mk/dev_ws/install/my_3d_vision_bringup/lib:/usr/lib/x86_64-linux-gnu/gazebo-11/plugins:/opt/ros/humble/opt/rviz_ogre_vendor/lib:/opt/ros/humble/lib/x86_64-linux-gnu:/opt/ros/humble/lib /usr/bin/cmake --install /home/mk/dev_ws/build/xarm_controller
[0.903s] Level 1:colcon.colcon_core.environment:create_environment_scripts_only(xarm_controller)
[0.904s] Level 1:colcon.colcon_core.environment:checking '/home/mk/dev_ws/install/xarm_controller' for CMake module files
[0.904s] DEBUG:colcon.colcon_core.event_handler.log_command:Invoked command in '/home/mk/dev_ws/build/xarm_controller' returned '0': CMAKE_PREFIX_PATH=/home/mk/dev_ws/install/xarm_api:/home/mk/dev_ws/install/xarm_sdk:/home/mk/dev_ws/install/xarm_msgs:/home/mk/dev_ws/install/xarm_description:/home/mk/dev_ws/install/zed_ros2:/home/mk/dev_ws/install/zed_wrapper:/home/mk/dev_ws/install/zed_components:/home/mk/dev_ws/install/zed_interfaces:/home/mk/dev_ws/install/xarm_planner:/home/mk/dev_ws/install/xarm_moveit_servo:/home/mk/dev_ws/install/xarm_moveit_config:/home/mk/dev_ws/install/xarm_gazebo:/home/mk/dev_ws/install/xarm_controller:/home/mk/dev_ws/install/rviz_robot_control_panel:/home/mk/dev_ws/install/whisper_bringup:/home/mk/dev_ws/install/whisper_server:/home/mk/dev_ws/install/transcript_manager:/home/mk/dev_ws/install/whisper_util:/home/mk/dev_ws/install/whisper_idl:/home/mk/dev_ws/install/whisper_cpp_vendor:/home/mk/dev_ws/install/realsense_gazebo_plugin:/home/mk/dev_ws/install/my_3d_vision_bringup:/home/mk/dev_ws/install/mbot_demo:/home/mk/dev_ws/install/yolo_object_detector:/home/mk/dev_ws/install/move_to_coordinator:/home/mk/dev_ws/install/motion_sequence:/home/mk/dev_ws/install/whisper_demos:/home/mk/dev_ws/install/voice_command_listener:/home/mk/dev_ws/install/uf_ros_lib:/home/mk/dev_ws/install/rviz_servo_status_overlay:/home/mk/dev_ws/install/rviz_marker_static_scene_objects:/home/mk/dev_ws/install/robot_motion_handler_movegroup:/home/mk/dev_ws/install/gaze_control:/home/mk/dev_ws/install/collision_check:/home/mk/dev_ws/install/audio_listener:/opt/ros/humble LD_LIBRARY_PATH=/home/mk/dev_ws/install/xarm_api/lib:/home/mk/dev_ws/install/xarm_sdk/lib:/home/mk/dev_ws/install/xarm_msgs/lib:/usr/local/cuda-12.1/lib64:/home/mk/dev_ws/install/zed_components/lib:/home/mk/dev_ws/install/zed_interfaces/lib:/home/mk/dev_ws/install/xarm_planner/lib:/home/mk/dev_ws/install/xarm_moveit_servo/lib:/home/mk/dev_ws/install/xarm_gazebo/lib:/home/mk/dev_ws/install/xarm_controller/lib:/home/mk/dev_ws/install/rviz_robot_control_panel/lib:/home/mk/dev_ws/install/whisper_server/lib:/home/mk/dev_ws/install/transcript_manager/lib:/home/mk/dev_ws/install/whisper_util/lib:/home/mk/dev_ws/install/whisper_idl/lib:/home/mk/dev_ws/install/whisper_cpp_vendor/lib:/home/mk/dev_ws/install/realsense_gazebo_plugin/lib:/home/mk/dev_ws/install/my_3d_vision_bringup/lib:/usr/lib/x86_64-linux-gnu/gazebo-11/plugins:/opt/ros/humble/opt/rviz_ogre_vendor/lib:/opt/ros/humble/lib/x86_64-linux-gnu:/opt/ros/humble/lib /usr/bin/cmake --install /home/mk/dev_ws/build/xarm_controller
[0.904s] Level 1:colcon.colcon_core.environment:checking '/home/mk/dev_ws/install/xarm_controller' for CMake config files
[0.904s] Level 1:colcon.colcon_core.shell:create_environment_hook('xarm_controller', 'cmake_prefix_path')
[0.904s] INFO:colcon.colcon_core.shell:Creating environment hook '/home/mk/dev_ws/install/xarm_controller/share/xarm_controller/hook/cmake_prefix_path.ps1'
[0.905s] INFO:colcon.colcon_core.shell:Creating environment descriptor '/home/mk/dev_ws/install/xarm_controller/share/xarm_controller/hook/cmake_prefix_path.dsv'
[0.905s] INFO:colcon.colcon_core.shell:Creating environment hook '/home/mk/dev_ws/install/xarm_controller/share/xarm_controller/hook/cmake_prefix_path.sh'
[0.905s] Level 1:colcon.colcon_core.environment:checking '/home/mk/dev_ws/install/xarm_controller/lib'
[0.905s] Level 1:colcon.colcon_core.shell:create_environment_hook('xarm_controller', 'ld_library_path_lib')
[0.905s] INFO:colcon.colcon_core.shell:Creating environment hook '/home/mk/dev_ws/install/xarm_controller/share/xarm_controller/hook/ld_library_path_lib.ps1'
[0.906s] INFO:colcon.colcon_core.shell:Creating environment descriptor '/home/mk/dev_ws/install/xarm_controller/share/xarm_controller/hook/ld_library_path_lib.dsv'
[0.906s] INFO:colcon.colcon_core.shell:Creating environment hook '/home/mk/dev_ws/install/xarm_controller/share/xarm_controller/hook/ld_library_path_lib.sh'
[0.906s] Level 1:colcon.colcon_core.environment:checking '/home/mk/dev_ws/install/xarm_controller/bin'
[0.906s] Level 1:colcon.colcon_core.environment:checking '/home/mk/dev_ws/install/xarm_controller/lib/pkgconfig/xarm_controller.pc'
[0.906s] Level 1:colcon.colcon_core.environment:checking '/home/mk/dev_ws/install/xarm_controller/lib/python3.10/site-packages'
[0.907s] Level 1:colcon.colcon_core.environment:checking '/home/mk/dev_ws/install/xarm_controller/bin'
[0.907s] INFO:colcon.colcon_core.shell:Creating package script '/home/mk/dev_ws/install/xarm_controller/share/xarm_controller/package.ps1'
[0.907s] INFO:colcon.colcon_core.shell:Creating package descriptor '/home/mk/dev_ws/install/xarm_controller/share/xarm_controller/package.dsv'
[0.907s] INFO:colcon.colcon_core.shell:Creating package script '/home/mk/dev_ws/install/xarm_controller/share/xarm_controller/package.sh'
[0.907s] INFO:colcon.colcon_core.shell:Creating package script '/home/mk/dev_ws/install/xarm_controller/share/xarm_controller/package.bash'
[0.908s] INFO:colcon.colcon_core.shell:Creating package script '/home/mk/dev_ws/install/xarm_controller/share/xarm_controller/package.zsh'
[0.908s] Level 1:colcon.colcon_core.environment:create_file_with_runtime_dependencies(/home/mk/dev_ws/install/xarm_controller/share/colcon-core/packages/xarm_controller)
[0.908s] Level 1:colcon.colcon_core.environment:create_environment_scripts_only(xarm_controller)
[0.908s] Level 1:colcon.colcon_core.environment:checking '/home/mk/dev_ws/install/xarm_controller' for CMake module files
[0.908s] Level 1:colcon.colcon_core.environment:checking '/home/mk/dev_ws/install/xarm_controller' for CMake config files
[0.909s] Level 1:colcon.colcon_core.shell:create_environment_hook('xarm_controller', 'cmake_prefix_path')
[0.909s] INFO:colcon.colcon_core.shell:Creating environment hook '/home/mk/dev_ws/install/xarm_controller/share/xarm_controller/hook/cmake_prefix_path.ps1'
[0.909s] INFO:colcon.colcon_core.shell:Creating environment descriptor '/home/mk/dev_ws/install/xarm_controller/share/xarm_controller/hook/cmake_prefix_path.dsv'
[0.909s] INFO:colcon.colcon_core.shell:Creating environment hook '/home/mk/dev_ws/install/xarm_controller/share/xarm_controller/hook/cmake_prefix_path.sh'
[0.909s] Level 1:colcon.colcon_core.environment:checking '/home/mk/dev_ws/install/xarm_controller/lib'
[0.909s] Level 1:colcon.colcon_core.shell:create_environment_hook('xarm_controller', 'ld_library_path_lib')
[0.909s] INFO:colcon.colcon_core.shell:Creating environment hook '/home/mk/dev_ws/install/xarm_controller/share/xarm_controller/hook/ld_library_path_lib.ps1'
[0.910s] INFO:colcon.colcon_core.shell:Creating environment descriptor '/home/mk/dev_ws/install/xarm_controller/share/xarm_controller/hook/ld_library_path_lib.dsv'
[0.910s] INFO:colcon.colcon_core.shell:Creating environment hook '/home/mk/dev_ws/install/xarm_controller/share/xarm_controller/hook/ld_library_path_lib.sh'
[0.910s] Level 1:colcon.colcon_core.environment:checking '/home/mk/dev_ws/install/xarm_controller/bin'
[0.910s] Level 1:colcon.colcon_core.environment:checking '/home/mk/dev_ws/install/xarm_controller/lib/pkgconfig/xarm_controller.pc'
[0.910s] Level 1:colcon.colcon_core.environment:checking '/home/mk/dev_ws/install/xarm_controller/lib/python3.10/site-packages'
[0.910s] Level 1:colcon.colcon_core.environment:checking '/home/mk/dev_ws/install/xarm_controller/bin'
[0.910s] INFO:colcon.colcon_core.shell:Creating package script '/home/mk/dev_ws/install/xarm_controller/share/xarm_controller/package.ps1'
[0.911s] INFO:colcon.colcon_core.shell:Creating package descriptor '/home/mk/dev_ws/install/xarm_controller/share/xarm_controller/package.dsv'
[0.911s] INFO:colcon.colcon_core.shell:Creating package script '/home/mk/dev_ws/install/xarm_controller/share/xarm_controller/package.sh'
[0.911s] INFO:colcon.colcon_core.shell:Creating package script '/home/mk/dev_ws/install/xarm_controller/share/xarm_controller/package.bash'
[0.911s] INFO:colcon.colcon_core.shell:Creating package script '/home/mk/dev_ws/install/xarm_controller/share/xarm_controller/package.zsh'
[0.912s] Level 1:colcon.colcon_core.environment:create_file_with_runtime_dependencies(/home/mk/dev_ws/install/xarm_controller/share/colcon-core/packages/xarm_controller)
[1.057s] Level 1:colcon.colcon_core.environment:checking '/home/mk/dev_ws/install/uf_ros_lib' for CMake module files
[1.058s] Level 1:colcon.colcon_core.environment:checking '/home/mk/dev_ws/install/uf_ros_lib' for CMake config files
[1.058s] Level 1:colcon.colcon_core.environment:checking '/home/mk/dev_ws/install/uf_ros_lib/lib'
[1.058s] Level 1:colcon.colcon_core.environment:checking '/home/mk/dev_ws/install/uf_ros_lib/bin'
[1.058s] Level 1:colcon.colcon_core.environment:checking '/home/mk/dev_ws/install/uf_ros_lib/lib/pkgconfig/uf_ros_lib.pc'
[1.058s] Level 1:colcon.colcon_core.environment:checking '/home/mk/dev_ws/install/uf_ros_lib/lib/python3.10/site-packages'
[1.058s] Level 1:colcon.colcon_core.shell:create_environment_hook('uf_ros_lib', 'pythonpath')
[1.058s] INFO:colcon.colcon_core.shell:Creating environment hook '/home/mk/dev_ws/install/uf_ros_lib/share/uf_ros_lib/hook/pythonpath.ps1'
[1.059s] INFO:colcon.colcon_core.shell:Creating environment descriptor '/home/mk/dev_ws/install/uf_ros_lib/share/uf_ros_lib/hook/pythonpath.dsv'
[1.059s] INFO:colcon.colcon_core.shell:Creating environment hook '/home/mk/dev_ws/install/uf_ros_lib/share/uf_ros_lib/hook/pythonpath.sh'
[1.060s] Level 1:colcon.colcon_core.environment:checking '/home/mk/dev_ws/install/uf_ros_lib/bin'
[1.060s] Level 1:colcon.colcon_core.environment:create_environment_scripts_only(uf_ros_lib)
[1.060s] INFO:colcon.colcon_core.shell:Creating package script '/home/mk/dev_ws/install/uf_ros_lib/share/uf_ros_lib/package.ps1'
[1.061s] INFO:colcon.colcon_core.shell:Creating package descriptor '/home/mk/dev_ws/install/uf_ros_lib/share/uf_ros_lib/package.dsv'
[1.061s] DEBUG:colcon.colcon_core.event_handler.log_command:Invoked command in '/home/mk/dev_ws/src/xarm_ros2/uf_ros_lib' returned '0': PYTHONPATH=/home/mk/dev_ws/build/uf_ros_lib/prefix_override:/usr/lib/python3/dist-packages/colcon_core/task/python/colcon_distutils_commands:/home/mk/dev_ws/install/uf_ros_lib/lib/python3.10/site-packages:${PYTHONPATH} /usr/bin/python3 -W ignore:setup.py install is deprecated -W ignore:easy_install command is deprecated setup.py egg_info --egg-base ../../../build/uf_ros_lib build --build-base /home/mk/dev_ws/build/uf_ros_lib/build install --record /home/mk/dev_ws/build/uf_ros_lib/install.log --single-version-externally-managed install_data
[1.062s] INFO:colcon.colcon_core.shell:Creating package script '/home/mk/dev_ws/install/uf_ros_lib/share/uf_ros_lib/package.sh'
[1.062s] INFO:colcon.colcon_core.shell:Creating package script '/home/mk/dev_ws/install/uf_ros_lib/share/uf_ros_lib/package.bash'
[1.062s] INFO:colcon.colcon_core.shell:Creating package script '/home/mk/dev_ws/install/uf_ros_lib/share/uf_ros_lib/package.zsh'
[1.063s] Level 1:colcon.colcon_core.environment:create_file_with_runtime_dependencies(/home/mk/dev_ws/install/uf_ros_lib/share/colcon-core/packages/uf_ros_lib)
[1.063s] INFO:colcon.colcon_ros.task.ament_cmake.build:Building ROS package in '/home/mk/dev_ws/src/xarm_ros2/xarm_gazebo' with build type 'ament_cmake'
[1.063s] INFO:colcon.colcon_cmake.task.cmake.build:Building CMake package in '/home/mk/dev_ws/src/xarm_ros2/xarm_gazebo'
[1.063s] INFO:colcon.colcon_core.shell:Skip shell extension 'powershell' for command environment: Not usable outside of PowerShell
[1.063s] DEBUG:colcon.colcon_core.shell:Skip shell extension 'dsv' for command environment
[1.079s] DEBUG:colcon.colcon_core.event_handler.log_command:Invoking command in '/home/mk/dev_ws/build/xarm_gazebo': AMENT_PREFIX_PATH=/home/mk/dev_ws/install/uf_ros_lib:/home/mk/dev_ws/install/zed_ros2:/home/mk/dev_ws/install/zed_wrapper:/home/mk/dev_ws/install/zed_components:/home/mk/dev_ws/install/zed_interfaces:/home/mk/dev_ws/install/yolo_object_detector:/home/mk/dev_ws/install/xarm_planner:/home/mk/dev_ws/install/xarm_moveit_servo:/home/mk/dev_ws/install/xarm_moveit_config:/home/mk/dev_ws/install/xarm_gazebo:/home/mk/dev_ws/install/xarm_controller:/home/mk/dev_ws/install/xarm_api:/home/mk/dev_ws/install/xarm_sdk:/home/mk/dev_ws/install/rviz_robot_control_panel:/home/mk/dev_ws/install/move_to_coordinator:/home/mk/dev_ws/install/motion_sequence:/home/mk/dev_ws/install/xarm_msgs:/home/mk/dev_ws/install/xarm_description:/home/mk/dev_ws/install/whisper_demos:/home/mk/dev_ws/install/whisper_bringup:/home/mk/dev_ws/install/whisper_server:/home/mk/dev_ws/install/transcript_manager:/home/mk/dev_ws/install/whisper_util:/home/mk/dev_ws/install/voice_command_listener:/home/mk/dev_ws/install/whisper_idl:/home/mk/dev_ws/install/whisper_cpp_vendor:/home/mk/dev_ws/install/rviz_servo_status_overlay:/home/mk/dev_ws/install/rviz_marker_static_scene_objects:/home/mk/dev_ws/install/robot_motion_handler_movegroup:/home/mk/dev_ws/install/realsense_gazebo_plugin:/home/mk/dev_ws/install/my_3d_vision_bringup:/home/mk/dev_ws/install/mbot_demo:/home/mk/dev_ws/install/gaze_control:/home/mk/dev_ws/install/collision_check:/home/mk/dev_ws/install/audio_listener:/opt/ros/humble CMAKE_PREFIX_PATH=/home/mk/dev_ws/install/xarm_controller:/home/mk/dev_ws/install/xarm_api:/home/mk/dev_ws/install/xarm_sdk:/home/mk/dev_ws/install/xarm_msgs:/home/mk/dev_ws/install/xarm_description:/home/mk/dev_ws/install/zed_ros2:/home/mk/dev_ws/install/zed_wrapper:/home/mk/dev_ws/install/zed_components:/home/mk/dev_ws/install/zed_interfaces:/home/mk/dev_ws/install/xarm_planner:/home/mk/dev_ws/install/xarm_moveit_servo:/home/mk/dev_ws/install/xarm_moveit_config:/home/mk/dev_ws/install/xarm_gazebo:/home/mk/dev_ws/install/rviz_robot_control_panel:/home/mk/dev_ws/install/whisper_bringup:/home/mk/dev_ws/install/whisper_server:/home/mk/dev_ws/install/transcript_manager:/home/mk/dev_ws/install/whisper_util:/home/mk/dev_ws/install/whisper_idl:/home/mk/dev_ws/install/whisper_cpp_vendor:/home/mk/dev_ws/install/realsense_gazebo_plugin:/home/mk/dev_ws/install/my_3d_vision_bringup:/home/mk/dev_ws/install/mbot_demo:/home/mk/dev_ws/install/yolo_object_detector:/home/mk/dev_ws/install/move_to_coordinator:/home/mk/dev_ws/install/motion_sequence:/home/mk/dev_ws/install/whisper_demos:/home/mk/dev_ws/install/voice_command_listener:/home/mk/dev_ws/install/uf_ros_lib:/home/mk/dev_ws/install/rviz_servo_status_overlay:/home/mk/dev_ws/install/rviz_marker_static_scene_objects:/home/mk/dev_ws/install/robot_motion_handler_movegroup:/home/mk/dev_ws/install/gaze_control:/home/mk/dev_ws/install/collision_check:/home/mk/dev_ws/install/audio_listener:/opt/ros/humble LD_LIBRARY_PATH=/home/mk/dev_ws/install/xarm_controller/lib:/home/mk/dev_ws/install/xarm_api/lib:/home/mk/dev_ws/install/xarm_sdk/lib:/home/mk/dev_ws/install/xarm_msgs/lib:/usr/local/cuda-12.1/lib64:/home/mk/dev_ws/install/zed_components/lib:/home/mk/dev_ws/install/zed_interfaces/lib:/home/mk/dev_ws/install/xarm_planner/lib:/home/mk/dev_ws/install/xarm_moveit_servo/lib:/home/mk/dev_ws/install/xarm_gazebo/lib:/home/mk/dev_ws/install/rviz_robot_control_panel/lib:/home/mk/dev_ws/install/whisper_server/lib:/home/mk/dev_ws/install/transcript_manager/lib:/home/mk/dev_ws/install/whisper_util/lib:/home/mk/dev_ws/install/whisper_idl/lib:/home/mk/dev_ws/install/whisper_cpp_vendor/lib:/home/mk/dev_ws/install/realsense_gazebo_plugin/lib:/home/mk/dev_ws/install/my_3d_vision_bringup/lib:/usr/lib/x86_64-linux-gnu/gazebo-11/plugins:/opt/ros/humble/opt/rviz_ogre_vendor/lib:/opt/ros/humble/lib/x86_64-linux-gnu:/opt/ros/humble/lib PYTHONPATH=/home/mk/dev_ws/install/uf_ros_lib/lib/python3.10/site-packages:/home/mk/dev_ws/install/zed_interfaces/local/lib/python3.10/dist-packages:/home/mk/dev_ws/build/yolo_object_detector:/home/mk/dev_ws/install/yolo_object_detector/lib/python3.10/site-packages:/home/mk/dev_ws/build/move_to_coordinator:/home/mk/dev_ws/install/move_to_coordinator/lib/python3.10/site-packages:/home/mk/dev_ws/build/motion_sequence:/home/mk/dev_ws/install/motion_sequence/lib/python3.10/site-packages:/home/mk/dev_ws/install/xarm_msgs/local/lib/python3.10/dist-packages:/home/mk/dev_ws/build/whisper_demos:/home/mk/dev_ws/install/whisper_demos/lib/python3.10/site-packages:/home/mk/dev_ws/build/voice_command_listener:/home/mk/dev_ws/install/voice_command_listener/lib/python3.10/site-packages:/home/mk/dev_ws/install/whisper_idl/local/lib/python3.10/dist-packages:/home/mk/dev_ws/build/uf_ros_lib:/home/mk/dev_ws/build/rviz_servo_status_overlay:/home/mk/dev_ws/install/rviz_servo_status_overlay/lib/python3.10/site-packages:/home/mk/dev_ws/build/rviz_marker_static_scene_objects:/home/mk/dev_ws/install/rviz_marker_static_scene_objects/lib/python3.10/site-packages:/home/mk/dev_ws/build/robot_motion_handler_movegroup:/home/mk/dev_ws/install/robot_motion_handler_movegroup/lib/python3.10/site-packages:/home/mk/dev_ws/install/my_3d_vision_bringup/local/lib/python3.10/dist-packages:/home/mk/dev_ws/build/gaze_control:/home/mk/dev_ws/install/gaze_control/lib/python3.10/site-packages:/home/mk/dev_ws/build/collision_check:/home/mk/dev_ws/install/collision_check/lib/python3.10/site-packages:/home/mk/dev_ws/build/audio_listener:/home/mk/dev_ws/install/audio_listener/lib/python3.10/site-packages:/opt/ros/humble/lib/python3.10/site-packages:/opt/ros/humble/local/lib/python3.10/dist-packages /usr/bin/cmake --build /home/mk/dev_ws/build/xarm_gazebo -- -j16 -l16
[1.139s] DEBUG:colcon.colcon_core.event_handler.log_command:Invoked command in '/home/mk/dev_ws/build/xarm_gazebo' returned '0': AMENT_PREFIX_PATH=/home/mk/dev_ws/install/uf_ros_lib:/home/mk/dev_ws/install/zed_ros2:/home/mk/dev_ws/install/zed_wrapper:/home/mk/dev_ws/install/zed_components:/home/mk/dev_ws/install/zed_interfaces:/home/mk/dev_ws/install/yolo_object_detector:/home/mk/dev_ws/install/xarm_planner:/home/mk/dev_ws/install/xarm_moveit_servo:/home/mk/dev_ws/install/xarm_moveit_config:/home/mk/dev_ws/install/xarm_gazebo:/home/mk/dev_ws/install/xarm_controller:/home/mk/dev_ws/install/xarm_api:/home/mk/dev_ws/install/xarm_sdk:/home/mk/dev_ws/install/rviz_robot_control_panel:/home/mk/dev_ws/install/move_to_coordinator:/home/mk/dev_ws/install/motion_sequence:/home/mk/dev_ws/install/xarm_msgs:/home/mk/dev_ws/install/xarm_description:/home/mk/dev_ws/install/whisper_demos:/home/mk/dev_ws/install/whisper_bringup:/home/mk/dev_ws/install/whisper_server:/home/mk/dev_ws/install/transcript_manager:/home/mk/dev_ws/install/whisper_util:/home/mk/dev_ws/install/voice_command_listener:/home/mk/dev_ws/install/whisper_idl:/home/mk/dev_ws/install/whisper_cpp_vendor:/home/mk/dev_ws/install/rviz_servo_status_overlay:/home/mk/dev_ws/install/rviz_marker_static_scene_objects:/home/mk/dev_ws/install/robot_motion_handler_movegroup:/home/mk/dev_ws/install/realsense_gazebo_plugin:/home/mk/dev_ws/install/my_3d_vision_bringup:/home/mk/dev_ws/install/mbot_demo:/home/mk/dev_ws/install/gaze_control:/home/mk/dev_ws/install/collision_check:/home/mk/dev_ws/install/audio_listener:/opt/ros/humble CMAKE_PREFIX_PATH=/home/mk/dev_ws/install/xarm_controller:/home/mk/dev_ws/install/xarm_api:/home/mk/dev_ws/install/xarm_sdk:/home/mk/dev_ws/install/xarm_msgs:/home/mk/dev_ws/install/xarm_description:/home/mk/dev_ws/install/zed_ros2:/home/mk/dev_ws/install/zed_wrapper:/home/mk/dev_ws/install/zed_components:/home/mk/dev_ws/install/zed_interfaces:/home/mk/dev_ws/install/xarm_planner:/home/mk/dev_ws/install/xarm_moveit_servo:/home/mk/dev_ws/install/xarm_moveit_config:/home/mk/dev_ws/install/xarm_gazebo:/home/mk/dev_ws/install/rviz_robot_control_panel:/home/mk/dev_ws/install/whisper_bringup:/home/mk/dev_ws/install/whisper_server:/home/mk/dev_ws/install/transcript_manager:/home/mk/dev_ws/install/whisper_util:/home/mk/dev_ws/install/whisper_idl:/home/mk/dev_ws/install/whisper_cpp_vendor:/home/mk/dev_ws/install/realsense_gazebo_plugin:/home/mk/dev_ws/install/my_3d_vision_bringup:/home/mk/dev_ws/install/mbot_demo:/home/mk/dev_ws/install/yolo_object_detector:/home/mk/dev_ws/install/move_to_coordinator:/home/mk/dev_ws/install/motion_sequence:/home/mk/dev_ws/install/whisper_demos:/home/mk/dev_ws/install/voice_command_listener:/home/mk/dev_ws/install/uf_ros_lib:/home/mk/dev_ws/install/rviz_servo_status_overlay:/home/mk/dev_ws/install/rviz_marker_static_scene_objects:/home/mk/dev_ws/install/robot_motion_handler_movegroup:/home/mk/dev_ws/install/gaze_control:/home/mk/dev_ws/install/collision_check:/home/mk/dev_ws/install/audio_listener:/opt/ros/humble LD_LIBRARY_PATH=/home/mk/dev_ws/install/xarm_controller/lib:/home/mk/dev_ws/install/xarm_api/lib:/home/mk/dev_ws/install/xarm_sdk/lib:/home/mk/dev_ws/install/xarm_msgs/lib:/usr/local/cuda-12.1/lib64:/home/mk/dev_ws/install/zed_components/lib:/home/mk/dev_ws/install/zed_interfaces/lib:/home/mk/dev_ws/install/xarm_planner/lib:/home/mk/dev_ws/install/xarm_moveit_servo/lib:/home/mk/dev_ws/install/xarm_gazebo/lib:/home/mk/dev_ws/install/rviz_robot_control_panel/lib:/home/mk/dev_ws/install/whisper_server/lib:/home/mk/dev_ws/install/transcript_manager/lib:/home/mk/dev_ws/install/whisper_util/lib:/home/mk/dev_ws/install/whisper_idl/lib:/home/mk/dev_ws/install/whisper_cpp_vendor/lib:/home/mk/dev_ws/install/realsense_gazebo_plugin/lib:/home/mk/dev_ws/install/my_3d_vision_bringup/lib:/usr/lib/x86_64-linux-gnu/gazebo-11/plugins:/opt/ros/humble/opt/rviz_ogre_vendor/lib:/opt/ros/humble/lib/x86_64-linux-gnu:/opt/ros/humble/lib PYTHONPATH=/home/mk/dev_ws/install/uf_ros_lib/lib/python3.10/site-packages:/home/mk/dev_ws/install/zed_interfaces/local/lib/python3.10/dist-packages:/home/mk/dev_ws/build/yolo_object_detector:/home/mk/dev_ws/install/yolo_object_detector/lib/python3.10/site-packages:/home/mk/dev_ws/build/move_to_coordinator:/home/mk/dev_ws/install/move_to_coordinator/lib/python3.10/site-packages:/home/mk/dev_ws/build/motion_sequence:/home/mk/dev_ws/install/motion_sequence/lib/python3.10/site-packages:/home/mk/dev_ws/install/xarm_msgs/local/lib/python3.10/dist-packages:/home/mk/dev_ws/build/whisper_demos:/home/mk/dev_ws/install/whisper_demos/lib/python3.10/site-packages:/home/mk/dev_ws/build/voice_command_listener:/home/mk/dev_ws/install/voice_command_listener/lib/python3.10/site-packages:/home/mk/dev_ws/install/whisper_idl/local/lib/python3.10/dist-packages:/home/mk/dev_ws/build/uf_ros_lib:/home/mk/dev_ws/build/rviz_servo_status_overlay:/home/mk/dev_ws/install/rviz_servo_status_overlay/lib/python3.10/site-packages:/home/mk/dev_ws/build/rviz_marker_static_scene_objects:/home/mk/dev_ws/install/rviz_marker_static_scene_objects/lib/python3.10/site-packages:/home/mk/dev_ws/build/robot_motion_handler_movegroup:/home/mk/dev_ws/install/robot_motion_handler_movegroup/lib/python3.10/site-packages:/home/mk/dev_ws/install/my_3d_vision_bringup/local/lib/python3.10/dist-packages:/home/mk/dev_ws/build/gaze_control:/home/mk/dev_ws/install/gaze_control/lib/python3.10/site-packages:/home/mk/dev_ws/build/collision_check:/home/mk/dev_ws/install/collision_check/lib/python3.10/site-packages:/home/mk/dev_ws/build/audio_listener:/home/mk/dev_ws/install/audio_listener/lib/python3.10/site-packages:/opt/ros/humble/lib/python3.10/site-packages:/opt/ros/humble/local/lib/python3.10/dist-packages /usr/bin/cmake --build /home/mk/dev_ws/build/xarm_gazebo -- -j16 -l16
[1.140s] DEBUG:colcon.colcon_core.event_handler.log_command:Invoking command in '/home/mk/dev_ws/build/xarm_gazebo': AMENT_PREFIX_PATH=/home/mk/dev_ws/install/uf_ros_lib:/home/mk/dev_ws/install/zed_ros2:/home/mk/dev_ws/install/zed_wrapper:/home/mk/dev_ws/install/zed_components:/home/mk/dev_ws/install/zed_interfaces:/home/mk/dev_ws/install/yolo_object_detector:/home/mk/dev_ws/install/xarm_planner:/home/mk/dev_ws/install/xarm_moveit_servo:/home/mk/dev_ws/install/xarm_moveit_config:/home/mk/dev_ws/install/xarm_gazebo:/home/mk/dev_ws/install/xarm_controller:/home/mk/dev_ws/install/xarm_api:/home/mk/dev_ws/install/xarm_sdk:/home/mk/dev_ws/install/rviz_robot_control_panel:/home/mk/dev_ws/install/move_to_coordinator:/home/mk/dev_ws/install/motion_sequence:/home/mk/dev_ws/install/xarm_msgs:/home/mk/dev_ws/install/xarm_description:/home/mk/dev_ws/install/whisper_demos:/home/mk/dev_ws/install/whisper_bringup:/home/mk/dev_ws/install/whisper_server:/home/mk/dev_ws/install/transcript_manager:/home/mk/dev_ws/install/whisper_util:/home/mk/dev_ws/install/voice_command_listener:/home/mk/dev_ws/install/whisper_idl:/home/mk/dev_ws/install/whisper_cpp_vendor:/home/mk/dev_ws/install/rviz_servo_status_overlay:/home/mk/dev_ws/install/rviz_marker_static_scene_objects:/home/mk/dev_ws/install/robot_motion_handler_movegroup:/home/mk/dev_ws/install/realsense_gazebo_plugin:/home/mk/dev_ws/install/my_3d_vision_bringup:/home/mk/dev_ws/install/mbot_demo:/home/mk/dev_ws/install/gaze_control:/home/mk/dev_ws/install/collision_check:/home/mk/dev_ws/install/audio_listener:/opt/ros/humble CMAKE_PREFIX_PATH=/home/mk/dev_ws/install/xarm_controller:/home/mk/dev_ws/install/xarm_api:/home/mk/dev_ws/install/xarm_sdk:/home/mk/dev_ws/install/xarm_msgs:/home/mk/dev_ws/install/xarm_description:/home/mk/dev_ws/install/zed_ros2:/home/mk/dev_ws/install/zed_wrapper:/home/mk/dev_ws/install/zed_components:/home/mk/dev_ws/install/zed_interfaces:/home/mk/dev_ws/install/xarm_planner:/home/mk/dev_ws/install/xarm_moveit_servo:/home/mk/dev_ws/install/xarm_moveit_config:/home/mk/dev_ws/install/xarm_gazebo:/home/mk/dev_ws/install/rviz_robot_control_panel:/home/mk/dev_ws/install/whisper_bringup:/home/mk/dev_ws/install/whisper_server:/home/mk/dev_ws/install/transcript_manager:/home/mk/dev_ws/install/whisper_util:/home/mk/dev_ws/install/whisper_idl:/home/mk/dev_ws/install/whisper_cpp_vendor:/home/mk/dev_ws/install/realsense_gazebo_plugin:/home/mk/dev_ws/install/my_3d_vision_bringup:/home/mk/dev_ws/install/mbot_demo:/home/mk/dev_ws/install/yolo_object_detector:/home/mk/dev_ws/install/move_to_coordinator:/home/mk/dev_ws/install/motion_sequence:/home/mk/dev_ws/install/whisper_demos:/home/mk/dev_ws/install/voice_command_listener:/home/mk/dev_ws/install/uf_ros_lib:/home/mk/dev_ws/install/rviz_servo_status_overlay:/home/mk/dev_ws/install/rviz_marker_static_scene_objects:/home/mk/dev_ws/install/robot_motion_handler_movegroup:/home/mk/dev_ws/install/gaze_control:/home/mk/dev_ws/install/collision_check:/home/mk/dev_ws/install/audio_listener:/opt/ros/humble LD_LIBRARY_PATH=/home/mk/dev_ws/install/xarm_controller/lib:/home/mk/dev_ws/install/xarm_api/lib:/home/mk/dev_ws/install/xarm_sdk/lib:/home/mk/dev_ws/install/xarm_msgs/lib:/usr/local/cuda-12.1/lib64:/home/mk/dev_ws/install/zed_components/lib:/home/mk/dev_ws/install/zed_interfaces/lib:/home/mk/dev_ws/install/xarm_planner/lib:/home/mk/dev_ws/install/xarm_moveit_servo/lib:/home/mk/dev_ws/install/xarm_gazebo/lib:/home/mk/dev_ws/install/rviz_robot_control_panel/lib:/home/mk/dev_ws/install/whisper_server/lib:/home/mk/dev_ws/install/transcript_manager/lib:/home/mk/dev_ws/install/whisper_util/lib:/home/mk/dev_ws/install/whisper_idl/lib:/home/mk/dev_ws/install/whisper_cpp_vendor/lib:/home/mk/dev_ws/install/realsense_gazebo_plugin/lib:/home/mk/dev_ws/install/my_3d_vision_bringup/lib:/usr/lib/x86_64-linux-gnu/gazebo-11/plugins:/opt/ros/humble/opt/rviz_ogre_vendor/lib:/opt/ros/humble/lib/x86_64-linux-gnu:/opt/ros/humble/lib PYTHONPATH=/home/mk/dev_ws/install/uf_ros_lib/lib/python3.10/site-packages:/home/mk/dev_ws/install/zed_interfaces/local/lib/python3.10/dist-packages:/home/mk/dev_ws/build/yolo_object_detector:/home/mk/dev_ws/install/yolo_object_detector/lib/python3.10/site-packages:/home/mk/dev_ws/build/move_to_coordinator:/home/mk/dev_ws/install/move_to_coordinator/lib/python3.10/site-packages:/home/mk/dev_ws/build/motion_sequence:/home/mk/dev_ws/install/motion_sequence/lib/python3.10/site-packages:/home/mk/dev_ws/install/xarm_msgs/local/lib/python3.10/dist-packages:/home/mk/dev_ws/build/whisper_demos:/home/mk/dev_ws/install/whisper_demos/lib/python3.10/site-packages:/home/mk/dev_ws/build/voice_command_listener:/home/mk/dev_ws/install/voice_command_listener/lib/python3.10/site-packages:/home/mk/dev_ws/install/whisper_idl/local/lib/python3.10/dist-packages:/home/mk/dev_ws/build/uf_ros_lib:/home/mk/dev_ws/build/rviz_servo_status_overlay:/home/mk/dev_ws/install/rviz_servo_status_overlay/lib/python3.10/site-packages:/home/mk/dev_ws/build/rviz_marker_static_scene_objects:/home/mk/dev_ws/install/rviz_marker_static_scene_objects/lib/python3.10/site-packages:/home/mk/dev_ws/build/robot_motion_handler_movegroup:/home/mk/dev_ws/install/robot_motion_handler_movegroup/lib/python3.10/site-packages:/home/mk/dev_ws/install/my_3d_vision_bringup/local/lib/python3.10/dist-packages:/home/mk/dev_ws/build/gaze_control:/home/mk/dev_ws/install/gaze_control/lib/python3.10/site-packages:/home/mk/dev_ws/build/collision_check:/home/mk/dev_ws/install/collision_check/lib/python3.10/site-packages:/home/mk/dev_ws/build/audio_listener:/home/mk/dev_ws/install/audio_listener/lib/python3.10/site-packages:/opt/ros/humble/lib/python3.10/site-packages:/opt/ros/humble/local/lib/python3.10/dist-packages /usr/bin/cmake --install /home/mk/dev_ws/build/xarm_gazebo
[1.155s] Level 1:colcon.colcon_core.environment:create_environment_scripts_only(xarm_gazebo)
[1.155s] Level 1:colcon.colcon_core.environment:checking '/home/mk/dev_ws/install/xarm_gazebo' for CMake module files
[1.156s] DEBUG:colcon.colcon_core.event_handler.log_command:Invoked command in '/home/mk/dev_ws/build/xarm_gazebo' returned '0': AMENT_PREFIX_PATH=/home/mk/dev_ws/install/uf_ros_lib:/home/mk/dev_ws/install/zed_ros2:/home/mk/dev_ws/install/zed_wrapper:/home/mk/dev_ws/install/zed_components:/home/mk/dev_ws/install/zed_interfaces:/home/mk/dev_ws/install/yolo_object_detector:/home/mk/dev_ws/install/xarm_planner:/home/mk/dev_ws/install/xarm_moveit_servo:/home/mk/dev_ws/install/xarm_moveit_config:/home/mk/dev_ws/install/xarm_gazebo:/home/mk/dev_ws/install/xarm_controller:/home/mk/dev_ws/install/xarm_api:/home/mk/dev_ws/install/xarm_sdk:/home/mk/dev_ws/install/rviz_robot_control_panel:/home/mk/dev_ws/install/move_to_coordinator:/home/mk/dev_ws/install/motion_sequence:/home/mk/dev_ws/install/xarm_msgs:/home/mk/dev_ws/install/xarm_description:/home/mk/dev_ws/install/whisper_demos:/home/mk/dev_ws/install/whisper_bringup:/home/mk/dev_ws/install/whisper_server:/home/mk/dev_ws/install/transcript_manager:/home/mk/dev_ws/install/whisper_util:/home/mk/dev_ws/install/voice_command_listener:/home/mk/dev_ws/install/whisper_idl:/home/mk/dev_ws/install/whisper_cpp_vendor:/home/mk/dev_ws/install/rviz_servo_status_overlay:/home/mk/dev_ws/install/rviz_marker_static_scene_objects:/home/mk/dev_ws/install/robot_motion_handler_movegroup:/home/mk/dev_ws/install/realsense_gazebo_plugin:/home/mk/dev_ws/install/my_3d_vision_bringup:/home/mk/dev_ws/install/mbot_demo:/home/mk/dev_ws/install/gaze_control:/home/mk/dev_ws/install/collision_check:/home/mk/dev_ws/install/audio_listener:/opt/ros/humble CMAKE_PREFIX_PATH=/home/mk/dev_ws/install/xarm_controller:/home/mk/dev_ws/install/xarm_api:/home/mk/dev_ws/install/xarm_sdk:/home/mk/dev_ws/install/xarm_msgs:/home/mk/dev_ws/install/xarm_description:/home/mk/dev_ws/install/zed_ros2:/home/mk/dev_ws/install/zed_wrapper:/home/mk/dev_ws/install/zed_components:/home/mk/dev_ws/install/zed_interfaces:/home/mk/dev_ws/install/xarm_planner:/home/mk/dev_ws/install/xarm_moveit_servo:/home/mk/dev_ws/install/xarm_moveit_config:/home/mk/dev_ws/install/xarm_gazebo:/home/mk/dev_ws/install/rviz_robot_control_panel:/home/mk/dev_ws/install/whisper_bringup:/home/mk/dev_ws/install/whisper_server:/home/mk/dev_ws/install/transcript_manager:/home/mk/dev_ws/install/whisper_util:/home/mk/dev_ws/install/whisper_idl:/home/mk/dev_ws/install/whisper_cpp_vendor:/home/mk/dev_ws/install/realsense_gazebo_plugin:/home/mk/dev_ws/install/my_3d_vision_bringup:/home/mk/dev_ws/install/mbot_demo:/home/mk/dev_ws/install/yolo_object_detector:/home/mk/dev_ws/install/move_to_coordinator:/home/mk/dev_ws/install/motion_sequence:/home/mk/dev_ws/install/whisper_demos:/home/mk/dev_ws/install/voice_command_listener:/home/mk/dev_ws/install/uf_ros_lib:/home/mk/dev_ws/install/rviz_servo_status_overlay:/home/mk/dev_ws/install/rviz_marker_static_scene_objects:/home/mk/dev_ws/install/robot_motion_handler_movegroup:/home/mk/dev_ws/install/gaze_control:/home/mk/dev_ws/install/collision_check:/home/mk/dev_ws/install/audio_listener:/opt/ros/humble LD_LIBRARY_PATH=/home/mk/dev_ws/install/xarm_controller/lib:/home/mk/dev_ws/install/xarm_api/lib:/home/mk/dev_ws/install/xarm_sdk/lib:/home/mk/dev_ws/install/xarm_msgs/lib:/usr/local/cuda-12.1/lib64:/home/mk/dev_ws/install/zed_components/lib:/home/mk/dev_ws/install/zed_interfaces/lib:/home/mk/dev_ws/install/xarm_planner/lib:/home/mk/dev_ws/install/xarm_moveit_servo/lib:/home/mk/dev_ws/install/xarm_gazebo/lib:/home/mk/dev_ws/install/rviz_robot_control_panel/lib:/home/mk/dev_ws/install/whisper_server/lib:/home/mk/dev_ws/install/transcript_manager/lib:/home/mk/dev_ws/install/whisper_util/lib:/home/mk/dev_ws/install/whisper_idl/lib:/home/mk/dev_ws/install/whisper_cpp_vendor/lib:/home/mk/dev_ws/install/realsense_gazebo_plugin/lib:/home/mk/dev_ws/install/my_3d_vision_bringup/lib:/usr/lib/x86_64-linux-gnu/gazebo-11/plugins:/opt/ros/humble/opt/rviz_ogre_vendor/lib:/opt/ros/humble/lib/x86_64-linux-gnu:/opt/ros/humble/lib PYTHONPATH=/home/mk/dev_ws/install/uf_ros_lib/lib/python3.10/site-packages:/home/mk/dev_ws/install/zed_interfaces/local/lib/python3.10/dist-packages:/home/mk/dev_ws/build/yolo_object_detector:/home/mk/dev_ws/install/yolo_object_detector/lib/python3.10/site-packages:/home/mk/dev_ws/build/move_to_coordinator:/home/mk/dev_ws/install/move_to_coordinator/lib/python3.10/site-packages:/home/mk/dev_ws/build/motion_sequence:/home/mk/dev_ws/install/motion_sequence/lib/python3.10/site-packages:/home/mk/dev_ws/install/xarm_msgs/local/lib/python3.10/dist-packages:/home/mk/dev_ws/build/whisper_demos:/home/mk/dev_ws/install/whisper_demos/lib/python3.10/site-packages:/home/mk/dev_ws/build/voice_command_listener:/home/mk/dev_ws/install/voice_command_listener/lib/python3.10/site-packages:/home/mk/dev_ws/install/whisper_idl/local/lib/python3.10/dist-packages:/home/mk/dev_ws/build/uf_ros_lib:/home/mk/dev_ws/build/rviz_servo_status_overlay:/home/mk/dev_ws/install/rviz_servo_status_overlay/lib/python3.10/site-packages:/home/mk/dev_ws/build/rviz_marker_static_scene_objects:/home/mk/dev_ws/install/rviz_marker_static_scene_objects/lib/python3.10/site-packages:/home/mk/dev_ws/build/robot_motion_handler_movegroup:/home/mk/dev_ws/install/robot_motion_handler_movegroup/lib/python3.10/site-packages:/home/mk/dev_ws/install/my_3d_vision_bringup/local/lib/python3.10/dist-packages:/home/mk/dev_ws/build/gaze_control:/home/mk/dev_ws/install/gaze_control/lib/python3.10/site-packages:/home/mk/dev_ws/build/collision_check:/home/mk/dev_ws/install/collision_check/lib/python3.10/site-packages:/home/mk/dev_ws/build/audio_listener:/home/mk/dev_ws/install/audio_listener/lib/python3.10/site-packages:/opt/ros/humble/lib/python3.10/site-packages:/opt/ros/humble/local/lib/python3.10/dist-packages /usr/bin/cmake --install /home/mk/dev_ws/build/xarm_gazebo
[1.156s] Level 1:colcon.colcon_core.environment:checking '/home/mk/dev_ws/install/xarm_gazebo' for CMake config files
[1.156s] Level 1:colcon.colcon_core.shell:create_environment_hook('xarm_gazebo', 'cmake_prefix_path')
[1.156s] INFO:colcon.colcon_core.shell:Creating environment hook '/home/mk/dev_ws/install/xarm_gazebo/share/xarm_gazebo/hook/cmake_prefix_path.ps1'
[1.157s] INFO:colcon.colcon_core.shell:Creating environment descriptor '/home/mk/dev_ws/install/xarm_gazebo/share/xarm_gazebo/hook/cmake_prefix_path.dsv'
[1.157s] INFO:colcon.colcon_core.shell:Creating environment hook '/home/mk/dev_ws/install/xarm_gazebo/share/xarm_gazebo/hook/cmake_prefix_path.sh'
[1.157s] Level 1:colcon.colcon_core.environment:checking '/home/mk/dev_ws/install/xarm_gazebo/lib'
[1.157s] Level 1:colcon.colcon_core.shell:create_environment_hook('xarm_gazebo', 'ld_library_path_lib')
[1.157s] INFO:colcon.colcon_core.shell:Creating environment hook '/home/mk/dev_ws/install/xarm_gazebo/share/xarm_gazebo/hook/ld_library_path_lib.ps1'
[1.158s] INFO:colcon.colcon_core.shell:Creating environment descriptor '/home/mk/dev_ws/install/xarm_gazebo/share/xarm_gazebo/hook/ld_library_path_lib.dsv'
[1.158s] INFO:colcon.colcon_core.shell:Creating environment hook '/home/mk/dev_ws/install/xarm_gazebo/share/xarm_gazebo/hook/ld_library_path_lib.sh'
[1.158s] Level 1:colcon.colcon_core.environment:checking '/home/mk/dev_ws/install/xarm_gazebo/bin'
[1.158s] Level 1:colcon.colcon_core.environment:checking '/home/mk/dev_ws/install/xarm_gazebo/lib/pkgconfig/xarm_gazebo.pc'
[1.158s] Level 1:colcon.colcon_core.environment:checking '/home/mk/dev_ws/install/xarm_gazebo/lib/python3.10/site-packages'
[1.158s] Level 1:colcon.colcon_core.environment:checking '/home/mk/dev_ws/install/xarm_gazebo/bin'
[1.159s] INFO:colcon.colcon_core.shell:Creating package script '/home/mk/dev_ws/install/xarm_gazebo/share/xarm_gazebo/package.ps1'
[1.159s] INFO:colcon.colcon_core.shell:Creating package descriptor '/home/mk/dev_ws/install/xarm_gazebo/share/xarm_gazebo/package.dsv'
[1.159s] INFO:colcon.colcon_core.shell:Creating package script '/home/mk/dev_ws/install/xarm_gazebo/share/xarm_gazebo/package.sh'
[1.159s] INFO:colcon.colcon_core.shell:Creating package script '/home/mk/dev_ws/install/xarm_gazebo/share/xarm_gazebo/package.bash'
[1.160s] INFO:colcon.colcon_core.shell:Creating package script '/home/mk/dev_ws/install/xarm_gazebo/share/xarm_gazebo/package.zsh'
[1.160s] Level 1:colcon.colcon_core.environment:create_file_with_runtime_dependencies(/home/mk/dev_ws/install/xarm_gazebo/share/colcon-core/packages/xarm_gazebo)
[1.160s] Level 1:colcon.colcon_core.environment:create_environment_scripts_only(xarm_gazebo)
[1.160s] Level 1:colcon.colcon_core.environment:checking '/home/mk/dev_ws/install/xarm_gazebo' for CMake module files
[1.160s] Level 1:colcon.colcon_core.environment:checking '/home/mk/dev_ws/install/xarm_gazebo' for CMake config files
[1.161s] Level 1:colcon.colcon_core.shell:create_environment_hook('xarm_gazebo', 'cmake_prefix_path')
[1.161s] INFO:colcon.colcon_core.shell:Creating environment hook '/home/mk/dev_ws/install/xarm_gazebo/share/xarm_gazebo/hook/cmake_prefix_path.ps1'
[1.161s] INFO:colcon.colcon_core.shell:Creating environment descriptor '/home/mk/dev_ws/install/xarm_gazebo/share/xarm_gazebo/hook/cmake_prefix_path.dsv'
[1.161s] INFO:colcon.colcon_core.shell:Creating environment hook '/home/mk/dev_ws/install/xarm_gazebo/share/xarm_gazebo/hook/cmake_prefix_path.sh'
[1.161s] Level 1:colcon.colcon_core.environment:checking '/home/mk/dev_ws/install/xarm_gazebo/lib'
[1.162s] Level 1:colcon.colcon_core.shell:create_environment_hook('xarm_gazebo', 'ld_library_path_lib')
[1.162s] INFO:colcon.colcon_core.shell:Creating environment hook '/home/mk/dev_ws/install/xarm_gazebo/share/xarm_gazebo/hook/ld_library_path_lib.ps1'
[1.162s] INFO:colcon.colcon_core.shell:Creating environment descriptor '/home/mk/dev_ws/install/xarm_gazebo/share/xarm_gazebo/hook/ld_library_path_lib.dsv'
[1.162s] INFO:colcon.colcon_core.shell:Creating environment hook '/home/mk/dev_ws/install/xarm_gazebo/share/xarm_gazebo/hook/ld_library_path_lib.sh'
[1.162s] Level 1:colcon.colcon_core.environment:checking '/home/mk/dev_ws/install/xarm_gazebo/bin'
[1.162s] Level 1:colcon.colcon_core.environment:checking '/home/mk/dev_ws/install/xarm_gazebo/lib/pkgconfig/xarm_gazebo.pc'
[1.163s] Level 1:colcon.colcon_core.environment:checking '/home/mk/dev_ws/install/xarm_gazebo/lib/python3.10/site-packages'
[1.163s] Level 1:colcon.colcon_core.environment:checking '/home/mk/dev_ws/install/xarm_gazebo/bin'
[1.163s] INFO:colcon.colcon_core.shell:Creating package script '/home/mk/dev_ws/install/xarm_gazebo/share/xarm_gazebo/package.ps1'
[1.163s] INFO:colcon.colcon_core.shell:Creating package descriptor '/home/mk/dev_ws/install/xarm_gazebo/share/xarm_gazebo/package.dsv'
[1.164s] INFO:colcon.colcon_core.shell:Creating package script '/home/mk/dev_ws/install/xarm_gazebo/share/xarm_gazebo/package.sh'
[1.164s] INFO:colcon.colcon_core.shell:Creating package script '/home/mk/dev_ws/install/xarm_gazebo/share/xarm_gazebo/package.bash'
[1.164s] INFO:colcon.colcon_core.shell:Creating package script '/home/mk/dev_ws/install/xarm_gazebo/share/xarm_gazebo/package.zsh'
[1.164s] Level 1:colcon.colcon_core.environment:create_file_with_runtime_dependencies(/home/mk/dev_ws/install/xarm_gazebo/share/colcon-core/packages/xarm_gazebo)
[1.165s] INFO:colcon.colcon_ros.task.ament_cmake.build:Building ROS package in '/home/mk/dev_ws/src/xarm_ros2/xarm_moveit_config' with build type 'ament_cmake'
[1.165s] INFO:colcon.colcon_cmake.task.cmake.build:Building CMake package in '/home/mk/dev_ws/src/xarm_ros2/xarm_moveit_config'
[1.165s] INFO:colcon.colcon_core.shell:Skip shell extension 'powershell' for command environment: Not usable outside of PowerShell
[1.165s] DEBUG:colcon.colcon_core.shell:Skip shell extension 'dsv' for command environment
[1.177s] DEBUG:colcon.colcon_core.event_handler.log_command:Invoking command in '/home/mk/dev_ws/build/xarm_moveit_config': AMENT_PREFIX_PATH=/home/mk/dev_ws/install/uf_ros_lib:/home/mk/dev_ws/install/zed_ros2:/home/mk/dev_ws/install/zed_wrapper:/home/mk/dev_ws/install/zed_components:/home/mk/dev_ws/install/zed_interfaces:/home/mk/dev_ws/install/yolo_object_detector:/home/mk/dev_ws/install/xarm_planner:/home/mk/dev_ws/install/xarm_moveit_servo:/home/mk/dev_ws/install/xarm_moveit_config:/home/mk/dev_ws/install/xarm_gazebo:/home/mk/dev_ws/install/xarm_controller:/home/mk/dev_ws/install/xarm_api:/home/mk/dev_ws/install/xarm_sdk:/home/mk/dev_ws/install/rviz_robot_control_panel:/home/mk/dev_ws/install/move_to_coordinator:/home/mk/dev_ws/install/motion_sequence:/home/mk/dev_ws/install/xarm_msgs:/home/mk/dev_ws/install/xarm_description:/home/mk/dev_ws/install/whisper_demos:/home/mk/dev_ws/install/whisper_bringup:/home/mk/dev_ws/install/whisper_server:/home/mk/dev_ws/install/transcript_manager:/home/mk/dev_ws/install/whisper_util:/home/mk/dev_ws/install/voice_command_listener:/home/mk/dev_ws/install/whisper_idl:/home/mk/dev_ws/install/whisper_cpp_vendor:/home/mk/dev_ws/install/rviz_servo_status_overlay:/home/mk/dev_ws/install/rviz_marker_static_scene_objects:/home/mk/dev_ws/install/robot_motion_handler_movegroup:/home/mk/dev_ws/install/realsense_gazebo_plugin:/home/mk/dev_ws/install/my_3d_vision_bringup:/home/mk/dev_ws/install/mbot_demo:/home/mk/dev_ws/install/gaze_control:/home/mk/dev_ws/install/collision_check:/home/mk/dev_ws/install/audio_listener:/opt/ros/humble CMAKE_PREFIX_PATH=/home/mk/dev_ws/install/xarm_gazebo:/home/mk/dev_ws/install/xarm_controller:/home/mk/dev_ws/install/xarm_api:/home/mk/dev_ws/install/xarm_sdk:/home/mk/dev_ws/install/xarm_msgs:/home/mk/dev_ws/install/xarm_description:/home/mk/dev_ws/install/zed_ros2:/home/mk/dev_ws/install/zed_wrapper:/home/mk/dev_ws/install/zed_components:/home/mk/dev_ws/install/zed_interfaces:/home/mk/dev_ws/install/xarm_planner:/home/mk/dev_ws/install/xarm_moveit_servo:/home/mk/dev_ws/install/xarm_moveit_config:/home/mk/dev_ws/install/rviz_robot_control_panel:/home/mk/dev_ws/install/whisper_bringup:/home/mk/dev_ws/install/whisper_server:/home/mk/dev_ws/install/transcript_manager:/home/mk/dev_ws/install/whisper_util:/home/mk/dev_ws/install/whisper_idl:/home/mk/dev_ws/install/whisper_cpp_vendor:/home/mk/dev_ws/install/realsense_gazebo_plugin:/home/mk/dev_ws/install/my_3d_vision_bringup:/home/mk/dev_ws/install/mbot_demo:/home/mk/dev_ws/install/yolo_object_detector:/home/mk/dev_ws/install/move_to_coordinator:/home/mk/dev_ws/install/motion_sequence:/home/mk/dev_ws/install/whisper_demos:/home/mk/dev_ws/install/voice_command_listener:/home/mk/dev_ws/install/uf_ros_lib:/home/mk/dev_ws/install/rviz_servo_status_overlay:/home/mk/dev_ws/install/rviz_marker_static_scene_objects:/home/mk/dev_ws/install/robot_motion_handler_movegroup:/home/mk/dev_ws/install/gaze_control:/home/mk/dev_ws/install/collision_check:/home/mk/dev_ws/install/audio_listener:/opt/ros/humble LD_LIBRARY_PATH=/home/mk/dev_ws/install/xarm_gazebo/lib:/home/mk/dev_ws/install/xarm_controller/lib:/home/mk/dev_ws/install/xarm_api/lib:/home/mk/dev_ws/install/xarm_sdk/lib:/home/mk/dev_ws/install/xarm_msgs/lib:/usr/local/cuda-12.1/lib64:/home/mk/dev_ws/install/zed_components/lib:/home/mk/dev_ws/install/zed_interfaces/lib:/home/mk/dev_ws/install/xarm_planner/lib:/home/mk/dev_ws/install/xarm_moveit_servo/lib:/home/mk/dev_ws/install/rviz_robot_control_panel/lib:/home/mk/dev_ws/install/whisper_server/lib:/home/mk/dev_ws/install/transcript_manager/lib:/home/mk/dev_ws/install/whisper_util/lib:/home/mk/dev_ws/install/whisper_idl/lib:/home/mk/dev_ws/install/whisper_cpp_vendor/lib:/home/mk/dev_ws/install/realsense_gazebo_plugin/lib:/home/mk/dev_ws/install/my_3d_vision_bringup/lib:/usr/lib/x86_64-linux-gnu/gazebo-11/plugins:/opt/ros/humble/opt/rviz_ogre_vendor/lib:/opt/ros/humble/lib/x86_64-linux-gnu:/opt/ros/humble/lib PYTHONPATH=/home/mk/dev_ws/install/uf_ros_lib/lib/python3.10/site-packages:/home/mk/dev_ws/install/zed_interfaces/local/lib/python3.10/dist-packages:/home/mk/dev_ws/build/yolo_object_detector:/home/mk/dev_ws/install/yolo_object_detector/lib/python3.10/site-packages:/home/mk/dev_ws/build/move_to_coordinator:/home/mk/dev_ws/install/move_to_coordinator/lib/python3.10/site-packages:/home/mk/dev_ws/build/motion_sequence:/home/mk/dev_ws/install/motion_sequence/lib/python3.10/site-packages:/home/mk/dev_ws/install/xarm_msgs/local/lib/python3.10/dist-packages:/home/mk/dev_ws/build/whisper_demos:/home/mk/dev_ws/install/whisper_demos/lib/python3.10/site-packages:/home/mk/dev_ws/build/voice_command_listener:/home/mk/dev_ws/install/voice_command_listener/lib/python3.10/site-packages:/home/mk/dev_ws/install/whisper_idl/local/lib/python3.10/dist-packages:/home/mk/dev_ws/build/uf_ros_lib:/home/mk/dev_ws/build/rviz_servo_status_overlay:/home/mk/dev_ws/install/rviz_servo_status_overlay/lib/python3.10/site-packages:/home/mk/dev_ws/build/rviz_marker_static_scene_objects:/home/mk/dev_ws/install/rviz_marker_static_scene_objects/lib/python3.10/site-packages:/home/mk/dev_ws/build/robot_motion_handler_movegroup:/home/mk/dev_ws/install/robot_motion_handler_movegroup/lib/python3.10/site-packages:/home/mk/dev_ws/install/my_3d_vision_bringup/local/lib/python3.10/dist-packages:/home/mk/dev_ws/build/gaze_control:/home/mk/dev_ws/install/gaze_control/lib/python3.10/site-packages:/home/mk/dev_ws/build/collision_check:/home/mk/dev_ws/install/collision_check/lib/python3.10/site-packages:/home/mk/dev_ws/build/audio_listener:/home/mk/dev_ws/install/audio_listener/lib/python3.10/site-packages:/opt/ros/humble/lib/python3.10/site-packages:/opt/ros/humble/local/lib/python3.10/dist-packages /usr/bin/cmake --build /home/mk/dev_ws/build/xarm_moveit_config -- -j16 -l16
[1.203s] DEBUG:colcon.colcon_core.event_handler.log_command:Invoked command in '/home/mk/dev_ws/build/xarm_moveit_config' returned '0': AMENT_PREFIX_PATH=/home/mk/dev_ws/install/uf_ros_lib:/home/mk/dev_ws/install/zed_ros2:/home/mk/dev_ws/install/zed_wrapper:/home/mk/dev_ws/install/zed_components:/home/mk/dev_ws/install/zed_interfaces:/home/mk/dev_ws/install/yolo_object_detector:/home/mk/dev_ws/install/xarm_planner:/home/mk/dev_ws/install/xarm_moveit_servo:/home/mk/dev_ws/install/xarm_moveit_config:/home/mk/dev_ws/install/xarm_gazebo:/home/mk/dev_ws/install/xarm_controller:/home/mk/dev_ws/install/xarm_api:/home/mk/dev_ws/install/xarm_sdk:/home/mk/dev_ws/install/rviz_robot_control_panel:/home/mk/dev_ws/install/move_to_coordinator:/home/mk/dev_ws/install/motion_sequence:/home/mk/dev_ws/install/xarm_msgs:/home/mk/dev_ws/install/xarm_description:/home/mk/dev_ws/install/whisper_demos:/home/mk/dev_ws/install/whisper_bringup:/home/mk/dev_ws/install/whisper_server:/home/mk/dev_ws/install/transcript_manager:/home/mk/dev_ws/install/whisper_util:/home/mk/dev_ws/install/voice_command_listener:/home/mk/dev_ws/install/whisper_idl:/home/mk/dev_ws/install/whisper_cpp_vendor:/home/mk/dev_ws/install/rviz_servo_status_overlay:/home/mk/dev_ws/install/rviz_marker_static_scene_objects:/home/mk/dev_ws/install/robot_motion_handler_movegroup:/home/mk/dev_ws/install/realsense_gazebo_plugin:/home/mk/dev_ws/install/my_3d_vision_bringup:/home/mk/dev_ws/install/mbot_demo:/home/mk/dev_ws/install/gaze_control:/home/mk/dev_ws/install/collision_check:/home/mk/dev_ws/install/audio_listener:/opt/ros/humble CMAKE_PREFIX_PATH=/home/mk/dev_ws/install/xarm_gazebo:/home/mk/dev_ws/install/xarm_controller:/home/mk/dev_ws/install/xarm_api:/home/mk/dev_ws/install/xarm_sdk:/home/mk/dev_ws/install/xarm_msgs:/home/mk/dev_ws/install/xarm_description:/home/mk/dev_ws/install/zed_ros2:/home/mk/dev_ws/install/zed_wrapper:/home/mk/dev_ws/install/zed_components:/home/mk/dev_ws/install/zed_interfaces:/home/mk/dev_ws/install/xarm_planner:/home/mk/dev_ws/install/xarm_moveit_servo:/home/mk/dev_ws/install/xarm_moveit_config:/home/mk/dev_ws/install/rviz_robot_control_panel:/home/mk/dev_ws/install/whisper_bringup:/home/mk/dev_ws/install/whisper_server:/home/mk/dev_ws/install/transcript_manager:/home/mk/dev_ws/install/whisper_util:/home/mk/dev_ws/install/whisper_idl:/home/mk/dev_ws/install/whisper_cpp_vendor:/home/mk/dev_ws/install/realsense_gazebo_plugin:/home/mk/dev_ws/install/my_3d_vision_bringup:/home/mk/dev_ws/install/mbot_demo:/home/mk/dev_ws/install/yolo_object_detector:/home/mk/dev_ws/install/move_to_coordinator:/home/mk/dev_ws/install/motion_sequence:/home/mk/dev_ws/install/whisper_demos:/home/mk/dev_ws/install/voice_command_listener:/home/mk/dev_ws/install/uf_ros_lib:/home/mk/dev_ws/install/rviz_servo_status_overlay:/home/mk/dev_ws/install/rviz_marker_static_scene_objects:/home/mk/dev_ws/install/robot_motion_handler_movegroup:/home/mk/dev_ws/install/gaze_control:/home/mk/dev_ws/install/collision_check:/home/mk/dev_ws/install/audio_listener:/opt/ros/humble LD_LIBRARY_PATH=/home/mk/dev_ws/install/xarm_gazebo/lib:/home/mk/dev_ws/install/xarm_controller/lib:/home/mk/dev_ws/install/xarm_api/lib:/home/mk/dev_ws/install/xarm_sdk/lib:/home/mk/dev_ws/install/xarm_msgs/lib:/usr/local/cuda-12.1/lib64:/home/mk/dev_ws/install/zed_components/lib:/home/mk/dev_ws/install/zed_interfaces/lib:/home/mk/dev_ws/install/xarm_planner/lib:/home/mk/dev_ws/install/xarm_moveit_servo/lib:/home/mk/dev_ws/install/rviz_robot_control_panel/lib:/home/mk/dev_ws/install/whisper_server/lib:/home/mk/dev_ws/install/transcript_manager/lib:/home/mk/dev_ws/install/whisper_util/lib:/home/mk/dev_ws/install/whisper_idl/lib:/home/mk/dev_ws/install/whisper_cpp_vendor/lib:/home/mk/dev_ws/install/realsense_gazebo_plugin/lib:/home/mk/dev_ws/install/my_3d_vision_bringup/lib:/usr/lib/x86_64-linux-gnu/gazebo-11/plugins:/opt/ros/humble/opt/rviz_ogre_vendor/lib:/opt/ros/humble/lib/x86_64-linux-gnu:/opt/ros/humble/lib PYTHONPATH=/home/mk/dev_ws/install/uf_ros_lib/lib/python3.10/site-packages:/home/mk/dev_ws/install/zed_interfaces/local/lib/python3.10/dist-packages:/home/mk/dev_ws/build/yolo_object_detector:/home/mk/dev_ws/install/yolo_object_detector/lib/python3.10/site-packages:/home/mk/dev_ws/build/move_to_coordinator:/home/mk/dev_ws/install/move_to_coordinator/lib/python3.10/site-packages:/home/mk/dev_ws/build/motion_sequence:/home/mk/dev_ws/install/motion_sequence/lib/python3.10/site-packages:/home/mk/dev_ws/install/xarm_msgs/local/lib/python3.10/dist-packages:/home/mk/dev_ws/build/whisper_demos:/home/mk/dev_ws/install/whisper_demos/lib/python3.10/site-packages:/home/mk/dev_ws/build/voice_command_listener:/home/mk/dev_ws/install/voice_command_listener/lib/python3.10/site-packages:/home/mk/dev_ws/install/whisper_idl/local/lib/python3.10/dist-packages:/home/mk/dev_ws/build/uf_ros_lib:/home/mk/dev_ws/build/rviz_servo_status_overlay:/home/mk/dev_ws/install/rviz_servo_status_overlay/lib/python3.10/site-packages:/home/mk/dev_ws/build/rviz_marker_static_scene_objects:/home/mk/dev_ws/install/rviz_marker_static_scene_objects/lib/python3.10/site-packages:/home/mk/dev_ws/build/robot_motion_handler_movegroup:/home/mk/dev_ws/install/robot_motion_handler_movegroup/lib/python3.10/site-packages:/home/mk/dev_ws/install/my_3d_vision_bringup/local/lib/python3.10/dist-packages:/home/mk/dev_ws/build/gaze_control:/home/mk/dev_ws/install/gaze_control/lib/python3.10/site-packages:/home/mk/dev_ws/build/collision_check:/home/mk/dev_ws/install/collision_check/lib/python3.10/site-packages:/home/mk/dev_ws/build/audio_listener:/home/mk/dev_ws/install/audio_listener/lib/python3.10/site-packages:/opt/ros/humble/lib/python3.10/site-packages:/opt/ros/humble/local/lib/python3.10/dist-packages /usr/bin/cmake --build /home/mk/dev_ws/build/xarm_moveit_config -- -j16 -l16
[1.204s] DEBUG:colcon.colcon_core.event_handler.log_command:Invoking command in '/home/mk/dev_ws/build/xarm_moveit_config': AMENT_PREFIX_PATH=/home/mk/dev_ws/install/uf_ros_lib:/home/mk/dev_ws/install/zed_ros2:/home/mk/dev_ws/install/zed_wrapper:/home/mk/dev_ws/install/zed_components:/home/mk/dev_ws/install/zed_interfaces:/home/mk/dev_ws/install/yolo_object_detector:/home/mk/dev_ws/install/xarm_planner:/home/mk/dev_ws/install/xarm_moveit_servo:/home/mk/dev_ws/install/xarm_moveit_config:/home/mk/dev_ws/install/xarm_gazebo:/home/mk/dev_ws/install/xarm_controller:/home/mk/dev_ws/install/xarm_api:/home/mk/dev_ws/install/xarm_sdk:/home/mk/dev_ws/install/rviz_robot_control_panel:/home/mk/dev_ws/install/move_to_coordinator:/home/mk/dev_ws/install/motion_sequence:/home/mk/dev_ws/install/xarm_msgs:/home/mk/dev_ws/install/xarm_description:/home/mk/dev_ws/install/whisper_demos:/home/mk/dev_ws/install/whisper_bringup:/home/mk/dev_ws/install/whisper_server:/home/mk/dev_ws/install/transcript_manager:/home/mk/dev_ws/install/whisper_util:/home/mk/dev_ws/install/voice_command_listener:/home/mk/dev_ws/install/whisper_idl:/home/mk/dev_ws/install/whisper_cpp_vendor:/home/mk/dev_ws/install/rviz_servo_status_overlay:/home/mk/dev_ws/install/rviz_marker_static_scene_objects:/home/mk/dev_ws/install/robot_motion_handler_movegroup:/home/mk/dev_ws/install/realsense_gazebo_plugin:/home/mk/dev_ws/install/my_3d_vision_bringup:/home/mk/dev_ws/install/mbot_demo:/home/mk/dev_ws/install/gaze_control:/home/mk/dev_ws/install/collision_check:/home/mk/dev_ws/install/audio_listener:/opt/ros/humble CMAKE_PREFIX_PATH=/home/mk/dev_ws/install/xarm_gazebo:/home/mk/dev_ws/install/xarm_controller:/home/mk/dev_ws/install/xarm_api:/home/mk/dev_ws/install/xarm_sdk:/home/mk/dev_ws/install/xarm_msgs:/home/mk/dev_ws/install/xarm_description:/home/mk/dev_ws/install/zed_ros2:/home/mk/dev_ws/install/zed_wrapper:/home/mk/dev_ws/install/zed_components:/home/mk/dev_ws/install/zed_interfaces:/home/mk/dev_ws/install/xarm_planner:/home/mk/dev_ws/install/xarm_moveit_servo:/home/mk/dev_ws/install/xarm_moveit_config:/home/mk/dev_ws/install/rviz_robot_control_panel:/home/mk/dev_ws/install/whisper_bringup:/home/mk/dev_ws/install/whisper_server:/home/mk/dev_ws/install/transcript_manager:/home/mk/dev_ws/install/whisper_util:/home/mk/dev_ws/install/whisper_idl:/home/mk/dev_ws/install/whisper_cpp_vendor:/home/mk/dev_ws/install/realsense_gazebo_plugin:/home/mk/dev_ws/install/my_3d_vision_bringup:/home/mk/dev_ws/install/mbot_demo:/home/mk/dev_ws/install/yolo_object_detector:/home/mk/dev_ws/install/move_to_coordinator:/home/mk/dev_ws/install/motion_sequence:/home/mk/dev_ws/install/whisper_demos:/home/mk/dev_ws/install/voice_command_listener:/home/mk/dev_ws/install/uf_ros_lib:/home/mk/dev_ws/install/rviz_servo_status_overlay:/home/mk/dev_ws/install/rviz_marker_static_scene_objects:/home/mk/dev_ws/install/robot_motion_handler_movegroup:/home/mk/dev_ws/install/gaze_control:/home/mk/dev_ws/install/collision_check:/home/mk/dev_ws/install/audio_listener:/opt/ros/humble LD_LIBRARY_PATH=/home/mk/dev_ws/install/xarm_gazebo/lib:/home/mk/dev_ws/install/xarm_controller/lib:/home/mk/dev_ws/install/xarm_api/lib:/home/mk/dev_ws/install/xarm_sdk/lib:/home/mk/dev_ws/install/xarm_msgs/lib:/usr/local/cuda-12.1/lib64:/home/mk/dev_ws/install/zed_components/lib:/home/mk/dev_ws/install/zed_interfaces/lib:/home/mk/dev_ws/install/xarm_planner/lib:/home/mk/dev_ws/install/xarm_moveit_servo/lib:/home/mk/dev_ws/install/rviz_robot_control_panel/lib:/home/mk/dev_ws/install/whisper_server/lib:/home/mk/dev_ws/install/transcript_manager/lib:/home/mk/dev_ws/install/whisper_util/lib:/home/mk/dev_ws/install/whisper_idl/lib:/home/mk/dev_ws/install/whisper_cpp_vendor/lib:/home/mk/dev_ws/install/realsense_gazebo_plugin/lib:/home/mk/dev_ws/install/my_3d_vision_bringup/lib:/usr/lib/x86_64-linux-gnu/gazebo-11/plugins:/opt/ros/humble/opt/rviz_ogre_vendor/lib:/opt/ros/humble/lib/x86_64-linux-gnu:/opt/ros/humble/lib PYTHONPATH=/home/mk/dev_ws/install/uf_ros_lib/lib/python3.10/site-packages:/home/mk/dev_ws/install/zed_interfaces/local/lib/python3.10/dist-packages:/home/mk/dev_ws/build/yolo_object_detector:/home/mk/dev_ws/install/yolo_object_detector/lib/python3.10/site-packages:/home/mk/dev_ws/build/move_to_coordinator:/home/mk/dev_ws/install/move_to_coordinator/lib/python3.10/site-packages:/home/mk/dev_ws/build/motion_sequence:/home/mk/dev_ws/install/motion_sequence/lib/python3.10/site-packages:/home/mk/dev_ws/install/xarm_msgs/local/lib/python3.10/dist-packages:/home/mk/dev_ws/build/whisper_demos:/home/mk/dev_ws/install/whisper_demos/lib/python3.10/site-packages:/home/mk/dev_ws/build/voice_command_listener:/home/mk/dev_ws/install/voice_command_listener/lib/python3.10/site-packages:/home/mk/dev_ws/install/whisper_idl/local/lib/python3.10/dist-packages:/home/mk/dev_ws/build/uf_ros_lib:/home/mk/dev_ws/build/rviz_servo_status_overlay:/home/mk/dev_ws/install/rviz_servo_status_overlay/lib/python3.10/site-packages:/home/mk/dev_ws/build/rviz_marker_static_scene_objects:/home/mk/dev_ws/install/rviz_marker_static_scene_objects/lib/python3.10/site-packages:/home/mk/dev_ws/build/robot_motion_handler_movegroup:/home/mk/dev_ws/install/robot_motion_handler_movegroup/lib/python3.10/site-packages:/home/mk/dev_ws/install/my_3d_vision_bringup/local/lib/python3.10/dist-packages:/home/mk/dev_ws/build/gaze_control:/home/mk/dev_ws/install/gaze_control/lib/python3.10/site-packages:/home/mk/dev_ws/build/collision_check:/home/mk/dev_ws/install/collision_check/lib/python3.10/site-packages:/home/mk/dev_ws/build/audio_listener:/home/mk/dev_ws/install/audio_listener/lib/python3.10/site-packages:/opt/ros/humble/lib/python3.10/site-packages:/opt/ros/humble/local/lib/python3.10/dist-packages /usr/bin/cmake --install /home/mk/dev_ws/build/xarm_moveit_config
[1.224s] Level 1:colcon.colcon_core.environment:create_environment_scripts_only(xarm_moveit_config)
[1.224s] Level 1:colcon.colcon_core.environment:checking '/home/mk/dev_ws/install/xarm_moveit_config' for CMake module files
[1.225s] DEBUG:colcon.colcon_core.event_handler.log_command:Invoked command in '/home/mk/dev_ws/build/xarm_moveit_config' returned '0': AMENT_PREFIX_PATH=/home/mk/dev_ws/install/uf_ros_lib:/home/mk/dev_ws/install/zed_ros2:/home/mk/dev_ws/install/zed_wrapper:/home/mk/dev_ws/install/zed_components:/home/mk/dev_ws/install/zed_interfaces:/home/mk/dev_ws/install/yolo_object_detector:/home/mk/dev_ws/install/xarm_planner:/home/mk/dev_ws/install/xarm_moveit_servo:/home/mk/dev_ws/install/xarm_moveit_config:/home/mk/dev_ws/install/xarm_gazebo:/home/mk/dev_ws/install/xarm_controller:/home/mk/dev_ws/install/xarm_api:/home/mk/dev_ws/install/xarm_sdk:/home/mk/dev_ws/install/rviz_robot_control_panel:/home/mk/dev_ws/install/move_to_coordinator:/home/mk/dev_ws/install/motion_sequence:/home/mk/dev_ws/install/xarm_msgs:/home/mk/dev_ws/install/xarm_description:/home/mk/dev_ws/install/whisper_demos:/home/mk/dev_ws/install/whisper_bringup:/home/mk/dev_ws/install/whisper_server:/home/mk/dev_ws/install/transcript_manager:/home/mk/dev_ws/install/whisper_util:/home/mk/dev_ws/install/voice_command_listener:/home/mk/dev_ws/install/whisper_idl:/home/mk/dev_ws/install/whisper_cpp_vendor:/home/mk/dev_ws/install/rviz_servo_status_overlay:/home/mk/dev_ws/install/rviz_marker_static_scene_objects:/home/mk/dev_ws/install/robot_motion_handler_movegroup:/home/mk/dev_ws/install/realsense_gazebo_plugin:/home/mk/dev_ws/install/my_3d_vision_bringup:/home/mk/dev_ws/install/mbot_demo:/home/mk/dev_ws/install/gaze_control:/home/mk/dev_ws/install/collision_check:/home/mk/dev_ws/install/audio_listener:/opt/ros/humble CMAKE_PREFIX_PATH=/home/mk/dev_ws/install/xarm_gazebo:/home/mk/dev_ws/install/xarm_controller:/home/mk/dev_ws/install/xarm_api:/home/mk/dev_ws/install/xarm_sdk:/home/mk/dev_ws/install/xarm_msgs:/home/mk/dev_ws/install/xarm_description:/home/mk/dev_ws/install/zed_ros2:/home/mk/dev_ws/install/zed_wrapper:/home/mk/dev_ws/install/zed_components:/home/mk/dev_ws/install/zed_interfaces:/home/mk/dev_ws/install/xarm_planner:/home/mk/dev_ws/install/xarm_moveit_servo:/home/mk/dev_ws/install/xarm_moveit_config:/home/mk/dev_ws/install/rviz_robot_control_panel:/home/mk/dev_ws/install/whisper_bringup:/home/mk/dev_ws/install/whisper_server:/home/mk/dev_ws/install/transcript_manager:/home/mk/dev_ws/install/whisper_util:/home/mk/dev_ws/install/whisper_idl:/home/mk/dev_ws/install/whisper_cpp_vendor:/home/mk/dev_ws/install/realsense_gazebo_plugin:/home/mk/dev_ws/install/my_3d_vision_bringup:/home/mk/dev_ws/install/mbot_demo:/home/mk/dev_ws/install/yolo_object_detector:/home/mk/dev_ws/install/move_to_coordinator:/home/mk/dev_ws/install/motion_sequence:/home/mk/dev_ws/install/whisper_demos:/home/mk/dev_ws/install/voice_command_listener:/home/mk/dev_ws/install/uf_ros_lib:/home/mk/dev_ws/install/rviz_servo_status_overlay:/home/mk/dev_ws/install/rviz_marker_static_scene_objects:/home/mk/dev_ws/install/robot_motion_handler_movegroup:/home/mk/dev_ws/install/gaze_control:/home/mk/dev_ws/install/collision_check:/home/mk/dev_ws/install/audio_listener:/opt/ros/humble LD_LIBRARY_PATH=/home/mk/dev_ws/install/xarm_gazebo/lib:/home/mk/dev_ws/install/xarm_controller/lib:/home/mk/dev_ws/install/xarm_api/lib:/home/mk/dev_ws/install/xarm_sdk/lib:/home/mk/dev_ws/install/xarm_msgs/lib:/usr/local/cuda-12.1/lib64:/home/mk/dev_ws/install/zed_components/lib:/home/mk/dev_ws/install/zed_interfaces/lib:/home/mk/dev_ws/install/xarm_planner/lib:/home/mk/dev_ws/install/xarm_moveit_servo/lib:/home/mk/dev_ws/install/rviz_robot_control_panel/lib:/home/mk/dev_ws/install/whisper_server/lib:/home/mk/dev_ws/install/transcript_manager/lib:/home/mk/dev_ws/install/whisper_util/lib:/home/mk/dev_ws/install/whisper_idl/lib:/home/mk/dev_ws/install/whisper_cpp_vendor/lib:/home/mk/dev_ws/install/realsense_gazebo_plugin/lib:/home/mk/dev_ws/install/my_3d_vision_bringup/lib:/usr/lib/x86_64-linux-gnu/gazebo-11/plugins:/opt/ros/humble/opt/rviz_ogre_vendor/lib:/opt/ros/humble/lib/x86_64-linux-gnu:/opt/ros/humble/lib PYTHONPATH=/home/mk/dev_ws/install/uf_ros_lib/lib/python3.10/site-packages:/home/mk/dev_ws/install/zed_interfaces/local/lib/python3.10/dist-packages:/home/mk/dev_ws/build/yolo_object_detector:/home/mk/dev_ws/install/yolo_object_detector/lib/python3.10/site-packages:/home/mk/dev_ws/build/move_to_coordinator:/home/mk/dev_ws/install/move_to_coordinator/lib/python3.10/site-packages:/home/mk/dev_ws/build/motion_sequence:/home/mk/dev_ws/install/motion_sequence/lib/python3.10/site-packages:/home/mk/dev_ws/install/xarm_msgs/local/lib/python3.10/dist-packages:/home/mk/dev_ws/build/whisper_demos:/home/mk/dev_ws/install/whisper_demos/lib/python3.10/site-packages:/home/mk/dev_ws/build/voice_command_listener:/home/mk/dev_ws/install/voice_command_listener/lib/python3.10/site-packages:/home/mk/dev_ws/install/whisper_idl/local/lib/python3.10/dist-packages:/home/mk/dev_ws/build/uf_ros_lib:/home/mk/dev_ws/build/rviz_servo_status_overlay:/home/mk/dev_ws/install/rviz_servo_status_overlay/lib/python3.10/site-packages:/home/mk/dev_ws/build/rviz_marker_static_scene_objects:/home/mk/dev_ws/install/rviz_marker_static_scene_objects/lib/python3.10/site-packages:/home/mk/dev_ws/build/robot_motion_handler_movegroup:/home/mk/dev_ws/install/robot_motion_handler_movegroup/lib/python3.10/site-packages:/home/mk/dev_ws/install/my_3d_vision_bringup/local/lib/python3.10/dist-packages:/home/mk/dev_ws/build/gaze_control:/home/mk/dev_ws/install/gaze_control/lib/python3.10/site-packages:/home/mk/dev_ws/build/collision_check:/home/mk/dev_ws/install/collision_check/lib/python3.10/site-packages:/home/mk/dev_ws/build/audio_listener:/home/mk/dev_ws/install/audio_listener/lib/python3.10/site-packages:/opt/ros/humble/lib/python3.10/site-packages:/opt/ros/humble/local/lib/python3.10/dist-packages /usr/bin/cmake --install /home/mk/dev_ws/build/xarm_moveit_config
[1.225s] Level 1:colcon.colcon_core.environment:checking '/home/mk/dev_ws/install/xarm_moveit_config' for CMake config files
[1.226s] Level 1:colcon.colcon_core.shell:create_environment_hook('xarm_moveit_config', 'cmake_prefix_path')
[1.226s] INFO:colcon.colcon_core.shell:Creating environment hook '/home/mk/dev_ws/install/xarm_moveit_config/share/xarm_moveit_config/hook/cmake_prefix_path.ps1'
[1.226s] INFO:colcon.colcon_core.shell:Creating environment descriptor '/home/mk/dev_ws/install/xarm_moveit_config/share/xarm_moveit_config/hook/cmake_prefix_path.dsv'
[1.226s] INFO:colcon.colcon_core.shell:Creating environment hook '/home/mk/dev_ws/install/xarm_moveit_config/share/xarm_moveit_config/hook/cmake_prefix_path.sh'
[1.227s] Level 1:colcon.colcon_core.environment:checking '/home/mk/dev_ws/install/xarm_moveit_config/bin'
[1.227s] Level 1:colcon.colcon_core.environment:checking '/home/mk/dev_ws/install/xarm_moveit_config/lib/pkgconfig/xarm_moveit_config.pc'
[1.227s] Level 1:colcon.colcon_core.environment:checking '/home/mk/dev_ws/install/xarm_moveit_config/lib/python3.10/site-packages'
[1.227s] Level 1:colcon.colcon_core.environment:checking '/home/mk/dev_ws/install/xarm_moveit_config/bin'
[1.227s] INFO:colcon.colcon_core.shell:Creating package script '/home/mk/dev_ws/install/xarm_moveit_config/share/xarm_moveit_config/package.ps1'
[1.227s] INFO:colcon.colcon_core.shell:Creating package descriptor '/home/mk/dev_ws/install/xarm_moveit_config/share/xarm_moveit_config/package.dsv'
[1.228s] INFO:colcon.colcon_core.shell:Creating package script '/home/mk/dev_ws/install/xarm_moveit_config/share/xarm_moveit_config/package.sh'
[1.228s] INFO:colcon.colcon_core.shell:Creating package script '/home/mk/dev_ws/install/xarm_moveit_config/share/xarm_moveit_config/package.bash'
[1.228s] INFO:colcon.colcon_core.shell:Creating package script '/home/mk/dev_ws/install/xarm_moveit_config/share/xarm_moveit_config/package.zsh'
[1.228s] Level 1:colcon.colcon_core.environment:create_file_with_runtime_dependencies(/home/mk/dev_ws/install/xarm_moveit_config/share/colcon-core/packages/xarm_moveit_config)
[1.228s] Level 1:colcon.colcon_core.environment:create_environment_scripts_only(xarm_moveit_config)
[1.228s] Level 1:colcon.colcon_core.environment:checking '/home/mk/dev_ws/install/xarm_moveit_config' for CMake module files
[1.229s] Level 1:colcon.colcon_core.environment:checking '/home/mk/dev_ws/install/xarm_moveit_config' for CMake config files
[1.229s] Level 1:colcon.colcon_core.shell:create_environment_hook('xarm_moveit_config', 'cmake_prefix_path')
[1.230s] INFO:colcon.colcon_core.shell:Creating environment hook '/home/mk/dev_ws/install/xarm_moveit_config/share/xarm_moveit_config/hook/cmake_prefix_path.ps1'
[1.230s] INFO:colcon.colcon_core.shell:Creating environment descriptor '/home/mk/dev_ws/install/xarm_moveit_config/share/xarm_moveit_config/hook/cmake_prefix_path.dsv'
[1.231s] INFO:colcon.colcon_core.shell:Creating environment hook '/home/mk/dev_ws/install/xarm_moveit_config/share/xarm_moveit_config/hook/cmake_prefix_path.sh'
[1.231s] Level 1:colcon.colcon_core.environment:checking '/home/mk/dev_ws/install/xarm_moveit_config/bin'
[1.231s] Level 1:colcon.colcon_core.environment:checking '/home/mk/dev_ws/install/xarm_moveit_config/lib/pkgconfig/xarm_moveit_config.pc'
[1.231s] Level 1:colcon.colcon_core.environment:checking '/home/mk/dev_ws/install/xarm_moveit_config/lib/python3.10/site-packages'
[1.231s] Level 1:colcon.colcon_core.environment:checking '/home/mk/dev_ws/install/xarm_moveit_config/bin'
[1.232s] INFO:colcon.colcon_core.shell:Creating package script '/home/mk/dev_ws/install/xarm_moveit_config/share/xarm_moveit_config/package.ps1'
[1.232s] INFO:colcon.colcon_core.shell:Creating package descriptor '/home/mk/dev_ws/install/xarm_moveit_config/share/xarm_moveit_config/package.dsv'
[1.232s] INFO:colcon.colcon_core.shell:Creating package script '/home/mk/dev_ws/install/xarm_moveit_config/share/xarm_moveit_config/package.sh'
[1.232s] INFO:colcon.colcon_core.shell:Creating package script '/home/mk/dev_ws/install/xarm_moveit_config/share/xarm_moveit_config/package.bash'
[1.233s] INFO:colcon.colcon_core.shell:Creating package script '/home/mk/dev_ws/install/xarm_moveit_config/share/xarm_moveit_config/package.zsh'
[1.233s] Level 1:colcon.colcon_core.environment:create_file_with_runtime_dependencies(/home/mk/dev_ws/install/xarm_moveit_config/share/colcon-core/packages/xarm_moveit_config)
[1.233s] INFO:colcon.colcon_ros.task.ament_cmake.build:Building ROS package in '/home/mk/dev_ws/src/xarm_ros2/xarm_moveit_servo' with build type 'ament_cmake'
[1.233s] INFO:colcon.colcon_cmake.task.cmake.build:Building CMake package in '/home/mk/dev_ws/src/xarm_ros2/xarm_moveit_servo'
[1.233s] INFO:colcon.colcon_core.shell:Skip shell extension 'powershell' for command environment: Not usable outside of PowerShell
[1.233s] DEBUG:colcon.colcon_core.shell:Skip shell extension 'dsv' for command environment
[1.248s] DEBUG:colcon.colcon_core.event_handler.log_command:Invoking command in '/home/mk/dev_ws/build/xarm_moveit_servo': AMENT_PREFIX_PATH=/home/mk/dev_ws/install/uf_ros_lib:/home/mk/dev_ws/install/zed_ros2:/home/mk/dev_ws/install/zed_wrapper:/home/mk/dev_ws/install/zed_components:/home/mk/dev_ws/install/zed_interfaces:/home/mk/dev_ws/install/yolo_object_detector:/home/mk/dev_ws/install/xarm_planner:/home/mk/dev_ws/install/xarm_moveit_servo:/home/mk/dev_ws/install/xarm_moveit_config:/home/mk/dev_ws/install/xarm_gazebo:/home/mk/dev_ws/install/xarm_controller:/home/mk/dev_ws/install/xarm_api:/home/mk/dev_ws/install/xarm_sdk:/home/mk/dev_ws/install/rviz_robot_control_panel:/home/mk/dev_ws/install/move_to_coordinator:/home/mk/dev_ws/install/motion_sequence:/home/mk/dev_ws/install/xarm_msgs:/home/mk/dev_ws/install/xarm_description:/home/mk/dev_ws/install/whisper_demos:/home/mk/dev_ws/install/whisper_bringup:/home/mk/dev_ws/install/whisper_server:/home/mk/dev_ws/install/transcript_manager:/home/mk/dev_ws/install/whisper_util:/home/mk/dev_ws/install/voice_command_listener:/home/mk/dev_ws/install/whisper_idl:/home/mk/dev_ws/install/whisper_cpp_vendor:/home/mk/dev_ws/install/rviz_servo_status_overlay:/home/mk/dev_ws/install/rviz_marker_static_scene_objects:/home/mk/dev_ws/install/robot_motion_handler_movegroup:/home/mk/dev_ws/install/realsense_gazebo_plugin:/home/mk/dev_ws/install/my_3d_vision_bringup:/home/mk/dev_ws/install/mbot_demo:/home/mk/dev_ws/install/gaze_control:/home/mk/dev_ws/install/collision_check:/home/mk/dev_ws/install/audio_listener:/opt/ros/humble CMAKE_PREFIX_PATH=/home/mk/dev_ws/install/xarm_moveit_config:/home/mk/dev_ws/install/xarm_gazebo:/home/mk/dev_ws/install/xarm_controller:/home/mk/dev_ws/install/xarm_api:/home/mk/dev_ws/install/xarm_sdk:/home/mk/dev_ws/install/xarm_msgs:/home/mk/dev_ws/install/xarm_description:/home/mk/dev_ws/install/whisper_idl:/home/mk/dev_ws/install/zed_ros2:/home/mk/dev_ws/install/zed_wrapper:/home/mk/dev_ws/install/zed_components:/home/mk/dev_ws/install/zed_interfaces:/home/mk/dev_ws/install/xarm_planner:/home/mk/dev_ws/install/xarm_moveit_servo:/home/mk/dev_ws/install/rviz_robot_control_panel:/home/mk/dev_ws/install/whisper_bringup:/home/mk/dev_ws/install/whisper_server:/home/mk/dev_ws/install/transcript_manager:/home/mk/dev_ws/install/whisper_util:/home/mk/dev_ws/install/whisper_cpp_vendor:/home/mk/dev_ws/install/realsense_gazebo_plugin:/home/mk/dev_ws/install/my_3d_vision_bringup:/home/mk/dev_ws/install/mbot_demo:/home/mk/dev_ws/install/yolo_object_detector:/home/mk/dev_ws/install/move_to_coordinator:/home/mk/dev_ws/install/motion_sequence:/home/mk/dev_ws/install/whisper_demos:/home/mk/dev_ws/install/voice_command_listener:/home/mk/dev_ws/install/uf_ros_lib:/home/mk/dev_ws/install/rviz_servo_status_overlay:/home/mk/dev_ws/install/rviz_marker_static_scene_objects:/home/mk/dev_ws/install/robot_motion_handler_movegroup:/home/mk/dev_ws/install/gaze_control:/home/mk/dev_ws/install/collision_check:/home/mk/dev_ws/install/audio_listener:/opt/ros/humble LD_LIBRARY_PATH=/home/mk/dev_ws/install/xarm_gazebo/lib:/home/mk/dev_ws/install/xarm_controller/lib:/home/mk/dev_ws/install/xarm_api/lib:/home/mk/dev_ws/install/xarm_sdk/lib:/home/mk/dev_ws/install/xarm_msgs/lib:/home/mk/dev_ws/install/whisper_idl/lib:/usr/local/cuda-12.1/lib64:/home/mk/dev_ws/install/zed_components/lib:/home/mk/dev_ws/install/zed_interfaces/lib:/home/mk/dev_ws/install/xarm_planner/lib:/home/mk/dev_ws/install/xarm_moveit_servo/lib:/home/mk/dev_ws/install/rviz_robot_control_panel/lib:/home/mk/dev_ws/install/whisper_server/lib:/home/mk/dev_ws/install/transcript_manager/lib:/home/mk/dev_ws/install/whisper_util/lib:/home/mk/dev_ws/install/whisper_cpp_vendor/lib:/home/mk/dev_ws/install/realsense_gazebo_plugin/lib:/home/mk/dev_ws/install/my_3d_vision_bringup/lib:/usr/lib/x86_64-linux-gnu/gazebo-11/plugins:/opt/ros/humble/opt/rviz_ogre_vendor/lib:/opt/ros/humble/lib/x86_64-linux-gnu:/opt/ros/humble/lib PYTHONPATH=/home/mk/dev_ws/install/uf_ros_lib/lib/python3.10/site-packages:/home/mk/dev_ws/install/zed_interfaces/local/lib/python3.10/dist-packages:/home/mk/dev_ws/build/yolo_object_detector:/home/mk/dev_ws/install/yolo_object_detector/lib/python3.10/site-packages:/home/mk/dev_ws/build/move_to_coordinator:/home/mk/dev_ws/install/move_to_coordinator/lib/python3.10/site-packages:/home/mk/dev_ws/build/motion_sequence:/home/mk/dev_ws/install/motion_sequence/lib/python3.10/site-packages:/home/mk/dev_ws/install/xarm_msgs/local/lib/python3.10/dist-packages:/home/mk/dev_ws/build/whisper_demos:/home/mk/dev_ws/install/whisper_demos/lib/python3.10/site-packages:/home/mk/dev_ws/build/voice_command_listener:/home/mk/dev_ws/install/voice_command_listener/lib/python3.10/site-packages:/home/mk/dev_ws/install/whisper_idl/local/lib/python3.10/dist-packages:/home/mk/dev_ws/build/uf_ros_lib:/home/mk/dev_ws/build/rviz_servo_status_overlay:/home/mk/dev_ws/install/rviz_servo_status_overlay/lib/python3.10/site-packages:/home/mk/dev_ws/build/rviz_marker_static_scene_objects:/home/mk/dev_ws/install/rviz_marker_static_scene_objects/lib/python3.10/site-packages:/home/mk/dev_ws/build/robot_motion_handler_movegroup:/home/mk/dev_ws/install/robot_motion_handler_movegroup/lib/python3.10/site-packages:/home/mk/dev_ws/install/my_3d_vision_bringup/local/lib/python3.10/dist-packages:/home/mk/dev_ws/build/gaze_control:/home/mk/dev_ws/install/gaze_control/lib/python3.10/site-packages:/home/mk/dev_ws/build/collision_check:/home/mk/dev_ws/install/collision_check/lib/python3.10/site-packages:/home/mk/dev_ws/build/audio_listener:/home/mk/dev_ws/install/audio_listener/lib/python3.10/site-packages:/opt/ros/humble/lib/python3.10/site-packages:/opt/ros/humble/local/lib/python3.10/dist-packages /usr/bin/cmake --build /home/mk/dev_ws/build/xarm_moveit_servo -- -j16 -l16
[13.296s] DEBUG:colcon.colcon_core.event_handler.log_command:Invoked command in '/home/mk/dev_ws/build/xarm_moveit_servo' returned '0': AMENT_PREFIX_PATH=/home/mk/dev_ws/install/uf_ros_lib:/home/mk/dev_ws/install/zed_ros2:/home/mk/dev_ws/install/zed_wrapper:/home/mk/dev_ws/install/zed_components:/home/mk/dev_ws/install/zed_interfaces:/home/mk/dev_ws/install/yolo_object_detector:/home/mk/dev_ws/install/xarm_planner:/home/mk/dev_ws/install/xarm_moveit_servo:/home/mk/dev_ws/install/xarm_moveit_config:/home/mk/dev_ws/install/xarm_gazebo:/home/mk/dev_ws/install/xarm_controller:/home/mk/dev_ws/install/xarm_api:/home/mk/dev_ws/install/xarm_sdk:/home/mk/dev_ws/install/rviz_robot_control_panel:/home/mk/dev_ws/install/move_to_coordinator:/home/mk/dev_ws/install/motion_sequence:/home/mk/dev_ws/install/xarm_msgs:/home/mk/dev_ws/install/xarm_description:/home/mk/dev_ws/install/whisper_demos:/home/mk/dev_ws/install/whisper_bringup:/home/mk/dev_ws/install/whisper_server:/home/mk/dev_ws/install/transcript_manager:/home/mk/dev_ws/install/whisper_util:/home/mk/dev_ws/install/voice_command_listener:/home/mk/dev_ws/install/whisper_idl:/home/mk/dev_ws/install/whisper_cpp_vendor:/home/mk/dev_ws/install/rviz_servo_status_overlay:/home/mk/dev_ws/install/rviz_marker_static_scene_objects:/home/mk/dev_ws/install/robot_motion_handler_movegroup:/home/mk/dev_ws/install/realsense_gazebo_plugin:/home/mk/dev_ws/install/my_3d_vision_bringup:/home/mk/dev_ws/install/mbot_demo:/home/mk/dev_ws/install/gaze_control:/home/mk/dev_ws/install/collision_check:/home/mk/dev_ws/install/audio_listener:/opt/ros/humble CMAKE_PREFIX_PATH=/home/mk/dev_ws/install/xarm_moveit_config:/home/mk/dev_ws/install/xarm_gazebo:/home/mk/dev_ws/install/xarm_controller:/home/mk/dev_ws/install/xarm_api:/home/mk/dev_ws/install/xarm_sdk:/home/mk/dev_ws/install/xarm_msgs:/home/mk/dev_ws/install/xarm_description:/home/mk/dev_ws/install/whisper_idl:/home/mk/dev_ws/install/zed_ros2:/home/mk/dev_ws/install/zed_wrapper:/home/mk/dev_ws/install/zed_components:/home/mk/dev_ws/install/zed_interfaces:/home/mk/dev_ws/install/xarm_planner:/home/mk/dev_ws/install/xarm_moveit_servo:/home/mk/dev_ws/install/rviz_robot_control_panel:/home/mk/dev_ws/install/whisper_bringup:/home/mk/dev_ws/install/whisper_server:/home/mk/dev_ws/install/transcript_manager:/home/mk/dev_ws/install/whisper_util:/home/mk/dev_ws/install/whisper_cpp_vendor:/home/mk/dev_ws/install/realsense_gazebo_plugin:/home/mk/dev_ws/install/my_3d_vision_bringup:/home/mk/dev_ws/install/mbot_demo:/home/mk/dev_ws/install/yolo_object_detector:/home/mk/dev_ws/install/move_to_coordinator:/home/mk/dev_ws/install/motion_sequence:/home/mk/dev_ws/install/whisper_demos:/home/mk/dev_ws/install/voice_command_listener:/home/mk/dev_ws/install/uf_ros_lib:/home/mk/dev_ws/install/rviz_servo_status_overlay:/home/mk/dev_ws/install/rviz_marker_static_scene_objects:/home/mk/dev_ws/install/robot_motion_handler_movegroup:/home/mk/dev_ws/install/gaze_control:/home/mk/dev_ws/install/collision_check:/home/mk/dev_ws/install/audio_listener:/opt/ros/humble LD_LIBRARY_PATH=/home/mk/dev_ws/install/xarm_gazebo/lib:/home/mk/dev_ws/install/xarm_controller/lib:/home/mk/dev_ws/install/xarm_api/lib:/home/mk/dev_ws/install/xarm_sdk/lib:/home/mk/dev_ws/install/xarm_msgs/lib:/home/mk/dev_ws/install/whisper_idl/lib:/usr/local/cuda-12.1/lib64:/home/mk/dev_ws/install/zed_components/lib:/home/mk/dev_ws/install/zed_interfaces/lib:/home/mk/dev_ws/install/xarm_planner/lib:/home/mk/dev_ws/install/xarm_moveit_servo/lib:/home/mk/dev_ws/install/rviz_robot_control_panel/lib:/home/mk/dev_ws/install/whisper_server/lib:/home/mk/dev_ws/install/transcript_manager/lib:/home/mk/dev_ws/install/whisper_util/lib:/home/mk/dev_ws/install/whisper_cpp_vendor/lib:/home/mk/dev_ws/install/realsense_gazebo_plugin/lib:/home/mk/dev_ws/install/my_3d_vision_bringup/lib:/usr/lib/x86_64-linux-gnu/gazebo-11/plugins:/opt/ros/humble/opt/rviz_ogre_vendor/lib:/opt/ros/humble/lib/x86_64-linux-gnu:/opt/ros/humble/lib PYTHONPATH=/home/mk/dev_ws/install/uf_ros_lib/lib/python3.10/site-packages:/home/mk/dev_ws/install/zed_interfaces/local/lib/python3.10/dist-packages:/home/mk/dev_ws/build/yolo_object_detector:/home/mk/dev_ws/install/yolo_object_detector/lib/python3.10/site-packages:/home/mk/dev_ws/build/move_to_coordinator:/home/mk/dev_ws/install/move_to_coordinator/lib/python3.10/site-packages:/home/mk/dev_ws/build/motion_sequence:/home/mk/dev_ws/install/motion_sequence/lib/python3.10/site-packages:/home/mk/dev_ws/install/xarm_msgs/local/lib/python3.10/dist-packages:/home/mk/dev_ws/build/whisper_demos:/home/mk/dev_ws/install/whisper_demos/lib/python3.10/site-packages:/home/mk/dev_ws/build/voice_command_listener:/home/mk/dev_ws/install/voice_command_listener/lib/python3.10/site-packages:/home/mk/dev_ws/install/whisper_idl/local/lib/python3.10/dist-packages:/home/mk/dev_ws/build/uf_ros_lib:/home/mk/dev_ws/build/rviz_servo_status_overlay:/home/mk/dev_ws/install/rviz_servo_status_overlay/lib/python3.10/site-packages:/home/mk/dev_ws/build/rviz_marker_static_scene_objects:/home/mk/dev_ws/install/rviz_marker_static_scene_objects/lib/python3.10/site-packages:/home/mk/dev_ws/build/robot_motion_handler_movegroup:/home/mk/dev_ws/install/robot_motion_handler_movegroup/lib/python3.10/site-packages:/home/mk/dev_ws/install/my_3d_vision_bringup/local/lib/python3.10/dist-packages:/home/mk/dev_ws/build/gaze_control:/home/mk/dev_ws/install/gaze_control/lib/python3.10/site-packages:/home/mk/dev_ws/build/collision_check:/home/mk/dev_ws/install/collision_check/lib/python3.10/site-packages:/home/mk/dev_ws/build/audio_listener:/home/mk/dev_ws/install/audio_listener/lib/python3.10/site-packages:/opt/ros/humble/lib/python3.10/site-packages:/opt/ros/humble/local/lib/python3.10/dist-packages /usr/bin/cmake --build /home/mk/dev_ws/build/xarm_moveit_servo -- -j16 -l16
[13.297s] DEBUG:colcon.colcon_core.event_handler.log_command:Invoking command in '/home/mk/dev_ws/build/xarm_moveit_servo': AMENT_PREFIX_PATH=/home/mk/dev_ws/install/uf_ros_lib:/home/mk/dev_ws/install/zed_ros2:/home/mk/dev_ws/install/zed_wrapper:/home/mk/dev_ws/install/zed_components:/home/mk/dev_ws/install/zed_interfaces:/home/mk/dev_ws/install/yolo_object_detector:/home/mk/dev_ws/install/xarm_planner:/home/mk/dev_ws/install/xarm_moveit_servo:/home/mk/dev_ws/install/xarm_moveit_config:/home/mk/dev_ws/install/xarm_gazebo:/home/mk/dev_ws/install/xarm_controller:/home/mk/dev_ws/install/xarm_api:/home/mk/dev_ws/install/xarm_sdk:/home/mk/dev_ws/install/rviz_robot_control_panel:/home/mk/dev_ws/install/move_to_coordinator:/home/mk/dev_ws/install/motion_sequence:/home/mk/dev_ws/install/xarm_msgs:/home/mk/dev_ws/install/xarm_description:/home/mk/dev_ws/install/whisper_demos:/home/mk/dev_ws/install/whisper_bringup:/home/mk/dev_ws/install/whisper_server:/home/mk/dev_ws/install/transcript_manager:/home/mk/dev_ws/install/whisper_util:/home/mk/dev_ws/install/voice_command_listener:/home/mk/dev_ws/install/whisper_idl:/home/mk/dev_ws/install/whisper_cpp_vendor:/home/mk/dev_ws/install/rviz_servo_status_overlay:/home/mk/dev_ws/install/rviz_marker_static_scene_objects:/home/mk/dev_ws/install/robot_motion_handler_movegroup:/home/mk/dev_ws/install/realsense_gazebo_plugin:/home/mk/dev_ws/install/my_3d_vision_bringup:/home/mk/dev_ws/install/mbot_demo:/home/mk/dev_ws/install/gaze_control:/home/mk/dev_ws/install/collision_check:/home/mk/dev_ws/install/audio_listener:/opt/ros/humble CMAKE_PREFIX_PATH=/home/mk/dev_ws/install/xarm_moveit_config:/home/mk/dev_ws/install/xarm_gazebo:/home/mk/dev_ws/install/xarm_controller:/home/mk/dev_ws/install/xarm_api:/home/mk/dev_ws/install/xarm_sdk:/home/mk/dev_ws/install/xarm_msgs:/home/mk/dev_ws/install/xarm_description:/home/mk/dev_ws/install/whisper_idl:/home/mk/dev_ws/install/zed_ros2:/home/mk/dev_ws/install/zed_wrapper:/home/mk/dev_ws/install/zed_components:/home/mk/dev_ws/install/zed_interfaces:/home/mk/dev_ws/install/xarm_planner:/home/mk/dev_ws/install/xarm_moveit_servo:/home/mk/dev_ws/install/rviz_robot_control_panel:/home/mk/dev_ws/install/whisper_bringup:/home/mk/dev_ws/install/whisper_server:/home/mk/dev_ws/install/transcript_manager:/home/mk/dev_ws/install/whisper_util:/home/mk/dev_ws/install/whisper_cpp_vendor:/home/mk/dev_ws/install/realsense_gazebo_plugin:/home/mk/dev_ws/install/my_3d_vision_bringup:/home/mk/dev_ws/install/mbot_demo:/home/mk/dev_ws/install/yolo_object_detector:/home/mk/dev_ws/install/move_to_coordinator:/home/mk/dev_ws/install/motion_sequence:/home/mk/dev_ws/install/whisper_demos:/home/mk/dev_ws/install/voice_command_listener:/home/mk/dev_ws/install/uf_ros_lib:/home/mk/dev_ws/install/rviz_servo_status_overlay:/home/mk/dev_ws/install/rviz_marker_static_scene_objects:/home/mk/dev_ws/install/robot_motion_handler_movegroup:/home/mk/dev_ws/install/gaze_control:/home/mk/dev_ws/install/collision_check:/home/mk/dev_ws/install/audio_listener:/opt/ros/humble LD_LIBRARY_PATH=/home/mk/dev_ws/install/xarm_gazebo/lib:/home/mk/dev_ws/install/xarm_controller/lib:/home/mk/dev_ws/install/xarm_api/lib:/home/mk/dev_ws/install/xarm_sdk/lib:/home/mk/dev_ws/install/xarm_msgs/lib:/home/mk/dev_ws/install/whisper_idl/lib:/usr/local/cuda-12.1/lib64:/home/mk/dev_ws/install/zed_components/lib:/home/mk/dev_ws/install/zed_interfaces/lib:/home/mk/dev_ws/install/xarm_planner/lib:/home/mk/dev_ws/install/xarm_moveit_servo/lib:/home/mk/dev_ws/install/rviz_robot_control_panel/lib:/home/mk/dev_ws/install/whisper_server/lib:/home/mk/dev_ws/install/transcript_manager/lib:/home/mk/dev_ws/install/whisper_util/lib:/home/mk/dev_ws/install/whisper_cpp_vendor/lib:/home/mk/dev_ws/install/realsense_gazebo_plugin/lib:/home/mk/dev_ws/install/my_3d_vision_bringup/lib:/usr/lib/x86_64-linux-gnu/gazebo-11/plugins:/opt/ros/humble/opt/rviz_ogre_vendor/lib:/opt/ros/humble/lib/x86_64-linux-gnu:/opt/ros/humble/lib PYTHONPATH=/home/mk/dev_ws/install/uf_ros_lib/lib/python3.10/site-packages:/home/mk/dev_ws/install/zed_interfaces/local/lib/python3.10/dist-packages:/home/mk/dev_ws/build/yolo_object_detector:/home/mk/dev_ws/install/yolo_object_detector/lib/python3.10/site-packages:/home/mk/dev_ws/build/move_to_coordinator:/home/mk/dev_ws/install/move_to_coordinator/lib/python3.10/site-packages:/home/mk/dev_ws/build/motion_sequence:/home/mk/dev_ws/install/motion_sequence/lib/python3.10/site-packages:/home/mk/dev_ws/install/xarm_msgs/local/lib/python3.10/dist-packages:/home/mk/dev_ws/build/whisper_demos:/home/mk/dev_ws/install/whisper_demos/lib/python3.10/site-packages:/home/mk/dev_ws/build/voice_command_listener:/home/mk/dev_ws/install/voice_command_listener/lib/python3.10/site-packages:/home/mk/dev_ws/install/whisper_idl/local/lib/python3.10/dist-packages:/home/mk/dev_ws/build/uf_ros_lib:/home/mk/dev_ws/build/rviz_servo_status_overlay:/home/mk/dev_ws/install/rviz_servo_status_overlay/lib/python3.10/site-packages:/home/mk/dev_ws/build/rviz_marker_static_scene_objects:/home/mk/dev_ws/install/rviz_marker_static_scene_objects/lib/python3.10/site-packages:/home/mk/dev_ws/build/robot_motion_handler_movegroup:/home/mk/dev_ws/install/robot_motion_handler_movegroup/lib/python3.10/site-packages:/home/mk/dev_ws/install/my_3d_vision_bringup/local/lib/python3.10/dist-packages:/home/mk/dev_ws/build/gaze_control:/home/mk/dev_ws/install/gaze_control/lib/python3.10/site-packages:/home/mk/dev_ws/build/collision_check:/home/mk/dev_ws/install/collision_check/lib/python3.10/site-packages:/home/mk/dev_ws/build/audio_listener:/home/mk/dev_ws/install/audio_listener/lib/python3.10/site-packages:/opt/ros/humble/lib/python3.10/site-packages:/opt/ros/humble/local/lib/python3.10/dist-packages /usr/bin/cmake --install /home/mk/dev_ws/build/xarm_moveit_servo
[13.318s] Level 1:colcon.colcon_core.environment:create_environment_scripts_only(xarm_moveit_servo)
[13.318s] Level 1:colcon.colcon_core.environment:checking '/home/mk/dev_ws/install/xarm_moveit_servo' for CMake module files
[13.318s] DEBUG:colcon.colcon_core.event_handler.log_command:Invoked command in '/home/mk/dev_ws/build/xarm_moveit_servo' returned '0': AMENT_PREFIX_PATH=/home/mk/dev_ws/install/uf_ros_lib:/home/mk/dev_ws/install/zed_ros2:/home/mk/dev_ws/install/zed_wrapper:/home/mk/dev_ws/install/zed_components:/home/mk/dev_ws/install/zed_interfaces:/home/mk/dev_ws/install/yolo_object_detector:/home/mk/dev_ws/install/xarm_planner:/home/mk/dev_ws/install/xarm_moveit_servo:/home/mk/dev_ws/install/xarm_moveit_config:/home/mk/dev_ws/install/xarm_gazebo:/home/mk/dev_ws/install/xarm_controller:/home/mk/dev_ws/install/xarm_api:/home/mk/dev_ws/install/xarm_sdk:/home/mk/dev_ws/install/rviz_robot_control_panel:/home/mk/dev_ws/install/move_to_coordinator:/home/mk/dev_ws/install/motion_sequence:/home/mk/dev_ws/install/xarm_msgs:/home/mk/dev_ws/install/xarm_description:/home/mk/dev_ws/install/whisper_demos:/home/mk/dev_ws/install/whisper_bringup:/home/mk/dev_ws/install/whisper_server:/home/mk/dev_ws/install/transcript_manager:/home/mk/dev_ws/install/whisper_util:/home/mk/dev_ws/install/voice_command_listener:/home/mk/dev_ws/install/whisper_idl:/home/mk/dev_ws/install/whisper_cpp_vendor:/home/mk/dev_ws/install/rviz_servo_status_overlay:/home/mk/dev_ws/install/rviz_marker_static_scene_objects:/home/mk/dev_ws/install/robot_motion_handler_movegroup:/home/mk/dev_ws/install/realsense_gazebo_plugin:/home/mk/dev_ws/install/my_3d_vision_bringup:/home/mk/dev_ws/install/mbot_demo:/home/mk/dev_ws/install/gaze_control:/home/mk/dev_ws/install/collision_check:/home/mk/dev_ws/install/audio_listener:/opt/ros/humble CMAKE_PREFIX_PATH=/home/mk/dev_ws/install/xarm_moveit_config:/home/mk/dev_ws/install/xarm_gazebo:/home/mk/dev_ws/install/xarm_controller:/home/mk/dev_ws/install/xarm_api:/home/mk/dev_ws/install/xarm_sdk:/home/mk/dev_ws/install/xarm_msgs:/home/mk/dev_ws/install/xarm_description:/home/mk/dev_ws/install/whisper_idl:/home/mk/dev_ws/install/zed_ros2:/home/mk/dev_ws/install/zed_wrapper:/home/mk/dev_ws/install/zed_components:/home/mk/dev_ws/install/zed_interfaces:/home/mk/dev_ws/install/xarm_planner:/home/mk/dev_ws/install/xarm_moveit_servo:/home/mk/dev_ws/install/rviz_robot_control_panel:/home/mk/dev_ws/install/whisper_bringup:/home/mk/dev_ws/install/whisper_server:/home/mk/dev_ws/install/transcript_manager:/home/mk/dev_ws/install/whisper_util:/home/mk/dev_ws/install/whisper_cpp_vendor:/home/mk/dev_ws/install/realsense_gazebo_plugin:/home/mk/dev_ws/install/my_3d_vision_bringup:/home/mk/dev_ws/install/mbot_demo:/home/mk/dev_ws/install/yolo_object_detector:/home/mk/dev_ws/install/move_to_coordinator:/home/mk/dev_ws/install/motion_sequence:/home/mk/dev_ws/install/whisper_demos:/home/mk/dev_ws/install/voice_command_listener:/home/mk/dev_ws/install/uf_ros_lib:/home/mk/dev_ws/install/rviz_servo_status_overlay:/home/mk/dev_ws/install/rviz_marker_static_scene_objects:/home/mk/dev_ws/install/robot_motion_handler_movegroup:/home/mk/dev_ws/install/gaze_control:/home/mk/dev_ws/install/collision_check:/home/mk/dev_ws/install/audio_listener:/opt/ros/humble LD_LIBRARY_PATH=/home/mk/dev_ws/install/xarm_gazebo/lib:/home/mk/dev_ws/install/xarm_controller/lib:/home/mk/dev_ws/install/xarm_api/lib:/home/mk/dev_ws/install/xarm_sdk/lib:/home/mk/dev_ws/install/xarm_msgs/lib:/home/mk/dev_ws/install/whisper_idl/lib:/usr/local/cuda-12.1/lib64:/home/mk/dev_ws/install/zed_components/lib:/home/mk/dev_ws/install/zed_interfaces/lib:/home/mk/dev_ws/install/xarm_planner/lib:/home/mk/dev_ws/install/xarm_moveit_servo/lib:/home/mk/dev_ws/install/rviz_robot_control_panel/lib:/home/mk/dev_ws/install/whisper_server/lib:/home/mk/dev_ws/install/transcript_manager/lib:/home/mk/dev_ws/install/whisper_util/lib:/home/mk/dev_ws/install/whisper_cpp_vendor/lib:/home/mk/dev_ws/install/realsense_gazebo_plugin/lib:/home/mk/dev_ws/install/my_3d_vision_bringup/lib:/usr/lib/x86_64-linux-gnu/gazebo-11/plugins:/opt/ros/humble/opt/rviz_ogre_vendor/lib:/opt/ros/humble/lib/x86_64-linux-gnu:/opt/ros/humble/lib PYTHONPATH=/home/mk/dev_ws/install/uf_ros_lib/lib/python3.10/site-packages:/home/mk/dev_ws/install/zed_interfaces/local/lib/python3.10/dist-packages:/home/mk/dev_ws/build/yolo_object_detector:/home/mk/dev_ws/install/yolo_object_detector/lib/python3.10/site-packages:/home/mk/dev_ws/build/move_to_coordinator:/home/mk/dev_ws/install/move_to_coordinator/lib/python3.10/site-packages:/home/mk/dev_ws/build/motion_sequence:/home/mk/dev_ws/install/motion_sequence/lib/python3.10/site-packages:/home/mk/dev_ws/install/xarm_msgs/local/lib/python3.10/dist-packages:/home/mk/dev_ws/build/whisper_demos:/home/mk/dev_ws/install/whisper_demos/lib/python3.10/site-packages:/home/mk/dev_ws/build/voice_command_listener:/home/mk/dev_ws/install/voice_command_listener/lib/python3.10/site-packages:/home/mk/dev_ws/install/whisper_idl/local/lib/python3.10/dist-packages:/home/mk/dev_ws/build/uf_ros_lib:/home/mk/dev_ws/build/rviz_servo_status_overlay:/home/mk/dev_ws/install/rviz_servo_status_overlay/lib/python3.10/site-packages:/home/mk/dev_ws/build/rviz_marker_static_scene_objects:/home/mk/dev_ws/install/rviz_marker_static_scene_objects/lib/python3.10/site-packages:/home/mk/dev_ws/build/robot_motion_handler_movegroup:/home/mk/dev_ws/install/robot_motion_handler_movegroup/lib/python3.10/site-packages:/home/mk/dev_ws/install/my_3d_vision_bringup/local/lib/python3.10/dist-packages:/home/mk/dev_ws/build/gaze_control:/home/mk/dev_ws/install/gaze_control/lib/python3.10/site-packages:/home/mk/dev_ws/build/collision_check:/home/mk/dev_ws/install/collision_check/lib/python3.10/site-packages:/home/mk/dev_ws/build/audio_listener:/home/mk/dev_ws/install/audio_listener/lib/python3.10/site-packages:/opt/ros/humble/lib/python3.10/site-packages:/opt/ros/humble/local/lib/python3.10/dist-packages /usr/bin/cmake --install /home/mk/dev_ws/build/xarm_moveit_servo
[13.318s] Level 1:colcon.colcon_core.environment:checking '/home/mk/dev_ws/install/xarm_moveit_servo' for CMake config files
[13.319s] Level 1:colcon.colcon_core.shell:create_environment_hook('xarm_moveit_servo', 'cmake_prefix_path')
[13.319s] INFO:colcon.colcon_core.shell:Creating environment hook '/home/mk/dev_ws/install/xarm_moveit_servo/share/xarm_moveit_servo/hook/cmake_prefix_path.ps1'
[13.319s] INFO:colcon.colcon_core.shell:Creating environment descriptor '/home/mk/dev_ws/install/xarm_moveit_servo/share/xarm_moveit_servo/hook/cmake_prefix_path.dsv'
[13.319s] INFO:colcon.colcon_core.shell:Creating environment hook '/home/mk/dev_ws/install/xarm_moveit_servo/share/xarm_moveit_servo/hook/cmake_prefix_path.sh'
[13.319s] Level 1:colcon.colcon_core.environment:checking '/home/mk/dev_ws/install/xarm_moveit_servo/lib'
[13.320s] Level 1:colcon.colcon_core.shell:create_environment_hook('xarm_moveit_servo', 'ld_library_path_lib')
[13.320s] INFO:colcon.colcon_core.shell:Creating environment hook '/home/mk/dev_ws/install/xarm_moveit_servo/share/xarm_moveit_servo/hook/ld_library_path_lib.ps1'
[13.320s] INFO:colcon.colcon_core.shell:Creating environment descriptor '/home/mk/dev_ws/install/xarm_moveit_servo/share/xarm_moveit_servo/hook/ld_library_path_lib.dsv'
[13.320s] INFO:colcon.colcon_core.shell:Creating environment hook '/home/mk/dev_ws/install/xarm_moveit_servo/share/xarm_moveit_servo/hook/ld_library_path_lib.sh'
[13.320s] Level 1:colcon.colcon_core.environment:checking '/home/mk/dev_ws/install/xarm_moveit_servo/bin'
[13.320s] Level 1:colcon.colcon_core.environment:checking '/home/mk/dev_ws/install/xarm_moveit_servo/lib/pkgconfig/xarm_moveit_servo.pc'
[13.320s] Level 1:colcon.colcon_core.environment:checking '/home/mk/dev_ws/install/xarm_moveit_servo/lib/python3.10/site-packages'
[13.320s] Level 1:colcon.colcon_core.environment:checking '/home/mk/dev_ws/install/xarm_moveit_servo/bin'
[13.321s] INFO:colcon.colcon_core.shell:Creating package script '/home/mk/dev_ws/install/xarm_moveit_servo/share/xarm_moveit_servo/package.ps1'
[13.321s] INFO:colcon.colcon_core.shell:Creating package descriptor '/home/mk/dev_ws/install/xarm_moveit_servo/share/xarm_moveit_servo/package.dsv'
[13.321s] INFO:colcon.colcon_core.shell:Creating package script '/home/mk/dev_ws/install/xarm_moveit_servo/share/xarm_moveit_servo/package.sh'
[13.321s] INFO:colcon.colcon_core.shell:Creating package script '/home/mk/dev_ws/install/xarm_moveit_servo/share/xarm_moveit_servo/package.bash'
[13.322s] INFO:colcon.colcon_core.shell:Creating package script '/home/mk/dev_ws/install/xarm_moveit_servo/share/xarm_moveit_servo/package.zsh'
[13.322s] Level 1:colcon.colcon_core.environment:create_file_with_runtime_dependencies(/home/mk/dev_ws/install/xarm_moveit_servo/share/colcon-core/packages/xarm_moveit_servo)
[13.322s] Level 1:colcon.colcon_core.environment:create_environment_scripts_only(xarm_moveit_servo)
[13.322s] Level 1:colcon.colcon_core.environment:checking '/home/mk/dev_ws/install/xarm_moveit_servo' for CMake module files
[13.322s] Level 1:colcon.colcon_core.environment:checking '/home/mk/dev_ws/install/xarm_moveit_servo' for CMake config files
[13.323s] Level 1:colcon.colcon_core.shell:create_environment_hook('xarm_moveit_servo', 'cmake_prefix_path')
[13.323s] INFO:colcon.colcon_core.shell:Creating environment hook '/home/mk/dev_ws/install/xarm_moveit_servo/share/xarm_moveit_servo/hook/cmake_prefix_path.ps1'
[13.323s] INFO:colcon.colcon_core.shell:Creating environment descriptor '/home/mk/dev_ws/install/xarm_moveit_servo/share/xarm_moveit_servo/hook/cmake_prefix_path.dsv'
[13.323s] INFO:colcon.colcon_core.shell:Creating environment hook '/home/mk/dev_ws/install/xarm_moveit_servo/share/xarm_moveit_servo/hook/cmake_prefix_path.sh'
[13.324s] Level 1:colcon.colcon_core.environment:checking '/home/mk/dev_ws/install/xarm_moveit_servo/lib'
[13.324s] Level 1:colcon.colcon_core.shell:create_environment_hook('xarm_moveit_servo', 'ld_library_path_lib')
[13.324s] INFO:colcon.colcon_core.shell:Creating environment hook '/home/mk/dev_ws/install/xarm_moveit_servo/share/xarm_moveit_servo/hook/ld_library_path_lib.ps1'
[13.324s] INFO:colcon.colcon_core.shell:Creating environment descriptor '/home/mk/dev_ws/install/xarm_moveit_servo/share/xarm_moveit_servo/hook/ld_library_path_lib.dsv'
[13.324s] INFO:colcon.colcon_core.shell:Creating environment hook '/home/mk/dev_ws/install/xarm_moveit_servo/share/xarm_moveit_servo/hook/ld_library_path_lib.sh'
[13.324s] Level 1:colcon.colcon_core.environment:checking '/home/mk/dev_ws/install/xarm_moveit_servo/bin'
[13.324s] Level 1:colcon.colcon_core.environment:checking '/home/mk/dev_ws/install/xarm_moveit_servo/lib/pkgconfig/xarm_moveit_servo.pc'
[13.324s] Level 1:colcon.colcon_core.environment:checking '/home/mk/dev_ws/install/xarm_moveit_servo/lib/python3.10/site-packages'
[13.325s] Level 1:colcon.colcon_core.environment:checking '/home/mk/dev_ws/install/xarm_moveit_servo/bin'
[13.325s] INFO:colcon.colcon_core.shell:Creating package script '/home/mk/dev_ws/install/xarm_moveit_servo/share/xarm_moveit_servo/package.ps1'
[13.325s] INFO:colcon.colcon_core.shell:Creating package descriptor '/home/mk/dev_ws/install/xarm_moveit_servo/share/xarm_moveit_servo/package.dsv'
[13.325s] INFO:colcon.colcon_core.shell:Creating package script '/home/mk/dev_ws/install/xarm_moveit_servo/share/xarm_moveit_servo/package.sh'
[13.326s] INFO:colcon.colcon_core.shell:Creating package script '/home/mk/dev_ws/install/xarm_moveit_servo/share/xarm_moveit_servo/package.bash'
[13.326s] INFO:colcon.colcon_core.shell:Creating package script '/home/mk/dev_ws/install/xarm_moveit_servo/share/xarm_moveit_servo/package.zsh'
[13.326s] Level 1:colcon.colcon_core.environment:create_file_with_runtime_dependencies(/home/mk/dev_ws/install/xarm_moveit_servo/share/colcon-core/packages/xarm_moveit_servo)
[17.257s] DEBUG:colcon.colcon_core.event_handler.log_command:Invoked command in '/home/mk/dev_ws/build/rviz_robot_control_panel' returned '0': CMAKE_PREFIX_PATH=/home/mk/dev_ws/install/xarm_msgs:/home/mk/dev_ws/install/zed_ros2:/home/mk/dev_ws/install/zed_wrapper:/home/mk/dev_ws/install/zed_components:/home/mk/dev_ws/install/zed_interfaces:/home/mk/dev_ws/install/xarm_planner:/home/mk/dev_ws/install/xarm_moveit_servo:/home/mk/dev_ws/install/xarm_moveit_config:/home/mk/dev_ws/install/xarm_gazebo:/home/mk/dev_ws/install/xarm_controller:/home/mk/dev_ws/install/xarm_api:/home/mk/dev_ws/install/xarm_sdk:/home/mk/dev_ws/install/rviz_robot_control_panel:/home/mk/dev_ws/install/xarm_description:/home/mk/dev_ws/install/whisper_bringup:/home/mk/dev_ws/install/whisper_server:/home/mk/dev_ws/install/transcript_manager:/home/mk/dev_ws/install/whisper_util:/home/mk/dev_ws/install/whisper_idl:/home/mk/dev_ws/install/whisper_cpp_vendor:/home/mk/dev_ws/install/realsense_gazebo_plugin:/home/mk/dev_ws/install/my_3d_vision_bringup:/home/mk/dev_ws/install/mbot_demo:/home/mk/dev_ws/install/yolo_object_detector:/home/mk/dev_ws/install/move_to_coordinator:/home/mk/dev_ws/install/motion_sequence:/home/mk/dev_ws/install/whisper_demos:/home/mk/dev_ws/install/voice_command_listener:/home/mk/dev_ws/install/uf_ros_lib:/home/mk/dev_ws/install/rviz_servo_status_overlay:/home/mk/dev_ws/install/rviz_marker_static_scene_objects:/home/mk/dev_ws/install/robot_motion_handler_movegroup:/home/mk/dev_ws/install/gaze_control:/home/mk/dev_ws/install/collision_check:/home/mk/dev_ws/install/audio_listener:/opt/ros/humble LD_LIBRARY_PATH=/home/mk/dev_ws/install/xarm_msgs/lib:/usr/local/cuda-12.1/lib64:/home/mk/dev_ws/install/zed_components/lib:/home/mk/dev_ws/install/zed_interfaces/lib:/home/mk/dev_ws/install/xarm_planner/lib:/home/mk/dev_ws/install/xarm_moveit_servo/lib:/home/mk/dev_ws/install/xarm_gazebo/lib:/home/mk/dev_ws/install/xarm_controller/lib:/home/mk/dev_ws/install/xarm_api/lib:/home/mk/dev_ws/install/xarm_sdk/lib:/home/mk/dev_ws/install/rviz_robot_control_panel/lib:/home/mk/dev_ws/install/whisper_server/lib:/home/mk/dev_ws/install/transcript_manager/lib:/home/mk/dev_ws/install/whisper_util/lib:/home/mk/dev_ws/install/whisper_idl/lib:/home/mk/dev_ws/install/whisper_cpp_vendor/lib:/home/mk/dev_ws/install/realsense_gazebo_plugin/lib:/home/mk/dev_ws/install/my_3d_vision_bringup/lib:/usr/lib/x86_64-linux-gnu/gazebo-11/plugins:/opt/ros/humble/opt/rviz_ogre_vendor/lib:/opt/ros/humble/lib/x86_64-linux-gnu:/opt/ros/humble/lib /usr/bin/cmake --build /home/mk/dev_ws/build/rviz_robot_control_panel -- -j16 -l16
[17.259s] DEBUG:colcon.colcon_core.event_handler.log_command:Invoking command in '/home/mk/dev_ws/build/rviz_robot_control_panel': CMAKE_PREFIX_PATH=/home/mk/dev_ws/install/xarm_msgs:/home/mk/dev_ws/install/zed_ros2:/home/mk/dev_ws/install/zed_wrapper:/home/mk/dev_ws/install/zed_components:/home/mk/dev_ws/install/zed_interfaces:/home/mk/dev_ws/install/xarm_planner:/home/mk/dev_ws/install/xarm_moveit_servo:/home/mk/dev_ws/install/xarm_moveit_config:/home/mk/dev_ws/install/xarm_gazebo:/home/mk/dev_ws/install/xarm_controller:/home/mk/dev_ws/install/xarm_api:/home/mk/dev_ws/install/xarm_sdk:/home/mk/dev_ws/install/rviz_robot_control_panel:/home/mk/dev_ws/install/xarm_description:/home/mk/dev_ws/install/whisper_bringup:/home/mk/dev_ws/install/whisper_server:/home/mk/dev_ws/install/transcript_manager:/home/mk/dev_ws/install/whisper_util:/home/mk/dev_ws/install/whisper_idl:/home/mk/dev_ws/install/whisper_cpp_vendor:/home/mk/dev_ws/install/realsense_gazebo_plugin:/home/mk/dev_ws/install/my_3d_vision_bringup:/home/mk/dev_ws/install/mbot_demo:/home/mk/dev_ws/install/yolo_object_detector:/home/mk/dev_ws/install/move_to_coordinator:/home/mk/dev_ws/install/motion_sequence:/home/mk/dev_ws/install/whisper_demos:/home/mk/dev_ws/install/voice_command_listener:/home/mk/dev_ws/install/uf_ros_lib:/home/mk/dev_ws/install/rviz_servo_status_overlay:/home/mk/dev_ws/install/rviz_marker_static_scene_objects:/home/mk/dev_ws/install/robot_motion_handler_movegroup:/home/mk/dev_ws/install/gaze_control:/home/mk/dev_ws/install/collision_check:/home/mk/dev_ws/install/audio_listener:/opt/ros/humble LD_LIBRARY_PATH=/home/mk/dev_ws/install/xarm_msgs/lib:/usr/local/cuda-12.1/lib64:/home/mk/dev_ws/install/zed_components/lib:/home/mk/dev_ws/install/zed_interfaces/lib:/home/mk/dev_ws/install/xarm_planner/lib:/home/mk/dev_ws/install/xarm_moveit_servo/lib:/home/mk/dev_ws/install/xarm_gazebo/lib:/home/mk/dev_ws/install/xarm_controller/lib:/home/mk/dev_ws/install/xarm_api/lib:/home/mk/dev_ws/install/xarm_sdk/lib:/home/mk/dev_ws/install/rviz_robot_control_panel/lib:/home/mk/dev_ws/install/whisper_server/lib:/home/mk/dev_ws/install/transcript_manager/lib:/home/mk/dev_ws/install/whisper_util/lib:/home/mk/dev_ws/install/whisper_idl/lib:/home/mk/dev_ws/install/whisper_cpp_vendor/lib:/home/mk/dev_ws/install/realsense_gazebo_plugin/lib:/home/mk/dev_ws/install/my_3d_vision_bringup/lib:/usr/lib/x86_64-linux-gnu/gazebo-11/plugins:/opt/ros/humble/opt/rviz_ogre_vendor/lib:/opt/ros/humble/lib/x86_64-linux-gnu:/opt/ros/humble/lib /usr/bin/cmake --install /home/mk/dev_ws/build/rviz_robot_control_panel
[17.273s] Level 1:colcon.colcon_core.environment:create_environment_scripts_only(rviz_robot_control_panel)
[17.273s] Level 1:colcon.colcon_core.environment:checking '/home/mk/dev_ws/install/rviz_robot_control_panel' for CMake module files
[17.273s] DEBUG:colcon.colcon_core.event_handler.log_command:Invoked command in '/home/mk/dev_ws/build/rviz_robot_control_panel' returned '0': CMAKE_PREFIX_PATH=/home/mk/dev_ws/install/xarm_msgs:/home/mk/dev_ws/install/zed_ros2:/home/mk/dev_ws/install/zed_wrapper:/home/mk/dev_ws/install/zed_components:/home/mk/dev_ws/install/zed_interfaces:/home/mk/dev_ws/install/xarm_planner:/home/mk/dev_ws/install/xarm_moveit_servo:/home/mk/dev_ws/install/xarm_moveit_config:/home/mk/dev_ws/install/xarm_gazebo:/home/mk/dev_ws/install/xarm_controller:/home/mk/dev_ws/install/xarm_api:/home/mk/dev_ws/install/xarm_sdk:/home/mk/dev_ws/install/rviz_robot_control_panel:/home/mk/dev_ws/install/xarm_description:/home/mk/dev_ws/install/whisper_bringup:/home/mk/dev_ws/install/whisper_server:/home/mk/dev_ws/install/transcript_manager:/home/mk/dev_ws/install/whisper_util:/home/mk/dev_ws/install/whisper_idl:/home/mk/dev_ws/install/whisper_cpp_vendor:/home/mk/dev_ws/install/realsense_gazebo_plugin:/home/mk/dev_ws/install/my_3d_vision_bringup:/home/mk/dev_ws/install/mbot_demo:/home/mk/dev_ws/install/yolo_object_detector:/home/mk/dev_ws/install/move_to_coordinator:/home/mk/dev_ws/install/motion_sequence:/home/mk/dev_ws/install/whisper_demos:/home/mk/dev_ws/install/voice_command_listener:/home/mk/dev_ws/install/uf_ros_lib:/home/mk/dev_ws/install/rviz_servo_status_overlay:/home/mk/dev_ws/install/rviz_marker_static_scene_objects:/home/mk/dev_ws/install/robot_motion_handler_movegroup:/home/mk/dev_ws/install/gaze_control:/home/mk/dev_ws/install/collision_check:/home/mk/dev_ws/install/audio_listener:/opt/ros/humble LD_LIBRARY_PATH=/home/mk/dev_ws/install/xarm_msgs/lib:/usr/local/cuda-12.1/lib64:/home/mk/dev_ws/install/zed_components/lib:/home/mk/dev_ws/install/zed_interfaces/lib:/home/mk/dev_ws/install/xarm_planner/lib:/home/mk/dev_ws/install/xarm_moveit_servo/lib:/home/mk/dev_ws/install/xarm_gazebo/lib:/home/mk/dev_ws/install/xarm_controller/lib:/home/mk/dev_ws/install/xarm_api/lib:/home/mk/dev_ws/install/xarm_sdk/lib:/home/mk/dev_ws/install/rviz_robot_control_panel/lib:/home/mk/dev_ws/install/whisper_server/lib:/home/mk/dev_ws/install/transcript_manager/lib:/home/mk/dev_ws/install/whisper_util/lib:/home/mk/dev_ws/install/whisper_idl/lib:/home/mk/dev_ws/install/whisper_cpp_vendor/lib:/home/mk/dev_ws/install/realsense_gazebo_plugin/lib:/home/mk/dev_ws/install/my_3d_vision_bringup/lib:/usr/lib/x86_64-linux-gnu/gazebo-11/plugins:/opt/ros/humble/opt/rviz_ogre_vendor/lib:/opt/ros/humble/lib/x86_64-linux-gnu:/opt/ros/humble/lib /usr/bin/cmake --install /home/mk/dev_ws/build/rviz_robot_control_panel
[17.273s] Level 1:colcon.colcon_core.environment:checking '/home/mk/dev_ws/install/rviz_robot_control_panel' for CMake config files
[17.274s] Level 1:colcon.colcon_core.shell:create_environment_hook('rviz_robot_control_panel', 'cmake_prefix_path')
[17.274s] INFO:colcon.colcon_core.shell:Creating environment hook '/home/mk/dev_ws/install/rviz_robot_control_panel/share/rviz_robot_control_panel/hook/cmake_prefix_path.ps1'
[17.274s] INFO:colcon.colcon_core.shell:Creating environment descriptor '/home/mk/dev_ws/install/rviz_robot_control_panel/share/rviz_robot_control_panel/hook/cmake_prefix_path.dsv'
[17.274s] INFO:colcon.colcon_core.shell:Creating environment hook '/home/mk/dev_ws/install/rviz_robot_control_panel/share/rviz_robot_control_panel/hook/cmake_prefix_path.sh'
[17.275s] Level 1:colcon.colcon_core.environment:checking '/home/mk/dev_ws/install/rviz_robot_control_panel/lib'
[17.275s] Level 1:colcon.colcon_core.shell:create_environment_hook('rviz_robot_control_panel', 'ld_library_path_lib')
[17.275s] INFO:colcon.colcon_core.shell:Creating environment hook '/home/mk/dev_ws/install/rviz_robot_control_panel/share/rviz_robot_control_panel/hook/ld_library_path_lib.ps1'
[17.275s] INFO:colcon.colcon_core.shell:Creating environment descriptor '/home/mk/dev_ws/install/rviz_robot_control_panel/share/rviz_robot_control_panel/hook/ld_library_path_lib.dsv'
[17.276s] INFO:colcon.colcon_core.shell:Creating environment hook '/home/mk/dev_ws/install/rviz_robot_control_panel/share/rviz_robot_control_panel/hook/ld_library_path_lib.sh'
[17.276s] Level 1:colcon.colcon_core.environment:checking '/home/mk/dev_ws/install/rviz_robot_control_panel/bin'
[17.276s] Level 1:colcon.colcon_core.environment:checking '/home/mk/dev_ws/install/rviz_robot_control_panel/lib/pkgconfig/rviz_robot_control_panel.pc'
[17.276s] Level 1:colcon.colcon_core.environment:checking '/home/mk/dev_ws/install/rviz_robot_control_panel/lib/python3.10/site-packages'
[17.276s] Level 1:colcon.colcon_core.environment:checking '/home/mk/dev_ws/install/rviz_robot_control_panel/bin'
[17.277s] INFO:colcon.colcon_core.shell:Creating package script '/home/mk/dev_ws/install/rviz_robot_control_panel/share/rviz_robot_control_panel/package.ps1'
[17.277s] INFO:colcon.colcon_core.shell:Creating package descriptor '/home/mk/dev_ws/install/rviz_robot_control_panel/share/rviz_robot_control_panel/package.dsv'
[17.277s] INFO:colcon.colcon_core.shell:Creating package script '/home/mk/dev_ws/install/rviz_robot_control_panel/share/rviz_robot_control_panel/package.sh'
[17.277s] INFO:colcon.colcon_core.shell:Creating package script '/home/mk/dev_ws/install/rviz_robot_control_panel/share/rviz_robot_control_panel/package.bash'
[17.278s] INFO:colcon.colcon_core.shell:Creating package script '/home/mk/dev_ws/install/rviz_robot_control_panel/share/rviz_robot_control_panel/package.zsh'
[17.278s] Level 1:colcon.colcon_core.environment:create_file_with_runtime_dependencies(/home/mk/dev_ws/install/rviz_robot_control_panel/share/colcon-core/packages/rviz_robot_control_panel)
[17.278s] Level 1:colcon.colcon_core.environment:create_environment_scripts_only(rviz_robot_control_panel)
[17.278s] Level 1:colcon.colcon_core.environment:checking '/home/mk/dev_ws/install/rviz_robot_control_panel' for CMake module files
[17.278s] Level 1:colcon.colcon_core.environment:checking '/home/mk/dev_ws/install/rviz_robot_control_panel' for CMake config files
[17.279s] Level 1:colcon.colcon_core.shell:create_environment_hook('rviz_robot_control_panel', 'cmake_prefix_path')
[17.279s] INFO:colcon.colcon_core.shell:Creating environment hook '/home/mk/dev_ws/install/rviz_robot_control_panel/share/rviz_robot_control_panel/hook/cmake_prefix_path.ps1'
[17.279s] INFO:colcon.colcon_core.shell:Creating environment descriptor '/home/mk/dev_ws/install/rviz_robot_control_panel/share/rviz_robot_control_panel/hook/cmake_prefix_path.dsv'
[17.279s] INFO:colcon.colcon_core.shell:Creating environment hook '/home/mk/dev_ws/install/rviz_robot_control_panel/share/rviz_robot_control_panel/hook/cmake_prefix_path.sh'
[17.279s] Level 1:colcon.colcon_core.environment:checking '/home/mk/dev_ws/install/rviz_robot_control_panel/lib'
[17.279s] Level 1:colcon.colcon_core.shell:create_environment_hook('rviz_robot_control_panel', 'ld_library_path_lib')
[17.279s] INFO:colcon.colcon_core.shell:Creating environment hook '/home/mk/dev_ws/install/rviz_robot_control_panel/share/rviz_robot_control_panel/hook/ld_library_path_lib.ps1'
[17.280s] INFO:colcon.colcon_core.shell:Creating environment descriptor '/home/mk/dev_ws/install/rviz_robot_control_panel/share/rviz_robot_control_panel/hook/ld_library_path_lib.dsv'
[17.280s] INFO:colcon.colcon_core.shell:Creating environment hook '/home/mk/dev_ws/install/rviz_robot_control_panel/share/rviz_robot_control_panel/hook/ld_library_path_lib.sh'
[17.280s] Level 1:colcon.colcon_core.environment:checking '/home/mk/dev_ws/install/rviz_robot_control_panel/bin'
[17.280s] Level 1:colcon.colcon_core.environment:checking '/home/mk/dev_ws/install/rviz_robot_control_panel/lib/pkgconfig/rviz_robot_control_panel.pc'
[17.280s] Level 1:colcon.colcon_core.environment:checking '/home/mk/dev_ws/install/rviz_robot_control_panel/lib/python3.10/site-packages'
[17.280s] Level 1:colcon.colcon_core.environment:checking '/home/mk/dev_ws/install/rviz_robot_control_panel/bin'
[17.280s] INFO:colcon.colcon_core.shell:Creating package script '/home/mk/dev_ws/install/rviz_robot_control_panel/share/rviz_robot_control_panel/package.ps1'
[17.281s] INFO:colcon.colcon_core.shell:Creating package descriptor '/home/mk/dev_ws/install/rviz_robot_control_panel/share/rviz_robot_control_panel/package.dsv'
[17.281s] INFO:colcon.colcon_core.shell:Creating package script '/home/mk/dev_ws/install/rviz_robot_control_panel/share/rviz_robot_control_panel/package.sh'
[17.281s] INFO:colcon.colcon_core.shell:Creating package script '/home/mk/dev_ws/install/rviz_robot_control_panel/share/rviz_robot_control_panel/package.bash'
[17.281s] INFO:colcon.colcon_core.shell:Creating package script '/home/mk/dev_ws/install/rviz_robot_control_panel/share/rviz_robot_control_panel/package.zsh'
[17.282s] Level 1:colcon.colcon_core.environment:create_file_with_runtime_dependencies(/home/mk/dev_ws/install/rviz_robot_control_panel/share/colcon-core/packages/rviz_robot_control_panel)
[17.282s] DEBUG:colcon.colcon_parallel_executor.executor.parallel:closing loop
[17.282s] DEBUG:colcon.colcon_parallel_executor.executor.parallel:loop closed
[17.282s] DEBUG:colcon.colcon_parallel_executor.executor.parallel:run_until_complete finished with '0'
[17.282s] DEBUG:colcon.colcon_core.event_reactor:joining thread
[17.286s] INFO:colcon.colcon_core.plugin_system:Skipping extension 'colcon_notification.desktop_notification.terminal_notifier': Not used on non-Darwin systems
[17.286s] INFO:colcon.colcon_core.plugin_system:Skipping extension 'colcon_notification.desktop_notification.win32': Not used on non-Windows systems
[17.286s] INFO:colcon.colcon_notification.desktop_notification:Sending desktop notification using 'notify2'
[17.293s] DEBUG:colcon.colcon_core.event_reactor:joined thread
[17.293s] INFO:colcon.colcon_core.shell:Creating prefix script '/home/mk/dev_ws/install/local_setup.ps1'
[17.294s] INFO:colcon.colcon_core.shell:Creating prefix util module '/home/mk/dev_ws/install/_local_setup_util_ps1.py'
[17.295s] INFO:colcon.colcon_core.shell:Creating prefix chain script '/home/mk/dev_ws/install/setup.ps1'
[17.296s] INFO:colcon.colcon_core.shell:Creating prefix script '/home/mk/dev_ws/install/local_setup.sh'
[17.296s] INFO:colcon.colcon_core.shell:Creating prefix util module '/home/mk/dev_ws/install/_local_setup_util_sh.py'
[17.296s] INFO:colcon.colcon_core.shell:Creating prefix chain script '/home/mk/dev_ws/install/setup.sh'
[17.297s] INFO:colcon.colcon_core.shell:Creating prefix script '/home/mk/dev_ws/install/local_setup.bash'
[17.297s] INFO:colcon.colcon_core.shell:Creating prefix chain script '/home/mk/dev_ws/install/setup.bash'
[17.298s] INFO:colcon.colcon_core.shell:Creating prefix script '/home/mk/dev_ws/install/local_setup.zsh'
[17.299s] INFO:colcon.colcon_core.shell:Creating prefix chain script '/home/mk/dev_ws/install/setup.zsh'
