[0.118s] DEBUG:colcon:Command line arguments: ['/usr/bin/colcon', 'build', '--symlink-install']
[0.118s] DEBUG:colcon:Parsed command line arguments: Namespace(log_base=None, log_level=None, verb_name='build', build_base='build', install_base='install', merge_install=False, symlink_install=True, test_result_base=None, continue_on_error=False, executor='parallel', parallel_workers=20, event_handlers=None, ignore_user_meta=False, metas=['./colcon.meta'], base_paths=['.'], packages_ignore=None, packages_ignore_regex=None, paths=None, packages_up_to=None, packages_up_to_regex=None, packages_above=None, packages_above_and_dependencies=None, packages_above_depth=None, packages_select_by_dep=None, packages_skip_by_dep=None, packages_skip_up_to=None, packages_select_build_failed=False, packages_skip_build_finished=False, packages_select_test_failures=False, packages_skip_test_passed=False, packages_select=None, packages_skip=None, packages_select_regex=None, packages_skip_regex=None, packages_start=None, packages_end=None, allow_overriding=[], cmake_args=None, cmake_target=None, cmake_target_skip_unavailable=False, cmake_clean_cache=False, cmake_clean_first=False, cmake_force_configure=False, ament_cmake_args=None, catkin_cmake_args=None, catkin_skip_building_tests=False, mixin_files=None, mixin=None, verb_parser=<colcon_mixin.mixin.mixin_argument.MixinArgumentDecorator object at 0x752b3d4568c0>, verb_extension=<colcon_core.verb.build.BuildVerb object at 0x752b3d456230>, main=<bound method BuildVerb.main of <colcon_core.verb.build.BuildVerb object at 0x752b3d456230>>, mixin_verb=('build',))
[0.239s] Level 1:colcon.colcon_core.package_discovery:discover_packages(colcon_meta) check parameters
[0.239s] Level 1:colcon.colcon_core.package_discovery:discover_packages(recursive) check parameters
[0.239s] Level 1:colcon.colcon_core.package_discovery:discover_packages(ignore) check parameters
[0.239s] Level 1:colcon.colcon_core.package_discovery:discover_packages(path) check parameters
[0.239s] Level 1:colcon.colcon_core.package_discovery:discover_packages(colcon_meta) discover
[0.239s] Level 1:colcon.colcon_core.package_discovery:discover_packages(recursive) discover
[0.239s] INFO:colcon.colcon_core.package_discovery:Crawling recursively for packages in '/home/mk/dev_ws'
[0.239s] Level 1:colcon.colcon_core.package_identification:_identify(.) by extensions ['ignore', 'ignore_ament_install']
[0.240s] Level 1:colcon.colcon_core.package_identification:_identify(.) by extension 'ignore'
[0.240s] Level 1:colcon.colcon_core.package_identification:_identify(.) by extension 'ignore_ament_install'
[0.240s] Level 1:colcon.colcon_core.package_identification:_identify(.) by extensions ['colcon_pkg']
[0.240s] Level 1:colcon.colcon_core.package_identification:_identify(.) by extension 'colcon_pkg'
[0.240s] Level 1:colcon.colcon_core.package_identification:_identify(.) by extensions ['colcon_meta']
[0.240s] Level 1:colcon.colcon_core.package_identification:_identify(.) by extension 'colcon_meta'
[0.240s] Level 1:colcon.colcon_core.package_identification:_identify(.) by extensions ['ros']
[0.240s] Level 1:colcon.colcon_core.package_identification:_identify(.) by extension 'ros'
[0.262s] Level 1:colcon.colcon_core.package_identification:_identify(.) by extensions ['cmake', 'python']
[0.263s] Level 1:colcon.colcon_core.package_identification:_identify(.) by extension 'cmake'
[0.263s] Level 1:colcon.colcon_core.package_identification:_identify(.) by extension 'python'
[0.263s] Level 1:colcon.colcon_core.package_identification:_identify(.) by extensions ['python_setup_py']
[0.263s] Level 1:colcon.colcon_core.package_identification:_identify(.) by extension 'python_setup_py'
[0.263s] Level 1:colcon.colcon_core.package_identification:_identify(_imgs) by extensions ['ignore', 'ignore_ament_install']
[0.263s] Level 1:colcon.colcon_core.package_identification:_identify(_imgs) by extension 'ignore'
[0.263s] Level 1:colcon.colcon_core.package_identification:_identify(_imgs) by extension 'ignore_ament_install'
[0.263s] Level 1:colcon.colcon_core.package_identification:_identify(_imgs) by extensions ['colcon_pkg']
[0.263s] Level 1:colcon.colcon_core.package_identification:_identify(_imgs) by extension 'colcon_pkg'
[0.263s] Level 1:colcon.colcon_core.package_identification:_identify(_imgs) by extensions ['colcon_meta']
[0.263s] Level 1:colcon.colcon_core.package_identification:_identify(_imgs) by extension 'colcon_meta'
[0.263s] Level 1:colcon.colcon_core.package_identification:_identify(_imgs) by extensions ['ros']
[0.263s] Level 1:colcon.colcon_core.package_identification:_identify(_imgs) by extension 'ros'
[0.263s] Level 1:colcon.colcon_core.package_identification:_identify(_imgs) by extensions ['cmake', 'python']
[0.263s] Level 1:colcon.colcon_core.package_identification:_identify(_imgs) by extension 'cmake'
[0.263s] Level 1:colcon.colcon_core.package_identification:_identify(_imgs) by extension 'python'
[0.263s] Level 1:colcon.colcon_core.package_identification:_identify(_imgs) by extensions ['python_setup_py']
[0.263s] Level 1:colcon.colcon_core.package_identification:_identify(_imgs) by extension 'python_setup_py'
[0.263s] Level 1:colcon.colcon_core.package_identification:_identify(_sh) by extensions ['ignore', 'ignore_ament_install']
[0.263s] Level 1:colcon.colcon_core.package_identification:_identify(_sh) by extension 'ignore'
[0.263s] Level 1:colcon.colcon_core.package_identification:_identify(_sh) by extension 'ignore_ament_install'
[0.263s] Level 1:colcon.colcon_core.package_identification:_identify(_sh) by extensions ['colcon_pkg']
[0.263s] Level 1:colcon.colcon_core.package_identification:_identify(_sh) by extension 'colcon_pkg'
[0.263s] Level 1:colcon.colcon_core.package_identification:_identify(_sh) by extensions ['colcon_meta']
[0.263s] Level 1:colcon.colcon_core.package_identification:_identify(_sh) by extension 'colcon_meta'
[0.263s] Level 1:colcon.colcon_core.package_identification:_identify(_sh) by extensions ['ros']
[0.263s] Level 1:colcon.colcon_core.package_identification:_identify(_sh) by extension 'ros'
[0.263s] Level 1:colcon.colcon_core.package_identification:_identify(_sh) by extensions ['cmake', 'python']
[0.263s] Level 1:colcon.colcon_core.package_identification:_identify(_sh) by extension 'cmake'
[0.263s] Level 1:colcon.colcon_core.package_identification:_identify(_sh) by extension 'python'
[0.263s] Level 1:colcon.colcon_core.package_identification:_identify(_sh) by extensions ['python_setup_py']
[0.263s] Level 1:colcon.colcon_core.package_identification:_identify(_sh) by extension 'python_setup_py'
[0.263s] Level 1:colcon.colcon_core.package_identification:_identify(build) by extensions ['ignore', 'ignore_ament_install']
[0.263s] Level 1:colcon.colcon_core.package_identification:_identify(build) by extension 'ignore'
[0.263s] Level 1:colcon.colcon_core.package_identification:_identify(build) ignored
[0.263s] Level 1:colcon.colcon_core.package_identification:_identify(install) by extensions ['ignore', 'ignore_ament_install']
[0.263s] Level 1:colcon.colcon_core.package_identification:_identify(install) by extension 'ignore'
[0.263s] Level 1:colcon.colcon_core.package_identification:_identify(install) ignored
[0.263s] Level 1:colcon.colcon_core.package_identification:_identify(log) by extensions ['ignore', 'ignore_ament_install']
[0.263s] Level 1:colcon.colcon_core.package_identification:_identify(log) by extension 'ignore'
[0.263s] Level 1:colcon.colcon_core.package_identification:_identify(log) ignored
[0.264s] Level 1:colcon.colcon_core.package_identification:_identify(ros2_nexus) by extensions ['ignore', 'ignore_ament_install']
[0.264s] Level 1:colcon.colcon_core.package_identification:_identify(ros2_nexus) by extension 'ignore'
[0.264s] Level 1:colcon.colcon_core.package_identification:_identify(ros2_nexus) by extension 'ignore_ament_install'
[0.264s] Level 1:colcon.colcon_core.package_identification:_identify(ros2_nexus) by extensions ['colcon_pkg']
[0.264s] Level 1:colcon.colcon_core.package_identification:_identify(ros2_nexus) by extension 'colcon_pkg'
[0.264s] Level 1:colcon.colcon_core.package_identification:_identify(ros2_nexus) by extensions ['colcon_meta']
[0.264s] Level 1:colcon.colcon_core.package_identification:_identify(ros2_nexus) by extension 'colcon_meta'
[0.264s] Level 1:colcon.colcon_core.package_identification:_identify(ros2_nexus) by extensions ['ros']
[0.264s] Level 1:colcon.colcon_core.package_identification:_identify(ros2_nexus) by extension 'ros'
[0.264s] Level 1:colcon.colcon_core.package_identification:_identify(ros2_nexus) by extensions ['cmake', 'python']
[0.264s] Level 1:colcon.colcon_core.package_identification:_identify(ros2_nexus) by extension 'cmake'
[0.264s] Level 1:colcon.colcon_core.package_identification:_identify(ros2_nexus) by extension 'python'
[0.264s] Level 1:colcon.colcon_core.package_identification:_identify(ros2_nexus) by extensions ['python_setup_py']
[0.264s] Level 1:colcon.colcon_core.package_identification:_identify(ros2_nexus) by extension 'python_setup_py'
[0.264s] Level 1:colcon.colcon_core.package_identification:_identify(ros2_nexus/__pycache__) by extensions ['ignore', 'ignore_ament_install']
[0.264s] Level 1:colcon.colcon_core.package_identification:_identify(ros2_nexus/__pycache__) by extension 'ignore'
[0.264s] Level 1:colcon.colcon_core.package_identification:_identify(ros2_nexus/__pycache__) by extension 'ignore_ament_install'
[0.264s] Level 1:colcon.colcon_core.package_identification:_identify(ros2_nexus/__pycache__) by extensions ['colcon_pkg']
[0.264s] Level 1:colcon.colcon_core.package_identification:_identify(ros2_nexus/__pycache__) by extension 'colcon_pkg'
[0.264s] Level 1:colcon.colcon_core.package_identification:_identify(ros2_nexus/__pycache__) by extensions ['colcon_meta']
[0.264s] Level 1:colcon.colcon_core.package_identification:_identify(ros2_nexus/__pycache__) by extension 'colcon_meta'
[0.264s] Level 1:colcon.colcon_core.package_identification:_identify(ros2_nexus/__pycache__) by extensions ['ros']
[0.264s] Level 1:colcon.colcon_core.package_identification:_identify(ros2_nexus/__pycache__) by extension 'ros'
[0.264s] Level 1:colcon.colcon_core.package_identification:_identify(ros2_nexus/__pycache__) by extensions ['cmake', 'python']
[0.264s] Level 1:colcon.colcon_core.package_identification:_identify(ros2_nexus/__pycache__) by extension 'cmake'
[0.264s] Level 1:colcon.colcon_core.package_identification:_identify(ros2_nexus/__pycache__) by extension 'python'
[0.264s] Level 1:colcon.colcon_core.package_identification:_identify(ros2_nexus/__pycache__) by extensions ['python_setup_py']
[0.264s] Level 1:colcon.colcon_core.package_identification:_identify(ros2_nexus/__pycache__) by extension 'python_setup_py'
[0.264s] Level 1:colcon.colcon_core.package_identification:_identify(src) by extensions ['ignore', 'ignore_ament_install']
[0.264s] Level 1:colcon.colcon_core.package_identification:_identify(src) by extension 'ignore'
[0.264s] Level 1:colcon.colcon_core.package_identification:_identify(src) by extension 'ignore_ament_install'
[0.264s] Level 1:colcon.colcon_core.package_identification:_identify(src) by extensions ['colcon_pkg']
[0.264s] Level 1:colcon.colcon_core.package_identification:_identify(src) by extension 'colcon_pkg'
[0.264s] Level 1:colcon.colcon_core.package_identification:_identify(src) by extensions ['colcon_meta']
[0.264s] Level 1:colcon.colcon_core.package_identification:_identify(src) by extension 'colcon_meta'
[0.264s] Level 1:colcon.colcon_core.package_identification:_identify(src) by extensions ['ros']
[0.264s] Level 1:colcon.colcon_core.package_identification:_identify(src) by extension 'ros'
[0.264s] Level 1:colcon.colcon_core.package_identification:_identify(src) by extensions ['cmake', 'python']
[0.264s] Level 1:colcon.colcon_core.package_identification:_identify(src) by extension 'cmake'
[0.264s] Level 1:colcon.colcon_core.package_identification:_identify(src) by extension 'python'
[0.264s] Level 1:colcon.colcon_core.package_identification:_identify(src) by extensions ['python_setup_py']
[0.264s] Level 1:colcon.colcon_core.package_identification:_identify(src) by extension 'python_setup_py'
[0.264s] Level 1:colcon.colcon_core.package_identification:_identify(src/collision_check) by extensions ['ignore', 'ignore_ament_install']
[0.264s] Level 1:colcon.colcon_core.package_identification:_identify(src/collision_check) by extension 'ignore'
[0.264s] Level 1:colcon.colcon_core.package_identification:_identify(src/collision_check) by extension 'ignore_ament_install'
[0.264s] Level 1:colcon.colcon_core.package_identification:_identify(src/collision_check) by extensions ['colcon_pkg']
[0.264s] Level 1:colcon.colcon_core.package_identification:_identify(src/collision_check) by extension 'colcon_pkg'
[0.264s] Level 1:colcon.colcon_core.package_identification:_identify(src/collision_check) by extensions ['colcon_meta']
[0.264s] Level 1:colcon.colcon_core.package_identification:_identify(src/collision_check) by extension 'colcon_meta'
[0.264s] Level 1:colcon.colcon_core.package_identification:_identify(src/collision_check) by extensions ['ros']
[0.265s] Level 1:colcon.colcon_core.package_identification:_identify(src/collision_check) by extension 'ros'
[0.266s] DEBUG:colcon.colcon_core.package_identification:Package 'src/collision_check' with type 'ros.ament_python' and name 'collision_check'
[0.266s] Level 1:colcon.colcon_core.package_identification:_identify(src/dashboard_monitoring) by extensions ['ignore', 'ignore_ament_install']
[0.266s] Level 1:colcon.colcon_core.package_identification:_identify(src/dashboard_monitoring) by extension 'ignore'
[0.266s] Level 1:colcon.colcon_core.package_identification:_identify(src/dashboard_monitoring) by extension 'ignore_ament_install'
[0.266s] Level 1:colcon.colcon_core.package_identification:_identify(src/dashboard_monitoring) by extensions ['colcon_pkg']
[0.266s] Level 1:colcon.colcon_core.package_identification:_identify(src/dashboard_monitoring) by extension 'colcon_pkg'
[0.266s] Level 1:colcon.colcon_core.package_identification:_identify(src/dashboard_monitoring) by extensions ['colcon_meta']
[0.266s] Level 1:colcon.colcon_core.package_identification:_identify(src/dashboard_monitoring) by extension 'colcon_meta'
[0.266s] Level 1:colcon.colcon_core.package_identification:_identify(src/dashboard_monitoring) by extensions ['ros']
[0.266s] Level 1:colcon.colcon_core.package_identification:_identify(src/dashboard_monitoring) by extension 'ros'
[0.266s] Level 1:colcon.colcon_core.package_identification:_identify(src/dashboard_monitoring) by extensions ['cmake', 'python']
[0.266s] Level 1:colcon.colcon_core.package_identification:_identify(src/dashboard_monitoring) by extension 'cmake'
[0.266s] Level 1:colcon.colcon_core.package_identification:_identify(src/dashboard_monitoring) by extension 'python'
[0.266s] Level 1:colcon.colcon_core.package_identification:_identify(src/dashboard_monitoring) by extensions ['python_setup_py']
[0.266s] Level 1:colcon.colcon_core.package_identification:_identify(src/dashboard_monitoring) by extension 'python_setup_py'
[0.266s] Level 1:colcon.colcon_core.package_identification:_identify(src/dashboard_monitoring/__pycache__) by extensions ['ignore', 'ignore_ament_install']
[0.266s] Level 1:colcon.colcon_core.package_identification:_identify(src/dashboard_monitoring/__pycache__) by extension 'ignore'
[0.266s] Level 1:colcon.colcon_core.package_identification:_identify(src/dashboard_monitoring/__pycache__) by extension 'ignore_ament_install'
[0.267s] Level 1:colcon.colcon_core.package_identification:_identify(src/dashboard_monitoring/__pycache__) by extensions ['colcon_pkg']
[0.267s] Level 1:colcon.colcon_core.package_identification:_identify(src/dashboard_monitoring/__pycache__) by extension 'colcon_pkg'
[0.267s] Level 1:colcon.colcon_core.package_identification:_identify(src/dashboard_monitoring/__pycache__) by extensions ['colcon_meta']
[0.267s] Level 1:colcon.colcon_core.package_identification:_identify(src/dashboard_monitoring/__pycache__) by extension 'colcon_meta'
[0.267s] Level 1:colcon.colcon_core.package_identification:_identify(src/dashboard_monitoring/__pycache__) by extensions ['ros']
[0.267s] Level 1:colcon.colcon_core.package_identification:_identify(src/dashboard_monitoring/__pycache__) by extension 'ros'
[0.267s] Level 1:colcon.colcon_core.package_identification:_identify(src/dashboard_monitoring/__pycache__) by extensions ['cmake', 'python']
[0.267s] Level 1:colcon.colcon_core.package_identification:_identify(src/dashboard_monitoring/__pycache__) by extension 'cmake'
[0.267s] Level 1:colcon.colcon_core.package_identification:_identify(src/dashboard_monitoring/__pycache__) by extension 'python'
[0.267s] Level 1:colcon.colcon_core.package_identification:_identify(src/dashboard_monitoring/__pycache__) by extensions ['python_setup_py']
[0.267s] Level 1:colcon.colcon_core.package_identification:_identify(src/dashboard_monitoring/__pycache__) by extension 'python_setup_py'
[0.267s] Level 1:colcon.colcon_core.package_identification:_identify(src/dashboard_monitoring/videos) by extensions ['ignore', 'ignore_ament_install']
[0.267s] Level 1:colcon.colcon_core.package_identification:_identify(src/dashboard_monitoring/videos) by extension 'ignore'
[0.267s] Level 1:colcon.colcon_core.package_identification:_identify(src/dashboard_monitoring/videos) by extension 'ignore_ament_install'
[0.267s] Level 1:colcon.colcon_core.package_identification:_identify(src/dashboard_monitoring/videos) by extensions ['colcon_pkg']
[0.267s] Level 1:colcon.colcon_core.package_identification:_identify(src/dashboard_monitoring/videos) by extension 'colcon_pkg'
[0.267s] Level 1:colcon.colcon_core.package_identification:_identify(src/dashboard_monitoring/videos) by extensions ['colcon_meta']
[0.267s] Level 1:colcon.colcon_core.package_identification:_identify(src/dashboard_monitoring/videos) by extension 'colcon_meta'
[0.267s] Level 1:colcon.colcon_core.package_identification:_identify(src/dashboard_monitoring/videos) by extensions ['ros']
[0.267s] Level 1:colcon.colcon_core.package_identification:_identify(src/dashboard_monitoring/videos) by extension 'ros'
[0.267s] Level 1:colcon.colcon_core.package_identification:_identify(src/dashboard_monitoring/videos) by extensions ['cmake', 'python']
[0.267s] Level 1:colcon.colcon_core.package_identification:_identify(src/dashboard_monitoring/videos) by extension 'cmake'
[0.267s] Level 1:colcon.colcon_core.package_identification:_identify(src/dashboard_monitoring/videos) by extension 'python'
[0.267s] Level 1:colcon.colcon_core.package_identification:_identify(src/dashboard_monitoring/videos) by extensions ['python_setup_py']
[0.267s] Level 1:colcon.colcon_core.package_identification:_identify(src/dashboard_monitoring/videos) by extension 'python_setup_py'
[0.267s] Level 1:colcon.colcon_core.package_identification:_identify(src/dashboard_monitoring/views) by extensions ['ignore', 'ignore_ament_install']
[0.267s] Level 1:colcon.colcon_core.package_identification:_identify(src/dashboard_monitoring/views) by extension 'ignore'
[0.267s] Level 1:colcon.colcon_core.package_identification:_identify(src/dashboard_monitoring/views) by extension 'ignore_ament_install'
[0.267s] Level 1:colcon.colcon_core.package_identification:_identify(src/dashboard_monitoring/views) by extensions ['colcon_pkg']
[0.267s] Level 1:colcon.colcon_core.package_identification:_identify(src/dashboard_monitoring/views) by extension 'colcon_pkg'
[0.267s] Level 1:colcon.colcon_core.package_identification:_identify(src/dashboard_monitoring/views) by extensions ['colcon_meta']
[0.267s] Level 1:colcon.colcon_core.package_identification:_identify(src/dashboard_monitoring/views) by extension 'colcon_meta'
[0.267s] Level 1:colcon.colcon_core.package_identification:_identify(src/dashboard_monitoring/views) by extensions ['ros']
[0.267s] Level 1:colcon.colcon_core.package_identification:_identify(src/dashboard_monitoring/views) by extension 'ros'
[0.267s] Level 1:colcon.colcon_core.package_identification:_identify(src/dashboard_monitoring/views) by extensions ['cmake', 'python']
[0.267s] Level 1:colcon.colcon_core.package_identification:_identify(src/dashboard_monitoring/views) by extension 'cmake'
[0.267s] Level 1:colcon.colcon_core.package_identification:_identify(src/dashboard_monitoring/views) by extension 'python'
[0.267s] Level 1:colcon.colcon_core.package_identification:_identify(src/dashboard_monitoring/views) by extensions ['python_setup_py']
[0.267s] Level 1:colcon.colcon_core.package_identification:_identify(src/dashboard_monitoring/views) by extension 'python_setup_py'
[0.267s] Level 1:colcon.colcon_core.package_identification:_identify(src/gaze_control) by extensions ['ignore', 'ignore_ament_install']
[0.267s] Level 1:colcon.colcon_core.package_identification:_identify(src/gaze_control) by extension 'ignore'
[0.267s] Level 1:colcon.colcon_core.package_identification:_identify(src/gaze_control) by extension 'ignore_ament_install'
[0.267s] Level 1:colcon.colcon_core.package_identification:_identify(src/gaze_control) by extensions ['colcon_pkg']
[0.267s] Level 1:colcon.colcon_core.package_identification:_identify(src/gaze_control) by extension 'colcon_pkg'
[0.267s] Level 1:colcon.colcon_core.package_identification:_identify(src/gaze_control) by extensions ['colcon_meta']
[0.267s] Level 1:colcon.colcon_core.package_identification:_identify(src/gaze_control) by extension 'colcon_meta'
[0.267s] Level 1:colcon.colcon_core.package_identification:_identify(src/gaze_control) by extensions ['ros']
[0.267s] Level 1:colcon.colcon_core.package_identification:_identify(src/gaze_control) by extension 'ros'
[0.268s] DEBUG:colcon.colcon_core.package_identification:Package 'src/gaze_control' with type 'ros.ament_python' and name 'gaze_control'
[0.268s] Level 1:colcon.colcon_core.package_identification:_identify(src/motion_sequence) by extensions ['ignore', 'ignore_ament_install']
[0.268s] Level 1:colcon.colcon_core.package_identification:_identify(src/motion_sequence) by extension 'ignore'
[0.268s] Level 1:colcon.colcon_core.package_identification:_identify(src/motion_sequence) by extension 'ignore_ament_install'
[0.268s] Level 1:colcon.colcon_core.package_identification:_identify(src/motion_sequence) by extensions ['colcon_pkg']
[0.268s] Level 1:colcon.colcon_core.package_identification:_identify(src/motion_sequence) by extension 'colcon_pkg'
[0.268s] Level 1:colcon.colcon_core.package_identification:_identify(src/motion_sequence) by extensions ['colcon_meta']
[0.268s] Level 1:colcon.colcon_core.package_identification:_identify(src/motion_sequence) by extension 'colcon_meta'
[0.268s] Level 1:colcon.colcon_core.package_identification:_identify(src/motion_sequence) by extensions ['ros']
[0.268s] Level 1:colcon.colcon_core.package_identification:_identify(src/motion_sequence) by extension 'ros'
[0.268s] DEBUG:colcon.colcon_core.package_identification:Package 'src/motion_sequence' with type 'ros.ament_python' and name 'motion_sequence'
[0.268s] Level 1:colcon.colcon_core.package_identification:_identify(src/move_to_coordinator) by extensions ['ignore', 'ignore_ament_install']
[0.269s] Level 1:colcon.colcon_core.package_identification:_identify(src/move_to_coordinator) by extension 'ignore'
[0.269s] Level 1:colcon.colcon_core.package_identification:_identify(src/move_to_coordinator) by extension 'ignore_ament_install'
[0.269s] Level 1:colcon.colcon_core.package_identification:_identify(src/move_to_coordinator) by extensions ['colcon_pkg']
[0.269s] Level 1:colcon.colcon_core.package_identification:_identify(src/move_to_coordinator) by extension 'colcon_pkg'
[0.269s] Level 1:colcon.colcon_core.package_identification:_identify(src/move_to_coordinator) by extensions ['colcon_meta']
[0.269s] Level 1:colcon.colcon_core.package_identification:_identify(src/move_to_coordinator) by extension 'colcon_meta'
[0.269s] Level 1:colcon.colcon_core.package_identification:_identify(src/move_to_coordinator) by extensions ['ros']
[0.269s] Level 1:colcon.colcon_core.package_identification:_identify(src/move_to_coordinator) by extension 'ros'
[0.269s] DEBUG:colcon.colcon_core.package_identification:Package 'src/move_to_coordinator' with type 'ros.ament_python' and name 'move_to_coordinator'
[0.269s] Level 1:colcon.colcon_core.package_identification:_identify(src/my_3d_vision_bringup) by extensions ['ignore', 'ignore_ament_install']
[0.269s] Level 1:colcon.colcon_core.package_identification:_identify(src/my_3d_vision_bringup) by extension 'ignore'
[0.269s] Level 1:colcon.colcon_core.package_identification:_identify(src/my_3d_vision_bringup) by extension 'ignore_ament_install'
[0.269s] Level 1:colcon.colcon_core.package_identification:_identify(src/my_3d_vision_bringup) by extensions ['colcon_pkg']
[0.269s] Level 1:colcon.colcon_core.package_identification:_identify(src/my_3d_vision_bringup) by extension 'colcon_pkg'
[0.269s] Level 1:colcon.colcon_core.package_identification:_identify(src/my_3d_vision_bringup) by extensions ['colcon_meta']
[0.269s] Level 1:colcon.colcon_core.package_identification:_identify(src/my_3d_vision_bringup) by extension 'colcon_meta'
[0.269s] Level 1:colcon.colcon_core.package_identification:_identify(src/my_3d_vision_bringup) by extensions ['ros']
[0.269s] Level 1:colcon.colcon_core.package_identification:_identify(src/my_3d_vision_bringup) by extension 'ros'
[0.269s] DEBUG:colcon.colcon_core.package_identification:Package 'src/my_3d_vision_bringup' with type 'ros.ament_cmake' and name 'my_3d_vision_bringup'
[0.270s] Level 1:colcon.colcon_core.package_identification:_identify(src/robot_control_web_ui) by extensions ['ignore', 'ignore_ament_install']
[0.270s] Level 1:colcon.colcon_core.package_identification:_identify(src/robot_control_web_ui) by extension 'ignore'
[0.270s] Level 1:colcon.colcon_core.package_identification:_identify(src/robot_control_web_ui) by extension 'ignore_ament_install'
[0.270s] Level 1:colcon.colcon_core.package_identification:_identify(src/robot_control_web_ui) by extensions ['colcon_pkg']
[0.270s] Level 1:colcon.colcon_core.package_identification:_identify(src/robot_control_web_ui) by extension 'colcon_pkg'
[0.270s] Level 1:colcon.colcon_core.package_identification:_identify(src/robot_control_web_ui) by extensions ['colcon_meta']
[0.270s] Level 1:colcon.colcon_core.package_identification:_identify(src/robot_control_web_ui) by extension 'colcon_meta'
[0.270s] Level 1:colcon.colcon_core.package_identification:_identify(src/robot_control_web_ui) by extensions ['ros']
[0.270s] Level 1:colcon.colcon_core.package_identification:_identify(src/robot_control_web_ui) by extension 'ros'
[0.270s] Level 1:colcon.colcon_core.package_identification:_identify(src/robot_control_web_ui) by extensions ['cmake', 'python']
[0.270s] Level 1:colcon.colcon_core.package_identification:_identify(src/robot_control_web_ui) by extension 'cmake'
[0.270s] Level 1:colcon.colcon_core.package_identification:_identify(src/robot_control_web_ui) by extension 'python'
[0.270s] Level 1:colcon.colcon_core.package_identification:_identify(src/robot_control_web_ui) by extensions ['python_setup_py']
[0.270s] Level 1:colcon.colcon_core.package_identification:_identify(src/robot_control_web_ui) by extension 'python_setup_py'
[0.270s] Level 1:colcon.colcon_core.package_identification:_identify(src/robot_motion_handler_movegroup) by extensions ['ignore', 'ignore_ament_install']
[0.270s] Level 1:colcon.colcon_core.package_identification:_identify(src/robot_motion_handler_movegroup) by extension 'ignore'
[0.270s] Level 1:colcon.colcon_core.package_identification:_identify(src/robot_motion_handler_movegroup) by extension 'ignore_ament_install'
[0.270s] Level 1:colcon.colcon_core.package_identification:_identify(src/robot_motion_handler_movegroup) by extensions ['colcon_pkg']
[0.270s] Level 1:colcon.colcon_core.package_identification:_identify(src/robot_motion_handler_movegroup) by extension 'colcon_pkg'
[0.270s] Level 1:colcon.colcon_core.package_identification:_identify(src/robot_motion_handler_movegroup) by extensions ['colcon_meta']
[0.270s] Level 1:colcon.colcon_core.package_identification:_identify(src/robot_motion_handler_movegroup) by extension 'colcon_meta'
[0.270s] Level 1:colcon.colcon_core.package_identification:_identify(src/robot_motion_handler_movegroup) by extensions ['ros']
[0.270s] Level 1:colcon.colcon_core.package_identification:_identify(src/robot_motion_handler_movegroup) by extension 'ros'
[0.270s] DEBUG:colcon.colcon_core.package_identification:Package 'src/robot_motion_handler_movegroup' with type 'ros.ament_python' and name 'robot_motion_handler_movegroup'
[0.270s] Level 1:colcon.colcon_core.package_identification:_identify(src/ros2_whisper) by extensions ['ignore', 'ignore_ament_install']
[0.270s] Level 1:colcon.colcon_core.package_identification:_identify(src/ros2_whisper) by extension 'ignore'
[0.270s] Level 1:colcon.colcon_core.package_identification:_identify(src/ros2_whisper) by extension 'ignore_ament_install'
[0.270s] Level 1:colcon.colcon_core.package_identification:_identify(src/ros2_whisper) by extensions ['colcon_pkg']
[0.270s] Level 1:colcon.colcon_core.package_identification:_identify(src/ros2_whisper) by extension 'colcon_pkg'
[0.270s] Level 1:colcon.colcon_core.package_identification:_identify(src/ros2_whisper) by extensions ['colcon_meta']
[0.270s] Level 1:colcon.colcon_core.package_identification:_identify(src/ros2_whisper) by extension 'colcon_meta'
[0.271s] Level 1:colcon.colcon_core.package_identification:_identify(src/ros2_whisper) by extensions ['ros']
[0.271s] Level 1:colcon.colcon_core.package_identification:_identify(src/ros2_whisper) by extension 'ros'
[0.271s] Level 1:colcon.colcon_core.package_identification:_identify(src/ros2_whisper) by extensions ['cmake', 'python']
[0.271s] Level 1:colcon.colcon_core.package_identification:_identify(src/ros2_whisper) by extension 'cmake'
[0.271s] Level 1:colcon.colcon_core.package_identification:_identify(src/ros2_whisper) by extension 'python'
[0.271s] Level 1:colcon.colcon_core.package_identification:_identify(src/ros2_whisper) by extensions ['python_setup_py']
[0.271s] Level 1:colcon.colcon_core.package_identification:_identify(src/ros2_whisper) by extension 'python_setup_py'
[0.271s] Level 1:colcon.colcon_core.package_identification:_identify(src/ros2_whisper/audio_listener) by extensions ['ignore', 'ignore_ament_install']
[0.271s] Level 1:colcon.colcon_core.package_identification:_identify(src/ros2_whisper/audio_listener) by extension 'ignore'
[0.271s] Level 1:colcon.colcon_core.package_identification:_identify(src/ros2_whisper/audio_listener) by extension 'ignore_ament_install'
[0.271s] Level 1:colcon.colcon_core.package_identification:_identify(src/ros2_whisper/audio_listener) by extensions ['colcon_pkg']
[0.271s] Level 1:colcon.colcon_core.package_identification:_identify(src/ros2_whisper/audio_listener) by extension 'colcon_pkg'
[0.271s] Level 1:colcon.colcon_core.package_identification:_identify(src/ros2_whisper/audio_listener) by extensions ['colcon_meta']
[0.271s] Level 1:colcon.colcon_core.package_identification:_identify(src/ros2_whisper/audio_listener) by extension 'colcon_meta'
[0.271s] Level 1:colcon.colcon_core.package_identification:_identify(src/ros2_whisper/audio_listener) by extensions ['ros']
[0.271s] Level 1:colcon.colcon_core.package_identification:_identify(src/ros2_whisper/audio_listener) by extension 'ros'
[0.271s] DEBUG:colcon.colcon_core.package_identification:Package 'src/ros2_whisper/audio_listener' with type 'ros.ament_python' and name 'audio_listener'
[0.271s] Level 1:colcon.colcon_core.package_identification:_identify(src/ros2_whisper/doc) by extensions ['ignore', 'ignore_ament_install']
[0.271s] Level 1:colcon.colcon_core.package_identification:_identify(src/ros2_whisper/doc) by extension 'ignore'
[0.271s] Level 1:colcon.colcon_core.package_identification:_identify(src/ros2_whisper/doc) by extension 'ignore_ament_install'
[0.271s] Level 1:colcon.colcon_core.package_identification:_identify(src/ros2_whisper/doc) by extensions ['colcon_pkg']
[0.271s] Level 1:colcon.colcon_core.package_identification:_identify(src/ros2_whisper/doc) by extension 'colcon_pkg'
[0.271s] Level 1:colcon.colcon_core.package_identification:_identify(src/ros2_whisper/doc) by extensions ['colcon_meta']
[0.271s] Level 1:colcon.colcon_core.package_identification:_identify(src/ros2_whisper/doc) by extension 'colcon_meta'
[0.271s] Level 1:colcon.colcon_core.package_identification:_identify(src/ros2_whisper/doc) by extensions ['ros']
[0.271s] Level 1:colcon.colcon_core.package_identification:_identify(src/ros2_whisper/doc) by extension 'ros'
[0.271s] Level 1:colcon.colcon_core.package_identification:_identify(src/ros2_whisper/doc) by extensions ['cmake', 'python']
[0.271s] Level 1:colcon.colcon_core.package_identification:_identify(src/ros2_whisper/doc) by extension 'cmake'
[0.271s] Level 1:colcon.colcon_core.package_identification:_identify(src/ros2_whisper/doc) by extension 'python'
[0.271s] Level 1:colcon.colcon_core.package_identification:_identify(src/ros2_whisper/doc) by extensions ['python_setup_py']
[0.271s] Level 1:colcon.colcon_core.package_identification:_identify(src/ros2_whisper/doc) by extension 'python_setup_py'
[0.271s] Level 1:colcon.colcon_core.package_identification:_identify(src/ros2_whisper/transcript_manager) by extensions ['ignore', 'ignore_ament_install']
[0.271s] Level 1:colcon.colcon_core.package_identification:_identify(src/ros2_whisper/transcript_manager) by extension 'ignore'
[0.271s] Level 1:colcon.colcon_core.package_identification:_identify(src/ros2_whisper/transcript_manager) by extension 'ignore_ament_install'
[0.271s] Level 1:colcon.colcon_core.package_identification:_identify(src/ros2_whisper/transcript_manager) by extensions ['colcon_pkg']
[0.271s] Level 1:colcon.colcon_core.package_identification:_identify(src/ros2_whisper/transcript_manager) by extension 'colcon_pkg'
[0.271s] Level 1:colcon.colcon_core.package_identification:_identify(src/ros2_whisper/transcript_manager) by extensions ['colcon_meta']
[0.271s] Level 1:colcon.colcon_core.package_identification:_identify(src/ros2_whisper/transcript_manager) by extension 'colcon_meta'
[0.272s] Level 1:colcon.colcon_core.package_identification:_identify(src/ros2_whisper/transcript_manager) by extensions ['ros']
[0.272s] Level 1:colcon.colcon_core.package_identification:_identify(src/ros2_whisper/transcript_manager) by extension 'ros'
[0.272s] DEBUG:colcon.colcon_core.package_identification:Package 'src/ros2_whisper/transcript_manager' with type 'ros.ament_cmake' and name 'transcript_manager'
[0.272s] Level 1:colcon.colcon_core.package_identification:_identify(src/ros2_whisper/whisper_bringup) by extensions ['ignore', 'ignore_ament_install']
[0.272s] Level 1:colcon.colcon_core.package_identification:_identify(src/ros2_whisper/whisper_bringup) by extension 'ignore'
[0.272s] Level 1:colcon.colcon_core.package_identification:_identify(src/ros2_whisper/whisper_bringup) by extension 'ignore_ament_install'
[0.272s] Level 1:colcon.colcon_core.package_identification:_identify(src/ros2_whisper/whisper_bringup) by extensions ['colcon_pkg']
[0.272s] Level 1:colcon.colcon_core.package_identification:_identify(src/ros2_whisper/whisper_bringup) by extension 'colcon_pkg'
[0.272s] Level 1:colcon.colcon_core.package_identification:_identify(src/ros2_whisper/whisper_bringup) by extensions ['colcon_meta']
[0.272s] Level 1:colcon.colcon_core.package_identification:_identify(src/ros2_whisper/whisper_bringup) by extension 'colcon_meta'
[0.272s] Level 1:colcon.colcon_core.package_identification:_identify(src/ros2_whisper/whisper_bringup) by extensions ['ros']
[0.272s] Level 1:colcon.colcon_core.package_identification:_identify(src/ros2_whisper/whisper_bringup) by extension 'ros'
[0.273s] DEBUG:colcon.colcon_core.package_identification:Package 'src/ros2_whisper/whisper_bringup' with type 'ros.ament_cmake' and name 'whisper_bringup'
[0.273s] Level 1:colcon.colcon_core.package_identification:_identify(src/ros2_whisper/whisper_cpp_vendor) by extensions ['ignore', 'ignore_ament_install']
[0.273s] Level 1:colcon.colcon_core.package_identification:_identify(src/ros2_whisper/whisper_cpp_vendor) by extension 'ignore'
[0.273s] Level 1:colcon.colcon_core.package_identification:_identify(src/ros2_whisper/whisper_cpp_vendor) by extension 'ignore_ament_install'
[0.273s] Level 1:colcon.colcon_core.package_identification:_identify(src/ros2_whisper/whisper_cpp_vendor) by extensions ['colcon_pkg']
[0.273s] Level 1:colcon.colcon_core.package_identification:_identify(src/ros2_whisper/whisper_cpp_vendor) by extension 'colcon_pkg'
[0.273s] Level 1:colcon.colcon_core.package_identification:_identify(src/ros2_whisper/whisper_cpp_vendor) by extensions ['colcon_meta']
[0.273s] Level 1:colcon.colcon_core.package_identification:_identify(src/ros2_whisper/whisper_cpp_vendor) by extension 'colcon_meta'
[0.273s] Level 1:colcon.colcon_core.package_identification:_identify(src/ros2_whisper/whisper_cpp_vendor) by extensions ['ros']
[0.273s] Level 1:colcon.colcon_core.package_identification:_identify(src/ros2_whisper/whisper_cpp_vendor) by extension 'ros'
[0.273s] DEBUG:colcon.colcon_core.package_identification:Package 'src/ros2_whisper/whisper_cpp_vendor' with type 'ros.ament_cmake' and name 'whisper_cpp_vendor'
[0.273s] Level 1:colcon.colcon_core.package_identification:_identify(src/ros2_whisper/whisper_demos) by extensions ['ignore', 'ignore_ament_install']
[0.273s] Level 1:colcon.colcon_core.package_identification:_identify(src/ros2_whisper/whisper_demos) by extension 'ignore'
[0.273s] Level 1:colcon.colcon_core.package_identification:_identify(src/ros2_whisper/whisper_demos) by extension 'ignore_ament_install'
[0.273s] Level 1:colcon.colcon_core.package_identification:_identify(src/ros2_whisper/whisper_demos) by extensions ['colcon_pkg']
[0.273s] Level 1:colcon.colcon_core.package_identification:_identify(src/ros2_whisper/whisper_demos) by extension 'colcon_pkg'
[0.273s] Level 1:colcon.colcon_core.package_identification:_identify(src/ros2_whisper/whisper_demos) by extensions ['colcon_meta']
[0.273s] Level 1:colcon.colcon_core.package_identification:_identify(src/ros2_whisper/whisper_demos) by extension 'colcon_meta'
[0.273s] Level 1:colcon.colcon_core.package_identification:_identify(src/ros2_whisper/whisper_demos) by extensions ['ros']
[0.273s] Level 1:colcon.colcon_core.package_identification:_identify(src/ros2_whisper/whisper_demos) by extension 'ros'
[0.274s] DEBUG:colcon.colcon_core.package_identification:Package 'src/ros2_whisper/whisper_demos' with type 'ros.ament_python' and name 'whisper_demos'
[0.274s] Level 1:colcon.colcon_core.package_identification:_identify(src/ros2_whisper/whisper_idl) by extensions ['ignore', 'ignore_ament_install']
[0.274s] Level 1:colcon.colcon_core.package_identification:_identify(src/ros2_whisper/whisper_idl) by extension 'ignore'
[0.274s] Level 1:colcon.colcon_core.package_identification:_identify(src/ros2_whisper/whisper_idl) by extension 'ignore_ament_install'
[0.274s] Level 1:colcon.colcon_core.package_identification:_identify(src/ros2_whisper/whisper_idl) by extensions ['colcon_pkg']
[0.274s] Level 1:colcon.colcon_core.package_identification:_identify(src/ros2_whisper/whisper_idl) by extension 'colcon_pkg'
[0.274s] Level 1:colcon.colcon_core.package_identification:_identify(src/ros2_whisper/whisper_idl) by extensions ['colcon_meta']
[0.274s] Level 1:colcon.colcon_core.package_identification:_identify(src/ros2_whisper/whisper_idl) by extension 'colcon_meta'
[0.274s] Level 1:colcon.colcon_core.package_identification:_identify(src/ros2_whisper/whisper_idl) by extensions ['ros']
[0.274s] Level 1:colcon.colcon_core.package_identification:_identify(src/ros2_whisper/whisper_idl) by extension 'ros'
[0.274s] DEBUG:colcon.colcon_core.package_identification:Package 'src/ros2_whisper/whisper_idl' with type 'ros.ament_cmake' and name 'whisper_idl'
[0.274s] Level 1:colcon.colcon_core.package_identification:_identify(src/ros2_whisper/whisper_server) by extensions ['ignore', 'ignore_ament_install']
[0.274s] Level 1:colcon.colcon_core.package_identification:_identify(src/ros2_whisper/whisper_server) by extension 'ignore'
[0.274s] Level 1:colcon.colcon_core.package_identification:_identify(src/ros2_whisper/whisper_server) by extension 'ignore_ament_install'
[0.274s] Level 1:colcon.colcon_core.package_identification:_identify(src/ros2_whisper/whisper_server) by extensions ['colcon_pkg']
[0.274s] Level 1:colcon.colcon_core.package_identification:_identify(src/ros2_whisper/whisper_server) by extension 'colcon_pkg'
[0.274s] Level 1:colcon.colcon_core.package_identification:_identify(src/ros2_whisper/whisper_server) by extensions ['colcon_meta']
[0.274s] Level 1:colcon.colcon_core.package_identification:_identify(src/ros2_whisper/whisper_server) by extension 'colcon_meta'
[0.274s] Level 1:colcon.colcon_core.package_identification:_identify(src/ros2_whisper/whisper_server) by extensions ['ros']
[0.274s] Level 1:colcon.colcon_core.package_identification:_identify(src/ros2_whisper/whisper_server) by extension 'ros'
[0.275s] DEBUG:colcon.colcon_core.package_identification:Package 'src/ros2_whisper/whisper_server' with type 'ros.ament_cmake' and name 'whisper_server'
[0.275s] Level 1:colcon.colcon_core.package_identification:_identify(src/ros2_whisper/whisper_util) by extensions ['ignore', 'ignore_ament_install']
[0.275s] Level 1:colcon.colcon_core.package_identification:_identify(src/ros2_whisper/whisper_util) by extension 'ignore'
[0.275s] Level 1:colcon.colcon_core.package_identification:_identify(src/ros2_whisper/whisper_util) by extension 'ignore_ament_install'
[0.275s] Level 1:colcon.colcon_core.package_identification:_identify(src/ros2_whisper/whisper_util) by extensions ['colcon_pkg']
[0.275s] Level 1:colcon.colcon_core.package_identification:_identify(src/ros2_whisper/whisper_util) by extension 'colcon_pkg'
[0.275s] Level 1:colcon.colcon_core.package_identification:_identify(src/ros2_whisper/whisper_util) by extensions ['colcon_meta']
[0.275s] Level 1:colcon.colcon_core.package_identification:_identify(src/ros2_whisper/whisper_util) by extension 'colcon_meta'
[0.275s] Level 1:colcon.colcon_core.package_identification:_identify(src/ros2_whisper/whisper_util) by extensions ['ros']
[0.275s] Level 1:colcon.colcon_core.package_identification:_identify(src/ros2_whisper/whisper_util) by extension 'ros'
[0.275s] DEBUG:colcon.colcon_core.package_identification:Package 'src/ros2_whisper/whisper_util' with type 'ros.ament_cmake' and name 'whisper_util'
[0.275s] Level 1:colcon.colcon_core.package_identification:_identify(src/rviz_marker_static_scene_objects) by extensions ['ignore', 'ignore_ament_install']
[0.275s] Level 1:colcon.colcon_core.package_identification:_identify(src/rviz_marker_static_scene_objects) by extension 'ignore'
[0.275s] Level 1:colcon.colcon_core.package_identification:_identify(src/rviz_marker_static_scene_objects) by extension 'ignore_ament_install'
[0.276s] Level 1:colcon.colcon_core.package_identification:_identify(src/rviz_marker_static_scene_objects) by extensions ['colcon_pkg']
[0.276s] Level 1:colcon.colcon_core.package_identification:_identify(src/rviz_marker_static_scene_objects) by extension 'colcon_pkg'
[0.276s] Level 1:colcon.colcon_core.package_identification:_identify(src/rviz_marker_static_scene_objects) by extensions ['colcon_meta']
[0.276s] Level 1:colcon.colcon_core.package_identification:_identify(src/rviz_marker_static_scene_objects) by extension 'colcon_meta'
[0.276s] Level 1:colcon.colcon_core.package_identification:_identify(src/rviz_marker_static_scene_objects) by extensions ['ros']
[0.276s] Level 1:colcon.colcon_core.package_identification:_identify(src/rviz_marker_static_scene_objects) by extension 'ros'
[0.276s] DEBUG:colcon.colcon_core.package_identification:Package 'src/rviz_marker_static_scene_objects' with type 'ros.ament_python' and name 'rviz_marker_static_scene_objects'
[0.276s] Level 1:colcon.colcon_core.package_identification:_identify(src/rviz_robot_control_panel) by extensions ['ignore', 'ignore_ament_install']
[0.276s] Level 1:colcon.colcon_core.package_identification:_identify(src/rviz_robot_control_panel) by extension 'ignore'
[0.276s] Level 1:colcon.colcon_core.package_identification:_identify(src/rviz_robot_control_panel) by extension 'ignore_ament_install'
[0.276s] Level 1:colcon.colcon_core.package_identification:_identify(src/rviz_robot_control_panel) by extensions ['colcon_pkg']
[0.276s] Level 1:colcon.colcon_core.package_identification:_identify(src/rviz_robot_control_panel) by extension 'colcon_pkg'
[0.276s] Level 1:colcon.colcon_core.package_identification:_identify(src/rviz_robot_control_panel) by extensions ['colcon_meta']
[0.276s] Level 1:colcon.colcon_core.package_identification:_identify(src/rviz_robot_control_panel) by extension 'colcon_meta'
[0.276s] Level 1:colcon.colcon_core.package_identification:_identify(src/rviz_robot_control_panel) by extensions ['ros']
[0.276s] Level 1:colcon.colcon_core.package_identification:_identify(src/rviz_robot_control_panel) by extension 'ros'
[0.277s] DEBUG:colcon.colcon_core.package_identification:Package 'src/rviz_robot_control_panel' with type 'ros.ament_cmake' and name 'rviz_robot_control_panel'
[0.277s] Level 1:colcon.colcon_core.package_identification:_identify(src/rviz_servo_status_overlay) by extensions ['ignore', 'ignore_ament_install']
[0.277s] Level 1:colcon.colcon_core.package_identification:_identify(src/rviz_servo_status_overlay) by extension 'ignore'
[0.277s] Level 1:colcon.colcon_core.package_identification:_identify(src/rviz_servo_status_overlay) by extension 'ignore_ament_install'
[0.277s] Level 1:colcon.colcon_core.package_identification:_identify(src/rviz_servo_status_overlay) by extensions ['colcon_pkg']
[0.277s] Level 1:colcon.colcon_core.package_identification:_identify(src/rviz_servo_status_overlay) by extension 'colcon_pkg'
[0.277s] Level 1:colcon.colcon_core.package_identification:_identify(src/rviz_servo_status_overlay) by extensions ['colcon_meta']
[0.277s] Level 1:colcon.colcon_core.package_identification:_identify(src/rviz_servo_status_overlay) by extension 'colcon_meta'
[0.277s] Level 1:colcon.colcon_core.package_identification:_identify(src/rviz_servo_status_overlay) by extensions ['ros']
[0.277s] Level 1:colcon.colcon_core.package_identification:_identify(src/rviz_servo_status_overlay) by extension 'ros'
[0.277s] DEBUG:colcon.colcon_core.package_identification:Package 'src/rviz_servo_status_overlay' with type 'ros.ament_python' and name 'rviz_servo_status_overlay'
[0.277s] Level 1:colcon.colcon_core.package_identification:_identify(src/voice_command_listener) by extensions ['ignore', 'ignore_ament_install']
[0.277s] Level 1:colcon.colcon_core.package_identification:_identify(src/voice_command_listener) by extension 'ignore'
[0.277s] Level 1:colcon.colcon_core.package_identification:_identify(src/voice_command_listener) by extension 'ignore_ament_install'
[0.277s] Level 1:colcon.colcon_core.package_identification:_identify(src/voice_command_listener) by extensions ['colcon_pkg']
[0.277s] Level 1:colcon.colcon_core.package_identification:_identify(src/voice_command_listener) by extension 'colcon_pkg'
[0.277s] Level 1:colcon.colcon_core.package_identification:_identify(src/voice_command_listener) by extensions ['colcon_meta']
[0.277s] Level 1:colcon.colcon_core.package_identification:_identify(src/voice_command_listener) by extension 'colcon_meta'
[0.277s] Level 1:colcon.colcon_core.package_identification:_identify(src/voice_command_listener) by extensions ['ros']
[0.277s] Level 1:colcon.colcon_core.package_identification:_identify(src/voice_command_listener) by extension 'ros'
[0.278s] DEBUG:colcon.colcon_core.package_identification:Package 'src/voice_command_listener' with type 'ros.ament_python' and name 'voice_command_listener'
[0.278s] Level 1:colcon.colcon_core.package_identification:_identify(src/xarm_ros2) by extensions ['ignore', 'ignore_ament_install']
[0.278s] Level 1:colcon.colcon_core.package_identification:_identify(src/xarm_ros2) by extension 'ignore'
[0.278s] Level 1:colcon.colcon_core.package_identification:_identify(src/xarm_ros2) by extension 'ignore_ament_install'
[0.278s] Level 1:colcon.colcon_core.package_identification:_identify(src/xarm_ros2) by extensions ['colcon_pkg']
[0.278s] Level 1:colcon.colcon_core.package_identification:_identify(src/xarm_ros2) by extension 'colcon_pkg'
[0.278s] Level 1:colcon.colcon_core.package_identification:_identify(src/xarm_ros2) by extensions ['colcon_meta']
[0.278s] Level 1:colcon.colcon_core.package_identification:_identify(src/xarm_ros2) by extension 'colcon_meta'
[0.278s] Level 1:colcon.colcon_core.package_identification:_identify(src/xarm_ros2) by extensions ['ros']
[0.278s] Level 1:colcon.colcon_core.package_identification:_identify(src/xarm_ros2) by extension 'ros'
[0.278s] Level 1:colcon.colcon_core.package_identification:_identify(src/xarm_ros2) by extensions ['cmake', 'python']
[0.278s] Level 1:colcon.colcon_core.package_identification:_identify(src/xarm_ros2) by extension 'cmake'
[0.278s] Level 1:colcon.colcon_core.package_identification:_identify(src/xarm_ros2) by extension 'python'
[0.278s] Level 1:colcon.colcon_core.package_identification:_identify(src/xarm_ros2) by extensions ['python_setup_py']
[0.278s] Level 1:colcon.colcon_core.package_identification:_identify(src/xarm_ros2) by extension 'python_setup_py'
[0.278s] Level 1:colcon.colcon_core.package_identification:_identify(src/xarm_ros2/demo) by extensions ['ignore', 'ignore_ament_install']
[0.278s] Level 1:colcon.colcon_core.package_identification:_identify(src/xarm_ros2/demo) by extension 'ignore'
[0.278s] Level 1:colcon.colcon_core.package_identification:_identify(src/xarm_ros2/demo) by extension 'ignore_ament_install'
[0.278s] Level 1:colcon.colcon_core.package_identification:_identify(src/xarm_ros2/demo) by extensions ['colcon_pkg']
[0.278s] Level 1:colcon.colcon_core.package_identification:_identify(src/xarm_ros2/demo) by extension 'colcon_pkg'
[0.278s] Level 1:colcon.colcon_core.package_identification:_identify(src/xarm_ros2/demo) by extensions ['colcon_meta']
[0.278s] Level 1:colcon.colcon_core.package_identification:_identify(src/xarm_ros2/demo) by extension 'colcon_meta'
[0.278s] Level 1:colcon.colcon_core.package_identification:_identify(src/xarm_ros2/demo) by extensions ['ros']
[0.278s] Level 1:colcon.colcon_core.package_identification:_identify(src/xarm_ros2/demo) by extension 'ros'
[0.278s] Level 1:colcon.colcon_core.package_identification:_identify(src/xarm_ros2/demo) by extensions ['cmake', 'python']
[0.278s] Level 1:colcon.colcon_core.package_identification:_identify(src/xarm_ros2/demo) by extension 'cmake'
[0.278s] Level 1:colcon.colcon_core.package_identification:_identify(src/xarm_ros2/demo) by extension 'python'
[0.278s] Level 1:colcon.colcon_core.package_identification:_identify(src/xarm_ros2/demo) by extensions ['python_setup_py']
[0.278s] Level 1:colcon.colcon_core.package_identification:_identify(src/xarm_ros2/demo) by extension 'python_setup_py'
[0.278s] Level 1:colcon.colcon_core.package_identification:_identify(src/xarm_ros2/demo/mbot_demo) by extensions ['ignore', 'ignore_ament_install']
[0.278s] Level 1:colcon.colcon_core.package_identification:_identify(src/xarm_ros2/demo/mbot_demo) by extension 'ignore'
[0.278s] Level 1:colcon.colcon_core.package_identification:_identify(src/xarm_ros2/demo/mbot_demo) by extension 'ignore_ament_install'
[0.278s] Level 1:colcon.colcon_core.package_identification:_identify(src/xarm_ros2/demo/mbot_demo) by extensions ['colcon_pkg']
[0.278s] Level 1:colcon.colcon_core.package_identification:_identify(src/xarm_ros2/demo/mbot_demo) by extension 'colcon_pkg'
[0.278s] Level 1:colcon.colcon_core.package_identification:_identify(src/xarm_ros2/demo/mbot_demo) by extensions ['colcon_meta']
[0.278s] Level 1:colcon.colcon_core.package_identification:_identify(src/xarm_ros2/demo/mbot_demo) by extension 'colcon_meta'
[0.278s] Level 1:colcon.colcon_core.package_identification:_identify(src/xarm_ros2/demo/mbot_demo) by extensions ['ros']
[0.278s] Level 1:colcon.colcon_core.package_identification:_identify(src/xarm_ros2/demo/mbot_demo) by extension 'ros'
[0.279s] DEBUG:colcon.colcon_core.package_identification:Package 'src/xarm_ros2/demo/mbot_demo' with type 'ros.ament_cmake' and name 'mbot_demo'
[0.279s] Level 1:colcon.colcon_core.package_identification:_identify(src/xarm_ros2/thirdparty) by extensions ['ignore', 'ignore_ament_install']
[0.279s] Level 1:colcon.colcon_core.package_identification:_identify(src/xarm_ros2/thirdparty) by extension 'ignore'
[0.279s] Level 1:colcon.colcon_core.package_identification:_identify(src/xarm_ros2/thirdparty) by extension 'ignore_ament_install'
[0.279s] Level 1:colcon.colcon_core.package_identification:_identify(src/xarm_ros2/thirdparty) by extensions ['colcon_pkg']
[0.279s] Level 1:colcon.colcon_core.package_identification:_identify(src/xarm_ros2/thirdparty) by extension 'colcon_pkg'
[0.279s] Level 1:colcon.colcon_core.package_identification:_identify(src/xarm_ros2/thirdparty) by extensions ['colcon_meta']
[0.279s] Level 1:colcon.colcon_core.package_identification:_identify(src/xarm_ros2/thirdparty) by extension 'colcon_meta'
[0.279s] Level 1:colcon.colcon_core.package_identification:_identify(src/xarm_ros2/thirdparty) by extensions ['ros']
[0.279s] Level 1:colcon.colcon_core.package_identification:_identify(src/xarm_ros2/thirdparty) by extension 'ros'
[0.279s] Level 1:colcon.colcon_core.package_identification:_identify(src/xarm_ros2/thirdparty) by extensions ['cmake', 'python']
[0.279s] Level 1:colcon.colcon_core.package_identification:_identify(src/xarm_ros2/thirdparty) by extension 'cmake'
[0.279s] Level 1:colcon.colcon_core.package_identification:_identify(src/xarm_ros2/thirdparty) by extension 'python'
[0.279s] Level 1:colcon.colcon_core.package_identification:_identify(src/xarm_ros2/thirdparty) by extensions ['python_setup_py']
[0.279s] Level 1:colcon.colcon_core.package_identification:_identify(src/xarm_ros2/thirdparty) by extension 'python_setup_py'
[0.279s] Level 1:colcon.colcon_core.package_identification:_identify(src/xarm_ros2/thirdparty/realsense_gazebo_plugin) by extensions ['ignore', 'ignore_ament_install']
[0.279s] Level 1:colcon.colcon_core.package_identification:_identify(src/xarm_ros2/thirdparty/realsense_gazebo_plugin) by extension 'ignore'
[0.279s] Level 1:colcon.colcon_core.package_identification:_identify(src/xarm_ros2/thirdparty/realsense_gazebo_plugin) by extension 'ignore_ament_install'
[0.279s] Level 1:colcon.colcon_core.package_identification:_identify(src/xarm_ros2/thirdparty/realsense_gazebo_plugin) by extensions ['colcon_pkg']
[0.279s] Level 1:colcon.colcon_core.package_identification:_identify(src/xarm_ros2/thirdparty/realsense_gazebo_plugin) by extension 'colcon_pkg'
[0.279s] Level 1:colcon.colcon_core.package_identification:_identify(src/xarm_ros2/thirdparty/realsense_gazebo_plugin) by extensions ['colcon_meta']
[0.279s] Level 1:colcon.colcon_core.package_identification:_identify(src/xarm_ros2/thirdparty/realsense_gazebo_plugin) by extension 'colcon_meta'
[0.279s] Level 1:colcon.colcon_core.package_identification:_identify(src/xarm_ros2/thirdparty/realsense_gazebo_plugin) by extensions ['ros']
[0.279s] Level 1:colcon.colcon_core.package_identification:_identify(src/xarm_ros2/thirdparty/realsense_gazebo_plugin) by extension 'ros'
[0.280s] DEBUG:colcon.colcon_core.package_identification:Package 'src/xarm_ros2/thirdparty/realsense_gazebo_plugin' with type 'ros.ament_cmake' and name 'realsense_gazebo_plugin'
[0.280s] Level 1:colcon.colcon_core.package_identification:_identify(src/xarm_ros2/uf_ros_lib) by extensions ['ignore', 'ignore_ament_install']
[0.280s] Level 1:colcon.colcon_core.package_identification:_identify(src/xarm_ros2/uf_ros_lib) by extension 'ignore'
[0.280s] Level 1:colcon.colcon_core.package_identification:_identify(src/xarm_ros2/uf_ros_lib) by extension 'ignore_ament_install'
[0.280s] Level 1:colcon.colcon_core.package_identification:_identify(src/xarm_ros2/uf_ros_lib) by extensions ['colcon_pkg']
[0.280s] Level 1:colcon.colcon_core.package_identification:_identify(src/xarm_ros2/uf_ros_lib) by extension 'colcon_pkg'
[0.280s] Level 1:colcon.colcon_core.package_identification:_identify(src/xarm_ros2/uf_ros_lib) by extensions ['colcon_meta']
[0.280s] Level 1:colcon.colcon_core.package_identification:_identify(src/xarm_ros2/uf_ros_lib) by extension 'colcon_meta'
[0.280s] Level 1:colcon.colcon_core.package_identification:_identify(src/xarm_ros2/uf_ros_lib) by extensions ['ros']
[0.280s] Level 1:colcon.colcon_core.package_identification:_identify(src/xarm_ros2/uf_ros_lib) by extension 'ros'
[0.280s] DEBUG:colcon.colcon_core.package_identification:Package 'src/xarm_ros2/uf_ros_lib' with type 'ros.ament_python' and name 'uf_ros_lib'
[0.280s] Level 1:colcon.colcon_core.package_identification:_identify(src/xarm_ros2/xarm_api) by extensions ['ignore', 'ignore_ament_install']
[0.280s] Level 1:colcon.colcon_core.package_identification:_identify(src/xarm_ros2/xarm_api) by extension 'ignore'
[0.280s] Level 1:colcon.colcon_core.package_identification:_identify(src/xarm_ros2/xarm_api) by extension 'ignore_ament_install'
[0.280s] Level 1:colcon.colcon_core.package_identification:_identify(src/xarm_ros2/xarm_api) by extensions ['colcon_pkg']
[0.280s] Level 1:colcon.colcon_core.package_identification:_identify(src/xarm_ros2/xarm_api) by extension 'colcon_pkg'
[0.280s] Level 1:colcon.colcon_core.package_identification:_identify(src/xarm_ros2/xarm_api) by extensions ['colcon_meta']
[0.280s] Level 1:colcon.colcon_core.package_identification:_identify(src/xarm_ros2/xarm_api) by extension 'colcon_meta'
[0.280s] Level 1:colcon.colcon_core.package_identification:_identify(src/xarm_ros2/xarm_api) by extensions ['ros']
[0.280s] Level 1:colcon.colcon_core.package_identification:_identify(src/xarm_ros2/xarm_api) by extension 'ros'
[0.281s] DEBUG:colcon.colcon_core.package_identification:Package 'src/xarm_ros2/xarm_api' with type 'ros.ament_cmake' and name 'xarm_api'
[0.281s] Level 1:colcon.colcon_core.package_identification:_identify(src/xarm_ros2/xarm_controller) by extensions ['ignore', 'ignore_ament_install']
[0.281s] Level 1:colcon.colcon_core.package_identification:_identify(src/xarm_ros2/xarm_controller) by extension 'ignore'
[0.281s] Level 1:colcon.colcon_core.package_identification:_identify(src/xarm_ros2/xarm_controller) by extension 'ignore_ament_install'
[0.281s] Level 1:colcon.colcon_core.package_identification:_identify(src/xarm_ros2/xarm_controller) by extensions ['colcon_pkg']
[0.281s] Level 1:colcon.colcon_core.package_identification:_identify(src/xarm_ros2/xarm_controller) by extension 'colcon_pkg'
[0.281s] Level 1:colcon.colcon_core.package_identification:_identify(src/xarm_ros2/xarm_controller) by extensions ['colcon_meta']
[0.281s] Level 1:colcon.colcon_core.package_identification:_identify(src/xarm_ros2/xarm_controller) by extension 'colcon_meta'
[0.281s] Level 1:colcon.colcon_core.package_identification:_identify(src/xarm_ros2/xarm_controller) by extensions ['ros']
[0.281s] Level 1:colcon.colcon_core.package_identification:_identify(src/xarm_ros2/xarm_controller) by extension 'ros'
[0.282s] DEBUG:colcon.colcon_core.package_identification:Package 'src/xarm_ros2/xarm_controller' with type 'ros.ament_cmake' and name 'xarm_controller'
[0.282s] Level 1:colcon.colcon_core.package_identification:_identify(src/xarm_ros2/xarm_description) by extensions ['ignore', 'ignore_ament_install']
[0.282s] Level 1:colcon.colcon_core.package_identification:_identify(src/xarm_ros2/xarm_description) by extension 'ignore'
[0.282s] Level 1:colcon.colcon_core.package_identification:_identify(src/xarm_ros2/xarm_description) by extension 'ignore_ament_install'
[0.282s] Level 1:colcon.colcon_core.package_identification:_identify(src/xarm_ros2/xarm_description) by extensions ['colcon_pkg']
[0.282s] Level 1:colcon.colcon_core.package_identification:_identify(src/xarm_ros2/xarm_description) by extension 'colcon_pkg'
[0.282s] Level 1:colcon.colcon_core.package_identification:_identify(src/xarm_ros2/xarm_description) by extensions ['colcon_meta']
[0.282s] Level 1:colcon.colcon_core.package_identification:_identify(src/xarm_ros2/xarm_description) by extension 'colcon_meta'
[0.282s] Level 1:colcon.colcon_core.package_identification:_identify(src/xarm_ros2/xarm_description) by extensions ['ros']
[0.282s] Level 1:colcon.colcon_core.package_identification:_identify(src/xarm_ros2/xarm_description) by extension 'ros'
[0.282s] DEBUG:colcon.colcon_core.package_identification:Package 'src/xarm_ros2/xarm_description' with type 'ros.ament_cmake' and name 'xarm_description'
[0.282s] Level 1:colcon.colcon_core.package_identification:_identify(src/xarm_ros2/xarm_gazebo) by extensions ['ignore', 'ignore_ament_install']
[0.282s] Level 1:colcon.colcon_core.package_identification:_identify(src/xarm_ros2/xarm_gazebo) by extension 'ignore'
[0.282s] Level 1:colcon.colcon_core.package_identification:_identify(src/xarm_ros2/xarm_gazebo) by extension 'ignore_ament_install'
[0.282s] Level 1:colcon.colcon_core.package_identification:_identify(src/xarm_ros2/xarm_gazebo) by extensions ['colcon_pkg']
[0.282s] Level 1:colcon.colcon_core.package_identification:_identify(src/xarm_ros2/xarm_gazebo) by extension 'colcon_pkg'
[0.282s] Level 1:colcon.colcon_core.package_identification:_identify(src/xarm_ros2/xarm_gazebo) by extensions ['colcon_meta']
[0.282s] Level 1:colcon.colcon_core.package_identification:_identify(src/xarm_ros2/xarm_gazebo) by extension 'colcon_meta'
[0.282s] Level 1:colcon.colcon_core.package_identification:_identify(src/xarm_ros2/xarm_gazebo) by extensions ['ros']
[0.282s] Level 1:colcon.colcon_core.package_identification:_identify(src/xarm_ros2/xarm_gazebo) by extension 'ros'
[0.283s] DEBUG:colcon.colcon_core.package_identification:Package 'src/xarm_ros2/xarm_gazebo' with type 'ros.ament_cmake' and name 'xarm_gazebo'
[0.283s] Level 1:colcon.colcon_core.package_identification:_identify(src/xarm_ros2/xarm_moveit_config) by extensions ['ignore', 'ignore_ament_install']
[0.283s] Level 1:colcon.colcon_core.package_identification:_identify(src/xarm_ros2/xarm_moveit_config) by extension 'ignore'
[0.283s] Level 1:colcon.colcon_core.package_identification:_identify(src/xarm_ros2/xarm_moveit_config) by extension 'ignore_ament_install'
[0.283s] Level 1:colcon.colcon_core.package_identification:_identify(src/xarm_ros2/xarm_moveit_config) by extensions ['colcon_pkg']
[0.283s] Level 1:colcon.colcon_core.package_identification:_identify(src/xarm_ros2/xarm_moveit_config) by extension 'colcon_pkg'
[0.283s] Level 1:colcon.colcon_core.package_identification:_identify(src/xarm_ros2/xarm_moveit_config) by extensions ['colcon_meta']
[0.283s] Level 1:colcon.colcon_core.package_identification:_identify(src/xarm_ros2/xarm_moveit_config) by extension 'colcon_meta'
[0.283s] Level 1:colcon.colcon_core.package_identification:_identify(src/xarm_ros2/xarm_moveit_config) by extensions ['ros']
[0.283s] Level 1:colcon.colcon_core.package_identification:_identify(src/xarm_ros2/xarm_moveit_config) by extension 'ros'
[0.283s] DEBUG:colcon.colcon_core.package_identification:Package 'src/xarm_ros2/xarm_moveit_config' with type 'ros.ament_cmake' and name 'xarm_moveit_config'
[0.283s] Level 1:colcon.colcon_core.package_identification:_identify(src/xarm_ros2/xarm_moveit_servo) by extensions ['ignore', 'ignore_ament_install']
[0.283s] Level 1:colcon.colcon_core.package_identification:_identify(src/xarm_ros2/xarm_moveit_servo) by extension 'ignore'
[0.284s] Level 1:colcon.colcon_core.package_identification:_identify(src/xarm_ros2/xarm_moveit_servo) by extension 'ignore_ament_install'
[0.284s] Level 1:colcon.colcon_core.package_identification:_identify(src/xarm_ros2/xarm_moveit_servo) by extensions ['colcon_pkg']
[0.284s] Level 1:colcon.colcon_core.package_identification:_identify(src/xarm_ros2/xarm_moveit_servo) by extension 'colcon_pkg'
[0.284s] Level 1:colcon.colcon_core.package_identification:_identify(src/xarm_ros2/xarm_moveit_servo) by extensions ['colcon_meta']
[0.284s] Level 1:colcon.colcon_core.package_identification:_identify(src/xarm_ros2/xarm_moveit_servo) by extension 'colcon_meta'
[0.284s] Level 1:colcon.colcon_core.package_identification:_identify(src/xarm_ros2/xarm_moveit_servo) by extensions ['ros']
[0.284s] Level 1:colcon.colcon_core.package_identification:_identify(src/xarm_ros2/xarm_moveit_servo) by extension 'ros'
[0.284s] DEBUG:colcon.colcon_core.package_identification:Package 'src/xarm_ros2/xarm_moveit_servo' with type 'ros.ament_cmake' and name 'xarm_moveit_servo'
[0.284s] Level 1:colcon.colcon_core.package_identification:_identify(src/xarm_ros2/xarm_msgs) by extensions ['ignore', 'ignore_ament_install']
[0.285s] Level 1:colcon.colcon_core.package_identification:_identify(src/xarm_ros2/xarm_msgs) by extension 'ignore'
[0.285s] Level 1:colcon.colcon_core.package_identification:_identify(src/xarm_ros2/xarm_msgs) by extension 'ignore_ament_install'
[0.285s] Level 1:colcon.colcon_core.package_identification:_identify(src/xarm_ros2/xarm_msgs) by extensions ['colcon_pkg']
[0.285s] Level 1:colcon.colcon_core.package_identification:_identify(src/xarm_ros2/xarm_msgs) by extension 'colcon_pkg'
[0.285s] Level 1:colcon.colcon_core.package_identification:_identify(src/xarm_ros2/xarm_msgs) by extensions ['colcon_meta']
[0.285s] Level 1:colcon.colcon_core.package_identification:_identify(src/xarm_ros2/xarm_msgs) by extension 'colcon_meta'
[0.285s] Level 1:colcon.colcon_core.package_identification:_identify(src/xarm_ros2/xarm_msgs) by extensions ['ros']
[0.285s] Level 1:colcon.colcon_core.package_identification:_identify(src/xarm_ros2/xarm_msgs) by extension 'ros'
[0.285s] DEBUG:colcon.colcon_core.package_identification:Package 'src/xarm_ros2/xarm_msgs' with type 'ros.ament_cmake' and name 'xarm_msgs'
[0.285s] Level 1:colcon.colcon_core.package_identification:_identify(src/xarm_ros2/xarm_planner) by extensions ['ignore', 'ignore_ament_install']
[0.285s] Level 1:colcon.colcon_core.package_identification:_identify(src/xarm_ros2/xarm_planner) by extension 'ignore'
[0.285s] Level 1:colcon.colcon_core.package_identification:_identify(src/xarm_ros2/xarm_planner) by extension 'ignore_ament_install'
[0.285s] Level 1:colcon.colcon_core.package_identification:_identify(src/xarm_ros2/xarm_planner) by extensions ['colcon_pkg']
[0.285s] Level 1:colcon.colcon_core.package_identification:_identify(src/xarm_ros2/xarm_planner) by extension 'colcon_pkg'
[0.285s] Level 1:colcon.colcon_core.package_identification:_identify(src/xarm_ros2/xarm_planner) by extensions ['colcon_meta']
[0.285s] Level 1:colcon.colcon_core.package_identification:_identify(src/xarm_ros2/xarm_planner) by extension 'colcon_meta'
[0.285s] Level 1:colcon.colcon_core.package_identification:_identify(src/xarm_ros2/xarm_planner) by extensions ['ros']
[0.285s] Level 1:colcon.colcon_core.package_identification:_identify(src/xarm_ros2/xarm_planner) by extension 'ros'
[0.286s] DEBUG:colcon.colcon_core.package_identification:Package 'src/xarm_ros2/xarm_planner' with type 'ros.ament_cmake' and name 'xarm_planner'
[0.286s] Level 1:colcon.colcon_core.package_identification:_identify(src/xarm_ros2/xarm_sdk) by extensions ['ignore', 'ignore_ament_install']
[0.286s] Level 1:colcon.colcon_core.package_identification:_identify(src/xarm_ros2/xarm_sdk) by extension 'ignore'
[0.286s] Level 1:colcon.colcon_core.package_identification:_identify(src/xarm_ros2/xarm_sdk) by extension 'ignore_ament_install'
[0.286s] Level 1:colcon.colcon_core.package_identification:_identify(src/xarm_ros2/xarm_sdk) by extensions ['colcon_pkg']
[0.286s] Level 1:colcon.colcon_core.package_identification:_identify(src/xarm_ros2/xarm_sdk) by extension 'colcon_pkg'
[0.286s] Level 1:colcon.colcon_core.package_identification:_identify(src/xarm_ros2/xarm_sdk) by extensions ['colcon_meta']
[0.286s] Level 1:colcon.colcon_core.package_identification:_identify(src/xarm_ros2/xarm_sdk) by extension 'colcon_meta'
[0.286s] Level 1:colcon.colcon_core.package_identification:_identify(src/xarm_ros2/xarm_sdk) by extensions ['ros']
[0.286s] Level 1:colcon.colcon_core.package_identification:_identify(src/xarm_ros2/xarm_sdk) by extension 'ros'
[0.286s] DEBUG:colcon.colcon_core.package_identification:Package 'src/xarm_ros2/xarm_sdk' with type 'ros.ament_cmake' and name 'xarm_sdk'
[0.286s] Level 1:colcon.colcon_core.package_identification:_identify(src/yolo_object_detector) by extensions ['ignore', 'ignore_ament_install']
[0.286s] Level 1:colcon.colcon_core.package_identification:_identify(src/yolo_object_detector) by extension 'ignore'
[0.286s] Level 1:colcon.colcon_core.package_identification:_identify(src/yolo_object_detector) by extension 'ignore_ament_install'
[0.286s] Level 1:colcon.colcon_core.package_identification:_identify(src/yolo_object_detector) by extensions ['colcon_pkg']
[0.286s] Level 1:colcon.colcon_core.package_identification:_identify(src/yolo_object_detector) by extension 'colcon_pkg'
[0.286s] Level 1:colcon.colcon_core.package_identification:_identify(src/yolo_object_detector) by extensions ['colcon_meta']
[0.286s] Level 1:colcon.colcon_core.package_identification:_identify(src/yolo_object_detector) by extension 'colcon_meta'
[0.286s] Level 1:colcon.colcon_core.package_identification:_identify(src/yolo_object_detector) by extensions ['ros']
[0.286s] Level 1:colcon.colcon_core.package_identification:_identify(src/yolo_object_detector) by extension 'ros'
[0.287s] DEBUG:colcon.colcon_core.package_identification:Package 'src/yolo_object_detector' with type 'ros.ament_python' and name 'yolo_object_detector'
[0.287s] Level 1:colcon.colcon_core.package_identification:_identify(src/zed-ros2-interfaces) by extensions ['ignore', 'ignore_ament_install']
[0.287s] Level 1:colcon.colcon_core.package_identification:_identify(src/zed-ros2-interfaces) by extension 'ignore'
[0.287s] Level 1:colcon.colcon_core.package_identification:_identify(src/zed-ros2-interfaces) by extension 'ignore_ament_install'
[0.287s] Level 1:colcon.colcon_core.package_identification:_identify(src/zed-ros2-interfaces) by extensions ['colcon_pkg']
[0.287s] Level 1:colcon.colcon_core.package_identification:_identify(src/zed-ros2-interfaces) by extension 'colcon_pkg'
[0.287s] Level 1:colcon.colcon_core.package_identification:_identify(src/zed-ros2-interfaces) by extensions ['colcon_meta']
[0.287s] Level 1:colcon.colcon_core.package_identification:_identify(src/zed-ros2-interfaces) by extension 'colcon_meta'
[0.287s] Level 1:colcon.colcon_core.package_identification:_identify(src/zed-ros2-interfaces) by extensions ['ros']
[0.287s] Level 1:colcon.colcon_core.package_identification:_identify(src/zed-ros2-interfaces) by extension 'ros'
[0.287s] DEBUG:colcon.colcon_core.package_identification:Package 'src/zed-ros2-interfaces' with type 'ros.ament_cmake' and name 'zed_interfaces'
[0.287s] Level 1:colcon.colcon_core.package_identification:_identify(src/zed-ros2-wrapper) by extensions ['ignore', 'ignore_ament_install']
[0.287s] Level 1:colcon.colcon_core.package_identification:_identify(src/zed-ros2-wrapper) by extension 'ignore'
[0.287s] Level 1:colcon.colcon_core.package_identification:_identify(src/zed-ros2-wrapper) by extension 'ignore_ament_install'
[0.287s] Level 1:colcon.colcon_core.package_identification:_identify(src/zed-ros2-wrapper) by extensions ['colcon_pkg']
[0.287s] Level 1:colcon.colcon_core.package_identification:_identify(src/zed-ros2-wrapper) by extension 'colcon_pkg'
[0.287s] Level 1:colcon.colcon_core.package_identification:_identify(src/zed-ros2-wrapper) by extensions ['colcon_meta']
[0.287s] Level 1:colcon.colcon_core.package_identification:_identify(src/zed-ros2-wrapper) by extension 'colcon_meta'
[0.287s] Level 1:colcon.colcon_core.package_identification:_identify(src/zed-ros2-wrapper) by extensions ['ros']
[0.287s] Level 1:colcon.colcon_core.package_identification:_identify(src/zed-ros2-wrapper) by extension 'ros'
[0.288s] Level 1:colcon.colcon_core.package_identification:_identify(src/zed-ros2-wrapper) by extensions ['cmake', 'python']
[0.288s] Level 1:colcon.colcon_core.package_identification:_identify(src/zed-ros2-wrapper) by extension 'cmake'
[0.288s] Level 1:colcon.colcon_core.package_identification:_identify(src/zed-ros2-wrapper) by extension 'python'
[0.288s] Level 1:colcon.colcon_core.package_identification:_identify(src/zed-ros2-wrapper) by extensions ['python_setup_py']
[0.288s] Level 1:colcon.colcon_core.package_identification:_identify(src/zed-ros2-wrapper) by extension 'python_setup_py'
[0.288s] Level 1:colcon.colcon_core.package_identification:_identify(src/zed-ros2-wrapper/docker) by extensions ['ignore', 'ignore_ament_install']
[0.288s] Level 1:colcon.colcon_core.package_identification:_identify(src/zed-ros2-wrapper/docker) by extension 'ignore'
[0.288s] Level 1:colcon.colcon_core.package_identification:_identify(src/zed-ros2-wrapper/docker) by extension 'ignore_ament_install'
[0.288s] Level 1:colcon.colcon_core.package_identification:_identify(src/zed-ros2-wrapper/docker) by extensions ['colcon_pkg']
[0.288s] Level 1:colcon.colcon_core.package_identification:_identify(src/zed-ros2-wrapper/docker) by extension 'colcon_pkg'
[0.288s] Level 1:colcon.colcon_core.package_identification:_identify(src/zed-ros2-wrapper/docker) by extensions ['colcon_meta']
[0.288s] Level 1:colcon.colcon_core.package_identification:_identify(src/zed-ros2-wrapper/docker) by extension 'colcon_meta'
[0.288s] Level 1:colcon.colcon_core.package_identification:_identify(src/zed-ros2-wrapper/docker) by extensions ['ros']
[0.288s] Level 1:colcon.colcon_core.package_identification:_identify(src/zed-ros2-wrapper/docker) by extension 'ros'
[0.288s] Level 1:colcon.colcon_core.package_identification:_identify(src/zed-ros2-wrapper/docker) by extensions ['cmake', 'python']
[0.288s] Level 1:colcon.colcon_core.package_identification:_identify(src/zed-ros2-wrapper/docker) by extension 'cmake'
[0.288s] Level 1:colcon.colcon_core.package_identification:_identify(src/zed-ros2-wrapper/docker) by extension 'python'
[0.288s] Level 1:colcon.colcon_core.package_identification:_identify(src/zed-ros2-wrapper/docker) by extensions ['python_setup_py']
[0.288s] Level 1:colcon.colcon_core.package_identification:_identify(src/zed-ros2-wrapper/docker) by extension 'python_setup_py'
[0.288s] Level 1:colcon.colcon_core.package_identification:_identify(src/zed-ros2-wrapper/images) by extensions ['ignore', 'ignore_ament_install']
[0.288s] Level 1:colcon.colcon_core.package_identification:_identify(src/zed-ros2-wrapper/images) by extension 'ignore'
[0.288s] Level 1:colcon.colcon_core.package_identification:_identify(src/zed-ros2-wrapper/images) by extension 'ignore_ament_install'
[0.288s] Level 1:colcon.colcon_core.package_identification:_identify(src/zed-ros2-wrapper/images) by extensions ['colcon_pkg']
[0.288s] Level 1:colcon.colcon_core.package_identification:_identify(src/zed-ros2-wrapper/images) by extension 'colcon_pkg'
[0.288s] Level 1:colcon.colcon_core.package_identification:_identify(src/zed-ros2-wrapper/images) by extensions ['colcon_meta']
[0.288s] Level 1:colcon.colcon_core.package_identification:_identify(src/zed-ros2-wrapper/images) by extension 'colcon_meta'
[0.288s] Level 1:colcon.colcon_core.package_identification:_identify(src/zed-ros2-wrapper/images) by extensions ['ros']
[0.288s] Level 1:colcon.colcon_core.package_identification:_identify(src/zed-ros2-wrapper/images) by extension 'ros'
[0.288s] Level 1:colcon.colcon_core.package_identification:_identify(src/zed-ros2-wrapper/images) by extensions ['cmake', 'python']
[0.288s] Level 1:colcon.colcon_core.package_identification:_identify(src/zed-ros2-wrapper/images) by extension 'cmake'
[0.288s] Level 1:colcon.colcon_core.package_identification:_identify(src/zed-ros2-wrapper/images) by extension 'python'
[0.288s] Level 1:colcon.colcon_core.package_identification:_identify(src/zed-ros2-wrapper/images) by extensions ['python_setup_py']
[0.288s] Level 1:colcon.colcon_core.package_identification:_identify(src/zed-ros2-wrapper/images) by extension 'python_setup_py'
[0.288s] Level 1:colcon.colcon_core.package_identification:_identify(src/zed-ros2-wrapper/zed_components) by extensions ['ignore', 'ignore_ament_install']
[0.288s] Level 1:colcon.colcon_core.package_identification:_identify(src/zed-ros2-wrapper/zed_components) by extension 'ignore'
[0.288s] Level 1:colcon.colcon_core.package_identification:_identify(src/zed-ros2-wrapper/zed_components) by extension 'ignore_ament_install'
[0.288s] Level 1:colcon.colcon_core.package_identification:_identify(src/zed-ros2-wrapper/zed_components) by extensions ['colcon_pkg']
[0.288s] Level 1:colcon.colcon_core.package_identification:_identify(src/zed-ros2-wrapper/zed_components) by extension 'colcon_pkg'
[0.288s] Level 1:colcon.colcon_core.package_identification:_identify(src/zed-ros2-wrapper/zed_components) by extensions ['colcon_meta']
[0.288s] Level 1:colcon.colcon_core.package_identification:_identify(src/zed-ros2-wrapper/zed_components) by extension 'colcon_meta'
[0.288s] Level 1:colcon.colcon_core.package_identification:_identify(src/zed-ros2-wrapper/zed_components) by extensions ['ros']
[0.288s] Level 1:colcon.colcon_core.package_identification:_identify(src/zed-ros2-wrapper/zed_components) by extension 'ros'
[0.289s] DEBUG:colcon.colcon_core.package_identification:Package 'src/zed-ros2-wrapper/zed_components' with type 'ros.ament_cmake' and name 'zed_components'
[0.289s] Level 1:colcon.colcon_core.package_identification:_identify(src/zed-ros2-wrapper/zed_ros2) by extensions ['ignore', 'ignore_ament_install']
[0.289s] Level 1:colcon.colcon_core.package_identification:_identify(src/zed-ros2-wrapper/zed_ros2) by extension 'ignore'
[0.289s] Level 1:colcon.colcon_core.package_identification:_identify(src/zed-ros2-wrapper/zed_ros2) by extension 'ignore_ament_install'
[0.289s] Level 1:colcon.colcon_core.package_identification:_identify(src/zed-ros2-wrapper/zed_ros2) by extensions ['colcon_pkg']
[0.289s] Level 1:colcon.colcon_core.package_identification:_identify(src/zed-ros2-wrapper/zed_ros2) by extension 'colcon_pkg'
[0.289s] Level 1:colcon.colcon_core.package_identification:_identify(src/zed-ros2-wrapper/zed_ros2) by extensions ['colcon_meta']
[0.289s] Level 1:colcon.colcon_core.package_identification:_identify(src/zed-ros2-wrapper/zed_ros2) by extension 'colcon_meta'
[0.289s] Level 1:colcon.colcon_core.package_identification:_identify(src/zed-ros2-wrapper/zed_ros2) by extensions ['ros']
[0.289s] Level 1:colcon.colcon_core.package_identification:_identify(src/zed-ros2-wrapper/zed_ros2) by extension 'ros'
[0.289s] DEBUG:colcon.colcon_core.package_identification:Package 'src/zed-ros2-wrapper/zed_ros2' with type 'ros.ament_cmake' and name 'zed_ros2'
[0.289s] Level 1:colcon.colcon_core.package_identification:_identify(src/zed-ros2-wrapper/zed_wrapper) by extensions ['ignore', 'ignore_ament_install']
[0.290s] Level 1:colcon.colcon_core.package_identification:_identify(src/zed-ros2-wrapper/zed_wrapper) by extension 'ignore'
[0.290s] Level 1:colcon.colcon_core.package_identification:_identify(src/zed-ros2-wrapper/zed_wrapper) by extension 'ignore_ament_install'
[0.290s] Level 1:colcon.colcon_core.package_identification:_identify(src/zed-ros2-wrapper/zed_wrapper) by extensions ['colcon_pkg']
[0.290s] Level 1:colcon.colcon_core.package_identification:_identify(src/zed-ros2-wrapper/zed_wrapper) by extension 'colcon_pkg'
[0.290s] Level 1:colcon.colcon_core.package_identification:_identify(src/zed-ros2-wrapper/zed_wrapper) by extensions ['colcon_meta']
[0.290s] Level 1:colcon.colcon_core.package_identification:_identify(src/zed-ros2-wrapper/zed_wrapper) by extension 'colcon_meta'
[0.290s] Level 1:colcon.colcon_core.package_identification:_identify(src/zed-ros2-wrapper/zed_wrapper) by extensions ['ros']
[0.290s] Level 1:colcon.colcon_core.package_identification:_identify(src/zed-ros2-wrapper/zed_wrapper) by extension 'ros'
[0.290s] DEBUG:colcon.colcon_core.package_identification:Package 'src/zed-ros2-wrapper/zed_wrapper' with type 'ros.ament_cmake' and name 'zed_wrapper'
[0.290s] Level 1:colcon.colcon_core.package_discovery:discover_packages(recursive) using defaults
[0.290s] Level 1:colcon.colcon_core.package_discovery:discover_packages(ignore) discover
[0.290s] Level 1:colcon.colcon_core.package_discovery:discover_packages(ignore) using defaults
[0.290s] Level 1:colcon.colcon_core.package_discovery:discover_packages(path) discover
[0.290s] Level 1:colcon.colcon_core.package_discovery:discover_packages(path) using defaults
[0.309s] Level 1:colcon.colcon_core.package_discovery:discover_packages(prefix_path) check parameters
[0.309s] Level 1:colcon.colcon_core.package_discovery:discover_packages(prefix_path) discover
[0.311s] DEBUG:colcon.colcon_installed_package_information.package_discovery:Found 365 installed packages in /opt/ros/humble
[0.312s] Level 1:colcon.colcon_core.package_discovery:discover_packages(prefix_path) using defaults
[0.332s] Level 5:colcon.colcon_core.verb:set package 'audio_listener' build argument 'cmake_args' from command line to 'None'
[0.332s] Level 5:colcon.colcon_core.verb:set package 'audio_listener' build argument 'cmake_target' from command line to 'None'
[0.332s] Level 5:colcon.colcon_core.verb:set package 'audio_listener' build argument 'cmake_target_skip_unavailable' from command line to 'False'
[0.332s] Level 5:colcon.colcon_core.verb:set package 'audio_listener' build argument 'cmake_clean_cache' from command line to 'False'
[0.332s] Level 5:colcon.colcon_core.verb:set package 'audio_listener' build argument 'cmake_clean_first' from command line to 'False'
[0.332s] Level 5:colcon.colcon_core.verb:set package 'audio_listener' build argument 'cmake_force_configure' from command line to 'False'
[0.332s] Level 5:colcon.colcon_core.verb:set package 'audio_listener' build argument 'ament_cmake_args' from command line to 'None'
[0.332s] Level 5:colcon.colcon_core.verb:set package 'audio_listener' build argument 'catkin_cmake_args' from command line to 'None'
[0.332s] Level 5:colcon.colcon_core.verb:set package 'audio_listener' build argument 'catkin_skip_building_tests' from command line to 'False'
[0.332s] DEBUG:colcon.colcon_core.verb:Building package 'audio_listener' with the following arguments: {'ament_cmake_args': None, 'build_base': '/home/mk/dev_ws/build/audio_listener', 'catkin_cmake_args': None, 'catkin_skip_building_tests': False, 'cmake_args': None, 'cmake_clean_cache': False, 'cmake_clean_first': False, 'cmake_force_configure': False, 'cmake_target': None, 'cmake_target_skip_unavailable': False, 'install_base': '/home/mk/dev_ws/install/audio_listener', 'merge_install': False, 'path': '/home/mk/dev_ws/src/ros2_whisper/audio_listener', 'symlink_install': True, 'test_result_base': None}
[0.332s] Level 5:colcon.colcon_core.verb:set package 'collision_check' build argument 'cmake_args' from command line to 'None'
[0.332s] Level 5:colcon.colcon_core.verb:set package 'collision_check' build argument 'cmake_target' from command line to 'None'
[0.332s] Level 5:colcon.colcon_core.verb:set package 'collision_check' build argument 'cmake_target_skip_unavailable' from command line to 'False'
[0.332s] Level 5:colcon.colcon_core.verb:set package 'collision_check' build argument 'cmake_clean_cache' from command line to 'False'
[0.332s] Level 5:colcon.colcon_core.verb:set package 'collision_check' build argument 'cmake_clean_first' from command line to 'False'
[0.332s] Level 5:colcon.colcon_core.verb:set package 'collision_check' build argument 'cmake_force_configure' from command line to 'False'
[0.332s] Level 5:colcon.colcon_core.verb:set package 'collision_check' build argument 'ament_cmake_args' from command line to 'None'
[0.332s] Level 5:colcon.colcon_core.verb:set package 'collision_check' build argument 'catkin_cmake_args' from command line to 'None'
[0.332s] Level 5:colcon.colcon_core.verb:set package 'collision_check' build argument 'catkin_skip_building_tests' from command line to 'False'
[0.332s] DEBUG:colcon.colcon_core.verb:Building package 'collision_check' with the following arguments: {'ament_cmake_args': None, 'build_base': '/home/mk/dev_ws/build/collision_check', 'catkin_cmake_args': None, 'catkin_skip_building_tests': False, 'cmake_args': None, 'cmake_clean_cache': False, 'cmake_clean_first': False, 'cmake_force_configure': False, 'cmake_target': None, 'cmake_target_skip_unavailable': False, 'install_base': '/home/mk/dev_ws/install/collision_check', 'merge_install': False, 'path': '/home/mk/dev_ws/src/collision_check', 'symlink_install': True, 'test_result_base': None}
[0.332s] Level 5:colcon.colcon_core.verb:set package 'gaze_control' build argument 'cmake_args' from command line to 'None'
[0.332s] Level 5:colcon.colcon_core.verb:set package 'gaze_control' build argument 'cmake_target' from command line to 'None'
[0.332s] Level 5:colcon.colcon_core.verb:set package 'gaze_control' build argument 'cmake_target_skip_unavailable' from command line to 'False'
[0.332s] Level 5:colcon.colcon_core.verb:set package 'gaze_control' build argument 'cmake_clean_cache' from command line to 'False'
[0.332s] Level 5:colcon.colcon_core.verb:set package 'gaze_control' build argument 'cmake_clean_first' from command line to 'False'
[0.332s] Level 5:colcon.colcon_core.verb:set package 'gaze_control' build argument 'cmake_force_configure' from command line to 'False'
[0.332s] Level 5:colcon.colcon_core.verb:set package 'gaze_control' build argument 'ament_cmake_args' from command line to 'None'
[0.332s] Level 5:colcon.colcon_core.verb:set package 'gaze_control' build argument 'catkin_cmake_args' from command line to 'None'
[0.332s] Level 5:colcon.colcon_core.verb:set package 'gaze_control' build argument 'catkin_skip_building_tests' from command line to 'False'
[0.332s] DEBUG:colcon.colcon_core.verb:Building package 'gaze_control' with the following arguments: {'ament_cmake_args': None, 'build_base': '/home/mk/dev_ws/build/gaze_control', 'catkin_cmake_args': None, 'catkin_skip_building_tests': False, 'cmake_args': None, 'cmake_clean_cache': False, 'cmake_clean_first': False, 'cmake_force_configure': False, 'cmake_target': None, 'cmake_target_skip_unavailable': False, 'install_base': '/home/mk/dev_ws/install/gaze_control', 'merge_install': False, 'path': '/home/mk/dev_ws/src/gaze_control', 'symlink_install': True, 'test_result_base': None}
[0.333s] Level 5:colcon.colcon_core.verb:set package 'mbot_demo' build argument 'cmake_args' from command line to 'None'
[0.333s] Level 5:colcon.colcon_core.verb:set package 'mbot_demo' build argument 'cmake_target' from command line to 'None'
[0.333s] Level 5:colcon.colcon_core.verb:set package 'mbot_demo' build argument 'cmake_target_skip_unavailable' from command line to 'False'
[0.333s] Level 5:colcon.colcon_core.verb:set package 'mbot_demo' build argument 'cmake_clean_cache' from command line to 'False'
[0.333s] Level 5:colcon.colcon_core.verb:set package 'mbot_demo' build argument 'cmake_clean_first' from command line to 'False'
[0.333s] Level 5:colcon.colcon_core.verb:set package 'mbot_demo' build argument 'cmake_force_configure' from command line to 'False'
[0.333s] Level 5:colcon.colcon_core.verb:set package 'mbot_demo' build argument 'ament_cmake_args' from command line to 'None'
[0.333s] Level 5:colcon.colcon_core.verb:set package 'mbot_demo' build argument 'catkin_cmake_args' from command line to 'None'
[0.333s] Level 5:colcon.colcon_core.verb:set package 'mbot_demo' build argument 'catkin_skip_building_tests' from command line to 'False'
[0.333s] DEBUG:colcon.colcon_core.verb:Building package 'mbot_demo' with the following arguments: {'ament_cmake_args': None, 'build_base': '/home/mk/dev_ws/build/mbot_demo', 'catkin_cmake_args': None, 'catkin_skip_building_tests': False, 'cmake_args': None, 'cmake_clean_cache': False, 'cmake_clean_first': False, 'cmake_force_configure': False, 'cmake_target': None, 'cmake_target_skip_unavailable': False, 'install_base': '/home/mk/dev_ws/install/mbot_demo', 'merge_install': False, 'path': '/home/mk/dev_ws/src/xarm_ros2/demo/mbot_demo', 'symlink_install': True, 'test_result_base': None}
[0.333s] Level 5:colcon.colcon_core.verb:set package 'my_3d_vision_bringup' build argument 'cmake_args' from command line to 'None'
[0.333s] Level 5:colcon.colcon_core.verb:set package 'my_3d_vision_bringup' build argument 'cmake_target' from command line to 'None'
[0.333s] Level 5:colcon.colcon_core.verb:set package 'my_3d_vision_bringup' build argument 'cmake_target_skip_unavailable' from command line to 'False'
[0.333s] Level 5:colcon.colcon_core.verb:set package 'my_3d_vision_bringup' build argument 'cmake_clean_cache' from command line to 'False'
[0.333s] Level 5:colcon.colcon_core.verb:set package 'my_3d_vision_bringup' build argument 'cmake_clean_first' from command line to 'False'
[0.333s] Level 5:colcon.colcon_core.verb:set package 'my_3d_vision_bringup' build argument 'cmake_force_configure' from command line to 'False'
[0.333s] Level 5:colcon.colcon_core.verb:set package 'my_3d_vision_bringup' build argument 'ament_cmake_args' from command line to 'None'
[0.333s] Level 5:colcon.colcon_core.verb:set package 'my_3d_vision_bringup' build argument 'catkin_cmake_args' from command line to 'None'
[0.333s] Level 5:colcon.colcon_core.verb:set package 'my_3d_vision_bringup' build argument 'catkin_skip_building_tests' from command line to 'False'
[0.333s] DEBUG:colcon.colcon_core.verb:Building package 'my_3d_vision_bringup' with the following arguments: {'ament_cmake_args': None, 'build_base': '/home/mk/dev_ws/build/my_3d_vision_bringup', 'catkin_cmake_args': None, 'catkin_skip_building_tests': False, 'cmake_args': None, 'cmake_clean_cache': False, 'cmake_clean_first': False, 'cmake_force_configure': False, 'cmake_target': None, 'cmake_target_skip_unavailable': False, 'install_base': '/home/mk/dev_ws/install/my_3d_vision_bringup', 'merge_install': False, 'path': '/home/mk/dev_ws/src/my_3d_vision_bringup', 'symlink_install': True, 'test_result_base': None}
[0.333s] Level 5:colcon.colcon_core.verb:set package 'realsense_gazebo_plugin' build argument 'cmake_args' from command line to 'None'
[0.333s] Level 5:colcon.colcon_core.verb:set package 'realsense_gazebo_plugin' build argument 'cmake_target' from command line to 'None'
[0.333s] Level 5:colcon.colcon_core.verb:set package 'realsense_gazebo_plugin' build argument 'cmake_target_skip_unavailable' from command line to 'False'
[0.333s] Level 5:colcon.colcon_core.verb:set package 'realsense_gazebo_plugin' build argument 'cmake_clean_cache' from command line to 'False'
[0.333s] Level 5:colcon.colcon_core.verb:set package 'realsense_gazebo_plugin' build argument 'cmake_clean_first' from command line to 'False'
[0.333s] Level 5:colcon.colcon_core.verb:set package 'realsense_gazebo_plugin' build argument 'cmake_force_configure' from command line to 'False'
[0.333s] Level 5:colcon.colcon_core.verb:set package 'realsense_gazebo_plugin' build argument 'ament_cmake_args' from command line to 'None'
[0.333s] Level 5:colcon.colcon_core.verb:set package 'realsense_gazebo_plugin' build argument 'catkin_cmake_args' from command line to 'None'
[0.333s] Level 5:colcon.colcon_core.verb:set package 'realsense_gazebo_plugin' build argument 'catkin_skip_building_tests' from command line to 'False'
[0.333s] DEBUG:colcon.colcon_core.verb:Building package 'realsense_gazebo_plugin' with the following arguments: {'ament_cmake_args': None, 'build_base': '/home/mk/dev_ws/build/realsense_gazebo_plugin', 'catkin_cmake_args': None, 'catkin_skip_building_tests': False, 'cmake_args': None, 'cmake_clean_cache': False, 'cmake_clean_first': False, 'cmake_force_configure': False, 'cmake_target': None, 'cmake_target_skip_unavailable': False, 'install_base': '/home/mk/dev_ws/install/realsense_gazebo_plugin', 'merge_install': False, 'path': '/home/mk/dev_ws/src/xarm_ros2/thirdparty/realsense_gazebo_plugin', 'symlink_install': True, 'test_result_base': None}
[0.333s] Level 5:colcon.colcon_core.verb:set package 'robot_motion_handler_movegroup' build argument 'cmake_args' from command line to 'None'
[0.333s] Level 5:colcon.colcon_core.verb:set package 'robot_motion_handler_movegroup' build argument 'cmake_target' from command line to 'None'
[0.333s] Level 5:colcon.colcon_core.verb:set package 'robot_motion_handler_movegroup' build argument 'cmake_target_skip_unavailable' from command line to 'False'
[0.333s] Level 5:colcon.colcon_core.verb:set package 'robot_motion_handler_movegroup' build argument 'cmake_clean_cache' from command line to 'False'
[0.333s] Level 5:colcon.colcon_core.verb:set package 'robot_motion_handler_movegroup' build argument 'cmake_clean_first' from command line to 'False'
[0.333s] Level 5:colcon.colcon_core.verb:set package 'robot_motion_handler_movegroup' build argument 'cmake_force_configure' from command line to 'False'
[0.333s] Level 5:colcon.colcon_core.verb:set package 'robot_motion_handler_movegroup' build argument 'ament_cmake_args' from command line to 'None'
[0.333s] Level 5:colcon.colcon_core.verb:set package 'robot_motion_handler_movegroup' build argument 'catkin_cmake_args' from command line to 'None'
[0.333s] Level 5:colcon.colcon_core.verb:set package 'robot_motion_handler_movegroup' build argument 'catkin_skip_building_tests' from command line to 'False'
[0.333s] DEBUG:colcon.colcon_core.verb:Building package 'robot_motion_handler_movegroup' with the following arguments: {'ament_cmake_args': None, 'build_base': '/home/mk/dev_ws/build/robot_motion_handler_movegroup', 'catkin_cmake_args': None, 'catkin_skip_building_tests': False, 'cmake_args': None, 'cmake_clean_cache': False, 'cmake_clean_first': False, 'cmake_force_configure': False, 'cmake_target': None, 'cmake_target_skip_unavailable': False, 'install_base': '/home/mk/dev_ws/install/robot_motion_handler_movegroup', 'merge_install': False, 'path': '/home/mk/dev_ws/src/robot_motion_handler_movegroup', 'symlink_install': True, 'test_result_base': None}
[0.333s] Level 5:colcon.colcon_core.verb:set package 'rviz_marker_static_scene_objects' build argument 'cmake_args' from command line to 'None'
[0.333s] Level 5:colcon.colcon_core.verb:set package 'rviz_marker_static_scene_objects' build argument 'cmake_target' from command line to 'None'
[0.333s] Level 5:colcon.colcon_core.verb:set package 'rviz_marker_static_scene_objects' build argument 'cmake_target_skip_unavailable' from command line to 'False'
[0.333s] Level 5:colcon.colcon_core.verb:set package 'rviz_marker_static_scene_objects' build argument 'cmake_clean_cache' from command line to 'False'
[0.333s] Level 5:colcon.colcon_core.verb:set package 'rviz_marker_static_scene_objects' build argument 'cmake_clean_first' from command line to 'False'
[0.333s] Level 5:colcon.colcon_core.verb:set package 'rviz_marker_static_scene_objects' build argument 'cmake_force_configure' from command line to 'False'
[0.333s] Level 5:colcon.colcon_core.verb:set package 'rviz_marker_static_scene_objects' build argument 'ament_cmake_args' from command line to 'None'
[0.333s] Level 5:colcon.colcon_core.verb:set package 'rviz_marker_static_scene_objects' build argument 'catkin_cmake_args' from command line to 'None'
[0.333s] Level 5:colcon.colcon_core.verb:set package 'rviz_marker_static_scene_objects' build argument 'catkin_skip_building_tests' from command line to 'False'
[0.333s] DEBUG:colcon.colcon_core.verb:Building package 'rviz_marker_static_scene_objects' with the following arguments: {'ament_cmake_args': None, 'build_base': '/home/mk/dev_ws/build/rviz_marker_static_scene_objects', 'catkin_cmake_args': None, 'catkin_skip_building_tests': False, 'cmake_args': None, 'cmake_clean_cache': False, 'cmake_clean_first': False, 'cmake_force_configure': False, 'cmake_target': None, 'cmake_target_skip_unavailable': False, 'install_base': '/home/mk/dev_ws/install/rviz_marker_static_scene_objects', 'merge_install': False, 'path': '/home/mk/dev_ws/src/rviz_marker_static_scene_objects', 'symlink_install': True, 'test_result_base': None}
[0.334s] Level 5:colcon.colcon_core.verb:set package 'rviz_servo_status_overlay' build argument 'cmake_args' from command line to 'None'
[0.334s] Level 5:colcon.colcon_core.verb:set package 'rviz_servo_status_overlay' build argument 'cmake_target' from command line to 'None'
[0.334s] Level 5:colcon.colcon_core.verb:set package 'rviz_servo_status_overlay' build argument 'cmake_target_skip_unavailable' from command line to 'False'
[0.334s] Level 5:colcon.colcon_core.verb:set package 'rviz_servo_status_overlay' build argument 'cmake_clean_cache' from command line to 'False'
[0.334s] Level 5:colcon.colcon_core.verb:set package 'rviz_servo_status_overlay' build argument 'cmake_clean_first' from command line to 'False'
[0.334s] Level 5:colcon.colcon_core.verb:set package 'rviz_servo_status_overlay' build argument 'cmake_force_configure' from command line to 'False'
[0.334s] Level 5:colcon.colcon_core.verb:set package 'rviz_servo_status_overlay' build argument 'ament_cmake_args' from command line to 'None'
[0.334s] Level 5:colcon.colcon_core.verb:set package 'rviz_servo_status_overlay' build argument 'catkin_cmake_args' from command line to 'None'
[0.334s] Level 5:colcon.colcon_core.verb:set package 'rviz_servo_status_overlay' build argument 'catkin_skip_building_tests' from command line to 'False'
[0.334s] DEBUG:colcon.colcon_core.verb:Building package 'rviz_servo_status_overlay' with the following arguments: {'ament_cmake_args': None, 'build_base': '/home/mk/dev_ws/build/rviz_servo_status_overlay', 'catkin_cmake_args': None, 'catkin_skip_building_tests': False, 'cmake_args': None, 'cmake_clean_cache': False, 'cmake_clean_first': False, 'cmake_force_configure': False, 'cmake_target': None, 'cmake_target_skip_unavailable': False, 'install_base': '/home/mk/dev_ws/install/rviz_servo_status_overlay', 'merge_install': False, 'path': '/home/mk/dev_ws/src/rviz_servo_status_overlay', 'symlink_install': True, 'test_result_base': None}
[0.334s] Level 5:colcon.colcon_core.verb:set package 'uf_ros_lib' build argument 'cmake_args' from command line to 'None'
[0.334s] Level 5:colcon.colcon_core.verb:set package 'uf_ros_lib' build argument 'cmake_target' from command line to 'None'
[0.334s] Level 5:colcon.colcon_core.verb:set package 'uf_ros_lib' build argument 'cmake_target_skip_unavailable' from command line to 'False'
[0.334s] Level 5:colcon.colcon_core.verb:set package 'uf_ros_lib' build argument 'cmake_clean_cache' from command line to 'False'
[0.334s] Level 5:colcon.colcon_core.verb:set package 'uf_ros_lib' build argument 'cmake_clean_first' from command line to 'False'
[0.334s] Level 5:colcon.colcon_core.verb:set package 'uf_ros_lib' build argument 'cmake_force_configure' from command line to 'False'
[0.334s] Level 5:colcon.colcon_core.verb:set package 'uf_ros_lib' build argument 'ament_cmake_args' from command line to 'None'
[0.334s] Level 5:colcon.colcon_core.verb:set package 'uf_ros_lib' build argument 'catkin_cmake_args' from command line to 'None'
[0.334s] Level 5:colcon.colcon_core.verb:set package 'uf_ros_lib' build argument 'catkin_skip_building_tests' from command line to 'False'
[0.334s] DEBUG:colcon.colcon_core.verb:Building package 'uf_ros_lib' with the following arguments: {'ament_cmake_args': None, 'build_base': '/home/mk/dev_ws/build/uf_ros_lib', 'catkin_cmake_args': None, 'catkin_skip_building_tests': False, 'cmake_args': None, 'cmake_clean_cache': False, 'cmake_clean_first': False, 'cmake_force_configure': False, 'cmake_target': None, 'cmake_target_skip_unavailable': False, 'install_base': '/home/mk/dev_ws/install/uf_ros_lib', 'merge_install': False, 'path': '/home/mk/dev_ws/src/xarm_ros2/uf_ros_lib', 'symlink_install': True, 'test_result_base': None}
[0.334s] Level 5:colcon.colcon_core.verb:set package 'whisper_cpp_vendor' build argument 'cmake_args' from command line to 'None'
[0.334s] Level 5:colcon.colcon_core.verb:set package 'whisper_cpp_vendor' build argument 'cmake_target' from command line to 'None'
[0.334s] Level 5:colcon.colcon_core.verb:set package 'whisper_cpp_vendor' build argument 'cmake_target_skip_unavailable' from command line to 'False'
[0.334s] Level 5:colcon.colcon_core.verb:set package 'whisper_cpp_vendor' build argument 'cmake_clean_cache' from command line to 'False'
[0.334s] Level 5:colcon.colcon_core.verb:set package 'whisper_cpp_vendor' build argument 'cmake_clean_first' from command line to 'False'
[0.334s] Level 5:colcon.colcon_core.verb:set package 'whisper_cpp_vendor' build argument 'cmake_force_configure' from command line to 'False'
[0.334s] Level 5:colcon.colcon_core.verb:set package 'whisper_cpp_vendor' build argument 'ament_cmake_args' from command line to 'None'
[0.334s] Level 5:colcon.colcon_core.verb:set package 'whisper_cpp_vendor' build argument 'catkin_cmake_args' from command line to 'None'
[0.334s] Level 5:colcon.colcon_core.verb:set package 'whisper_cpp_vendor' build argument 'catkin_skip_building_tests' from command line to 'False'
[0.334s] DEBUG:colcon.colcon_core.verb:Building package 'whisper_cpp_vendor' with the following arguments: {'ament_cmake_args': None, 'build_base': '/home/mk/dev_ws/build/whisper_cpp_vendor', 'catkin_cmake_args': None, 'catkin_skip_building_tests': False, 'cmake_args': None, 'cmake_clean_cache': False, 'cmake_clean_first': False, 'cmake_force_configure': False, 'cmake_target': None, 'cmake_target_skip_unavailable': False, 'install_base': '/home/mk/dev_ws/install/whisper_cpp_vendor', 'merge_install': False, 'path': '/home/mk/dev_ws/src/ros2_whisper/whisper_cpp_vendor', 'symlink_install': True, 'test_result_base': None}
[0.334s] Level 5:colcon.colcon_core.verb:set package 'whisper_idl' build argument 'cmake_args' from command line to 'None'
[0.334s] Level 5:colcon.colcon_core.verb:set package 'whisper_idl' build argument 'cmake_target' from command line to 'None'
[0.334s] Level 5:colcon.colcon_core.verb:set package 'whisper_idl' build argument 'cmake_target_skip_unavailable' from command line to 'False'
[0.334s] Level 5:colcon.colcon_core.verb:set package 'whisper_idl' build argument 'cmake_clean_cache' from command line to 'False'
[0.334s] Level 5:colcon.colcon_core.verb:set package 'whisper_idl' build argument 'cmake_clean_first' from command line to 'False'
[0.334s] Level 5:colcon.colcon_core.verb:set package 'whisper_idl' build argument 'cmake_force_configure' from command line to 'False'
[0.334s] Level 5:colcon.colcon_core.verb:set package 'whisper_idl' build argument 'ament_cmake_args' from command line to 'None'
[0.334s] Level 5:colcon.colcon_core.verb:set package 'whisper_idl' build argument 'catkin_cmake_args' from command line to 'None'
[0.334s] Level 5:colcon.colcon_core.verb:set package 'whisper_idl' build argument 'catkin_skip_building_tests' from command line to 'False'
[0.334s] DEBUG:colcon.colcon_core.verb:Building package 'whisper_idl' with the following arguments: {'ament_cmake_args': None, 'build_base': '/home/mk/dev_ws/build/whisper_idl', 'catkin_cmake_args': None, 'catkin_skip_building_tests': False, 'cmake_args': None, 'cmake_clean_cache': False, 'cmake_clean_first': False, 'cmake_force_configure': False, 'cmake_target': None, 'cmake_target_skip_unavailable': False, 'install_base': '/home/mk/dev_ws/install/whisper_idl', 'merge_install': False, 'path': '/home/mk/dev_ws/src/ros2_whisper/whisper_idl', 'symlink_install': True, 'test_result_base': None}
[0.334s] Level 5:colcon.colcon_core.verb:set package 'xarm_description' build argument 'cmake_args' from command line to 'None'
[0.334s] Level 5:colcon.colcon_core.verb:set package 'xarm_description' build argument 'cmake_target' from command line to 'None'
[0.334s] Level 5:colcon.colcon_core.verb:set package 'xarm_description' build argument 'cmake_target_skip_unavailable' from command line to 'False'
[0.334s] Level 5:colcon.colcon_core.verb:set package 'xarm_description' build argument 'cmake_clean_cache' from command line to 'False'
[0.334s] Level 5:colcon.colcon_core.verb:set package 'xarm_description' build argument 'cmake_clean_first' from command line to 'False'
[0.334s] Level 5:colcon.colcon_core.verb:set package 'xarm_description' build argument 'cmake_force_configure' from command line to 'False'
[0.334s] Level 5:colcon.colcon_core.verb:set package 'xarm_description' build argument 'ament_cmake_args' from command line to 'None'
[0.334s] Level 5:colcon.colcon_core.verb:set package 'xarm_description' build argument 'catkin_cmake_args' from command line to 'None'
[0.334s] Level 5:colcon.colcon_core.verb:set package 'xarm_description' build argument 'catkin_skip_building_tests' from command line to 'False'
[0.334s] DEBUG:colcon.colcon_core.verb:Building package 'xarm_description' with the following arguments: {'ament_cmake_args': None, 'build_base': '/home/mk/dev_ws/build/xarm_description', 'catkin_cmake_args': None, 'catkin_skip_building_tests': False, 'cmake_args': None, 'cmake_clean_cache': False, 'cmake_clean_first': False, 'cmake_force_configure': False, 'cmake_target': None, 'cmake_target_skip_unavailable': False, 'install_base': '/home/mk/dev_ws/install/xarm_description', 'merge_install': False, 'path': '/home/mk/dev_ws/src/xarm_ros2/xarm_description', 'symlink_install': True, 'test_result_base': None}
[0.335s] Level 5:colcon.colcon_core.verb:set package 'xarm_msgs' build argument 'cmake_args' from command line to 'None'
[0.335s] Level 5:colcon.colcon_core.verb:set package 'xarm_msgs' build argument 'cmake_target' from command line to 'None'
[0.335s] Level 5:colcon.colcon_core.verb:set package 'xarm_msgs' build argument 'cmake_target_skip_unavailable' from command line to 'False'
[0.335s] Level 5:colcon.colcon_core.verb:set package 'xarm_msgs' build argument 'cmake_clean_cache' from command line to 'False'
[0.335s] Level 5:colcon.colcon_core.verb:set package 'xarm_msgs' build argument 'cmake_clean_first' from command line to 'False'
[0.335s] Level 5:colcon.colcon_core.verb:set package 'xarm_msgs' build argument 'cmake_force_configure' from command line to 'False'
[0.335s] Level 5:colcon.colcon_core.verb:set package 'xarm_msgs' build argument 'ament_cmake_args' from command line to 'None'
[0.335s] Level 5:colcon.colcon_core.verb:set package 'xarm_msgs' build argument 'catkin_cmake_args' from command line to 'None'
[0.335s] Level 5:colcon.colcon_core.verb:set package 'xarm_msgs' build argument 'catkin_skip_building_tests' from command line to 'False'
[0.335s] DEBUG:colcon.colcon_core.verb:Building package 'xarm_msgs' with the following arguments: {'ament_cmake_args': None, 'build_base': '/home/mk/dev_ws/build/xarm_msgs', 'catkin_cmake_args': None, 'catkin_skip_building_tests': False, 'cmake_args': None, 'cmake_clean_cache': False, 'cmake_clean_first': False, 'cmake_force_configure': False, 'cmake_target': None, 'cmake_target_skip_unavailable': False, 'install_base': '/home/mk/dev_ws/install/xarm_msgs', 'merge_install': False, 'path': '/home/mk/dev_ws/src/xarm_ros2/xarm_msgs', 'symlink_install': True, 'test_result_base': None}
[0.335s] Level 5:colcon.colcon_core.verb:set package 'xarm_sdk' build argument 'cmake_args' from command line to 'None'
[0.335s] Level 5:colcon.colcon_core.verb:set package 'xarm_sdk' build argument 'cmake_target' from command line to 'None'
[0.335s] Level 5:colcon.colcon_core.verb:set package 'xarm_sdk' build argument 'cmake_target_skip_unavailable' from command line to 'False'
[0.335s] Level 5:colcon.colcon_core.verb:set package 'xarm_sdk' build argument 'cmake_clean_cache' from command line to 'False'
[0.335s] Level 5:colcon.colcon_core.verb:set package 'xarm_sdk' build argument 'cmake_clean_first' from command line to 'False'
[0.335s] Level 5:colcon.colcon_core.verb:set package 'xarm_sdk' build argument 'cmake_force_configure' from command line to 'False'
[0.335s] Level 5:colcon.colcon_core.verb:set package 'xarm_sdk' build argument 'ament_cmake_args' from command line to 'None'
[0.335s] Level 5:colcon.colcon_core.verb:set package 'xarm_sdk' build argument 'catkin_cmake_args' from command line to 'None'
[0.335s] Level 5:colcon.colcon_core.verb:set package 'xarm_sdk' build argument 'catkin_skip_building_tests' from command line to 'False'
[0.335s] DEBUG:colcon.colcon_core.verb:Building package 'xarm_sdk' with the following arguments: {'ament_cmake_args': None, 'build_base': '/home/mk/dev_ws/build/xarm_sdk', 'catkin_cmake_args': None, 'catkin_skip_building_tests': False, 'cmake_args': None, 'cmake_clean_cache': False, 'cmake_clean_first': False, 'cmake_force_configure': False, 'cmake_target': None, 'cmake_target_skip_unavailable': False, 'install_base': '/home/mk/dev_ws/install/xarm_sdk', 'merge_install': False, 'path': '/home/mk/dev_ws/src/xarm_ros2/xarm_sdk', 'symlink_install': True, 'test_result_base': None}
[0.335s] Level 5:colcon.colcon_core.verb:set package 'yolo_object_detector' build argument 'cmake_args' from command line to 'None'
[0.335s] Level 5:colcon.colcon_core.verb:set package 'yolo_object_detector' build argument 'cmake_target' from command line to 'None'
[0.335s] Level 5:colcon.colcon_core.verb:set package 'yolo_object_detector' build argument 'cmake_target_skip_unavailable' from command line to 'False'
[0.335s] Level 5:colcon.colcon_core.verb:set package 'yolo_object_detector' build argument 'cmake_clean_cache' from command line to 'False'
[0.335s] Level 5:colcon.colcon_core.verb:set package 'yolo_object_detector' build argument 'cmake_clean_first' from command line to 'False'
[0.335s] Level 5:colcon.colcon_core.verb:set package 'yolo_object_detector' build argument 'cmake_force_configure' from command line to 'False'
[0.335s] Level 5:colcon.colcon_core.verb:set package 'yolo_object_detector' build argument 'ament_cmake_args' from command line to 'None'
[0.335s] Level 5:colcon.colcon_core.verb:set package 'yolo_object_detector' build argument 'catkin_cmake_args' from command line to 'None'
[0.335s] Level 5:colcon.colcon_core.verb:set package 'yolo_object_detector' build argument 'catkin_skip_building_tests' from command line to 'False'
[0.335s] DEBUG:colcon.colcon_core.verb:Building package 'yolo_object_detector' with the following arguments: {'ament_cmake_args': None, 'build_base': '/home/mk/dev_ws/build/yolo_object_detector', 'catkin_cmake_args': None, 'catkin_skip_building_tests': False, 'cmake_args': None, 'cmake_clean_cache': False, 'cmake_clean_first': False, 'cmake_force_configure': False, 'cmake_target': None, 'cmake_target_skip_unavailable': False, 'install_base': '/home/mk/dev_ws/install/yolo_object_detector', 'merge_install': False, 'path': '/home/mk/dev_ws/src/yolo_object_detector', 'symlink_install': True, 'test_result_base': None}
[0.335s] Level 5:colcon.colcon_core.verb:set package 'zed_interfaces' build argument 'cmake_args' from command line to 'None'
[0.335s] Level 5:colcon.colcon_core.verb:set package 'zed_interfaces' build argument 'cmake_target' from command line to 'None'
[0.335s] Level 5:colcon.colcon_core.verb:set package 'zed_interfaces' build argument 'cmake_target_skip_unavailable' from command line to 'False'
[0.335s] Level 5:colcon.colcon_core.verb:set package 'zed_interfaces' build argument 'cmake_clean_cache' from command line to 'False'
[0.335s] Level 5:colcon.colcon_core.verb:set package 'zed_interfaces' build argument 'cmake_clean_first' from command line to 'False'
[0.335s] Level 5:colcon.colcon_core.verb:set package 'zed_interfaces' build argument 'cmake_force_configure' from command line to 'False'
[0.335s] Level 5:colcon.colcon_core.verb:set package 'zed_interfaces' build argument 'ament_cmake_args' from command line to 'None'
[0.335s] Level 5:colcon.colcon_core.verb:set package 'zed_interfaces' build argument 'catkin_cmake_args' from command line to 'None'
[0.335s] Level 5:colcon.colcon_core.verb:set package 'zed_interfaces' build argument 'catkin_skip_building_tests' from command line to 'False'
[0.335s] DEBUG:colcon.colcon_core.verb:Building package 'zed_interfaces' with the following arguments: {'ament_cmake_args': None, 'build_base': '/home/mk/dev_ws/build/zed_interfaces', 'catkin_cmake_args': None, 'catkin_skip_building_tests': False, 'cmake_args': None, 'cmake_clean_cache': False, 'cmake_clean_first': False, 'cmake_force_configure': False, 'cmake_target': None, 'cmake_target_skip_unavailable': False, 'install_base': '/home/mk/dev_ws/install/zed_interfaces', 'merge_install': False, 'path': '/home/mk/dev_ws/src/zed-ros2-interfaces', 'symlink_install': True, 'test_result_base': None}
[0.335s] Level 5:colcon.colcon_core.verb:set package 'motion_sequence' build argument 'cmake_args' from command line to 'None'
[0.335s] Level 5:colcon.colcon_core.verb:set package 'motion_sequence' build argument 'cmake_target' from command line to 'None'
[0.335s] Level 5:colcon.colcon_core.verb:set package 'motion_sequence' build argument 'cmake_target_skip_unavailable' from command line to 'False'
[0.335s] Level 5:colcon.colcon_core.verb:set package 'motion_sequence' build argument 'cmake_clean_cache' from command line to 'False'
[0.335s] Level 5:colcon.colcon_core.verb:set package 'motion_sequence' build argument 'cmake_clean_first' from command line to 'False'
[0.335s] Level 5:colcon.colcon_core.verb:set package 'motion_sequence' build argument 'cmake_force_configure' from command line to 'False'
[0.335s] Level 5:colcon.colcon_core.verb:set package 'motion_sequence' build argument 'ament_cmake_args' from command line to 'None'
[0.335s] Level 5:colcon.colcon_core.verb:set package 'motion_sequence' build argument 'catkin_cmake_args' from command line to 'None'
[0.335s] Level 5:colcon.colcon_core.verb:set package 'motion_sequence' build argument 'catkin_skip_building_tests' from command line to 'False'
[0.335s] DEBUG:colcon.colcon_core.verb:Building package 'motion_sequence' with the following arguments: {'ament_cmake_args': None, 'build_base': '/home/mk/dev_ws/build/motion_sequence', 'catkin_cmake_args': None, 'catkin_skip_building_tests': False, 'cmake_args': None, 'cmake_clean_cache': False, 'cmake_clean_first': False, 'cmake_force_configure': False, 'cmake_target': None, 'cmake_target_skip_unavailable': False, 'install_base': '/home/mk/dev_ws/install/motion_sequence', 'merge_install': False, 'path': '/home/mk/dev_ws/src/motion_sequence', 'symlink_install': True, 'test_result_base': None}
[0.336s] Level 5:colcon.colcon_core.verb:set package 'move_to_coordinator' build argument 'cmake_args' from command line to 'None'
[0.336s] Level 5:colcon.colcon_core.verb:set package 'move_to_coordinator' build argument 'cmake_target' from command line to 'None'
[0.336s] Level 5:colcon.colcon_core.verb:set package 'move_to_coordinator' build argument 'cmake_target_skip_unavailable' from command line to 'False'
[0.336s] Level 5:colcon.colcon_core.verb:set package 'move_to_coordinator' build argument 'cmake_clean_cache' from command line to 'False'
[0.336s] Level 5:colcon.colcon_core.verb:set package 'move_to_coordinator' build argument 'cmake_clean_first' from command line to 'False'
[0.336s] Level 5:colcon.colcon_core.verb:set package 'move_to_coordinator' build argument 'cmake_force_configure' from command line to 'False'
[0.336s] Level 5:colcon.colcon_core.verb:set package 'move_to_coordinator' build argument 'ament_cmake_args' from command line to 'None'
[0.336s] Level 5:colcon.colcon_core.verb:set package 'move_to_coordinator' build argument 'catkin_cmake_args' from command line to 'None'
[0.336s] Level 5:colcon.colcon_core.verb:set package 'move_to_coordinator' build argument 'catkin_skip_building_tests' from command line to 'False'
[0.336s] DEBUG:colcon.colcon_core.verb:Building package 'move_to_coordinator' with the following arguments: {'ament_cmake_args': None, 'build_base': '/home/mk/dev_ws/build/move_to_coordinator', 'catkin_cmake_args': None, 'catkin_skip_building_tests': False, 'cmake_args': None, 'cmake_clean_cache': False, 'cmake_clean_first': False, 'cmake_force_configure': False, 'cmake_target': None, 'cmake_target_skip_unavailable': False, 'install_base': '/home/mk/dev_ws/install/move_to_coordinator', 'merge_install': False, 'path': '/home/mk/dev_ws/src/move_to_coordinator', 'symlink_install': True, 'test_result_base': None}
[0.336s] Level 5:colcon.colcon_core.verb:set package 'rviz_robot_control_panel' build argument 'cmake_args' from command line to 'None'
[0.336s] Level 5:colcon.colcon_core.verb:set package 'rviz_robot_control_panel' build argument 'cmake_target' from command line to 'None'
[0.336s] Level 5:colcon.colcon_core.verb:set package 'rviz_robot_control_panel' build argument 'cmake_target_skip_unavailable' from command line to 'False'
[0.336s] Level 5:colcon.colcon_core.verb:set package 'rviz_robot_control_panel' build argument 'cmake_clean_cache' from command line to 'False'
[0.336s] Level 5:colcon.colcon_core.verb:set package 'rviz_robot_control_panel' build argument 'cmake_clean_first' from command line to 'False'
[0.336s] Level 5:colcon.colcon_core.verb:set package 'rviz_robot_control_panel' build argument 'cmake_force_configure' from command line to 'False'
[0.336s] Level 5:colcon.colcon_core.verb:set package 'rviz_robot_control_panel' build argument 'ament_cmake_args' from command line to 'None'
[0.336s] Level 5:colcon.colcon_core.verb:set package 'rviz_robot_control_panel' build argument 'catkin_cmake_args' from command line to 'None'
[0.336s] Level 5:colcon.colcon_core.verb:set package 'rviz_robot_control_panel' build argument 'catkin_skip_building_tests' from command line to 'False'
[0.336s] DEBUG:colcon.colcon_core.verb:Building package 'rviz_robot_control_panel' with the following arguments: {'ament_cmake_args': None, 'build_base': '/home/mk/dev_ws/build/rviz_robot_control_panel', 'catkin_cmake_args': None, 'catkin_skip_building_tests': False, 'cmake_args': None, 'cmake_clean_cache': False, 'cmake_clean_first': False, 'cmake_force_configure': False, 'cmake_target': None, 'cmake_target_skip_unavailable': False, 'install_base': '/home/mk/dev_ws/install/rviz_robot_control_panel', 'merge_install': False, 'path': '/home/mk/dev_ws/src/rviz_robot_control_panel', 'symlink_install': True, 'test_result_base': None}
[0.336s] Level 5:colcon.colcon_core.verb:set package 'voice_command_listener' build argument 'cmake_args' from command line to 'None'
[0.336s] Level 5:colcon.colcon_core.verb:set package 'voice_command_listener' build argument 'cmake_target' from command line to 'None'
[0.336s] Level 5:colcon.colcon_core.verb:set package 'voice_command_listener' build argument 'cmake_target_skip_unavailable' from command line to 'False'
[0.336s] Level 5:colcon.colcon_core.verb:set package 'voice_command_listener' build argument 'cmake_clean_cache' from command line to 'False'
[0.336s] Level 5:colcon.colcon_core.verb:set package 'voice_command_listener' build argument 'cmake_clean_first' from command line to 'False'
[0.336s] Level 5:colcon.colcon_core.verb:set package 'voice_command_listener' build argument 'cmake_force_configure' from command line to 'False'
[0.336s] Level 5:colcon.colcon_core.verb:set package 'voice_command_listener' build argument 'ament_cmake_args' from command line to 'None'
[0.336s] Level 5:colcon.colcon_core.verb:set package 'voice_command_listener' build argument 'catkin_cmake_args' from command line to 'None'
[0.336s] Level 5:colcon.colcon_core.verb:set package 'voice_command_listener' build argument 'catkin_skip_building_tests' from command line to 'False'
[0.336s] DEBUG:colcon.colcon_core.verb:Building package 'voice_command_listener' with the following arguments: {'ament_cmake_args': None, 'build_base': '/home/mk/dev_ws/build/voice_command_listener', 'catkin_cmake_args': None, 'catkin_skip_building_tests': False, 'cmake_args': None, 'cmake_clean_cache': False, 'cmake_clean_first': False, 'cmake_force_configure': False, 'cmake_target': None, 'cmake_target_skip_unavailable': False, 'install_base': '/home/mk/dev_ws/install/voice_command_listener', 'merge_install': False, 'path': '/home/mk/dev_ws/src/voice_command_listener', 'symlink_install': True, 'test_result_base': None}
[0.336s] Level 5:colcon.colcon_core.verb:set package 'whisper_util' build argument 'cmake_args' from command line to 'None'
[0.336s] Level 5:colcon.colcon_core.verb:set package 'whisper_util' build argument 'cmake_target' from command line to 'None'
[0.336s] Level 5:colcon.colcon_core.verb:set package 'whisper_util' build argument 'cmake_target_skip_unavailable' from command line to 'False'
[0.336s] Level 5:colcon.colcon_core.verb:set package 'whisper_util' build argument 'cmake_clean_cache' from command line to 'False'
[0.336s] Level 5:colcon.colcon_core.verb:set package 'whisper_util' build argument 'cmake_clean_first' from command line to 'False'
[0.336s] Level 5:colcon.colcon_core.verb:set package 'whisper_util' build argument 'cmake_force_configure' from command line to 'False'
[0.336s] Level 5:colcon.colcon_core.verb:set package 'whisper_util' build argument 'ament_cmake_args' from command line to 'None'
[0.336s] Level 5:colcon.colcon_core.verb:set package 'whisper_util' build argument 'catkin_cmake_args' from command line to 'None'
[0.336s] Level 5:colcon.colcon_core.verb:set package 'whisper_util' build argument 'catkin_skip_building_tests' from command line to 'False'
[0.336s] DEBUG:colcon.colcon_core.verb:Building package 'whisper_util' with the following arguments: {'ament_cmake_args': None, 'build_base': '/home/mk/dev_ws/build/whisper_util', 'catkin_cmake_args': None, 'catkin_skip_building_tests': False, 'cmake_args': None, 'cmake_clean_cache': False, 'cmake_clean_first': False, 'cmake_force_configure': False, 'cmake_target': None, 'cmake_target_skip_unavailable': False, 'install_base': '/home/mk/dev_ws/install/whisper_util', 'merge_install': False, 'path': '/home/mk/dev_ws/src/ros2_whisper/whisper_util', 'symlink_install': True, 'test_result_base': None}
[0.336s] Level 5:colcon.colcon_core.verb:set package 'xarm_api' build argument 'cmake_args' from command line to 'None'
[0.336s] Level 5:colcon.colcon_core.verb:set package 'xarm_api' build argument 'cmake_target' from command line to 'None'
[0.336s] Level 5:colcon.colcon_core.verb:set package 'xarm_api' build argument 'cmake_target_skip_unavailable' from command line to 'False'
[0.336s] Level 5:colcon.colcon_core.verb:set package 'xarm_api' build argument 'cmake_clean_cache' from command line to 'False'
[0.336s] Level 5:colcon.colcon_core.verb:set package 'xarm_api' build argument 'cmake_clean_first' from command line to 'False'
[0.336s] Level 5:colcon.colcon_core.verb:set package 'xarm_api' build argument 'cmake_force_configure' from command line to 'False'
[0.336s] Level 5:colcon.colcon_core.verb:set package 'xarm_api' build argument 'ament_cmake_args' from command line to 'None'
[0.336s] Level 5:colcon.colcon_core.verb:set package 'xarm_api' build argument 'catkin_cmake_args' from command line to 'None'
[0.336s] Level 5:colcon.colcon_core.verb:set package 'xarm_api' build argument 'catkin_skip_building_tests' from command line to 'False'
[0.336s] DEBUG:colcon.colcon_core.verb:Building package 'xarm_api' with the following arguments: {'ament_cmake_args': None, 'build_base': '/home/mk/dev_ws/build/xarm_api', 'catkin_cmake_args': None, 'catkin_skip_building_tests': False, 'cmake_args': None, 'cmake_clean_cache': False, 'cmake_clean_first': False, 'cmake_force_configure': False, 'cmake_target': None, 'cmake_target_skip_unavailable': False, 'install_base': '/home/mk/dev_ws/install/xarm_api', 'merge_install': False, 'path': '/home/mk/dev_ws/src/xarm_ros2/xarm_api', 'symlink_install': True, 'test_result_base': None}
[0.337s] Level 5:colcon.colcon_core.verb:set package 'zed_components' build argument 'cmake_args' from command line to 'None'
[0.337s] Level 5:colcon.colcon_core.verb:set package 'zed_components' build argument 'cmake_target' from command line to 'None'
[0.337s] Level 5:colcon.colcon_core.verb:set package 'zed_components' build argument 'cmake_target_skip_unavailable' from command line to 'False'
[0.337s] Level 5:colcon.colcon_core.verb:set package 'zed_components' build argument 'cmake_clean_cache' from command line to 'False'
[0.337s] Level 5:colcon.colcon_core.verb:set package 'zed_components' build argument 'cmake_clean_first' from command line to 'False'
[0.337s] Level 5:colcon.colcon_core.verb:set package 'zed_components' build argument 'cmake_force_configure' from command line to 'False'
[0.337s] Level 5:colcon.colcon_core.verb:set package 'zed_components' build argument 'ament_cmake_args' from command line to 'None'
[0.337s] Level 5:colcon.colcon_core.verb:set package 'zed_components' build argument 'catkin_cmake_args' from command line to 'None'
[0.337s] Level 5:colcon.colcon_core.verb:set package 'zed_components' build argument 'catkin_skip_building_tests' from command line to 'False'
[0.337s] DEBUG:colcon.colcon_core.verb:Building package 'zed_components' with the following arguments: {'ament_cmake_args': None, 'build_base': '/home/mk/dev_ws/build/zed_components', 'catkin_cmake_args': None, 'catkin_skip_building_tests': False, 'cmake_args': None, 'cmake_clean_cache': False, 'cmake_clean_first': False, 'cmake_force_configure': False, 'cmake_target': None, 'cmake_target_skip_unavailable': False, 'install_base': '/home/mk/dev_ws/install/zed_components', 'merge_install': False, 'path': '/home/mk/dev_ws/src/zed-ros2-wrapper/zed_components', 'symlink_install': True, 'test_result_base': None}
[0.337s] Level 5:colcon.colcon_core.verb:set package 'transcript_manager' build argument 'cmake_args' from command line to 'None'
[0.337s] Level 5:colcon.colcon_core.verb:set package 'transcript_manager' build argument 'cmake_target' from command line to 'None'
[0.337s] Level 5:colcon.colcon_core.verb:set package 'transcript_manager' build argument 'cmake_target_skip_unavailable' from command line to 'False'
[0.337s] Level 5:colcon.colcon_core.verb:set package 'transcript_manager' build argument 'cmake_clean_cache' from command line to 'False'
[0.337s] Level 5:colcon.colcon_core.verb:set package 'transcript_manager' build argument 'cmake_clean_first' from command line to 'False'
[0.337s] Level 5:colcon.colcon_core.verb:set package 'transcript_manager' build argument 'cmake_force_configure' from command line to 'False'
[0.337s] Level 5:colcon.colcon_core.verb:set package 'transcript_manager' build argument 'ament_cmake_args' from command line to 'None'
[0.337s] Level 5:colcon.colcon_core.verb:set package 'transcript_manager' build argument 'catkin_cmake_args' from command line to 'None'
[0.337s] Level 5:colcon.colcon_core.verb:set package 'transcript_manager' build argument 'catkin_skip_building_tests' from command line to 'False'
[0.337s] DEBUG:colcon.colcon_core.verb:Building package 'transcript_manager' with the following arguments: {'ament_cmake_args': None, 'build_base': '/home/mk/dev_ws/build/transcript_manager', 'catkin_cmake_args': None, 'catkin_skip_building_tests': False, 'cmake_args': None, 'cmake_clean_cache': False, 'cmake_clean_first': False, 'cmake_force_configure': False, 'cmake_target': None, 'cmake_target_skip_unavailable': False, 'install_base': '/home/mk/dev_ws/install/transcript_manager', 'merge_install': False, 'path': '/home/mk/dev_ws/src/ros2_whisper/transcript_manager', 'symlink_install': True, 'test_result_base': None}
[0.337s] Level 5:colcon.colcon_core.verb:set package 'whisper_server' build argument 'cmake_args' from command line to 'None'
[0.337s] Level 5:colcon.colcon_core.verb:set package 'whisper_server' build argument 'cmake_target' from command line to 'None'
[0.337s] Level 5:colcon.colcon_core.verb:set package 'whisper_server' build argument 'cmake_target_skip_unavailable' from command line to 'False'
[0.337s] Level 5:colcon.colcon_core.verb:set package 'whisper_server' build argument 'cmake_clean_cache' from command line to 'False'
[0.337s] Level 5:colcon.colcon_core.verb:set package 'whisper_server' build argument 'cmake_clean_first' from command line to 'False'
[0.337s] Level 5:colcon.colcon_core.verb:set package 'whisper_server' build argument 'cmake_force_configure' from command line to 'False'
[0.337s] Level 5:colcon.colcon_core.verb:set package 'whisper_server' build argument 'ament_cmake_args' from command line to 'None'
[0.337s] Level 5:colcon.colcon_core.verb:set package 'whisper_server' build argument 'catkin_cmake_args' from command line to 'None'
[0.337s] Level 5:colcon.colcon_core.verb:set package 'whisper_server' build argument 'catkin_skip_building_tests' from command line to 'False'
[0.337s] DEBUG:colcon.colcon_core.verb:Building package 'whisper_server' with the following arguments: {'ament_cmake_args': None, 'build_base': '/home/mk/dev_ws/build/whisper_server', 'catkin_cmake_args': None, 'catkin_skip_building_tests': False, 'cmake_args': None, 'cmake_clean_cache': False, 'cmake_clean_first': False, 'cmake_force_configure': False, 'cmake_target': None, 'cmake_target_skip_unavailable': False, 'install_base': '/home/mk/dev_ws/install/whisper_server', 'merge_install': False, 'path': '/home/mk/dev_ws/src/ros2_whisper/whisper_server', 'symlink_install': True, 'test_result_base': None}
[0.337s] Level 5:colcon.colcon_core.verb:set package 'xarm_controller' build argument 'cmake_args' from command line to 'None'
[0.337s] Level 5:colcon.colcon_core.verb:set package 'xarm_controller' build argument 'cmake_target' from command line to 'None'
[0.337s] Level 5:colcon.colcon_core.verb:set package 'xarm_controller' build argument 'cmake_target_skip_unavailable' from command line to 'False'
[0.337s] Level 5:colcon.colcon_core.verb:set package 'xarm_controller' build argument 'cmake_clean_cache' from command line to 'False'
[0.337s] Level 5:colcon.colcon_core.verb:set package 'xarm_controller' build argument 'cmake_clean_first' from command line to 'False'
[0.337s] Level 5:colcon.colcon_core.verb:set package 'xarm_controller' build argument 'cmake_force_configure' from command line to 'False'
[0.337s] Level 5:colcon.colcon_core.verb:set package 'xarm_controller' build argument 'ament_cmake_args' from command line to 'None'
[0.337s] Level 5:colcon.colcon_core.verb:set package 'xarm_controller' build argument 'catkin_cmake_args' from command line to 'None'
[0.337s] Level 5:colcon.colcon_core.verb:set package 'xarm_controller' build argument 'catkin_skip_building_tests' from command line to 'False'
[0.337s] DEBUG:colcon.colcon_core.verb:Building package 'xarm_controller' with the following arguments: {'ament_cmake_args': None, 'build_base': '/home/mk/dev_ws/build/xarm_controller', 'catkin_cmake_args': None, 'catkin_skip_building_tests': False, 'cmake_args': None, 'cmake_clean_cache': False, 'cmake_clean_first': False, 'cmake_force_configure': False, 'cmake_target': None, 'cmake_target_skip_unavailable': False, 'install_base': '/home/mk/dev_ws/install/xarm_controller', 'merge_install': False, 'path': '/home/mk/dev_ws/src/xarm_ros2/xarm_controller', 'symlink_install': True, 'test_result_base': None}
[0.337s] Level 5:colcon.colcon_core.verb:set package 'zed_wrapper' build argument 'cmake_args' from command line to 'None'
[0.337s] Level 5:colcon.colcon_core.verb:set package 'zed_wrapper' build argument 'cmake_target' from command line to 'None'
[0.337s] Level 5:colcon.colcon_core.verb:set package 'zed_wrapper' build argument 'cmake_target_skip_unavailable' from command line to 'False'
[0.337s] Level 5:colcon.colcon_core.verb:set package 'zed_wrapper' build argument 'cmake_clean_cache' from command line to 'False'
[0.337s] Level 5:colcon.colcon_core.verb:set package 'zed_wrapper' build argument 'cmake_clean_first' from command line to 'False'
[0.337s] Level 5:colcon.colcon_core.verb:set package 'zed_wrapper' build argument 'cmake_force_configure' from command line to 'False'
[0.337s] Level 5:colcon.colcon_core.verb:set package 'zed_wrapper' build argument 'ament_cmake_args' from command line to 'None'
[0.337s] Level 5:colcon.colcon_core.verb:set package 'zed_wrapper' build argument 'catkin_cmake_args' from command line to 'None'
[0.337s] Level 5:colcon.colcon_core.verb:set package 'zed_wrapper' build argument 'catkin_skip_building_tests' from command line to 'False'
[0.337s] DEBUG:colcon.colcon_core.verb:Building package 'zed_wrapper' with the following arguments: {'ament_cmake_args': None, 'build_base': '/home/mk/dev_ws/build/zed_wrapper', 'catkin_cmake_args': None, 'catkin_skip_building_tests': False, 'cmake_args': None, 'cmake_clean_cache': False, 'cmake_clean_first': False, 'cmake_force_configure': False, 'cmake_target': None, 'cmake_target_skip_unavailable': False, 'install_base': '/home/mk/dev_ws/install/zed_wrapper', 'merge_install': False, 'path': '/home/mk/dev_ws/src/zed-ros2-wrapper/zed_wrapper', 'symlink_install': True, 'test_result_base': None}
[0.338s] Level 5:colcon.colcon_core.verb:set package 'whisper_bringup' build argument 'cmake_args' from command line to 'None'
[0.338s] Level 5:colcon.colcon_core.verb:set package 'whisper_bringup' build argument 'cmake_target' from command line to 'None'
[0.338s] Level 5:colcon.colcon_core.verb:set package 'whisper_bringup' build argument 'cmake_target_skip_unavailable' from command line to 'False'
[0.338s] Level 5:colcon.colcon_core.verb:set package 'whisper_bringup' build argument 'cmake_clean_cache' from command line to 'False'
[0.338s] Level 5:colcon.colcon_core.verb:set package 'whisper_bringup' build argument 'cmake_clean_first' from command line to 'False'
[0.338s] Level 5:colcon.colcon_core.verb:set package 'whisper_bringup' build argument 'cmake_force_configure' from command line to 'False'
[0.338s] Level 5:colcon.colcon_core.verb:set package 'whisper_bringup' build argument 'ament_cmake_args' from command line to 'None'
[0.338s] Level 5:colcon.colcon_core.verb:set package 'whisper_bringup' build argument 'catkin_cmake_args' from command line to 'None'
[0.338s] Level 5:colcon.colcon_core.verb:set package 'whisper_bringup' build argument 'catkin_skip_building_tests' from command line to 'False'
[0.338s] DEBUG:colcon.colcon_core.verb:Building package 'whisper_bringup' with the following arguments: {'ament_cmake_args': None, 'build_base': '/home/mk/dev_ws/build/whisper_bringup', 'catkin_cmake_args': None, 'catkin_skip_building_tests': False, 'cmake_args': None, 'cmake_clean_cache': False, 'cmake_clean_first': False, 'cmake_force_configure': False, 'cmake_target': None, 'cmake_target_skip_unavailable': False, 'install_base': '/home/mk/dev_ws/install/whisper_bringup', 'merge_install': False, 'path': '/home/mk/dev_ws/src/ros2_whisper/whisper_bringup', 'symlink_install': True, 'test_result_base': None}
[0.338s] Level 5:colcon.colcon_core.verb:set package 'whisper_demos' build argument 'cmake_args' from command line to 'None'
[0.338s] Level 5:colcon.colcon_core.verb:set package 'whisper_demos' build argument 'cmake_target' from command line to 'None'
[0.338s] Level 5:colcon.colcon_core.verb:set package 'whisper_demos' build argument 'cmake_target_skip_unavailable' from command line to 'False'
[0.338s] Level 5:colcon.colcon_core.verb:set package 'whisper_demos' build argument 'cmake_clean_cache' from command line to 'False'
[0.338s] Level 5:colcon.colcon_core.verb:set package 'whisper_demos' build argument 'cmake_clean_first' from command line to 'False'
[0.338s] Level 5:colcon.colcon_core.verb:set package 'whisper_demos' build argument 'cmake_force_configure' from command line to 'False'
[0.338s] Level 5:colcon.colcon_core.verb:set package 'whisper_demos' build argument 'ament_cmake_args' from command line to 'None'
[0.338s] Level 5:colcon.colcon_core.verb:set package 'whisper_demos' build argument 'catkin_cmake_args' from command line to 'None'
[0.338s] Level 5:colcon.colcon_core.verb:set package 'whisper_demos' build argument 'catkin_skip_building_tests' from command line to 'False'
[0.338s] DEBUG:colcon.colcon_core.verb:Building package 'whisper_demos' with the following arguments: {'ament_cmake_args': None, 'build_base': '/home/mk/dev_ws/build/whisper_demos', 'catkin_cmake_args': None, 'catkin_skip_building_tests': False, 'cmake_args': None, 'cmake_clean_cache': False, 'cmake_clean_first': False, 'cmake_force_configure': False, 'cmake_target': None, 'cmake_target_skip_unavailable': False, 'install_base': '/home/mk/dev_ws/install/whisper_demos', 'merge_install': False, 'path': '/home/mk/dev_ws/src/ros2_whisper/whisper_demos', 'symlink_install': True, 'test_result_base': None}
[0.338s] Level 5:colcon.colcon_core.verb:set package 'xarm_gazebo' build argument 'cmake_args' from command line to 'None'
[0.338s] Level 5:colcon.colcon_core.verb:set package 'xarm_gazebo' build argument 'cmake_target' from command line to 'None'
[0.338s] Level 5:colcon.colcon_core.verb:set package 'xarm_gazebo' build argument 'cmake_target_skip_unavailable' from command line to 'False'
[0.338s] Level 5:colcon.colcon_core.verb:set package 'xarm_gazebo' build argument 'cmake_clean_cache' from command line to 'False'
[0.338s] Level 5:colcon.colcon_core.verb:set package 'xarm_gazebo' build argument 'cmake_clean_first' from command line to 'False'
[0.338s] Level 5:colcon.colcon_core.verb:set package 'xarm_gazebo' build argument 'cmake_force_configure' from command line to 'False'
[0.338s] Level 5:colcon.colcon_core.verb:set package 'xarm_gazebo' build argument 'ament_cmake_args' from command line to 'None'
[0.338s] Level 5:colcon.colcon_core.verb:set package 'xarm_gazebo' build argument 'catkin_cmake_args' from command line to 'None'
[0.338s] Level 5:colcon.colcon_core.verb:set package 'xarm_gazebo' build argument 'catkin_skip_building_tests' from command line to 'False'
[0.338s] DEBUG:colcon.colcon_core.verb:Building package 'xarm_gazebo' with the following arguments: {'ament_cmake_args': None, 'build_base': '/home/mk/dev_ws/build/xarm_gazebo', 'catkin_cmake_args': None, 'catkin_skip_building_tests': False, 'cmake_args': None, 'cmake_clean_cache': False, 'cmake_clean_first': False, 'cmake_force_configure': False, 'cmake_target': None, 'cmake_target_skip_unavailable': False, 'install_base': '/home/mk/dev_ws/install/xarm_gazebo', 'merge_install': False, 'path': '/home/mk/dev_ws/src/xarm_ros2/xarm_gazebo', 'symlink_install': True, 'test_result_base': None}
[0.338s] Level 5:colcon.colcon_core.verb:set package 'zed_ros2' build argument 'cmake_args' from command line to 'None'
[0.338s] Level 5:colcon.colcon_core.verb:set package 'zed_ros2' build argument 'cmake_target' from command line to 'None'
[0.338s] Level 5:colcon.colcon_core.verb:set package 'zed_ros2' build argument 'cmake_target_skip_unavailable' from command line to 'False'
[0.338s] Level 5:colcon.colcon_core.verb:set package 'zed_ros2' build argument 'cmake_clean_cache' from command line to 'False'
[0.338s] Level 5:colcon.colcon_core.verb:set package 'zed_ros2' build argument 'cmake_clean_first' from command line to 'False'
[0.338s] Level 5:colcon.colcon_core.verb:set package 'zed_ros2' build argument 'cmake_force_configure' from command line to 'False'
[0.338s] Level 5:colcon.colcon_core.verb:set package 'zed_ros2' build argument 'ament_cmake_args' from command line to 'None'
[0.338s] Level 5:colcon.colcon_core.verb:set package 'zed_ros2' build argument 'catkin_cmake_args' from command line to 'None'
[0.338s] Level 5:colcon.colcon_core.verb:set package 'zed_ros2' build argument 'catkin_skip_building_tests' from command line to 'False'
[0.338s] DEBUG:colcon.colcon_core.verb:Building package 'zed_ros2' with the following arguments: {'ament_cmake_args': None, 'build_base': '/home/mk/dev_ws/build/zed_ros2', 'catkin_cmake_args': None, 'catkin_skip_building_tests': False, 'cmake_args': None, 'cmake_clean_cache': False, 'cmake_clean_first': False, 'cmake_force_configure': False, 'cmake_target': None, 'cmake_target_skip_unavailable': False, 'install_base': '/home/mk/dev_ws/install/zed_ros2', 'merge_install': False, 'path': '/home/mk/dev_ws/src/zed-ros2-wrapper/zed_ros2', 'symlink_install': True, 'test_result_base': None}
[0.338s] Level 5:colcon.colcon_core.verb:set package 'xarm_moveit_config' build argument 'cmake_args' from command line to 'None'
[0.338s] Level 5:colcon.colcon_core.verb:set package 'xarm_moveit_config' build argument 'cmake_target' from command line to 'None'
[0.338s] Level 5:colcon.colcon_core.verb:set package 'xarm_moveit_config' build argument 'cmake_target_skip_unavailable' from command line to 'False'
[0.338s] Level 5:colcon.colcon_core.verb:set package 'xarm_moveit_config' build argument 'cmake_clean_cache' from command line to 'False'
[0.338s] Level 5:colcon.colcon_core.verb:set package 'xarm_moveit_config' build argument 'cmake_clean_first' from command line to 'False'
[0.338s] Level 5:colcon.colcon_core.verb:set package 'xarm_moveit_config' build argument 'cmake_force_configure' from command line to 'False'
[0.338s] Level 5:colcon.colcon_core.verb:set package 'xarm_moveit_config' build argument 'ament_cmake_args' from command line to 'None'
[0.338s] Level 5:colcon.colcon_core.verb:set package 'xarm_moveit_config' build argument 'catkin_cmake_args' from command line to 'None'
[0.338s] Level 5:colcon.colcon_core.verb:set package 'xarm_moveit_config' build argument 'catkin_skip_building_tests' from command line to 'False'
[0.338s] DEBUG:colcon.colcon_core.verb:Building package 'xarm_moveit_config' with the following arguments: {'ament_cmake_args': None, 'build_base': '/home/mk/dev_ws/build/xarm_moveit_config', 'catkin_cmake_args': None, 'catkin_skip_building_tests': False, 'cmake_args': None, 'cmake_clean_cache': False, 'cmake_clean_first': False, 'cmake_force_configure': False, 'cmake_target': None, 'cmake_target_skip_unavailable': False, 'install_base': '/home/mk/dev_ws/install/xarm_moveit_config', 'merge_install': False, 'path': '/home/mk/dev_ws/src/xarm_ros2/xarm_moveit_config', 'symlink_install': True, 'test_result_base': None}
[0.339s] Level 5:colcon.colcon_core.verb:set package 'xarm_moveit_servo' build argument 'cmake_args' from command line to 'None'
[0.339s] Level 5:colcon.colcon_core.verb:set package 'xarm_moveit_servo' build argument 'cmake_target' from command line to 'None'
[0.339s] Level 5:colcon.colcon_core.verb:set package 'xarm_moveit_servo' build argument 'cmake_target_skip_unavailable' from command line to 'False'
[0.339s] Level 5:colcon.colcon_core.verb:set package 'xarm_moveit_servo' build argument 'cmake_clean_cache' from command line to 'False'
[0.339s] Level 5:colcon.colcon_core.verb:set package 'xarm_moveit_servo' build argument 'cmake_clean_first' from command line to 'False'
[0.339s] Level 5:colcon.colcon_core.verb:set package 'xarm_moveit_servo' build argument 'cmake_force_configure' from command line to 'False'
[0.339s] Level 5:colcon.colcon_core.verb:set package 'xarm_moveit_servo' build argument 'ament_cmake_args' from command line to 'None'
[0.339s] Level 5:colcon.colcon_core.verb:set package 'xarm_moveit_servo' build argument 'catkin_cmake_args' from command line to 'None'
[0.339s] Level 5:colcon.colcon_core.verb:set package 'xarm_moveit_servo' build argument 'catkin_skip_building_tests' from command line to 'False'
[0.339s] DEBUG:colcon.colcon_core.verb:Building package 'xarm_moveit_servo' with the following arguments: {'ament_cmake_args': None, 'build_base': '/home/mk/dev_ws/build/xarm_moveit_servo', 'catkin_cmake_args': None, 'catkin_skip_building_tests': False, 'cmake_args': None, 'cmake_clean_cache': False, 'cmake_clean_first': False, 'cmake_force_configure': False, 'cmake_target': None, 'cmake_target_skip_unavailable': False, 'install_base': '/home/mk/dev_ws/install/xarm_moveit_servo', 'merge_install': False, 'path': '/home/mk/dev_ws/src/xarm_ros2/xarm_moveit_servo', 'symlink_install': True, 'test_result_base': None}
[0.339s] Level 5:colcon.colcon_core.verb:set package 'xarm_planner' build argument 'cmake_args' from command line to 'None'
[0.339s] Level 5:colcon.colcon_core.verb:set package 'xarm_planner' build argument 'cmake_target' from command line to 'None'
[0.339s] Level 5:colcon.colcon_core.verb:set package 'xarm_planner' build argument 'cmake_target_skip_unavailable' from command line to 'False'
[0.339s] Level 5:colcon.colcon_core.verb:set package 'xarm_planner' build argument 'cmake_clean_cache' from command line to 'False'
[0.339s] Level 5:colcon.colcon_core.verb:set package 'xarm_planner' build argument 'cmake_clean_first' from command line to 'False'
[0.339s] Level 5:colcon.colcon_core.verb:set package 'xarm_planner' build argument 'cmake_force_configure' from command line to 'False'
[0.339s] Level 5:colcon.colcon_core.verb:set package 'xarm_planner' build argument 'ament_cmake_args' from command line to 'None'
[0.339s] Level 5:colcon.colcon_core.verb:set package 'xarm_planner' build argument 'catkin_cmake_args' from command line to 'None'
[0.339s] Level 5:colcon.colcon_core.verb:set package 'xarm_planner' build argument 'catkin_skip_building_tests' from command line to 'False'
[0.339s] DEBUG:colcon.colcon_core.verb:Building package 'xarm_planner' with the following arguments: {'ament_cmake_args': None, 'build_base': '/home/mk/dev_ws/build/xarm_planner', 'catkin_cmake_args': None, 'catkin_skip_building_tests': False, 'cmake_args': None, 'cmake_clean_cache': False, 'cmake_clean_first': False, 'cmake_force_configure': False, 'cmake_target': None, 'cmake_target_skip_unavailable': False, 'install_base': '/home/mk/dev_ws/install/xarm_planner', 'merge_install': False, 'path': '/home/mk/dev_ws/src/xarm_ros2/xarm_planner', 'symlink_install': True, 'test_result_base': None}
[0.339s] INFO:colcon.colcon_core.executor:Executing jobs using 'parallel' executor
[0.340s] DEBUG:colcon.colcon_parallel_executor.executor.parallel:run_until_complete
[0.340s] INFO:colcon.colcon_ros.task.ament_cmake.build:Building ROS package in '/home/mk/dev_ws/src/xarm_ros2/xarm_msgs' with build type 'ament_cmake'
[0.340s] INFO:colcon.colcon_cmake.task.cmake.build:Building CMake package in '/home/mk/dev_ws/src/xarm_ros2/xarm_msgs'
[0.342s] INFO:colcon.colcon_core.plugin_system:Skipping extension 'colcon_core.shell.bat': Not used on non-Windows systems
[0.342s] INFO:colcon.colcon_core.shell:Skip shell extension 'powershell' for command environment: Not usable outside of PowerShell
[0.343s] DEBUG:colcon.colcon_core.shell:Skip shell extension 'dsv' for command environment
[0.344s] INFO:colcon.colcon_ros.task.ament_cmake.build:Building ROS package in '/home/mk/dev_ws/src/ros2_whisper/whisper_idl' with build type 'ament_cmake'
[0.344s] INFO:colcon.colcon_cmake.task.cmake.build:Building CMake package in '/home/mk/dev_ws/src/ros2_whisper/whisper_idl'
[0.344s] INFO:colcon.colcon_core.shell:Skip shell extension 'powershell' for command environment: Not usable outside of PowerShell
[0.344s] DEBUG:colcon.colcon_core.shell:Skip shell extension 'dsv' for command environment
[0.346s] INFO:colcon.colcon_ros.task.ament_cmake.build:Building ROS package in '/home/mk/dev_ws/src/xarm_ros2/xarm_description' with build type 'ament_cmake'
[0.346s] INFO:colcon.colcon_cmake.task.cmake.build:Building CMake package in '/home/mk/dev_ws/src/xarm_ros2/xarm_description'
[0.346s] INFO:colcon.colcon_core.shell:Skip shell extension 'powershell' for command environment: Not usable outside of PowerShell
[0.346s] DEBUG:colcon.colcon_core.shell:Skip shell extension 'dsv' for command environment
[0.347s] INFO:colcon.colcon_ros.task.ament_cmake.build:Building ROS package in '/home/mk/dev_ws/src/xarm_ros2/xarm_sdk' with build type 'ament_cmake'
[0.347s] INFO:colcon.colcon_cmake.task.cmake.build:Building CMake package in '/home/mk/dev_ws/src/xarm_ros2/xarm_sdk'
[0.347s] INFO:colcon.colcon_core.shell:Skip shell extension 'powershell' for command environment: Not usable outside of PowerShell
[0.347s] DEBUG:colcon.colcon_core.shell:Skip shell extension 'dsv' for command environment
[0.348s] INFO:colcon.colcon_ros.task.ament_cmake.build:Building ROS package in '/home/mk/dev_ws/src/ros2_whisper/whisper_cpp_vendor' with build type 'ament_cmake'
[0.348s] INFO:colcon.colcon_cmake.task.cmake.build:Building CMake package in '/home/mk/dev_ws/src/ros2_whisper/whisper_cpp_vendor'
[0.349s] INFO:colcon.colcon_core.shell:Skip shell extension 'powershell' for command environment: Not usable outside of PowerShell
[0.349s] DEBUG:colcon.colcon_core.shell:Skip shell extension 'dsv' for command environment
[0.350s] INFO:colcon.colcon_ros.task.ament_python.build:Building ROS package in '/home/mk/dev_ws/src/xarm_ros2/uf_ros_lib' with build type 'ament_python'
[0.350s] Level 1:colcon.colcon_core.shell:create_environment_hook('uf_ros_lib', 'ament_prefix_path')
[0.350s] INFO:colcon.colcon_core.shell:Creating environment hook '/home/mk/dev_ws/install/uf_ros_lib/share/uf_ros_lib/hook/ament_prefix_path.ps1'
[0.351s] INFO:colcon.colcon_core.shell:Creating environment descriptor '/home/mk/dev_ws/install/uf_ros_lib/share/uf_ros_lib/hook/ament_prefix_path.dsv'
[0.351s] INFO:colcon.colcon_core.shell:Creating environment hook '/home/mk/dev_ws/install/uf_ros_lib/share/uf_ros_lib/hook/ament_prefix_path.sh'
[0.351s] INFO:colcon.colcon_core.shell:Skip shell extension 'powershell' for command environment: Not usable outside of PowerShell
[0.351s] DEBUG:colcon.colcon_core.shell:Skip shell extension 'dsv' for command environment
[0.353s] INFO:colcon.colcon_ros.task.ament_cmake.build:Building ROS package in '/home/mk/dev_ws/src/zed-ros2-interfaces' with build type 'ament_cmake'
[0.353s] INFO:colcon.colcon_cmake.task.cmake.build:Building CMake package in '/home/mk/dev_ws/src/zed-ros2-interfaces'
[0.353s] INFO:colcon.colcon_core.shell:Skip shell extension 'powershell' for command environment: Not usable outside of PowerShell
[0.353s] DEBUG:colcon.colcon_core.shell:Skip shell extension 'dsv' for command environment
[0.354s] INFO:colcon.colcon_ros.task.ament_python.build:Building ROS package in '/home/mk/dev_ws/src/ros2_whisper/audio_listener' with build type 'ament_python'
[0.354s] Level 1:colcon.colcon_core.shell:create_environment_hook('audio_listener', 'ament_prefix_path')
[0.354s] INFO:colcon.colcon_core.shell:Creating environment hook '/home/mk/dev_ws/install/audio_listener/share/audio_listener/hook/ament_prefix_path.ps1'
[0.354s] INFO:colcon.colcon_core.shell:Creating environment descriptor '/home/mk/dev_ws/install/audio_listener/share/audio_listener/hook/ament_prefix_path.dsv'
[0.355s] INFO:colcon.colcon_core.shell:Creating environment hook '/home/mk/dev_ws/install/audio_listener/share/audio_listener/hook/ament_prefix_path.sh'
[0.355s] INFO:colcon.colcon_core.shell:Skip shell extension 'powershell' for command environment: Not usable outside of PowerShell
[0.355s] DEBUG:colcon.colcon_core.shell:Skip shell extension 'dsv' for command environment
[0.356s] INFO:colcon.colcon_ros.task.ament_python.build:Building ROS package in '/home/mk/dev_ws/src/collision_check' with build type 'ament_python'
[0.356s] Level 1:colcon.colcon_core.shell:create_environment_hook('collision_check', 'ament_prefix_path')
[0.356s] INFO:colcon.colcon_core.shell:Creating environment hook '/home/mk/dev_ws/install/collision_check/share/collision_check/hook/ament_prefix_path.ps1'
[0.356s] INFO:colcon.colcon_core.shell:Creating environment descriptor '/home/mk/dev_ws/install/collision_check/share/collision_check/hook/ament_prefix_path.dsv'
[0.357s] INFO:colcon.colcon_core.shell:Creating environment hook '/home/mk/dev_ws/install/collision_check/share/collision_check/hook/ament_prefix_path.sh'
[0.357s] INFO:colcon.colcon_core.shell:Skip shell extension 'powershell' for command environment: Not usable outside of PowerShell
[0.357s] DEBUG:colcon.colcon_core.shell:Skip shell extension 'dsv' for command environment
[0.358s] INFO:colcon.colcon_ros.task.ament_python.build:Building ROS package in '/home/mk/dev_ws/src/gaze_control' with build type 'ament_python'
[0.358s] Level 1:colcon.colcon_core.shell:create_environment_hook('gaze_control', 'ament_prefix_path')
[0.358s] INFO:colcon.colcon_core.shell:Creating environment hook '/home/mk/dev_ws/install/gaze_control/share/gaze_control/hook/ament_prefix_path.ps1'
[0.359s] INFO:colcon.colcon_core.shell:Creating environment descriptor '/home/mk/dev_ws/install/gaze_control/share/gaze_control/hook/ament_prefix_path.dsv'
[0.359s] INFO:colcon.colcon_core.shell:Creating environment hook '/home/mk/dev_ws/install/gaze_control/share/gaze_control/hook/ament_prefix_path.sh'
[0.359s] INFO:colcon.colcon_core.shell:Skip shell extension 'powershell' for command environment: Not usable outside of PowerShell
[0.359s] DEBUG:colcon.colcon_core.shell:Skip shell extension 'dsv' for command environment
[0.360s] INFO:colcon.colcon_ros.task.ament_cmake.build:Building ROS package in '/home/mk/dev_ws/src/xarm_ros2/demo/mbot_demo' with build type 'ament_cmake'
[0.360s] INFO:colcon.colcon_cmake.task.cmake.build:Building CMake package in '/home/mk/dev_ws/src/xarm_ros2/demo/mbot_demo'
[0.360s] INFO:colcon.colcon_core.shell:Skip shell extension 'powershell' for command environment: Not usable outside of PowerShell
[0.360s] DEBUG:colcon.colcon_core.shell:Skip shell extension 'dsv' for command environment
[0.362s] INFO:colcon.colcon_ros.task.ament_cmake.build:Building ROS package in '/home/mk/dev_ws/src/my_3d_vision_bringup' with build type 'ament_cmake'
[0.362s] INFO:colcon.colcon_cmake.task.cmake.build:Building CMake package in '/home/mk/dev_ws/src/my_3d_vision_bringup'
[0.362s] INFO:colcon.colcon_core.shell:Skip shell extension 'powershell' for command environment: Not usable outside of PowerShell
[0.362s] DEBUG:colcon.colcon_core.shell:Skip shell extension 'dsv' for command environment
[0.363s] INFO:colcon.colcon_ros.task.ament_cmake.build:Building ROS package in '/home/mk/dev_ws/src/xarm_ros2/thirdparty/realsense_gazebo_plugin' with build type 'ament_cmake'
[0.363s] INFO:colcon.colcon_cmake.task.cmake.build:Building CMake package in '/home/mk/dev_ws/src/xarm_ros2/thirdparty/realsense_gazebo_plugin'
[0.363s] INFO:colcon.colcon_core.shell:Skip shell extension 'powershell' for command environment: Not usable outside of PowerShell
[0.363s] DEBUG:colcon.colcon_core.shell:Skip shell extension 'dsv' for command environment
[0.364s] INFO:colcon.colcon_ros.task.ament_python.build:Building ROS package in '/home/mk/dev_ws/src/robot_motion_handler_movegroup' with build type 'ament_python'
[0.364s] Level 1:colcon.colcon_core.shell:create_environment_hook('robot_motion_handler_movegroup', 'ament_prefix_path')
[0.364s] INFO:colcon.colcon_core.shell:Creating environment hook '/home/mk/dev_ws/install/robot_motion_handler_movegroup/share/robot_motion_handler_movegroup/hook/ament_prefix_path.ps1'
[0.365s] INFO:colcon.colcon_core.shell:Creating environment descriptor '/home/mk/dev_ws/install/robot_motion_handler_movegroup/share/robot_motion_handler_movegroup/hook/ament_prefix_path.dsv'
[0.365s] INFO:colcon.colcon_core.shell:Creating environment hook '/home/mk/dev_ws/install/robot_motion_handler_movegroup/share/robot_motion_handler_movegroup/hook/ament_prefix_path.sh'
[0.365s] INFO:colcon.colcon_core.shell:Skip shell extension 'powershell' for command environment: Not usable outside of PowerShell
[0.365s] DEBUG:colcon.colcon_core.shell:Skip shell extension 'dsv' for command environment
[0.366s] INFO:colcon.colcon_ros.task.ament_python.build:Building ROS package in '/home/mk/dev_ws/src/rviz_marker_static_scene_objects' with build type 'ament_python'
[0.366s] Level 1:colcon.colcon_core.shell:create_environment_hook('rviz_marker_static_scene_objects', 'ament_prefix_path')
[0.367s] INFO:colcon.colcon_core.shell:Creating environment hook '/home/mk/dev_ws/install/rviz_marker_static_scene_objects/share/rviz_marker_static_scene_objects/hook/ament_prefix_path.ps1'
[0.367s] INFO:colcon.colcon_core.shell:Creating environment descriptor '/home/mk/dev_ws/install/rviz_marker_static_scene_objects/share/rviz_marker_static_scene_objects/hook/ament_prefix_path.dsv'
[0.367s] INFO:colcon.colcon_core.shell:Creating environment hook '/home/mk/dev_ws/install/rviz_marker_static_scene_objects/share/rviz_marker_static_scene_objects/hook/ament_prefix_path.sh'
[0.367s] INFO:colcon.colcon_core.shell:Skip shell extension 'powershell' for command environment: Not usable outside of PowerShell
[0.367s] DEBUG:colcon.colcon_core.shell:Skip shell extension 'dsv' for command environment
[0.368s] INFO:colcon.colcon_ros.task.ament_python.build:Building ROS package in '/home/mk/dev_ws/src/rviz_servo_status_overlay' with build type 'ament_python'
[0.368s] Level 1:colcon.colcon_core.shell:create_environment_hook('rviz_servo_status_overlay', 'ament_prefix_path')
[0.369s] INFO:colcon.colcon_core.shell:Creating environment hook '/home/mk/dev_ws/install/rviz_servo_status_overlay/share/rviz_servo_status_overlay/hook/ament_prefix_path.ps1'
[0.369s] INFO:colcon.colcon_core.shell:Creating environment descriptor '/home/mk/dev_ws/install/rviz_servo_status_overlay/share/rviz_servo_status_overlay/hook/ament_prefix_path.dsv'
[0.369s] INFO:colcon.colcon_core.shell:Creating environment hook '/home/mk/dev_ws/install/rviz_servo_status_overlay/share/rviz_servo_status_overlay/hook/ament_prefix_path.sh'
[0.369s] INFO:colcon.colcon_core.shell:Skip shell extension 'powershell' for command environment: Not usable outside of PowerShell
[0.369s] DEBUG:colcon.colcon_core.shell:Skip shell extension 'dsv' for command environment
[0.371s] INFO:colcon.colcon_ros.task.ament_python.build:Building ROS package in '/home/mk/dev_ws/src/yolo_object_detector' with build type 'ament_python'
[0.371s] Level 1:colcon.colcon_core.shell:create_environment_hook('yolo_object_detector', 'ament_prefix_path')
[0.371s] INFO:colcon.colcon_core.shell:Creating environment hook '/home/mk/dev_ws/install/yolo_object_detector/share/yolo_object_detector/hook/ament_prefix_path.ps1'
[0.371s] INFO:colcon.colcon_core.shell:Creating environment descriptor '/home/mk/dev_ws/install/yolo_object_detector/share/yolo_object_detector/hook/ament_prefix_path.dsv'
[0.371s] INFO:colcon.colcon_core.shell:Creating environment hook '/home/mk/dev_ws/install/yolo_object_detector/share/yolo_object_detector/hook/ament_prefix_path.sh'
[0.371s] INFO:colcon.colcon_core.shell:Skip shell extension 'powershell' for command environment: Not usable outside of PowerShell
[0.371s] DEBUG:colcon.colcon_core.shell:Skip shell extension 'dsv' for command environment
[0.375s] DEBUG:colcon.colcon_core.event_handler.log_command:Invoking command in '/home/mk/dev_ws/build/xarm_msgs': CMAKE_PREFIX_PATH=/opt/ros/humble /usr/bin/cmake /home/mk/dev_ws/src/xarm_ros2/xarm_msgs -DAMENT_CMAKE_SYMLINK_INSTALL=1 -DCMAKE_INSTALL_PREFIX=/home/mk/dev_ws/install/xarm_msgs
[0.377s] DEBUG:colcon.colcon_core.event_handler.log_command:Invoking command in '/home/mk/dev_ws/build/whisper_idl': CMAKE_PREFIX_PATH=/opt/ros/humble /usr/bin/cmake /home/mk/dev_ws/src/ros2_whisper/whisper_idl -DAMENT_CMAKE_SYMLINK_INSTALL=1 -DCMAKE_INSTALL_PREFIX=/home/mk/dev_ws/install/whisper_idl
[0.378s] DEBUG:colcon.colcon_core.event_handler.log_command:Invoking command in '/home/mk/dev_ws/build/xarm_description': CMAKE_PREFIX_PATH=/opt/ros/humble /usr/bin/cmake /home/mk/dev_ws/src/xarm_ros2/xarm_description -DAMENT_CMAKE_SYMLINK_INSTALL=1 -DCMAKE_INSTALL_PREFIX=/home/mk/dev_ws/install/xarm_description
[0.379s] DEBUG:colcon.colcon_core.event_handler.log_command:Invoking command in '/home/mk/dev_ws/build/xarm_sdk': CMAKE_PREFIX_PATH=/opt/ros/humble /usr/bin/cmake /home/mk/dev_ws/src/xarm_ros2/xarm_sdk -DAMENT_CMAKE_SYMLINK_INSTALL=1 -DCMAKE_INSTALL_PREFIX=/home/mk/dev_ws/install/xarm_sdk
[0.379s] DEBUG:colcon.colcon_core.event_handler.log_command:Invoking command in '/home/mk/dev_ws/build/whisper_cpp_vendor': CMAKE_PREFIX_PATH=/opt/ros/humble /usr/bin/cmake /home/mk/dev_ws/src/ros2_whisper/whisper_cpp_vendor -DAMENT_CMAKE_SYMLINK_INSTALL=1 -DCMAKE_INSTALL_PREFIX=/home/mk/dev_ws/install/whisper_cpp_vendor
[0.529s] INFO:colcon.colcon_core.task.python.build:Building Python package in '/home/mk/dev_ws/src/xarm_ros2/uf_ros_lib'
[0.530s] INFO:colcon.colcon_core.shell:Skip shell extension 'powershell' for command environment: Not usable outside of PowerShell
[0.530s] DEBUG:colcon.colcon_core.shell:Skip shell extension 'dsv' for command environment
[0.533s] DEBUG:colcon.colcon_core.event_handler.log_command:Invoking command in '/home/mk/dev_ws/build/zed_interfaces': CMAKE_PREFIX_PATH=/opt/ros/humble /usr/bin/cmake /home/mk/dev_ws/src/zed-ros2-interfaces -DAMENT_CMAKE_SYMLINK_INSTALL=1 -DCMAKE_INSTALL_PREFIX=/home/mk/dev_ws/install/zed_interfaces
[0.684s] INFO:colcon.colcon_core.task.python.build:Building Python package in '/home/mk/dev_ws/src/ros2_whisper/audio_listener'
[0.684s] INFO:colcon.colcon_core.shell:Skip shell extension 'powershell' for command environment: Not usable outside of PowerShell
[0.684s] DEBUG:colcon.colcon_core.shell:Skip shell extension 'dsv' for command environment
[0.831s] INFO:colcon.colcon_core.task.python.build:Building Python package in '/home/mk/dev_ws/src/collision_check'
[0.831s] INFO:colcon.colcon_core.shell:Skip shell extension 'powershell' for command environment: Not usable outside of PowerShell
[0.831s] DEBUG:colcon.colcon_core.shell:Skip shell extension 'dsv' for command environment
[0.973s] INFO:colcon.colcon_core.task.python.build:Building Python package in '/home/mk/dev_ws/src/gaze_control'
[0.973s] INFO:colcon.colcon_core.shell:Skip shell extension 'powershell' for command environment: Not usable outside of PowerShell
[0.973s] DEBUG:colcon.colcon_core.shell:Skip shell extension 'dsv' for command environment
[0.977s] DEBUG:colcon.colcon_core.event_handler.log_command:Invoking command in '/home/mk/dev_ws/build/mbot_demo': CMAKE_PREFIX_PATH=/opt/ros/humble /usr/bin/cmake /home/mk/dev_ws/src/xarm_ros2/demo/mbot_demo -DAMENT_CMAKE_SYMLINK_INSTALL=1 -DCMAKE_INSTALL_PREFIX=/home/mk/dev_ws/install/mbot_demo
[0.977s] DEBUG:colcon.colcon_core.event_handler.log_command:Invoking command in '/home/mk/dev_ws/build/my_3d_vision_bringup': CMAKE_PREFIX_PATH=/opt/ros/humble /usr/bin/cmake /home/mk/dev_ws/src/my_3d_vision_bringup -DAMENT_CMAKE_SYMLINK_INSTALL=1 -DCMAKE_INSTALL_PREFIX=/home/mk/dev_ws/install/my_3d_vision_bringup
[0.978s] DEBUG:colcon.colcon_core.event_handler.log_command:Invoking command in '/home/mk/dev_ws/build/realsense_gazebo_plugin': CMAKE_PREFIX_PATH=/opt/ros/humble /usr/bin/cmake /home/mk/dev_ws/src/xarm_ros2/thirdparty/realsense_gazebo_plugin -DAMENT_CMAKE_SYMLINK_INSTALL=1 -DCMAKE_INSTALL_PREFIX=/home/mk/dev_ws/install/realsense_gazebo_plugin
[1.122s] INFO:colcon.colcon_core.task.python.build:Building Python package in '/home/mk/dev_ws/src/robot_motion_handler_movegroup'
[1.122s] INFO:colcon.colcon_core.shell:Skip shell extension 'powershell' for command environment: Not usable outside of PowerShell
[1.122s] DEBUG:colcon.colcon_core.shell:Skip shell extension 'dsv' for command environment
[1.271s] INFO:colcon.colcon_core.task.python.build:Building Python package in '/home/mk/dev_ws/src/rviz_marker_static_scene_objects'
[1.271s] INFO:colcon.colcon_core.shell:Skip shell extension 'powershell' for command environment: Not usable outside of PowerShell
[1.271s] DEBUG:colcon.colcon_core.shell:Skip shell extension 'dsv' for command environment
[1.421s] INFO:colcon.colcon_core.task.python.build:Building Python package in '/home/mk/dev_ws/src/rviz_servo_status_overlay'
[1.421s] INFO:colcon.colcon_core.shell:Skip shell extension 'powershell' for command environment: Not usable outside of PowerShell
[1.421s] DEBUG:colcon.colcon_core.shell:Skip shell extension 'dsv' for command environment
[1.566s] INFO:colcon.colcon_core.task.python.build:Building Python package in '/home/mk/dev_ws/src/yolo_object_detector'
[1.566s] INFO:colcon.colcon_core.shell:Skip shell extension 'powershell' for command environment: Not usable outside of PowerShell
[1.566s] DEBUG:colcon.colcon_core.shell:Skip shell extension 'dsv' for command environment
[1.580s] DEBUG:colcon.colcon_core.event_handler.log_command:Invoked command in '/home/mk/dev_ws/build/xarm_description' returned '0': CMAKE_PREFIX_PATH=/opt/ros/humble /usr/bin/cmake /home/mk/dev_ws/src/xarm_ros2/xarm_description -DAMENT_CMAKE_SYMLINK_INSTALL=1 -DCMAKE_INSTALL_PREFIX=/home/mk/dev_ws/install/xarm_description
[1.581s] DEBUG:colcon.colcon_core.event_handler.log_command:Invoking command in '/home/mk/dev_ws/build/xarm_description': CMAKE_PREFIX_PATH=/opt/ros/humble /usr/bin/cmake --build /home/mk/dev_ws/build/xarm_description -- -j20 -l20
[1.581s] DEBUG:colcon.colcon_core.event_handler.log_command:Invoked command in '/home/mk/dev_ws/build/xarm_sdk' returned '0': CMAKE_PREFIX_PATH=/opt/ros/humble /usr/bin/cmake /home/mk/dev_ws/src/xarm_ros2/xarm_sdk -DAMENT_CMAKE_SYMLINK_INSTALL=1 -DCMAKE_INSTALL_PREFIX=/home/mk/dev_ws/install/xarm_sdk
[1.581s] DEBUG:colcon.colcon_core.event_handler.log_command:Invoking command in '/home/mk/dev_ws/build/xarm_sdk': CMAKE_PREFIX_PATH=/opt/ros/humble /usr/bin/cmake --build /home/mk/dev_ws/build/xarm_sdk -- -j20 -l20
[1.582s] DEBUG:colcon.colcon_core.event_handler.log_command:Invoked command in '/home/mk/dev_ws/build/whisper_idl' returned '0': CMAKE_PREFIX_PATH=/opt/ros/humble /usr/bin/cmake /home/mk/dev_ws/src/ros2_whisper/whisper_idl -DAMENT_CMAKE_SYMLINK_INSTALL=1 -DCMAKE_INSTALL_PREFIX=/home/mk/dev_ws/install/whisper_idl
[1.582s] DEBUG:colcon.colcon_core.event_handler.log_command:Invoking command in '/home/mk/dev_ws/build/whisper_idl': CMAKE_PREFIX_PATH=/opt/ros/humble /usr/bin/cmake --build /home/mk/dev_ws/build/whisper_idl -- -j20 -l20
[1.582s] DEBUG:colcon.colcon_core.event_handler.log_command:Invoked command in '/home/mk/dev_ws/build/mbot_demo' returned '0': CMAKE_PREFIX_PATH=/opt/ros/humble /usr/bin/cmake /home/mk/dev_ws/src/xarm_ros2/demo/mbot_demo -DAMENT_CMAKE_SYMLINK_INSTALL=1 -DCMAKE_INSTALL_PREFIX=/home/mk/dev_ws/install/mbot_demo
[1.583s] DEBUG:colcon.colcon_core.event_handler.log_command:Invoking command in '/home/mk/dev_ws/build/mbot_demo': CMAKE_PREFIX_PATH=/opt/ros/humble /usr/bin/cmake --build /home/mk/dev_ws/build/mbot_demo -- -j20 -l20
[1.606s] DEBUG:colcon.colcon_core.event_handler.log_command:Invoked command in '/home/mk/dev_ws/build/mbot_demo' returned '0': CMAKE_PREFIX_PATH=/opt/ros/humble /usr/bin/cmake --build /home/mk/dev_ws/build/mbot_demo -- -j20 -l20
[1.613s] DEBUG:colcon.colcon_core.event_handler.log_command:Invoking command in '/home/mk/dev_ws/build/mbot_demo': CMAKE_PREFIX_PATH=/opt/ros/humble /usr/bin/cmake --install /home/mk/dev_ws/build/mbot_demo
[1.614s] DEBUG:colcon.colcon_core.event_handler.log_command:Invoked command in '/home/mk/dev_ws/build/xarm_description' returned '0': CMAKE_PREFIX_PATH=/opt/ros/humble /usr/bin/cmake --build /home/mk/dev_ws/build/xarm_description -- -j20 -l20
[1.615s] DEBUG:colcon.colcon_core.event_handler.log_command:Invoking command in '/home/mk/dev_ws/build/xarm_description': CMAKE_PREFIX_PATH=/opt/ros/humble /usr/bin/cmake --install /home/mk/dev_ws/build/xarm_description
[2.163s] Level 1:colcon.colcon_core.environment:create_environment_scripts_only(mbot_demo)
[2.164s] DEBUG:colcon.colcon_core.event_handler.log_command:Invoked command in '/home/mk/dev_ws/build/mbot_demo' returned '0': CMAKE_PREFIX_PATH=/opt/ros/humble /usr/bin/cmake --install /home/mk/dev_ws/build/mbot_demo
[2.168s] Level 1:colcon.colcon_core.environment:checking '/home/mk/dev_ws/install/mbot_demo' for CMake module files
[2.169s] Level 1:colcon.colcon_core.environment:checking '/home/mk/dev_ws/install/mbot_demo' for CMake config files
[2.169s] Level 1:colcon.colcon_core.shell:create_environment_hook('mbot_demo', 'cmake_prefix_path')
[2.169s] INFO:colcon.colcon_core.shell:Creating environment hook '/home/mk/dev_ws/install/mbot_demo/share/mbot_demo/hook/cmake_prefix_path.ps1'
[2.173s] INFO:colcon.colcon_core.shell:Creating environment descriptor '/home/mk/dev_ws/install/mbot_demo/share/mbot_demo/hook/cmake_prefix_path.dsv'
[2.178s] INFO:colcon.colcon_core.shell:Creating environment hook '/home/mk/dev_ws/install/mbot_demo/share/mbot_demo/hook/cmake_prefix_path.sh'
[2.179s] Level 1:colcon.colcon_core.environment:checking '/home/mk/dev_ws/install/mbot_demo/bin'
[2.179s] Level 1:colcon.colcon_core.environment:checking '/home/mk/dev_ws/install/mbot_demo/lib/pkgconfig/mbot_demo.pc'
[2.179s] Level 1:colcon.colcon_core.environment:checking '/home/mk/dev_ws/install/mbot_demo/lib/python3.10/site-packages'
[2.179s] Level 1:colcon.colcon_core.environment:checking '/home/mk/dev_ws/install/mbot_demo/bin'
[2.180s] INFO:colcon.colcon_core.shell:Creating package script '/home/mk/dev_ws/install/mbot_demo/share/mbot_demo/package.ps1'
[2.187s] INFO:colcon.colcon_core.shell:Creating package descriptor '/home/mk/dev_ws/install/mbot_demo/share/mbot_demo/package.dsv'
[2.188s] INFO:colcon.colcon_core.shell:Creating package script '/home/mk/dev_ws/install/mbot_demo/share/mbot_demo/package.sh'
[2.189s] INFO:colcon.colcon_core.shell:Creating package script '/home/mk/dev_ws/install/mbot_demo/share/mbot_demo/package.bash'
[2.197s] INFO:colcon.colcon_core.shell:Creating package script '/home/mk/dev_ws/install/mbot_demo/share/mbot_demo/package.zsh'
[2.198s] Level 1:colcon.colcon_core.environment:create_file_with_runtime_dependencies(/home/mk/dev_ws/install/mbot_demo/share/colcon-core/packages/mbot_demo)
[2.198s] Level 1:colcon.colcon_core.environment:create_environment_scripts_only(mbot_demo)
[2.198s] Level 1:colcon.colcon_core.environment:checking '/home/mk/dev_ws/install/mbot_demo' for CMake module files
[2.205s] Level 1:colcon.colcon_core.environment:checking '/home/mk/dev_ws/install/mbot_demo' for CMake config files
[2.207s] Level 1:colcon.colcon_core.shell:create_environment_hook('mbot_demo', 'cmake_prefix_path')
[2.208s] INFO:colcon.colcon_core.shell:Creating environment hook '/home/mk/dev_ws/install/mbot_demo/share/mbot_demo/hook/cmake_prefix_path.ps1'
[2.208s] INFO:colcon.colcon_core.shell:Creating environment descriptor '/home/mk/dev_ws/install/mbot_demo/share/mbot_demo/hook/cmake_prefix_path.dsv'
[2.209s] INFO:colcon.colcon_core.shell:Creating environment hook '/home/mk/dev_ws/install/mbot_demo/share/mbot_demo/hook/cmake_prefix_path.sh'
[2.209s] Level 1:colcon.colcon_core.environment:checking '/home/mk/dev_ws/install/mbot_demo/bin'
[2.209s] Level 1:colcon.colcon_core.environment:checking '/home/mk/dev_ws/install/mbot_demo/lib/pkgconfig/mbot_demo.pc'
[2.210s] Level 1:colcon.colcon_core.environment:checking '/home/mk/dev_ws/install/mbot_demo/lib/python3.10/site-packages'
[2.210s] Level 1:colcon.colcon_core.environment:checking '/home/mk/dev_ws/install/mbot_demo/bin'
[2.210s] INFO:colcon.colcon_core.shell:Creating package script '/home/mk/dev_ws/install/mbot_demo/share/mbot_demo/package.ps1'
[2.213s] INFO:colcon.colcon_core.shell:Creating package descriptor '/home/mk/dev_ws/install/mbot_demo/share/mbot_demo/package.dsv'
[2.213s] INFO:colcon.colcon_core.shell:Creating package script '/home/mk/dev_ws/install/mbot_demo/share/mbot_demo/package.sh'
[2.214s] INFO:colcon.colcon_core.shell:Creating package script '/home/mk/dev_ws/install/mbot_demo/share/mbot_demo/package.bash'
[2.216s] INFO:colcon.colcon_core.shell:Creating package script '/home/mk/dev_ws/install/mbot_demo/share/mbot_demo/package.zsh'
[2.216s] Level 1:colcon.colcon_core.environment:create_file_with_runtime_dependencies(/home/mk/dev_ws/install/mbot_demo/share/colcon-core/packages/mbot_demo)
[2.235s] DEBUG:colcon.colcon_core.event_handler.log_command:Invoked command in '/home/mk/dev_ws/build/zed_interfaces' returned '0': CMAKE_PREFIX_PATH=/opt/ros/humble /usr/bin/cmake /home/mk/dev_ws/src/zed-ros2-interfaces -DAMENT_CMAKE_SYMLINK_INSTALL=1 -DCMAKE_INSTALL_PREFIX=/home/mk/dev_ws/install/zed_interfaces
[2.236s] DEBUG:colcon.colcon_core.event_handler.log_command:Invoking command in '/home/mk/dev_ws/build/zed_interfaces': CMAKE_PREFIX_PATH=/opt/ros/humble /usr/bin/cmake --build /home/mk/dev_ws/build/zed_interfaces -- -j20 -l20
[2.331s] DEBUG:colcon.colcon_core.event_handler.log_command:Invoking command in '/home/mk/dev_ws/build/rviz_marker_static_scene_objects': PYTHONPATH=/home/mk/dev_ws/build/rviz_marker_static_scene_objects/prefix_override:/usr/lib/python3/dist-packages/colcon_core/task/python/colcon_distutils_commands:/home/mk/dev_ws/install/rviz_marker_static_scene_objects/lib/python3.10/site-packages:${PYTHONPATH} /usr/bin/python3 -W ignore:setup.py install is deprecated -W ignore:easy_install command is deprecated setup.py develop --editable --build-directory /home/mk/dev_ws/build/rviz_marker_static_scene_objects/build --no-deps symlink_data
[2.384s] DEBUG:colcon.colcon_core.event_handler.log_command:Invoking command in '/home/mk/dev_ws/build/audio_listener': PYTHONPATH=/home/mk/dev_ws/build/audio_listener/prefix_override:/usr/lib/python3/dist-packages/colcon_core/task/python/colcon_distutils_commands:/home/mk/dev_ws/install/audio_listener/lib/python3.10/site-packages:${PYTHONPATH} /usr/bin/python3 -W ignore:setup.py install is deprecated -W ignore:easy_install command is deprecated setup.py develop --editable --build-directory /home/mk/dev_ws/build/audio_listener/build --no-deps symlink_data
[2.398s] DEBUG:colcon.colcon_core.event_handler.log_command:Invoking command in '/home/mk/dev_ws/build/yolo_object_detector': PYTHONPATH=/home/mk/dev_ws/build/yolo_object_detector/prefix_override:/usr/lib/python3/dist-packages/colcon_core/task/python/colcon_distutils_commands:/home/mk/dev_ws/install/yolo_object_detector/lib/python3.10/site-packages:${PYTHONPATH} /usr/bin/python3 -W ignore:setup.py install is deprecated -W ignore:easy_install command is deprecated setup.py develop --editable --build-directory /home/mk/dev_ws/build/yolo_object_detector/build --no-deps symlink_data
[2.415s] DEBUG:colcon.colcon_core.event_handler.log_command:Invoking command in '/home/mk/dev_ws/build/rviz_servo_status_overlay': PYTHONPATH=/home/mk/dev_ws/build/rviz_servo_status_overlay/prefix_override:/usr/lib/python3/dist-packages/colcon_core/task/python/colcon_distutils_commands:/home/mk/dev_ws/install/rviz_servo_status_overlay/lib/python3.10/site-packages:${PYTHONPATH} /usr/bin/python3 -W ignore:setup.py install is deprecated -W ignore:easy_install command is deprecated setup.py develop --editable --build-directory /home/mk/dev_ws/build/rviz_servo_status_overlay/build --no-deps symlink_data
[2.442s] DEBUG:colcon.colcon_core.event_handler.log_command:Invoking command in '/home/mk/dev_ws/build/collision_check': PYTHONPATH=/home/mk/dev_ws/build/collision_check/prefix_override:/usr/lib/python3/dist-packages/colcon_core/task/python/colcon_distutils_commands:/home/mk/dev_ws/install/collision_check/lib/python3.10/site-packages:${PYTHONPATH} /usr/bin/python3 -W ignore:setup.py install is deprecated -W ignore:easy_install command is deprecated setup.py develop --editable --build-directory /home/mk/dev_ws/build/collision_check/build --no-deps symlink_data
[2.458s] DEBUG:colcon.colcon_core.event_handler.log_command:Invoking command in '/home/mk/dev_ws/build/uf_ros_lib': PYTHONPATH=/home/mk/dev_ws/build/uf_ros_lib/prefix_override:/usr/lib/python3/dist-packages/colcon_core/task/python/colcon_distutils_commands:/home/mk/dev_ws/install/uf_ros_lib/lib/python3.10/site-packages:${PYTHONPATH} /usr/bin/python3 -W ignore:setup.py install is deprecated -W ignore:easy_install command is deprecated setup.py develop --editable --build-directory /home/mk/dev_ws/build/uf_ros_lib/build --no-deps symlink_data
[2.470s] DEBUG:colcon.colcon_core.event_handler.log_command:Invoked command in '/home/mk/dev_ws/build/xarm_msgs' returned '0': CMAKE_PREFIX_PATH=/opt/ros/humble /usr/bin/cmake /home/mk/dev_ws/src/xarm_ros2/xarm_msgs -DAMENT_CMAKE_SYMLINK_INSTALL=1 -DCMAKE_INSTALL_PREFIX=/home/mk/dev_ws/install/xarm_msgs
[2.470s] DEBUG:colcon.colcon_core.event_handler.log_command:Invoking command in '/home/mk/dev_ws/build/xarm_msgs': CMAKE_PREFIX_PATH=/opt/ros/humble /usr/bin/cmake --build /home/mk/dev_ws/build/xarm_msgs -- -j20 -l20
[2.577s] DEBUG:colcon.colcon_core.event_handler.log_command:Invoking command in '/home/mk/dev_ws/build/robot_motion_handler_movegroup': PYTHONPATH=/home/mk/dev_ws/build/robot_motion_handler_movegroup/prefix_override:/usr/lib/python3/dist-packages/colcon_core/task/python/colcon_distutils_commands:/home/mk/dev_ws/install/robot_motion_handler_movegroup/lib/python3.10/site-packages:${PYTHONPATH} /usr/bin/python3 -W ignore:setup.py install is deprecated -W ignore:easy_install command is deprecated setup.py develop --editable --build-directory /home/mk/dev_ws/build/robot_motion_handler_movegroup/build --no-deps symlink_data
[2.719s] DEBUG:colcon.colcon_core.event_handler.log_command:Invoking command in '/home/mk/dev_ws/build/gaze_control': PYTHONPATH=/home/mk/dev_ws/build/gaze_control/prefix_override:/usr/lib/python3/dist-packages/colcon_core/task/python/colcon_distutils_commands:/home/mk/dev_ws/install/gaze_control/lib/python3.10/site-packages:${PYTHONPATH} /usr/bin/python3 -W ignore:setup.py install is deprecated -W ignore:easy_install command is deprecated setup.py develop --editable --build-directory /home/mk/dev_ws/build/gaze_control/build --no-deps symlink_data
[2.913s] DEBUG:colcon.colcon_core.event_handler.log_command:Invoked command in '/home/mk/dev_ws/build/my_3d_vision_bringup' returned '0': CMAKE_PREFIX_PATH=/opt/ros/humble /usr/bin/cmake /home/mk/dev_ws/src/my_3d_vision_bringup -DAMENT_CMAKE_SYMLINK_INSTALL=1 -DCMAKE_INSTALL_PREFIX=/home/mk/dev_ws/install/my_3d_vision_bringup
[2.918s] DEBUG:colcon.colcon_core.event_handler.log_command:Invoking command in '/home/mk/dev_ws/build/my_3d_vision_bringup': CMAKE_PREFIX_PATH=/opt/ros/humble /usr/bin/cmake --build /home/mk/dev_ws/build/my_3d_vision_bringup -- -j20 -l20
[3.241s] Level 1:colcon.colcon_core.shell:create_environment_hook('uf_ros_lib', 'pythonpath_develop')
[3.241s] INFO:colcon.colcon_core.shell:Creating environment hook '/home/mk/dev_ws/build/uf_ros_lib/share/uf_ros_lib/hook/pythonpath_develop.ps1'
[3.242s] DEBUG:colcon.colcon_core.event_handler.log_command:Invoked command in '/home/mk/dev_ws/build/uf_ros_lib' returned '0': PYTHONPATH=/home/mk/dev_ws/build/uf_ros_lib/prefix_override:/usr/lib/python3/dist-packages/colcon_core/task/python/colcon_distutils_commands:/home/mk/dev_ws/install/uf_ros_lib/lib/python3.10/site-packages:${PYTHONPATH} /usr/bin/python3 -W ignore:setup.py install is deprecated -W ignore:easy_install command is deprecated setup.py develop --editable --build-directory /home/mk/dev_ws/build/uf_ros_lib/build --no-deps symlink_data
[3.243s] INFO:colcon.colcon_core.shell:Creating environment descriptor '/home/mk/dev_ws/build/uf_ros_lib/share/uf_ros_lib/hook/pythonpath_develop.dsv'
[3.243s] INFO:colcon.colcon_core.shell:Creating environment hook '/home/mk/dev_ws/build/uf_ros_lib/share/uf_ros_lib/hook/pythonpath_develop.sh'
[3.244s] Level 1:colcon.colcon_core.environment:checking '/home/mk/dev_ws/install/uf_ros_lib' for CMake module files
[3.244s] Level 1:colcon.colcon_core.environment:checking '/home/mk/dev_ws/install/uf_ros_lib' for CMake config files
[3.245s] Level 1:colcon.colcon_core.environment:checking '/home/mk/dev_ws/install/uf_ros_lib/lib'
[3.245s] Level 1:colcon.colcon_core.environment:checking '/home/mk/dev_ws/install/uf_ros_lib/bin'
[3.245s] Level 1:colcon.colcon_core.environment:checking '/home/mk/dev_ws/install/uf_ros_lib/lib/pkgconfig/uf_ros_lib.pc'
[3.245s] Level 1:colcon.colcon_core.environment:checking '/home/mk/dev_ws/install/uf_ros_lib/lib/python3.10/site-packages'
[3.245s] Level 1:colcon.colcon_core.shell:create_environment_hook('uf_ros_lib', 'pythonpath')
[3.245s] INFO:colcon.colcon_core.shell:Creating environment hook '/home/mk/dev_ws/install/uf_ros_lib/share/uf_ros_lib/hook/pythonpath.ps1'
[3.246s] INFO:colcon.colcon_core.shell:Creating environment descriptor '/home/mk/dev_ws/install/uf_ros_lib/share/uf_ros_lib/hook/pythonpath.dsv'
[3.246s] INFO:colcon.colcon_core.shell:Creating environment hook '/home/mk/dev_ws/install/uf_ros_lib/share/uf_ros_lib/hook/pythonpath.sh'
[3.246s] Level 1:colcon.colcon_core.environment:checking '/home/mk/dev_ws/install/uf_ros_lib/bin'
[3.246s] Level 1:colcon.colcon_core.environment:create_environment_scripts_only(uf_ros_lib)
[3.247s] INFO:colcon.colcon_core.shell:Creating package script '/home/mk/dev_ws/install/uf_ros_lib/share/uf_ros_lib/package.ps1'
[3.252s] INFO:colcon.colcon_core.shell:Creating package descriptor '/home/mk/dev_ws/install/uf_ros_lib/share/uf_ros_lib/package.dsv'
[3.252s] INFO:colcon.colcon_core.shell:Creating package script '/home/mk/dev_ws/install/uf_ros_lib/share/uf_ros_lib/package.sh'
[3.252s] INFO:colcon.colcon_core.shell:Creating package script '/home/mk/dev_ws/install/uf_ros_lib/share/uf_ros_lib/package.bash'
[3.253s] INFO:colcon.colcon_core.shell:Creating package script '/home/mk/dev_ws/install/uf_ros_lib/share/uf_ros_lib/package.zsh'
[3.253s] Level 1:colcon.colcon_core.environment:create_file_with_runtime_dependencies(/home/mk/dev_ws/install/uf_ros_lib/share/colcon-core/packages/uf_ros_lib)
[3.326s] Level 1:colcon.colcon_core.shell:create_environment_hook('audio_listener', 'pythonpath_develop')
[3.326s] INFO:colcon.colcon_core.shell:Creating environment hook '/home/mk/dev_ws/build/audio_listener/share/audio_listener/hook/pythonpath_develop.ps1'
[3.327s] DEBUG:colcon.colcon_core.event_handler.log_command:Invoked command in '/home/mk/dev_ws/build/audio_listener' returned '0': PYTHONPATH=/home/mk/dev_ws/build/audio_listener/prefix_override:/usr/lib/python3/dist-packages/colcon_core/task/python/colcon_distutils_commands:/home/mk/dev_ws/install/audio_listener/lib/python3.10/site-packages:${PYTHONPATH} /usr/bin/python3 -W ignore:setup.py install is deprecated -W ignore:easy_install command is deprecated setup.py develop --editable --build-directory /home/mk/dev_ws/build/audio_listener/build --no-deps symlink_data
[3.327s] INFO:colcon.colcon_core.shell:Creating environment descriptor '/home/mk/dev_ws/build/audio_listener/share/audio_listener/hook/pythonpath_develop.dsv'
[3.327s] INFO:colcon.colcon_core.shell:Creating environment hook '/home/mk/dev_ws/build/audio_listener/share/audio_listener/hook/pythonpath_develop.sh'
[3.328s] Level 1:colcon.colcon_core.environment:checking '/home/mk/dev_ws/install/audio_listener' for CMake module files
[3.328s] Level 1:colcon.colcon_core.environment:checking '/home/mk/dev_ws/install/audio_listener' for CMake config files
[3.329s] Level 1:colcon.colcon_core.environment:checking '/home/mk/dev_ws/install/audio_listener/lib'
[3.329s] Level 1:colcon.colcon_core.environment:checking '/home/mk/dev_ws/install/audio_listener/bin'
[3.329s] Level 1:colcon.colcon_core.environment:checking '/home/mk/dev_ws/install/audio_listener/lib/pkgconfig/audio_listener.pc'
[3.329s] Level 1:colcon.colcon_core.environment:checking '/home/mk/dev_ws/install/audio_listener/lib/python3.10/site-packages'
[3.329s] Level 1:colcon.colcon_core.shell:create_environment_hook('audio_listener', 'pythonpath')
[3.329s] INFO:colcon.colcon_core.shell:Creating environment hook '/home/mk/dev_ws/install/audio_listener/share/audio_listener/hook/pythonpath.ps1'
[3.329s] INFO:colcon.colcon_core.shell:Creating environment descriptor '/home/mk/dev_ws/install/audio_listener/share/audio_listener/hook/pythonpath.dsv'
[3.330s] INFO:colcon.colcon_core.shell:Creating environment hook '/home/mk/dev_ws/install/audio_listener/share/audio_listener/hook/pythonpath.sh'
[3.330s] Level 1:colcon.colcon_core.environment:checking '/home/mk/dev_ws/install/audio_listener/bin'
[3.330s] Level 1:colcon.colcon_core.environment:create_environment_scripts_only(audio_listener)
[3.331s] INFO:colcon.colcon_core.shell:Creating package script '/home/mk/dev_ws/install/audio_listener/share/audio_listener/package.ps1'
[3.337s] INFO:colcon.colcon_core.shell:Creating package descriptor '/home/mk/dev_ws/install/audio_listener/share/audio_listener/package.dsv'
[3.338s] INFO:colcon.colcon_core.shell:Creating package script '/home/mk/dev_ws/install/audio_listener/share/audio_listener/package.sh'
[3.338s] INFO:colcon.colcon_core.shell:Creating package script '/home/mk/dev_ws/install/audio_listener/share/audio_listener/package.bash'
[3.345s] INFO:colcon.colcon_core.shell:Creating package script '/home/mk/dev_ws/install/audio_listener/share/audio_listener/package.zsh'
[3.345s] Level 1:colcon.colcon_core.environment:create_file_with_runtime_dependencies(/home/mk/dev_ws/install/audio_listener/share/colcon-core/packages/audio_listener)
[3.443s] Level 1:colcon.colcon_core.shell:create_environment_hook('yolo_object_detector', 'pythonpath_develop')
[3.443s] INFO:colcon.colcon_core.shell:Creating environment hook '/home/mk/dev_ws/build/yolo_object_detector/share/yolo_object_detector/hook/pythonpath_develop.ps1'
[3.443s] INFO:colcon.colcon_core.shell:Creating environment descriptor '/home/mk/dev_ws/build/yolo_object_detector/share/yolo_object_detector/hook/pythonpath_develop.dsv'
[3.444s] INFO:colcon.colcon_core.shell:Creating environment hook '/home/mk/dev_ws/build/yolo_object_detector/share/yolo_object_detector/hook/pythonpath_develop.sh'
[3.444s] Level 1:colcon.colcon_core.environment:checking '/home/mk/dev_ws/install/yolo_object_detector' for CMake module files
[3.444s] Level 1:colcon.colcon_core.environment:checking '/home/mk/dev_ws/install/yolo_object_detector' for CMake config files
[3.445s] Level 1:colcon.colcon_core.environment:checking '/home/mk/dev_ws/install/yolo_object_detector/lib'
[3.445s] Level 1:colcon.colcon_core.environment:checking '/home/mk/dev_ws/install/yolo_object_detector/bin'
[3.445s] Level 1:colcon.colcon_core.environment:checking '/home/mk/dev_ws/install/yolo_object_detector/lib/pkgconfig/yolo_object_detector.pc'
[3.445s] Level 1:colcon.colcon_core.environment:checking '/home/mk/dev_ws/install/yolo_object_detector/lib/python3.10/site-packages'
[3.445s] Level 1:colcon.colcon_core.shell:create_environment_hook('yolo_object_detector', 'pythonpath')
[3.445s] INFO:colcon.colcon_core.shell:Creating environment hook '/home/mk/dev_ws/install/yolo_object_detector/share/yolo_object_detector/hook/pythonpath.ps1'
[3.446s] INFO:colcon.colcon_core.shell:Creating environment descriptor '/home/mk/dev_ws/install/yolo_object_detector/share/yolo_object_detector/hook/pythonpath.dsv'
[3.446s] DEBUG:colcon.colcon_core.event_handler.log_command:Invoked command in '/home/mk/dev_ws/build/yolo_object_detector' returned '0': PYTHONPATH=/home/mk/dev_ws/build/yolo_object_detector/prefix_override:/usr/lib/python3/dist-packages/colcon_core/task/python/colcon_distutils_commands:/home/mk/dev_ws/install/yolo_object_detector/lib/python3.10/site-packages:${PYTHONPATH} /usr/bin/python3 -W ignore:setup.py install is deprecated -W ignore:easy_install command is deprecated setup.py develop --editable --build-directory /home/mk/dev_ws/build/yolo_object_detector/build --no-deps symlink_data
[3.449s] INFO:colcon.colcon_core.shell:Creating environment hook '/home/mk/dev_ws/install/yolo_object_detector/share/yolo_object_detector/hook/pythonpath.sh'
[3.449s] Level 1:colcon.colcon_core.environment:checking '/home/mk/dev_ws/install/yolo_object_detector/bin'
[3.449s] Level 1:colcon.colcon_core.environment:create_environment_scripts_only(yolo_object_detector)
[3.450s] INFO:colcon.colcon_core.shell:Creating package script '/home/mk/dev_ws/install/yolo_object_detector/share/yolo_object_detector/package.ps1'
[3.453s] INFO:colcon.colcon_core.shell:Creating package descriptor '/home/mk/dev_ws/install/yolo_object_detector/share/yolo_object_detector/package.dsv'
[3.454s] INFO:colcon.colcon_core.shell:Creating package script '/home/mk/dev_ws/install/yolo_object_detector/share/yolo_object_detector/package.sh'
[3.454s] INFO:colcon.colcon_core.shell:Creating package script '/home/mk/dev_ws/install/yolo_object_detector/share/yolo_object_detector/package.bash'
[3.454s] INFO:colcon.colcon_core.shell:Creating package script '/home/mk/dev_ws/install/yolo_object_detector/share/yolo_object_detector/package.zsh'
[3.455s] Level 1:colcon.colcon_core.environment:create_file_with_runtime_dependencies(/home/mk/dev_ws/install/yolo_object_detector/share/colcon-core/packages/yolo_object_detector)
[3.620s] Level 1:colcon.colcon_core.shell:create_environment_hook('robot_motion_handler_movegroup', 'pythonpath_develop')
[3.620s] INFO:colcon.colcon_core.shell:Creating environment hook '/home/mk/dev_ws/build/robot_motion_handler_movegroup/share/robot_motion_handler_movegroup/hook/pythonpath_develop.ps1'
[3.621s] INFO:colcon.colcon_core.shell:Creating environment descriptor '/home/mk/dev_ws/build/robot_motion_handler_movegroup/share/robot_motion_handler_movegroup/hook/pythonpath_develop.dsv'
[3.621s] INFO:colcon.colcon_core.shell:Creating environment hook '/home/mk/dev_ws/build/robot_motion_handler_movegroup/share/robot_motion_handler_movegroup/hook/pythonpath_develop.sh'
[3.622s] Level 1:colcon.colcon_core.environment:checking '/home/mk/dev_ws/install/robot_motion_handler_movegroup' for CMake module files
[3.622s] Level 1:colcon.colcon_core.environment:checking '/home/mk/dev_ws/install/robot_motion_handler_movegroup' for CMake config files
[3.622s] Level 1:colcon.colcon_core.environment:checking '/home/mk/dev_ws/install/robot_motion_handler_movegroup/lib'
[3.622s] Level 1:colcon.colcon_core.environment:checking '/home/mk/dev_ws/install/robot_motion_handler_movegroup/bin'
[3.622s] Level 1:colcon.colcon_core.environment:checking '/home/mk/dev_ws/install/robot_motion_handler_movegroup/lib/pkgconfig/robot_motion_handler_movegroup.pc'
[3.623s] Level 1:colcon.colcon_core.environment:checking '/home/mk/dev_ws/install/robot_motion_handler_movegroup/lib/python3.10/site-packages'
[3.623s] Level 1:colcon.colcon_core.shell:create_environment_hook('robot_motion_handler_movegroup', 'pythonpath')
[3.623s] INFO:colcon.colcon_core.shell:Creating environment hook '/home/mk/dev_ws/install/robot_motion_handler_movegroup/share/robot_motion_handler_movegroup/hook/pythonpath.ps1'
[3.623s] DEBUG:colcon.colcon_core.event_handler.log_command:Invoked command in '/home/mk/dev_ws/build/robot_motion_handler_movegroup' returned '0': PYTHONPATH=/home/mk/dev_ws/build/robot_motion_handler_movegroup/prefix_override:/usr/lib/python3/dist-packages/colcon_core/task/python/colcon_distutils_commands:/home/mk/dev_ws/install/robot_motion_handler_movegroup/lib/python3.10/site-packages:${PYTHONPATH} /usr/bin/python3 -W ignore:setup.py install is deprecated -W ignore:easy_install command is deprecated setup.py develop --editable --build-directory /home/mk/dev_ws/build/robot_motion_handler_movegroup/build --no-deps symlink_data
[3.624s] INFO:colcon.colcon_core.shell:Creating environment descriptor '/home/mk/dev_ws/install/robot_motion_handler_movegroup/share/robot_motion_handler_movegroup/hook/pythonpath.dsv'
[3.624s] INFO:colcon.colcon_core.shell:Creating environment hook '/home/mk/dev_ws/install/robot_motion_handler_movegroup/share/robot_motion_handler_movegroup/hook/pythonpath.sh'
[3.625s] Level 1:colcon.colcon_core.environment:checking '/home/mk/dev_ws/install/robot_motion_handler_movegroup/bin'
[3.625s] Level 1:colcon.colcon_core.environment:create_environment_scripts_only(robot_motion_handler_movegroup)
[3.625s] INFO:colcon.colcon_core.shell:Creating package script '/home/mk/dev_ws/install/robot_motion_handler_movegroup/share/robot_motion_handler_movegroup/package.ps1'
[3.626s] INFO:colcon.colcon_core.shell:Creating package descriptor '/home/mk/dev_ws/install/robot_motion_handler_movegroup/share/robot_motion_handler_movegroup/package.dsv'
[3.627s] INFO:colcon.colcon_core.shell:Creating package script '/home/mk/dev_ws/install/robot_motion_handler_movegroup/share/robot_motion_handler_movegroup/package.sh'
[3.627s] INFO:colcon.colcon_core.shell:Creating package script '/home/mk/dev_ws/install/robot_motion_handler_movegroup/share/robot_motion_handler_movegroup/package.bash'
[3.627s] INFO:colcon.colcon_core.shell:Creating package script '/home/mk/dev_ws/install/robot_motion_handler_movegroup/share/robot_motion_handler_movegroup/package.zsh'
[3.628s] Level 1:colcon.colcon_core.environment:create_file_with_runtime_dependencies(/home/mk/dev_ws/install/robot_motion_handler_movegroup/share/colcon-core/packages/robot_motion_handler_movegroup)
[3.632s] Level 1:colcon.colcon_core.shell:create_environment_hook('rviz_marker_static_scene_objects', 'pythonpath_develop')
[3.633s] INFO:colcon.colcon_core.shell:Creating environment hook '/home/mk/dev_ws/build/rviz_marker_static_scene_objects/share/rviz_marker_static_scene_objects/hook/pythonpath_develop.ps1'
[3.633s] INFO:colcon.colcon_core.shell:Creating environment descriptor '/home/mk/dev_ws/build/rviz_marker_static_scene_objects/share/rviz_marker_static_scene_objects/hook/pythonpath_develop.dsv'
[3.633s] INFO:colcon.colcon_core.shell:Creating environment hook '/home/mk/dev_ws/build/rviz_marker_static_scene_objects/share/rviz_marker_static_scene_objects/hook/pythonpath_develop.sh'
[3.634s] Level 1:colcon.colcon_core.environment:checking '/home/mk/dev_ws/install/rviz_marker_static_scene_objects' for CMake module files
[3.634s] Level 1:colcon.colcon_core.environment:checking '/home/mk/dev_ws/install/rviz_marker_static_scene_objects' for CMake config files
[3.634s] Level 1:colcon.colcon_core.environment:checking '/home/mk/dev_ws/install/rviz_marker_static_scene_objects/lib'
[3.634s] Level 1:colcon.colcon_core.environment:checking '/home/mk/dev_ws/install/rviz_marker_static_scene_objects/bin'
[3.635s] Level 1:colcon.colcon_core.environment:checking '/home/mk/dev_ws/install/rviz_marker_static_scene_objects/lib/pkgconfig/rviz_marker_static_scene_objects.pc'
[3.635s] Level 1:colcon.colcon_core.environment:checking '/home/mk/dev_ws/install/rviz_marker_static_scene_objects/lib/python3.10/site-packages'
[3.635s] Level 1:colcon.colcon_core.shell:create_environment_hook('rviz_marker_static_scene_objects', 'pythonpath')
[3.638s] INFO:colcon.colcon_core.shell:Creating environment hook '/home/mk/dev_ws/install/rviz_marker_static_scene_objects/share/rviz_marker_static_scene_objects/hook/pythonpath.ps1'
[3.640s] INFO:colcon.colcon_core.shell:Creating environment descriptor '/home/mk/dev_ws/install/rviz_marker_static_scene_objects/share/rviz_marker_static_scene_objects/hook/pythonpath.dsv'
[3.640s] INFO:colcon.colcon_core.shell:Creating environment hook '/home/mk/dev_ws/install/rviz_marker_static_scene_objects/share/rviz_marker_static_scene_objects/hook/pythonpath.sh'
[3.641s] Level 1:colcon.colcon_core.environment:checking '/home/mk/dev_ws/install/rviz_marker_static_scene_objects/bin'
[3.641s] Level 1:colcon.colcon_core.environment:create_environment_scripts_only(rviz_marker_static_scene_objects)
[3.641s] INFO:colcon.colcon_core.shell:Creating package script '/home/mk/dev_ws/install/rviz_marker_static_scene_objects/share/rviz_marker_static_scene_objects/package.ps1'
[3.642s] INFO:colcon.colcon_core.shell:Creating package descriptor '/home/mk/dev_ws/install/rviz_marker_static_scene_objects/share/rviz_marker_static_scene_objects/package.dsv'
[3.642s] INFO:colcon.colcon_core.shell:Creating package script '/home/mk/dev_ws/install/rviz_marker_static_scene_objects/share/rviz_marker_static_scene_objects/package.sh'
[3.643s] INFO:colcon.colcon_core.shell:Creating package script '/home/mk/dev_ws/install/rviz_marker_static_scene_objects/share/rviz_marker_static_scene_objects/package.bash'
[3.645s] DEBUG:colcon.colcon_core.event_handler.log_command:Invoked command in '/home/mk/dev_ws/build/rviz_marker_static_scene_objects' returned '0': PYTHONPATH=/home/mk/dev_ws/build/rviz_marker_static_scene_objects/prefix_override:/usr/lib/python3/dist-packages/colcon_core/task/python/colcon_distutils_commands:/home/mk/dev_ws/install/rviz_marker_static_scene_objects/lib/python3.10/site-packages:${PYTHONPATH} /usr/bin/python3 -W ignore:setup.py install is deprecated -W ignore:easy_install command is deprecated setup.py develop --editable --build-directory /home/mk/dev_ws/build/rviz_marker_static_scene_objects/build --no-deps symlink_data
[3.645s] INFO:colcon.colcon_core.shell:Creating package script '/home/mk/dev_ws/install/rviz_marker_static_scene_objects/share/rviz_marker_static_scene_objects/package.zsh'
[3.646s] Level 1:colcon.colcon_core.environment:create_file_with_runtime_dependencies(/home/mk/dev_ws/install/rviz_marker_static_scene_objects/share/colcon-core/packages/rviz_marker_static_scene_objects)
[3.783s] Level 1:colcon.colcon_core.shell:create_environment_hook('collision_check', 'pythonpath_develop')
[3.784s] DEBUG:colcon.colcon_core.event_handler.log_command:Invoked command in '/home/mk/dev_ws/build/collision_check' returned '0': PYTHONPATH=/home/mk/dev_ws/build/collision_check/prefix_override:/usr/lib/python3/dist-packages/colcon_core/task/python/colcon_distutils_commands:/home/mk/dev_ws/install/collision_check/lib/python3.10/site-packages:${PYTHONPATH} /usr/bin/python3 -W ignore:setup.py install is deprecated -W ignore:easy_install command is deprecated setup.py develop --editable --build-directory /home/mk/dev_ws/build/collision_check/build --no-deps symlink_data
[3.784s] INFO:colcon.colcon_core.shell:Creating environment hook '/home/mk/dev_ws/build/collision_check/share/collision_check/hook/pythonpath_develop.ps1'
[3.785s] INFO:colcon.colcon_core.shell:Creating environment descriptor '/home/mk/dev_ws/build/collision_check/share/collision_check/hook/pythonpath_develop.dsv'
[3.785s] INFO:colcon.colcon_core.shell:Creating environment hook '/home/mk/dev_ws/build/collision_check/share/collision_check/hook/pythonpath_develop.sh'
[3.786s] Level 1:colcon.colcon_core.environment:checking '/home/mk/dev_ws/install/collision_check' for CMake module files
[3.787s] Level 1:colcon.colcon_core.environment:checking '/home/mk/dev_ws/install/collision_check' for CMake config files
[3.787s] Level 1:colcon.colcon_core.environment:checking '/home/mk/dev_ws/install/collision_check/lib'
[3.787s] Level 1:colcon.colcon_core.environment:checking '/home/mk/dev_ws/install/collision_check/bin'
[3.787s] Level 1:colcon.colcon_core.environment:checking '/home/mk/dev_ws/install/collision_check/lib/pkgconfig/collision_check.pc'
[3.788s] Level 1:colcon.colcon_core.environment:checking '/home/mk/dev_ws/install/collision_check/lib/python3.10/site-packages'
[3.788s] Level 1:colcon.colcon_core.shell:create_environment_hook('collision_check', 'pythonpath')
[3.788s] INFO:colcon.colcon_core.shell:Creating environment hook '/home/mk/dev_ws/install/collision_check/share/collision_check/hook/pythonpath.ps1'
[3.788s] INFO:colcon.colcon_core.shell:Creating environment descriptor '/home/mk/dev_ws/install/collision_check/share/collision_check/hook/pythonpath.dsv'
[3.789s] INFO:colcon.colcon_core.shell:Creating environment hook '/home/mk/dev_ws/install/collision_check/share/collision_check/hook/pythonpath.sh'
[3.790s] Level 1:colcon.colcon_core.environment:checking '/home/mk/dev_ws/install/collision_check/bin'
[3.790s] Level 1:colcon.colcon_core.environment:create_environment_scripts_only(collision_check)
[3.790s] INFO:colcon.colcon_core.shell:Creating package script '/home/mk/dev_ws/install/collision_check/share/collision_check/package.ps1'
[3.791s] INFO:colcon.colcon_core.shell:Creating package descriptor '/home/mk/dev_ws/install/collision_check/share/collision_check/package.dsv'
[3.791s] INFO:colcon.colcon_core.shell:Creating package script '/home/mk/dev_ws/install/collision_check/share/collision_check/package.sh'
[3.792s] INFO:colcon.colcon_core.shell:Creating package script '/home/mk/dev_ws/install/collision_check/share/collision_check/package.bash'
[3.792s] INFO:colcon.colcon_core.shell:Creating package script '/home/mk/dev_ws/install/collision_check/share/collision_check/package.zsh'
[3.792s] Level 1:colcon.colcon_core.environment:create_file_with_runtime_dependencies(/home/mk/dev_ws/install/collision_check/share/colcon-core/packages/collision_check)
[3.800s] Level 1:colcon.colcon_core.shell:create_environment_hook('rviz_servo_status_overlay', 'pythonpath_develop')
[3.801s] INFO:colcon.colcon_core.shell:Creating environment hook '/home/mk/dev_ws/build/rviz_servo_status_overlay/share/rviz_servo_status_overlay/hook/pythonpath_develop.ps1'
[3.801s] INFO:colcon.colcon_core.shell:Creating environment descriptor '/home/mk/dev_ws/build/rviz_servo_status_overlay/share/rviz_servo_status_overlay/hook/pythonpath_develop.dsv'
[3.802s] INFO:colcon.colcon_core.shell:Creating environment hook '/home/mk/dev_ws/build/rviz_servo_status_overlay/share/rviz_servo_status_overlay/hook/pythonpath_develop.sh'
[3.802s] Level 1:colcon.colcon_core.environment:checking '/home/mk/dev_ws/install/rviz_servo_status_overlay' for CMake module files
[3.803s] Level 1:colcon.colcon_core.environment:checking '/home/mk/dev_ws/install/rviz_servo_status_overlay' for CMake config files
[3.803s] DEBUG:colcon.colcon_core.event_handler.log_command:Invoked command in '/home/mk/dev_ws/build/rviz_servo_status_overlay' returned '0': PYTHONPATH=/home/mk/dev_ws/build/rviz_servo_status_overlay/prefix_override:/usr/lib/python3/dist-packages/colcon_core/task/python/colcon_distutils_commands:/home/mk/dev_ws/install/rviz_servo_status_overlay/lib/python3.10/site-packages:${PYTHONPATH} /usr/bin/python3 -W ignore:setup.py install is deprecated -W ignore:easy_install command is deprecated setup.py develop --editable --build-directory /home/mk/dev_ws/build/rviz_servo_status_overlay/build --no-deps symlink_data
[3.804s] Level 1:colcon.colcon_core.environment:checking '/home/mk/dev_ws/install/rviz_servo_status_overlay/lib'
[3.804s] Level 1:colcon.colcon_core.environment:checking '/home/mk/dev_ws/install/rviz_servo_status_overlay/bin'
[3.804s] Level 1:colcon.colcon_core.environment:checking '/home/mk/dev_ws/install/rviz_servo_status_overlay/lib/pkgconfig/rviz_servo_status_overlay.pc'
[3.804s] Level 1:colcon.colcon_core.environment:checking '/home/mk/dev_ws/install/rviz_servo_status_overlay/lib/python3.10/site-packages'
[3.804s] Level 1:colcon.colcon_core.shell:create_environment_hook('rviz_servo_status_overlay', 'pythonpath')
[3.805s] INFO:colcon.colcon_core.shell:Creating environment hook '/home/mk/dev_ws/install/rviz_servo_status_overlay/share/rviz_servo_status_overlay/hook/pythonpath.ps1'
[3.805s] INFO:colcon.colcon_core.shell:Creating environment descriptor '/home/mk/dev_ws/install/rviz_servo_status_overlay/share/rviz_servo_status_overlay/hook/pythonpath.dsv'
[3.806s] INFO:colcon.colcon_core.shell:Creating environment hook '/home/mk/dev_ws/install/rviz_servo_status_overlay/share/rviz_servo_status_overlay/hook/pythonpath.sh'
[3.806s] Level 1:colcon.colcon_core.environment:checking '/home/mk/dev_ws/install/rviz_servo_status_overlay/bin'
[3.806s] Level 1:colcon.colcon_core.environment:create_environment_scripts_only(rviz_servo_status_overlay)
[3.807s] INFO:colcon.colcon_core.shell:Creating package script '/home/mk/dev_ws/install/rviz_servo_status_overlay/share/rviz_servo_status_overlay/package.ps1'
[3.808s] INFO:colcon.colcon_core.shell:Creating package descriptor '/home/mk/dev_ws/install/rviz_servo_status_overlay/share/rviz_servo_status_overlay/package.dsv'
[3.808s] INFO:colcon.colcon_core.shell:Creating package script '/home/mk/dev_ws/install/rviz_servo_status_overlay/share/rviz_servo_status_overlay/package.sh'
[3.809s] INFO:colcon.colcon_core.shell:Creating package script '/home/mk/dev_ws/install/rviz_servo_status_overlay/share/rviz_servo_status_overlay/package.bash'
[3.809s] INFO:colcon.colcon_core.shell:Creating package script '/home/mk/dev_ws/install/rviz_servo_status_overlay/share/rviz_servo_status_overlay/package.zsh'
[3.809s] Level 1:colcon.colcon_core.environment:create_file_with_runtime_dependencies(/home/mk/dev_ws/install/rviz_servo_status_overlay/share/colcon-core/packages/rviz_servo_status_overlay)
[3.814s] Level 1:colcon.colcon_core.shell:create_environment_hook('gaze_control', 'pythonpath_develop')
[3.814s] DEBUG:colcon.colcon_core.event_handler.log_command:Invoked command in '/home/mk/dev_ws/build/gaze_control' returned '0': PYTHONPATH=/home/mk/dev_ws/build/gaze_control/prefix_override:/usr/lib/python3/dist-packages/colcon_core/task/python/colcon_distutils_commands:/home/mk/dev_ws/install/gaze_control/lib/python3.10/site-packages:${PYTHONPATH} /usr/bin/python3 -W ignore:setup.py install is deprecated -W ignore:easy_install command is deprecated setup.py develop --editable --build-directory /home/mk/dev_ws/build/gaze_control/build --no-deps symlink_data
[3.815s] INFO:colcon.colcon_core.shell:Creating environment hook '/home/mk/dev_ws/build/gaze_control/share/gaze_control/hook/pythonpath_develop.ps1'
[3.815s] INFO:colcon.colcon_core.shell:Creating environment descriptor '/home/mk/dev_ws/build/gaze_control/share/gaze_control/hook/pythonpath_develop.dsv'
[3.816s] INFO:colcon.colcon_core.shell:Creating environment hook '/home/mk/dev_ws/build/gaze_control/share/gaze_control/hook/pythonpath_develop.sh'
[3.817s] Level 1:colcon.colcon_core.environment:checking '/home/mk/dev_ws/install/gaze_control' for CMake module files
[3.818s] Level 1:colcon.colcon_core.environment:checking '/home/mk/dev_ws/install/gaze_control' for CMake config files
[3.818s] Level 1:colcon.colcon_core.environment:checking '/home/mk/dev_ws/install/gaze_control/lib'
[3.818s] Level 1:colcon.colcon_core.environment:checking '/home/mk/dev_ws/install/gaze_control/bin'
[3.818s] Level 1:colcon.colcon_core.environment:checking '/home/mk/dev_ws/install/gaze_control/lib/pkgconfig/gaze_control.pc'
[3.818s] Level 1:colcon.colcon_core.environment:checking '/home/mk/dev_ws/install/gaze_control/lib/python3.10/site-packages'
[3.818s] Level 1:colcon.colcon_core.shell:create_environment_hook('gaze_control', 'pythonpath')
[3.819s] INFO:colcon.colcon_core.shell:Creating environment hook '/home/mk/dev_ws/install/gaze_control/share/gaze_control/hook/pythonpath.ps1'
[3.819s] INFO:colcon.colcon_core.shell:Creating environment descriptor '/home/mk/dev_ws/install/gaze_control/share/gaze_control/hook/pythonpath.dsv'
[3.820s] INFO:colcon.colcon_core.shell:Creating environment hook '/home/mk/dev_ws/install/gaze_control/share/gaze_control/hook/pythonpath.sh'
[3.820s] Level 1:colcon.colcon_core.environment:checking '/home/mk/dev_ws/install/gaze_control/bin'
[3.820s] Level 1:colcon.colcon_core.environment:create_environment_scripts_only(gaze_control)
[3.821s] INFO:colcon.colcon_core.shell:Creating package script '/home/mk/dev_ws/install/gaze_control/share/gaze_control/package.ps1'
[3.822s] INFO:colcon.colcon_core.shell:Creating package descriptor '/home/mk/dev_ws/install/gaze_control/share/gaze_control/package.dsv'
[3.822s] INFO:colcon.colcon_core.shell:Creating package script '/home/mk/dev_ws/install/gaze_control/share/gaze_control/package.sh'
[3.823s] INFO:colcon.colcon_core.shell:Creating package script '/home/mk/dev_ws/install/gaze_control/share/gaze_control/package.bash'
[3.823s] INFO:colcon.colcon_core.shell:Creating package script '/home/mk/dev_ws/install/gaze_control/share/gaze_control/package.zsh'
[3.824s] Level 1:colcon.colcon_core.environment:create_file_with_runtime_dependencies(/home/mk/dev_ws/install/gaze_control/share/colcon-core/packages/gaze_control)
[3.901s] DEBUG:colcon.colcon_core.event_handler.log_command:Invoked command in '/home/mk/dev_ws/build/realsense_gazebo_plugin' returned '0': CMAKE_PREFIX_PATH=/opt/ros/humble /usr/bin/cmake /home/mk/dev_ws/src/xarm_ros2/thirdparty/realsense_gazebo_plugin -DAMENT_CMAKE_SYMLINK_INSTALL=1 -DCMAKE_INSTALL_PREFIX=/home/mk/dev_ws/install/realsense_gazebo_plugin
[3.911s] DEBUG:colcon.colcon_core.event_handler.log_command:Invoking command in '/home/mk/dev_ws/build/realsense_gazebo_plugin': CMAKE_PREFIX_PATH=/opt/ros/humble /usr/bin/cmake --build /home/mk/dev_ws/build/realsense_gazebo_plugin -- -j20 -l20
[5.118s] Level 1:colcon.colcon_core.environment:create_environment_scripts_only(xarm_description)
[5.118s] Level 1:colcon.colcon_core.environment:checking '/home/mk/dev_ws/install/xarm_description' for CMake module files
[5.119s] DEBUG:colcon.colcon_core.event_handler.log_command:Invoked command in '/home/mk/dev_ws/build/xarm_description' returned '0': CMAKE_PREFIX_PATH=/opt/ros/humble /usr/bin/cmake --install /home/mk/dev_ws/build/xarm_description
[5.119s] Level 1:colcon.colcon_core.environment:checking '/home/mk/dev_ws/install/xarm_description' for CMake config files
[5.120s] Level 1:colcon.colcon_core.shell:create_environment_hook('xarm_description', 'cmake_prefix_path')
[5.120s] INFO:colcon.colcon_core.shell:Creating environment hook '/home/mk/dev_ws/install/xarm_description/share/xarm_description/hook/cmake_prefix_path.ps1'
[5.121s] INFO:colcon.colcon_core.shell:Creating environment descriptor '/home/mk/dev_ws/install/xarm_description/share/xarm_description/hook/cmake_prefix_path.dsv'
[5.121s] INFO:colcon.colcon_core.shell:Creating environment hook '/home/mk/dev_ws/install/xarm_description/share/xarm_description/hook/cmake_prefix_path.sh'
[5.121s] Level 1:colcon.colcon_core.environment:checking '/home/mk/dev_ws/install/xarm_description/bin'
[5.121s] Level 1:colcon.colcon_core.environment:checking '/home/mk/dev_ws/install/xarm_description/lib/pkgconfig/xarm_description.pc'
[5.121s] Level 1:colcon.colcon_core.environment:checking '/home/mk/dev_ws/install/xarm_description/lib/python3.10/site-packages'
[5.121s] Level 1:colcon.colcon_core.environment:checking '/home/mk/dev_ws/install/xarm_description/bin'
[5.121s] INFO:colcon.colcon_core.shell:Creating package script '/home/mk/dev_ws/install/xarm_description/share/xarm_description/package.ps1'
[5.122s] INFO:colcon.colcon_core.shell:Creating package descriptor '/home/mk/dev_ws/install/xarm_description/share/xarm_description/package.dsv'
[5.122s] INFO:colcon.colcon_core.shell:Creating package script '/home/mk/dev_ws/install/xarm_description/share/xarm_description/package.sh'
[5.122s] INFO:colcon.colcon_core.shell:Creating package script '/home/mk/dev_ws/install/xarm_description/share/xarm_description/package.bash'
[5.122s] INFO:colcon.colcon_core.shell:Creating package script '/home/mk/dev_ws/install/xarm_description/share/xarm_description/package.zsh'
[5.122s] Level 1:colcon.colcon_core.environment:create_file_with_runtime_dependencies(/home/mk/dev_ws/install/xarm_description/share/colcon-core/packages/xarm_description)
[5.123s] Level 1:colcon.colcon_core.environment:create_environment_scripts_only(xarm_description)
[5.123s] Level 1:colcon.colcon_core.environment:checking '/home/mk/dev_ws/install/xarm_description' for CMake module files
[5.123s] Level 1:colcon.colcon_core.environment:checking '/home/mk/dev_ws/install/xarm_description' for CMake config files
[5.124s] Level 1:colcon.colcon_core.shell:create_environment_hook('xarm_description', 'cmake_prefix_path')
[5.124s] INFO:colcon.colcon_core.shell:Creating environment hook '/home/mk/dev_ws/install/xarm_description/share/xarm_description/hook/cmake_prefix_path.ps1'
[5.125s] INFO:colcon.colcon_core.shell:Creating environment descriptor '/home/mk/dev_ws/install/xarm_description/share/xarm_description/hook/cmake_prefix_path.dsv'
[5.125s] INFO:colcon.colcon_core.shell:Creating environment hook '/home/mk/dev_ws/install/xarm_description/share/xarm_description/hook/cmake_prefix_path.sh'
[5.125s] Level 1:colcon.colcon_core.environment:checking '/home/mk/dev_ws/install/xarm_description/bin'
[5.125s] Level 1:colcon.colcon_core.environment:checking '/home/mk/dev_ws/install/xarm_description/lib/pkgconfig/xarm_description.pc'
[5.125s] Level 1:colcon.colcon_core.environment:checking '/home/mk/dev_ws/install/xarm_description/lib/python3.10/site-packages'
[5.125s] Level 1:colcon.colcon_core.environment:checking '/home/mk/dev_ws/install/xarm_description/bin'
[5.125s] INFO:colcon.colcon_core.shell:Creating package script '/home/mk/dev_ws/install/xarm_description/share/xarm_description/package.ps1'
[5.126s] INFO:colcon.colcon_core.shell:Creating package descriptor '/home/mk/dev_ws/install/xarm_description/share/xarm_description/package.dsv'
[5.126s] INFO:colcon.colcon_core.shell:Creating package script '/home/mk/dev_ws/install/xarm_description/share/xarm_description/package.sh'
[5.126s] INFO:colcon.colcon_core.shell:Creating package script '/home/mk/dev_ws/install/xarm_description/share/xarm_description/package.bash'
[5.126s] INFO:colcon.colcon_core.shell:Creating package script '/home/mk/dev_ws/install/xarm_description/share/xarm_description/package.zsh'
[5.127s] Level 1:colcon.colcon_core.environment:create_file_with_runtime_dependencies(/home/mk/dev_ws/install/xarm_description/share/colcon-core/packages/xarm_description)
[5.715s] DEBUG:colcon.colcon_core.event_handler.log_command:Invoked command in '/home/mk/dev_ws/build/whisper_cpp_vendor' returned '0': CMAKE_PREFIX_PATH=/opt/ros/humble /usr/bin/cmake /home/mk/dev_ws/src/ros2_whisper/whisper_cpp_vendor -DAMENT_CMAKE_SYMLINK_INSTALL=1 -DCMAKE_INSTALL_PREFIX=/home/mk/dev_ws/install/whisper_cpp_vendor
[5.716s] DEBUG:colcon.colcon_core.event_handler.log_command:Invoking command in '/home/mk/dev_ws/build/whisper_cpp_vendor': CMAKE_PREFIX_PATH=/opt/ros/humble /usr/bin/cmake --build /home/mk/dev_ws/build/whisper_cpp_vendor -- -j20 -l20
[6.156s] DEBUG:colcon.colcon_core.event_handler.log_command:Invoked command in '/home/mk/dev_ws/build/xarm_sdk' returned '0': CMAKE_PREFIX_PATH=/opt/ros/humble /usr/bin/cmake --build /home/mk/dev_ws/build/xarm_sdk -- -j20 -l20
[6.156s] DEBUG:colcon.colcon_core.event_handler.log_command:Invoking command in '/home/mk/dev_ws/build/xarm_sdk': CMAKE_PREFIX_PATH=/opt/ros/humble /usr/bin/cmake --install /home/mk/dev_ws/build/xarm_sdk
[6.205s] DEBUG:colcon.colcon_core.event_handler.log_command:Invoked command in '/home/mk/dev_ws/build/whisper_idl' returned '0': CMAKE_PREFIX_PATH=/opt/ros/humble /usr/bin/cmake --build /home/mk/dev_ws/build/whisper_idl -- -j20 -l20
[6.206s] DEBUG:colcon.colcon_core.event_handler.log_command:Invoking command in '/home/mk/dev_ws/build/whisper_idl': CMAKE_PREFIX_PATH=/opt/ros/humble /usr/bin/cmake --install /home/mk/dev_ws/build/whisper_idl
[6.600s] Level 1:colcon.colcon_core.environment:create_environment_scripts_only(xarm_sdk)
[6.600s] Level 1:colcon.colcon_core.environment:checking '/home/mk/dev_ws/install/xarm_sdk' for CMake module files
[6.601s] DEBUG:colcon.colcon_core.event_handler.log_command:Invoked command in '/home/mk/dev_ws/build/xarm_sdk' returned '0': CMAKE_PREFIX_PATH=/opt/ros/humble /usr/bin/cmake --install /home/mk/dev_ws/build/xarm_sdk
[6.603s] Level 1:colcon.colcon_core.environment:checking '/home/mk/dev_ws/install/xarm_sdk' for CMake config files
[6.603s] Level 1:colcon.colcon_core.shell:create_environment_hook('xarm_sdk', 'cmake_prefix_path')
[6.604s] INFO:colcon.colcon_core.shell:Creating environment hook '/home/mk/dev_ws/install/xarm_sdk/share/xarm_sdk/hook/cmake_prefix_path.ps1'
[6.604s] INFO:colcon.colcon_core.shell:Creating environment descriptor '/home/mk/dev_ws/install/xarm_sdk/share/xarm_sdk/hook/cmake_prefix_path.dsv'
[6.604s] INFO:colcon.colcon_core.shell:Creating environment hook '/home/mk/dev_ws/install/xarm_sdk/share/xarm_sdk/hook/cmake_prefix_path.sh'
[6.605s] Level 1:colcon.colcon_core.environment:checking '/home/mk/dev_ws/install/xarm_sdk/lib'
[6.605s] Level 1:colcon.colcon_core.shell:create_environment_hook('xarm_sdk', 'ld_library_path_lib')
[6.605s] INFO:colcon.colcon_core.shell:Creating environment hook '/home/mk/dev_ws/install/xarm_sdk/share/xarm_sdk/hook/ld_library_path_lib.ps1'
[6.605s] INFO:colcon.colcon_core.shell:Creating environment descriptor '/home/mk/dev_ws/install/xarm_sdk/share/xarm_sdk/hook/ld_library_path_lib.dsv'
[6.606s] INFO:colcon.colcon_core.shell:Creating environment hook '/home/mk/dev_ws/install/xarm_sdk/share/xarm_sdk/hook/ld_library_path_lib.sh'
[6.609s] Level 1:colcon.colcon_core.environment:checking '/home/mk/dev_ws/install/xarm_sdk/bin'
[6.609s] Level 1:colcon.colcon_core.environment:checking '/home/mk/dev_ws/install/xarm_sdk/lib/pkgconfig/xarm_sdk.pc'
[6.609s] Level 1:colcon.colcon_core.environment:checking '/home/mk/dev_ws/install/xarm_sdk/lib/python3.10/site-packages'
[6.610s] Level 1:colcon.colcon_core.environment:checking '/home/mk/dev_ws/install/xarm_sdk/bin'
[6.610s] INFO:colcon.colcon_core.shell:Creating package script '/home/mk/dev_ws/install/xarm_sdk/share/xarm_sdk/package.ps1'
[6.611s] INFO:colcon.colcon_core.shell:Creating package descriptor '/home/mk/dev_ws/install/xarm_sdk/share/xarm_sdk/package.dsv'
[6.611s] INFO:colcon.colcon_core.shell:Creating package script '/home/mk/dev_ws/install/xarm_sdk/share/xarm_sdk/package.sh'
[6.611s] INFO:colcon.colcon_core.shell:Creating package script '/home/mk/dev_ws/install/xarm_sdk/share/xarm_sdk/package.bash'
[6.612s] INFO:colcon.colcon_core.shell:Creating package script '/home/mk/dev_ws/install/xarm_sdk/share/xarm_sdk/package.zsh'
[6.617s] Level 1:colcon.colcon_core.environment:create_file_with_runtime_dependencies(/home/mk/dev_ws/install/xarm_sdk/share/colcon-core/packages/xarm_sdk)
[6.618s] Level 1:colcon.colcon_core.environment:create_environment_scripts_only(xarm_sdk)
[6.618s] Level 1:colcon.colcon_core.environment:checking '/home/mk/dev_ws/install/xarm_sdk' for CMake module files
[6.619s] Level 1:colcon.colcon_core.environment:checking '/home/mk/dev_ws/install/xarm_sdk' for CMake config files
[6.619s] Level 1:colcon.colcon_core.shell:create_environment_hook('xarm_sdk', 'cmake_prefix_path')
[6.619s] INFO:colcon.colcon_core.shell:Creating environment hook '/home/mk/dev_ws/install/xarm_sdk/share/xarm_sdk/hook/cmake_prefix_path.ps1'
[6.620s] INFO:colcon.colcon_core.shell:Creating environment descriptor '/home/mk/dev_ws/install/xarm_sdk/share/xarm_sdk/hook/cmake_prefix_path.dsv'
[6.620s] INFO:colcon.colcon_core.shell:Creating environment hook '/home/mk/dev_ws/install/xarm_sdk/share/xarm_sdk/hook/cmake_prefix_path.sh'
[6.621s] Level 1:colcon.colcon_core.environment:checking '/home/mk/dev_ws/install/xarm_sdk/lib'
[6.621s] Level 1:colcon.colcon_core.shell:create_environment_hook('xarm_sdk', 'ld_library_path_lib')
[6.623s] INFO:colcon.colcon_core.shell:Creating environment hook '/home/mk/dev_ws/install/xarm_sdk/share/xarm_sdk/hook/ld_library_path_lib.ps1'
[6.623s] INFO:colcon.colcon_core.shell:Creating environment descriptor '/home/mk/dev_ws/install/xarm_sdk/share/xarm_sdk/hook/ld_library_path_lib.dsv'
[6.624s] INFO:colcon.colcon_core.shell:Creating environment hook '/home/mk/dev_ws/install/xarm_sdk/share/xarm_sdk/hook/ld_library_path_lib.sh'
[6.624s] Level 1:colcon.colcon_core.environment:checking '/home/mk/dev_ws/install/xarm_sdk/bin'
[6.624s] Level 1:colcon.colcon_core.environment:checking '/home/mk/dev_ws/install/xarm_sdk/lib/pkgconfig/xarm_sdk.pc'
[6.624s] Level 1:colcon.colcon_core.environment:checking '/home/mk/dev_ws/install/xarm_sdk/lib/python3.10/site-packages'
[6.625s] Level 1:colcon.colcon_core.environment:checking '/home/mk/dev_ws/install/xarm_sdk/bin'
[6.625s] INFO:colcon.colcon_core.shell:Creating package script '/home/mk/dev_ws/install/xarm_sdk/share/xarm_sdk/package.ps1'
[6.626s] INFO:colcon.colcon_core.shell:Creating package descriptor '/home/mk/dev_ws/install/xarm_sdk/share/xarm_sdk/package.dsv'
[6.630s] INFO:colcon.colcon_core.shell:Creating package script '/home/mk/dev_ws/install/xarm_sdk/share/xarm_sdk/package.sh'
[6.634s] INFO:colcon.colcon_core.shell:Creating package script '/home/mk/dev_ws/install/xarm_sdk/share/xarm_sdk/package.bash'
[6.635s] INFO:colcon.colcon_core.shell:Creating package script '/home/mk/dev_ws/install/xarm_sdk/share/xarm_sdk/package.zsh'
[6.635s] Level 1:colcon.colcon_core.environment:create_file_with_runtime_dependencies(/home/mk/dev_ws/install/xarm_sdk/share/colcon-core/packages/xarm_sdk)
[6.644s] DEBUG:colcon.colcon_core.event_handler.log_command:Invoked command in '/home/mk/dev_ws/build/my_3d_vision_bringup' returned '0': CMAKE_PREFIX_PATH=/opt/ros/humble /usr/bin/cmake --build /home/mk/dev_ws/build/my_3d_vision_bringup -- -j20 -l20
[6.645s] DEBUG:colcon.colcon_core.event_handler.log_command:Invoking command in '/home/mk/dev_ws/build/my_3d_vision_bringup': CMAKE_PREFIX_PATH=/opt/ros/humble /usr/bin/cmake --install /home/mk/dev_ws/build/my_3d_vision_bringup
[7.765s] Level 1:colcon.colcon_core.environment:create_environment_scripts_only(whisper_idl)
[7.765s] Level 1:colcon.colcon_core.environment:checking '/home/mk/dev_ws/install/whisper_idl' for CMake module files
[7.766s] Level 1:colcon.colcon_core.environment:checking '/home/mk/dev_ws/install/whisper_idl' for CMake config files
[7.766s] Level 1:colcon.colcon_core.shell:create_environment_hook('whisper_idl', 'cmake_prefix_path')
[7.766s] INFO:colcon.colcon_core.shell:Creating environment hook '/home/mk/dev_ws/install/whisper_idl/share/whisper_idl/hook/cmake_prefix_path.ps1'
[7.767s] INFO:colcon.colcon_core.shell:Creating environment descriptor '/home/mk/dev_ws/install/whisper_idl/share/whisper_idl/hook/cmake_prefix_path.dsv'
[7.767s] INFO:colcon.colcon_core.shell:Creating environment hook '/home/mk/dev_ws/install/whisper_idl/share/whisper_idl/hook/cmake_prefix_path.sh'
[7.768s] Level 1:colcon.colcon_core.environment:checking '/home/mk/dev_ws/install/whisper_idl/lib'
[7.768s] Level 1:colcon.colcon_core.shell:create_environment_hook('whisper_idl', 'ld_library_path_lib')
[7.768s] INFO:colcon.colcon_core.shell:Creating environment hook '/home/mk/dev_ws/install/whisper_idl/share/whisper_idl/hook/ld_library_path_lib.ps1'
[7.768s] INFO:colcon.colcon_core.shell:Creating environment descriptor '/home/mk/dev_ws/install/whisper_idl/share/whisper_idl/hook/ld_library_path_lib.dsv'
[7.768s] INFO:colcon.colcon_core.shell:Creating environment hook '/home/mk/dev_ws/install/whisper_idl/share/whisper_idl/hook/ld_library_path_lib.sh'
[7.768s] Level 1:colcon.colcon_core.environment:checking '/home/mk/dev_ws/install/whisper_idl/bin'
[7.769s] Level 1:colcon.colcon_core.environment:checking '/home/mk/dev_ws/install/whisper_idl/lib/pkgconfig/whisper_idl.pc'
[7.769s] Level 1:colcon.colcon_core.environment:checking '/home/mk/dev_ws/install/whisper_idl/lib/python3.10/site-packages'
[7.775s] Level 1:colcon.colcon_core.environment:checking '/home/mk/dev_ws/install/whisper_idl/bin'
[7.775s] INFO:colcon.colcon_core.shell:Creating package script '/home/mk/dev_ws/install/whisper_idl/share/whisper_idl/package.ps1'
[7.776s] INFO:colcon.colcon_core.shell:Creating package descriptor '/home/mk/dev_ws/install/whisper_idl/share/whisper_idl/package.dsv'
[7.776s] INFO:colcon.colcon_core.shell:Creating package script '/home/mk/dev_ws/install/whisper_idl/share/whisper_idl/package.sh'
[7.777s] INFO:colcon.colcon_core.shell:Creating package script '/home/mk/dev_ws/install/whisper_idl/share/whisper_idl/package.bash'
[7.777s] INFO:colcon.colcon_core.shell:Creating package script '/home/mk/dev_ws/install/whisper_idl/share/whisper_idl/package.zsh'
[7.775s] DEBUG:colcon.colcon_core.event_handler.log_command:Invoked command in '/home/mk/dev_ws/build/whisper_idl' returned '0': CMAKE_PREFIX_PATH=/opt/ros/humble /usr/bin/cmake --install /home/mk/dev_ws/build/whisper_idl
[7.780s] Level 1:colcon.colcon_core.environment:create_file_with_runtime_dependencies(/home/mk/dev_ws/install/whisper_idl/share/colcon-core/packages/whisper_idl)
[7.781s] Level 1:colcon.colcon_core.environment:create_environment_scripts_only(whisper_idl)
[7.781s] Level 1:colcon.colcon_core.environment:checking '/home/mk/dev_ws/install/whisper_idl' for CMake module files
[7.782s] Level 1:colcon.colcon_core.environment:checking '/home/mk/dev_ws/install/whisper_idl' for CMake config files
[7.782s] Level 1:colcon.colcon_core.shell:create_environment_hook('whisper_idl', 'cmake_prefix_path')
[7.783s] INFO:colcon.colcon_core.shell:Creating environment hook '/home/mk/dev_ws/install/whisper_idl/share/whisper_idl/hook/cmake_prefix_path.ps1'
[7.787s] INFO:colcon.colcon_core.shell:Creating environment descriptor '/home/mk/dev_ws/install/whisper_idl/share/whisper_idl/hook/cmake_prefix_path.dsv'
[7.787s] INFO:colcon.colcon_core.shell:Creating environment hook '/home/mk/dev_ws/install/whisper_idl/share/whisper_idl/hook/cmake_prefix_path.sh'
[7.788s] Level 1:colcon.colcon_core.environment:checking '/home/mk/dev_ws/install/whisper_idl/lib'
[7.788s] Level 1:colcon.colcon_core.shell:create_environment_hook('whisper_idl', 'ld_library_path_lib')
[7.788s] INFO:colcon.colcon_core.shell:Creating environment hook '/home/mk/dev_ws/install/whisper_idl/share/whisper_idl/hook/ld_library_path_lib.ps1'
[7.789s] INFO:colcon.colcon_core.shell:Creating environment descriptor '/home/mk/dev_ws/install/whisper_idl/share/whisper_idl/hook/ld_library_path_lib.dsv'
[7.789s] INFO:colcon.colcon_core.shell:Creating environment hook '/home/mk/dev_ws/install/whisper_idl/share/whisper_idl/hook/ld_library_path_lib.sh'
[7.790s] Level 1:colcon.colcon_core.environment:checking '/home/mk/dev_ws/install/whisper_idl/bin'
[7.790s] Level 1:colcon.colcon_core.environment:checking '/home/mk/dev_ws/install/whisper_idl/lib/pkgconfig/whisper_idl.pc'
[7.790s] Level 1:colcon.colcon_core.environment:checking '/home/mk/dev_ws/install/whisper_idl/lib/python3.10/site-packages'
[7.790s] Level 1:colcon.colcon_core.environment:checking '/home/mk/dev_ws/install/whisper_idl/bin'
[7.791s] INFO:colcon.colcon_core.shell:Creating package script '/home/mk/dev_ws/install/whisper_idl/share/whisper_idl/package.ps1'
[7.794s] INFO:colcon.colcon_core.shell:Creating package descriptor '/home/mk/dev_ws/install/whisper_idl/share/whisper_idl/package.dsv'
[7.795s] INFO:colcon.colcon_core.shell:Creating package script '/home/mk/dev_ws/install/whisper_idl/share/whisper_idl/package.sh'
[7.797s] INFO:colcon.colcon_core.shell:Creating package script '/home/mk/dev_ws/install/whisper_idl/share/whisper_idl/package.bash'
[7.802s] INFO:colcon.colcon_core.shell:Creating package script '/home/mk/dev_ws/install/whisper_idl/share/whisper_idl/package.zsh'
[7.802s] Level 1:colcon.colcon_core.environment:create_file_with_runtime_dependencies(/home/mk/dev_ws/install/whisper_idl/share/colcon-core/packages/whisper_idl)
[7.803s] INFO:colcon.colcon_ros.task.ament_python.build:Building ROS package in '/home/mk/dev_ws/src/voice_command_listener' with build type 'ament_python'
[7.803s] Level 1:colcon.colcon_core.shell:create_environment_hook('voice_command_listener', 'ament_prefix_path')
[7.803s] INFO:colcon.colcon_core.shell:Creating environment hook '/home/mk/dev_ws/install/voice_command_listener/share/voice_command_listener/hook/ament_prefix_path.ps1'
[7.804s] INFO:colcon.colcon_core.shell:Creating environment descriptor '/home/mk/dev_ws/install/voice_command_listener/share/voice_command_listener/hook/ament_prefix_path.dsv'
[7.804s] INFO:colcon.colcon_core.shell:Creating environment hook '/home/mk/dev_ws/install/voice_command_listener/share/voice_command_listener/hook/ament_prefix_path.sh'
[7.804s] INFO:colcon.colcon_core.shell:Skip shell extension 'powershell' for command environment: Not usable outside of PowerShell
[7.804s] DEBUG:colcon.colcon_core.shell:Skip shell extension 'dsv' for command environment
[8.198s] INFO:colcon.colcon_core.task.python.build:Building Python package in '/home/mk/dev_ws/src/voice_command_listener'
[8.198s] INFO:colcon.colcon_core.shell:Skip shell extension 'powershell' for command environment: Not usable outside of PowerShell
[8.199s] DEBUG:colcon.colcon_core.shell:Skip shell extension 'dsv' for command environment
[8.202s] Level 1:colcon.colcon_core.environment:create_environment_scripts_only(my_3d_vision_bringup)
[8.202s] Level 1:colcon.colcon_core.environment:checking '/home/mk/dev_ws/install/my_3d_vision_bringup' for CMake module files
[8.203s] DEBUG:colcon.colcon_core.event_handler.log_command:Invoked command in '/home/mk/dev_ws/build/my_3d_vision_bringup' returned '0': CMAKE_PREFIX_PATH=/opt/ros/humble /usr/bin/cmake --install /home/mk/dev_ws/build/my_3d_vision_bringup
[8.203s] Level 1:colcon.colcon_core.environment:checking '/home/mk/dev_ws/install/my_3d_vision_bringup' for CMake config files
[8.207s] Level 1:colcon.colcon_core.shell:create_environment_hook('my_3d_vision_bringup', 'cmake_prefix_path')
[8.207s] INFO:colcon.colcon_core.shell:Creating environment hook '/home/mk/dev_ws/install/my_3d_vision_bringup/share/my_3d_vision_bringup/hook/cmake_prefix_path.ps1'
[8.208s] INFO:colcon.colcon_core.shell:Creating environment descriptor '/home/mk/dev_ws/install/my_3d_vision_bringup/share/my_3d_vision_bringup/hook/cmake_prefix_path.dsv'
[8.208s] INFO:colcon.colcon_core.shell:Creating environment hook '/home/mk/dev_ws/install/my_3d_vision_bringup/share/my_3d_vision_bringup/hook/cmake_prefix_path.sh'
[8.209s] Level 1:colcon.colcon_core.environment:checking '/home/mk/dev_ws/install/my_3d_vision_bringup/lib'
[8.209s] Level 1:colcon.colcon_core.shell:create_environment_hook('my_3d_vision_bringup', 'ld_library_path_lib')
[8.209s] INFO:colcon.colcon_core.shell:Creating environment hook '/home/mk/dev_ws/install/my_3d_vision_bringup/share/my_3d_vision_bringup/hook/ld_library_path_lib.ps1'
[8.209s] INFO:colcon.colcon_core.shell:Creating environment descriptor '/home/mk/dev_ws/install/my_3d_vision_bringup/share/my_3d_vision_bringup/hook/ld_library_path_lib.dsv'
[8.209s] INFO:colcon.colcon_core.shell:Creating environment hook '/home/mk/dev_ws/install/my_3d_vision_bringup/share/my_3d_vision_bringup/hook/ld_library_path_lib.sh'
[8.210s] Level 1:colcon.colcon_core.environment:checking '/home/mk/dev_ws/install/my_3d_vision_bringup/bin'
[8.210s] Level 1:colcon.colcon_core.environment:checking '/home/mk/dev_ws/install/my_3d_vision_bringup/lib/pkgconfig/my_3d_vision_bringup.pc'
[8.210s] Level 1:colcon.colcon_core.environment:checking '/home/mk/dev_ws/install/my_3d_vision_bringup/lib/python3.10/site-packages'
[8.210s] Level 1:colcon.colcon_core.environment:checking '/home/mk/dev_ws/install/my_3d_vision_bringup/bin'
[8.211s] INFO:colcon.colcon_core.shell:Creating package script '/home/mk/dev_ws/install/my_3d_vision_bringup/share/my_3d_vision_bringup/package.ps1'
[8.211s] INFO:colcon.colcon_core.shell:Creating package descriptor '/home/mk/dev_ws/install/my_3d_vision_bringup/share/my_3d_vision_bringup/package.dsv'
[8.212s] INFO:colcon.colcon_core.shell:Creating package script '/home/mk/dev_ws/install/my_3d_vision_bringup/share/my_3d_vision_bringup/package.sh'
[8.212s] INFO:colcon.colcon_core.shell:Creating package script '/home/mk/dev_ws/install/my_3d_vision_bringup/share/my_3d_vision_bringup/package.bash'
[8.212s] INFO:colcon.colcon_core.shell:Creating package script '/home/mk/dev_ws/install/my_3d_vision_bringup/share/my_3d_vision_bringup/package.zsh'
[8.212s] Level 1:colcon.colcon_core.environment:create_file_with_runtime_dependencies(/home/mk/dev_ws/install/my_3d_vision_bringup/share/colcon-core/packages/my_3d_vision_bringup)
[8.216s] Level 1:colcon.colcon_core.environment:create_environment_scripts_only(my_3d_vision_bringup)
[8.216s] Level 1:colcon.colcon_core.environment:checking '/home/mk/dev_ws/install/my_3d_vision_bringup' for CMake module files
[8.216s] Level 1:colcon.colcon_core.environment:checking '/home/mk/dev_ws/install/my_3d_vision_bringup' for CMake config files
[8.217s] Level 1:colcon.colcon_core.shell:create_environment_hook('my_3d_vision_bringup', 'cmake_prefix_path')
[8.217s] INFO:colcon.colcon_core.shell:Creating environment hook '/home/mk/dev_ws/install/my_3d_vision_bringup/share/my_3d_vision_bringup/hook/cmake_prefix_path.ps1'
[8.218s] INFO:colcon.colcon_core.shell:Creating environment descriptor '/home/mk/dev_ws/install/my_3d_vision_bringup/share/my_3d_vision_bringup/hook/cmake_prefix_path.dsv'
[8.218s] INFO:colcon.colcon_core.shell:Creating environment hook '/home/mk/dev_ws/install/my_3d_vision_bringup/share/my_3d_vision_bringup/hook/cmake_prefix_path.sh'
[8.218s] Level 1:colcon.colcon_core.environment:checking '/home/mk/dev_ws/install/my_3d_vision_bringup/lib'
[8.219s] Level 1:colcon.colcon_core.shell:create_environment_hook('my_3d_vision_bringup', 'ld_library_path_lib')
[8.222s] INFO:colcon.colcon_core.shell:Creating environment hook '/home/mk/dev_ws/install/my_3d_vision_bringup/share/my_3d_vision_bringup/hook/ld_library_path_lib.ps1'
[8.222s] INFO:colcon.colcon_core.shell:Creating environment descriptor '/home/mk/dev_ws/install/my_3d_vision_bringup/share/my_3d_vision_bringup/hook/ld_library_path_lib.dsv'
[8.223s] INFO:colcon.colcon_core.shell:Creating environment hook '/home/mk/dev_ws/install/my_3d_vision_bringup/share/my_3d_vision_bringup/hook/ld_library_path_lib.sh'
[8.223s] Level 1:colcon.colcon_core.environment:checking '/home/mk/dev_ws/install/my_3d_vision_bringup/bin'
[8.223s] Level 1:colcon.colcon_core.environment:checking '/home/mk/dev_ws/install/my_3d_vision_bringup/lib/pkgconfig/my_3d_vision_bringup.pc'
[8.223s] Level 1:colcon.colcon_core.environment:checking '/home/mk/dev_ws/install/my_3d_vision_bringup/lib/python3.10/site-packages'
[8.224s] Level 1:colcon.colcon_core.environment:checking '/home/mk/dev_ws/install/my_3d_vision_bringup/bin'
[8.224s] INFO:colcon.colcon_core.shell:Creating package script '/home/mk/dev_ws/install/my_3d_vision_bringup/share/my_3d_vision_bringup/package.ps1'
[8.225s] INFO:colcon.colcon_core.shell:Creating package descriptor '/home/mk/dev_ws/install/my_3d_vision_bringup/share/my_3d_vision_bringup/package.dsv'
[8.225s] INFO:colcon.colcon_core.shell:Creating package script '/home/mk/dev_ws/install/my_3d_vision_bringup/share/my_3d_vision_bringup/package.sh'
[8.225s] INFO:colcon.colcon_core.shell:Creating package script '/home/mk/dev_ws/install/my_3d_vision_bringup/share/my_3d_vision_bringup/package.bash'
[8.226s] INFO:colcon.colcon_core.shell:Creating package script '/home/mk/dev_ws/install/my_3d_vision_bringup/share/my_3d_vision_bringup/package.zsh'
[8.226s] Level 1:colcon.colcon_core.environment:create_file_with_runtime_dependencies(/home/mk/dev_ws/install/my_3d_vision_bringup/share/colcon-core/packages/my_3d_vision_bringup)
[8.500s] DEBUG:colcon.colcon_core.event_handler.log_command:Invoking command in '/home/mk/dev_ws/build/voice_command_listener': AMENT_PREFIX_PATH=/home/mk/dev_ws/install/whisper_idl:${AMENT_PREFIX_PATH} CMAKE_PREFIX_PATH=/home/mk/dev_ws/install/whisper_idl LD_LIBRARY_PATH=/home/mk/dev_ws/install/whisper_idl/lib:${LD_LIBRARY_PATH} PYTHONPATH=/home/mk/dev_ws/build/voice_command_listener/prefix_override:/usr/lib/python3/dist-packages/colcon_core/task/python/colcon_distutils_commands:/home/mk/dev_ws/install/voice_command_listener/lib/python3.10/site-packages:/home/mk/dev_ws/install/whisper_idl/local/lib/python3.10/dist-packages:${PYTHONPATH} /usr/bin/python3 -W ignore:setup.py install is deprecated -W ignore:easy_install command is deprecated setup.py develop --editable --build-directory /home/mk/dev_ws/build/voice_command_listener/build --no-deps symlink_data
[8.863s] Level 1:colcon.colcon_core.shell:create_environment_hook('voice_command_listener', 'pythonpath_develop')
[8.863s] INFO:colcon.colcon_core.shell:Creating environment hook '/home/mk/dev_ws/build/voice_command_listener/share/voice_command_listener/hook/pythonpath_develop.ps1'
[8.864s] DEBUG:colcon.colcon_core.event_handler.log_command:Invoked command in '/home/mk/dev_ws/build/voice_command_listener' returned '0': AMENT_PREFIX_PATH=/home/mk/dev_ws/install/whisper_idl:${AMENT_PREFIX_PATH} CMAKE_PREFIX_PATH=/home/mk/dev_ws/install/whisper_idl LD_LIBRARY_PATH=/home/mk/dev_ws/install/whisper_idl/lib:${LD_LIBRARY_PATH} PYTHONPATH=/home/mk/dev_ws/build/voice_command_listener/prefix_override:/usr/lib/python3/dist-packages/colcon_core/task/python/colcon_distutils_commands:/home/mk/dev_ws/install/voice_command_listener/lib/python3.10/site-packages:/home/mk/dev_ws/install/whisper_idl/local/lib/python3.10/dist-packages:${PYTHONPATH} /usr/bin/python3 -W ignore:setup.py install is deprecated -W ignore:easy_install command is deprecated setup.py develop --editable --build-directory /home/mk/dev_ws/build/voice_command_listener/build --no-deps symlink_data
[8.864s] INFO:colcon.colcon_core.shell:Creating environment descriptor '/home/mk/dev_ws/build/voice_command_listener/share/voice_command_listener/hook/pythonpath_develop.dsv'
[8.864s] INFO:colcon.colcon_core.shell:Creating environment hook '/home/mk/dev_ws/build/voice_command_listener/share/voice_command_listener/hook/pythonpath_develop.sh'
[8.864s] Level 1:colcon.colcon_core.environment:checking '/home/mk/dev_ws/install/voice_command_listener' for CMake module files
[8.865s] Level 1:colcon.colcon_core.environment:checking '/home/mk/dev_ws/install/voice_command_listener' for CMake config files
[8.865s] Level 1:colcon.colcon_core.environment:checking '/home/mk/dev_ws/install/voice_command_listener/lib'
[8.865s] Level 1:colcon.colcon_core.environment:checking '/home/mk/dev_ws/install/voice_command_listener/bin'
[8.865s] Level 1:colcon.colcon_core.environment:checking '/home/mk/dev_ws/install/voice_command_listener/lib/pkgconfig/voice_command_listener.pc'
[8.865s] Level 1:colcon.colcon_core.environment:checking '/home/mk/dev_ws/install/voice_command_listener/lib/python3.10/site-packages'
[8.865s] Level 1:colcon.colcon_core.shell:create_environment_hook('voice_command_listener', 'pythonpath')
[8.865s] INFO:colcon.colcon_core.shell:Creating environment hook '/home/mk/dev_ws/install/voice_command_listener/share/voice_command_listener/hook/pythonpath.ps1'
[8.865s] INFO:colcon.colcon_core.shell:Creating environment descriptor '/home/mk/dev_ws/install/voice_command_listener/share/voice_command_listener/hook/pythonpath.dsv'
[8.866s] INFO:colcon.colcon_core.shell:Creating environment hook '/home/mk/dev_ws/install/voice_command_listener/share/voice_command_listener/hook/pythonpath.sh'
[8.866s] Level 1:colcon.colcon_core.environment:checking '/home/mk/dev_ws/install/voice_command_listener/bin'
[8.866s] Level 1:colcon.colcon_core.environment:create_environment_scripts_only(voice_command_listener)
[8.866s] INFO:colcon.colcon_core.shell:Creating package script '/home/mk/dev_ws/install/voice_command_listener/share/voice_command_listener/package.ps1'
[8.866s] INFO:colcon.colcon_core.shell:Creating package descriptor '/home/mk/dev_ws/install/voice_command_listener/share/voice_command_listener/package.dsv'
[8.867s] INFO:colcon.colcon_core.shell:Creating package script '/home/mk/dev_ws/install/voice_command_listener/share/voice_command_listener/package.sh'
[8.867s] INFO:colcon.colcon_core.shell:Creating package script '/home/mk/dev_ws/install/voice_command_listener/share/voice_command_listener/package.bash'
[8.867s] INFO:colcon.colcon_core.shell:Creating package script '/home/mk/dev_ws/install/voice_command_listener/share/voice_command_listener/package.zsh'
[8.867s] Level 1:colcon.colcon_core.environment:create_file_with_runtime_dependencies(/home/mk/dev_ws/install/voice_command_listener/share/colcon-core/packages/voice_command_listener)
[11.042s] DEBUG:colcon.colcon_core.event_handler.log_command:Invoked command in '/home/mk/dev_ws/build/zed_interfaces' returned '0': CMAKE_PREFIX_PATH=/opt/ros/humble /usr/bin/cmake --build /home/mk/dev_ws/build/zed_interfaces -- -j20 -l20
[11.043s] DEBUG:colcon.colcon_core.event_handler.log_command:Invoking command in '/home/mk/dev_ws/build/zed_interfaces': CMAKE_PREFIX_PATH=/opt/ros/humble /usr/bin/cmake --install /home/mk/dev_ws/build/zed_interfaces
[15.608s] Level 1:colcon.colcon_core.environment:create_environment_scripts_only(zed_interfaces)
[15.609s] Level 1:colcon.colcon_core.environment:checking '/home/mk/dev_ws/install/zed_interfaces' for CMake module files
[15.609s] DEBUG:colcon.colcon_core.event_handler.log_command:Invoked command in '/home/mk/dev_ws/build/zed_interfaces' returned '0': CMAKE_PREFIX_PATH=/opt/ros/humble /usr/bin/cmake --install /home/mk/dev_ws/build/zed_interfaces
[15.610s] Level 1:colcon.colcon_core.environment:checking '/home/mk/dev_ws/install/zed_interfaces' for CMake config files
[15.610s] Level 1:colcon.colcon_core.shell:create_environment_hook('zed_interfaces', 'cmake_prefix_path')
[15.611s] INFO:colcon.colcon_core.shell:Creating environment hook '/home/mk/dev_ws/install/zed_interfaces/share/zed_interfaces/hook/cmake_prefix_path.ps1'
[15.611s] INFO:colcon.colcon_core.shell:Creating environment descriptor '/home/mk/dev_ws/install/zed_interfaces/share/zed_interfaces/hook/cmake_prefix_path.dsv'
[15.611s] INFO:colcon.colcon_core.shell:Creating environment hook '/home/mk/dev_ws/install/zed_interfaces/share/zed_interfaces/hook/cmake_prefix_path.sh'
[15.612s] Level 1:colcon.colcon_core.environment:checking '/home/mk/dev_ws/install/zed_interfaces/lib'
[15.612s] Level 1:colcon.colcon_core.shell:create_environment_hook('zed_interfaces', 'ld_library_path_lib')
[15.612s] INFO:colcon.colcon_core.shell:Creating environment hook '/home/mk/dev_ws/install/zed_interfaces/share/zed_interfaces/hook/ld_library_path_lib.ps1'
[15.613s] INFO:colcon.colcon_core.shell:Creating environment descriptor '/home/mk/dev_ws/install/zed_interfaces/share/zed_interfaces/hook/ld_library_path_lib.dsv'
[15.613s] INFO:colcon.colcon_core.shell:Creating environment hook '/home/mk/dev_ws/install/zed_interfaces/share/zed_interfaces/hook/ld_library_path_lib.sh'
[15.613s] Level 1:colcon.colcon_core.environment:checking '/home/mk/dev_ws/install/zed_interfaces/bin'
[15.613s] Level 1:colcon.colcon_core.environment:checking '/home/mk/dev_ws/install/zed_interfaces/lib/pkgconfig/zed_interfaces.pc'
[15.613s] Level 1:colcon.colcon_core.environment:checking '/home/mk/dev_ws/install/zed_interfaces/lib/python3.10/site-packages'
[15.614s] Level 1:colcon.colcon_core.environment:checking '/home/mk/dev_ws/install/zed_interfaces/bin'
[15.614s] INFO:colcon.colcon_core.shell:Creating package script '/home/mk/dev_ws/install/zed_interfaces/share/zed_interfaces/package.ps1'
[15.615s] INFO:colcon.colcon_core.shell:Creating package descriptor '/home/mk/dev_ws/install/zed_interfaces/share/zed_interfaces/package.dsv'
[15.615s] INFO:colcon.colcon_core.shell:Creating package script '/home/mk/dev_ws/install/zed_interfaces/share/zed_interfaces/package.sh'
[15.615s] INFO:colcon.colcon_core.shell:Creating package script '/home/mk/dev_ws/install/zed_interfaces/share/zed_interfaces/package.bash'
[15.616s] INFO:colcon.colcon_core.shell:Creating package script '/home/mk/dev_ws/install/zed_interfaces/share/zed_interfaces/package.zsh'
[15.616s] Level 1:colcon.colcon_core.environment:create_file_with_runtime_dependencies(/home/mk/dev_ws/install/zed_interfaces/share/colcon-core/packages/zed_interfaces)
[15.616s] Level 1:colcon.colcon_core.environment:create_environment_scripts_only(zed_interfaces)
[15.617s] Level 1:colcon.colcon_core.environment:checking '/home/mk/dev_ws/install/zed_interfaces' for CMake module files
[15.617s] Level 1:colcon.colcon_core.environment:checking '/home/mk/dev_ws/install/zed_interfaces' for CMake config files
[15.618s] Level 1:colcon.colcon_core.shell:create_environment_hook('zed_interfaces', 'cmake_prefix_path')
[15.618s] INFO:colcon.colcon_core.shell:Creating environment hook '/home/mk/dev_ws/install/zed_interfaces/share/zed_interfaces/hook/cmake_prefix_path.ps1'
[15.618s] INFO:colcon.colcon_core.shell:Creating environment descriptor '/home/mk/dev_ws/install/zed_interfaces/share/zed_interfaces/hook/cmake_prefix_path.dsv'
[15.619s] INFO:colcon.colcon_core.shell:Creating environment hook '/home/mk/dev_ws/install/zed_interfaces/share/zed_interfaces/hook/cmake_prefix_path.sh'
[15.619s] Level 1:colcon.colcon_core.environment:checking '/home/mk/dev_ws/install/zed_interfaces/lib'
[15.619s] Level 1:colcon.colcon_core.shell:create_environment_hook('zed_interfaces', 'ld_library_path_lib')
[15.620s] INFO:colcon.colcon_core.shell:Creating environment hook '/home/mk/dev_ws/install/zed_interfaces/share/zed_interfaces/hook/ld_library_path_lib.ps1'
[15.620s] INFO:colcon.colcon_core.shell:Creating environment descriptor '/home/mk/dev_ws/install/zed_interfaces/share/zed_interfaces/hook/ld_library_path_lib.dsv'
[15.620s] INFO:colcon.colcon_core.shell:Creating environment hook '/home/mk/dev_ws/install/zed_interfaces/share/zed_interfaces/hook/ld_library_path_lib.sh'
[15.621s] Level 1:colcon.colcon_core.environment:checking '/home/mk/dev_ws/install/zed_interfaces/bin'
[15.621s] Level 1:colcon.colcon_core.environment:checking '/home/mk/dev_ws/install/zed_interfaces/lib/pkgconfig/zed_interfaces.pc'
[15.621s] Level 1:colcon.colcon_core.environment:checking '/home/mk/dev_ws/install/zed_interfaces/lib/python3.10/site-packages'
[15.621s] Level 1:colcon.colcon_core.environment:checking '/home/mk/dev_ws/install/zed_interfaces/bin'
[15.621s] INFO:colcon.colcon_core.shell:Creating package script '/home/mk/dev_ws/install/zed_interfaces/share/zed_interfaces/package.ps1'
[15.622s] INFO:colcon.colcon_core.shell:Creating package descriptor '/home/mk/dev_ws/install/zed_interfaces/share/zed_interfaces/package.dsv'
[15.623s] INFO:colcon.colcon_core.shell:Creating package script '/home/mk/dev_ws/install/zed_interfaces/share/zed_interfaces/package.sh'
[15.623s] INFO:colcon.colcon_core.shell:Creating package script '/home/mk/dev_ws/install/zed_interfaces/share/zed_interfaces/package.bash'
[15.624s] INFO:colcon.colcon_core.shell:Creating package script '/home/mk/dev_ws/install/zed_interfaces/share/zed_interfaces/package.zsh'
[15.624s] Level 1:colcon.colcon_core.environment:create_file_with_runtime_dependencies(/home/mk/dev_ws/install/zed_interfaces/share/colcon-core/packages/zed_interfaces)
[15.624s] INFO:colcon.colcon_ros.task.ament_cmake.build:Building ROS package in '/home/mk/dev_ws/src/zed-ros2-wrapper/zed_components' with build type 'ament_cmake'
[15.624s] INFO:colcon.colcon_cmake.task.cmake.build:Building CMake package in '/home/mk/dev_ws/src/zed-ros2-wrapper/zed_components'
[15.625s] INFO:colcon.colcon_core.shell:Skip shell extension 'powershell' for command environment: Not usable outside of PowerShell
[15.625s] DEBUG:colcon.colcon_core.shell:Skip shell extension 'dsv' for command environment
[15.632s] DEBUG:colcon.colcon_core.event_handler.log_command:Invoking command in '/home/mk/dev_ws/build/zed_components': AMENT_PREFIX_PATH=/home/mk/dev_ws/install/zed_interfaces:${AMENT_PREFIX_PATH} CMAKE_PREFIX_PATH=/home/mk/dev_ws/install/zed_interfaces:/opt/ros/humble LD_LIBRARY_PATH=/home/mk/dev_ws/install/zed_interfaces/lib:${LD_LIBRARY_PATH} PYTHONPATH=/home/mk/dev_ws/install/zed_interfaces/local/lib/python3.10/dist-packages:${PYTHONPATH} /usr/bin/cmake /home/mk/dev_ws/src/zed-ros2-wrapper/zed_components -DAMENT_CMAKE_SYMLINK_INSTALL=1 -DCMAKE_INSTALL_PREFIX=/home/mk/dev_ws/install/zed_components
[16.726s] DEBUG:colcon.colcon_core.event_handler.log_command:Invoked command in '/home/mk/dev_ws/build/zed_components' returned '0': AMENT_PREFIX_PATH=/home/mk/dev_ws/install/zed_interfaces:${AMENT_PREFIX_PATH} CMAKE_PREFIX_PATH=/home/mk/dev_ws/install/zed_interfaces:/opt/ros/humble LD_LIBRARY_PATH=/home/mk/dev_ws/install/zed_interfaces/lib:${LD_LIBRARY_PATH} PYTHONPATH=/home/mk/dev_ws/install/zed_interfaces/local/lib/python3.10/dist-packages:${PYTHONPATH} /usr/bin/cmake /home/mk/dev_ws/src/zed-ros2-wrapper/zed_components -DAMENT_CMAKE_SYMLINK_INSTALL=1 -DCMAKE_INSTALL_PREFIX=/home/mk/dev_ws/install/zed_components
[16.727s] DEBUG:colcon.colcon_core.event_handler.log_command:Invoking command in '/home/mk/dev_ws/build/zed_components': AMENT_PREFIX_PATH=/home/mk/dev_ws/install/zed_interfaces:${AMENT_PREFIX_PATH} CMAKE_PREFIX_PATH=/home/mk/dev_ws/install/zed_interfaces:/opt/ros/humble LD_LIBRARY_PATH=/home/mk/dev_ws/install/zed_interfaces/lib:${LD_LIBRARY_PATH} PYTHONPATH=/home/mk/dev_ws/install/zed_interfaces/local/lib/python3.10/dist-packages:${PYTHONPATH} /usr/bin/cmake --build /home/mk/dev_ws/build/zed_components -- -j20 -l20
[19.726s] DEBUG:colcon.colcon_core.event_handler.log_command:Invoked command in '/home/mk/dev_ws/build/whisper_cpp_vendor' returned '0': CMAKE_PREFIX_PATH=/opt/ros/humble /usr/bin/cmake --build /home/mk/dev_ws/build/whisper_cpp_vendor -- -j20 -l20
[19.727s] DEBUG:colcon.colcon_core.event_handler.log_command:Invoking command in '/home/mk/dev_ws/build/whisper_cpp_vendor': CMAKE_PREFIX_PATH=/opt/ros/humble /usr/bin/cmake --install /home/mk/dev_ws/build/whisper_cpp_vendor
[19.948s] Level 1:colcon.colcon_core.environment:create_environment_scripts_only(whisper_cpp_vendor)
[19.948s] Level 1:colcon.colcon_core.environment:checking '/home/mk/dev_ws/install/whisper_cpp_vendor' for CMake module files
[19.949s] DEBUG:colcon.colcon_core.event_handler.log_command:Invoked command in '/home/mk/dev_ws/build/whisper_cpp_vendor' returned '0': CMAKE_PREFIX_PATH=/opt/ros/humble /usr/bin/cmake --install /home/mk/dev_ws/build/whisper_cpp_vendor
[19.949s] Level 1:colcon.colcon_core.environment:checking '/home/mk/dev_ws/install/whisper_cpp_vendor' for CMake config files
[19.949s] Level 1:colcon.colcon_core.shell:create_environment_hook('whisper_cpp_vendor', 'cmake_prefix_path')
[19.950s] INFO:colcon.colcon_core.shell:Creating environment hook '/home/mk/dev_ws/install/whisper_cpp_vendor/share/whisper_cpp_vendor/hook/cmake_prefix_path.ps1'
[19.950s] INFO:colcon.colcon_core.shell:Creating environment descriptor '/home/mk/dev_ws/install/whisper_cpp_vendor/share/whisper_cpp_vendor/hook/cmake_prefix_path.dsv'
[19.950s] INFO:colcon.colcon_core.shell:Creating environment hook '/home/mk/dev_ws/install/whisper_cpp_vendor/share/whisper_cpp_vendor/hook/cmake_prefix_path.sh'
[19.951s] Level 1:colcon.colcon_core.environment:checking '/home/mk/dev_ws/install/whisper_cpp_vendor/libggml.so'
[19.951s] Level 1:colcon.colcon_core.environment:checking '/home/mk/dev_ws/install/whisper_cpp_vendor/lib'
[19.951s] Level 1:colcon.colcon_core.shell:create_environment_hook('whisper_cpp_vendor', 'ld_library_path_lib')
[19.951s] INFO:colcon.colcon_core.shell:Creating environment hook '/home/mk/dev_ws/install/whisper_cpp_vendor/share/whisper_cpp_vendor/hook/ld_library_path_lib.ps1'
[19.952s] INFO:colcon.colcon_core.shell:Creating environment descriptor '/home/mk/dev_ws/install/whisper_cpp_vendor/share/whisper_cpp_vendor/hook/ld_library_path_lib.dsv'
[19.952s] INFO:colcon.colcon_core.shell:Creating environment hook '/home/mk/dev_ws/install/whisper_cpp_vendor/share/whisper_cpp_vendor/hook/ld_library_path_lib.sh'
[19.952s] Level 1:colcon.colcon_core.environment:checking '/home/mk/dev_ws/install/whisper_cpp_vendor/bin'
[19.952s] Level 1:colcon.colcon_core.environment:checking '/home/mk/dev_ws/install/whisper_cpp_vendor/lib/pkgconfig/whisper_cpp_vendor.pc'
[19.952s] Level 1:colcon.colcon_core.environment:checking '/home/mk/dev_ws/install/whisper_cpp_vendor/lib/python3.10/site-packages'
[19.953s] Level 1:colcon.colcon_core.environment:checking '/home/mk/dev_ws/install/whisper_cpp_vendor/bin'
[19.953s] INFO:colcon.colcon_core.shell:Creating package script '/home/mk/dev_ws/install/whisper_cpp_vendor/share/whisper_cpp_vendor/package.ps1'
[19.954s] INFO:colcon.colcon_core.shell:Creating package descriptor '/home/mk/dev_ws/install/whisper_cpp_vendor/share/whisper_cpp_vendor/package.dsv'
[19.954s] INFO:colcon.colcon_core.shell:Creating package script '/home/mk/dev_ws/install/whisper_cpp_vendor/share/whisper_cpp_vendor/package.sh'
[19.954s] INFO:colcon.colcon_core.shell:Creating package script '/home/mk/dev_ws/install/whisper_cpp_vendor/share/whisper_cpp_vendor/package.bash'
[19.955s] INFO:colcon.colcon_core.shell:Creating package script '/home/mk/dev_ws/install/whisper_cpp_vendor/share/whisper_cpp_vendor/package.zsh'
[19.955s] Level 1:colcon.colcon_core.environment:create_file_with_runtime_dependencies(/home/mk/dev_ws/install/whisper_cpp_vendor/share/colcon-core/packages/whisper_cpp_vendor)
[19.955s] Level 1:colcon.colcon_core.environment:create_environment_scripts_only(whisper_cpp_vendor)
[19.955s] Level 1:colcon.colcon_core.environment:checking '/home/mk/dev_ws/install/whisper_cpp_vendor' for CMake module files
[19.956s] Level 1:colcon.colcon_core.environment:checking '/home/mk/dev_ws/install/whisper_cpp_vendor' for CMake config files
[19.956s] Level 1:colcon.colcon_core.shell:create_environment_hook('whisper_cpp_vendor', 'cmake_prefix_path')
[19.956s] INFO:colcon.colcon_core.shell:Creating environment hook '/home/mk/dev_ws/install/whisper_cpp_vendor/share/whisper_cpp_vendor/hook/cmake_prefix_path.ps1'
[19.956s] INFO:colcon.colcon_core.shell:Creating environment descriptor '/home/mk/dev_ws/install/whisper_cpp_vendor/share/whisper_cpp_vendor/hook/cmake_prefix_path.dsv'
[19.957s] INFO:colcon.colcon_core.shell:Creating environment hook '/home/mk/dev_ws/install/whisper_cpp_vendor/share/whisper_cpp_vendor/hook/cmake_prefix_path.sh'
[19.957s] Level 1:colcon.colcon_core.environment:checking '/home/mk/dev_ws/install/whisper_cpp_vendor/libggml.so'
[19.957s] Level 1:colcon.colcon_core.environment:checking '/home/mk/dev_ws/install/whisper_cpp_vendor/lib'
[19.957s] Level 1:colcon.colcon_core.shell:create_environment_hook('whisper_cpp_vendor', 'ld_library_path_lib')
[19.957s] INFO:colcon.colcon_core.shell:Creating environment hook '/home/mk/dev_ws/install/whisper_cpp_vendor/share/whisper_cpp_vendor/hook/ld_library_path_lib.ps1'
[19.958s] INFO:colcon.colcon_core.shell:Creating environment descriptor '/home/mk/dev_ws/install/whisper_cpp_vendor/share/whisper_cpp_vendor/hook/ld_library_path_lib.dsv'
[19.958s] INFO:colcon.colcon_core.shell:Creating environment hook '/home/mk/dev_ws/install/whisper_cpp_vendor/share/whisper_cpp_vendor/hook/ld_library_path_lib.sh'
[19.958s] Level 1:colcon.colcon_core.environment:checking '/home/mk/dev_ws/install/whisper_cpp_vendor/bin'
[19.958s] Level 1:colcon.colcon_core.environment:checking '/home/mk/dev_ws/install/whisper_cpp_vendor/lib/pkgconfig/whisper_cpp_vendor.pc'
[19.958s] Level 1:colcon.colcon_core.environment:checking '/home/mk/dev_ws/install/whisper_cpp_vendor/lib/python3.10/site-packages'
[19.958s] Level 1:colcon.colcon_core.environment:checking '/home/mk/dev_ws/install/whisper_cpp_vendor/bin'
[19.958s] INFO:colcon.colcon_core.shell:Creating package script '/home/mk/dev_ws/install/whisper_cpp_vendor/share/whisper_cpp_vendor/package.ps1'
[19.959s] INFO:colcon.colcon_core.shell:Creating package descriptor '/home/mk/dev_ws/install/whisper_cpp_vendor/share/whisper_cpp_vendor/package.dsv'
[19.959s] INFO:colcon.colcon_core.shell:Creating package script '/home/mk/dev_ws/install/whisper_cpp_vendor/share/whisper_cpp_vendor/package.sh'
[19.959s] INFO:colcon.colcon_core.shell:Creating package script '/home/mk/dev_ws/install/whisper_cpp_vendor/share/whisper_cpp_vendor/package.bash'
[19.959s] INFO:colcon.colcon_core.shell:Creating package script '/home/mk/dev_ws/install/whisper_cpp_vendor/share/whisper_cpp_vendor/package.zsh'
[19.960s] Level 1:colcon.colcon_core.environment:create_file_with_runtime_dependencies(/home/mk/dev_ws/install/whisper_cpp_vendor/share/colcon-core/packages/whisper_cpp_vendor)
[19.960s] INFO:colcon.colcon_ros.task.ament_cmake.build:Building ROS package in '/home/mk/dev_ws/src/ros2_whisper/whisper_util' with build type 'ament_cmake'
[19.960s] INFO:colcon.colcon_cmake.task.cmake.build:Building CMake package in '/home/mk/dev_ws/src/ros2_whisper/whisper_util'
[19.960s] INFO:colcon.colcon_core.shell:Skip shell extension 'powershell' for command environment: Not usable outside of PowerShell
[19.960s] DEBUG:colcon.colcon_core.shell:Skip shell extension 'dsv' for command environment
[19.967s] DEBUG:colcon.colcon_core.event_handler.log_command:Invoking command in '/home/mk/dev_ws/build/whisper_util': AMENT_PREFIX_PATH=/home/mk/dev_ws/install/whisper_cpp_vendor:${AMENT_PREFIX_PATH} CMAKE_PREFIX_PATH=/home/mk/dev_ws/install/whisper_cpp_vendor:/opt/ros/humble LD_LIBRARY_PATH=/home/mk/dev_ws/install/whisper_cpp_vendor/lib:${LD_LIBRARY_PATH} /usr/bin/cmake /home/mk/dev_ws/src/ros2_whisper/whisper_util -DAMENT_CMAKE_SYMLINK_INSTALL=1 -DCMAKE_INSTALL_PREFIX=/home/mk/dev_ws/install/whisper_util
[20.422s] DEBUG:colcon.colcon_core.event_handler.log_command:Invoked command in '/home/mk/dev_ws/build/whisper_util' returned '0': AMENT_PREFIX_PATH=/home/mk/dev_ws/install/whisper_cpp_vendor:${AMENT_PREFIX_PATH} CMAKE_PREFIX_PATH=/home/mk/dev_ws/install/whisper_cpp_vendor:/opt/ros/humble LD_LIBRARY_PATH=/home/mk/dev_ws/install/whisper_cpp_vendor/lib:${LD_LIBRARY_PATH} /usr/bin/cmake /home/mk/dev_ws/src/ros2_whisper/whisper_util -DAMENT_CMAKE_SYMLINK_INSTALL=1 -DCMAKE_INSTALL_PREFIX=/home/mk/dev_ws/install/whisper_util
[20.422s] DEBUG:colcon.colcon_core.event_handler.log_command:Invoking command in '/home/mk/dev_ws/build/whisper_util': AMENT_PREFIX_PATH=/home/mk/dev_ws/install/whisper_cpp_vendor:${AMENT_PREFIX_PATH} CMAKE_PREFIX_PATH=/home/mk/dev_ws/install/whisper_cpp_vendor:/opt/ros/humble LD_LIBRARY_PATH=/home/mk/dev_ws/install/whisper_cpp_vendor/lib:${LD_LIBRARY_PATH} /usr/bin/cmake --build /home/mk/dev_ws/build/whisper_util -- -j20 -l20
[20.877s] DEBUG:colcon.colcon_core.event_handler.log_command:Invoked command in '/home/mk/dev_ws/build/whisper_util' returned '0': AMENT_PREFIX_PATH=/home/mk/dev_ws/install/whisper_cpp_vendor:${AMENT_PREFIX_PATH} CMAKE_PREFIX_PATH=/home/mk/dev_ws/install/whisper_cpp_vendor:/opt/ros/humble LD_LIBRARY_PATH=/home/mk/dev_ws/install/whisper_cpp_vendor/lib:${LD_LIBRARY_PATH} /usr/bin/cmake --build /home/mk/dev_ws/build/whisper_util -- -j20 -l20
[20.878s] DEBUG:colcon.colcon_core.event_handler.log_command:Invoking command in '/home/mk/dev_ws/build/whisper_util': AMENT_PREFIX_PATH=/home/mk/dev_ws/install/whisper_cpp_vendor:${AMENT_PREFIX_PATH} CMAKE_PREFIX_PATH=/home/mk/dev_ws/install/whisper_cpp_vendor:/opt/ros/humble LD_LIBRARY_PATH=/home/mk/dev_ws/install/whisper_cpp_vendor/lib:${LD_LIBRARY_PATH} /usr/bin/cmake --install /home/mk/dev_ws/build/whisper_util
[21.021s] Level 1:colcon.colcon_core.environment:create_environment_scripts_only(whisper_util)
[21.021s] Level 1:colcon.colcon_core.environment:checking '/home/mk/dev_ws/install/whisper_util' for CMake module files
[21.022s] DEBUG:colcon.colcon_core.event_handler.log_command:Invoked command in '/home/mk/dev_ws/build/whisper_util' returned '0': AMENT_PREFIX_PATH=/home/mk/dev_ws/install/whisper_cpp_vendor:${AMENT_PREFIX_PATH} CMAKE_PREFIX_PATH=/home/mk/dev_ws/install/whisper_cpp_vendor:/opt/ros/humble LD_LIBRARY_PATH=/home/mk/dev_ws/install/whisper_cpp_vendor/lib:${LD_LIBRARY_PATH} /usr/bin/cmake --install /home/mk/dev_ws/build/whisper_util
[21.022s] Level 1:colcon.colcon_core.environment:checking '/home/mk/dev_ws/install/whisper_util' for CMake config files
[21.022s] Level 1:colcon.colcon_core.shell:create_environment_hook('whisper_util', 'cmake_prefix_path')
[21.022s] INFO:colcon.colcon_core.shell:Creating environment hook '/home/mk/dev_ws/install/whisper_util/share/whisper_util/hook/cmake_prefix_path.ps1'
[21.023s] INFO:colcon.colcon_core.shell:Creating environment descriptor '/home/mk/dev_ws/install/whisper_util/share/whisper_util/hook/cmake_prefix_path.dsv'
[21.023s] INFO:colcon.colcon_core.shell:Creating environment hook '/home/mk/dev_ws/install/whisper_util/share/whisper_util/hook/cmake_prefix_path.sh'
[21.023s] Level 1:colcon.colcon_core.environment:checking '/home/mk/dev_ws/install/whisper_util/lib'
[21.023s] Level 1:colcon.colcon_core.shell:create_environment_hook('whisper_util', 'ld_library_path_lib')
[21.023s] INFO:colcon.colcon_core.shell:Creating environment hook '/home/mk/dev_ws/install/whisper_util/share/whisper_util/hook/ld_library_path_lib.ps1'
[21.023s] INFO:colcon.colcon_core.shell:Creating environment descriptor '/home/mk/dev_ws/install/whisper_util/share/whisper_util/hook/ld_library_path_lib.dsv'
[21.024s] INFO:colcon.colcon_core.shell:Creating environment hook '/home/mk/dev_ws/install/whisper_util/share/whisper_util/hook/ld_library_path_lib.sh'
[21.024s] Level 1:colcon.colcon_core.environment:checking '/home/mk/dev_ws/install/whisper_util/bin'
[21.024s] Level 1:colcon.colcon_core.environment:checking '/home/mk/dev_ws/install/whisper_util/lib/pkgconfig/whisper_util.pc'
[21.024s] Level 1:colcon.colcon_core.environment:checking '/home/mk/dev_ws/install/whisper_util/lib/python3.10/site-packages'
[21.024s] Level 1:colcon.colcon_core.environment:checking '/home/mk/dev_ws/install/whisper_util/bin'
[21.024s] INFO:colcon.colcon_core.shell:Creating package script '/home/mk/dev_ws/install/whisper_util/share/whisper_util/package.ps1'
[21.025s] INFO:colcon.colcon_core.shell:Creating package descriptor '/home/mk/dev_ws/install/whisper_util/share/whisper_util/package.dsv'
[21.025s] INFO:colcon.colcon_core.shell:Creating package script '/home/mk/dev_ws/install/whisper_util/share/whisper_util/package.sh'
[21.025s] INFO:colcon.colcon_core.shell:Creating package script '/home/mk/dev_ws/install/whisper_util/share/whisper_util/package.bash'
[21.025s] INFO:colcon.colcon_core.shell:Creating package script '/home/mk/dev_ws/install/whisper_util/share/whisper_util/package.zsh'
[21.025s] Level 1:colcon.colcon_core.environment:create_file_with_runtime_dependencies(/home/mk/dev_ws/install/whisper_util/share/colcon-core/packages/whisper_util)
[21.026s] Level 1:colcon.colcon_core.environment:create_environment_scripts_only(whisper_util)
[21.026s] Level 1:colcon.colcon_core.environment:checking '/home/mk/dev_ws/install/whisper_util' for CMake module files
[21.026s] Level 1:colcon.colcon_core.environment:checking '/home/mk/dev_ws/install/whisper_util' for CMake config files
[21.026s] Level 1:colcon.colcon_core.shell:create_environment_hook('whisper_util', 'cmake_prefix_path')
[21.026s] INFO:colcon.colcon_core.shell:Creating environment hook '/home/mk/dev_ws/install/whisper_util/share/whisper_util/hook/cmake_prefix_path.ps1'
[21.026s] INFO:colcon.colcon_core.shell:Creating environment descriptor '/home/mk/dev_ws/install/whisper_util/share/whisper_util/hook/cmake_prefix_path.dsv'
[21.027s] INFO:colcon.colcon_core.shell:Creating environment hook '/home/mk/dev_ws/install/whisper_util/share/whisper_util/hook/cmake_prefix_path.sh'
[21.027s] Level 1:colcon.colcon_core.environment:checking '/home/mk/dev_ws/install/whisper_util/lib'
[21.027s] Level 1:colcon.colcon_core.shell:create_environment_hook('whisper_util', 'ld_library_path_lib')
[21.027s] INFO:colcon.colcon_core.shell:Creating environment hook '/home/mk/dev_ws/install/whisper_util/share/whisper_util/hook/ld_library_path_lib.ps1'
[21.027s] INFO:colcon.colcon_core.shell:Creating environment descriptor '/home/mk/dev_ws/install/whisper_util/share/whisper_util/hook/ld_library_path_lib.dsv'
[21.028s] INFO:colcon.colcon_core.shell:Creating environment hook '/home/mk/dev_ws/install/whisper_util/share/whisper_util/hook/ld_library_path_lib.sh'
[21.028s] Level 1:colcon.colcon_core.environment:checking '/home/mk/dev_ws/install/whisper_util/bin'
[21.028s] Level 1:colcon.colcon_core.environment:checking '/home/mk/dev_ws/install/whisper_util/lib/pkgconfig/whisper_util.pc'
[21.028s] Level 1:colcon.colcon_core.environment:checking '/home/mk/dev_ws/install/whisper_util/lib/python3.10/site-packages'
[21.028s] Level 1:colcon.colcon_core.environment:checking '/home/mk/dev_ws/install/whisper_util/bin'
[21.028s] INFO:colcon.colcon_core.shell:Creating package script '/home/mk/dev_ws/install/whisper_util/share/whisper_util/package.ps1'
[21.029s] INFO:colcon.colcon_core.shell:Creating package descriptor '/home/mk/dev_ws/install/whisper_util/share/whisper_util/package.dsv'
[21.029s] INFO:colcon.colcon_core.shell:Creating package script '/home/mk/dev_ws/install/whisper_util/share/whisper_util/package.sh'
[21.029s] INFO:colcon.colcon_core.shell:Creating package script '/home/mk/dev_ws/install/whisper_util/share/whisper_util/package.bash'
[21.029s] INFO:colcon.colcon_core.shell:Creating package script '/home/mk/dev_ws/install/whisper_util/share/whisper_util/package.zsh'
[21.029s] Level 1:colcon.colcon_core.environment:create_file_with_runtime_dependencies(/home/mk/dev_ws/install/whisper_util/share/colcon-core/packages/whisper_util)
[21.030s] INFO:colcon.colcon_ros.task.ament_cmake.build:Building ROS package in '/home/mk/dev_ws/src/ros2_whisper/whisper_server' with build type 'ament_cmake'
[21.030s] INFO:colcon.colcon_cmake.task.cmake.build:Building CMake package in '/home/mk/dev_ws/src/ros2_whisper/whisper_server'
[21.030s] INFO:colcon.colcon_core.shell:Skip shell extension 'powershell' for command environment: Not usable outside of PowerShell
[21.030s] DEBUG:colcon.colcon_core.shell:Skip shell extension 'dsv' for command environment
[21.032s] INFO:colcon.colcon_ros.task.ament_cmake.build:Building ROS package in '/home/mk/dev_ws/src/ros2_whisper/transcript_manager' with build type 'ament_cmake'
[21.032s] INFO:colcon.colcon_cmake.task.cmake.build:Building CMake package in '/home/mk/dev_ws/src/ros2_whisper/transcript_manager'
[21.032s] INFO:colcon.colcon_core.shell:Skip shell extension 'powershell' for command environment: Not usable outside of PowerShell
[21.032s] DEBUG:colcon.colcon_core.shell:Skip shell extension 'dsv' for command environment
[21.040s] DEBUG:colcon.colcon_core.event_handler.log_command:Invoking command in '/home/mk/dev_ws/build/whisper_server': AMENT_PREFIX_PATH=/home/mk/dev_ws/install/whisper_util:/home/mk/dev_ws/install/whisper_idl:/home/mk/dev_ws/install/whisper_cpp_vendor:${AMENT_PREFIX_PATH} CMAKE_PREFIX_PATH=/home/mk/dev_ws/install/whisper_util:/home/mk/dev_ws/install/whisper_idl:/home/mk/dev_ws/install/whisper_cpp_vendor:/opt/ros/humble LD_LIBRARY_PATH=/home/mk/dev_ws/install/whisper_util/lib:/home/mk/dev_ws/install/whisper_idl/lib:/home/mk/dev_ws/install/whisper_cpp_vendor/lib:${LD_LIBRARY_PATH} PYTHONPATH=/home/mk/dev_ws/install/whisper_idl/local/lib/python3.10/dist-packages:${PYTHONPATH} /usr/bin/cmake /home/mk/dev_ws/src/ros2_whisper/whisper_server -DAMENT_CMAKE_SYMLINK_INSTALL=1 -DCMAKE_INSTALL_PREFIX=/home/mk/dev_ws/install/whisper_server
[21.042s] DEBUG:colcon.colcon_core.event_handler.log_command:Invoking command in '/home/mk/dev_ws/build/transcript_manager': AMENT_PREFIX_PATH=/home/mk/dev_ws/install/whisper_util:/home/mk/dev_ws/install/whisper_idl:/home/mk/dev_ws/install/whisper_cpp_vendor:${AMENT_PREFIX_PATH} CMAKE_PREFIX_PATH=/home/mk/dev_ws/install/whisper_util:/home/mk/dev_ws/install/whisper_idl:/home/mk/dev_ws/install/whisper_cpp_vendor:/opt/ros/humble LD_LIBRARY_PATH=/home/mk/dev_ws/install/whisper_util/lib:/home/mk/dev_ws/install/whisper_idl/lib:/home/mk/dev_ws/install/whisper_cpp_vendor/lib:${LD_LIBRARY_PATH} PYTHONPATH=/home/mk/dev_ws/install/whisper_idl/local/lib/python3.10/dist-packages:${PYTHONPATH} /usr/bin/cmake /home/mk/dev_ws/src/ros2_whisper/transcript_manager -DAMENT_CMAKE_SYMLINK_INSTALL=1 -DCMAKE_INSTALL_PREFIX=/home/mk/dev_ws/install/transcript_manager
[21.962s] DEBUG:colcon.colcon_core.event_handler.log_command:Invoked command in '/home/mk/dev_ws/build/whisper_server' returned '0': AMENT_PREFIX_PATH=/home/mk/dev_ws/install/whisper_util:/home/mk/dev_ws/install/whisper_idl:/home/mk/dev_ws/install/whisper_cpp_vendor:${AMENT_PREFIX_PATH} CMAKE_PREFIX_PATH=/home/mk/dev_ws/install/whisper_util:/home/mk/dev_ws/install/whisper_idl:/home/mk/dev_ws/install/whisper_cpp_vendor:/opt/ros/humble LD_LIBRARY_PATH=/home/mk/dev_ws/install/whisper_util/lib:/home/mk/dev_ws/install/whisper_idl/lib:/home/mk/dev_ws/install/whisper_cpp_vendor/lib:${LD_LIBRARY_PATH} PYTHONPATH=/home/mk/dev_ws/install/whisper_idl/local/lib/python3.10/dist-packages:${PYTHONPATH} /usr/bin/cmake /home/mk/dev_ws/src/ros2_whisper/whisper_server -DAMENT_CMAKE_SYMLINK_INSTALL=1 -DCMAKE_INSTALL_PREFIX=/home/mk/dev_ws/install/whisper_server
[21.963s] DEBUG:colcon.colcon_core.event_handler.log_command:Invoking command in '/home/mk/dev_ws/build/whisper_server': AMENT_PREFIX_PATH=/home/mk/dev_ws/install/whisper_util:/home/mk/dev_ws/install/whisper_idl:/home/mk/dev_ws/install/whisper_cpp_vendor:${AMENT_PREFIX_PATH} CMAKE_PREFIX_PATH=/home/mk/dev_ws/install/whisper_util:/home/mk/dev_ws/install/whisper_idl:/home/mk/dev_ws/install/whisper_cpp_vendor:/opt/ros/humble LD_LIBRARY_PATH=/home/mk/dev_ws/install/whisper_util/lib:/home/mk/dev_ws/install/whisper_idl/lib:/home/mk/dev_ws/install/whisper_cpp_vendor/lib:${LD_LIBRARY_PATH} PYTHONPATH=/home/mk/dev_ws/install/whisper_idl/local/lib/python3.10/dist-packages:${PYTHONPATH} /usr/bin/cmake --build /home/mk/dev_ws/build/whisper_server -- -j20 -l20
[21.990s] DEBUG:colcon.colcon_core.event_handler.log_command:Invoked command in '/home/mk/dev_ws/build/transcript_manager' returned '0': AMENT_PREFIX_PATH=/home/mk/dev_ws/install/whisper_util:/home/mk/dev_ws/install/whisper_idl:/home/mk/dev_ws/install/whisper_cpp_vendor:${AMENT_PREFIX_PATH} CMAKE_PREFIX_PATH=/home/mk/dev_ws/install/whisper_util:/home/mk/dev_ws/install/whisper_idl:/home/mk/dev_ws/install/whisper_cpp_vendor:/opt/ros/humble LD_LIBRARY_PATH=/home/mk/dev_ws/install/whisper_util/lib:/home/mk/dev_ws/install/whisper_idl/lib:/home/mk/dev_ws/install/whisper_cpp_vendor/lib:${LD_LIBRARY_PATH} PYTHONPATH=/home/mk/dev_ws/install/whisper_idl/local/lib/python3.10/dist-packages:${PYTHONPATH} /usr/bin/cmake /home/mk/dev_ws/src/ros2_whisper/transcript_manager -DAMENT_CMAKE_SYMLINK_INSTALL=1 -DCMAKE_INSTALL_PREFIX=/home/mk/dev_ws/install/transcript_manager
[21.992s] DEBUG:colcon.colcon_core.event_handler.log_command:Invoking command in '/home/mk/dev_ws/build/transcript_manager': AMENT_PREFIX_PATH=/home/mk/dev_ws/install/whisper_util:/home/mk/dev_ws/install/whisper_idl:/home/mk/dev_ws/install/whisper_cpp_vendor:${AMENT_PREFIX_PATH} CMAKE_PREFIX_PATH=/home/mk/dev_ws/install/whisper_util:/home/mk/dev_ws/install/whisper_idl:/home/mk/dev_ws/install/whisper_cpp_vendor:/opt/ros/humble LD_LIBRARY_PATH=/home/mk/dev_ws/install/whisper_util/lib:/home/mk/dev_ws/install/whisper_idl/lib:/home/mk/dev_ws/install/whisper_cpp_vendor/lib:${LD_LIBRARY_PATH} PYTHONPATH=/home/mk/dev_ws/install/whisper_idl/local/lib/python3.10/dist-packages:${PYTHONPATH} /usr/bin/cmake --build /home/mk/dev_ws/build/transcript_manager -- -j20 -l20
[22.082s] DEBUG:colcon.colcon_core.event_handler.log_command:Invoked command in '/home/mk/dev_ws/build/xarm_msgs' returned '0': CMAKE_PREFIX_PATH=/opt/ros/humble /usr/bin/cmake --build /home/mk/dev_ws/build/xarm_msgs -- -j20 -l20
[22.083s] DEBUG:colcon.colcon_core.event_handler.log_command:Invoking command in '/home/mk/dev_ws/build/xarm_msgs': CMAKE_PREFIX_PATH=/opt/ros/humble /usr/bin/cmake --install /home/mk/dev_ws/build/xarm_msgs
[24.135s] DEBUG:colcon.colcon_core.event_handler.log_command:Invoked command in '/home/mk/dev_ws/build/realsense_gazebo_plugin' returned '0': CMAKE_PREFIX_PATH=/opt/ros/humble /usr/bin/cmake --build /home/mk/dev_ws/build/realsense_gazebo_plugin -- -j20 -l20
[24.136s] DEBUG:colcon.colcon_core.event_handler.log_command:Invoking command in '/home/mk/dev_ws/build/realsense_gazebo_plugin': CMAKE_PREFIX_PATH=/opt/ros/humble /usr/bin/cmake --install /home/mk/dev_ws/build/realsense_gazebo_plugin
[24.260s] Level 1:colcon.colcon_core.environment:create_environment_scripts_only(realsense_gazebo_plugin)
[24.261s] Level 1:colcon.colcon_core.environment:checking '/home/mk/dev_ws/install/realsense_gazebo_plugin' for CMake module files
[24.261s] DEBUG:colcon.colcon_core.event_handler.log_command:Invoked command in '/home/mk/dev_ws/build/realsense_gazebo_plugin' returned '0': CMAKE_PREFIX_PATH=/opt/ros/humble /usr/bin/cmake --install /home/mk/dev_ws/build/realsense_gazebo_plugin
[24.261s] Level 1:colcon.colcon_core.environment:checking '/home/mk/dev_ws/install/realsense_gazebo_plugin' for CMake config files
[24.261s] Level 1:colcon.colcon_core.shell:create_environment_hook('realsense_gazebo_plugin', 'cmake_prefix_path')
[24.262s] INFO:colcon.colcon_core.shell:Creating environment hook '/home/mk/dev_ws/install/realsense_gazebo_plugin/share/realsense_gazebo_plugin/hook/cmake_prefix_path.ps1'
[24.262s] INFO:colcon.colcon_core.shell:Creating environment descriptor '/home/mk/dev_ws/install/realsense_gazebo_plugin/share/realsense_gazebo_plugin/hook/cmake_prefix_path.dsv'
[24.262s] INFO:colcon.colcon_core.shell:Creating environment hook '/home/mk/dev_ws/install/realsense_gazebo_plugin/share/realsense_gazebo_plugin/hook/cmake_prefix_path.sh'
[24.262s] Level 1:colcon.colcon_core.environment:checking '/home/mk/dev_ws/install/realsense_gazebo_plugin/lib'
[24.262s] Level 1:colcon.colcon_core.shell:create_environment_hook('realsense_gazebo_plugin', 'ld_library_path_lib')
[24.263s] INFO:colcon.colcon_core.shell:Creating environment hook '/home/mk/dev_ws/install/realsense_gazebo_plugin/share/realsense_gazebo_plugin/hook/ld_library_path_lib.ps1'
[24.263s] INFO:colcon.colcon_core.shell:Creating environment descriptor '/home/mk/dev_ws/install/realsense_gazebo_plugin/share/realsense_gazebo_plugin/hook/ld_library_path_lib.dsv'
[24.263s] INFO:colcon.colcon_core.shell:Creating environment hook '/home/mk/dev_ws/install/realsense_gazebo_plugin/share/realsense_gazebo_plugin/hook/ld_library_path_lib.sh'
[24.263s] Level 1:colcon.colcon_core.environment:checking '/home/mk/dev_ws/install/realsense_gazebo_plugin/bin'
[24.263s] Level 1:colcon.colcon_core.environment:checking '/home/mk/dev_ws/install/realsense_gazebo_plugin/lib/pkgconfig/realsense_gazebo_plugin.pc'
[24.263s] Level 1:colcon.colcon_core.environment:checking '/home/mk/dev_ws/install/realsense_gazebo_plugin/lib/python3.10/site-packages'
[24.264s] Level 1:colcon.colcon_core.environment:checking '/home/mk/dev_ws/install/realsense_gazebo_plugin/bin'
[24.264s] INFO:colcon.colcon_core.shell:Creating package script '/home/mk/dev_ws/install/realsense_gazebo_plugin/share/realsense_gazebo_plugin/package.ps1'
[24.264s] INFO:colcon.colcon_core.shell:Creating package descriptor '/home/mk/dev_ws/install/realsense_gazebo_plugin/share/realsense_gazebo_plugin/package.dsv'
[24.264s] INFO:colcon.colcon_core.shell:Creating package script '/home/mk/dev_ws/install/realsense_gazebo_plugin/share/realsense_gazebo_plugin/package.sh'
[24.265s] INFO:colcon.colcon_core.shell:Creating package script '/home/mk/dev_ws/install/realsense_gazebo_plugin/share/realsense_gazebo_plugin/package.bash'
[24.265s] INFO:colcon.colcon_core.shell:Creating package script '/home/mk/dev_ws/install/realsense_gazebo_plugin/share/realsense_gazebo_plugin/package.zsh'
[24.265s] Level 1:colcon.colcon_core.environment:create_file_with_runtime_dependencies(/home/mk/dev_ws/install/realsense_gazebo_plugin/share/colcon-core/packages/realsense_gazebo_plugin)
[24.265s] Level 1:colcon.colcon_core.environment:create_environment_scripts_only(realsense_gazebo_plugin)
[24.265s] Level 1:colcon.colcon_core.environment:checking '/home/mk/dev_ws/install/realsense_gazebo_plugin' for CMake module files
[24.266s] Level 1:colcon.colcon_core.environment:checking '/home/mk/dev_ws/install/realsense_gazebo_plugin' for CMake config files
[24.266s] Level 1:colcon.colcon_core.shell:create_environment_hook('realsense_gazebo_plugin', 'cmake_prefix_path')
[24.266s] INFO:colcon.colcon_core.shell:Creating environment hook '/home/mk/dev_ws/install/realsense_gazebo_plugin/share/realsense_gazebo_plugin/hook/cmake_prefix_path.ps1'
[24.266s] INFO:colcon.colcon_core.shell:Creating environment descriptor '/home/mk/dev_ws/install/realsense_gazebo_plugin/share/realsense_gazebo_plugin/hook/cmake_prefix_path.dsv'
[24.266s] INFO:colcon.colcon_core.shell:Creating environment hook '/home/mk/dev_ws/install/realsense_gazebo_plugin/share/realsense_gazebo_plugin/hook/cmake_prefix_path.sh'
[24.267s] Level 1:colcon.colcon_core.environment:checking '/home/mk/dev_ws/install/realsense_gazebo_plugin/lib'
[24.267s] Level 1:colcon.colcon_core.shell:create_environment_hook('realsense_gazebo_plugin', 'ld_library_path_lib')
[24.267s] INFO:colcon.colcon_core.shell:Creating environment hook '/home/mk/dev_ws/install/realsense_gazebo_plugin/share/realsense_gazebo_plugin/hook/ld_library_path_lib.ps1'
[24.267s] INFO:colcon.colcon_core.shell:Creating environment descriptor '/home/mk/dev_ws/install/realsense_gazebo_plugin/share/realsense_gazebo_plugin/hook/ld_library_path_lib.dsv'
[24.267s] INFO:colcon.colcon_core.shell:Creating environment hook '/home/mk/dev_ws/install/realsense_gazebo_plugin/share/realsense_gazebo_plugin/hook/ld_library_path_lib.sh'
[24.268s] Level 1:colcon.colcon_core.environment:checking '/home/mk/dev_ws/install/realsense_gazebo_plugin/bin'
[24.268s] Level 1:colcon.colcon_core.environment:checking '/home/mk/dev_ws/install/realsense_gazebo_plugin/lib/pkgconfig/realsense_gazebo_plugin.pc'
[24.268s] Level 1:colcon.colcon_core.environment:checking '/home/mk/dev_ws/install/realsense_gazebo_plugin/lib/python3.10/site-packages'
[24.268s] Level 1:colcon.colcon_core.environment:checking '/home/mk/dev_ws/install/realsense_gazebo_plugin/bin'
[24.268s] INFO:colcon.colcon_core.shell:Creating package script '/home/mk/dev_ws/install/realsense_gazebo_plugin/share/realsense_gazebo_plugin/package.ps1'
[24.269s] INFO:colcon.colcon_core.shell:Creating package descriptor '/home/mk/dev_ws/install/realsense_gazebo_plugin/share/realsense_gazebo_plugin/package.dsv'
[24.269s] INFO:colcon.colcon_core.shell:Creating package script '/home/mk/dev_ws/install/realsense_gazebo_plugin/share/realsense_gazebo_plugin/package.sh'
[24.269s] INFO:colcon.colcon_core.shell:Creating package script '/home/mk/dev_ws/install/realsense_gazebo_plugin/share/realsense_gazebo_plugin/package.bash'
[24.270s] INFO:colcon.colcon_core.shell:Creating package script '/home/mk/dev_ws/install/realsense_gazebo_plugin/share/realsense_gazebo_plugin/package.zsh'
[24.270s] Level 1:colcon.colcon_core.environment:create_file_with_runtime_dependencies(/home/mk/dev_ws/install/realsense_gazebo_plugin/share/colcon-core/packages/realsense_gazebo_plugin)
[28.168s] Level 1:colcon.colcon_core.environment:create_environment_scripts_only(xarm_msgs)
[28.168s] DEBUG:colcon.colcon_core.event_handler.log_command:Invoked command in '/home/mk/dev_ws/build/xarm_msgs' returned '0': CMAKE_PREFIX_PATH=/opt/ros/humble /usr/bin/cmake --install /home/mk/dev_ws/build/xarm_msgs
[28.168s] Level 1:colcon.colcon_core.environment:checking '/home/mk/dev_ws/install/xarm_msgs' for CMake module files
[28.169s] Level 1:colcon.colcon_core.environment:checking '/home/mk/dev_ws/install/xarm_msgs' for CMake config files
[28.170s] Level 1:colcon.colcon_core.shell:create_environment_hook('xarm_msgs', 'cmake_prefix_path')
[28.171s] INFO:colcon.colcon_core.shell:Creating environment hook '/home/mk/dev_ws/install/xarm_msgs/share/xarm_msgs/hook/cmake_prefix_path.ps1'
[28.171s] INFO:colcon.colcon_core.shell:Creating environment descriptor '/home/mk/dev_ws/install/xarm_msgs/share/xarm_msgs/hook/cmake_prefix_path.dsv'
[28.171s] INFO:colcon.colcon_core.shell:Creating environment hook '/home/mk/dev_ws/install/xarm_msgs/share/xarm_msgs/hook/cmake_prefix_path.sh'
[28.172s] Level 1:colcon.colcon_core.environment:checking '/home/mk/dev_ws/install/xarm_msgs/lib'
[28.172s] Level 1:colcon.colcon_core.shell:create_environment_hook('xarm_msgs', 'ld_library_path_lib')
[28.172s] INFO:colcon.colcon_core.shell:Creating environment hook '/home/mk/dev_ws/install/xarm_msgs/share/xarm_msgs/hook/ld_library_path_lib.ps1'
[28.172s] INFO:colcon.colcon_core.shell:Creating environment descriptor '/home/mk/dev_ws/install/xarm_msgs/share/xarm_msgs/hook/ld_library_path_lib.dsv'
[28.173s] INFO:colcon.colcon_core.shell:Creating environment hook '/home/mk/dev_ws/install/xarm_msgs/share/xarm_msgs/hook/ld_library_path_lib.sh'
[28.173s] Level 1:colcon.colcon_core.environment:checking '/home/mk/dev_ws/install/xarm_msgs/bin'
[28.173s] Level 1:colcon.colcon_core.environment:checking '/home/mk/dev_ws/install/xarm_msgs/lib/pkgconfig/xarm_msgs.pc'
[28.173s] Level 1:colcon.colcon_core.environment:checking '/home/mk/dev_ws/install/xarm_msgs/lib/python3.10/site-packages'
[28.174s] Level 1:colcon.colcon_core.environment:checking '/home/mk/dev_ws/install/xarm_msgs/bin'
[28.174s] INFO:colcon.colcon_core.shell:Creating package script '/home/mk/dev_ws/install/xarm_msgs/share/xarm_msgs/package.ps1'
[28.174s] INFO:colcon.colcon_core.shell:Creating package descriptor '/home/mk/dev_ws/install/xarm_msgs/share/xarm_msgs/package.dsv'
[28.174s] INFO:colcon.colcon_core.shell:Creating package script '/home/mk/dev_ws/install/xarm_msgs/share/xarm_msgs/package.sh'
[28.175s] INFO:colcon.colcon_core.shell:Creating package script '/home/mk/dev_ws/install/xarm_msgs/share/xarm_msgs/package.bash'
[28.175s] INFO:colcon.colcon_core.shell:Creating package script '/home/mk/dev_ws/install/xarm_msgs/share/xarm_msgs/package.zsh'
[28.175s] Level 1:colcon.colcon_core.environment:create_file_with_runtime_dependencies(/home/mk/dev_ws/install/xarm_msgs/share/colcon-core/packages/xarm_msgs)
[28.175s] Level 1:colcon.colcon_core.environment:create_environment_scripts_only(xarm_msgs)
[28.175s] Level 1:colcon.colcon_core.environment:checking '/home/mk/dev_ws/install/xarm_msgs' for CMake module files
[28.176s] Level 1:colcon.colcon_core.environment:checking '/home/mk/dev_ws/install/xarm_msgs' for CMake config files
[28.176s] Level 1:colcon.colcon_core.shell:create_environment_hook('xarm_msgs', 'cmake_prefix_path')
[28.176s] INFO:colcon.colcon_core.shell:Creating environment hook '/home/mk/dev_ws/install/xarm_msgs/share/xarm_msgs/hook/cmake_prefix_path.ps1'
[28.177s] INFO:colcon.colcon_core.shell:Creating environment descriptor '/home/mk/dev_ws/install/xarm_msgs/share/xarm_msgs/hook/cmake_prefix_path.dsv'
[28.177s] INFO:colcon.colcon_core.shell:Creating environment hook '/home/mk/dev_ws/install/xarm_msgs/share/xarm_msgs/hook/cmake_prefix_path.sh'
[28.177s] Level 1:colcon.colcon_core.environment:checking '/home/mk/dev_ws/install/xarm_msgs/lib'
[28.177s] Level 1:colcon.colcon_core.shell:create_environment_hook('xarm_msgs', 'ld_library_path_lib')
[28.177s] INFO:colcon.colcon_core.shell:Creating environment hook '/home/mk/dev_ws/install/xarm_msgs/share/xarm_msgs/hook/ld_library_path_lib.ps1'
[28.177s] INFO:colcon.colcon_core.shell:Creating environment descriptor '/home/mk/dev_ws/install/xarm_msgs/share/xarm_msgs/hook/ld_library_path_lib.dsv'
[28.178s] INFO:colcon.colcon_core.shell:Creating environment hook '/home/mk/dev_ws/install/xarm_msgs/share/xarm_msgs/hook/ld_library_path_lib.sh'
[28.178s] Level 1:colcon.colcon_core.environment:checking '/home/mk/dev_ws/install/xarm_msgs/bin'
[28.178s] Level 1:colcon.colcon_core.environment:checking '/home/mk/dev_ws/install/xarm_msgs/lib/pkgconfig/xarm_msgs.pc'
[28.178s] Level 1:colcon.colcon_core.environment:checking '/home/mk/dev_ws/install/xarm_msgs/lib/python3.10/site-packages'
[28.178s] Level 1:colcon.colcon_core.environment:checking '/home/mk/dev_ws/install/xarm_msgs/bin'
[28.178s] INFO:colcon.colcon_core.shell:Creating package script '/home/mk/dev_ws/install/xarm_msgs/share/xarm_msgs/package.ps1'
[28.179s] INFO:colcon.colcon_core.shell:Creating package descriptor '/home/mk/dev_ws/install/xarm_msgs/share/xarm_msgs/package.dsv'
[28.179s] INFO:colcon.colcon_core.shell:Creating package script '/home/mk/dev_ws/install/xarm_msgs/share/xarm_msgs/package.sh'
[28.179s] INFO:colcon.colcon_core.shell:Creating package script '/home/mk/dev_ws/install/xarm_msgs/share/xarm_msgs/package.bash'
[28.179s] INFO:colcon.colcon_core.shell:Creating package script '/home/mk/dev_ws/install/xarm_msgs/share/xarm_msgs/package.zsh'
[28.180s] Level 1:colcon.colcon_core.environment:create_file_with_runtime_dependencies(/home/mk/dev_ws/install/xarm_msgs/share/colcon-core/packages/xarm_msgs)
[28.180s] INFO:colcon.colcon_ros.task.ament_cmake.build:Building ROS package in '/home/mk/dev_ws/src/xarm_ros2/xarm_api' with build type 'ament_cmake'
[28.180s] INFO:colcon.colcon_cmake.task.cmake.build:Building CMake package in '/home/mk/dev_ws/src/xarm_ros2/xarm_api'
[28.180s] INFO:colcon.colcon_core.shell:Skip shell extension 'powershell' for command environment: Not usable outside of PowerShell
[28.180s] DEBUG:colcon.colcon_core.shell:Skip shell extension 'dsv' for command environment
[28.182s] INFO:colcon.colcon_ros.task.ament_python.build:Building ROS package in '/home/mk/dev_ws/src/motion_sequence' with build type 'ament_python'
[28.182s] Level 1:colcon.colcon_core.shell:create_environment_hook('motion_sequence', 'ament_prefix_path')
[28.182s] INFO:colcon.colcon_core.shell:Creating environment hook '/home/mk/dev_ws/install/motion_sequence/share/motion_sequence/hook/ament_prefix_path.ps1'
[28.182s] INFO:colcon.colcon_core.shell:Creating environment descriptor '/home/mk/dev_ws/install/motion_sequence/share/motion_sequence/hook/ament_prefix_path.dsv'
[28.182s] INFO:colcon.colcon_core.shell:Creating environment hook '/home/mk/dev_ws/install/motion_sequence/share/motion_sequence/hook/ament_prefix_path.sh'
[28.183s] INFO:colcon.colcon_core.shell:Skip shell extension 'powershell' for command environment: Not usable outside of PowerShell
[28.183s] DEBUG:colcon.colcon_core.shell:Skip shell extension 'dsv' for command environment
[28.184s] INFO:colcon.colcon_ros.task.ament_python.build:Building ROS package in '/home/mk/dev_ws/src/move_to_coordinator' with build type 'ament_python'
[28.184s] Level 1:colcon.colcon_core.shell:create_environment_hook('move_to_coordinator', 'ament_prefix_path')
[28.184s] INFO:colcon.colcon_core.shell:Creating environment hook '/home/mk/dev_ws/install/move_to_coordinator/share/move_to_coordinator/hook/ament_prefix_path.ps1'
[28.184s] INFO:colcon.colcon_core.shell:Creating environment descriptor '/home/mk/dev_ws/install/move_to_coordinator/share/move_to_coordinator/hook/ament_prefix_path.dsv'
[28.185s] INFO:colcon.colcon_core.shell:Creating environment hook '/home/mk/dev_ws/install/move_to_coordinator/share/move_to_coordinator/hook/ament_prefix_path.sh'
[28.185s] INFO:colcon.colcon_core.shell:Skip shell extension 'powershell' for command environment: Not usable outside of PowerShell
[28.185s] DEBUG:colcon.colcon_core.shell:Skip shell extension 'dsv' for command environment
[28.186s] INFO:colcon.colcon_ros.task.ament_cmake.build:Building ROS package in '/home/mk/dev_ws/src/rviz_robot_control_panel' with build type 'ament_cmake'
[28.186s] INFO:colcon.colcon_cmake.task.cmake.build:Building CMake package in '/home/mk/dev_ws/src/rviz_robot_control_panel'
[28.187s] INFO:colcon.colcon_core.shell:Skip shell extension 'powershell' for command environment: Not usable outside of PowerShell
[28.187s] DEBUG:colcon.colcon_core.shell:Skip shell extension 'dsv' for command environment
[28.190s] DEBUG:colcon.colcon_core.event_handler.log_command:Invoking command in '/home/mk/dev_ws/build/xarm_api': AMENT_PREFIX_PATH=/home/mk/dev_ws/install/xarm_sdk:/home/mk/dev_ws/install/xarm_msgs:/home/mk/dev_ws/install/xarm_description:${AMENT_PREFIX_PATH} CMAKE_PREFIX_PATH=/home/mk/dev_ws/install/xarm_sdk:/home/mk/dev_ws/install/xarm_msgs:/home/mk/dev_ws/install/xarm_description:/opt/ros/humble LD_LIBRARY_PATH=/home/mk/dev_ws/install/xarm_sdk/lib:/home/mk/dev_ws/install/xarm_msgs/lib:${LD_LIBRARY_PATH} PYTHONPATH=/home/mk/dev_ws/install/xarm_msgs/local/lib/python3.10/dist-packages:${PYTHONPATH} /usr/bin/cmake /home/mk/dev_ws/src/xarm_ros2/xarm_api -DAMENT_CMAKE_SYMLINK_INSTALL=1 -DCMAKE_INSTALL_PREFIX=/home/mk/dev_ws/install/xarm_api
[28.336s] INFO:colcon.colcon_core.task.python.build:Building Python package in '/home/mk/dev_ws/src/motion_sequence'
[28.336s] INFO:colcon.colcon_core.shell:Skip shell extension 'powershell' for command environment: Not usable outside of PowerShell
[28.336s] DEBUG:colcon.colcon_core.shell:Skip shell extension 'dsv' for command environment
[28.484s] INFO:colcon.colcon_core.task.python.build:Building Python package in '/home/mk/dev_ws/src/move_to_coordinator'
[28.484s] INFO:colcon.colcon_core.shell:Skip shell extension 'powershell' for command environment: Not usable outside of PowerShell
[28.484s] DEBUG:colcon.colcon_core.shell:Skip shell extension 'dsv' for command environment
[28.488s] DEBUG:colcon.colcon_core.event_handler.log_command:Invoking command in '/home/mk/dev_ws/build/rviz_robot_control_panel': AMENT_PREFIX_PATH=/home/mk/dev_ws/install/xarm_msgs:${AMENT_PREFIX_PATH} CMAKE_PREFIX_PATH=/home/mk/dev_ws/install/xarm_msgs:/opt/ros/humble LD_LIBRARY_PATH=/home/mk/dev_ws/install/xarm_msgs/lib:${LD_LIBRARY_PATH} PYTHONPATH=/home/mk/dev_ws/install/xarm_msgs/local/lib/python3.10/dist-packages:${PYTHONPATH} /usr/bin/cmake /home/mk/dev_ws/src/rviz_robot_control_panel -DAMENT_CMAKE_SYMLINK_INSTALL=1 -DCMAKE_INSTALL_PREFIX=/home/mk/dev_ws/install/rviz_robot_control_panel
[28.726s] DEBUG:colcon.colcon_core.event_handler.log_command:Invoking command in '/home/mk/dev_ws/build/motion_sequence': AMENT_PREFIX_PATH=/home/mk/dev_ws/install/xarm_msgs:${AMENT_PREFIX_PATH} CMAKE_PREFIX_PATH=/home/mk/dev_ws/install/xarm_msgs LD_LIBRARY_PATH=/home/mk/dev_ws/install/xarm_msgs/lib:${LD_LIBRARY_PATH} PYTHONPATH=/home/mk/dev_ws/build/motion_sequence/prefix_override:/usr/lib/python3/dist-packages/colcon_core/task/python/colcon_distutils_commands:/home/mk/dev_ws/install/motion_sequence/lib/python3.10/site-packages:/home/mk/dev_ws/install/xarm_msgs/local/lib/python3.10/dist-packages:${PYTHONPATH} /usr/bin/python3 -W ignore:setup.py install is deprecated -W ignore:easy_install command is deprecated setup.py develop --editable --build-directory /home/mk/dev_ws/build/motion_sequence/build --no-deps symlink_data
[28.735s] DEBUG:colcon.colcon_core.event_handler.log_command:Invoking command in '/home/mk/dev_ws/build/move_to_coordinator': AMENT_PREFIX_PATH=/home/mk/dev_ws/install/xarm_msgs:${AMENT_PREFIX_PATH} CMAKE_PREFIX_PATH=/home/mk/dev_ws/install/xarm_msgs LD_LIBRARY_PATH=/home/mk/dev_ws/install/xarm_msgs/lib:${LD_LIBRARY_PATH} PYTHONPATH=/home/mk/dev_ws/build/move_to_coordinator/prefix_override:/usr/lib/python3/dist-packages/colcon_core/task/python/colcon_distutils_commands:/home/mk/dev_ws/install/move_to_coordinator/lib/python3.10/site-packages:/home/mk/dev_ws/install/xarm_msgs/local/lib/python3.10/dist-packages:${PYTHONPATH} /usr/bin/python3 -W ignore:setup.py install is deprecated -W ignore:easy_install command is deprecated setup.py develop --editable --build-directory /home/mk/dev_ws/build/move_to_coordinator/build --no-deps symlink_data
[28.936s] DEBUG:colcon.colcon_core.event_handler.log_command:Invoked command in '/home/mk/dev_ws/build/xarm_api' returned '0': AMENT_PREFIX_PATH=/home/mk/dev_ws/install/xarm_sdk:/home/mk/dev_ws/install/xarm_msgs:/home/mk/dev_ws/install/xarm_description:${AMENT_PREFIX_PATH} CMAKE_PREFIX_PATH=/home/mk/dev_ws/install/xarm_sdk:/home/mk/dev_ws/install/xarm_msgs:/home/mk/dev_ws/install/xarm_description:/opt/ros/humble LD_LIBRARY_PATH=/home/mk/dev_ws/install/xarm_sdk/lib:/home/mk/dev_ws/install/xarm_msgs/lib:${LD_LIBRARY_PATH} PYTHONPATH=/home/mk/dev_ws/install/xarm_msgs/local/lib/python3.10/dist-packages:${PYTHONPATH} /usr/bin/cmake /home/mk/dev_ws/src/xarm_ros2/xarm_api -DAMENT_CMAKE_SYMLINK_INSTALL=1 -DCMAKE_INSTALL_PREFIX=/home/mk/dev_ws/install/xarm_api
[28.937s] DEBUG:colcon.colcon_core.event_handler.log_command:Invoking command in '/home/mk/dev_ws/build/xarm_api': AMENT_PREFIX_PATH=/home/mk/dev_ws/install/xarm_sdk:/home/mk/dev_ws/install/xarm_msgs:/home/mk/dev_ws/install/xarm_description:${AMENT_PREFIX_PATH} CMAKE_PREFIX_PATH=/home/mk/dev_ws/install/xarm_sdk:/home/mk/dev_ws/install/xarm_msgs:/home/mk/dev_ws/install/xarm_description:/opt/ros/humble LD_LIBRARY_PATH=/home/mk/dev_ws/install/xarm_sdk/lib:/home/mk/dev_ws/install/xarm_msgs/lib:${LD_LIBRARY_PATH} PYTHONPATH=/home/mk/dev_ws/install/xarm_msgs/local/lib/python3.10/dist-packages:${PYTHONPATH} /usr/bin/cmake --build /home/mk/dev_ws/build/xarm_api -- -j20 -l20
[29.025s] Level 1:colcon.colcon_core.shell:create_environment_hook('motion_sequence', 'pythonpath_develop')
[29.025s] INFO:colcon.colcon_core.shell:Creating environment hook '/home/mk/dev_ws/build/motion_sequence/share/motion_sequence/hook/pythonpath_develop.ps1'
[29.026s] DEBUG:colcon.colcon_core.event_handler.log_command:Invoked command in '/home/mk/dev_ws/build/motion_sequence' returned '0': AMENT_PREFIX_PATH=/home/mk/dev_ws/install/xarm_msgs:${AMENT_PREFIX_PATH} CMAKE_PREFIX_PATH=/home/mk/dev_ws/install/xarm_msgs LD_LIBRARY_PATH=/home/mk/dev_ws/install/xarm_msgs/lib:${LD_LIBRARY_PATH} PYTHONPATH=/home/mk/dev_ws/build/motion_sequence/prefix_override:/usr/lib/python3/dist-packages/colcon_core/task/python/colcon_distutils_commands:/home/mk/dev_ws/install/motion_sequence/lib/python3.10/site-packages:/home/mk/dev_ws/install/xarm_msgs/local/lib/python3.10/dist-packages:${PYTHONPATH} /usr/bin/python3 -W ignore:setup.py install is deprecated -W ignore:easy_install command is deprecated setup.py develop --editable --build-directory /home/mk/dev_ws/build/motion_sequence/build --no-deps symlink_data
[29.026s] INFO:colcon.colcon_core.shell:Creating environment descriptor '/home/mk/dev_ws/build/motion_sequence/share/motion_sequence/hook/pythonpath_develop.dsv'
[29.027s] INFO:colcon.colcon_core.shell:Creating environment hook '/home/mk/dev_ws/build/motion_sequence/share/motion_sequence/hook/pythonpath_develop.sh'
[29.027s] Level 1:colcon.colcon_core.environment:checking '/home/mk/dev_ws/install/motion_sequence' for CMake module files
[29.027s] Level 1:colcon.colcon_core.environment:checking '/home/mk/dev_ws/install/motion_sequence' for CMake config files
[29.028s] Level 1:colcon.colcon_core.environment:checking '/home/mk/dev_ws/install/motion_sequence/lib'
[29.028s] Level 1:colcon.colcon_core.environment:checking '/home/mk/dev_ws/install/motion_sequence/bin'
[29.028s] Level 1:colcon.colcon_core.environment:checking '/home/mk/dev_ws/install/motion_sequence/lib/pkgconfig/motion_sequence.pc'
[29.028s] Level 1:colcon.colcon_core.environment:checking '/home/mk/dev_ws/install/motion_sequence/lib/python3.10/site-packages'
[29.028s] Level 1:colcon.colcon_core.shell:create_environment_hook('motion_sequence', 'pythonpath')
[29.028s] INFO:colcon.colcon_core.shell:Creating environment hook '/home/mk/dev_ws/install/motion_sequence/share/motion_sequence/hook/pythonpath.ps1'
[29.028s] INFO:colcon.colcon_core.shell:Creating environment descriptor '/home/mk/dev_ws/install/motion_sequence/share/motion_sequence/hook/pythonpath.dsv'
[29.029s] INFO:colcon.colcon_core.shell:Creating environment hook '/home/mk/dev_ws/install/motion_sequence/share/motion_sequence/hook/pythonpath.sh'
[29.029s] Level 1:colcon.colcon_core.environment:checking '/home/mk/dev_ws/install/motion_sequence/bin'
[29.029s] Level 1:colcon.colcon_core.environment:create_environment_scripts_only(motion_sequence)
[29.029s] INFO:colcon.colcon_core.shell:Creating package script '/home/mk/dev_ws/install/motion_sequence/share/motion_sequence/package.ps1'
[29.030s] INFO:colcon.colcon_core.shell:Creating package descriptor '/home/mk/dev_ws/install/motion_sequence/share/motion_sequence/package.dsv'
[29.031s] INFO:colcon.colcon_core.shell:Creating package script '/home/mk/dev_ws/install/motion_sequence/share/motion_sequence/package.sh'
[29.031s] INFO:colcon.colcon_core.shell:Creating package script '/home/mk/dev_ws/install/motion_sequence/share/motion_sequence/package.bash'
[29.031s] INFO:colcon.colcon_core.shell:Creating package script '/home/mk/dev_ws/install/motion_sequence/share/motion_sequence/package.zsh'
[29.031s] Level 1:colcon.colcon_core.environment:create_file_with_runtime_dependencies(/home/mk/dev_ws/install/motion_sequence/share/colcon-core/packages/motion_sequence)
[29.032s] Level 1:colcon.colcon_core.shell:create_environment_hook('move_to_coordinator', 'pythonpath_develop')
[29.032s] INFO:colcon.colcon_core.shell:Creating environment hook '/home/mk/dev_ws/build/move_to_coordinator/share/move_to_coordinator/hook/pythonpath_develop.ps1'
[29.033s] DEBUG:colcon.colcon_core.event_handler.log_command:Invoked command in '/home/mk/dev_ws/build/move_to_coordinator' returned '0': AMENT_PREFIX_PATH=/home/mk/dev_ws/install/xarm_msgs:${AMENT_PREFIX_PATH} CMAKE_PREFIX_PATH=/home/mk/dev_ws/install/xarm_msgs LD_LIBRARY_PATH=/home/mk/dev_ws/install/xarm_msgs/lib:${LD_LIBRARY_PATH} PYTHONPATH=/home/mk/dev_ws/build/move_to_coordinator/prefix_override:/usr/lib/python3/dist-packages/colcon_core/task/python/colcon_distutils_commands:/home/mk/dev_ws/install/move_to_coordinator/lib/python3.10/site-packages:/home/mk/dev_ws/install/xarm_msgs/local/lib/python3.10/dist-packages:${PYTHONPATH} /usr/bin/python3 -W ignore:setup.py install is deprecated -W ignore:easy_install command is deprecated setup.py develop --editable --build-directory /home/mk/dev_ws/build/move_to_coordinator/build --no-deps symlink_data
[29.033s] INFO:colcon.colcon_core.shell:Creating environment descriptor '/home/mk/dev_ws/build/move_to_coordinator/share/move_to_coordinator/hook/pythonpath_develop.dsv'
[29.033s] INFO:colcon.colcon_core.shell:Creating environment hook '/home/mk/dev_ws/build/move_to_coordinator/share/move_to_coordinator/hook/pythonpath_develop.sh'
[29.033s] Level 1:colcon.colcon_core.environment:checking '/home/mk/dev_ws/install/move_to_coordinator' for CMake module files
[29.033s] Level 1:colcon.colcon_core.environment:checking '/home/mk/dev_ws/install/move_to_coordinator' for CMake config files
[29.034s] Level 1:colcon.colcon_core.environment:checking '/home/mk/dev_ws/install/move_to_coordinator/lib'
[29.034s] Level 1:colcon.colcon_core.environment:checking '/home/mk/dev_ws/install/move_to_coordinator/bin'
[29.034s] Level 1:colcon.colcon_core.environment:checking '/home/mk/dev_ws/install/move_to_coordinator/lib/pkgconfig/move_to_coordinator.pc'
[29.034s] Level 1:colcon.colcon_core.environment:checking '/home/mk/dev_ws/install/move_to_coordinator/lib/python3.10/site-packages'
[29.034s] Level 1:colcon.colcon_core.shell:create_environment_hook('move_to_coordinator', 'pythonpath')
[29.034s] INFO:colcon.colcon_core.shell:Creating environment hook '/home/mk/dev_ws/install/move_to_coordinator/share/move_to_coordinator/hook/pythonpath.ps1'
[29.034s] INFO:colcon.colcon_core.shell:Creating environment descriptor '/home/mk/dev_ws/install/move_to_coordinator/share/move_to_coordinator/hook/pythonpath.dsv'
[29.035s] INFO:colcon.colcon_core.shell:Creating environment hook '/home/mk/dev_ws/install/move_to_coordinator/share/move_to_coordinator/hook/pythonpath.sh'
[29.035s] Level 1:colcon.colcon_core.environment:checking '/home/mk/dev_ws/install/move_to_coordinator/bin'
[29.035s] Level 1:colcon.colcon_core.environment:create_environment_scripts_only(move_to_coordinator)
[29.035s] INFO:colcon.colcon_core.shell:Creating package script '/home/mk/dev_ws/install/move_to_coordinator/share/move_to_coordinator/package.ps1'
[29.035s] INFO:colcon.colcon_core.shell:Creating package descriptor '/home/mk/dev_ws/install/move_to_coordinator/share/move_to_coordinator/package.dsv'
[29.036s] INFO:colcon.colcon_core.shell:Creating package script '/home/mk/dev_ws/install/move_to_coordinator/share/move_to_coordinator/package.sh'
[29.036s] INFO:colcon.colcon_core.shell:Creating package script '/home/mk/dev_ws/install/move_to_coordinator/share/move_to_coordinator/package.bash'
[29.036s] INFO:colcon.colcon_core.shell:Creating package script '/home/mk/dev_ws/install/move_to_coordinator/share/move_to_coordinator/package.zsh'
[29.036s] Level 1:colcon.colcon_core.environment:create_file_with_runtime_dependencies(/home/mk/dev_ws/install/move_to_coordinator/share/colcon-core/packages/move_to_coordinator)
[29.958s] DEBUG:colcon.colcon_core.event_handler.log_command:Invoked command in '/home/mk/dev_ws/build/whisper_server' returned '0': AMENT_PREFIX_PATH=/home/mk/dev_ws/install/whisper_util:/home/mk/dev_ws/install/whisper_idl:/home/mk/dev_ws/install/whisper_cpp_vendor:${AMENT_PREFIX_PATH} CMAKE_PREFIX_PATH=/home/mk/dev_ws/install/whisper_util:/home/mk/dev_ws/install/whisper_idl:/home/mk/dev_ws/install/whisper_cpp_vendor:/opt/ros/humble LD_LIBRARY_PATH=/home/mk/dev_ws/install/whisper_util/lib:/home/mk/dev_ws/install/whisper_idl/lib:/home/mk/dev_ws/install/whisper_cpp_vendor/lib:${LD_LIBRARY_PATH} PYTHONPATH=/home/mk/dev_ws/install/whisper_idl/local/lib/python3.10/dist-packages:${PYTHONPATH} /usr/bin/cmake --build /home/mk/dev_ws/build/whisper_server -- -j20 -l20
[29.959s] DEBUG:colcon.colcon_core.event_handler.log_command:Invoking command in '/home/mk/dev_ws/build/whisper_server': AMENT_PREFIX_PATH=/home/mk/dev_ws/install/whisper_util:/home/mk/dev_ws/install/whisper_idl:/home/mk/dev_ws/install/whisper_cpp_vendor:${AMENT_PREFIX_PATH} CMAKE_PREFIX_PATH=/home/mk/dev_ws/install/whisper_util:/home/mk/dev_ws/install/whisper_idl:/home/mk/dev_ws/install/whisper_cpp_vendor:/opt/ros/humble LD_LIBRARY_PATH=/home/mk/dev_ws/install/whisper_util/lib:/home/mk/dev_ws/install/whisper_idl/lib:/home/mk/dev_ws/install/whisper_cpp_vendor/lib:${LD_LIBRARY_PATH} PYTHONPATH=/home/mk/dev_ws/install/whisper_idl/local/lib/python3.10/dist-packages:${PYTHONPATH} /usr/bin/cmake --install /home/mk/dev_ws/build/whisper_server
[30.093s] DEBUG:colcon.colcon_core.event_handler.log_command:Invoked command in '/home/mk/dev_ws/build/rviz_robot_control_panel' returned '0': AMENT_PREFIX_PATH=/home/mk/dev_ws/install/xarm_msgs:${AMENT_PREFIX_PATH} CMAKE_PREFIX_PATH=/home/mk/dev_ws/install/xarm_msgs:/opt/ros/humble LD_LIBRARY_PATH=/home/mk/dev_ws/install/xarm_msgs/lib:${LD_LIBRARY_PATH} PYTHONPATH=/home/mk/dev_ws/install/xarm_msgs/local/lib/python3.10/dist-packages:${PYTHONPATH} /usr/bin/cmake /home/mk/dev_ws/src/rviz_robot_control_panel -DAMENT_CMAKE_SYMLINK_INSTALL=1 -DCMAKE_INSTALL_PREFIX=/home/mk/dev_ws/install/rviz_robot_control_panel
[30.094s] DEBUG:colcon.colcon_core.event_handler.log_command:Invoking command in '/home/mk/dev_ws/build/rviz_robot_control_panel': AMENT_PREFIX_PATH=/home/mk/dev_ws/install/xarm_msgs:${AMENT_PREFIX_PATH} CMAKE_PREFIX_PATH=/home/mk/dev_ws/install/xarm_msgs:/opt/ros/humble LD_LIBRARY_PATH=/home/mk/dev_ws/install/xarm_msgs/lib:${LD_LIBRARY_PATH} PYTHONPATH=/home/mk/dev_ws/install/xarm_msgs/local/lib/python3.10/dist-packages:${PYTHONPATH} /usr/bin/cmake --build /home/mk/dev_ws/build/rviz_robot_control_panel -- -j20 -l20
[30.106s] Level 1:colcon.colcon_core.environment:create_environment_scripts_only(whisper_server)
[30.107s] Level 1:colcon.colcon_core.environment:checking '/home/mk/dev_ws/install/whisper_server' for CMake module files
[30.107s] DEBUG:colcon.colcon_core.event_handler.log_command:Invoked command in '/home/mk/dev_ws/build/whisper_server' returned '0': AMENT_PREFIX_PATH=/home/mk/dev_ws/install/whisper_util:/home/mk/dev_ws/install/whisper_idl:/home/mk/dev_ws/install/whisper_cpp_vendor:${AMENT_PREFIX_PATH} CMAKE_PREFIX_PATH=/home/mk/dev_ws/install/whisper_util:/home/mk/dev_ws/install/whisper_idl:/home/mk/dev_ws/install/whisper_cpp_vendor:/opt/ros/humble LD_LIBRARY_PATH=/home/mk/dev_ws/install/whisper_util/lib:/home/mk/dev_ws/install/whisper_idl/lib:/home/mk/dev_ws/install/whisper_cpp_vendor/lib:${LD_LIBRARY_PATH} PYTHONPATH=/home/mk/dev_ws/install/whisper_idl/local/lib/python3.10/dist-packages:${PYTHONPATH} /usr/bin/cmake --install /home/mk/dev_ws/build/whisper_server
[30.107s] Level 1:colcon.colcon_core.environment:checking '/home/mk/dev_ws/install/whisper_server' for CMake config files
[30.108s] Level 1:colcon.colcon_core.shell:create_environment_hook('whisper_server', 'cmake_prefix_path')
[30.108s] INFO:colcon.colcon_core.shell:Creating environment hook '/home/mk/dev_ws/install/whisper_server/share/whisper_server/hook/cmake_prefix_path.ps1'
[30.108s] INFO:colcon.colcon_core.shell:Creating environment descriptor '/home/mk/dev_ws/install/whisper_server/share/whisper_server/hook/cmake_prefix_path.dsv'
[30.109s] INFO:colcon.colcon_core.shell:Creating environment hook '/home/mk/dev_ws/install/whisper_server/share/whisper_server/hook/cmake_prefix_path.sh'
[30.109s] Level 1:colcon.colcon_core.environment:checking '/home/mk/dev_ws/install/whisper_server/lib'
[30.109s] Level 1:colcon.colcon_core.shell:create_environment_hook('whisper_server', 'ld_library_path_lib')
[30.110s] INFO:colcon.colcon_core.shell:Creating environment hook '/home/mk/dev_ws/install/whisper_server/share/whisper_server/hook/ld_library_path_lib.ps1'
[30.110s] INFO:colcon.colcon_core.shell:Creating environment descriptor '/home/mk/dev_ws/install/whisper_server/share/whisper_server/hook/ld_library_path_lib.dsv'
[30.110s] INFO:colcon.colcon_core.shell:Creating environment hook '/home/mk/dev_ws/install/whisper_server/share/whisper_server/hook/ld_library_path_lib.sh'
[30.111s] Level 1:colcon.colcon_core.environment:checking '/home/mk/dev_ws/install/whisper_server/bin'
[30.111s] Level 1:colcon.colcon_core.environment:checking '/home/mk/dev_ws/install/whisper_server/lib/pkgconfig/whisper_server.pc'
[30.111s] Level 1:colcon.colcon_core.environment:checking '/home/mk/dev_ws/install/whisper_server/lib/python3.10/site-packages'
[30.111s] Level 1:colcon.colcon_core.environment:checking '/home/mk/dev_ws/install/whisper_server/bin'
[30.111s] INFO:colcon.colcon_core.shell:Creating package script '/home/mk/dev_ws/install/whisper_server/share/whisper_server/package.ps1'
[30.112s] INFO:colcon.colcon_core.shell:Creating package descriptor '/home/mk/dev_ws/install/whisper_server/share/whisper_server/package.dsv'
[30.112s] INFO:colcon.colcon_core.shell:Creating package script '/home/mk/dev_ws/install/whisper_server/share/whisper_server/package.sh'
[30.113s] INFO:colcon.colcon_core.shell:Creating package script '/home/mk/dev_ws/install/whisper_server/share/whisper_server/package.bash'
[30.113s] INFO:colcon.colcon_core.shell:Creating package script '/home/mk/dev_ws/install/whisper_server/share/whisper_server/package.zsh'
[30.113s] Level 1:colcon.colcon_core.environment:create_file_with_runtime_dependencies(/home/mk/dev_ws/install/whisper_server/share/colcon-core/packages/whisper_server)
[30.114s] Level 1:colcon.colcon_core.environment:create_environment_scripts_only(whisper_server)
[30.114s] Level 1:colcon.colcon_core.environment:checking '/home/mk/dev_ws/install/whisper_server' for CMake module files
[30.115s] Level 1:colcon.colcon_core.environment:checking '/home/mk/dev_ws/install/whisper_server' for CMake config files
[30.115s] Level 1:colcon.colcon_core.shell:create_environment_hook('whisper_server', 'cmake_prefix_path')
[30.115s] INFO:colcon.colcon_core.shell:Creating environment hook '/home/mk/dev_ws/install/whisper_server/share/whisper_server/hook/cmake_prefix_path.ps1'
[30.116s] INFO:colcon.colcon_core.shell:Creating environment descriptor '/home/mk/dev_ws/install/whisper_server/share/whisper_server/hook/cmake_prefix_path.dsv'
[30.116s] INFO:colcon.colcon_core.shell:Creating environment hook '/home/mk/dev_ws/install/whisper_server/share/whisper_server/hook/cmake_prefix_path.sh'
[30.117s] Level 1:colcon.colcon_core.environment:checking '/home/mk/dev_ws/install/whisper_server/lib'
[30.117s] Level 1:colcon.colcon_core.shell:create_environment_hook('whisper_server', 'ld_library_path_lib')
[30.117s] INFO:colcon.colcon_core.shell:Creating environment hook '/home/mk/dev_ws/install/whisper_server/share/whisper_server/hook/ld_library_path_lib.ps1'
[30.117s] INFO:colcon.colcon_core.shell:Creating environment descriptor '/home/mk/dev_ws/install/whisper_server/share/whisper_server/hook/ld_library_path_lib.dsv'
[30.118s] INFO:colcon.colcon_core.shell:Creating environment hook '/home/mk/dev_ws/install/whisper_server/share/whisper_server/hook/ld_library_path_lib.sh'
[30.118s] Level 1:colcon.colcon_core.environment:checking '/home/mk/dev_ws/install/whisper_server/bin'
[30.118s] Level 1:colcon.colcon_core.environment:checking '/home/mk/dev_ws/install/whisper_server/lib/pkgconfig/whisper_server.pc'
[30.118s] Level 1:colcon.colcon_core.environment:checking '/home/mk/dev_ws/install/whisper_server/lib/python3.10/site-packages'
[30.119s] Level 1:colcon.colcon_core.environment:checking '/home/mk/dev_ws/install/whisper_server/bin'
[30.119s] INFO:colcon.colcon_core.shell:Creating package script '/home/mk/dev_ws/install/whisper_server/share/whisper_server/package.ps1'
[30.120s] INFO:colcon.colcon_core.shell:Creating package descriptor '/home/mk/dev_ws/install/whisper_server/share/whisper_server/package.dsv'
[30.120s] INFO:colcon.colcon_core.shell:Creating package script '/home/mk/dev_ws/install/whisper_server/share/whisper_server/package.sh'
[30.120s] INFO:colcon.colcon_core.shell:Creating package script '/home/mk/dev_ws/install/whisper_server/share/whisper_server/package.bash'
[30.121s] INFO:colcon.colcon_core.shell:Creating package script '/home/mk/dev_ws/install/whisper_server/share/whisper_server/package.zsh'
[30.121s] Level 1:colcon.colcon_core.environment:create_file_with_runtime_dependencies(/home/mk/dev_ws/install/whisper_server/share/colcon-core/packages/whisper_server)
[30.122s] INFO:colcon.colcon_ros.task.ament_cmake.build:Building ROS package in '/home/mk/dev_ws/src/ros2_whisper/whisper_bringup' with build type 'ament_cmake'
[30.122s] INFO:colcon.colcon_cmake.task.cmake.build:Building CMake package in '/home/mk/dev_ws/src/ros2_whisper/whisper_bringup'
[30.122s] INFO:colcon.colcon_core.shell:Skip shell extension 'powershell' for command environment: Not usable outside of PowerShell
[30.122s] DEBUG:colcon.colcon_core.shell:Skip shell extension 'dsv' for command environment
[30.126s] INFO:colcon.colcon_ros.task.ament_python.build:Building ROS package in '/home/mk/dev_ws/src/ros2_whisper/whisper_demos' with build type 'ament_python'
[30.126s] Level 1:colcon.colcon_core.shell:create_environment_hook('whisper_demos', 'ament_prefix_path')
[30.126s] INFO:colcon.colcon_core.shell:Creating environment hook '/home/mk/dev_ws/install/whisper_demos/share/whisper_demos/hook/ament_prefix_path.ps1'
[30.127s] INFO:colcon.colcon_core.shell:Creating environment descriptor '/home/mk/dev_ws/install/whisper_demos/share/whisper_demos/hook/ament_prefix_path.dsv'
[30.127s] INFO:colcon.colcon_core.shell:Creating environment hook '/home/mk/dev_ws/install/whisper_demos/share/whisper_demos/hook/ament_prefix_path.sh'
[30.127s] INFO:colcon.colcon_core.shell:Skip shell extension 'powershell' for command environment: Not usable outside of PowerShell
[30.127s] DEBUG:colcon.colcon_core.shell:Skip shell extension 'dsv' for command environment
[30.134s] DEBUG:colcon.colcon_core.event_handler.log_command:Invoking command in '/home/mk/dev_ws/build/whisper_bringup': AMENT_PREFIX_PATH=/home/mk/dev_ws/install/whisper_server:/home/mk/dev_ws/install/whisper_util:/home/mk/dev_ws/install/whisper_idl:/home/mk/dev_ws/install/whisper_cpp_vendor:${AMENT_PREFIX_PATH} CMAKE_PREFIX_PATH=/home/mk/dev_ws/install/whisper_server:/home/mk/dev_ws/install/whisper_util:/home/mk/dev_ws/install/whisper_idl:/home/mk/dev_ws/install/whisper_cpp_vendor:/opt/ros/humble LD_LIBRARY_PATH=/home/mk/dev_ws/install/whisper_server/lib:/home/mk/dev_ws/install/whisper_util/lib:/home/mk/dev_ws/install/whisper_idl/lib:/home/mk/dev_ws/install/whisper_cpp_vendor/lib:${LD_LIBRARY_PATH} PYTHONPATH=/home/mk/dev_ws/install/whisper_idl/local/lib/python3.10/dist-packages:${PYTHONPATH} /usr/bin/cmake /home/mk/dev_ws/src/ros2_whisper/whisper_bringup -DAMENT_CMAKE_SYMLINK_INSTALL=1 -DCMAKE_INSTALL_PREFIX=/home/mk/dev_ws/install/whisper_bringup
[30.345s] INFO:colcon.colcon_core.task.python.build:Building Python package in '/home/mk/dev_ws/src/ros2_whisper/whisper_demos'
[30.346s] INFO:colcon.colcon_core.shell:Skip shell extension 'powershell' for command environment: Not usable outside of PowerShell
[30.346s] DEBUG:colcon.colcon_core.shell:Skip shell extension 'dsv' for command environment
[30.636s] DEBUG:colcon.colcon_core.event_handler.log_command:Invoking command in '/home/mk/dev_ws/build/whisper_demos': AMENT_PREFIX_PATH=/home/mk/dev_ws/install/whisper_server:/home/mk/dev_ws/install/whisper_util:/home/mk/dev_ws/install/whisper_idl:/home/mk/dev_ws/install/whisper_cpp_vendor:/home/mk/dev_ws/install/audio_listener:${AMENT_PREFIX_PATH} CMAKE_PREFIX_PATH=/home/mk/dev_ws/install/whisper_server:/home/mk/dev_ws/install/whisper_util:/home/mk/dev_ws/install/whisper_idl:/home/mk/dev_ws/install/whisper_cpp_vendor LD_LIBRARY_PATH=/home/mk/dev_ws/install/whisper_server/lib:/home/mk/dev_ws/install/whisper_util/lib:/home/mk/dev_ws/install/whisper_idl/lib:/home/mk/dev_ws/install/whisper_cpp_vendor/lib:${LD_LIBRARY_PATH} PYTHONPATH=/home/mk/dev_ws/build/whisper_demos/prefix_override:/usr/lib/python3/dist-packages/colcon_core/task/python/colcon_distutils_commands:/home/mk/dev_ws/install/whisper_demos/lib/python3.10/site-packages:/home/mk/dev_ws/install/whisper_idl/local/lib/python3.10/dist-packages:/home/mk/dev_ws/build/audio_listener:/home/mk/dev_ws/install/audio_listener/lib/python3.10/site-packages:${PYTHONPATH} /usr/bin/python3 -W ignore:setup.py install is deprecated -W ignore:easy_install command is deprecated setup.py develop --editable --build-directory /home/mk/dev_ws/build/whisper_demos/build --no-deps symlink_data
[30.640s] DEBUG:colcon.colcon_core.event_handler.log_command:Invoked command in '/home/mk/dev_ws/build/whisper_bringup' returned '0': AMENT_PREFIX_PATH=/home/mk/dev_ws/install/whisper_server:/home/mk/dev_ws/install/whisper_util:/home/mk/dev_ws/install/whisper_idl:/home/mk/dev_ws/install/whisper_cpp_vendor:${AMENT_PREFIX_PATH} CMAKE_PREFIX_PATH=/home/mk/dev_ws/install/whisper_server:/home/mk/dev_ws/install/whisper_util:/home/mk/dev_ws/install/whisper_idl:/home/mk/dev_ws/install/whisper_cpp_vendor:/opt/ros/humble LD_LIBRARY_PATH=/home/mk/dev_ws/install/whisper_server/lib:/home/mk/dev_ws/install/whisper_util/lib:/home/mk/dev_ws/install/whisper_idl/lib:/home/mk/dev_ws/install/whisper_cpp_vendor/lib:${LD_LIBRARY_PATH} PYTHONPATH=/home/mk/dev_ws/install/whisper_idl/local/lib/python3.10/dist-packages:${PYTHONPATH} /usr/bin/cmake /home/mk/dev_ws/src/ros2_whisper/whisper_bringup -DAMENT_CMAKE_SYMLINK_INSTALL=1 -DCMAKE_INSTALL_PREFIX=/home/mk/dev_ws/install/whisper_bringup
[30.641s] DEBUG:colcon.colcon_core.event_handler.log_command:Invoking command in '/home/mk/dev_ws/build/whisper_bringup': AMENT_PREFIX_PATH=/home/mk/dev_ws/install/whisper_server:/home/mk/dev_ws/install/whisper_util:/home/mk/dev_ws/install/whisper_idl:/home/mk/dev_ws/install/whisper_cpp_vendor:${AMENT_PREFIX_PATH} CMAKE_PREFIX_PATH=/home/mk/dev_ws/install/whisper_server:/home/mk/dev_ws/install/whisper_util:/home/mk/dev_ws/install/whisper_idl:/home/mk/dev_ws/install/whisper_cpp_vendor:/opt/ros/humble LD_LIBRARY_PATH=/home/mk/dev_ws/install/whisper_server/lib:/home/mk/dev_ws/install/whisper_util/lib:/home/mk/dev_ws/install/whisper_idl/lib:/home/mk/dev_ws/install/whisper_cpp_vendor/lib:${LD_LIBRARY_PATH} PYTHONPATH=/home/mk/dev_ws/install/whisper_idl/local/lib/python3.10/dist-packages:${PYTHONPATH} /usr/bin/cmake --build /home/mk/dev_ws/build/whisper_bringup -- -j20 -l20
[30.671s] DEBUG:colcon.colcon_core.event_handler.log_command:Invoked command in '/home/mk/dev_ws/build/whisper_bringup' returned '0': AMENT_PREFIX_PATH=/home/mk/dev_ws/install/whisper_server:/home/mk/dev_ws/install/whisper_util:/home/mk/dev_ws/install/whisper_idl:/home/mk/dev_ws/install/whisper_cpp_vendor:${AMENT_PREFIX_PATH} CMAKE_PREFIX_PATH=/home/mk/dev_ws/install/whisper_server:/home/mk/dev_ws/install/whisper_util:/home/mk/dev_ws/install/whisper_idl:/home/mk/dev_ws/install/whisper_cpp_vendor:/opt/ros/humble LD_LIBRARY_PATH=/home/mk/dev_ws/install/whisper_server/lib:/home/mk/dev_ws/install/whisper_util/lib:/home/mk/dev_ws/install/whisper_idl/lib:/home/mk/dev_ws/install/whisper_cpp_vendor/lib:${LD_LIBRARY_PATH} PYTHONPATH=/home/mk/dev_ws/install/whisper_idl/local/lib/python3.10/dist-packages:${PYTHONPATH} /usr/bin/cmake --build /home/mk/dev_ws/build/whisper_bringup -- -j20 -l20
[30.672s] DEBUG:colcon.colcon_core.event_handler.log_command:Invoking command in '/home/mk/dev_ws/build/whisper_bringup': AMENT_PREFIX_PATH=/home/mk/dev_ws/install/whisper_server:/home/mk/dev_ws/install/whisper_util:/home/mk/dev_ws/install/whisper_idl:/home/mk/dev_ws/install/whisper_cpp_vendor:${AMENT_PREFIX_PATH} CMAKE_PREFIX_PATH=/home/mk/dev_ws/install/whisper_server:/home/mk/dev_ws/install/whisper_util:/home/mk/dev_ws/install/whisper_idl:/home/mk/dev_ws/install/whisper_cpp_vendor:/opt/ros/humble LD_LIBRARY_PATH=/home/mk/dev_ws/install/whisper_server/lib:/home/mk/dev_ws/install/whisper_util/lib:/home/mk/dev_ws/install/whisper_idl/lib:/home/mk/dev_ws/install/whisper_cpp_vendor/lib:${LD_LIBRARY_PATH} PYTHONPATH=/home/mk/dev_ws/install/whisper_idl/local/lib/python3.10/dist-packages:${PYTHONPATH} /usr/bin/cmake --install /home/mk/dev_ws/build/whisper_bringup
[30.816s] Level 1:colcon.colcon_core.environment:create_environment_scripts_only(whisper_bringup)
[30.816s] Level 1:colcon.colcon_core.environment:checking '/home/mk/dev_ws/install/whisper_bringup' for CMake module files
[30.817s] DEBUG:colcon.colcon_core.event_handler.log_command:Invoked command in '/home/mk/dev_ws/build/whisper_bringup' returned '0': AMENT_PREFIX_PATH=/home/mk/dev_ws/install/whisper_server:/home/mk/dev_ws/install/whisper_util:/home/mk/dev_ws/install/whisper_idl:/home/mk/dev_ws/install/whisper_cpp_vendor:${AMENT_PREFIX_PATH} CMAKE_PREFIX_PATH=/home/mk/dev_ws/install/whisper_server:/home/mk/dev_ws/install/whisper_util:/home/mk/dev_ws/install/whisper_idl:/home/mk/dev_ws/install/whisper_cpp_vendor:/opt/ros/humble LD_LIBRARY_PATH=/home/mk/dev_ws/install/whisper_server/lib:/home/mk/dev_ws/install/whisper_util/lib:/home/mk/dev_ws/install/whisper_idl/lib:/home/mk/dev_ws/install/whisper_cpp_vendor/lib:${LD_LIBRARY_PATH} PYTHONPATH=/home/mk/dev_ws/install/whisper_idl/local/lib/python3.10/dist-packages:${PYTHONPATH} /usr/bin/cmake --install /home/mk/dev_ws/build/whisper_bringup
[30.817s] Level 1:colcon.colcon_core.environment:checking '/home/mk/dev_ws/install/whisper_bringup' for CMake config files
[30.817s] Level 1:colcon.colcon_core.shell:create_environment_hook('whisper_bringup', 'cmake_prefix_path')
[30.818s] INFO:colcon.colcon_core.shell:Creating environment hook '/home/mk/dev_ws/install/whisper_bringup/share/whisper_bringup/hook/cmake_prefix_path.ps1'
[30.818s] INFO:colcon.colcon_core.shell:Creating environment descriptor '/home/mk/dev_ws/install/whisper_bringup/share/whisper_bringup/hook/cmake_prefix_path.dsv'
[30.818s] INFO:colcon.colcon_core.shell:Creating environment hook '/home/mk/dev_ws/install/whisper_bringup/share/whisper_bringup/hook/cmake_prefix_path.sh'
[30.819s] Level 1:colcon.colcon_core.environment:checking '/home/mk/dev_ws/install/whisper_bringup/bin'
[30.819s] Level 1:colcon.colcon_core.environment:checking '/home/mk/dev_ws/install/whisper_bringup/lib/pkgconfig/whisper_bringup.pc'
[30.819s] Level 1:colcon.colcon_core.environment:checking '/home/mk/dev_ws/install/whisper_bringup/lib/python3.10/site-packages'
[30.819s] Level 1:colcon.colcon_core.environment:checking '/home/mk/dev_ws/install/whisper_bringup/bin'
[30.820s] INFO:colcon.colcon_core.shell:Creating package script '/home/mk/dev_ws/install/whisper_bringup/share/whisper_bringup/package.ps1'
[30.820s] INFO:colcon.colcon_core.shell:Creating package descriptor '/home/mk/dev_ws/install/whisper_bringup/share/whisper_bringup/package.dsv'
[30.821s] INFO:colcon.colcon_core.shell:Creating package script '/home/mk/dev_ws/install/whisper_bringup/share/whisper_bringup/package.sh'
[30.821s] INFO:colcon.colcon_core.shell:Creating package script '/home/mk/dev_ws/install/whisper_bringup/share/whisper_bringup/package.bash'
[30.821s] INFO:colcon.colcon_core.shell:Creating package script '/home/mk/dev_ws/install/whisper_bringup/share/whisper_bringup/package.zsh'
[30.822s] Level 1:colcon.colcon_core.environment:create_file_with_runtime_dependencies(/home/mk/dev_ws/install/whisper_bringup/share/colcon-core/packages/whisper_bringup)
[30.822s] Level 1:colcon.colcon_core.environment:create_environment_scripts_only(whisper_bringup)
[30.822s] Level 1:colcon.colcon_core.environment:checking '/home/mk/dev_ws/install/whisper_bringup' for CMake module files
[30.823s] Level 1:colcon.colcon_core.environment:checking '/home/mk/dev_ws/install/whisper_bringup' for CMake config files
[30.823s] Level 1:colcon.colcon_core.shell:create_environment_hook('whisper_bringup', 'cmake_prefix_path')
[30.823s] INFO:colcon.colcon_core.shell:Creating environment hook '/home/mk/dev_ws/install/whisper_bringup/share/whisper_bringup/hook/cmake_prefix_path.ps1'
[30.824s] INFO:colcon.colcon_core.shell:Creating environment descriptor '/home/mk/dev_ws/install/whisper_bringup/share/whisper_bringup/hook/cmake_prefix_path.dsv'
[30.824s] INFO:colcon.colcon_core.shell:Creating environment hook '/home/mk/dev_ws/install/whisper_bringup/share/whisper_bringup/hook/cmake_prefix_path.sh'
[30.825s] Level 1:colcon.colcon_core.environment:checking '/home/mk/dev_ws/install/whisper_bringup/bin'
[30.825s] Level 1:colcon.colcon_core.environment:checking '/home/mk/dev_ws/install/whisper_bringup/lib/pkgconfig/whisper_bringup.pc'
[30.825s] Level 1:colcon.colcon_core.environment:checking '/home/mk/dev_ws/install/whisper_bringup/lib/python3.10/site-packages'
[30.825s] Level 1:colcon.colcon_core.environment:checking '/home/mk/dev_ws/install/whisper_bringup/bin'
[30.826s] INFO:colcon.colcon_core.shell:Creating package script '/home/mk/dev_ws/install/whisper_bringup/share/whisper_bringup/package.ps1'
[30.826s] INFO:colcon.colcon_core.shell:Creating package descriptor '/home/mk/dev_ws/install/whisper_bringup/share/whisper_bringup/package.dsv'
[30.827s] INFO:colcon.colcon_core.shell:Creating package script '/home/mk/dev_ws/install/whisper_bringup/share/whisper_bringup/package.sh'
[30.827s] INFO:colcon.colcon_core.shell:Creating package script '/home/mk/dev_ws/install/whisper_bringup/share/whisper_bringup/package.bash'
[30.828s] INFO:colcon.colcon_core.shell:Creating package script '/home/mk/dev_ws/install/whisper_bringup/share/whisper_bringup/package.zsh'
[30.828s] Level 1:colcon.colcon_core.environment:create_file_with_runtime_dependencies(/home/mk/dev_ws/install/whisper_bringup/share/colcon-core/packages/whisper_bringup)
[30.990s] Level 1:colcon.colcon_core.shell:create_environment_hook('whisper_demos', 'pythonpath_develop')
[30.990s] INFO:colcon.colcon_core.shell:Creating environment hook '/home/mk/dev_ws/build/whisper_demos/share/whisper_demos/hook/pythonpath_develop.ps1'
[30.990s] DEBUG:colcon.colcon_core.event_handler.log_command:Invoked command in '/home/mk/dev_ws/build/whisper_demos' returned '0': AMENT_PREFIX_PATH=/home/mk/dev_ws/install/whisper_server:/home/mk/dev_ws/install/whisper_util:/home/mk/dev_ws/install/whisper_idl:/home/mk/dev_ws/install/whisper_cpp_vendor:/home/mk/dev_ws/install/audio_listener:${AMENT_PREFIX_PATH} CMAKE_PREFIX_PATH=/home/mk/dev_ws/install/whisper_server:/home/mk/dev_ws/install/whisper_util:/home/mk/dev_ws/install/whisper_idl:/home/mk/dev_ws/install/whisper_cpp_vendor LD_LIBRARY_PATH=/home/mk/dev_ws/install/whisper_server/lib:/home/mk/dev_ws/install/whisper_util/lib:/home/mk/dev_ws/install/whisper_idl/lib:/home/mk/dev_ws/install/whisper_cpp_vendor/lib:${LD_LIBRARY_PATH} PYTHONPATH=/home/mk/dev_ws/build/whisper_demos/prefix_override:/usr/lib/python3/dist-packages/colcon_core/task/python/colcon_distutils_commands:/home/mk/dev_ws/install/whisper_demos/lib/python3.10/site-packages:/home/mk/dev_ws/install/whisper_idl/local/lib/python3.10/dist-packages:/home/mk/dev_ws/build/audio_listener:/home/mk/dev_ws/install/audio_listener/lib/python3.10/site-packages:${PYTHONPATH} /usr/bin/python3 -W ignore:setup.py install is deprecated -W ignore:easy_install command is deprecated setup.py develop --editable --build-directory /home/mk/dev_ws/build/whisper_demos/build --no-deps symlink_data
[30.991s] INFO:colcon.colcon_core.shell:Creating environment descriptor '/home/mk/dev_ws/build/whisper_demos/share/whisper_demos/hook/pythonpath_develop.dsv'
[30.991s] INFO:colcon.colcon_core.shell:Creating environment hook '/home/mk/dev_ws/build/whisper_demos/share/whisper_demos/hook/pythonpath_develop.sh'
[30.992s] Level 1:colcon.colcon_core.environment:checking '/home/mk/dev_ws/install/whisper_demos' for CMake module files
[30.992s] Level 1:colcon.colcon_core.environment:checking '/home/mk/dev_ws/install/whisper_demos' for CMake config files
[30.993s] Level 1:colcon.colcon_core.environment:checking '/home/mk/dev_ws/install/whisper_demos/lib'
[30.993s] Level 1:colcon.colcon_core.environment:checking '/home/mk/dev_ws/install/whisper_demos/bin'
[30.993s] Level 1:colcon.colcon_core.environment:checking '/home/mk/dev_ws/install/whisper_demos/lib/pkgconfig/whisper_demos.pc'
[30.993s] Level 1:colcon.colcon_core.environment:checking '/home/mk/dev_ws/install/whisper_demos/lib/python3.10/site-packages'
[30.993s] Level 1:colcon.colcon_core.shell:create_environment_hook('whisper_demos', 'pythonpath')
[30.993s] INFO:colcon.colcon_core.shell:Creating environment hook '/home/mk/dev_ws/install/whisper_demos/share/whisper_demos/hook/pythonpath.ps1'
[30.994s] INFO:colcon.colcon_core.shell:Creating environment descriptor '/home/mk/dev_ws/install/whisper_demos/share/whisper_demos/hook/pythonpath.dsv'
[30.994s] INFO:colcon.colcon_core.shell:Creating environment hook '/home/mk/dev_ws/install/whisper_demos/share/whisper_demos/hook/pythonpath.sh'
[30.994s] Level 1:colcon.colcon_core.environment:checking '/home/mk/dev_ws/install/whisper_demos/bin'
[30.995s] Level 1:colcon.colcon_core.environment:create_environment_scripts_only(whisper_demos)
[30.995s] INFO:colcon.colcon_core.shell:Creating package script '/home/mk/dev_ws/install/whisper_demos/share/whisper_demos/package.ps1'
[30.995s] INFO:colcon.colcon_core.shell:Creating package descriptor '/home/mk/dev_ws/install/whisper_demos/share/whisper_demos/package.dsv'
[30.996s] INFO:colcon.colcon_core.shell:Creating package script '/home/mk/dev_ws/install/whisper_demos/share/whisper_demos/package.sh'
[30.996s] INFO:colcon.colcon_core.shell:Creating package script '/home/mk/dev_ws/install/whisper_demos/share/whisper_demos/package.bash'
[30.996s] INFO:colcon.colcon_core.shell:Creating package script '/home/mk/dev_ws/install/whisper_demos/share/whisper_demos/package.zsh'
[30.996s] Level 1:colcon.colcon_core.environment:create_file_with_runtime_dependencies(/home/mk/dev_ws/install/whisper_demos/share/colcon-core/packages/whisper_demos)
[31.207s] DEBUG:colcon.colcon_core.event_handler.log_command:Invoked command in '/home/mk/dev_ws/build/transcript_manager' returned '0': AMENT_PREFIX_PATH=/home/mk/dev_ws/install/whisper_util:/home/mk/dev_ws/install/whisper_idl:/home/mk/dev_ws/install/whisper_cpp_vendor:${AMENT_PREFIX_PATH} CMAKE_PREFIX_PATH=/home/mk/dev_ws/install/whisper_util:/home/mk/dev_ws/install/whisper_idl:/home/mk/dev_ws/install/whisper_cpp_vendor:/opt/ros/humble LD_LIBRARY_PATH=/home/mk/dev_ws/install/whisper_util/lib:/home/mk/dev_ws/install/whisper_idl/lib:/home/mk/dev_ws/install/whisper_cpp_vendor/lib:${LD_LIBRARY_PATH} PYTHONPATH=/home/mk/dev_ws/install/whisper_idl/local/lib/python3.10/dist-packages:${PYTHONPATH} /usr/bin/cmake --build /home/mk/dev_ws/build/transcript_manager -- -j20 -l20
[31.209s] DEBUG:colcon.colcon_core.event_handler.log_command:Invoking command in '/home/mk/dev_ws/build/transcript_manager': AMENT_PREFIX_PATH=/home/mk/dev_ws/install/whisper_util:/home/mk/dev_ws/install/whisper_idl:/home/mk/dev_ws/install/whisper_cpp_vendor:${AMENT_PREFIX_PATH} CMAKE_PREFIX_PATH=/home/mk/dev_ws/install/whisper_util:/home/mk/dev_ws/install/whisper_idl:/home/mk/dev_ws/install/whisper_cpp_vendor:/opt/ros/humble LD_LIBRARY_PATH=/home/mk/dev_ws/install/whisper_util/lib:/home/mk/dev_ws/install/whisper_idl/lib:/home/mk/dev_ws/install/whisper_cpp_vendor/lib:${LD_LIBRARY_PATH} PYTHONPATH=/home/mk/dev_ws/install/whisper_idl/local/lib/python3.10/dist-packages:${PYTHONPATH} /usr/bin/cmake --install /home/mk/dev_ws/build/transcript_manager
[31.343s] Level 1:colcon.colcon_core.environment:create_environment_scripts_only(transcript_manager)
[31.343s] Level 1:colcon.colcon_core.environment:checking '/home/mk/dev_ws/install/transcript_manager' for CMake module files
[31.344s] DEBUG:colcon.colcon_core.event_handler.log_command:Invoked command in '/home/mk/dev_ws/build/transcript_manager' returned '0': AMENT_PREFIX_PATH=/home/mk/dev_ws/install/whisper_util:/home/mk/dev_ws/install/whisper_idl:/home/mk/dev_ws/install/whisper_cpp_vendor:${AMENT_PREFIX_PATH} CMAKE_PREFIX_PATH=/home/mk/dev_ws/install/whisper_util:/home/mk/dev_ws/install/whisper_idl:/home/mk/dev_ws/install/whisper_cpp_vendor:/opt/ros/humble LD_LIBRARY_PATH=/home/mk/dev_ws/install/whisper_util/lib:/home/mk/dev_ws/install/whisper_idl/lib:/home/mk/dev_ws/install/whisper_cpp_vendor/lib:${LD_LIBRARY_PATH} PYTHONPATH=/home/mk/dev_ws/install/whisper_idl/local/lib/python3.10/dist-packages:${PYTHONPATH} /usr/bin/cmake --install /home/mk/dev_ws/build/transcript_manager
[31.344s] Level 1:colcon.colcon_core.environment:checking '/home/mk/dev_ws/install/transcript_manager' for CMake config files
[31.344s] Level 1:colcon.colcon_core.shell:create_environment_hook('transcript_manager', 'cmake_prefix_path')
[31.344s] INFO:colcon.colcon_core.shell:Creating environment hook '/home/mk/dev_ws/install/transcript_manager/share/transcript_manager/hook/cmake_prefix_path.ps1'
[31.345s] INFO:colcon.colcon_core.shell:Creating environment descriptor '/home/mk/dev_ws/install/transcript_manager/share/transcript_manager/hook/cmake_prefix_path.dsv'
[31.345s] INFO:colcon.colcon_core.shell:Creating environment hook '/home/mk/dev_ws/install/transcript_manager/share/transcript_manager/hook/cmake_prefix_path.sh'
[31.346s] Level 1:colcon.colcon_core.environment:checking '/home/mk/dev_ws/install/transcript_manager/lib'
[31.346s] Level 1:colcon.colcon_core.shell:create_environment_hook('transcript_manager', 'ld_library_path_lib')
[31.346s] INFO:colcon.colcon_core.shell:Creating environment hook '/home/mk/dev_ws/install/transcript_manager/share/transcript_manager/hook/ld_library_path_lib.ps1'
[31.346s] INFO:colcon.colcon_core.shell:Creating environment descriptor '/home/mk/dev_ws/install/transcript_manager/share/transcript_manager/hook/ld_library_path_lib.dsv'
[31.347s] INFO:colcon.colcon_core.shell:Creating environment hook '/home/mk/dev_ws/install/transcript_manager/share/transcript_manager/hook/ld_library_path_lib.sh'
[31.347s] Level 1:colcon.colcon_core.environment:checking '/home/mk/dev_ws/install/transcript_manager/bin'
[31.347s] Level 1:colcon.colcon_core.environment:checking '/home/mk/dev_ws/install/transcript_manager/lib/pkgconfig/transcript_manager.pc'
[31.347s] Level 1:colcon.colcon_core.environment:checking '/home/mk/dev_ws/install/transcript_manager/lib/python3.10/site-packages'
[31.348s] Level 1:colcon.colcon_core.environment:checking '/home/mk/dev_ws/install/transcript_manager/bin'
[31.348s] INFO:colcon.colcon_core.shell:Creating package script '/home/mk/dev_ws/install/transcript_manager/share/transcript_manager/package.ps1'
[31.348s] INFO:colcon.colcon_core.shell:Creating package descriptor '/home/mk/dev_ws/install/transcript_manager/share/transcript_manager/package.dsv'
[31.349s] INFO:colcon.colcon_core.shell:Creating package script '/home/mk/dev_ws/install/transcript_manager/share/transcript_manager/package.sh'
[31.349s] INFO:colcon.colcon_core.shell:Creating package script '/home/mk/dev_ws/install/transcript_manager/share/transcript_manager/package.bash'
[31.349s] INFO:colcon.colcon_core.shell:Creating package script '/home/mk/dev_ws/install/transcript_manager/share/transcript_manager/package.zsh'
[31.349s] Level 1:colcon.colcon_core.environment:create_file_with_runtime_dependencies(/home/mk/dev_ws/install/transcript_manager/share/colcon-core/packages/transcript_manager)
[31.350s] Level 1:colcon.colcon_core.environment:create_environment_scripts_only(transcript_manager)
[31.350s] Level 1:colcon.colcon_core.environment:checking '/home/mk/dev_ws/install/transcript_manager' for CMake module files
[31.350s] Level 1:colcon.colcon_core.environment:checking '/home/mk/dev_ws/install/transcript_manager' for CMake config files
[31.350s] Level 1:colcon.colcon_core.shell:create_environment_hook('transcript_manager', 'cmake_prefix_path')
[31.350s] INFO:colcon.colcon_core.shell:Creating environment hook '/home/mk/dev_ws/install/transcript_manager/share/transcript_manager/hook/cmake_prefix_path.ps1'
[31.351s] INFO:colcon.colcon_core.shell:Creating environment descriptor '/home/mk/dev_ws/install/transcript_manager/share/transcript_manager/hook/cmake_prefix_path.dsv'
[31.351s] INFO:colcon.colcon_core.shell:Creating environment hook '/home/mk/dev_ws/install/transcript_manager/share/transcript_manager/hook/cmake_prefix_path.sh'
[31.351s] Level 1:colcon.colcon_core.environment:checking '/home/mk/dev_ws/install/transcript_manager/lib'
[31.351s] Level 1:colcon.colcon_core.shell:create_environment_hook('transcript_manager', 'ld_library_path_lib')
[31.351s] INFO:colcon.colcon_core.shell:Creating environment hook '/home/mk/dev_ws/install/transcript_manager/share/transcript_manager/hook/ld_library_path_lib.ps1'
[31.351s] INFO:colcon.colcon_core.shell:Creating environment descriptor '/home/mk/dev_ws/install/transcript_manager/share/transcript_manager/hook/ld_library_path_lib.dsv'
[31.352s] INFO:colcon.colcon_core.shell:Creating environment hook '/home/mk/dev_ws/install/transcript_manager/share/transcript_manager/hook/ld_library_path_lib.sh'
[31.352s] Level 1:colcon.colcon_core.environment:checking '/home/mk/dev_ws/install/transcript_manager/bin'
[31.352s] Level 1:colcon.colcon_core.environment:checking '/home/mk/dev_ws/install/transcript_manager/lib/pkgconfig/transcript_manager.pc'
[31.352s] Level 1:colcon.colcon_core.environment:checking '/home/mk/dev_ws/install/transcript_manager/lib/python3.10/site-packages'
[31.352s] Level 1:colcon.colcon_core.environment:checking '/home/mk/dev_ws/install/transcript_manager/bin'
[31.352s] INFO:colcon.colcon_core.shell:Creating package script '/home/mk/dev_ws/install/transcript_manager/share/transcript_manager/package.ps1'
[31.353s] INFO:colcon.colcon_core.shell:Creating package descriptor '/home/mk/dev_ws/install/transcript_manager/share/transcript_manager/package.dsv'
[31.353s] INFO:colcon.colcon_core.shell:Creating package script '/home/mk/dev_ws/install/transcript_manager/share/transcript_manager/package.sh'
[31.353s] INFO:colcon.colcon_core.shell:Creating package script '/home/mk/dev_ws/install/transcript_manager/share/transcript_manager/package.bash'
[31.353s] INFO:colcon.colcon_core.shell:Creating package script '/home/mk/dev_ws/install/transcript_manager/share/transcript_manager/package.zsh'
[31.353s] Level 1:colcon.colcon_core.environment:create_file_with_runtime_dependencies(/home/mk/dev_ws/install/transcript_manager/share/colcon-core/packages/transcript_manager)
[45.753s] DEBUG:colcon.colcon_core.event_handler.log_command:Invoked command in '/home/mk/dev_ws/build/rviz_robot_control_panel' returned '0': AMENT_PREFIX_PATH=/home/mk/dev_ws/install/xarm_msgs:${AMENT_PREFIX_PATH} CMAKE_PREFIX_PATH=/home/mk/dev_ws/install/xarm_msgs:/opt/ros/humble LD_LIBRARY_PATH=/home/mk/dev_ws/install/xarm_msgs/lib:${LD_LIBRARY_PATH} PYTHONPATH=/home/mk/dev_ws/install/xarm_msgs/local/lib/python3.10/dist-packages:${PYTHONPATH} /usr/bin/cmake --build /home/mk/dev_ws/build/rviz_robot_control_panel -- -j20 -l20
[45.754s] DEBUG:colcon.colcon_core.event_handler.log_command:Invoking command in '/home/mk/dev_ws/build/rviz_robot_control_panel': AMENT_PREFIX_PATH=/home/mk/dev_ws/install/xarm_msgs:${AMENT_PREFIX_PATH} CMAKE_PREFIX_PATH=/home/mk/dev_ws/install/xarm_msgs:/opt/ros/humble LD_LIBRARY_PATH=/home/mk/dev_ws/install/xarm_msgs/lib:${LD_LIBRARY_PATH} PYTHONPATH=/home/mk/dev_ws/install/xarm_msgs/local/lib/python3.10/dist-packages:${PYTHONPATH} /usr/bin/cmake --install /home/mk/dev_ws/build/rviz_robot_control_panel
[45.906s] Level 1:colcon.colcon_core.environment:create_environment_scripts_only(rviz_robot_control_panel)
[45.906s] Level 1:colcon.colcon_core.environment:checking '/home/mk/dev_ws/install/rviz_robot_control_panel' for CMake module files
[45.907s] DEBUG:colcon.colcon_core.event_handler.log_command:Invoked command in '/home/mk/dev_ws/build/rviz_robot_control_panel' returned '0': AMENT_PREFIX_PATH=/home/mk/dev_ws/install/xarm_msgs:${AMENT_PREFIX_PATH} CMAKE_PREFIX_PATH=/home/mk/dev_ws/install/xarm_msgs:/opt/ros/humble LD_LIBRARY_PATH=/home/mk/dev_ws/install/xarm_msgs/lib:${LD_LIBRARY_PATH} PYTHONPATH=/home/mk/dev_ws/install/xarm_msgs/local/lib/python3.10/dist-packages:${PYTHONPATH} /usr/bin/cmake --install /home/mk/dev_ws/build/rviz_robot_control_panel
[45.907s] Level 1:colcon.colcon_core.environment:checking '/home/mk/dev_ws/install/rviz_robot_control_panel' for CMake config files
[45.908s] Level 1:colcon.colcon_core.shell:create_environment_hook('rviz_robot_control_panel', 'cmake_prefix_path')
[45.908s] INFO:colcon.colcon_core.shell:Creating environment hook '/home/mk/dev_ws/install/rviz_robot_control_panel/share/rviz_robot_control_panel/hook/cmake_prefix_path.ps1'
[45.908s] INFO:colcon.colcon_core.shell:Creating environment descriptor '/home/mk/dev_ws/install/rviz_robot_control_panel/share/rviz_robot_control_panel/hook/cmake_prefix_path.dsv'
[45.908s] INFO:colcon.colcon_core.shell:Creating environment hook '/home/mk/dev_ws/install/rviz_robot_control_panel/share/rviz_robot_control_panel/hook/cmake_prefix_path.sh'
[45.909s] Level 1:colcon.colcon_core.environment:checking '/home/mk/dev_ws/install/rviz_robot_control_panel/lib'
[45.909s] Level 1:colcon.colcon_core.shell:create_environment_hook('rviz_robot_control_panel', 'ld_library_path_lib')
[45.909s] INFO:colcon.colcon_core.shell:Creating environment hook '/home/mk/dev_ws/install/rviz_robot_control_panel/share/rviz_robot_control_panel/hook/ld_library_path_lib.ps1'
[45.909s] INFO:colcon.colcon_core.shell:Creating environment descriptor '/home/mk/dev_ws/install/rviz_robot_control_panel/share/rviz_robot_control_panel/hook/ld_library_path_lib.dsv'
[45.909s] INFO:colcon.colcon_core.shell:Creating environment hook '/home/mk/dev_ws/install/rviz_robot_control_panel/share/rviz_robot_control_panel/hook/ld_library_path_lib.sh'
[45.909s] Level 1:colcon.colcon_core.environment:checking '/home/mk/dev_ws/install/rviz_robot_control_panel/bin'
[45.909s] Level 1:colcon.colcon_core.environment:checking '/home/mk/dev_ws/install/rviz_robot_control_panel/lib/pkgconfig/rviz_robot_control_panel.pc'
[45.909s] Level 1:colcon.colcon_core.environment:checking '/home/mk/dev_ws/install/rviz_robot_control_panel/lib/python3.10/site-packages'
[45.910s] Level 1:colcon.colcon_core.environment:checking '/home/mk/dev_ws/install/rviz_robot_control_panel/bin'
[45.910s] INFO:colcon.colcon_core.shell:Creating package script '/home/mk/dev_ws/install/rviz_robot_control_panel/share/rviz_robot_control_panel/package.ps1'
[45.910s] INFO:colcon.colcon_core.shell:Creating package descriptor '/home/mk/dev_ws/install/rviz_robot_control_panel/share/rviz_robot_control_panel/package.dsv'
[45.910s] INFO:colcon.colcon_core.shell:Creating package script '/home/mk/dev_ws/install/rviz_robot_control_panel/share/rviz_robot_control_panel/package.sh'
[45.910s] INFO:colcon.colcon_core.shell:Creating package script '/home/mk/dev_ws/install/rviz_robot_control_panel/share/rviz_robot_control_panel/package.bash'
[45.911s] INFO:colcon.colcon_core.shell:Creating package script '/home/mk/dev_ws/install/rviz_robot_control_panel/share/rviz_robot_control_panel/package.zsh'
[45.911s] Level 1:colcon.colcon_core.environment:create_file_with_runtime_dependencies(/home/mk/dev_ws/install/rviz_robot_control_panel/share/colcon-core/packages/rviz_robot_control_panel)
[45.911s] Level 1:colcon.colcon_core.environment:create_environment_scripts_only(rviz_robot_control_panel)
[45.911s] Level 1:colcon.colcon_core.environment:checking '/home/mk/dev_ws/install/rviz_robot_control_panel' for CMake module files
[45.911s] Level 1:colcon.colcon_core.environment:checking '/home/mk/dev_ws/install/rviz_robot_control_panel' for CMake config files
[45.912s] Level 1:colcon.colcon_core.shell:create_environment_hook('rviz_robot_control_panel', 'cmake_prefix_path')
[45.912s] INFO:colcon.colcon_core.shell:Creating environment hook '/home/mk/dev_ws/install/rviz_robot_control_panel/share/rviz_robot_control_panel/hook/cmake_prefix_path.ps1'
[45.912s] INFO:colcon.colcon_core.shell:Creating environment descriptor '/home/mk/dev_ws/install/rviz_robot_control_panel/share/rviz_robot_control_panel/hook/cmake_prefix_path.dsv'
[45.912s] INFO:colcon.colcon_core.shell:Creating environment hook '/home/mk/dev_ws/install/rviz_robot_control_panel/share/rviz_robot_control_panel/hook/cmake_prefix_path.sh'
[45.912s] Level 1:colcon.colcon_core.environment:checking '/home/mk/dev_ws/install/rviz_robot_control_panel/lib'
[45.912s] Level 1:colcon.colcon_core.shell:create_environment_hook('rviz_robot_control_panel', 'ld_library_path_lib')
[45.913s] INFO:colcon.colcon_core.shell:Creating environment hook '/home/mk/dev_ws/install/rviz_robot_control_panel/share/rviz_robot_control_panel/hook/ld_library_path_lib.ps1'
[45.913s] INFO:colcon.colcon_core.shell:Creating environment descriptor '/home/mk/dev_ws/install/rviz_robot_control_panel/share/rviz_robot_control_panel/hook/ld_library_path_lib.dsv'
[45.913s] INFO:colcon.colcon_core.shell:Creating environment hook '/home/mk/dev_ws/install/rviz_robot_control_panel/share/rviz_robot_control_panel/hook/ld_library_path_lib.sh'
[45.913s] Level 1:colcon.colcon_core.environment:checking '/home/mk/dev_ws/install/rviz_robot_control_panel/bin'
[45.913s] Level 1:colcon.colcon_core.environment:checking '/home/mk/dev_ws/install/rviz_robot_control_panel/lib/pkgconfig/rviz_robot_control_panel.pc'
[45.913s] Level 1:colcon.colcon_core.environment:checking '/home/mk/dev_ws/install/rviz_robot_control_panel/lib/python3.10/site-packages'
[45.913s] Level 1:colcon.colcon_core.environment:checking '/home/mk/dev_ws/install/rviz_robot_control_panel/bin'
[45.914s] INFO:colcon.colcon_core.shell:Creating package script '/home/mk/dev_ws/install/rviz_robot_control_panel/share/rviz_robot_control_panel/package.ps1'
[45.914s] INFO:colcon.colcon_core.shell:Creating package descriptor '/home/mk/dev_ws/install/rviz_robot_control_panel/share/rviz_robot_control_panel/package.dsv'
[45.914s] INFO:colcon.colcon_core.shell:Creating package script '/home/mk/dev_ws/install/rviz_robot_control_panel/share/rviz_robot_control_panel/package.sh'
[45.915s] INFO:colcon.colcon_core.shell:Creating package script '/home/mk/dev_ws/install/rviz_robot_control_panel/share/rviz_robot_control_panel/package.bash'
[45.915s] INFO:colcon.colcon_core.shell:Creating package script '/home/mk/dev_ws/install/rviz_robot_control_panel/share/rviz_robot_control_panel/package.zsh'
[45.915s] Level 1:colcon.colcon_core.environment:create_file_with_runtime_dependencies(/home/mk/dev_ws/install/rviz_robot_control_panel/share/colcon-core/packages/rviz_robot_control_panel)
[50.497s] DEBUG:colcon.colcon_core.event_handler.log_command:Invoked command in '/home/mk/dev_ws/build/xarm_api' returned '0': AMENT_PREFIX_PATH=/home/mk/dev_ws/install/xarm_sdk:/home/mk/dev_ws/install/xarm_msgs:/home/mk/dev_ws/install/xarm_description:${AMENT_PREFIX_PATH} CMAKE_PREFIX_PATH=/home/mk/dev_ws/install/xarm_sdk:/home/mk/dev_ws/install/xarm_msgs:/home/mk/dev_ws/install/xarm_description:/opt/ros/humble LD_LIBRARY_PATH=/home/mk/dev_ws/install/xarm_sdk/lib:/home/mk/dev_ws/install/xarm_msgs/lib:${LD_LIBRARY_PATH} PYTHONPATH=/home/mk/dev_ws/install/xarm_msgs/local/lib/python3.10/dist-packages:${PYTHONPATH} /usr/bin/cmake --build /home/mk/dev_ws/build/xarm_api -- -j20 -l20
[50.498s] DEBUG:colcon.colcon_core.event_handler.log_command:Invoking command in '/home/mk/dev_ws/build/xarm_api': AMENT_PREFIX_PATH=/home/mk/dev_ws/install/xarm_sdk:/home/mk/dev_ws/install/xarm_msgs:/home/mk/dev_ws/install/xarm_description:${AMENT_PREFIX_PATH} CMAKE_PREFIX_PATH=/home/mk/dev_ws/install/xarm_sdk:/home/mk/dev_ws/install/xarm_msgs:/home/mk/dev_ws/install/xarm_description:/opt/ros/humble LD_LIBRARY_PATH=/home/mk/dev_ws/install/xarm_sdk/lib:/home/mk/dev_ws/install/xarm_msgs/lib:${LD_LIBRARY_PATH} PYTHONPATH=/home/mk/dev_ws/install/xarm_msgs/local/lib/python3.10/dist-packages:${PYTHONPATH} /usr/bin/cmake --install /home/mk/dev_ws/build/xarm_api
[50.693s] Level 1:colcon.colcon_core.environment:create_environment_scripts_only(xarm_api)
[50.693s] DEBUG:colcon.colcon_core.event_handler.log_command:Invoked command in '/home/mk/dev_ws/build/xarm_api' returned '0': AMENT_PREFIX_PATH=/home/mk/dev_ws/install/xarm_sdk:/home/mk/dev_ws/install/xarm_msgs:/home/mk/dev_ws/install/xarm_description:${AMENT_PREFIX_PATH} CMAKE_PREFIX_PATH=/home/mk/dev_ws/install/xarm_sdk:/home/mk/dev_ws/install/xarm_msgs:/home/mk/dev_ws/install/xarm_description:/opt/ros/humble LD_LIBRARY_PATH=/home/mk/dev_ws/install/xarm_sdk/lib:/home/mk/dev_ws/install/xarm_msgs/lib:${LD_LIBRARY_PATH} PYTHONPATH=/home/mk/dev_ws/install/xarm_msgs/local/lib/python3.10/dist-packages:${PYTHONPATH} /usr/bin/cmake --install /home/mk/dev_ws/build/xarm_api
[50.693s] Level 1:colcon.colcon_core.environment:checking '/home/mk/dev_ws/install/xarm_api' for CMake module files
[50.694s] Level 1:colcon.colcon_core.environment:checking '/home/mk/dev_ws/install/xarm_api' for CMake config files
[50.694s] Level 1:colcon.colcon_core.shell:create_environment_hook('xarm_api', 'cmake_prefix_path')
[50.694s] INFO:colcon.colcon_core.shell:Creating environment hook '/home/mk/dev_ws/install/xarm_api/share/xarm_api/hook/cmake_prefix_path.ps1'
[50.695s] INFO:colcon.colcon_core.shell:Creating environment descriptor '/home/mk/dev_ws/install/xarm_api/share/xarm_api/hook/cmake_prefix_path.dsv'
[50.695s] INFO:colcon.colcon_core.shell:Creating environment hook '/home/mk/dev_ws/install/xarm_api/share/xarm_api/hook/cmake_prefix_path.sh'
[50.696s] Level 1:colcon.colcon_core.environment:checking '/home/mk/dev_ws/install/xarm_api/lib'
[50.696s] Level 1:colcon.colcon_core.shell:create_environment_hook('xarm_api', 'ld_library_path_lib')
[50.696s] INFO:colcon.colcon_core.shell:Creating environment hook '/home/mk/dev_ws/install/xarm_api/share/xarm_api/hook/ld_library_path_lib.ps1'
[50.696s] INFO:colcon.colcon_core.shell:Creating environment descriptor '/home/mk/dev_ws/install/xarm_api/share/xarm_api/hook/ld_library_path_lib.dsv'
[50.696s] INFO:colcon.colcon_core.shell:Creating environment hook '/home/mk/dev_ws/install/xarm_api/share/xarm_api/hook/ld_library_path_lib.sh'
[50.696s] Level 1:colcon.colcon_core.environment:checking '/home/mk/dev_ws/install/xarm_api/bin'
[50.696s] Level 1:colcon.colcon_core.environment:checking '/home/mk/dev_ws/install/xarm_api/lib/pkgconfig/xarm_api.pc'
[50.697s] Level 1:colcon.colcon_core.environment:checking '/home/mk/dev_ws/install/xarm_api/lib/python3.10/site-packages'
[50.697s] Level 1:colcon.colcon_core.environment:checking '/home/mk/dev_ws/install/xarm_api/bin'
[50.697s] INFO:colcon.colcon_core.shell:Creating package script '/home/mk/dev_ws/install/xarm_api/share/xarm_api/package.ps1'
[50.697s] INFO:colcon.colcon_core.shell:Creating package descriptor '/home/mk/dev_ws/install/xarm_api/share/xarm_api/package.dsv'
[50.697s] INFO:colcon.colcon_core.shell:Creating package script '/home/mk/dev_ws/install/xarm_api/share/xarm_api/package.sh'
[50.698s] INFO:colcon.colcon_core.shell:Creating package script '/home/mk/dev_ws/install/xarm_api/share/xarm_api/package.bash'
[50.698s] INFO:colcon.colcon_core.shell:Creating package script '/home/mk/dev_ws/install/xarm_api/share/xarm_api/package.zsh'
[50.698s] Level 1:colcon.colcon_core.environment:create_file_with_runtime_dependencies(/home/mk/dev_ws/install/xarm_api/share/colcon-core/packages/xarm_api)
[50.698s] Level 1:colcon.colcon_core.environment:create_environment_scripts_only(xarm_api)
[50.698s] Level 1:colcon.colcon_core.environment:checking '/home/mk/dev_ws/install/xarm_api' for CMake module files
[50.699s] Level 1:colcon.colcon_core.environment:checking '/home/mk/dev_ws/install/xarm_api' for CMake config files
[50.699s] Level 1:colcon.colcon_core.shell:create_environment_hook('xarm_api', 'cmake_prefix_path')
[50.699s] INFO:colcon.colcon_core.shell:Creating environment hook '/home/mk/dev_ws/install/xarm_api/share/xarm_api/hook/cmake_prefix_path.ps1'
[50.699s] INFO:colcon.colcon_core.shell:Creating environment descriptor '/home/mk/dev_ws/install/xarm_api/share/xarm_api/hook/cmake_prefix_path.dsv'
[50.699s] INFO:colcon.colcon_core.shell:Creating environment hook '/home/mk/dev_ws/install/xarm_api/share/xarm_api/hook/cmake_prefix_path.sh'
[50.699s] Level 1:colcon.colcon_core.environment:checking '/home/mk/dev_ws/install/xarm_api/lib'
[50.699s] Level 1:colcon.colcon_core.shell:create_environment_hook('xarm_api', 'ld_library_path_lib')
[50.700s] INFO:colcon.colcon_core.shell:Creating environment hook '/home/mk/dev_ws/install/xarm_api/share/xarm_api/hook/ld_library_path_lib.ps1'
[50.700s] INFO:colcon.colcon_core.shell:Creating environment descriptor '/home/mk/dev_ws/install/xarm_api/share/xarm_api/hook/ld_library_path_lib.dsv'
[50.700s] INFO:colcon.colcon_core.shell:Creating environment hook '/home/mk/dev_ws/install/xarm_api/share/xarm_api/hook/ld_library_path_lib.sh'
[50.700s] Level 1:colcon.colcon_core.environment:checking '/home/mk/dev_ws/install/xarm_api/bin'
[50.700s] Level 1:colcon.colcon_core.environment:checking '/home/mk/dev_ws/install/xarm_api/lib/pkgconfig/xarm_api.pc'
[50.700s] Level 1:colcon.colcon_core.environment:checking '/home/mk/dev_ws/install/xarm_api/lib/python3.10/site-packages'
[50.700s] Level 1:colcon.colcon_core.environment:checking '/home/mk/dev_ws/install/xarm_api/bin'
[50.701s] INFO:colcon.colcon_core.shell:Creating package script '/home/mk/dev_ws/install/xarm_api/share/xarm_api/package.ps1'
[50.701s] INFO:colcon.colcon_core.shell:Creating package descriptor '/home/mk/dev_ws/install/xarm_api/share/xarm_api/package.dsv'
[50.701s] INFO:colcon.colcon_core.shell:Creating package script '/home/mk/dev_ws/install/xarm_api/share/xarm_api/package.sh'
[50.701s] INFO:colcon.colcon_core.shell:Creating package script '/home/mk/dev_ws/install/xarm_api/share/xarm_api/package.bash'
[50.702s] INFO:colcon.colcon_core.shell:Creating package script '/home/mk/dev_ws/install/xarm_api/share/xarm_api/package.zsh'
[50.702s] Level 1:colcon.colcon_core.environment:create_file_with_runtime_dependencies(/home/mk/dev_ws/install/xarm_api/share/colcon-core/packages/xarm_api)
[50.702s] INFO:colcon.colcon_ros.task.ament_cmake.build:Building ROS package in '/home/mk/dev_ws/src/xarm_ros2/xarm_controller' with build type 'ament_cmake'
[50.702s] INFO:colcon.colcon_cmake.task.cmake.build:Building CMake package in '/home/mk/dev_ws/src/xarm_ros2/xarm_controller'
[50.702s] INFO:colcon.colcon_core.shell:Skip shell extension 'powershell' for command environment: Not usable outside of PowerShell
[50.702s] DEBUG:colcon.colcon_core.shell:Skip shell extension 'dsv' for command environment
[50.711s] DEBUG:colcon.colcon_core.event_handler.log_command:Invoking command in '/home/mk/dev_ws/build/xarm_controller': AMENT_PREFIX_PATH=/home/mk/dev_ws/install/xarm_api:/home/mk/dev_ws/install/xarm_sdk:/home/mk/dev_ws/install/xarm_msgs:/home/mk/dev_ws/install/xarm_description:${AMENT_PREFIX_PATH} CMAKE_PREFIX_PATH=/home/mk/dev_ws/install/xarm_api:/home/mk/dev_ws/install/xarm_sdk:/home/mk/dev_ws/install/xarm_msgs:/home/mk/dev_ws/install/xarm_description:/opt/ros/humble LD_LIBRARY_PATH=/home/mk/dev_ws/install/xarm_api/lib:/home/mk/dev_ws/install/xarm_sdk/lib:/home/mk/dev_ws/install/xarm_msgs/lib:${LD_LIBRARY_PATH} PYTHONPATH=/home/mk/dev_ws/install/xarm_msgs/local/lib/python3.10/dist-packages:${PYTHONPATH} /usr/bin/cmake /home/mk/dev_ws/src/xarm_ros2/xarm_controller -DAMENT_CMAKE_SYMLINK_INSTALL=1 -DCMAKE_INSTALL_PREFIX=/home/mk/dev_ws/install/xarm_controller
[51.445s] DEBUG:colcon.colcon_core.event_handler.log_command:Invoked command in '/home/mk/dev_ws/build/xarm_controller' returned '0': AMENT_PREFIX_PATH=/home/mk/dev_ws/install/xarm_api:/home/mk/dev_ws/install/xarm_sdk:/home/mk/dev_ws/install/xarm_msgs:/home/mk/dev_ws/install/xarm_description:${AMENT_PREFIX_PATH} CMAKE_PREFIX_PATH=/home/mk/dev_ws/install/xarm_api:/home/mk/dev_ws/install/xarm_sdk:/home/mk/dev_ws/install/xarm_msgs:/home/mk/dev_ws/install/xarm_description:/opt/ros/humble LD_LIBRARY_PATH=/home/mk/dev_ws/install/xarm_api/lib:/home/mk/dev_ws/install/xarm_sdk/lib:/home/mk/dev_ws/install/xarm_msgs/lib:${LD_LIBRARY_PATH} PYTHONPATH=/home/mk/dev_ws/install/xarm_msgs/local/lib/python3.10/dist-packages:${PYTHONPATH} /usr/bin/cmake /home/mk/dev_ws/src/xarm_ros2/xarm_controller -DAMENT_CMAKE_SYMLINK_INSTALL=1 -DCMAKE_INSTALL_PREFIX=/home/mk/dev_ws/install/xarm_controller
[51.445s] DEBUG:colcon.colcon_core.event_handler.log_command:Invoking command in '/home/mk/dev_ws/build/xarm_controller': AMENT_PREFIX_PATH=/home/mk/dev_ws/install/xarm_api:/home/mk/dev_ws/install/xarm_sdk:/home/mk/dev_ws/install/xarm_msgs:/home/mk/dev_ws/install/xarm_description:${AMENT_PREFIX_PATH} CMAKE_PREFIX_PATH=/home/mk/dev_ws/install/xarm_api:/home/mk/dev_ws/install/xarm_sdk:/home/mk/dev_ws/install/xarm_msgs:/home/mk/dev_ws/install/xarm_description:/opt/ros/humble LD_LIBRARY_PATH=/home/mk/dev_ws/install/xarm_api/lib:/home/mk/dev_ws/install/xarm_sdk/lib:/home/mk/dev_ws/install/xarm_msgs/lib:${LD_LIBRARY_PATH} PYTHONPATH=/home/mk/dev_ws/install/xarm_msgs/local/lib/python3.10/dist-packages:${PYTHONPATH} /usr/bin/cmake --build /home/mk/dev_ws/build/xarm_controller -- -j20 -l20
[55.065s] DEBUG:colcon.colcon_core.event_handler.log_command:Invoked command in '/home/mk/dev_ws/build/zed_components' returned '0': AMENT_PREFIX_PATH=/home/mk/dev_ws/install/zed_interfaces:${AMENT_PREFIX_PATH} CMAKE_PREFIX_PATH=/home/mk/dev_ws/install/zed_interfaces:/opt/ros/humble LD_LIBRARY_PATH=/home/mk/dev_ws/install/zed_interfaces/lib:${LD_LIBRARY_PATH} PYTHONPATH=/home/mk/dev_ws/install/zed_interfaces/local/lib/python3.10/dist-packages:${PYTHONPATH} /usr/bin/cmake --build /home/mk/dev_ws/build/zed_components -- -j20 -l20
[55.066s] DEBUG:colcon.colcon_core.event_handler.log_command:Invoking command in '/home/mk/dev_ws/build/zed_components': AMENT_PREFIX_PATH=/home/mk/dev_ws/install/zed_interfaces:${AMENT_PREFIX_PATH} CMAKE_PREFIX_PATH=/home/mk/dev_ws/install/zed_interfaces:/opt/ros/humble LD_LIBRARY_PATH=/home/mk/dev_ws/install/zed_interfaces/lib:${LD_LIBRARY_PATH} PYTHONPATH=/home/mk/dev_ws/install/zed_interfaces/local/lib/python3.10/dist-packages:${PYTHONPATH} /usr/bin/cmake --install /home/mk/dev_ws/build/zed_components
[55.230s] Level 1:colcon.colcon_core.environment:create_environment_scripts_only(zed_components)
[55.230s] DEBUG:colcon.colcon_core.event_handler.log_command:Invoked command in '/home/mk/dev_ws/build/zed_components' returned '0': AMENT_PREFIX_PATH=/home/mk/dev_ws/install/zed_interfaces:${AMENT_PREFIX_PATH} CMAKE_PREFIX_PATH=/home/mk/dev_ws/install/zed_interfaces:/opt/ros/humble LD_LIBRARY_PATH=/home/mk/dev_ws/install/zed_interfaces/lib:${LD_LIBRARY_PATH} PYTHONPATH=/home/mk/dev_ws/install/zed_interfaces/local/lib/python3.10/dist-packages:${PYTHONPATH} /usr/bin/cmake --install /home/mk/dev_ws/build/zed_components
[55.231s] Level 1:colcon.colcon_core.environment:checking '/home/mk/dev_ws/install/zed_components' for CMake module files
[55.231s] Level 1:colcon.colcon_core.environment:checking '/home/mk/dev_ws/install/zed_components' for CMake config files
[55.232s] Level 1:colcon.colcon_core.shell:create_environment_hook('zed_components', 'cmake_prefix_path')
[55.232s] INFO:colcon.colcon_core.shell:Creating environment hook '/home/mk/dev_ws/install/zed_components/share/zed_components/hook/cmake_prefix_path.ps1'
[55.232s] INFO:colcon.colcon_core.shell:Creating environment descriptor '/home/mk/dev_ws/install/zed_components/share/zed_components/hook/cmake_prefix_path.dsv'
[55.232s] INFO:colcon.colcon_core.shell:Creating environment hook '/home/mk/dev_ws/install/zed_components/share/zed_components/hook/cmake_prefix_path.sh'
[55.233s] Level 1:colcon.colcon_core.environment:checking '/home/mk/dev_ws/install/zed_components/lib'
[55.233s] Level 1:colcon.colcon_core.shell:create_environment_hook('zed_components', 'ld_library_path_lib')
[55.233s] INFO:colcon.colcon_core.shell:Creating environment hook '/home/mk/dev_ws/install/zed_components/share/zed_components/hook/ld_library_path_lib.ps1'
[55.233s] INFO:colcon.colcon_core.shell:Creating environment descriptor '/home/mk/dev_ws/install/zed_components/share/zed_components/hook/ld_library_path_lib.dsv'
[55.234s] INFO:colcon.colcon_core.shell:Creating environment hook '/home/mk/dev_ws/install/zed_components/share/zed_components/hook/ld_library_path_lib.sh'
[55.234s] Level 1:colcon.colcon_core.environment:checking '/home/mk/dev_ws/install/zed_components/bin'
[55.234s] Level 1:colcon.colcon_core.environment:checking '/home/mk/dev_ws/install/zed_components/lib/pkgconfig/zed_components.pc'
[55.234s] Level 1:colcon.colcon_core.environment:checking '/home/mk/dev_ws/install/zed_components/lib/python3.10/site-packages'
[55.235s] Level 1:colcon.colcon_core.environment:checking '/home/mk/dev_ws/install/zed_components/bin'
[55.235s] INFO:colcon.colcon_core.shell:Creating package script '/home/mk/dev_ws/install/zed_components/share/zed_components/package.ps1'
[55.235s] INFO:colcon.colcon_core.shell:Creating package descriptor '/home/mk/dev_ws/install/zed_components/share/zed_components/package.dsv'
[55.235s] INFO:colcon.colcon_core.shell:Creating package script '/home/mk/dev_ws/install/zed_components/share/zed_components/package.sh'
[55.236s] INFO:colcon.colcon_core.shell:Creating package script '/home/mk/dev_ws/install/zed_components/share/zed_components/package.bash'
[55.236s] INFO:colcon.colcon_core.shell:Creating package script '/home/mk/dev_ws/install/zed_components/share/zed_components/package.zsh'
[55.236s] Level 1:colcon.colcon_core.environment:create_file_with_runtime_dependencies(/home/mk/dev_ws/install/zed_components/share/colcon-core/packages/zed_components)
[55.236s] Level 1:colcon.colcon_core.environment:create_environment_scripts_only(zed_components)
[55.236s] Level 1:colcon.colcon_core.environment:checking '/home/mk/dev_ws/install/zed_components' for CMake module files
[55.237s] Level 1:colcon.colcon_core.environment:checking '/home/mk/dev_ws/install/zed_components' for CMake config files
[55.237s] Level 1:colcon.colcon_core.shell:create_environment_hook('zed_components', 'cmake_prefix_path')
[55.237s] INFO:colcon.colcon_core.shell:Creating environment hook '/home/mk/dev_ws/install/zed_components/share/zed_components/hook/cmake_prefix_path.ps1'
[55.237s] INFO:colcon.colcon_core.shell:Creating environment descriptor '/home/mk/dev_ws/install/zed_components/share/zed_components/hook/cmake_prefix_path.dsv'
[55.237s] INFO:colcon.colcon_core.shell:Creating environment hook '/home/mk/dev_ws/install/zed_components/share/zed_components/hook/cmake_prefix_path.sh'
[55.237s] Level 1:colcon.colcon_core.environment:checking '/home/mk/dev_ws/install/zed_components/lib'
[55.237s] Level 1:colcon.colcon_core.shell:create_environment_hook('zed_components', 'ld_library_path_lib')
[55.237s] INFO:colcon.colcon_core.shell:Creating environment hook '/home/mk/dev_ws/install/zed_components/share/zed_components/hook/ld_library_path_lib.ps1'
[55.238s] INFO:colcon.colcon_core.shell:Creating environment descriptor '/home/mk/dev_ws/install/zed_components/share/zed_components/hook/ld_library_path_lib.dsv'
[55.238s] INFO:colcon.colcon_core.shell:Creating environment hook '/home/mk/dev_ws/install/zed_components/share/zed_components/hook/ld_library_path_lib.sh'
[55.238s] Level 1:colcon.colcon_core.environment:checking '/home/mk/dev_ws/install/zed_components/bin'
[55.238s] Level 1:colcon.colcon_core.environment:checking '/home/mk/dev_ws/install/zed_components/lib/pkgconfig/zed_components.pc'
[55.238s] Level 1:colcon.colcon_core.environment:checking '/home/mk/dev_ws/install/zed_components/lib/python3.10/site-packages'
[55.238s] Level 1:colcon.colcon_core.environment:checking '/home/mk/dev_ws/install/zed_components/bin'
[55.238s] INFO:colcon.colcon_core.shell:Creating package script '/home/mk/dev_ws/install/zed_components/share/zed_components/package.ps1'
[55.239s] INFO:colcon.colcon_core.shell:Creating package descriptor '/home/mk/dev_ws/install/zed_components/share/zed_components/package.dsv'
[55.239s] INFO:colcon.colcon_core.shell:Creating package script '/home/mk/dev_ws/install/zed_components/share/zed_components/package.sh'
[55.239s] INFO:colcon.colcon_core.shell:Creating package script '/home/mk/dev_ws/install/zed_components/share/zed_components/package.bash'
[55.240s] INFO:colcon.colcon_core.shell:Creating package script '/home/mk/dev_ws/install/zed_components/share/zed_components/package.zsh'
[55.240s] Level 1:colcon.colcon_core.environment:create_file_with_runtime_dependencies(/home/mk/dev_ws/install/zed_components/share/colcon-core/packages/zed_components)
[55.240s] INFO:colcon.colcon_ros.task.ament_cmake.build:Building ROS package in '/home/mk/dev_ws/src/zed-ros2-wrapper/zed_wrapper' with build type 'ament_cmake'
[55.240s] INFO:colcon.colcon_cmake.task.cmake.build:Building CMake package in '/home/mk/dev_ws/src/zed-ros2-wrapper/zed_wrapper'
[55.240s] INFO:colcon.colcon_core.shell:Skip shell extension 'powershell' for command environment: Not usable outside of PowerShell
[55.240s] DEBUG:colcon.colcon_core.shell:Skip shell extension 'dsv' for command environment
[55.247s] DEBUG:colcon.colcon_core.event_handler.log_command:Invoking command in '/home/mk/dev_ws/build/zed_wrapper': AMENT_PREFIX_PATH=/home/mk/dev_ws/install/zed_components:/home/mk/dev_ws/install/zed_interfaces:${AMENT_PREFIX_PATH} CMAKE_PREFIX_PATH=/home/mk/dev_ws/install/zed_components:/home/mk/dev_ws/install/zed_interfaces:/opt/ros/humble LD_LIBRARY_PATH=/home/mk/dev_ws/install/zed_components/lib:/home/mk/dev_ws/install/zed_interfaces/lib:${LD_LIBRARY_PATH} PYTHONPATH=/home/mk/dev_ws/install/zed_interfaces/local/lib/python3.10/dist-packages:${PYTHONPATH} /usr/bin/cmake /home/mk/dev_ws/src/zed-ros2-wrapper/zed_wrapper -DAMENT_CMAKE_SYMLINK_INSTALL=1 -DCMAKE_INSTALL_PREFIX=/home/mk/dev_ws/install/zed_wrapper
[56.242s] DEBUG:colcon.colcon_core.event_handler.log_command:Invoked command in '/home/mk/dev_ws/build/zed_wrapper' returned '0': AMENT_PREFIX_PATH=/home/mk/dev_ws/install/zed_components:/home/mk/dev_ws/install/zed_interfaces:${AMENT_PREFIX_PATH} CMAKE_PREFIX_PATH=/home/mk/dev_ws/install/zed_components:/home/mk/dev_ws/install/zed_interfaces:/opt/ros/humble LD_LIBRARY_PATH=/home/mk/dev_ws/install/zed_components/lib:/home/mk/dev_ws/install/zed_interfaces/lib:${LD_LIBRARY_PATH} PYTHONPATH=/home/mk/dev_ws/install/zed_interfaces/local/lib/python3.10/dist-packages:${PYTHONPATH} /usr/bin/cmake /home/mk/dev_ws/src/zed-ros2-wrapper/zed_wrapper -DAMENT_CMAKE_SYMLINK_INSTALL=1 -DCMAKE_INSTALL_PREFIX=/home/mk/dev_ws/install/zed_wrapper
[56.243s] DEBUG:colcon.colcon_core.event_handler.log_command:Invoking command in '/home/mk/dev_ws/build/zed_wrapper': AMENT_PREFIX_PATH=/home/mk/dev_ws/install/zed_components:/home/mk/dev_ws/install/zed_interfaces:${AMENT_PREFIX_PATH} CMAKE_PREFIX_PATH=/home/mk/dev_ws/install/zed_components:/home/mk/dev_ws/install/zed_interfaces:/opt/ros/humble LD_LIBRARY_PATH=/home/mk/dev_ws/install/zed_components/lib:/home/mk/dev_ws/install/zed_interfaces/lib:${LD_LIBRARY_PATH} PYTHONPATH=/home/mk/dev_ws/install/zed_interfaces/local/lib/python3.10/dist-packages:${PYTHONPATH} /usr/bin/cmake --build /home/mk/dev_ws/build/zed_wrapper -- -j20 -l20
[56.529s] DEBUG:colcon.colcon_core.event_handler.log_command:Invoked command in '/home/mk/dev_ws/build/xarm_controller' returned '0': AMENT_PREFIX_PATH=/home/mk/dev_ws/install/xarm_api:/home/mk/dev_ws/install/xarm_sdk:/home/mk/dev_ws/install/xarm_msgs:/home/mk/dev_ws/install/xarm_description:${AMENT_PREFIX_PATH} CMAKE_PREFIX_PATH=/home/mk/dev_ws/install/xarm_api:/home/mk/dev_ws/install/xarm_sdk:/home/mk/dev_ws/install/xarm_msgs:/home/mk/dev_ws/install/xarm_description:/opt/ros/humble LD_LIBRARY_PATH=/home/mk/dev_ws/install/xarm_api/lib:/home/mk/dev_ws/install/xarm_sdk/lib:/home/mk/dev_ws/install/xarm_msgs/lib:${LD_LIBRARY_PATH} PYTHONPATH=/home/mk/dev_ws/install/xarm_msgs/local/lib/python3.10/dist-packages:${PYTHONPATH} /usr/bin/cmake --build /home/mk/dev_ws/build/xarm_controller -- -j20 -l20
[56.530s] DEBUG:colcon.colcon_core.event_handler.log_command:Invoking command in '/home/mk/dev_ws/build/xarm_controller': AMENT_PREFIX_PATH=/home/mk/dev_ws/install/xarm_api:/home/mk/dev_ws/install/xarm_sdk:/home/mk/dev_ws/install/xarm_msgs:/home/mk/dev_ws/install/xarm_description:${AMENT_PREFIX_PATH} CMAKE_PREFIX_PATH=/home/mk/dev_ws/install/xarm_api:/home/mk/dev_ws/install/xarm_sdk:/home/mk/dev_ws/install/xarm_msgs:/home/mk/dev_ws/install/xarm_description:/opt/ros/humble LD_LIBRARY_PATH=/home/mk/dev_ws/install/xarm_api/lib:/home/mk/dev_ws/install/xarm_sdk/lib:/home/mk/dev_ws/install/xarm_msgs/lib:${LD_LIBRARY_PATH} PYTHONPATH=/home/mk/dev_ws/install/xarm_msgs/local/lib/python3.10/dist-packages:${PYTHONPATH} /usr/bin/cmake --install /home/mk/dev_ws/build/xarm_controller
[56.761s] Level 1:colcon.colcon_core.environment:create_environment_scripts_only(xarm_controller)
[56.762s] Level 1:colcon.colcon_core.environment:checking '/home/mk/dev_ws/install/xarm_controller' for CMake module files
[56.762s] DEBUG:colcon.colcon_core.event_handler.log_command:Invoked command in '/home/mk/dev_ws/build/xarm_controller' returned '0': AMENT_PREFIX_PATH=/home/mk/dev_ws/install/xarm_api:/home/mk/dev_ws/install/xarm_sdk:/home/mk/dev_ws/install/xarm_msgs:/home/mk/dev_ws/install/xarm_description:${AMENT_PREFIX_PATH} CMAKE_PREFIX_PATH=/home/mk/dev_ws/install/xarm_api:/home/mk/dev_ws/install/xarm_sdk:/home/mk/dev_ws/install/xarm_msgs:/home/mk/dev_ws/install/xarm_description:/opt/ros/humble LD_LIBRARY_PATH=/home/mk/dev_ws/install/xarm_api/lib:/home/mk/dev_ws/install/xarm_sdk/lib:/home/mk/dev_ws/install/xarm_msgs/lib:${LD_LIBRARY_PATH} PYTHONPATH=/home/mk/dev_ws/install/xarm_msgs/local/lib/python3.10/dist-packages:${PYTHONPATH} /usr/bin/cmake --install /home/mk/dev_ws/build/xarm_controller
[56.762s] Level 1:colcon.colcon_core.environment:checking '/home/mk/dev_ws/install/xarm_controller' for CMake config files
[56.762s] Level 1:colcon.colcon_core.shell:create_environment_hook('xarm_controller', 'cmake_prefix_path')
[56.762s] INFO:colcon.colcon_core.shell:Creating environment hook '/home/mk/dev_ws/install/xarm_controller/share/xarm_controller/hook/cmake_prefix_path.ps1'
[56.763s] INFO:colcon.colcon_core.shell:Creating environment descriptor '/home/mk/dev_ws/install/xarm_controller/share/xarm_controller/hook/cmake_prefix_path.dsv'
[56.763s] INFO:colcon.colcon_core.shell:Creating environment hook '/home/mk/dev_ws/install/xarm_controller/share/xarm_controller/hook/cmake_prefix_path.sh'
[56.763s] Level 1:colcon.colcon_core.environment:checking '/home/mk/dev_ws/install/xarm_controller/lib'
[56.763s] Level 1:colcon.colcon_core.shell:create_environment_hook('xarm_controller', 'ld_library_path_lib')
[56.763s] INFO:colcon.colcon_core.shell:Creating environment hook '/home/mk/dev_ws/install/xarm_controller/share/xarm_controller/hook/ld_library_path_lib.ps1'
[56.763s] INFO:colcon.colcon_core.shell:Creating environment descriptor '/home/mk/dev_ws/install/xarm_controller/share/xarm_controller/hook/ld_library_path_lib.dsv'
[56.764s] INFO:colcon.colcon_core.shell:Creating environment hook '/home/mk/dev_ws/install/xarm_controller/share/xarm_controller/hook/ld_library_path_lib.sh'
[56.764s] Level 1:colcon.colcon_core.environment:checking '/home/mk/dev_ws/install/xarm_controller/bin'
[56.764s] Level 1:colcon.colcon_core.environment:checking '/home/mk/dev_ws/install/xarm_controller/lib/pkgconfig/xarm_controller.pc'
[56.764s] Level 1:colcon.colcon_core.environment:checking '/home/mk/dev_ws/install/xarm_controller/lib/python3.10/site-packages'
[56.764s] Level 1:colcon.colcon_core.environment:checking '/home/mk/dev_ws/install/xarm_controller/bin'
[56.764s] INFO:colcon.colcon_core.shell:Creating package script '/home/mk/dev_ws/install/xarm_controller/share/xarm_controller/package.ps1'
[56.765s] INFO:colcon.colcon_core.shell:Creating package descriptor '/home/mk/dev_ws/install/xarm_controller/share/xarm_controller/package.dsv'
[56.765s] INFO:colcon.colcon_core.shell:Creating package script '/home/mk/dev_ws/install/xarm_controller/share/xarm_controller/package.sh'
[56.765s] INFO:colcon.colcon_core.shell:Creating package script '/home/mk/dev_ws/install/xarm_controller/share/xarm_controller/package.bash'
[56.765s] INFO:colcon.colcon_core.shell:Creating package script '/home/mk/dev_ws/install/xarm_controller/share/xarm_controller/package.zsh'
[56.765s] Level 1:colcon.colcon_core.environment:create_file_with_runtime_dependencies(/home/mk/dev_ws/install/xarm_controller/share/colcon-core/packages/xarm_controller)
[56.765s] Level 1:colcon.colcon_core.environment:create_environment_scripts_only(xarm_controller)
[56.766s] Level 1:colcon.colcon_core.environment:checking '/home/mk/dev_ws/install/xarm_controller' for CMake module files
[56.766s] Level 1:colcon.colcon_core.environment:checking '/home/mk/dev_ws/install/xarm_controller' for CMake config files
[56.766s] Level 1:colcon.colcon_core.shell:create_environment_hook('xarm_controller', 'cmake_prefix_path')
[56.766s] INFO:colcon.colcon_core.shell:Creating environment hook '/home/mk/dev_ws/install/xarm_controller/share/xarm_controller/hook/cmake_prefix_path.ps1'
[56.766s] INFO:colcon.colcon_core.shell:Creating environment descriptor '/home/mk/dev_ws/install/xarm_controller/share/xarm_controller/hook/cmake_prefix_path.dsv'
[56.766s] INFO:colcon.colcon_core.shell:Creating environment hook '/home/mk/dev_ws/install/xarm_controller/share/xarm_controller/hook/cmake_prefix_path.sh'
[56.767s] Level 1:colcon.colcon_core.environment:checking '/home/mk/dev_ws/install/xarm_controller/lib'
[56.767s] Level 1:colcon.colcon_core.shell:create_environment_hook('xarm_controller', 'ld_library_path_lib')
[56.767s] INFO:colcon.colcon_core.shell:Creating environment hook '/home/mk/dev_ws/install/xarm_controller/share/xarm_controller/hook/ld_library_path_lib.ps1'
[56.767s] INFO:colcon.colcon_core.shell:Creating environment descriptor '/home/mk/dev_ws/install/xarm_controller/share/xarm_controller/hook/ld_library_path_lib.dsv'
[56.767s] INFO:colcon.colcon_core.shell:Creating environment hook '/home/mk/dev_ws/install/xarm_controller/share/xarm_controller/hook/ld_library_path_lib.sh'
[56.767s] Level 1:colcon.colcon_core.environment:checking '/home/mk/dev_ws/install/xarm_controller/bin'
[56.768s] Level 1:colcon.colcon_core.environment:checking '/home/mk/dev_ws/install/xarm_controller/lib/pkgconfig/xarm_controller.pc'
[56.768s] Level 1:colcon.colcon_core.environment:checking '/home/mk/dev_ws/install/xarm_controller/lib/python3.10/site-packages'
[56.768s] Level 1:colcon.colcon_core.environment:checking '/home/mk/dev_ws/install/xarm_controller/bin'
[56.768s] INFO:colcon.colcon_core.shell:Creating package script '/home/mk/dev_ws/install/xarm_controller/share/xarm_controller/package.ps1'
[56.768s] INFO:colcon.colcon_core.shell:Creating package descriptor '/home/mk/dev_ws/install/xarm_controller/share/xarm_controller/package.dsv'
[56.769s] INFO:colcon.colcon_core.shell:Creating package script '/home/mk/dev_ws/install/xarm_controller/share/xarm_controller/package.sh'
[56.769s] INFO:colcon.colcon_core.shell:Creating package script '/home/mk/dev_ws/install/xarm_controller/share/xarm_controller/package.bash'
[56.769s] INFO:colcon.colcon_core.shell:Creating package script '/home/mk/dev_ws/install/xarm_controller/share/xarm_controller/package.zsh'
[56.769s] Level 1:colcon.colcon_core.environment:create_file_with_runtime_dependencies(/home/mk/dev_ws/install/xarm_controller/share/colcon-core/packages/xarm_controller)
[56.769s] INFO:colcon.colcon_ros.task.ament_cmake.build:Building ROS package in '/home/mk/dev_ws/src/xarm_ros2/xarm_gazebo' with build type 'ament_cmake'
[56.769s] INFO:colcon.colcon_cmake.task.cmake.build:Building CMake package in '/home/mk/dev_ws/src/xarm_ros2/xarm_gazebo'
[56.769s] INFO:colcon.colcon_core.shell:Skip shell extension 'powershell' for command environment: Not usable outside of PowerShell
[56.769s] DEBUG:colcon.colcon_core.shell:Skip shell extension 'dsv' for command environment
[56.780s] DEBUG:colcon.colcon_core.event_handler.log_command:Invoking command in '/home/mk/dev_ws/build/xarm_gazebo': AMENT_PREFIX_PATH=/home/mk/dev_ws/install/xarm_controller:/home/mk/dev_ws/install/xarm_api:/home/mk/dev_ws/install/xarm_sdk:/home/mk/dev_ws/install/xarm_msgs:/home/mk/dev_ws/install/xarm_description:/home/mk/dev_ws/install/uf_ros_lib:${AMENT_PREFIX_PATH} CMAKE_PREFIX_PATH=/home/mk/dev_ws/install/xarm_controller:/home/mk/dev_ws/install/xarm_api:/home/mk/dev_ws/install/xarm_sdk:/home/mk/dev_ws/install/xarm_msgs:/home/mk/dev_ws/install/xarm_description:/opt/ros/humble LD_LIBRARY_PATH=/home/mk/dev_ws/install/xarm_controller/lib:/home/mk/dev_ws/install/xarm_api/lib:/home/mk/dev_ws/install/xarm_sdk/lib:/home/mk/dev_ws/install/xarm_msgs/lib:${LD_LIBRARY_PATH} PYTHONPATH=/home/mk/dev_ws/install/xarm_msgs/local/lib/python3.10/dist-packages:/home/mk/dev_ws/build/uf_ros_lib:/home/mk/dev_ws/install/uf_ros_lib/lib/python3.10/site-packages:${PYTHONPATH} /usr/bin/cmake /home/mk/dev_ws/src/xarm_ros2/xarm_gazebo -DAMENT_CMAKE_SYMLINK_INSTALL=1 -DCMAKE_INSTALL_PREFIX=/home/mk/dev_ws/install/xarm_gazebo
[58.130s] DEBUG:colcon.colcon_core.event_handler.log_command:Invoked command in '/home/mk/dev_ws/build/xarm_gazebo' returned '0': AMENT_PREFIX_PATH=/home/mk/dev_ws/install/xarm_controller:/home/mk/dev_ws/install/xarm_api:/home/mk/dev_ws/install/xarm_sdk:/home/mk/dev_ws/install/xarm_msgs:/home/mk/dev_ws/install/xarm_description:/home/mk/dev_ws/install/uf_ros_lib:${AMENT_PREFIX_PATH} CMAKE_PREFIX_PATH=/home/mk/dev_ws/install/xarm_controller:/home/mk/dev_ws/install/xarm_api:/home/mk/dev_ws/install/xarm_sdk:/home/mk/dev_ws/install/xarm_msgs:/home/mk/dev_ws/install/xarm_description:/opt/ros/humble LD_LIBRARY_PATH=/home/mk/dev_ws/install/xarm_controller/lib:/home/mk/dev_ws/install/xarm_api/lib:/home/mk/dev_ws/install/xarm_sdk/lib:/home/mk/dev_ws/install/xarm_msgs/lib:${LD_LIBRARY_PATH} PYTHONPATH=/home/mk/dev_ws/install/xarm_msgs/local/lib/python3.10/dist-packages:/home/mk/dev_ws/build/uf_ros_lib:/home/mk/dev_ws/install/uf_ros_lib/lib/python3.10/site-packages:${PYTHONPATH} /usr/bin/cmake /home/mk/dev_ws/src/xarm_ros2/xarm_gazebo -DAMENT_CMAKE_SYMLINK_INSTALL=1 -DCMAKE_INSTALL_PREFIX=/home/mk/dev_ws/install/xarm_gazebo
[58.131s] DEBUG:colcon.colcon_core.event_handler.log_command:Invoking command in '/home/mk/dev_ws/build/xarm_gazebo': AMENT_PREFIX_PATH=/home/mk/dev_ws/install/xarm_controller:/home/mk/dev_ws/install/xarm_api:/home/mk/dev_ws/install/xarm_sdk:/home/mk/dev_ws/install/xarm_msgs:/home/mk/dev_ws/install/xarm_description:/home/mk/dev_ws/install/uf_ros_lib:${AMENT_PREFIX_PATH} CMAKE_PREFIX_PATH=/home/mk/dev_ws/install/xarm_controller:/home/mk/dev_ws/install/xarm_api:/home/mk/dev_ws/install/xarm_sdk:/home/mk/dev_ws/install/xarm_msgs:/home/mk/dev_ws/install/xarm_description:/opt/ros/humble LD_LIBRARY_PATH=/home/mk/dev_ws/install/xarm_controller/lib:/home/mk/dev_ws/install/xarm_api/lib:/home/mk/dev_ws/install/xarm_sdk/lib:/home/mk/dev_ws/install/xarm_msgs/lib:${LD_LIBRARY_PATH} PYTHONPATH=/home/mk/dev_ws/install/xarm_msgs/local/lib/python3.10/dist-packages:/home/mk/dev_ws/build/uf_ros_lib:/home/mk/dev_ws/install/uf_ros_lib/lib/python3.10/site-packages:${PYTHONPATH} /usr/bin/cmake --build /home/mk/dev_ws/build/xarm_gazebo -- -j20 -l20
[59.562s] DEBUG:colcon.colcon_core.event_handler.log_command:Invoked command in '/home/mk/dev_ws/build/zed_wrapper' returned '0': AMENT_PREFIX_PATH=/home/mk/dev_ws/install/zed_components:/home/mk/dev_ws/install/zed_interfaces:${AMENT_PREFIX_PATH} CMAKE_PREFIX_PATH=/home/mk/dev_ws/install/zed_components:/home/mk/dev_ws/install/zed_interfaces:/opt/ros/humble LD_LIBRARY_PATH=/home/mk/dev_ws/install/zed_components/lib:/home/mk/dev_ws/install/zed_interfaces/lib:${LD_LIBRARY_PATH} PYTHONPATH=/home/mk/dev_ws/install/zed_interfaces/local/lib/python3.10/dist-packages:${PYTHONPATH} /usr/bin/cmake --build /home/mk/dev_ws/build/zed_wrapper -- -j20 -l20
[59.563s] DEBUG:colcon.colcon_core.event_handler.log_command:Invoking command in '/home/mk/dev_ws/build/zed_wrapper': AMENT_PREFIX_PATH=/home/mk/dev_ws/install/zed_components:/home/mk/dev_ws/install/zed_interfaces:${AMENT_PREFIX_PATH} CMAKE_PREFIX_PATH=/home/mk/dev_ws/install/zed_components:/home/mk/dev_ws/install/zed_interfaces:/opt/ros/humble LD_LIBRARY_PATH=/home/mk/dev_ws/install/zed_components/lib:/home/mk/dev_ws/install/zed_interfaces/lib:${LD_LIBRARY_PATH} PYTHONPATH=/home/mk/dev_ws/install/zed_interfaces/local/lib/python3.10/dist-packages:${PYTHONPATH} /usr/bin/cmake --install /home/mk/dev_ws/build/zed_wrapper
[59.714s] Level 1:colcon.colcon_core.environment:create_environment_scripts_only(zed_wrapper)
[59.715s] DEBUG:colcon.colcon_core.event_handler.log_command:Invoked command in '/home/mk/dev_ws/build/zed_wrapper' returned '0': AMENT_PREFIX_PATH=/home/mk/dev_ws/install/zed_components:/home/mk/dev_ws/install/zed_interfaces:${AMENT_PREFIX_PATH} CMAKE_PREFIX_PATH=/home/mk/dev_ws/install/zed_components:/home/mk/dev_ws/install/zed_interfaces:/opt/ros/humble LD_LIBRARY_PATH=/home/mk/dev_ws/install/zed_components/lib:/home/mk/dev_ws/install/zed_interfaces/lib:${LD_LIBRARY_PATH} PYTHONPATH=/home/mk/dev_ws/install/zed_interfaces/local/lib/python3.10/dist-packages:${PYTHONPATH} /usr/bin/cmake --install /home/mk/dev_ws/build/zed_wrapper
[59.715s] Level 1:colcon.colcon_core.environment:checking '/home/mk/dev_ws/install/zed_wrapper' for CMake module files
[59.716s] Level 1:colcon.colcon_core.environment:checking '/home/mk/dev_ws/install/zed_wrapper' for CMake config files
[59.716s] Level 1:colcon.colcon_core.shell:create_environment_hook('zed_wrapper', 'cmake_prefix_path')
[59.716s] INFO:colcon.colcon_core.shell:Creating environment hook '/home/mk/dev_ws/install/zed_wrapper/share/zed_wrapper/hook/cmake_prefix_path.ps1'
[59.717s] INFO:colcon.colcon_core.shell:Creating environment descriptor '/home/mk/dev_ws/install/zed_wrapper/share/zed_wrapper/hook/cmake_prefix_path.dsv'
[59.717s] INFO:colcon.colcon_core.shell:Creating environment hook '/home/mk/dev_ws/install/zed_wrapper/share/zed_wrapper/hook/cmake_prefix_path.sh'
[59.717s] Level 1:colcon.colcon_core.environment:checking '/home/mk/dev_ws/install/zed_wrapper/lib'
[59.717s] Level 1:colcon.colcon_core.environment:checking '/home/mk/dev_ws/install/zed_wrapper/bin'
[59.717s] Level 1:colcon.colcon_core.environment:checking '/home/mk/dev_ws/install/zed_wrapper/lib/pkgconfig/zed_wrapper.pc'
[59.717s] Level 1:colcon.colcon_core.environment:checking '/home/mk/dev_ws/install/zed_wrapper/lib/python3.10/site-packages'
[59.718s] Level 1:colcon.colcon_core.environment:checking '/home/mk/dev_ws/install/zed_wrapper/bin'
[59.718s] INFO:colcon.colcon_core.shell:Creating package script '/home/mk/dev_ws/install/zed_wrapper/share/zed_wrapper/package.ps1'
[59.718s] INFO:colcon.colcon_core.shell:Creating package descriptor '/home/mk/dev_ws/install/zed_wrapper/share/zed_wrapper/package.dsv'
[59.718s] INFO:colcon.colcon_core.shell:Creating package script '/home/mk/dev_ws/install/zed_wrapper/share/zed_wrapper/package.sh'
[59.718s] INFO:colcon.colcon_core.shell:Creating package script '/home/mk/dev_ws/install/zed_wrapper/share/zed_wrapper/package.bash'
[59.719s] INFO:colcon.colcon_core.shell:Creating package script '/home/mk/dev_ws/install/zed_wrapper/share/zed_wrapper/package.zsh'
[59.719s] Level 1:colcon.colcon_core.environment:create_file_with_runtime_dependencies(/home/mk/dev_ws/install/zed_wrapper/share/colcon-core/packages/zed_wrapper)
[59.719s] Level 1:colcon.colcon_core.environment:create_environment_scripts_only(zed_wrapper)
[59.719s] Level 1:colcon.colcon_core.environment:checking '/home/mk/dev_ws/install/zed_wrapper' for CMake module files
[59.719s] Level 1:colcon.colcon_core.environment:checking '/home/mk/dev_ws/install/zed_wrapper' for CMake config files
[59.719s] Level 1:colcon.colcon_core.shell:create_environment_hook('zed_wrapper', 'cmake_prefix_path')
[59.719s] INFO:colcon.colcon_core.shell:Creating environment hook '/home/mk/dev_ws/install/zed_wrapper/share/zed_wrapper/hook/cmake_prefix_path.ps1'
[59.720s] INFO:colcon.colcon_core.shell:Creating environment descriptor '/home/mk/dev_ws/install/zed_wrapper/share/zed_wrapper/hook/cmake_prefix_path.dsv'
[59.720s] INFO:colcon.colcon_core.shell:Creating environment hook '/home/mk/dev_ws/install/zed_wrapper/share/zed_wrapper/hook/cmake_prefix_path.sh'
[59.720s] Level 1:colcon.colcon_core.environment:checking '/home/mk/dev_ws/install/zed_wrapper/lib'
[59.720s] Level 1:colcon.colcon_core.environment:checking '/home/mk/dev_ws/install/zed_wrapper/bin'
[59.720s] Level 1:colcon.colcon_core.environment:checking '/home/mk/dev_ws/install/zed_wrapper/lib/pkgconfig/zed_wrapper.pc'
[59.720s] Level 1:colcon.colcon_core.environment:checking '/home/mk/dev_ws/install/zed_wrapper/lib/python3.10/site-packages'
[59.720s] Level 1:colcon.colcon_core.environment:checking '/home/mk/dev_ws/install/zed_wrapper/bin'
[59.721s] INFO:colcon.colcon_core.shell:Creating package script '/home/mk/dev_ws/install/zed_wrapper/share/zed_wrapper/package.ps1'
[59.721s] INFO:colcon.colcon_core.shell:Creating package descriptor '/home/mk/dev_ws/install/zed_wrapper/share/zed_wrapper/package.dsv'
[59.721s] INFO:colcon.colcon_core.shell:Creating package script '/home/mk/dev_ws/install/zed_wrapper/share/zed_wrapper/package.sh'
[59.721s] INFO:colcon.colcon_core.shell:Creating package script '/home/mk/dev_ws/install/zed_wrapper/share/zed_wrapper/package.bash'
[59.722s] INFO:colcon.colcon_core.shell:Creating package script '/home/mk/dev_ws/install/zed_wrapper/share/zed_wrapper/package.zsh'
[59.722s] Level 1:colcon.colcon_core.environment:create_file_with_runtime_dependencies(/home/mk/dev_ws/install/zed_wrapper/share/colcon-core/packages/zed_wrapper)
[59.722s] INFO:colcon.colcon_ros.task.ament_cmake.build:Building ROS package in '/home/mk/dev_ws/src/zed-ros2-wrapper/zed_ros2' with build type 'ament_cmake'
[59.722s] INFO:colcon.colcon_cmake.task.cmake.build:Building CMake package in '/home/mk/dev_ws/src/zed-ros2-wrapper/zed_ros2'
[59.722s] INFO:colcon.colcon_core.shell:Skip shell extension 'powershell' for command environment: Not usable outside of PowerShell
[59.722s] DEBUG:colcon.colcon_core.shell:Skip shell extension 'dsv' for command environment
[59.730s] DEBUG:colcon.colcon_core.event_handler.log_command:Invoking command in '/home/mk/dev_ws/build/zed_ros2': AMENT_PREFIX_PATH=/home/mk/dev_ws/install/zed_wrapper:/home/mk/dev_ws/install/zed_components:/home/mk/dev_ws/install/zed_interfaces:${AMENT_PREFIX_PATH} CMAKE_PREFIX_PATH=/home/mk/dev_ws/install/zed_wrapper:/home/mk/dev_ws/install/zed_components:/home/mk/dev_ws/install/zed_interfaces:/opt/ros/humble LD_LIBRARY_PATH=/home/mk/dev_ws/install/zed_components/lib:/home/mk/dev_ws/install/zed_interfaces/lib:${LD_LIBRARY_PATH} PYTHONPATH=/home/mk/dev_ws/install/zed_interfaces/local/lib/python3.10/dist-packages:${PYTHONPATH} /usr/bin/cmake /home/mk/dev_ws/src/zed-ros2-wrapper/zed_ros2 -DAMENT_CMAKE_SYMLINK_INSTALL=1 -DCMAKE_INSTALL_PREFIX=/home/mk/dev_ws/install/zed_ros2
[59.961s] DEBUG:colcon.colcon_core.event_handler.log_command:Invoked command in '/home/mk/dev_ws/build/zed_ros2' returned '0': AMENT_PREFIX_PATH=/home/mk/dev_ws/install/zed_wrapper:/home/mk/dev_ws/install/zed_components:/home/mk/dev_ws/install/zed_interfaces:${AMENT_PREFIX_PATH} CMAKE_PREFIX_PATH=/home/mk/dev_ws/install/zed_wrapper:/home/mk/dev_ws/install/zed_components:/home/mk/dev_ws/install/zed_interfaces:/opt/ros/humble LD_LIBRARY_PATH=/home/mk/dev_ws/install/zed_components/lib:/home/mk/dev_ws/install/zed_interfaces/lib:${LD_LIBRARY_PATH} PYTHONPATH=/home/mk/dev_ws/install/zed_interfaces/local/lib/python3.10/dist-packages:${PYTHONPATH} /usr/bin/cmake /home/mk/dev_ws/src/zed-ros2-wrapper/zed_ros2 -DAMENT_CMAKE_SYMLINK_INSTALL=1 -DCMAKE_INSTALL_PREFIX=/home/mk/dev_ws/install/zed_ros2
[59.961s] DEBUG:colcon.colcon_core.event_handler.log_command:Invoking command in '/home/mk/dev_ws/build/zed_ros2': AMENT_PREFIX_PATH=/home/mk/dev_ws/install/zed_wrapper:/home/mk/dev_ws/install/zed_components:/home/mk/dev_ws/install/zed_interfaces:${AMENT_PREFIX_PATH} CMAKE_PREFIX_PATH=/home/mk/dev_ws/install/zed_wrapper:/home/mk/dev_ws/install/zed_components:/home/mk/dev_ws/install/zed_interfaces:/opt/ros/humble LD_LIBRARY_PATH=/home/mk/dev_ws/install/zed_components/lib:/home/mk/dev_ws/install/zed_interfaces/lib:${LD_LIBRARY_PATH} PYTHONPATH=/home/mk/dev_ws/install/zed_interfaces/local/lib/python3.10/dist-packages:${PYTHONPATH} /usr/bin/cmake --build /home/mk/dev_ws/build/zed_ros2 -- -j20 -l20
[59.988s] DEBUG:colcon.colcon_core.event_handler.log_command:Invoked command in '/home/mk/dev_ws/build/zed_ros2' returned '0': AMENT_PREFIX_PATH=/home/mk/dev_ws/install/zed_wrapper:/home/mk/dev_ws/install/zed_components:/home/mk/dev_ws/install/zed_interfaces:${AMENT_PREFIX_PATH} CMAKE_PREFIX_PATH=/home/mk/dev_ws/install/zed_wrapper:/home/mk/dev_ws/install/zed_components:/home/mk/dev_ws/install/zed_interfaces:/opt/ros/humble LD_LIBRARY_PATH=/home/mk/dev_ws/install/zed_components/lib:/home/mk/dev_ws/install/zed_interfaces/lib:${LD_LIBRARY_PATH} PYTHONPATH=/home/mk/dev_ws/install/zed_interfaces/local/lib/python3.10/dist-packages:${PYTHONPATH} /usr/bin/cmake --build /home/mk/dev_ws/build/zed_ros2 -- -j20 -l20
[59.989s] DEBUG:colcon.colcon_core.event_handler.log_command:Invoking command in '/home/mk/dev_ws/build/zed_ros2': AMENT_PREFIX_PATH=/home/mk/dev_ws/install/zed_wrapper:/home/mk/dev_ws/install/zed_components:/home/mk/dev_ws/install/zed_interfaces:${AMENT_PREFIX_PATH} CMAKE_PREFIX_PATH=/home/mk/dev_ws/install/zed_wrapper:/home/mk/dev_ws/install/zed_components:/home/mk/dev_ws/install/zed_interfaces:/opt/ros/humble LD_LIBRARY_PATH=/home/mk/dev_ws/install/zed_components/lib:/home/mk/dev_ws/install/zed_interfaces/lib:${LD_LIBRARY_PATH} PYTHONPATH=/home/mk/dev_ws/install/zed_interfaces/local/lib/python3.10/dist-packages:${PYTHONPATH} /usr/bin/cmake --install /home/mk/dev_ws/build/zed_ros2
[60.072s] Level 1:colcon.colcon_core.environment:create_environment_scripts_only(zed_ros2)
[60.073s] Level 1:colcon.colcon_core.environment:checking '/home/mk/dev_ws/install/zed_ros2' for CMake module files
[60.073s] DEBUG:colcon.colcon_core.event_handler.log_command:Invoked command in '/home/mk/dev_ws/build/zed_ros2' returned '0': AMENT_PREFIX_PATH=/home/mk/dev_ws/install/zed_wrapper:/home/mk/dev_ws/install/zed_components:/home/mk/dev_ws/install/zed_interfaces:${AMENT_PREFIX_PATH} CMAKE_PREFIX_PATH=/home/mk/dev_ws/install/zed_wrapper:/home/mk/dev_ws/install/zed_components:/home/mk/dev_ws/install/zed_interfaces:/opt/ros/humble LD_LIBRARY_PATH=/home/mk/dev_ws/install/zed_components/lib:/home/mk/dev_ws/install/zed_interfaces/lib:${LD_LIBRARY_PATH} PYTHONPATH=/home/mk/dev_ws/install/zed_interfaces/local/lib/python3.10/dist-packages:${PYTHONPATH} /usr/bin/cmake --install /home/mk/dev_ws/build/zed_ros2
[60.073s] Level 1:colcon.colcon_core.environment:checking '/home/mk/dev_ws/install/zed_ros2' for CMake config files
[60.074s] Level 1:colcon.colcon_core.shell:create_environment_hook('zed_ros2', 'cmake_prefix_path')
[60.074s] INFO:colcon.colcon_core.shell:Creating environment hook '/home/mk/dev_ws/install/zed_ros2/share/zed_ros2/hook/cmake_prefix_path.ps1'
[60.074s] INFO:colcon.colcon_core.shell:Creating environment descriptor '/home/mk/dev_ws/install/zed_ros2/share/zed_ros2/hook/cmake_prefix_path.dsv'
[60.074s] INFO:colcon.colcon_core.shell:Creating environment hook '/home/mk/dev_ws/install/zed_ros2/share/zed_ros2/hook/cmake_prefix_path.sh'
[60.075s] Level 1:colcon.colcon_core.environment:checking '/home/mk/dev_ws/install/zed_ros2/bin'
[60.075s] Level 1:colcon.colcon_core.environment:checking '/home/mk/dev_ws/install/zed_ros2/lib/pkgconfig/zed_ros2.pc'
[60.075s] Level 1:colcon.colcon_core.environment:checking '/home/mk/dev_ws/install/zed_ros2/lib/python3.10/site-packages'
[60.075s] Level 1:colcon.colcon_core.environment:checking '/home/mk/dev_ws/install/zed_ros2/bin'
[60.076s] INFO:colcon.colcon_core.shell:Creating package script '/home/mk/dev_ws/install/zed_ros2/share/zed_ros2/package.ps1'
[60.076s] INFO:colcon.colcon_core.shell:Creating package descriptor '/home/mk/dev_ws/install/zed_ros2/share/zed_ros2/package.dsv'
[60.076s] INFO:colcon.colcon_core.shell:Creating package script '/home/mk/dev_ws/install/zed_ros2/share/zed_ros2/package.sh'
[60.077s] INFO:colcon.colcon_core.shell:Creating package script '/home/mk/dev_ws/install/zed_ros2/share/zed_ros2/package.bash'
[60.077s] INFO:colcon.colcon_core.shell:Creating package script '/home/mk/dev_ws/install/zed_ros2/share/zed_ros2/package.zsh'
[60.077s] Level 1:colcon.colcon_core.environment:create_file_with_runtime_dependencies(/home/mk/dev_ws/install/zed_ros2/share/colcon-core/packages/zed_ros2)
[60.078s] Level 1:colcon.colcon_core.environment:create_environment_scripts_only(zed_ros2)
[60.078s] Level 1:colcon.colcon_core.environment:checking '/home/mk/dev_ws/install/zed_ros2' for CMake module files
[60.078s] Level 1:colcon.colcon_core.environment:checking '/home/mk/dev_ws/install/zed_ros2' for CMake config files
[60.079s] Level 1:colcon.colcon_core.shell:create_environment_hook('zed_ros2', 'cmake_prefix_path')
[60.079s] INFO:colcon.colcon_core.shell:Creating environment hook '/home/mk/dev_ws/install/zed_ros2/share/zed_ros2/hook/cmake_prefix_path.ps1'
[60.079s] INFO:colcon.colcon_core.shell:Creating environment descriptor '/home/mk/dev_ws/install/zed_ros2/share/zed_ros2/hook/cmake_prefix_path.dsv'
[60.079s] INFO:colcon.colcon_core.shell:Creating environment hook '/home/mk/dev_ws/install/zed_ros2/share/zed_ros2/hook/cmake_prefix_path.sh'
[60.080s] Level 1:colcon.colcon_core.environment:checking '/home/mk/dev_ws/install/zed_ros2/bin'
[60.080s] Level 1:colcon.colcon_core.environment:checking '/home/mk/dev_ws/install/zed_ros2/lib/pkgconfig/zed_ros2.pc'
[60.080s] Level 1:colcon.colcon_core.environment:checking '/home/mk/dev_ws/install/zed_ros2/lib/python3.10/site-packages'
[60.080s] Level 1:colcon.colcon_core.environment:checking '/home/mk/dev_ws/install/zed_ros2/bin'
[60.081s] INFO:colcon.colcon_core.shell:Creating package script '/home/mk/dev_ws/install/zed_ros2/share/zed_ros2/package.ps1'
[60.081s] INFO:colcon.colcon_core.shell:Creating package descriptor '/home/mk/dev_ws/install/zed_ros2/share/zed_ros2/package.dsv'
[60.082s] INFO:colcon.colcon_core.shell:Creating package script '/home/mk/dev_ws/install/zed_ros2/share/zed_ros2/package.sh'
[60.082s] INFO:colcon.colcon_core.shell:Creating package script '/home/mk/dev_ws/install/zed_ros2/share/zed_ros2/package.bash'
[60.082s] INFO:colcon.colcon_core.shell:Creating package script '/home/mk/dev_ws/install/zed_ros2/share/zed_ros2/package.zsh'
[60.083s] Level 1:colcon.colcon_core.environment:create_file_with_runtime_dependencies(/home/mk/dev_ws/install/zed_ros2/share/colcon-core/packages/zed_ros2)
[64.804s] DEBUG:colcon.colcon_core.event_handler.log_command:Invoked command in '/home/mk/dev_ws/build/xarm_gazebo' returned '0': AMENT_PREFIX_PATH=/home/mk/dev_ws/install/xarm_controller:/home/mk/dev_ws/install/xarm_api:/home/mk/dev_ws/install/xarm_sdk:/home/mk/dev_ws/install/xarm_msgs:/home/mk/dev_ws/install/xarm_description:/home/mk/dev_ws/install/uf_ros_lib:${AMENT_PREFIX_PATH} CMAKE_PREFIX_PATH=/home/mk/dev_ws/install/xarm_controller:/home/mk/dev_ws/install/xarm_api:/home/mk/dev_ws/install/xarm_sdk:/home/mk/dev_ws/install/xarm_msgs:/home/mk/dev_ws/install/xarm_description:/opt/ros/humble LD_LIBRARY_PATH=/home/mk/dev_ws/install/xarm_controller/lib:/home/mk/dev_ws/install/xarm_api/lib:/home/mk/dev_ws/install/xarm_sdk/lib:/home/mk/dev_ws/install/xarm_msgs/lib:${LD_LIBRARY_PATH} PYTHONPATH=/home/mk/dev_ws/install/xarm_msgs/local/lib/python3.10/dist-packages:/home/mk/dev_ws/build/uf_ros_lib:/home/mk/dev_ws/install/uf_ros_lib/lib/python3.10/site-packages:${PYTHONPATH} /usr/bin/cmake --build /home/mk/dev_ws/build/xarm_gazebo -- -j20 -l20
[64.806s] DEBUG:colcon.colcon_core.event_handler.log_command:Invoking command in '/home/mk/dev_ws/build/xarm_gazebo': AMENT_PREFIX_PATH=/home/mk/dev_ws/install/xarm_controller:/home/mk/dev_ws/install/xarm_api:/home/mk/dev_ws/install/xarm_sdk:/home/mk/dev_ws/install/xarm_msgs:/home/mk/dev_ws/install/xarm_description:/home/mk/dev_ws/install/uf_ros_lib:${AMENT_PREFIX_PATH} CMAKE_PREFIX_PATH=/home/mk/dev_ws/install/xarm_controller:/home/mk/dev_ws/install/xarm_api:/home/mk/dev_ws/install/xarm_sdk:/home/mk/dev_ws/install/xarm_msgs:/home/mk/dev_ws/install/xarm_description:/opt/ros/humble LD_LIBRARY_PATH=/home/mk/dev_ws/install/xarm_controller/lib:/home/mk/dev_ws/install/xarm_api/lib:/home/mk/dev_ws/install/xarm_sdk/lib:/home/mk/dev_ws/install/xarm_msgs/lib:${LD_LIBRARY_PATH} PYTHONPATH=/home/mk/dev_ws/install/xarm_msgs/local/lib/python3.10/dist-packages:/home/mk/dev_ws/build/uf_ros_lib:/home/mk/dev_ws/install/uf_ros_lib/lib/python3.10/site-packages:${PYTHONPATH} /usr/bin/cmake --install /home/mk/dev_ws/build/xarm_gazebo
[64.941s] Level 1:colcon.colcon_core.environment:create_environment_scripts_only(xarm_gazebo)
[64.942s] Level 1:colcon.colcon_core.environment:checking '/home/mk/dev_ws/install/xarm_gazebo' for CMake module files
[64.942s] DEBUG:colcon.colcon_core.event_handler.log_command:Invoked command in '/home/mk/dev_ws/build/xarm_gazebo' returned '0': AMENT_PREFIX_PATH=/home/mk/dev_ws/install/xarm_controller:/home/mk/dev_ws/install/xarm_api:/home/mk/dev_ws/install/xarm_sdk:/home/mk/dev_ws/install/xarm_msgs:/home/mk/dev_ws/install/xarm_description:/home/mk/dev_ws/install/uf_ros_lib:${AMENT_PREFIX_PATH} CMAKE_PREFIX_PATH=/home/mk/dev_ws/install/xarm_controller:/home/mk/dev_ws/install/xarm_api:/home/mk/dev_ws/install/xarm_sdk:/home/mk/dev_ws/install/xarm_msgs:/home/mk/dev_ws/install/xarm_description:/opt/ros/humble LD_LIBRARY_PATH=/home/mk/dev_ws/install/xarm_controller/lib:/home/mk/dev_ws/install/xarm_api/lib:/home/mk/dev_ws/install/xarm_sdk/lib:/home/mk/dev_ws/install/xarm_msgs/lib:${LD_LIBRARY_PATH} PYTHONPATH=/home/mk/dev_ws/install/xarm_msgs/local/lib/python3.10/dist-packages:/home/mk/dev_ws/build/uf_ros_lib:/home/mk/dev_ws/install/uf_ros_lib/lib/python3.10/site-packages:${PYTHONPATH} /usr/bin/cmake --install /home/mk/dev_ws/build/xarm_gazebo
[64.942s] Level 1:colcon.colcon_core.environment:checking '/home/mk/dev_ws/install/xarm_gazebo' for CMake config files
[64.942s] Level 1:colcon.colcon_core.shell:create_environment_hook('xarm_gazebo', 'cmake_prefix_path')
[64.942s] INFO:colcon.colcon_core.shell:Creating environment hook '/home/mk/dev_ws/install/xarm_gazebo/share/xarm_gazebo/hook/cmake_prefix_path.ps1'
[64.943s] INFO:colcon.colcon_core.shell:Creating environment descriptor '/home/mk/dev_ws/install/xarm_gazebo/share/xarm_gazebo/hook/cmake_prefix_path.dsv'
[64.943s] INFO:colcon.colcon_core.shell:Creating environment hook '/home/mk/dev_ws/install/xarm_gazebo/share/xarm_gazebo/hook/cmake_prefix_path.sh'
[64.943s] Level 1:colcon.colcon_core.environment:checking '/home/mk/dev_ws/install/xarm_gazebo/lib'
[64.943s] Level 1:colcon.colcon_core.shell:create_environment_hook('xarm_gazebo', 'ld_library_path_lib')
[64.943s] INFO:colcon.colcon_core.shell:Creating environment hook '/home/mk/dev_ws/install/xarm_gazebo/share/xarm_gazebo/hook/ld_library_path_lib.ps1'
[64.943s] INFO:colcon.colcon_core.shell:Creating environment descriptor '/home/mk/dev_ws/install/xarm_gazebo/share/xarm_gazebo/hook/ld_library_path_lib.dsv'
[64.944s] INFO:colcon.colcon_core.shell:Creating environment hook '/home/mk/dev_ws/install/xarm_gazebo/share/xarm_gazebo/hook/ld_library_path_lib.sh'
[64.944s] Level 1:colcon.colcon_core.environment:checking '/home/mk/dev_ws/install/xarm_gazebo/bin'
[64.944s] Level 1:colcon.colcon_core.environment:checking '/home/mk/dev_ws/install/xarm_gazebo/lib/pkgconfig/xarm_gazebo.pc'
[64.944s] Level 1:colcon.colcon_core.environment:checking '/home/mk/dev_ws/install/xarm_gazebo/lib/python3.10/site-packages'
[64.944s] Level 1:colcon.colcon_core.environment:checking '/home/mk/dev_ws/install/xarm_gazebo/bin'
[64.944s] INFO:colcon.colcon_core.shell:Creating package script '/home/mk/dev_ws/install/xarm_gazebo/share/xarm_gazebo/package.ps1'
[64.944s] INFO:colcon.colcon_core.shell:Creating package descriptor '/home/mk/dev_ws/install/xarm_gazebo/share/xarm_gazebo/package.dsv'
[64.945s] INFO:colcon.colcon_core.shell:Creating package script '/home/mk/dev_ws/install/xarm_gazebo/share/xarm_gazebo/package.sh'
[64.945s] INFO:colcon.colcon_core.shell:Creating package script '/home/mk/dev_ws/install/xarm_gazebo/share/xarm_gazebo/package.bash'
[64.945s] INFO:colcon.colcon_core.shell:Creating package script '/home/mk/dev_ws/install/xarm_gazebo/share/xarm_gazebo/package.zsh'
[64.945s] Level 1:colcon.colcon_core.environment:create_file_with_runtime_dependencies(/home/mk/dev_ws/install/xarm_gazebo/share/colcon-core/packages/xarm_gazebo)
[64.945s] Level 1:colcon.colcon_core.environment:create_environment_scripts_only(xarm_gazebo)
[64.946s] Level 1:colcon.colcon_core.environment:checking '/home/mk/dev_ws/install/xarm_gazebo' for CMake module files
[64.946s] Level 1:colcon.colcon_core.environment:checking '/home/mk/dev_ws/install/xarm_gazebo' for CMake config files
[64.946s] Level 1:colcon.colcon_core.shell:create_environment_hook('xarm_gazebo', 'cmake_prefix_path')
[64.946s] INFO:colcon.colcon_core.shell:Creating environment hook '/home/mk/dev_ws/install/xarm_gazebo/share/xarm_gazebo/hook/cmake_prefix_path.ps1'
[64.946s] INFO:colcon.colcon_core.shell:Creating environment descriptor '/home/mk/dev_ws/install/xarm_gazebo/share/xarm_gazebo/hook/cmake_prefix_path.dsv'
[64.946s] INFO:colcon.colcon_core.shell:Creating environment hook '/home/mk/dev_ws/install/xarm_gazebo/share/xarm_gazebo/hook/cmake_prefix_path.sh'
[64.947s] Level 1:colcon.colcon_core.environment:checking '/home/mk/dev_ws/install/xarm_gazebo/lib'
[64.947s] Level 1:colcon.colcon_core.shell:create_environment_hook('xarm_gazebo', 'ld_library_path_lib')
[64.947s] INFO:colcon.colcon_core.shell:Creating environment hook '/home/mk/dev_ws/install/xarm_gazebo/share/xarm_gazebo/hook/ld_library_path_lib.ps1'
[64.947s] INFO:colcon.colcon_core.shell:Creating environment descriptor '/home/mk/dev_ws/install/xarm_gazebo/share/xarm_gazebo/hook/ld_library_path_lib.dsv'
[64.947s] INFO:colcon.colcon_core.shell:Creating environment hook '/home/mk/dev_ws/install/xarm_gazebo/share/xarm_gazebo/hook/ld_library_path_lib.sh'
[64.947s] Level 1:colcon.colcon_core.environment:checking '/home/mk/dev_ws/install/xarm_gazebo/bin'
[64.947s] Level 1:colcon.colcon_core.environment:checking '/home/mk/dev_ws/install/xarm_gazebo/lib/pkgconfig/xarm_gazebo.pc'
[64.948s] Level 1:colcon.colcon_core.environment:checking '/home/mk/dev_ws/install/xarm_gazebo/lib/python3.10/site-packages'
[64.948s] Level 1:colcon.colcon_core.environment:checking '/home/mk/dev_ws/install/xarm_gazebo/bin'
[64.948s] INFO:colcon.colcon_core.shell:Creating package script '/home/mk/dev_ws/install/xarm_gazebo/share/xarm_gazebo/package.ps1'
[64.948s] INFO:colcon.colcon_core.shell:Creating package descriptor '/home/mk/dev_ws/install/xarm_gazebo/share/xarm_gazebo/package.dsv'
[64.948s] INFO:colcon.colcon_core.shell:Creating package script '/home/mk/dev_ws/install/xarm_gazebo/share/xarm_gazebo/package.sh'
[64.949s] INFO:colcon.colcon_core.shell:Creating package script '/home/mk/dev_ws/install/xarm_gazebo/share/xarm_gazebo/package.bash'
[64.949s] INFO:colcon.colcon_core.shell:Creating package script '/home/mk/dev_ws/install/xarm_gazebo/share/xarm_gazebo/package.zsh'
[64.949s] Level 1:colcon.colcon_core.environment:create_file_with_runtime_dependencies(/home/mk/dev_ws/install/xarm_gazebo/share/colcon-core/packages/xarm_gazebo)
[64.949s] INFO:colcon.colcon_ros.task.ament_cmake.build:Building ROS package in '/home/mk/dev_ws/src/xarm_ros2/xarm_moveit_config' with build type 'ament_cmake'
[64.949s] INFO:colcon.colcon_cmake.task.cmake.build:Building CMake package in '/home/mk/dev_ws/src/xarm_ros2/xarm_moveit_config'
[64.949s] INFO:colcon.colcon_core.shell:Skip shell extension 'powershell' for command environment: Not usable outside of PowerShell
[64.949s] DEBUG:colcon.colcon_core.shell:Skip shell extension 'dsv' for command environment
[64.961s] DEBUG:colcon.colcon_core.event_handler.log_command:Invoking command in '/home/mk/dev_ws/build/xarm_moveit_config': AMENT_PREFIX_PATH=/home/mk/dev_ws/install/xarm_gazebo:/home/mk/dev_ws/install/xarm_controller:/home/mk/dev_ws/install/xarm_api:/home/mk/dev_ws/install/xarm_sdk:/home/mk/dev_ws/install/xarm_msgs:/home/mk/dev_ws/install/xarm_description:/home/mk/dev_ws/install/uf_ros_lib:${AMENT_PREFIX_PATH} CMAKE_PREFIX_PATH=/home/mk/dev_ws/install/xarm_gazebo:/home/mk/dev_ws/install/xarm_controller:/home/mk/dev_ws/install/xarm_api:/home/mk/dev_ws/install/xarm_sdk:/home/mk/dev_ws/install/xarm_msgs:/home/mk/dev_ws/install/xarm_description:/opt/ros/humble LD_LIBRARY_PATH=/home/mk/dev_ws/install/xarm_gazebo/lib:/home/mk/dev_ws/install/xarm_controller/lib:/home/mk/dev_ws/install/xarm_api/lib:/home/mk/dev_ws/install/xarm_sdk/lib:/home/mk/dev_ws/install/xarm_msgs/lib:${LD_LIBRARY_PATH} PYTHONPATH=/home/mk/dev_ws/install/xarm_msgs/local/lib/python3.10/dist-packages:/home/mk/dev_ws/build/uf_ros_lib:/home/mk/dev_ws/install/uf_ros_lib/lib/python3.10/site-packages:${PYTHONPATH} /usr/bin/cmake /home/mk/dev_ws/src/xarm_ros2/xarm_moveit_config -DAMENT_CMAKE_SYMLINK_INSTALL=1 -DCMAKE_INSTALL_PREFIX=/home/mk/dev_ws/install/xarm_moveit_config
[65.349s] DEBUG:colcon.colcon_core.event_handler.log_command:Invoked command in '/home/mk/dev_ws/build/xarm_moveit_config' returned '0': AMENT_PREFIX_PATH=/home/mk/dev_ws/install/xarm_gazebo:/home/mk/dev_ws/install/xarm_controller:/home/mk/dev_ws/install/xarm_api:/home/mk/dev_ws/install/xarm_sdk:/home/mk/dev_ws/install/xarm_msgs:/home/mk/dev_ws/install/xarm_description:/home/mk/dev_ws/install/uf_ros_lib:${AMENT_PREFIX_PATH} CMAKE_PREFIX_PATH=/home/mk/dev_ws/install/xarm_gazebo:/home/mk/dev_ws/install/xarm_controller:/home/mk/dev_ws/install/xarm_api:/home/mk/dev_ws/install/xarm_sdk:/home/mk/dev_ws/install/xarm_msgs:/home/mk/dev_ws/install/xarm_description:/opt/ros/humble LD_LIBRARY_PATH=/home/mk/dev_ws/install/xarm_gazebo/lib:/home/mk/dev_ws/install/xarm_controller/lib:/home/mk/dev_ws/install/xarm_api/lib:/home/mk/dev_ws/install/xarm_sdk/lib:/home/mk/dev_ws/install/xarm_msgs/lib:${LD_LIBRARY_PATH} PYTHONPATH=/home/mk/dev_ws/install/xarm_msgs/local/lib/python3.10/dist-packages:/home/mk/dev_ws/build/uf_ros_lib:/home/mk/dev_ws/install/uf_ros_lib/lib/python3.10/site-packages:${PYTHONPATH} /usr/bin/cmake /home/mk/dev_ws/src/xarm_ros2/xarm_moveit_config -DAMENT_CMAKE_SYMLINK_INSTALL=1 -DCMAKE_INSTALL_PREFIX=/home/mk/dev_ws/install/xarm_moveit_config
[65.349s] DEBUG:colcon.colcon_core.event_handler.log_command:Invoking command in '/home/mk/dev_ws/build/xarm_moveit_config': AMENT_PREFIX_PATH=/home/mk/dev_ws/install/xarm_gazebo:/home/mk/dev_ws/install/xarm_controller:/home/mk/dev_ws/install/xarm_api:/home/mk/dev_ws/install/xarm_sdk:/home/mk/dev_ws/install/xarm_msgs:/home/mk/dev_ws/install/xarm_description:/home/mk/dev_ws/install/uf_ros_lib:${AMENT_PREFIX_PATH} CMAKE_PREFIX_PATH=/home/mk/dev_ws/install/xarm_gazebo:/home/mk/dev_ws/install/xarm_controller:/home/mk/dev_ws/install/xarm_api:/home/mk/dev_ws/install/xarm_sdk:/home/mk/dev_ws/install/xarm_msgs:/home/mk/dev_ws/install/xarm_description:/opt/ros/humble LD_LIBRARY_PATH=/home/mk/dev_ws/install/xarm_gazebo/lib:/home/mk/dev_ws/install/xarm_controller/lib:/home/mk/dev_ws/install/xarm_api/lib:/home/mk/dev_ws/install/xarm_sdk/lib:/home/mk/dev_ws/install/xarm_msgs/lib:${LD_LIBRARY_PATH} PYTHONPATH=/home/mk/dev_ws/install/xarm_msgs/local/lib/python3.10/dist-packages:/home/mk/dev_ws/build/uf_ros_lib:/home/mk/dev_ws/install/uf_ros_lib/lib/python3.10/site-packages:${PYTHONPATH} /usr/bin/cmake --build /home/mk/dev_ws/build/xarm_moveit_config -- -j20 -l20
[65.373s] DEBUG:colcon.colcon_core.event_handler.log_command:Invoked command in '/home/mk/dev_ws/build/xarm_moveit_config' returned '0': AMENT_PREFIX_PATH=/home/mk/dev_ws/install/xarm_gazebo:/home/mk/dev_ws/install/xarm_controller:/home/mk/dev_ws/install/xarm_api:/home/mk/dev_ws/install/xarm_sdk:/home/mk/dev_ws/install/xarm_msgs:/home/mk/dev_ws/install/xarm_description:/home/mk/dev_ws/install/uf_ros_lib:${AMENT_PREFIX_PATH} CMAKE_PREFIX_PATH=/home/mk/dev_ws/install/xarm_gazebo:/home/mk/dev_ws/install/xarm_controller:/home/mk/dev_ws/install/xarm_api:/home/mk/dev_ws/install/xarm_sdk:/home/mk/dev_ws/install/xarm_msgs:/home/mk/dev_ws/install/xarm_description:/opt/ros/humble LD_LIBRARY_PATH=/home/mk/dev_ws/install/xarm_gazebo/lib:/home/mk/dev_ws/install/xarm_controller/lib:/home/mk/dev_ws/install/xarm_api/lib:/home/mk/dev_ws/install/xarm_sdk/lib:/home/mk/dev_ws/install/xarm_msgs/lib:${LD_LIBRARY_PATH} PYTHONPATH=/home/mk/dev_ws/install/xarm_msgs/local/lib/python3.10/dist-packages:/home/mk/dev_ws/build/uf_ros_lib:/home/mk/dev_ws/install/uf_ros_lib/lib/python3.10/site-packages:${PYTHONPATH} /usr/bin/cmake --build /home/mk/dev_ws/build/xarm_moveit_config -- -j20 -l20
[65.373s] DEBUG:colcon.colcon_core.event_handler.log_command:Invoking command in '/home/mk/dev_ws/build/xarm_moveit_config': AMENT_PREFIX_PATH=/home/mk/dev_ws/install/xarm_gazebo:/home/mk/dev_ws/install/xarm_controller:/home/mk/dev_ws/install/xarm_api:/home/mk/dev_ws/install/xarm_sdk:/home/mk/dev_ws/install/xarm_msgs:/home/mk/dev_ws/install/xarm_description:/home/mk/dev_ws/install/uf_ros_lib:${AMENT_PREFIX_PATH} CMAKE_PREFIX_PATH=/home/mk/dev_ws/install/xarm_gazebo:/home/mk/dev_ws/install/xarm_controller:/home/mk/dev_ws/install/xarm_api:/home/mk/dev_ws/install/xarm_sdk:/home/mk/dev_ws/install/xarm_msgs:/home/mk/dev_ws/install/xarm_description:/opt/ros/humble LD_LIBRARY_PATH=/home/mk/dev_ws/install/xarm_gazebo/lib:/home/mk/dev_ws/install/xarm_controller/lib:/home/mk/dev_ws/install/xarm_api/lib:/home/mk/dev_ws/install/xarm_sdk/lib:/home/mk/dev_ws/install/xarm_msgs/lib:${LD_LIBRARY_PATH} PYTHONPATH=/home/mk/dev_ws/install/xarm_msgs/local/lib/python3.10/dist-packages:/home/mk/dev_ws/build/uf_ros_lib:/home/mk/dev_ws/install/uf_ros_lib/lib/python3.10/site-packages:${PYTHONPATH} /usr/bin/cmake --install /home/mk/dev_ws/build/xarm_moveit_config
[65.988s] Level 1:colcon.colcon_core.environment:create_environment_scripts_only(xarm_moveit_config)
[65.989s] Level 1:colcon.colcon_core.environment:checking '/home/mk/dev_ws/install/xarm_moveit_config' for CMake module files
[65.989s] DEBUG:colcon.colcon_core.event_handler.log_command:Invoked command in '/home/mk/dev_ws/build/xarm_moveit_config' returned '0': AMENT_PREFIX_PATH=/home/mk/dev_ws/install/xarm_gazebo:/home/mk/dev_ws/install/xarm_controller:/home/mk/dev_ws/install/xarm_api:/home/mk/dev_ws/install/xarm_sdk:/home/mk/dev_ws/install/xarm_msgs:/home/mk/dev_ws/install/xarm_description:/home/mk/dev_ws/install/uf_ros_lib:${AMENT_PREFIX_PATH} CMAKE_PREFIX_PATH=/home/mk/dev_ws/install/xarm_gazebo:/home/mk/dev_ws/install/xarm_controller:/home/mk/dev_ws/install/xarm_api:/home/mk/dev_ws/install/xarm_sdk:/home/mk/dev_ws/install/xarm_msgs:/home/mk/dev_ws/install/xarm_description:/opt/ros/humble LD_LIBRARY_PATH=/home/mk/dev_ws/install/xarm_gazebo/lib:/home/mk/dev_ws/install/xarm_controller/lib:/home/mk/dev_ws/install/xarm_api/lib:/home/mk/dev_ws/install/xarm_sdk/lib:/home/mk/dev_ws/install/xarm_msgs/lib:${LD_LIBRARY_PATH} PYTHONPATH=/home/mk/dev_ws/install/xarm_msgs/local/lib/python3.10/dist-packages:/home/mk/dev_ws/build/uf_ros_lib:/home/mk/dev_ws/install/uf_ros_lib/lib/python3.10/site-packages:${PYTHONPATH} /usr/bin/cmake --install /home/mk/dev_ws/build/xarm_moveit_config
[65.989s] Level 1:colcon.colcon_core.environment:checking '/home/mk/dev_ws/install/xarm_moveit_config' for CMake config files
[65.990s] Level 1:colcon.colcon_core.shell:create_environment_hook('xarm_moveit_config', 'cmake_prefix_path')
[65.990s] INFO:colcon.colcon_core.shell:Creating environment hook '/home/mk/dev_ws/install/xarm_moveit_config/share/xarm_moveit_config/hook/cmake_prefix_path.ps1'
[65.990s] INFO:colcon.colcon_core.shell:Creating environment descriptor '/home/mk/dev_ws/install/xarm_moveit_config/share/xarm_moveit_config/hook/cmake_prefix_path.dsv'
[65.990s] INFO:colcon.colcon_core.shell:Creating environment hook '/home/mk/dev_ws/install/xarm_moveit_config/share/xarm_moveit_config/hook/cmake_prefix_path.sh'
[65.991s] Level 1:colcon.colcon_core.environment:checking '/home/mk/dev_ws/install/xarm_moveit_config/bin'
[65.991s] Level 1:colcon.colcon_core.environment:checking '/home/mk/dev_ws/install/xarm_moveit_config/lib/pkgconfig/xarm_moveit_config.pc'
[65.991s] Level 1:colcon.colcon_core.environment:checking '/home/mk/dev_ws/install/xarm_moveit_config/lib/python3.10/site-packages'
[65.991s] Level 1:colcon.colcon_core.environment:checking '/home/mk/dev_ws/install/xarm_moveit_config/bin'
[65.991s] INFO:colcon.colcon_core.shell:Creating package script '/home/mk/dev_ws/install/xarm_moveit_config/share/xarm_moveit_config/package.ps1'
[65.991s] INFO:colcon.colcon_core.shell:Creating package descriptor '/home/mk/dev_ws/install/xarm_moveit_config/share/xarm_moveit_config/package.dsv'
[65.992s] INFO:colcon.colcon_core.shell:Creating package script '/home/mk/dev_ws/install/xarm_moveit_config/share/xarm_moveit_config/package.sh'
[65.992s] INFO:colcon.colcon_core.shell:Creating package script '/home/mk/dev_ws/install/xarm_moveit_config/share/xarm_moveit_config/package.bash'
[65.992s] INFO:colcon.colcon_core.shell:Creating package script '/home/mk/dev_ws/install/xarm_moveit_config/share/xarm_moveit_config/package.zsh'
[65.992s] Level 1:colcon.colcon_core.environment:create_file_with_runtime_dependencies(/home/mk/dev_ws/install/xarm_moveit_config/share/colcon-core/packages/xarm_moveit_config)
[65.992s] Level 1:colcon.colcon_core.environment:create_environment_scripts_only(xarm_moveit_config)
[65.992s] Level 1:colcon.colcon_core.environment:checking '/home/mk/dev_ws/install/xarm_moveit_config' for CMake module files
[65.993s] Level 1:colcon.colcon_core.environment:checking '/home/mk/dev_ws/install/xarm_moveit_config' for CMake config files
[65.993s] Level 1:colcon.colcon_core.shell:create_environment_hook('xarm_moveit_config', 'cmake_prefix_path')
[65.993s] INFO:colcon.colcon_core.shell:Creating environment hook '/home/mk/dev_ws/install/xarm_moveit_config/share/xarm_moveit_config/hook/cmake_prefix_path.ps1'
[65.994s] INFO:colcon.colcon_core.shell:Creating environment descriptor '/home/mk/dev_ws/install/xarm_moveit_config/share/xarm_moveit_config/hook/cmake_prefix_path.dsv'
[65.994s] INFO:colcon.colcon_core.shell:Creating environment hook '/home/mk/dev_ws/install/xarm_moveit_config/share/xarm_moveit_config/hook/cmake_prefix_path.sh'
[65.994s] Level 1:colcon.colcon_core.environment:checking '/home/mk/dev_ws/install/xarm_moveit_config/bin'
[65.994s] Level 1:colcon.colcon_core.environment:checking '/home/mk/dev_ws/install/xarm_moveit_config/lib/pkgconfig/xarm_moveit_config.pc'
[65.994s] Level 1:colcon.colcon_core.environment:checking '/home/mk/dev_ws/install/xarm_moveit_config/lib/python3.10/site-packages'
[65.994s] Level 1:colcon.colcon_core.environment:checking '/home/mk/dev_ws/install/xarm_moveit_config/bin'
[65.994s] INFO:colcon.colcon_core.shell:Creating package script '/home/mk/dev_ws/install/xarm_moveit_config/share/xarm_moveit_config/package.ps1'
[65.995s] INFO:colcon.colcon_core.shell:Creating package descriptor '/home/mk/dev_ws/install/xarm_moveit_config/share/xarm_moveit_config/package.dsv'
[65.995s] INFO:colcon.colcon_core.shell:Creating package script '/home/mk/dev_ws/install/xarm_moveit_config/share/xarm_moveit_config/package.sh'
[65.995s] INFO:colcon.colcon_core.shell:Creating package script '/home/mk/dev_ws/install/xarm_moveit_config/share/xarm_moveit_config/package.bash'
[65.995s] INFO:colcon.colcon_core.shell:Creating package script '/home/mk/dev_ws/install/xarm_moveit_config/share/xarm_moveit_config/package.zsh'
[65.995s] Level 1:colcon.colcon_core.environment:create_file_with_runtime_dependencies(/home/mk/dev_ws/install/xarm_moveit_config/share/colcon-core/packages/xarm_moveit_config)
[65.996s] INFO:colcon.colcon_ros.task.ament_cmake.build:Building ROS package in '/home/mk/dev_ws/src/xarm_ros2/xarm_moveit_servo' with build type 'ament_cmake'
[65.996s] INFO:colcon.colcon_cmake.task.cmake.build:Building CMake package in '/home/mk/dev_ws/src/xarm_ros2/xarm_moveit_servo'
[65.996s] INFO:colcon.colcon_core.shell:Skip shell extension 'powershell' for command environment: Not usable outside of PowerShell
[65.996s] DEBUG:colcon.colcon_core.shell:Skip shell extension 'dsv' for command environment
[65.998s] INFO:colcon.colcon_ros.task.ament_cmake.build:Building ROS package in '/home/mk/dev_ws/src/xarm_ros2/xarm_planner' with build type 'ament_cmake'
[65.998s] INFO:colcon.colcon_cmake.task.cmake.build:Building CMake package in '/home/mk/dev_ws/src/xarm_ros2/xarm_planner'
[65.998s] INFO:colcon.colcon_core.shell:Skip shell extension 'powershell' for command environment: Not usable outside of PowerShell
[65.998s] DEBUG:colcon.colcon_core.shell:Skip shell extension 'dsv' for command environment
[66.010s] DEBUG:colcon.colcon_core.event_handler.log_command:Invoking command in '/home/mk/dev_ws/build/xarm_planner': AMENT_PREFIX_PATH=/home/mk/dev_ws/install/xarm_moveit_config:/home/mk/dev_ws/install/xarm_gazebo:/home/mk/dev_ws/install/xarm_controller:/home/mk/dev_ws/install/xarm_api:/home/mk/dev_ws/install/xarm_sdk:/home/mk/dev_ws/install/xarm_msgs:/home/mk/dev_ws/install/xarm_description:/home/mk/dev_ws/install/uf_ros_lib:${AMENT_PREFIX_PATH} CMAKE_PREFIX_PATH=/home/mk/dev_ws/install/xarm_moveit_config:/home/mk/dev_ws/install/xarm_gazebo:/home/mk/dev_ws/install/xarm_controller:/home/mk/dev_ws/install/xarm_api:/home/mk/dev_ws/install/xarm_sdk:/home/mk/dev_ws/install/xarm_msgs:/home/mk/dev_ws/install/xarm_description:/opt/ros/humble LD_LIBRARY_PATH=/home/mk/dev_ws/install/xarm_gazebo/lib:/home/mk/dev_ws/install/xarm_controller/lib:/home/mk/dev_ws/install/xarm_api/lib:/home/mk/dev_ws/install/xarm_sdk/lib:/home/mk/dev_ws/install/xarm_msgs/lib:${LD_LIBRARY_PATH} PYTHONPATH=/home/mk/dev_ws/install/xarm_msgs/local/lib/python3.10/dist-packages:/home/mk/dev_ws/build/uf_ros_lib:/home/mk/dev_ws/install/uf_ros_lib/lib/python3.10/site-packages:${PYTHONPATH} /usr/bin/cmake /home/mk/dev_ws/src/xarm_ros2/xarm_planner -DAMENT_CMAKE_SYMLINK_INSTALL=1 -DCMAKE_INSTALL_PREFIX=/home/mk/dev_ws/install/xarm_planner
[66.011s] DEBUG:colcon.colcon_core.event_handler.log_command:Invoking command in '/home/mk/dev_ws/build/xarm_moveit_servo': AMENT_PREFIX_PATH=/home/mk/dev_ws/install/xarm_moveit_config:/home/mk/dev_ws/install/xarm_gazebo:/home/mk/dev_ws/install/xarm_controller:/home/mk/dev_ws/install/xarm_api:/home/mk/dev_ws/install/xarm_sdk:/home/mk/dev_ws/install/xarm_msgs:/home/mk/dev_ws/install/xarm_description:/home/mk/dev_ws/install/whisper_idl:/home/mk/dev_ws/install/uf_ros_lib:${AMENT_PREFIX_PATH} CMAKE_PREFIX_PATH=/home/mk/dev_ws/install/xarm_moveit_config:/home/mk/dev_ws/install/xarm_gazebo:/home/mk/dev_ws/install/xarm_controller:/home/mk/dev_ws/install/xarm_api:/home/mk/dev_ws/install/xarm_sdk:/home/mk/dev_ws/install/xarm_msgs:/home/mk/dev_ws/install/xarm_description:/home/mk/dev_ws/install/whisper_idl:/opt/ros/humble LD_LIBRARY_PATH=/home/mk/dev_ws/install/xarm_gazebo/lib:/home/mk/dev_ws/install/xarm_controller/lib:/home/mk/dev_ws/install/xarm_api/lib:/home/mk/dev_ws/install/xarm_sdk/lib:/home/mk/dev_ws/install/xarm_msgs/lib:/home/mk/dev_ws/install/whisper_idl/lib:${LD_LIBRARY_PATH} PYTHONPATH=/home/mk/dev_ws/install/xarm_msgs/local/lib/python3.10/dist-packages:/home/mk/dev_ws/install/whisper_idl/local/lib/python3.10/dist-packages:/home/mk/dev_ws/build/uf_ros_lib:/home/mk/dev_ws/install/uf_ros_lib/lib/python3.10/site-packages:${PYTHONPATH} /usr/bin/cmake /home/mk/dev_ws/src/xarm_ros2/xarm_moveit_servo -DAMENT_CMAKE_SYMLINK_INSTALL=1 -DCMAKE_INSTALL_PREFIX=/home/mk/dev_ws/install/xarm_moveit_servo
[67.099s] DEBUG:colcon.colcon_core.event_handler.log_command:Invoked command in '/home/mk/dev_ws/build/xarm_moveit_servo' returned '0': AMENT_PREFIX_PATH=/home/mk/dev_ws/install/xarm_moveit_config:/home/mk/dev_ws/install/xarm_gazebo:/home/mk/dev_ws/install/xarm_controller:/home/mk/dev_ws/install/xarm_api:/home/mk/dev_ws/install/xarm_sdk:/home/mk/dev_ws/install/xarm_msgs:/home/mk/dev_ws/install/xarm_description:/home/mk/dev_ws/install/whisper_idl:/home/mk/dev_ws/install/uf_ros_lib:${AMENT_PREFIX_PATH} CMAKE_PREFIX_PATH=/home/mk/dev_ws/install/xarm_moveit_config:/home/mk/dev_ws/install/xarm_gazebo:/home/mk/dev_ws/install/xarm_controller:/home/mk/dev_ws/install/xarm_api:/home/mk/dev_ws/install/xarm_sdk:/home/mk/dev_ws/install/xarm_msgs:/home/mk/dev_ws/install/xarm_description:/home/mk/dev_ws/install/whisper_idl:/opt/ros/humble LD_LIBRARY_PATH=/home/mk/dev_ws/install/xarm_gazebo/lib:/home/mk/dev_ws/install/xarm_controller/lib:/home/mk/dev_ws/install/xarm_api/lib:/home/mk/dev_ws/install/xarm_sdk/lib:/home/mk/dev_ws/install/xarm_msgs/lib:/home/mk/dev_ws/install/whisper_idl/lib:${LD_LIBRARY_PATH} PYTHONPATH=/home/mk/dev_ws/install/xarm_msgs/local/lib/python3.10/dist-packages:/home/mk/dev_ws/install/whisper_idl/local/lib/python3.10/dist-packages:/home/mk/dev_ws/build/uf_ros_lib:/home/mk/dev_ws/install/uf_ros_lib/lib/python3.10/site-packages:${PYTHONPATH} /usr/bin/cmake /home/mk/dev_ws/src/xarm_ros2/xarm_moveit_servo -DAMENT_CMAKE_SYMLINK_INSTALL=1 -DCMAKE_INSTALL_PREFIX=/home/mk/dev_ws/install/xarm_moveit_servo
[67.100s] DEBUG:colcon.colcon_core.event_handler.log_command:Invoking command in '/home/mk/dev_ws/build/xarm_moveit_servo': AMENT_PREFIX_PATH=/home/mk/dev_ws/install/xarm_moveit_config:/home/mk/dev_ws/install/xarm_gazebo:/home/mk/dev_ws/install/xarm_controller:/home/mk/dev_ws/install/xarm_api:/home/mk/dev_ws/install/xarm_sdk:/home/mk/dev_ws/install/xarm_msgs:/home/mk/dev_ws/install/xarm_description:/home/mk/dev_ws/install/whisper_idl:/home/mk/dev_ws/install/uf_ros_lib:${AMENT_PREFIX_PATH} CMAKE_PREFIX_PATH=/home/mk/dev_ws/install/xarm_moveit_config:/home/mk/dev_ws/install/xarm_gazebo:/home/mk/dev_ws/install/xarm_controller:/home/mk/dev_ws/install/xarm_api:/home/mk/dev_ws/install/xarm_sdk:/home/mk/dev_ws/install/xarm_msgs:/home/mk/dev_ws/install/xarm_description:/home/mk/dev_ws/install/whisper_idl:/opt/ros/humble LD_LIBRARY_PATH=/home/mk/dev_ws/install/xarm_gazebo/lib:/home/mk/dev_ws/install/xarm_controller/lib:/home/mk/dev_ws/install/xarm_api/lib:/home/mk/dev_ws/install/xarm_sdk/lib:/home/mk/dev_ws/install/xarm_msgs/lib:/home/mk/dev_ws/install/whisper_idl/lib:${LD_LIBRARY_PATH} PYTHONPATH=/home/mk/dev_ws/install/xarm_msgs/local/lib/python3.10/dist-packages:/home/mk/dev_ws/install/whisper_idl/local/lib/python3.10/dist-packages:/home/mk/dev_ws/build/uf_ros_lib:/home/mk/dev_ws/install/uf_ros_lib/lib/python3.10/site-packages:${PYTHONPATH} /usr/bin/cmake --build /home/mk/dev_ws/build/xarm_moveit_servo -- -j20 -l20
[67.142s] DEBUG:colcon.colcon_core.event_handler.log_command:Invoked command in '/home/mk/dev_ws/build/xarm_planner' returned '0': AMENT_PREFIX_PATH=/home/mk/dev_ws/install/xarm_moveit_config:/home/mk/dev_ws/install/xarm_gazebo:/home/mk/dev_ws/install/xarm_controller:/home/mk/dev_ws/install/xarm_api:/home/mk/dev_ws/install/xarm_sdk:/home/mk/dev_ws/install/xarm_msgs:/home/mk/dev_ws/install/xarm_description:/home/mk/dev_ws/install/uf_ros_lib:${AMENT_PREFIX_PATH} CMAKE_PREFIX_PATH=/home/mk/dev_ws/install/xarm_moveit_config:/home/mk/dev_ws/install/xarm_gazebo:/home/mk/dev_ws/install/xarm_controller:/home/mk/dev_ws/install/xarm_api:/home/mk/dev_ws/install/xarm_sdk:/home/mk/dev_ws/install/xarm_msgs:/home/mk/dev_ws/install/xarm_description:/opt/ros/humble LD_LIBRARY_PATH=/home/mk/dev_ws/install/xarm_gazebo/lib:/home/mk/dev_ws/install/xarm_controller/lib:/home/mk/dev_ws/install/xarm_api/lib:/home/mk/dev_ws/install/xarm_sdk/lib:/home/mk/dev_ws/install/xarm_msgs/lib:${LD_LIBRARY_PATH} PYTHONPATH=/home/mk/dev_ws/install/xarm_msgs/local/lib/python3.10/dist-packages:/home/mk/dev_ws/build/uf_ros_lib:/home/mk/dev_ws/install/uf_ros_lib/lib/python3.10/site-packages:${PYTHONPATH} /usr/bin/cmake /home/mk/dev_ws/src/xarm_ros2/xarm_planner -DAMENT_CMAKE_SYMLINK_INSTALL=1 -DCMAKE_INSTALL_PREFIX=/home/mk/dev_ws/install/xarm_planner
[67.143s] DEBUG:colcon.colcon_core.event_handler.log_command:Invoking command in '/home/mk/dev_ws/build/xarm_planner': AMENT_PREFIX_PATH=/home/mk/dev_ws/install/xarm_moveit_config:/home/mk/dev_ws/install/xarm_gazebo:/home/mk/dev_ws/install/xarm_controller:/home/mk/dev_ws/install/xarm_api:/home/mk/dev_ws/install/xarm_sdk:/home/mk/dev_ws/install/xarm_msgs:/home/mk/dev_ws/install/xarm_description:/home/mk/dev_ws/install/uf_ros_lib:${AMENT_PREFIX_PATH} CMAKE_PREFIX_PATH=/home/mk/dev_ws/install/xarm_moveit_config:/home/mk/dev_ws/install/xarm_gazebo:/home/mk/dev_ws/install/xarm_controller:/home/mk/dev_ws/install/xarm_api:/home/mk/dev_ws/install/xarm_sdk:/home/mk/dev_ws/install/xarm_msgs:/home/mk/dev_ws/install/xarm_description:/opt/ros/humble LD_LIBRARY_PATH=/home/mk/dev_ws/install/xarm_gazebo/lib:/home/mk/dev_ws/install/xarm_controller/lib:/home/mk/dev_ws/install/xarm_api/lib:/home/mk/dev_ws/install/xarm_sdk/lib:/home/mk/dev_ws/install/xarm_msgs/lib:${LD_LIBRARY_PATH} PYTHONPATH=/home/mk/dev_ws/install/xarm_msgs/local/lib/python3.10/dist-packages:/home/mk/dev_ws/build/uf_ros_lib:/home/mk/dev_ws/install/uf_ros_lib/lib/python3.10/site-packages:${PYTHONPATH} /usr/bin/cmake --build /home/mk/dev_ws/build/xarm_planner -- -j20 -l20
[77.296s] DEBUG:colcon.colcon_core.event_handler.log_command:Invoked command in '/home/mk/dev_ws/build/xarm_planner' returned '0': AMENT_PREFIX_PATH=/home/mk/dev_ws/install/xarm_moveit_config:/home/mk/dev_ws/install/xarm_gazebo:/home/mk/dev_ws/install/xarm_controller:/home/mk/dev_ws/install/xarm_api:/home/mk/dev_ws/install/xarm_sdk:/home/mk/dev_ws/install/xarm_msgs:/home/mk/dev_ws/install/xarm_description:/home/mk/dev_ws/install/uf_ros_lib:${AMENT_PREFIX_PATH} CMAKE_PREFIX_PATH=/home/mk/dev_ws/install/xarm_moveit_config:/home/mk/dev_ws/install/xarm_gazebo:/home/mk/dev_ws/install/xarm_controller:/home/mk/dev_ws/install/xarm_api:/home/mk/dev_ws/install/xarm_sdk:/home/mk/dev_ws/install/xarm_msgs:/home/mk/dev_ws/install/xarm_description:/opt/ros/humble LD_LIBRARY_PATH=/home/mk/dev_ws/install/xarm_gazebo/lib:/home/mk/dev_ws/install/xarm_controller/lib:/home/mk/dev_ws/install/xarm_api/lib:/home/mk/dev_ws/install/xarm_sdk/lib:/home/mk/dev_ws/install/xarm_msgs/lib:${LD_LIBRARY_PATH} PYTHONPATH=/home/mk/dev_ws/install/xarm_msgs/local/lib/python3.10/dist-packages:/home/mk/dev_ws/build/uf_ros_lib:/home/mk/dev_ws/install/uf_ros_lib/lib/python3.10/site-packages:${PYTHONPATH} /usr/bin/cmake --build /home/mk/dev_ws/build/xarm_planner -- -j20 -l20
[77.296s] DEBUG:colcon.colcon_core.event_handler.log_command:Invoking command in '/home/mk/dev_ws/build/xarm_planner': AMENT_PREFIX_PATH=/home/mk/dev_ws/install/xarm_moveit_config:/home/mk/dev_ws/install/xarm_gazebo:/home/mk/dev_ws/install/xarm_controller:/home/mk/dev_ws/install/xarm_api:/home/mk/dev_ws/install/xarm_sdk:/home/mk/dev_ws/install/xarm_msgs:/home/mk/dev_ws/install/xarm_description:/home/mk/dev_ws/install/uf_ros_lib:${AMENT_PREFIX_PATH} CMAKE_PREFIX_PATH=/home/mk/dev_ws/install/xarm_moveit_config:/home/mk/dev_ws/install/xarm_gazebo:/home/mk/dev_ws/install/xarm_controller:/home/mk/dev_ws/install/xarm_api:/home/mk/dev_ws/install/xarm_sdk:/home/mk/dev_ws/install/xarm_msgs:/home/mk/dev_ws/install/xarm_description:/opt/ros/humble LD_LIBRARY_PATH=/home/mk/dev_ws/install/xarm_gazebo/lib:/home/mk/dev_ws/install/xarm_controller/lib:/home/mk/dev_ws/install/xarm_api/lib:/home/mk/dev_ws/install/xarm_sdk/lib:/home/mk/dev_ws/install/xarm_msgs/lib:${LD_LIBRARY_PATH} PYTHONPATH=/home/mk/dev_ws/install/xarm_msgs/local/lib/python3.10/dist-packages:/home/mk/dev_ws/build/uf_ros_lib:/home/mk/dev_ws/install/uf_ros_lib/lib/python3.10/site-packages:${PYTHONPATH} /usr/bin/cmake --install /home/mk/dev_ws/build/xarm_planner
[77.596s] Level 1:colcon.colcon_core.environment:create_environment_scripts_only(xarm_planner)
[77.596s] Level 1:colcon.colcon_core.environment:checking '/home/mk/dev_ws/install/xarm_planner' for CMake module files
[77.596s] DEBUG:colcon.colcon_core.event_handler.log_command:Invoked command in '/home/mk/dev_ws/build/xarm_planner' returned '0': AMENT_PREFIX_PATH=/home/mk/dev_ws/install/xarm_moveit_config:/home/mk/dev_ws/install/xarm_gazebo:/home/mk/dev_ws/install/xarm_controller:/home/mk/dev_ws/install/xarm_api:/home/mk/dev_ws/install/xarm_sdk:/home/mk/dev_ws/install/xarm_msgs:/home/mk/dev_ws/install/xarm_description:/home/mk/dev_ws/install/uf_ros_lib:${AMENT_PREFIX_PATH} CMAKE_PREFIX_PATH=/home/mk/dev_ws/install/xarm_moveit_config:/home/mk/dev_ws/install/xarm_gazebo:/home/mk/dev_ws/install/xarm_controller:/home/mk/dev_ws/install/xarm_api:/home/mk/dev_ws/install/xarm_sdk:/home/mk/dev_ws/install/xarm_msgs:/home/mk/dev_ws/install/xarm_description:/opt/ros/humble LD_LIBRARY_PATH=/home/mk/dev_ws/install/xarm_gazebo/lib:/home/mk/dev_ws/install/xarm_controller/lib:/home/mk/dev_ws/install/xarm_api/lib:/home/mk/dev_ws/install/xarm_sdk/lib:/home/mk/dev_ws/install/xarm_msgs/lib:${LD_LIBRARY_PATH} PYTHONPATH=/home/mk/dev_ws/install/xarm_msgs/local/lib/python3.10/dist-packages:/home/mk/dev_ws/build/uf_ros_lib:/home/mk/dev_ws/install/uf_ros_lib/lib/python3.10/site-packages:${PYTHONPATH} /usr/bin/cmake --install /home/mk/dev_ws/build/xarm_planner
[77.597s] Level 1:colcon.colcon_core.environment:checking '/home/mk/dev_ws/install/xarm_planner' for CMake config files
[77.597s] Level 1:colcon.colcon_core.shell:create_environment_hook('xarm_planner', 'cmake_prefix_path')
[77.597s] INFO:colcon.colcon_core.shell:Creating environment hook '/home/mk/dev_ws/install/xarm_planner/share/xarm_planner/hook/cmake_prefix_path.ps1'
[77.597s] INFO:colcon.colcon_core.shell:Creating environment descriptor '/home/mk/dev_ws/install/xarm_planner/share/xarm_planner/hook/cmake_prefix_path.dsv'
[77.597s] INFO:colcon.colcon_core.shell:Creating environment hook '/home/mk/dev_ws/install/xarm_planner/share/xarm_planner/hook/cmake_prefix_path.sh'
[77.598s] Level 1:colcon.colcon_core.environment:checking '/home/mk/dev_ws/install/xarm_planner/lib'
[77.598s] Level 1:colcon.colcon_core.shell:create_environment_hook('xarm_planner', 'ld_library_path_lib')
[77.598s] INFO:colcon.colcon_core.shell:Creating environment hook '/home/mk/dev_ws/install/xarm_planner/share/xarm_planner/hook/ld_library_path_lib.ps1'
[77.598s] INFO:colcon.colcon_core.shell:Creating environment descriptor '/home/mk/dev_ws/install/xarm_planner/share/xarm_planner/hook/ld_library_path_lib.dsv'
[77.598s] INFO:colcon.colcon_core.shell:Creating environment hook '/home/mk/dev_ws/install/xarm_planner/share/xarm_planner/hook/ld_library_path_lib.sh'
[77.598s] Level 1:colcon.colcon_core.environment:checking '/home/mk/dev_ws/install/xarm_planner/bin'
[77.598s] Level 1:colcon.colcon_core.environment:checking '/home/mk/dev_ws/install/xarm_planner/lib/pkgconfig/xarm_planner.pc'
[77.598s] Level 1:colcon.colcon_core.environment:checking '/home/mk/dev_ws/install/xarm_planner/lib/python3.10/site-packages'
[77.599s] Level 1:colcon.colcon_core.environment:checking '/home/mk/dev_ws/install/xarm_planner/bin'
[77.599s] INFO:colcon.colcon_core.shell:Creating package script '/home/mk/dev_ws/install/xarm_planner/share/xarm_planner/package.ps1'
[77.599s] INFO:colcon.colcon_core.shell:Creating package descriptor '/home/mk/dev_ws/install/xarm_planner/share/xarm_planner/package.dsv'
[77.599s] INFO:colcon.colcon_core.shell:Creating package script '/home/mk/dev_ws/install/xarm_planner/share/xarm_planner/package.sh'
[77.600s] INFO:colcon.colcon_core.shell:Creating package script '/home/mk/dev_ws/install/xarm_planner/share/xarm_planner/package.bash'
[77.600s] INFO:colcon.colcon_core.shell:Creating package script '/home/mk/dev_ws/install/xarm_planner/share/xarm_planner/package.zsh'
[77.600s] Level 1:colcon.colcon_core.environment:create_file_with_runtime_dependencies(/home/mk/dev_ws/install/xarm_planner/share/colcon-core/packages/xarm_planner)
[77.600s] Level 1:colcon.colcon_core.environment:create_environment_scripts_only(xarm_planner)
[77.600s] Level 1:colcon.colcon_core.environment:checking '/home/mk/dev_ws/install/xarm_planner' for CMake module files
[77.601s] Level 1:colcon.colcon_core.environment:checking '/home/mk/dev_ws/install/xarm_planner' for CMake config files
[77.601s] Level 1:colcon.colcon_core.shell:create_environment_hook('xarm_planner', 'cmake_prefix_path')
[77.601s] INFO:colcon.colcon_core.shell:Creating environment hook '/home/mk/dev_ws/install/xarm_planner/share/xarm_planner/hook/cmake_prefix_path.ps1'
[77.601s] INFO:colcon.colcon_core.shell:Creating environment descriptor '/home/mk/dev_ws/install/xarm_planner/share/xarm_planner/hook/cmake_prefix_path.dsv'
[77.601s] INFO:colcon.colcon_core.shell:Creating environment hook '/home/mk/dev_ws/install/xarm_planner/share/xarm_planner/hook/cmake_prefix_path.sh'
[77.601s] Level 1:colcon.colcon_core.environment:checking '/home/mk/dev_ws/install/xarm_planner/lib'
[77.601s] Level 1:colcon.colcon_core.shell:create_environment_hook('xarm_planner', 'ld_library_path_lib')
[77.602s] INFO:colcon.colcon_core.shell:Creating environment hook '/home/mk/dev_ws/install/xarm_planner/share/xarm_planner/hook/ld_library_path_lib.ps1'
[77.602s] INFO:colcon.colcon_core.shell:Creating environment descriptor '/home/mk/dev_ws/install/xarm_planner/share/xarm_planner/hook/ld_library_path_lib.dsv'
[77.602s] INFO:colcon.colcon_core.shell:Creating environment hook '/home/mk/dev_ws/install/xarm_planner/share/xarm_planner/hook/ld_library_path_lib.sh'
[77.602s] Level 1:colcon.colcon_core.environment:checking '/home/mk/dev_ws/install/xarm_planner/bin'
[77.602s] Level 1:colcon.colcon_core.environment:checking '/home/mk/dev_ws/install/xarm_planner/lib/pkgconfig/xarm_planner.pc'
[77.602s] Level 1:colcon.colcon_core.environment:checking '/home/mk/dev_ws/install/xarm_planner/lib/python3.10/site-packages'
[77.602s] Level 1:colcon.colcon_core.environment:checking '/home/mk/dev_ws/install/xarm_planner/bin'
[77.603s] INFO:colcon.colcon_core.shell:Creating package script '/home/mk/dev_ws/install/xarm_planner/share/xarm_planner/package.ps1'
[77.603s] INFO:colcon.colcon_core.shell:Creating package descriptor '/home/mk/dev_ws/install/xarm_planner/share/xarm_planner/package.dsv'
[77.603s] INFO:colcon.colcon_core.shell:Creating package script '/home/mk/dev_ws/install/xarm_planner/share/xarm_planner/package.sh'
[77.603s] INFO:colcon.colcon_core.shell:Creating package script '/home/mk/dev_ws/install/xarm_planner/share/xarm_planner/package.bash'
[77.604s] INFO:colcon.colcon_core.shell:Creating package script '/home/mk/dev_ws/install/xarm_planner/share/xarm_planner/package.zsh'
[77.604s] Level 1:colcon.colcon_core.environment:create_file_with_runtime_dependencies(/home/mk/dev_ws/install/xarm_planner/share/colcon-core/packages/xarm_planner)
[77.604s] DEBUG:colcon.colcon_core.event_handler.log_command:Invoked command in '/home/mk/dev_ws/build/xarm_moveit_servo' returned '0': AMENT_PREFIX_PATH=/home/mk/dev_ws/install/xarm_moveit_config:/home/mk/dev_ws/install/xarm_gazebo:/home/mk/dev_ws/install/xarm_controller:/home/mk/dev_ws/install/xarm_api:/home/mk/dev_ws/install/xarm_sdk:/home/mk/dev_ws/install/xarm_msgs:/home/mk/dev_ws/install/xarm_description:/home/mk/dev_ws/install/whisper_idl:/home/mk/dev_ws/install/uf_ros_lib:${AMENT_PREFIX_PATH} CMAKE_PREFIX_PATH=/home/mk/dev_ws/install/xarm_moveit_config:/home/mk/dev_ws/install/xarm_gazebo:/home/mk/dev_ws/install/xarm_controller:/home/mk/dev_ws/install/xarm_api:/home/mk/dev_ws/install/xarm_sdk:/home/mk/dev_ws/install/xarm_msgs:/home/mk/dev_ws/install/xarm_description:/home/mk/dev_ws/install/whisper_idl:/opt/ros/humble LD_LIBRARY_PATH=/home/mk/dev_ws/install/xarm_gazebo/lib:/home/mk/dev_ws/install/xarm_controller/lib:/home/mk/dev_ws/install/xarm_api/lib:/home/mk/dev_ws/install/xarm_sdk/lib:/home/mk/dev_ws/install/xarm_msgs/lib:/home/mk/dev_ws/install/whisper_idl/lib:${LD_LIBRARY_PATH} PYTHONPATH=/home/mk/dev_ws/install/xarm_msgs/local/lib/python3.10/dist-packages:/home/mk/dev_ws/install/whisper_idl/local/lib/python3.10/dist-packages:/home/mk/dev_ws/build/uf_ros_lib:/home/mk/dev_ws/install/uf_ros_lib/lib/python3.10/site-packages:${PYTHONPATH} /usr/bin/cmake --build /home/mk/dev_ws/build/xarm_moveit_servo -- -j20 -l20
[77.605s] DEBUG:colcon.colcon_core.event_handler.log_command:Invoking command in '/home/mk/dev_ws/build/xarm_moveit_servo': AMENT_PREFIX_PATH=/home/mk/dev_ws/install/xarm_moveit_config:/home/mk/dev_ws/install/xarm_gazebo:/home/mk/dev_ws/install/xarm_controller:/home/mk/dev_ws/install/xarm_api:/home/mk/dev_ws/install/xarm_sdk:/home/mk/dev_ws/install/xarm_msgs:/home/mk/dev_ws/install/xarm_description:/home/mk/dev_ws/install/whisper_idl:/home/mk/dev_ws/install/uf_ros_lib:${AMENT_PREFIX_PATH} CMAKE_PREFIX_PATH=/home/mk/dev_ws/install/xarm_moveit_config:/home/mk/dev_ws/install/xarm_gazebo:/home/mk/dev_ws/install/xarm_controller:/home/mk/dev_ws/install/xarm_api:/home/mk/dev_ws/install/xarm_sdk:/home/mk/dev_ws/install/xarm_msgs:/home/mk/dev_ws/install/xarm_description:/home/mk/dev_ws/install/whisper_idl:/opt/ros/humble LD_LIBRARY_PATH=/home/mk/dev_ws/install/xarm_gazebo/lib:/home/mk/dev_ws/install/xarm_controller/lib:/home/mk/dev_ws/install/xarm_api/lib:/home/mk/dev_ws/install/xarm_sdk/lib:/home/mk/dev_ws/install/xarm_msgs/lib:/home/mk/dev_ws/install/whisper_idl/lib:${LD_LIBRARY_PATH} PYTHONPATH=/home/mk/dev_ws/install/xarm_msgs/local/lib/python3.10/dist-packages:/home/mk/dev_ws/install/whisper_idl/local/lib/python3.10/dist-packages:/home/mk/dev_ws/build/uf_ros_lib:/home/mk/dev_ws/install/uf_ros_lib/lib/python3.10/site-packages:${PYTHONPATH} /usr/bin/cmake --install /home/mk/dev_ws/build/xarm_moveit_servo
[77.753s] Level 1:colcon.colcon_core.environment:create_environment_scripts_only(xarm_moveit_servo)
[77.753s] Level 1:colcon.colcon_core.environment:checking '/home/mk/dev_ws/install/xarm_moveit_servo' for CMake module files
[77.753s] DEBUG:colcon.colcon_core.event_handler.log_command:Invoked command in '/home/mk/dev_ws/build/xarm_moveit_servo' returned '0': AMENT_PREFIX_PATH=/home/mk/dev_ws/install/xarm_moveit_config:/home/mk/dev_ws/install/xarm_gazebo:/home/mk/dev_ws/install/xarm_controller:/home/mk/dev_ws/install/xarm_api:/home/mk/dev_ws/install/xarm_sdk:/home/mk/dev_ws/install/xarm_msgs:/home/mk/dev_ws/install/xarm_description:/home/mk/dev_ws/install/whisper_idl:/home/mk/dev_ws/install/uf_ros_lib:${AMENT_PREFIX_PATH} CMAKE_PREFIX_PATH=/home/mk/dev_ws/install/xarm_moveit_config:/home/mk/dev_ws/install/xarm_gazebo:/home/mk/dev_ws/install/xarm_controller:/home/mk/dev_ws/install/xarm_api:/home/mk/dev_ws/install/xarm_sdk:/home/mk/dev_ws/install/xarm_msgs:/home/mk/dev_ws/install/xarm_description:/home/mk/dev_ws/install/whisper_idl:/opt/ros/humble LD_LIBRARY_PATH=/home/mk/dev_ws/install/xarm_gazebo/lib:/home/mk/dev_ws/install/xarm_controller/lib:/home/mk/dev_ws/install/xarm_api/lib:/home/mk/dev_ws/install/xarm_sdk/lib:/home/mk/dev_ws/install/xarm_msgs/lib:/home/mk/dev_ws/install/whisper_idl/lib:${LD_LIBRARY_PATH} PYTHONPATH=/home/mk/dev_ws/install/xarm_msgs/local/lib/python3.10/dist-packages:/home/mk/dev_ws/install/whisper_idl/local/lib/python3.10/dist-packages:/home/mk/dev_ws/build/uf_ros_lib:/home/mk/dev_ws/install/uf_ros_lib/lib/python3.10/site-packages:${PYTHONPATH} /usr/bin/cmake --install /home/mk/dev_ws/build/xarm_moveit_servo
[77.754s] Level 1:colcon.colcon_core.environment:checking '/home/mk/dev_ws/install/xarm_moveit_servo' for CMake config files
[77.754s] Level 1:colcon.colcon_core.shell:create_environment_hook('xarm_moveit_servo', 'cmake_prefix_path')
[77.754s] INFO:colcon.colcon_core.shell:Creating environment hook '/home/mk/dev_ws/install/xarm_moveit_servo/share/xarm_moveit_servo/hook/cmake_prefix_path.ps1'
[77.754s] INFO:colcon.colcon_core.shell:Creating environment descriptor '/home/mk/dev_ws/install/xarm_moveit_servo/share/xarm_moveit_servo/hook/cmake_prefix_path.dsv'
[77.754s] INFO:colcon.colcon_core.shell:Creating environment hook '/home/mk/dev_ws/install/xarm_moveit_servo/share/xarm_moveit_servo/hook/cmake_prefix_path.sh'
[77.755s] Level 1:colcon.colcon_core.environment:checking '/home/mk/dev_ws/install/xarm_moveit_servo/lib'
[77.755s] Level 1:colcon.colcon_core.shell:create_environment_hook('xarm_moveit_servo', 'ld_library_path_lib')
[77.755s] INFO:colcon.colcon_core.shell:Creating environment hook '/home/mk/dev_ws/install/xarm_moveit_servo/share/xarm_moveit_servo/hook/ld_library_path_lib.ps1'
[77.755s] INFO:colcon.colcon_core.shell:Creating environment descriptor '/home/mk/dev_ws/install/xarm_moveit_servo/share/xarm_moveit_servo/hook/ld_library_path_lib.dsv'
[77.755s] INFO:colcon.colcon_core.shell:Creating environment hook '/home/mk/dev_ws/install/xarm_moveit_servo/share/xarm_moveit_servo/hook/ld_library_path_lib.sh'
[77.755s] Level 1:colcon.colcon_core.environment:checking '/home/mk/dev_ws/install/xarm_moveit_servo/bin'
[77.755s] Level 1:colcon.colcon_core.environment:checking '/home/mk/dev_ws/install/xarm_moveit_servo/lib/pkgconfig/xarm_moveit_servo.pc'
[77.755s] Level 1:colcon.colcon_core.environment:checking '/home/mk/dev_ws/install/xarm_moveit_servo/lib/python3.10/site-packages'
[77.756s] Level 1:colcon.colcon_core.environment:checking '/home/mk/dev_ws/install/xarm_moveit_servo/bin'
[77.756s] INFO:colcon.colcon_core.shell:Creating package script '/home/mk/dev_ws/install/xarm_moveit_servo/share/xarm_moveit_servo/package.ps1'
[77.756s] INFO:colcon.colcon_core.shell:Creating package descriptor '/home/mk/dev_ws/install/xarm_moveit_servo/share/xarm_moveit_servo/package.dsv'
[77.756s] INFO:colcon.colcon_core.shell:Creating package script '/home/mk/dev_ws/install/xarm_moveit_servo/share/xarm_moveit_servo/package.sh'
[77.756s] INFO:colcon.colcon_core.shell:Creating package script '/home/mk/dev_ws/install/xarm_moveit_servo/share/xarm_moveit_servo/package.bash'
[77.757s] INFO:colcon.colcon_core.shell:Creating package script '/home/mk/dev_ws/install/xarm_moveit_servo/share/xarm_moveit_servo/package.zsh'
[77.757s] Level 1:colcon.colcon_core.environment:create_file_with_runtime_dependencies(/home/mk/dev_ws/install/xarm_moveit_servo/share/colcon-core/packages/xarm_moveit_servo)
[77.757s] Level 1:colcon.colcon_core.environment:create_environment_scripts_only(xarm_moveit_servo)
[77.757s] Level 1:colcon.colcon_core.environment:checking '/home/mk/dev_ws/install/xarm_moveit_servo' for CMake module files
[77.757s] Level 1:colcon.colcon_core.environment:checking '/home/mk/dev_ws/install/xarm_moveit_servo' for CMake config files
[77.758s] Level 1:colcon.colcon_core.shell:create_environment_hook('xarm_moveit_servo', 'cmake_prefix_path')
[77.758s] INFO:colcon.colcon_core.shell:Creating environment hook '/home/mk/dev_ws/install/xarm_moveit_servo/share/xarm_moveit_servo/hook/cmake_prefix_path.ps1'
[77.789s] INFO:colcon.colcon_core.shell:Creating environment descriptor '/home/mk/dev_ws/install/xarm_moveit_servo/share/xarm_moveit_servo/hook/cmake_prefix_path.dsv'
[77.789s] INFO:colcon.colcon_core.shell:Creating environment hook '/home/mk/dev_ws/install/xarm_moveit_servo/share/xarm_moveit_servo/hook/cmake_prefix_path.sh'
[77.789s] Level 1:colcon.colcon_core.environment:checking '/home/mk/dev_ws/install/xarm_moveit_servo/lib'
[77.790s] Level 1:colcon.colcon_core.shell:create_environment_hook('xarm_moveit_servo', 'ld_library_path_lib')
[77.790s] INFO:colcon.colcon_core.shell:Creating environment hook '/home/mk/dev_ws/install/xarm_moveit_servo/share/xarm_moveit_servo/hook/ld_library_path_lib.ps1'
[77.790s] INFO:colcon.colcon_core.shell:Creating environment descriptor '/home/mk/dev_ws/install/xarm_moveit_servo/share/xarm_moveit_servo/hook/ld_library_path_lib.dsv'
[77.790s] INFO:colcon.colcon_core.shell:Creating environment hook '/home/mk/dev_ws/install/xarm_moveit_servo/share/xarm_moveit_servo/hook/ld_library_path_lib.sh'
[77.790s] Level 1:colcon.colcon_core.environment:checking '/home/mk/dev_ws/install/xarm_moveit_servo/bin'
[77.790s] Level 1:colcon.colcon_core.environment:checking '/home/mk/dev_ws/install/xarm_moveit_servo/lib/pkgconfig/xarm_moveit_servo.pc'
[77.790s] Level 1:colcon.colcon_core.environment:checking '/home/mk/dev_ws/install/xarm_moveit_servo/lib/python3.10/site-packages'
[77.791s] Level 1:colcon.colcon_core.environment:checking '/home/mk/dev_ws/install/xarm_moveit_servo/bin'
[77.791s] INFO:colcon.colcon_core.shell:Creating package script '/home/mk/dev_ws/install/xarm_moveit_servo/share/xarm_moveit_servo/package.ps1'
[77.791s] INFO:colcon.colcon_core.shell:Creating package descriptor '/home/mk/dev_ws/install/xarm_moveit_servo/share/xarm_moveit_servo/package.dsv'
[77.791s] INFO:colcon.colcon_core.shell:Creating package script '/home/mk/dev_ws/install/xarm_moveit_servo/share/xarm_moveit_servo/package.sh'
[77.791s] INFO:colcon.colcon_core.shell:Creating package script '/home/mk/dev_ws/install/xarm_moveit_servo/share/xarm_moveit_servo/package.bash'
[77.792s] INFO:colcon.colcon_core.shell:Creating package script '/home/mk/dev_ws/install/xarm_moveit_servo/share/xarm_moveit_servo/package.zsh'
[77.792s] Level 1:colcon.colcon_core.environment:create_file_with_runtime_dependencies(/home/mk/dev_ws/install/xarm_moveit_servo/share/colcon-core/packages/xarm_moveit_servo)
[77.792s] DEBUG:colcon.colcon_parallel_executor.executor.parallel:closing loop
[77.792s] DEBUG:colcon.colcon_parallel_executor.executor.parallel:loop closed
[77.792s] DEBUG:colcon.colcon_parallel_executor.executor.parallel:run_until_complete finished with '0'
[77.792s] DEBUG:colcon.colcon_core.event_reactor:joining thread
[77.798s] INFO:colcon.colcon_core.plugin_system:Skipping extension 'colcon_notification.desktop_notification.terminal_notifier': Not used on non-Darwin systems
[77.798s] INFO:colcon.colcon_core.plugin_system:Skipping extension 'colcon_notification.desktop_notification.win32': Not used on non-Windows systems
[77.798s] INFO:colcon.colcon_notification.desktop_notification:Sending desktop notification using 'notify2'
[77.809s] DEBUG:colcon.colcon_core.event_reactor:joined thread
[77.809s] INFO:colcon.colcon_core.shell:Creating prefix script '/home/mk/dev_ws/install/local_setup.ps1'
[77.810s] INFO:colcon.colcon_core.shell:Creating prefix util module '/home/mk/dev_ws/install/_local_setup_util_ps1.py'
[77.811s] INFO:colcon.colcon_core.shell:Creating prefix chain script '/home/mk/dev_ws/install/setup.ps1'
[77.811s] INFO:colcon.colcon_core.shell:Creating prefix script '/home/mk/dev_ws/install/local_setup.sh'
[77.812s] INFO:colcon.colcon_core.shell:Creating prefix util module '/home/mk/dev_ws/install/_local_setup_util_sh.py'
[77.812s] INFO:colcon.colcon_core.shell:Creating prefix chain script '/home/mk/dev_ws/install/setup.sh'
[77.813s] INFO:colcon.colcon_core.shell:Creating prefix script '/home/mk/dev_ws/install/local_setup.bash'
[77.813s] INFO:colcon.colcon_core.shell:Creating prefix chain script '/home/mk/dev_ws/install/setup.bash'
[77.814s] INFO:colcon.colcon_core.shell:Creating prefix script '/home/mk/dev_ws/install/local_setup.zsh'
[77.815s] INFO:colcon.colcon_core.shell:Creating prefix chain script '/home/mk/dev_ws/install/setup.zsh'
